car_brand,car_name,year,km_driven,fuel,transmission,price,city
Land Rover,Land Rover Range Rover3.0 Diesel LWB Vogue,2021,"48,554kms",Diesel,Automatic,₹1.40 Crore,gurgaon
BMW,BMW iXxDrive50,2024,"4,002kms",Electric,Automatic,₹92 Lakh,gurgaon
Toyota,Toyota Land Cruiser 200VX,2017,"1,30,000kms",Diesel,Automatic,₹1.20 Crore,gurgaon
Lexus,2021Lexus ES300h Luxury  -2022,2020,"80,000kms",Petrol,Automatic,₹32 Lakh,gurgaon
Toyota,Toyota Land Cruiser 200VX,2017,"2,60,000kms",Diesel,Automatic,₹96 Lakh,gurgaon
BMW,BMW 3 SeriesM340i xDrive BSVI,2023,"3,650kms",Petrol,Automatic,₹70 Lakh,gurgaon
Volvo,Volvo XC90D5 R-Design,2018,"69,000kms",Diesel,Automatic,₹32 Lakh,gurgaon
Audi,Audi A645 TFSI Technology WO Matrix BSVI,2021,"18,000kms",Petrol,Automatic,₹39.90 Lakh,gurgaon
Mercedes-Benz,Mercedes-Benz GLC Coupe300 4MATIC BSVI,2022,"23,000kms",Petrol,Automatic,₹57 Lakh,gurgaon
BMW,BMW 3 Series Long Wheelbase330Li M Sport First Edition,2021,"9,690kms",Petrol,Automatic,₹38 Lakh,gurgaon
Honda,Honda City1.5 V MT Exclusive,2015,"1,60,100kms",Petrol,Manual,₹2.20 Lakh,gurgaon
Mahindra,Mahindra XUV700AX7 AT Luxury Pack BSVI,2021,"67,010kms",Petrol,Automatic,₹16.64 Lakh,gurgaon
Mercedes-Benz,Mercedes-Benz C-ClassPrime C 220d,2019,"74,000kms",Diesel,Automatic,₹19.90 Lakh,gurgaon
Mercedes-Benz,Mercedes-Benz C-ClassC 220d BSVI,2022,"27,200kms",Diesel,Automatic,₹39 Lakh,gurgaon
Mahindra,Mahindra XUV700AX7 AT BSVI,2023,"10,000kms",Petrol,Automatic,₹17.90 Lakh,gurgaon
Mercedes-Benz,Mercedes-Benz AMG C 63Coupe,2020,"58,000kms",Petrol,Automatic,₹32 Lakh,gurgaon
Audi,Audi A645 TFSI Technology WO Matrix BSVI,2021,"18,000kms",Petrol,Automatic,₹42.50 Lakh,gurgaon
BMW,BMW X5xDrive 40i M Sport,2023,"17,064kms",Petrol,Automatic,₹83 Lakh,gurgaon
Hyundai,Hyundai TucsonPlatinum AT BSVI,2022,"17,500kms",Petrol,Automatic,₹26.50 Lakh,gurgaon
Ford,Ford EndeavourTitanium Plus 4X2,2019,"58,000kms",Diesel,Automatic,₹23 Lakh,gurgaon
BMW,BMW X5xDrive 30d xLine,2022,"44,266kms",Diesel,Automatic,₹64 Lakh,gurgaon
BMW,BMW X5xDrive 30d xLine,2020,"97,000kms",Diesel,Automatic,₹46.50 Lakh,gurgaon
Land Rover,Land Rover Range Rover Sport3.0 D SE,2017,"47,000kms",Diesel,Automatic,₹51.25 Lakh,gurgaon
Toyota,Toyota Camry2.5 Hybrid,2023,"35,300kms",Petrol,Automatic,₹35.19 Lakh,gurgaon
Volvo,Volvo XC60B5 Inscripition,2022,"33,254kms",Petrol,Automatic,₹41 Lakh,gurgaon
Hyundai,Hyundai VenueSX,2023,"25,300kms",Petrol,Manual,₹8.95 Lakh,gurgaon
Tata,Tata NexonXZ Plus BSVI,2021,"90,829kms",Petrol,Manual,₹5.60 Lakh,gurgaon
Hyundai,Hyundai VenueSX Opt Turbo DCT,2023,"45,387kms",Petrol,Automatic,₹9.66 Lakh,gurgaon
BMW,BMW X4xDrive30i M Sport Black Shadow edition,2022,"33,017kms",Petrol,Automatic,₹55 Lakh,gurgaon
Maruti,Maruti XL6Zeta AT,2022,"30,767kms",Petrol,Automatic,₹9.45 Lakh,gurgaon
Jeep,Jeep Compass1.4 Limited,2017,"54,278kms",Petrol,Automatic,₹8.75 Lakh,gurgaon
Mercedes-Benz,Mercedes-Benz GLA Class200 Sport,2016,"78,751kms",Petrol,Automatic,₹14.04 Lakh,gurgaon
BMW,BMW X1sDrive18i M Sport,2024,"17,025kms",Petrol,Automatic,₹44 Lakh,gurgaon
Mahindra,Mahindra TharLX Hard Top Diesel AT,2022,"44,401kms",Diesel,Automatic,₹12.07 Lakh,gurgaon
Volvo,Volvo XC40B4 Ultimate BSVI,2022,"38,000kms",Petrol,Automatic,₹32.75 Lakh,gurgaon
BMW,BMW 2 Series Gran Coupe220d M Sport,2024,"29,000kms",Diesel,Automatic,₹34 Lakh,gurgaon
Land Rover,Land Rover Range Rover3.0 Diesel LWB Vogue,2021,"48,554kms",Diesel,Automatic,₹1.40 Crore,gurgaon
Jaguar,Jaguar XJ3.0L Premium Luxury,2017,"40,000kms",Diesel,Automatic,₹31 Lakh,gurgaon
Jaguar,Jaguar F-PacePrestige 2.0 Petrol,2018,"59,000kms",Petrol,Automatic,₹38.50 Lakh,gurgaon
BMW,BMW X5xDrive 30d xLine,2021,"17,000kms",Diesel,Automatic,₹64.50 Lakh,gurgaon
Mercedes-Benz,Mercedes-Benz EQE SUV500 4MATIC,2024,"7,554kms",Electric,Automatic,₹90 Lakh,gurgaon
BMW,BMW 2 Series Gran Coupe220d M Sport,2024,"29,000kms",Diesel,Automatic,₹34 Lakh,gurgaon
Audi,Audi Q330 TFSI Premium FWD,2017,"69,888kms",Petrol,Automatic,₹16.66 Lakh,gurgaon
Kia,Kia SeltosHTX G,2022,"38,780kms",Petrol,Manual,₹9.84 Lakh,gurgaon
BMW,BMW X5xDrive40i M Sport,2024,"16,675kms",Petrol,Automatic,₹89 Lakh,gurgaon
MG,MG AstorSuper EX BSVI,2022,"44,245kms",Petrol,Manual,₹7.14 Lakh,gurgaon
Maruti,Maruti ErtigaVXI,2021,"89,102kms",Petrol,Manual,₹6.95 Lakh,gurgaon
Hyundai,Hyundai VenueSX Plus Turbo DCT BSIV,2020,"41,415kms",Petrol,Automatic,₹6.57 Lakh,gurgaon
Porsche,Porsche Cayenne CoupePlatinum Edition BSVI,2022,"42,939kms",Petrol,Automatic,₹99 Lakh,gurgaon
Maruti,Maruti BrezzaZxi,2022,"26,729kms",Petrol,Manual,₹8.86 Lakh,gurgaon
Tata,Tata NexonXZA Plus (O) AMT Diesel,2022,"60,715kms",Diesel,Automatic,₹7.56 Lakh,gurgaon
MG,MG AstorSharp BSVI,2022,"67,966kms",Petrol,Manual,₹8.66 Lakh,gurgaon
Mini Cooper,Mini Cooper SClassic Pack,2025,"6,201kms",Petrol,Automatic,₹44 Lakh,gurgaon
Kia,Kia SonetHTX Turbo iMT BSVI,2021,"30,923kms",Petrol,Manual,₹6.56 Lakh,gurgaon
Maruti,Maruti Vitara BrezzaVXI,2022,"28,865kms",Petrol,Manual,₹7.38 Lakh,gurgaon
Hyundai,Hyundai VenueSX Opt Turbo DCT Special Edition,2022,"41,082kms",Petrol,Automatic,₹9.34 Lakh,gurgaon
Mercedes-Benz,Mercedes-Benz G-ClassAMG G 63,2025,743kms,Petrol,Automatic,₹3.95 Crore,gurgaon
Maruti,Maruti ErtigaZXI,2019,"30,528kms",Petrol,Manual,₹6.81 Lakh,gurgaon
Hyundai,Hyundai Creta1.6 VTVT AT SX Plus,2018,"62,033kms",Petrol,Automatic,₹7.78 Lakh,gurgaon
Honda,Honda CityZX CVT,2017,"34,914kms",Petrol,Automatic,₹6.50 Lakh,gurgaon
Mercedes-Benz,Mercedes-Benz EQE SUV500 4MATIC,2023,"19,000kms",Electric,Automatic,₹85 Lakh,gurgaon
Toyota,Toyota Corolla AltisPetrol LE,2018,"71,918kms",Petrol,Manual,₹9.31 Lakh,gurgaon
Hyundai,Hyundai Creta1.6 SX Diesel,2017,"1,26,765kms",Diesel,Manual,₹6.59 Lakh,gurgaon
Tata,Tata AltrozXZ Diesel,2023,"38,148kms",Diesel,Manual,₹6.99 Lakh,gurgaon
MG,MG HectorSharp CVT,2022,"1,02,000kms",Petrol,Automatic,₹14 Lakh,gurgaon
Hyundai,Hyundai Verna1.6 VTVT SX,2017,"51,573kms",Petrol,Manual,₹6.38 Lakh,gurgaon
Maruti,Maruti ErtigaZXI AT,2018,"51,683kms",Petrol,Automatic,₹7.66 Lakh,gurgaon
Tata,Tata NexonXZA Plus (O) AMT Diesel,2022,"1,07,105kms",Diesel,Automatic,₹7.59 Lakh,gurgaon
Mercedes-Benz,Mercedes-Benz GLS450 4matic,2024,"12,500kms",Petrol,Automatic,₹1.22 Crore,gurgaon
MG,MG HectorSharp DCT,2019,"43,767kms",Petrol,Automatic,₹9.02 Lakh,gurgaon
MG,MG HectorSharp DCT,2019,"83,300kms",Petrol,Automatic,₹8.80 Lakh,gurgaon
Hyundai,Hyundai VernaVTVT 1.6 AT SX Plus,2019,"51,996kms",Petrol,Automatic,₹6.97 Lakh,gurgaon
Mercedes-Benz,Mercedes-Benz EQE SUV500 4MATIC,2025,"8,500kms",Electric,Automatic,₹90 Lakh,gurgaon
Tata,Tata AltrozXZ Diesel,2021,"37,275kms",Diesel,Manual,₹6.74 Lakh,gurgaon
Volkswagen,Volkswagen Taigun1.0 Highline,2022,"77,531kms",Petrol,Manual,₹7.83 Lakh,gurgaon
Hyundai,Hyundai Tucson2.0 e-VGT 2WD AT GLS,2017,"29,000kms",Diesel,Automatic,₹9.50 Lakh,gurgaon
Audi,Audi Q3Premium Plus BSVI,2023,"32,882kms",Petrol,Automatic,₹32 Lakh,gurgaon
Skoda,Skoda Kushaq1.5 TSI Style BSVI,2021,"1,06,000kms",Petrol,Manual,₹8.90 Lakh,gurgaon
Mahindra,Mahindra XUV500W7 AT BSIV,2018,"25,000kms",Diesel,Automatic,₹8.11 Lakh,gurgaon
Honda,Honda Cityi VTEC S,2016,"70,341kms",Petrol,Manual,₹3.76 Lakh,gurgaon
Mercedes-Benz,Mercedes-Benz EQE SUV500 4MATIC,2023,"16,778kms",Electric,Automatic,₹85 Lakh,gurgaon
Renault,Renault KigerRXZ Turbo,2021,"76,709kms",Petrol,Manual,₹5.19 Lakh,gurgaon
Hyundai,Hyundai i20Magna Plus BSIV,2019,"80,799kms",Petrol,Manual,₹3.77 Lakh,gurgaon
Tata,Tata NexonXZ Plus (O) Diesel,2021,"47,495kms",Diesel,Manual,₹5.95 Lakh,gurgaon
MG,MG GlosterSuper 7-Str,2022,"60,000kms",Diesel,Automatic,₹20 Lakh,gurgaon
Hyundai,Hyundai Grand i101.2 Kappa Sportz BSIV,2017,"47,840kms",Petrol,Manual,₹3.91 Lakh,gurgaon
Honda,Honda CityV MT,2016,"1,21,935kms",Petrol,Manual,₹4.50 Lakh,gurgaon
Honda,Honda Cityi VTEC SV,2014,"64,542kms",Petrol,Manual,₹3.08 Lakh,gurgaon
MG,MG HectorSharp CVT,2021,"44,000kms",Petrol,Automatic,₹11.50 Lakh,gurgaon
Honda,Honda AmazeS Option i-VTEC,2018,"62,085kms",Petrol,Manual,₹3.67 Lakh,gurgaon
Tata,Tata TiagoXZ Plus,2020,"41,031kms",Petrol,Manual,₹3.40 Lakh,gurgaon
Maruti,Maruti BalenoZeta Diesel,2016,"93,308kms",Diesel,Manual,₹4 Lakh,gurgaon
Mercedes-Benz,Mercedes-Benz GLS350d Grand Edition,2020,"60,000kms",Diesel,Automatic,₹60 Lakh,gurgaon
Hyundai,Hyundai i20Asta 1.2,2016,"93,390kms",Petrol,Manual,₹3.35 Lakh,gurgaon
Maruti,Maruti Baleno1.2 Delta,2018,"52,863kms",Petrol,Manual,₹3.54 Lakh,gurgaon
Maruti,Maruti BalenoZeta Diesel,2021,"38,461kms",Diesel,Manual,₹5.45 Lakh,gurgaon
Mercedes-Benz,Mercedes-Benz S-ClassS 350 CDI,2016,"8,300kms",Diesel,Automatic,₹22.50 Lakh,gurgaon
Honda,Honda Amaze 2nd GenVX,2018,"92,214kms",Petrol,Manual,₹4.13 Lakh,gurgaon
Hyundai,Hyundai Grand i101.2 Kappa Sportz BSIV,2014,"47,823kms",Petrol,Manual,₹3.12 Lakh,gurgaon
Honda,Honda CitySV MT,2017,"1,03,399kms",Petrol,Manual,₹4.67 Lakh,gurgaon
Kia,Kia SeltosGTX Plus DCT,2020,"1,20,000kms",Petrol,Automatic,₹8.50 Lakh,gurgaon
Maruti,Maruti SwiftVXI,2018,"95,444kms",Petrol,Manual,₹4.13 Lakh,gurgaon
Hyundai,Hyundai Grand i101.2 Kappa Sportz BSIV,2018,"42,839kms",Petrol,Manual,₹3.38 Lakh,gurgaon
Honda,Honda AmazeS Option i-VTEC,2018,"62,085kms",Petrol,Manual,₹3.67 Lakh,gurgaon
Kia,Kia SonetGTX Plus Turbo DCT DT,2020,"90,000kms",Petrol,Automatic,₹7.50 Lakh,gurgaon
Maruti,Maruti Baleno1.2 Delta,2018,"52,863kms",Petrol,Manual,₹3.54 Lakh,gurgaon
Hyundai,Hyundai Grand i10Magna,2017,"34,000kms",Petrol,Manual,₹3.05 Lakh,gurgaon
Maruti,Maruti CiazVXi,2016,"56,000kms",Petrol,Manual,₹4.10 Lakh,gurgaon
Jaguar,Jaguar XEPortfolio,2018,"72,738kms",Petrol,Automatic,₹20 Lakh,gurgaon
Maruti,Maruti Swift DzireAMT VXI,2019,"69,000kms",Petrol,Automatic,₹5.50 Lakh,gurgaon
Mahindra,Mahindra Bolero Power PlusSLX,2020,"86,000kms",Diesel,Manual,₹5.95 Lakh,gurgaon
Hyundai,Hyundai i20Asta 1.2,2016,"93,390kms",Petrol,Manual,₹3.35 Lakh,gurgaon
BMW,BMW 5 Series520d Luxury Line,2022,"25,000kms",Diesel,Automatic,₹42 Lakh,gurgaon
Hyundai,Hyundai Grand i101.2 Kappa Sportz BSIV,2016,"45,626kms",Petrol,Manual,₹3.66 Lakh,gurgaon
Tata,Tata Tiago1.2 Revotron XZ Plus,2019,"44,718kms",Petrol,Manual,₹4.05 Lakh,gurgaon
Honda,Honda Cityi VTEC SV,2014,"64,542kms",Petrol,Manual,₹3.08 Lakh,gurgaon
Mercedes-Benz,Mercedes-Benz GLC300,2024,"28,743kms",Petrol,Automatic,₹60 Lakh,gurgaon
Hyundai,Hyundai i20Magna Plus BSIV,2019,"80,799kms",Petrol,Manual,₹3.77 Lakh,gurgaon
Ford,Ford Ecosport1.5 Petrol Titanium BSIV,2017,"72,585kms",Petrol,Manual,₹4.55 Lakh,gurgaon
Maruti,Maruti BalenoDelta,2020,"51,008kms",Petrol,Manual,₹4.40 Lakh,gurgaon
Ford,Ford Endeavour3.2 Titanium AT 4X4,2016,"1,71,000kms",Diesel,Automatic,₹11.70 Lakh,gurgaon
Maruti,Maruti SwiftVXI,2018,"64,451kms",Petrol,Manual,₹3.61 Lakh,gurgaon
Hyundai,Hyundai Grand i101.2 Kappa Sportz BSIV,2016,"45,626kms",Petrol,Manual,₹3.66 Lakh,gurgaon
Tata,Tata Tiago1.2 Revotron XZ Plus,2019,"44,718kms",Petrol,Manual,₹4.05 Lakh,gurgaon
Honda,Honda ElevateV CVT Non RF,2024,"20,000kms",Petrol,Automatic,₹11 Lakh,gurgaon
Maruti,Maruti CiazAlpha Automatic BSIV,2019,"85,161kms",Petrol,Automatic,₹4.93 Lakh,gurgaon
Honda,Honda AmazeS i-VTEC,2017,"74,140kms",Petrol,Manual,₹3.11 Lakh,gurgaon
Hyundai,Hyundai Grand i10 NiosAMT Sportz CRDi,2021,"56,632kms",Diesel,Automatic,₹5.95 Lakh,gurgaon
Tata,Tata SafariXZA AT BSVI,2021,"28,000kms",Diesel,Automatic,₹13.50 Lakh,gurgaon
Hyundai,Hyundai i20 Active1.2 SX,2016,"55,000kms",Petrol,Manual,₹4.25 Lakh,gurgaon
Hyundai,Hyundai Grand i10Magna,2017,"34,000kms",Petrol,Manual,₹3.05 Lakh,gurgaon
Maruti,Maruti CiazVXi,2016,"56,000kms",Petrol,Manual,₹4.10 Lakh,gurgaon
BMW,BMW 5 Series520d Luxury Line,2017,"70,000kms",Diesel,Automatic,₹14 Lakh,gurgaon
Maruti,Maruti Swift DzireAMT VXI,2019,"69,000kms",Petrol,Automatic,₹5.50 Lakh,gurgaon
Maruti,Maruti SwiftLXI Optional-O,2017,"66,000kms",Petrol,Manual,₹3.80 Lakh,gurgaon
Mahindra,Mahindra Bolero Power PlusSLX,2020,"86,000kms",Diesel,Manual,₹5.95 Lakh,gurgaon
Lexus,Lexus NX300h,2018,"58,398kms",Petrol,Automatic,₹28 Lakh,gurgaon
Honda,Honda AmazeVX i-VTEC,2018,"52,000kms",Petrol,Manual,₹4.45 Lakh,gurgaon
Honda,Honda Cityi VTEC S,2016,"84,358kms",Petrol,Manual,₹4.25 Lakh,gurgaon
Nissan,Nissan MicraCVT XV,2018,"58,000kms",Petrol,Automatic,₹3.85 Lakh,gurgaon
Skoda,Skoda SuperbLK 2.0 TDI AT,2018,"1,16,000kms",Diesel,Automatic,₹12.50 Lakh,gurgaon
Honda,Honda AmazeS i-VTEC,2016,"75,000kms",Petrol,Manual,₹3.25 Lakh,gurgaon
Hyundai,Hyundai Xcent1.2 Kappa S,2015,"75,000kms",Petrol,Manual,₹3.10 Lakh,gurgaon
Toyota,Toyota Corolla Altis1.8 J,2014,"37,000kms",Petrol,Manual,₹3.95 Lakh,gurgaon
Audi,Audi A335 TFSI Premium Plus,2019,"55,419kms",Petrol,Automatic,₹19 Lakh,gurgaon
Mahindra,Mahindra VeritoExecutive D6 BSIV,2019,"53,856kms",Diesel,Manual,₹4.10 Lakh,gurgaon
Tata,Tata SafariDICOR 2.2 EX 4x2,2015,"76,000kms",Diesel,Manual,₹5.95 Lakh,gurgaon
Honda,Honda AmazeVX i-VTEC,2018,"76,617kms",Petrol,Manual,₹4.65 Lakh,gurgaon
Honda,Honda WR-Vi-VTEC VX,2019,"80,000kms",Petrol,Manual,₹6.50 Lakh,gurgaon
Hyundai,Hyundai i201.4 Sportz,2018,"65,000kms",Diesel,Manual,₹4.95 Lakh,gurgaon
Maruti,Maruti BalenoDelta,2020,"51,008kms",Petrol,Manual,₹4.40 Lakh,gurgaon
Ford,Ford Ecosport1.5 Petrol Titanium BSIV,2017,"72,585kms",Petrol,Manual,₹4.55 Lakh,gurgaon
Hyundai,Hyundai Creta1.6 VTVT SX Plus,2017,"70,000kms",Petrol,Manual,₹7.15 Lakh,gurgaon
Hyundai,Hyundai AlcazarSignature (O) Diesel AT BSVI,2021,"69,534kms",Diesel,Automatic,₹11.95 Lakh,gurgaon
Honda,Honda CityZX MT,2021,"30,377kms",Petrol,Manual,₹10.37 Lakh,gurgaon
Tata,2021Tata HarrierXT plus  -2022,2020,"68,633kms",Diesel,Manual,₹11.40 Lakh,gurgaon
Skoda,Skoda Octavia1.8 TSI AT L K,2017,"50,000kms",Petrol,Automatic,₹7.50 Lakh,gurgaon
Kia,Kia CarensLuxury Plus 6STR Diesel BSVI,2022,"63,621kms",Diesel,Manual,₹13.45 Lakh,gurgaon
Mahindra,Mahindra TharLX 4WD Hard Top Diesel BSVI,2021,"26,520kms",Diesel,Manual,₹11.70 Lakh,gurgaon
Mercedes-Benz,Mercedes-Benz E-ClassE200 Edition E,2018,"15,983kms",Petrol,Automatic,₹32.22 Lakh,gurgaon
Hyundai,Hyundai i20Magna Optional 1.2,2014,"62,000kms",Petrol,Manual,₹3.25 Lakh,gurgaon
Jaguar,Jaguar XJ50 Special Edition,2019,"45,000kms",Diesel,Automatic,₹45 Lakh,gurgaon
Volvo,Volvo XC90D5 Inscription,2021,"45,000kms",Diesel,Automatic,₹65 Lakh,gurgaon
Jaguar,Jaguar XF2.0 Petrol Prestige,2018,"18,000kms",Petrol,Automatic,₹35 Lakh,gurgaon
BMW,BMW 5 Series530i M Sport BSVI,2022,"35,000kms",Petrol,Automatic,₹53 Lakh,gurgaon
BMW,BMW 7 Series730Ld DPE Signature,2022,"13,000kms",Diesel,Automatic,₹82 Lakh,gurgaon
Land Rover,Land Rover Discovery2.0 SE,2021,"40,000kms",Petrol,Automatic,₹39.50 Lakh,gurgaon
Hyundai,Hyundai VernaSX Turbo DCT,2023,"30,092kms",Petrol,Automatic,₹12.94 Lakh,gurgaon
BMW,BMW X1sDrive18i M Sport,2024,"20,196kms",Petrol,Automatic,₹44 Lakh,gurgaon
Volkswagen,Volkswagen Taigun1.0 Topline AT,2022,"49,415kms",Petrol,Automatic,₹11.93 Lakh,gurgaon
Jeep,Jeep Compass1.4 Sport,2021,"74,645kms",Petrol,Manual,₹10.60 Lakh,gurgaon
Kia,Kia CarensPrestige Plus Diesel,2022,"37,701kms",Diesel,Manual,₹10.90 Lakh,gurgaon
BMW,BMW iXxDrive50,2024,"19,864kms",Electric,Automatic,₹89 Lakh,gurgaon
Hyundai,Hyundai VernaSX Turbo DCT,2023,"27,506kms",Petrol,Automatic,₹14.26 Lakh,gurgaon
Skoda,Skoda Kushaq1.5 TSI Ambition,2021,"85,884kms",Petrol,Manual,₹10.51 Lakh,gurgaon
Skoda,Skoda Kushaq1.0 TSI Style,2022,"22,873kms",Petrol,Manual,₹11.37 Lakh,gurgaon
Hyundai,Hyundai Tucson2.0 e-VGT 2WD AT GLS,2017,"82,000kms",Diesel,Automatic,₹11 Lakh,gurgaon
Skoda,Skoda Kushaq1.0 TSI Style,2022,"1,16,264kms",Petrol,Manual,₹11.06 Lakh,gurgaon
Skoda,Skoda Kushaq1.5 TSI Style DSG,2022,"71,293kms",Petrol,Automatic,₹12.94 Lakh,gurgaon
Kia,Kia CarensPrestige Plus Diesel,2023,"69,341kms",Diesel,Manual,₹11.54 Lakh,gurgaon
Hyundai,Hyundai i20 Active1.2 S,2015,"89,000kms",Petrol,Manual,₹3.25 Lakh,gurgaon
Kia,Kia CarensPrestige Plus Diesel,2022,"37,701kms",Diesel,Manual,₹10.90 Lakh,gurgaon
Skoda,Skoda Kushaq1.0 TSI Style,2022,"22,873kms",Petrol,Manual,₹11.37 Lakh,gurgaon
Hyundai,Hyundai VernaSX Turbo DCT,2023,"30,092kms",Petrol,Automatic,₹12.94 Lakh,gurgaon
Tata,2022Tata NexonXZ  -2022,2020,"36,000kms",Petrol,Manual,₹7.70 Lakh,gurgaon
Volkswagen,Volkswagen Taigun1.0 Topline AT,2022,"49,415kms",Petrol,Automatic,₹11.93 Lakh,gurgaon
Jeep,Jeep Compass1.4 Sport,2021,"74,645kms",Petrol,Manual,₹10.60 Lakh,gurgaon
Kia,Kia CarensPrestige Plus Diesel,2023,"69,341kms",Diesel,Manual,₹11.54 Lakh,gurgaon
Mercedes-Benz,Mercedes-Benz E-ClassExclusive E 200,2023,"40,000kms",Petrol,Automatic,₹55 Lakh,gurgaon
Skoda,Skoda Kushaq1.0 TSI Style AT,2021,"48,164kms",Petrol,Automatic,₹10.44 Lakh,gurgaon
Hyundai,Hyundai AlcazarPlatinum (O) AT,2021,"35,000kms",Petrol,Automatic,₹13.25 Lakh,gurgaon
Kia,Kia SyrosHTX Turbo,2025,"1,878kms",Petrol,Manual,₹11.95 Lakh,gurgaon
Skoda,Skoda Kushaq1.0 TSI Ambition,2023,"79,400kms",Petrol,Manual,₹9 Lakh,gurgaon
Jeep,Jeep Compass1.4 Longitude Plus AT,2019,"42,000kms",Petrol,Automatic,₹10.25 Lakh,gurgaon
Mahindra,Mahindra TharAX Opt 4WD Convert Top BSVI,2021,"43,000kms",Petrol,Manual,₹11.50 Lakh,gurgaon
Toyota,Toyota Innova Crysta2.4 GX 7 STR,2020,"1,28,000kms",Diesel,Manual,₹14.50 Lakh,gurgaon
Hyundai,Hyundai Grand i10Asta Option AT,2016,"62,000kms",Petrol,Automatic,₹3.65 Lakh,gurgaon
BMW,BMW 5 Series520d Luxury Line,2016,"50,000kms",Diesel,Automatic,₹14.25 Lakh,gurgaon
BMW,BMW X5xDrive 30d,2014,"1,04,000kms",Diesel,Automatic,₹14.99 Lakh,gurgaon
Tata,Tata Tiago1.05 Revotorq XZ,2016,"77,558kms",Diesel,Manual,₹2.60 Lakh,gurgaon
Maruti,Maruti BalenoZeta,2019,"55,000kms",Petrol,Manual,₹4.48 Lakh,gurgaon
BMW,BMW 3 Series320i Luxury Line,2016,"45,829kms",Petrol,Automatic,₹18.68 Lakh,gurgaon
Toyota,Toyota Innova Crysta2.4 GX 7 STR AT,2022,"83,859kms",Diesel,Automatic,₹16.98 Lakh,gurgaon
Audi,Audi A430 TFSI Premium Plus,2017,"42,000kms",Petrol,Automatic,₹19.75 Lakh,gurgaon
Hyundai,Hyundai VenueSX Turbo,2021,"1,00,000kms",Petrol,Manual,₹7 Lakh,gurgaon
Toyota,Toyota Innova Crysta2.8 ZX AT BSIV,2020,"1,02,000kms",Diesel,Automatic,₹18.50 Lakh,gurgaon
Ford,Ford Endeavour3.2 Titanium AT 4X4,2017,"1,20,000kms",Diesel,Automatic,₹16.90 Lakh,gurgaon
Ford,Ford FigoTitanium AT  -2020,2019,"65,741kms",Petrol,Automatic,₹4.34 Lakh,gurgaon
Maruti,Maruti Alto K10LXI,2019,"19,077kms",Petrol,Manual,₹2.90 Lakh,gurgaon
Audi,Audi Q540 TDI Technology,2019,"45,000kms",Diesel,Automatic,₹33.50 Lakh,gurgaon
Mercedes-Benz,Mercedes-Benz S-ClassS450 4Matic BSVI,2022,"35,000kms",Petrol,Automatic,₹1.07 Crore,gurgaon
Toyota,Toyota Camry2.5 Hybrid,2024,"5,000kms",Petrol,Automatic,₹39.50 Lakh,gurgaon
Land Rover,Land Rover Range Rover Evoque2.0 R-Dynamic SE,2022,"13,200kms",Petrol,Automatic,₹49 Lakh,gurgaon
BMW,BMW X1sDrive18i M Sport,2024,"14,000kms",Petrol,Automatic,₹44.50 Lakh,gurgaon
Land Rover,Land Rover Discovery2.0 SE,2021,"40,000kms",Petrol,Automatic,₹41.25 Lakh,gurgaon
Jeep,Jeep MeridianLimited Opt 4x2 AT,2023,"28,584kms",Diesel,Automatic,₹22.72 Lakh,gurgaon
Citroen,Citroen C3Feel,2023,"10,000kms",Petrol,Manual,₹4.07 Lakh,gurgaon
Audi,Audi Q330 TFSI Premium FWD,2018,"55,000kms",Petrol,Automatic,₹21.45 Lakh,gurgaon
Mini Cooper,Mini CooperS,2015,"45,000kms",Petrol,Automatic,₹24 Lakh,gurgaon
Audi,Audi Q330 TFSI Premium FWD,2018,"55,000kms",Petrol,Automatic,₹21.45 Lakh,gurgaon
Mahindra,Mahindra Bolero NeoN10 R,2024,"20,000kms",Diesel,Manual,₹9.50 Lakh,gurgaon
Mercedes-Benz,Mercedes-Benz GLS350d 4MATIC,2017,"1,15,000kms",Diesel,Automatic,₹29.19 Lakh,gurgaon
BMW,BMW X5xDrive 30d M Sport,2017,"1,10,500kms",Diesel,Automatic,₹22.39 Lakh,gurgaon
Hyundai,Hyundai Grand i101.2 Kappa Sportz BSIV,2016,"46,113kms",Petrol,Manual,₹3.37 Lakh,gurgaon
Mercedes-Benz,Mercedes-Benz C-ClassProgressive C 200,2021,"30,000kms",Petrol,Automatic,₹34 Lakh,gurgaon
Mahindra,Mahindra XUV700AX7 AT Luxury Pack BSVI,2023,"30,642kms",Petrol,Automatic,₹19.71 Lakh,gurgaon
Hyundai,Hyundai Verna1.6 VTVT S Option,2015,"59,569kms",Petrol,Manual,₹3.62 Lakh,gurgaon
Maruti,Maruti CelerioVXI Optional MT BSIV,2018,"40,717kms",Petrol,Manual,₹3.26 Lakh,gurgaon
Mercedes-Benz,Mercedes-Benz CLA200 CGI Sport,2019,"29,684kms",Petrol,Automatic,₹25 Lakh,gurgaon
Renault,Renault KWIDRXL,2019,"46,915kms",Petrol,Manual,₹2.12 Lakh,gurgaon
Maruti,Maruti SwiftVXI,2022,"22,819kms",Petrol,Manual,₹5.45 Lakh,gurgaon
Maruti,Maruti Ignis1.2 Zeta BSIV,2023,"44,645kms",Petrol,Manual,₹5.23 Lakh,gurgaon
Mercedes-Benz,Mercedes-Benz C-ClassProgressive C 200,2020,"32,000kms",Petrol,Automatic,₹31 Lakh,gurgaon
Hyundai,Hyundai Xcent1.2 Kappa S Option,2014,"80,611kms",Petrol,Manual,₹2.28 Lakh,gurgaon
Hyundai,Hyundai Grand i10Sportz,2016,"85,455kms",Petrol,Manual,₹2.79 Lakh,gurgaon
Hyundai,Hyundai Xcent1.2 Kappa S Option,2014,"68,104kms",Petrol,Manual,₹2.53 Lakh,gurgaon
Tata,Tata NexonSmart Plus,2024,"26,500kms",Petrol,Manual,₹8 Lakh,gurgaon
Hyundai,Hyundai Grand i10AT Asta,2014,"37,475kms",Petrol,Automatic,₹2.54 Lakh,gurgaon
Maruti,Maruti SwiftVXI,2014,"43,849kms",Petrol,Manual,₹2.47 Lakh,gurgaon
Hyundai,Hyundai i20Sportz 1.2,2014,"51,112kms",Petrol,Manual,₹2.38 Lakh,gurgaon
BMW,BMW X1sDrive20d xLine,2021,"32,000kms",Diesel,Automatic,₹28.50 Lakh,gurgaon
Maruti,Maruti Alto K10VXI,2016,"64,491kms",Petrol,Manual,₹2.08 Lakh,gurgaon
Renault,Renault KWID1.0 RXT Opt,2019,"27,720kms",Petrol,Manual,₹2.91 Lakh,gurgaon
Maruti,Maruti CelerioVXI,2014,"57,162kms",Petrol,Manual,₹2.57 Lakh,gurgaon
Volvo,Volvo XC90D5 Inscription BSIV,2017,"82,544kms",Diesel,Automatic,₹23 Lakh,gurgaon
Maruti,Maruti CelerioVXI AMT,2014,"45,509kms",Petrol,Automatic,₹2.82 Lakh,gurgaon
Hyundai,Hyundai Grand i101.2 Kappa Magna BSIV,2018,"27,261kms",Petrol,Manual,₹2.96 Lakh,gurgaon
Maruti,Maruti CelerioZXI AMT,2015,"40,792kms",Petrol,Automatic,₹2.59 Lakh,gurgaon
Skoda,Skoda Kushaq1.5 TSI Style DSG,2024,"17,400kms",Petrol,Automatic,₹15 Lakh,gurgaon
Renault,Renault KWIDRXT,2018,"1,36,569kms",Petrol,Manual,₹2.04 Lakh,gurgaon
Maruti,Maruti Wagon RVXI,2013,"54,414kms",Petrol,Manual,₹2.15 Lakh,gurgaon
Honda,Honda AmazeS Petrol BSIV,2017,"98,131kms",Petrol,Manual,₹2.95 Lakh,gurgaon
Ford,Ford Ecosport1.5 Diesel Titanium BSIV,2017,"60,000kms",Diesel,Manual,₹4.20 Lakh,gurgaon
Maruti,Maruti Wagon RVXI,2015,"81,484kms",Petrol,Manual,₹2.63 Lakh,gurgaon
Hyundai,Hyundai i20Magna 1.2,2014,"28,532kms",Petrol,Manual,₹2.50 Lakh,gurgaon
Maruti,Maruti Alto 800VXI,2019,"64,167kms",Petrol,Manual,₹2.40 Lakh,gurgaon
Renault,Renault KigerRXT,2022,"40,000kms",Petrol,Manual,₹3.60 Lakh,gurgaon
Maruti,Maruti Wagon RLXI BS IV,2017,"63,218kms",Petrol,Manual,₹2.27 Lakh,gurgaon
Maruti,Maruti Ciaz1.4 AT Alpha,2019,"35,797kms",Petrol,Automatic,₹6.35 Lakh,gurgaon
Tata,Tata TiagoXT BSVI,2020,"77,018kms",Petrol,Manual,₹3.21 Lakh,gurgaon
Kia,Kia SeltosHTK Plus G,2019,"1,00,000kms",Petrol,Manual,₹7.35 Lakh,gurgaon
Maruti,Maruti Wagon RVXI Optional,2019,"53,988kms",Petrol,Manual,₹3.44 Lakh,gurgaon
Jeep,Jeep Compass1.4 Limited,2019,"64,924kms",Petrol,Automatic,₹8.36 Lakh,gurgaon
Maruti,Maruti DzireVXI,2017,"83,786kms",Petrol,Manual,₹4.19 Lakh,gurgaon
Maruti,Maruti CelerioVXI AT,2014,"60,000kms",Petrol,Automatic,₹2.31 Lakh,gurgaon
Maruti,Maruti CelerioZXI,2019,"30,351kms",Petrol,Manual,₹4.06 Lakh,gurgaon
Honda,Honda AmazeVX,2019,"13,645kms",Petrol,Manual,₹5.20 Lakh,gurgaon
Nissan,Nissan MagniteXV Red Edition BSVI,2022,"36,561kms",Petrol,Manual,₹5.29 Lakh,gurgaon
Hyundai,Hyundai Grand i10Sportz,2014,"43,000kms",Petrol,Manual,₹2.50 Lakh,gurgaon
Hyundai,Hyundai Creta1.6 SX Automatic,2019,"49,264kms",Petrol,Automatic,₹7.74 Lakh,gurgaon
Tata,Tata SafariXZA Plus AT BSVI,2021,"87,308kms",Diesel,Automatic,₹10.82 Lakh,gurgaon
Maruti,Maruti CiazDelta BSVI,2020,"47,925kms",Petrol,Manual,₹6.36 Lakh,gurgaon
Hyundai,Hyundai Grand i10Asta Option AT,2017,"50,000kms",Petrol,Automatic,₹3 Lakh,gurgaon
Audi,Audi A635 TFSI Matrix,2018,"64,236kms",Petrol,Automatic,₹21.11 Lakh,gurgaon
Skoda,Skoda Slavia1.5 TSI Style DSG,2023,"47,678kms",Petrol,Automatic,₹13.95 Lakh,gurgaon
Hyundai,Hyundai Grand i101.2 Kappa Sportz BSIV,2022,"45,111kms",Petrol,Manual,₹5.51 Lakh,gurgaon
Mercedes-Benz,Mercedes-Benz GLS350d Grand Edition,2019,"54,000kms",Diesel,Automatic,₹42 Lakh,gurgaon
Maruti,Maruti SwiftZXI,2021,"30,386kms",Petrol,Manual,₹5.30 Lakh,gurgaon
Kia,Kia SonetHTX Turbo iMT BSVI,2021,"39,789kms",Petrol,Manual,₹6.98 Lakh,gurgaon
Skoda,Skoda Slavia1.0 TSI Ambition,2022,"30,882kms",Petrol,Manual,₹9.98 Lakh,gurgaon
BMW,BMW X5xDrive 40i M Sport,2022,"30,000kms",Petrol,Automatic,₹69 Lakh,gurgaon
Maruti,Maruti BalenoZeta AMT,2022,"22,756kms",Petrol,Automatic,₹6.84 Lakh,gurgaon
Maruti,Maruti Baleno1.2 Alpha,2016,"94,575kms",Petrol,Manual,₹3.61 Lakh,gurgaon
Maruti,Maruti CiazDelta Diesel,2018,"91,809kms",Diesel,Automatic,₹4.64 Lakh,gurgaon
Toyota,Toyota VellfireHi,2025,"5,900kms",Petrol,Automatic,₹1.19 Crore,gurgaon
Honda,Honda WR-Vi-VTEC VX,2019,"34,660kms",Petrol,Manual,₹5.99 Lakh,gurgaon
Maruti,Maruti CelerioVXI,2017,"20,300kms",Petrol,Manual,₹2.82 Lakh,gurgaon
Maruti,Maruti BalenoZeta Diesel,2021,"63,553kms",Diesel,Manual,₹5.95 Lakh,gurgaon
Porsche,Porsche 911Turbo S  -2025,2023,"4,500kms",Petrol,Automatic,₹2.31 Crore,gurgaon
Tata,Tata Tiago1.2 Revotron XZ Plus Dual Tone,2016,"68,873kms",Petrol,Manual,₹2.82 Lakh,gurgaon
Skoda,Skoda Slavia1.0 TSI Ambition BSVI,2022,"78,412kms",Petrol,Manual,₹11.13 Lakh,gurgaon
Volkswagen,Volkswagen PoloPetrol Comfortline 1.2L,2016,"86,858kms",Petrol,Manual,₹3.71 Lakh,gurgaon
BMW,BMW 5 Series530Li,2024,"27,000kms",Petrol,Automatic,₹64 Lakh,gurgaon
Hyundai,Hyundai Verna1.6 VTVT SX Option,2017,"74,214kms",Petrol,Manual,₹5.60 Lakh,gurgaon
MG,MG HectorSharp DCT,2020,"72,067kms",Petrol,Automatic,₹9.76 Lakh,gurgaon
Hyundai,Hyundai i20Sportz Plus,2019,"38,793kms",Petrol,Manual,₹5.35 Lakh,gurgaon
Hyundai,Hyundai Creta1.6 VTVT SX Plus,2017,"68,000kms",Petrol,Manual,₹5.70 Lakh,gurgaon
Renault,Renault KWIDRXT,2017,"41,654kms",Petrol,Manual,₹2.22 Lakh,gurgaon
Mercedes-Benz,Mercedes-Benz GLA Class200 Sport,2016,"53,462kms",Petrol,Automatic,₹15.31 Lakh,gurgaon
Mercedes-Benz,Mercedes-Benz GLA Class200 Sport,2017,"46,372kms",Petrol,Automatic,₹17.67 Lakh,gurgaon
Toyota,Toyota Corolla AltisG AT,2015,"1,20,000kms",Petrol,Automatic,₹5.95 Lakh,gurgaon
Maruti,Maruti Baleno1.2 Delta,2018,"72,925kms",Petrol,Manual,₹3.46 Lakh,gurgaon
Maruti,Maruti Baleno1.2 Delta,2016,"32,115kms",Petrol,Manual,₹3.37 Lakh,gurgaon
Renault,Renault KWID1.0 RXT Opt,2016,"54,711kms",Petrol,Manual,₹2.25 Lakh,gurgaon
BMW,BMW XMxDrive,2024,"26,000kms",Petrol,Automatic,₹1.52 Crore,gurgaon
Hyundai,Hyundai Grand i10Sportz,2015,"51,234kms",Petrol,Manual,₹2.69 Lakh,gurgaon
Hyundai,Hyundai Grand i101.2 Kappa Asta,2014,"81,380kms",Petrol,Manual,₹2.76 Lakh,gurgaon
BMW,BMW X1sDrive20i SportX,2020,"43,114kms",Petrol,Automatic,₹23.13 Lakh,gurgaon
Mercedes-Benz,Mercedes-Benz GLC220d,2025,"20,000kms",Diesel,Automatic,₹64 Lakh,gurgaon
Hyundai,Hyundai VernaSX,2023,"41,706kms",Petrol,Manual,₹9.93 Lakh,gurgaon
Kia,Kia SonetGTX Plus Turbo DCT DT,2020,"29,298kms",Petrol,Automatic,₹7.36 Lakh,gurgaon
Volkswagen,Volkswagen VirtusHighline,2022,"27,047kms",Petrol,Manual,₹9.89 Lakh,gurgaon
BMW,BMW X1sDrive18i M Sport,2025,"2,000kms",Petrol,Automatic,₹47.50 Lakh,gurgaon
Hyundai,Hyundai i20Asta Opt IVT,2023,"9,132kms",Petrol,Automatic,₹7.62 Lakh,gurgaon
Kia,Kia SeltosGTX Plus DCT,2021,"57,961kms",Petrol,Automatic,₹12.82 Lakh,gurgaon
Hyundai,Hyundai Creta1.6 VTVT AT SX Plus,2018,"55,657kms",Petrol,Automatic,₹6.30 Lakh,gurgaon
BMW,BMW X5xDrive 30d Sport,2019,"1,16,000kms",Diesel,Automatic,₹28.90 Lakh,gurgaon
Tata,Tata Nexon1.2 Revotron XM,2018,"70,917kms",Petrol,Manual,₹4.46 Lakh,gurgaon
Maruti,Maruti Baleno1.2 Delta,2019,"29,346kms",Petrol,Manual,₹4.27 Lakh,gurgaon
Tata,Tata TigorXM BSVI,2021,"34,824kms",Petrol,Manual,₹3.69 Lakh,gurgaon
Ford,Ford MustangV8,2017,"24,000kms",Petrol,Automatic,₹76.75 Lakh,gurgaon
Maruti,Maruti DzireVXI,2019,"1,20,485kms",Petrol,Manual,₹4.06 Lakh,gurgaon
Renault,Renault DusterPetrol RXS CVT,2018,"1,19,487kms",Petrol,Automatic,₹4.66 Lakh,gurgaon
Hyundai,Hyundai Grand i101.2 Kappa Sportz BSIV,2015,"67,048kms",Petrol,Manual,₹3.03 Lakh,gurgaon
Audi,Audi Q7Technology  -,2022,"18,000kms",Petrol,Automatic,₹64 Lakh,gurgaon
Hyundai,Hyundai i20Magna 1.2,2014,"96,827kms",Petrol,Manual,₹3.14 Lakh,gurgaon
Honda,Honda JazzV,2015,"74,583kms",Petrol,Manual,₹3.11 Lakh,gurgaon
Hyundai,Hyundai i20Magna 1.2,2019,"58,687kms",Petrol,Manual,₹4.98 Lakh,gurgaon
BMW,BMW 6 SeriesGT,2018,"22,500kms",Petrol,Automatic,₹34.50 Lakh,gurgaon
Hyundai,Hyundai Grand i101.2 Kappa Magna BSIV,2018,"1,12,068kms",Petrol,Manual,₹3.21 Lakh,gurgaon
Maruti,Maruti BalenoDelta Diesel,2018,"52,834kms",Diesel,Manual,₹4.30 Lakh,gurgaon
Maruti,Maruti Baleno1.2 Delta,2017,"66,155kms",Petrol,Manual,₹3.17 Lakh,gurgaon
Maruti,Maruti Grand VitaraAlpha,2024,"32,000kms",Petrol,Manual,₹13.50 Lakh,gurgaon
Honda,Honda BR-VStyle Edition Diesel V,2018,"1,21,325kms",Diesel,Manual,₹6 Lakh,gurgaon
Hyundai,Hyundai Verna1.6 VTVT AT SX,2014,"83,366kms",Petrol,Automatic,₹3.90 Lakh,gurgaon
Honda,Honda WR-VVX,2020,"60,453kms",Petrol,Manual,₹5.09 Lakh,gurgaon
Hyundai,Hyundai Creta1.6 CRDi AT SX Plus,2018,"85,000kms",Diesel,Automatic,₹7.25 Lakh,gurgaon
Maruti,Maruti BalenoZeta Diesel,2016,"38,057kms",Diesel,Manual,₹4.45 Lakh,gurgaon
Hyundai,Hyundai Grand i101.2 Kappa Sportz BSIV,2016,"57,335kms",Petrol,Manual,₹3.40 Lakh,gurgaon
Maruti,Maruti CiazAlpha BSIV,2018,"82,251kms",Petrol,Manual,₹4.90 Lakh,gurgaon
Mercedes-Benz,Mercedes-Benz GLA200,2024,"8,000kms",Petrol,Automatic,₹44.50 Lakh,gurgaon
Maruti,Maruti CiazZXi,2016,"95,574kms",Petrol,Manual,₹3.62 Lakh,gurgaon
Tata,Tata AltrozXE BSVI,2021,"42,989kms",Petrol,Manual,₹3.85 Lakh,gurgaon
Maruti,Maruti Wagon RVXI 1.2,2016,"84,661kms",Petrol,Manual,₹3.06 Lakh,gurgaon
Honda,Honda Jazz1.2 S i VTEC,2015,"64,000kms",Petrol,Manual,₹3.60 Lakh,gurgaon
Maruti,Maruti Swift DzireAMT VXI,2019,"54,316kms",Petrol,Automatic,₹4.20 Lakh,gurgaon
Maruti,Maruti DzireVXI,2018,"69,575kms",Petrol,Manual,₹4.21 Lakh,gurgaon
Hyundai,Hyundai Grand i101.2 Kappa Asta,2015,"55,034kms",Petrol,Manual,₹3.22 Lakh,gurgaon
Tata,Tata Nexon1.2 Revotron XM,2017,"66,000kms",Petrol,Manual,₹4.55 Lakh,gurgaon
Maruti,Maruti Wagon RVXI 1.2,2016,"46,779kms",Petrol,Manual,₹3.04 Lakh,gurgaon
Tata,Tata TiagoXZ CNG,2022,"40,116kms",CNG,Manual,₹5.59 Lakh,gurgaon
Renault,Renault TriberRXT,2022,"61,951kms",Petrol,Manual,₹4.25 Lakh,gurgaon
Mercedes-Benz,Mercedes-Benz CLA200 Sport Edition,2016,"55,000kms",Petrol,Automatic,₹12.50 Lakh,gurgaon
Nissan,Nissan MagniteXL BSVI,2021,"43,428kms",Petrol,Manual,₹4.06 Lakh,gurgaon
Renault,Renault DusterRXS 85PS BSIV,2019,"75,947kms",Diesel,Manual,₹4 Lakh,gurgaon
Tata,Tata NexonXM,2023,"39,309kms",Petrol,Manual,₹5.79 Lakh,gurgaon
Maruti,Maruti Baleno1.2 Delta,2016,"68,000kms",Petrol,Manual,₹3.85 Lakh,gurgaon
Tata,Tata Nexon1.2 Revotron XZ Plus,2019,"60,922kms",Petrol,Manual,₹4.25 Lakh,gurgaon
Honda,Honda AmazeS Option i-VTEC,2017,"52,149kms",Petrol,Manual,₹3.05 Lakh,gurgaon
Maruti,Maruti Baleno1.2 Delta,2018,"58,016kms",Petrol,Manual,₹3.71 Lakh,gurgaon
Ford,Ford EndeavourTitanium Plus 4X2 AT,2021,"86,000kms",Diesel,Automatic,₹25.75 Lakh,gurgaon
Nissan,Nissan MagniteXL BSVI,2021,"43,428kms",Petrol,Manual,₹4.06 Lakh,gurgaon
Maruti,Maruti BalenoZeta Diesel,2019,"84,489kms",Diesel,Manual,₹4.43 Lakh,gurgaon
Tata,Tata Tiago1.2 Revotron XZA,2019,"1,07,088kms",Petrol,Automatic,₹3.68 Lakh,gurgaon
Jeep,Jeep Compass1.4 Limited Plus BSIV,2019,"86,000kms",Petrol,Automatic,₹10.90 Lakh,gurgaon
Hyundai,Hyundai SantroSportz AMT,2020,"76,904kms",Petrol,Automatic,₹3.53 Lakh,gurgaon
Maruti,Maruti SwiftVXI,2017,"59,181kms",Petrol,Manual,₹3.67 Lakh,gurgaon
Maruti,Maruti BalenoZeta Diesel,2017,"32,789kms",Diesel,Manual,₹4.35 Lakh,gurgaon
Maruti,Maruti CiazVXi Plus,2015,"64,000kms",Petrol,Manual,₹4.65 Lakh,gurgaon
Maruti,Maruti BalenoDelta Diesel,2019,"47,029kms",Diesel,Manual,₹4.64 Lakh,gurgaon
Hyundai,Hyundai Grand i101.2 Kappa Asta,2014,"42,431kms",Petrol,Manual,₹3.10 Lakh,gurgaon
Hyundai,Hyundai i20Asta 1.2,2017,"74,204kms",Petrol,Manual,₹3.36 Lakh,gurgaon
Audi,Audi A335 TFSI Premium,2019,"21,000kms",Petrol,Automatic,₹18.60 Lakh,gurgaon
Hyundai,Hyundai Creta1.6 VTVT AT SX Plus,2017,"59,366kms",Petrol,Automatic,₹5.46 Lakh,gurgaon
Renault,Renault DusterRXS 85PS BSIV,2019,"75,947kms",Diesel,Manual,₹4 Lakh,gurgaon
Maruti,Maruti Swift DzireAMT VXI,2019,"54,316kms",Petrol,Automatic,₹4.20 Lakh,gurgaon
BMW,BMW X1sDrive20i xLine,2022,"28,000kms",Petrol,Automatic,₹29.75 Lakh,gurgaon
Maruti,Maruti DzireVXI,2018,"69,575kms",Petrol,Manual,₹4.21 Lakh,gurgaon
Maruti,Maruti BalenoZeta Diesel,2019,"60,526kms",Diesel,Manual,₹4.73 Lakh,gurgaon
Hyundai,Hyundai i20Sportz 1.2,2017,"77,475kms",Petrol,Manual,₹3.46 Lakh,gurgaon
Ford,Ford Aspire1.2 Ti-VCT Titanium,2017,"66,000kms",Petrol,Manual,₹3.55 Lakh,gurgaon
Honda,Honda BR-VStyle Edition Diesel V,2018,"1,21,325kms",Diesel,Manual,₹6 Lakh,gurgaon
Hyundai,Hyundai Verna1.6 VTVT AT SX,2014,"83,366kms",Petrol,Automatic,₹3.90 Lakh,gurgaon
Maruti,Maruti Baleno1.2 Delta,2019,"29,346kms",Petrol,Manual,₹4.27 Lakh,gurgaon
BMW,BMW i7xDrive60 M Sport,2024,"8,066kms",Electric,Automatic,₹1.36 Crore,gurgaon
Tata,Tata TigorXM BSVI,2021,"34,824kms",Petrol,Manual,₹3.69 Lakh,gurgaon
Maruti,Maruti BalenoZeta Diesel,2019,"60,526kms",Diesel,Manual,₹4.73 Lakh,gurgaon
Hyundai,Hyundai i20Sportz 1.2,2017,"77,475kms",Petrol,Manual,₹3.46 Lakh,gurgaon
Hyundai,Hyundai Xcent1.2 Kappa S,2014,"48,000kms",Petrol,Manual,₹3.15 Lakh,gurgaon
Maruti,Maruti SwiftVXI,2017,"59,181kms",Petrol,Manual,₹3.67 Lakh,gurgaon
Maruti,Maruti BalenoZeta Diesel,2017,"32,789kms",Diesel,Manual,₹4.35 Lakh,gurgaon
Maruti,Maruti BalenoDelta Diesel,2019,"47,029kms",Diesel,Manual,₹4.64 Lakh,gurgaon
Hyundai,Hyundai i20Asta 1.2,2015,"65,000kms",Petrol,Manual,₹3.85 Lakh,gurgaon
Hyundai,Hyundai Grand i101.2 Kappa Asta,2014,"42,431kms",Petrol,Manual,₹3.10 Lakh,gurgaon
Hyundai,Hyundai i20Asta 1.2,2017,"74,204kms",Petrol,Manual,₹3.36 Lakh,gurgaon
Honda,Honda WR-VVX,2020,"60,453kms",Petrol,Manual,₹5.09 Lakh,gurgaon
Hyundai,Hyundai CretaS (O) Knight,2024,"52,000kms",Petrol,Manual,₹12 Lakh,gurgaon
Maruti,Maruti BalenoZeta Diesel,2016,"38,057kms",Diesel,Manual,₹4.45 Lakh,gurgaon
Hyundai,Hyundai Grand i101.2 Kappa Sportz BSIV,2016,"57,335kms",Petrol,Manual,₹3.40 Lakh,gurgaon
Maruti,Maruti CiazAlpha BSIV,2018,"82,251kms",Petrol,Manual,₹4.90 Lakh,gurgaon
Mercedes-Benz,Mercedes-Benz GLA Class200 Sport,2020,"60,000kms",Petrol,Automatic,₹23.50 Lakh,gurgaon
Tata,Tata AltrozXZ Diesel,2021,"74,098kms",Diesel,Manual,₹5.71 Lakh,gurgaon
Ford,Ford EcosportThunder Edition Petrol BSIV,2019,"33,076kms",Petrol,Manual,₹5.29 Lakh,gurgaon
Hyundai,Hyundai i20Sportz 1.2,2017,"90,588kms",Petrol,Manual,₹3.65 Lakh,gurgaon
Honda,Honda Jazz1.2 SV i VTEC,2015,"52,000kms",Petrol,Manual,₹4.25 Lakh,gurgaon
Tata,Tata AltrozXM plus Diesel BSVI,2022,"80,000kms",Diesel,Manual,₹5.25 Lakh,gurgaon
Ford,Ford Ecosport1.0 Ecoboost Titanium,2016,"53,522kms",Petrol,Manual,₹4.26 Lakh,gurgaon
MG,MG HectorSharp DCT,2020,"66,365kms",Petrol,Automatic,₹7.72 Lakh,gurgaon
Maruti,Maruti CelerioLXI Optional MT BSIV,2019,"57,000kms",Petrol,Manual,₹3.60 Lakh,gurgaon
Hyundai,Hyundai VenueSX Opt Turbo,2021,"75,961kms",Petrol,Manual,₹7.72 Lakh,gurgaon
Hyundai,Hyundai Creta1.6 SX,2019,"88,207kms",Petrol,Manual,₹6.05 Lakh,gurgaon
Hyundai,Hyundai Creta1.6 SX Automatic,2018,"63,746kms",Petrol,Automatic,₹6.28 Lakh,gurgaon
Honda,Honda AmazeS i-VTEC,2017,"50,000kms",Petrol,Manual,₹3.75 Lakh,gurgaon
Maruti,Maruti SwiftVXI,2021,"14,321kms",Petrol,Manual,₹5.26 Lakh,gurgaon
MG,MG HectorSharp DCT,2019,"70,014kms",Petrol,Automatic,₹10.25 Lakh,gurgaon
Tata,Tata TigorXZ Plus,2022,"36,330kms",Petrol,Manual,₹5.58 Lakh,gurgaon
Volkswagen,Volkswagen Polo1.2 MPI Comfortline,2014,"61,000kms",Petrol,Manual,₹2.99 Lakh,gurgaon
Ford,Ford Ecosport1.0 Ecoboost Titanium,2015,"94,965kms",Petrol,Manual,₹3.59 Lakh,gurgaon
Kia,Kia CarensLuxury Plus Diesel AT 6 STR,2022,"63,248kms",Diesel,Automatic,₹12.34 Lakh,gurgaon
MG,MG HectorSharp DCT,2021,"55,082kms",Petrol,Automatic,₹9.23 Lakh,gurgaon
Honda,Honda AmazeS AT i-Vtech,2014,"86,000kms",Petrol,Automatic,₹2.95 Lakh,gurgaon
MG,MG AstorSharp BSVI,2023,"27,978kms",Petrol,Manual,₹11.12 Lakh,gurgaon
MG,MG Hector1.5 Turbo Shine,2022,"30,929kms",Petrol,Manual,₹11.34 Lakh,gurgaon
Hyundai,Hyundai Grand i10 NiosSportz CRDi,2021,"60,301kms",Diesel,Manual,₹5.59 Lakh,gurgaon
Mercedes-Benz,Mercedes-Benz GLE450 BSVI,2022,"27,000kms",Petrol,Automatic,₹85 Lakh,gurgaon
Honda,Honda WR-VSV Diesel,2021,"68,250kms",Diesel,Manual,₹5.07 Lakh,gurgaon
Maruti,Maruti Grand VitaraZeta BSVI,2022,"34,476kms",Petrol,Manual,₹10.30 Lakh,gurgaon
Skoda,Skoda Slavia1.0 TSI Style AT BSVI,2022,"1,03,179kms",Petrol,Automatic,₹10.73 Lakh,gurgaon
BMW,BMW 7 Series740Li M Sport,2022,"16,000kms",Petrol,Automatic,₹77 Lakh,gurgaon
Hyundai,Hyundai VenueS Turbo iMT,2021,"72,545kms",Petrol,Manual,₹6.15 Lakh,gurgaon
MG,MG HectorSharp CVT,2022,"41,170kms",Petrol,Automatic,₹11.39 Lakh,gurgaon
Honda,Honda CityV MT,2023,"54,223kms",Petrol,Manual,₹10.42 Lakh,gurgaon
MG,MG GlosterSavvy 6-Str,2021,"80,000kms",Diesel,Automatic,₹24.50 Lakh,gurgaon
Honda,Honda Cityi-VTEC CVT ZX,2019,"68,365kms",Petrol,Automatic,₹7.15 Lakh,gurgaon
Mahindra,Mahindra XUV300W8 Opt,2022,"56,276kms",Petrol,Manual,₹8.22 Lakh,gurgaon
MG,MG Hector Plus1.5 Turbo Savvy Pro CVT 7 Str BSVI,2023,"57,496kms",Petrol,Automatic,₹16.21 Lakh,gurgaon
Maruti,Maruti ErtigaBSIV VXI,2018,"70,000kms",Petrol,Manual,₹6.40 Lakh,gurgaon
Tata,Tata NexonXZ Plus,2022,"22,412kms",Petrol,Manual,₹8.84 Lakh,gurgaon
Nissan,Nissan MagniteXL,2024,"21,573kms",Petrol,Manual,₹5.66 Lakh,gurgaon
Honda,Honda CityV,2018,"26,238kms",Petrol,Manual,₹6.35 Lakh,gurgaon
Ford,Ford MustangV8,2019,"15,000kms",Petrol,Automatic,₹89 Lakh,gurgaon
Kia,Kia SeltosHTX G,2022,"35,386kms",Petrol,Manual,₹10.69 Lakh,gurgaon
Hyundai,Hyundai Grand i101.2 Kappa Sportz BSIV,2022,"16,076kms",Petrol,Manual,₹5.80 Lakh,gurgaon
MG,MG HectorSharp DCT,2019,"65,518kms",Petrol,Automatic,₹8.91 Lakh,gurgaon
Ford,Ford Endeavour3.2 Titanium AT 4X4,2017,"1,00,000kms",Diesel,Automatic,₹16.50 Lakh,gurgaon
Hyundai,Hyundai VenueSX Turbo Executive,2019,"39,292kms",Diesel,Manual,₹6.59 Lakh,gurgaon
Tata,Tata Nexon1.2 Revotron XZ Plus,2019,"76,538kms",Petrol,Manual,₹4.55 Lakh,gurgaon
Maruti,Maruti CiazAlpha BSIV,2019,"25,647kms",Petrol,Manual,₹5.62 Lakh,gurgaon
Honda,Honda BR-Vi-DTEC VX MT,2019,"72,000kms",Diesel,Manual,₹6.75 Lakh,gurgaon
Hyundai,Hyundai VenueS,2021,"34,800kms",Petrol,Manual,₹5.61 Lakh,gurgaon
Ford,Ford EcosportTrend,2019,"58,461kms",Petrol,Manual,₹5.47 Lakh,gurgaon
MG,MG HectorHybrid Sharp MT,2022,"81,106kms",Petrol,Manual,₹10.10 Lakh,gurgaon
Hyundai,Hyundai Grand i10Asta Option,2013,"69,000kms",Petrol,Manual,₹2.99 Lakh,gurgaon
Hyundai,Hyundai VenueSX Turbo BSIV,2020,"56,321kms",Petrol,Manual,₹6.15 Lakh,gurgaon
Hyundai,Hyundai Creta1.6 SX,2019,"88,207kms",Petrol,Manual,₹6.05 Lakh,gurgaon
Hyundai,Hyundai Creta1.6 SX Automatic,2019,"85,070kms",Petrol,Automatic,₹7.18 Lakh,gurgaon
Renault,Renault KWIDRXL,2018,"41,000kms",Petrol,Manual,₹2.75 Lakh,gurgaon
Kia,Kia SeltosHTX,2021,"48,724kms",Petrol,Manual,₹8.13 Lakh,gurgaon
Hyundai,Hyundai Creta1.6 SX Automatic,2018,"63,746kms",Petrol,Automatic,₹6.28 Lakh,gurgaon
Maruti,Maruti SwiftVXI,2021,"14,321kms",Petrol,Manual,₹5.26 Lakh,gurgaon
Kia,Kia SeltosHTX,2024,"6,000kms",Petrol,Manual,₹15.75 Lakh,gurgaon
Nissan,Nissan MagniteXL,2024,"21,573kms",Petrol,Manual,₹5.66 Lakh,gurgaon
Honda,Honda CityV,2018,"26,238kms",Petrol,Manual,₹6.35 Lakh,gurgaon
Ford,Ford EcosportTrend,2019,"58,461kms",Petrol,Manual,₹5.47 Lakh,gurgaon
Mercedes-Benz,Mercedes-Benz GLC200,2020,"55,000kms",Petrol,Automatic,₹34 Lakh,gurgaon
MG,MG HectorHybrid Sharp MT,2022,"81,106kms",Petrol,Manual,₹10.10 Lakh,gurgaon
Hyundai,Hyundai VenueSX Turbo BSIV,2020,"56,321kms",Petrol,Manual,₹6.15 Lakh,gurgaon
Hyundai,Hyundai Creta1.6 SX Automatic,2019,"85,070kms",Petrol,Automatic,₹7.18 Lakh,gurgaon
Audi,Audi Q8Celebration Edition BSVI,2022,"32,000kms",Petrol,Automatic,₹71 Lakh,gurgaon
Skoda,Skoda Slavia1.0 TSI Style AT BSVI,2022,"1,03,179kms",Petrol,Automatic,₹10.73 Lakh,gurgaon
Hyundai,Hyundai VenueS Turbo iMT,2021,"72,545kms",Petrol,Manual,₹6.15 Lakh,gurgaon
MG,MG HectorSharp CVT,2022,"41,170kms",Petrol,Automatic,₹11.39 Lakh,gurgaon
Toyota,Toyota Corolla AltisVL AT,2017,"56,873kms",Petrol,Automatic,₹7.45 Lakh,gurgaon
Honda,Honda CityV MT,2023,"54,223kms",Petrol,Manual,₹10.42 Lakh,gurgaon
Honda,Honda Cityi-VTEC CVT ZX,2019,"68,365kms",Petrol,Automatic,₹7.15 Lakh,gurgaon
Kia,Kia SeltosHTX,2021,"48,724kms",Petrol,Manual,₹8.13 Lakh,gurgaon
Mini Cooper,Mini Cooper Countryman  -2021Cooper S,2018,"28,000kms",Petrol,Automatic,₹34 Lakh,gurgaon
MG,MG HectorSharp DCT,2019,"65,518kms",Petrol,Automatic,₹8.91 Lakh,gurgaon
Hyundai,Hyundai VenueSX Turbo Executive,2019,"39,292kms",Diesel,Manual,₹6.59 Lakh,gurgaon
Tata,Tata Nexon1.2 Revotron XZ Plus,2019,"76,538kms",Petrol,Manual,₹4.55 Lakh,gurgaon
Mercedes-Benz,Mercedes-Benz GLA200,2024,"5,500kms",Petrol,Automatic,₹44 Lakh,gurgaon
Maruti,Maruti CiazAlpha BSIV,2019,"25,647kms",Petrol,Manual,₹5.62 Lakh,gurgaon
Hyundai,Hyundai VenueS,2021,"34,800kms",Petrol,Manual,₹5.61 Lakh,gurgaon
Maruti,Maruti CelerioVXI,2016,"66,324kms",Petrol,Manual,₹2.38 Lakh,gurgaon
Hyundai,Hyundai Verna1.6 VTVT AT SX,2016,"58,000kms",Petrol,Automatic,₹6.15 Lakh,gurgaon
Maruti,Maruti Grand VitaraAlpha AT,2022,"68,398kms",Petrol,Automatic,₹12.05 Lakh,gurgaon
Hyundai,Hyundai VenueSX BSVI,2021,"37,535kms",Petrol,Manual,₹5.90 Lakh,gurgaon
Kia,Kia SeltosHTX G,2022,"35,386kms",Petrol,Manual,₹10.69 Lakh,gurgaon
Ford,Ford MustangV8,2017,"22,000kms",Petrol,Automatic,₹73 Lakh,gurgaon
Hyundai,Hyundai Grand i101.2 Kappa Sportz BSIV,2022,"16,076kms",Petrol,Manual,₹5.80 Lakh,gurgaon
Maruti,Maruti SwiftVXI,2015,"32,329kms",Petrol,Manual,₹2.82 Lakh,gurgaon
Maruti,Maruti Wagon RVXI BS IV,2014,"19,205kms",Petrol,Manual,₹1.93 Lakh,gurgaon
Mercedes-Benz,Mercedes-Benz CLA200 CGI Sport,2019,"25,000kms",Petrol,Automatic,₹25.50 Lakh,gurgaon
Kia,Kia SeltosHTK G,2021,"66,115kms",Petrol,Manual,₹7.32 Lakh,gurgaon
Hyundai,Hyundai CretaSX BSVI,2021,"74,935kms",Petrol,Manual,₹9.48 Lakh,gurgaon
Tata,Tata TiagoXZ Plus BSVI,2021,"69,220kms",Petrol,Manual,₹3.82 Lakh,gurgaon
Honda,Honda JazzVX CVT,2018,"63,000kms",Petrol,Automatic,₹3.85 Lakh,gurgaon
Maruti,Maruti CelerioZXI AMT,2023,"12,873kms",Petrol,Automatic,₹5.52 Lakh,gurgaon
Nissan,Nissan MagniteXE BSVI,2022,"26,952kms",Petrol,Manual,₹4.21 Lakh,gurgaon
Maruti,Maruti Ciaz1.4 AT Alpha,2018,"60,510kms",Petrol,Automatic,₹5.61 Lakh,gurgaon
Hyundai,Hyundai CretaSX (O),2024,"30,000kms",Petrol,Manual,₹14.95 Lakh,gurgaon
Renault,Renault KWIDClimber 1.0 MT,2017,"79,352kms",Petrol,Manual,₹2.56 Lakh,gurgaon
Maruti,Maruti CelerioZXI AMT,2015,"46,926kms",Petrol,Automatic,₹2.83 Lakh,gurgaon
Honda,Honda BrioVX,2016,"1,08,825kms",Petrol,Manual,₹2.87 Lakh,gurgaon
MG,MG AstorSharp CVT BSVI,2023,"32,000kms",Petrol,Automatic,₹11.95 Lakh,gurgaon
Maruti,Maruti Wagon RLXI CNG,2012,"83,972kms",CNG,Manual,₹2.12 Lakh,gurgaon
Hyundai,Hyundai i10Magna 1.1,2016,"38,373kms",Petrol,Manual,₹2.91 Lakh,gurgaon
Maruti,Maruti Alto K10VXI,2016,"45,176kms",Petrol,Manual,₹2.10 Lakh,gurgaon
Audi,Audi Q745 TDI Quattro Premium Plus,2016,"80,000kms",Diesel,Automatic,₹24.75 Lakh,gurgaon
Honda,Honda AmazeS i-VTEC,2014,"79,279kms",Petrol,Manual,₹2.93 Lakh,gurgaon
Hyundai,Hyundai EONMagna,2015,"56,121kms",Petrol,Manual,₹2.49 Lakh,gurgaon
Hyundai,Hyundai Grand i101.2 Kappa Sportz BSIV,2018,"62,916kms",Petrol,Manual,₹3 Lakh,gurgaon
Jaguar,Jaguar XF2.0 Diesel Prestige,2018,"16,000kms",Diesel,Automatic,₹25.75 Lakh,gurgaon
Maruti,Maruti Wagon RVXI BS IV,2018,"57,338kms",Petrol,Manual,₹2.31 Lakh,gurgaon
Maruti,Maruti Wagon RVXI,2014,"51,992kms",Petrol,Manual,₹2.49 Lakh,gurgaon
Maruti,Maruti Alto 800LXI,2019,"45,382kms",Petrol,Manual,₹2.45 Lakh,gurgaon
Audi,Audi Q3Premium Plus,2024,"29,000kms",Petrol,Automatic,₹35.75 Lakh,gurgaon
Maruti,Maruti Alto K10VXI Optional,2016,"47,570kms",Petrol,Manual,₹1.82 Lakh,gurgaon
Hyundai,Hyundai Grand i10Sportz,2015,"73,514kms",Petrol,Manual,₹2.43 Lakh,gurgaon
Tata,Tata Tigor1.2 Revotron XT,2017,"56,510kms",Petrol,Manual,₹2.98 Lakh,gurgaon
Mercedes-Benz,Mercedes-Benz C-ClassProgressive C 200,2019,"25,000kms",Petrol,Automatic,₹28.90 Lakh,gurgaon
Hyundai,Hyundai Grand i101.2 Kappa Magna BSIV,2014,"88,536kms",Petrol,Manual,₹2.79 Lakh,gurgaon
Hyundai,Hyundai Grand i101.2 Kappa Sportz BSIV,2018,"94,763kms",Petrol,Manual,₹2.77 Lakh,gurgaon
Honda,Honda AmazeS i-VTEC,2016,"1,00,188kms",Petrol,Manual,₹2.96 Lakh,gurgaon
Skoda,Skoda SuperbLaurin & klement BSVI,2021,"38,000kms",Petrol,Automatic,₹25.75 Lakh,gurgaon
Hyundai,Hyundai i20Asta 1.2,2015,"85,226kms",Petrol,Manual,₹2.91 Lakh,gurgaon
Maruti,Maruti CelerioZXI,2016,"77,581kms",Petrol,Manual,₹2.95 Lakh,gurgaon
Honda,Honda AmazeS i-Vtech,2015,"67,359kms",Petrol,Manual,₹2.30 Lakh,gurgaon
Maruti,Maruti InvictoZeta Plus 7Str,2024,"45,000kms",Petrol,Automatic,₹23 Lakh,gurgaon
Datsun,Datsun GOT Option,2020,"70,667kms",Petrol,Manual,₹2.39 Lakh,gurgaon
Hyundai,Hyundai Grand i10Asta,2014,"72,675kms",Petrol,Manual,₹2.44 Lakh,gurgaon
Renault,Renault KWID1.0 RXT Opt,2018,"75,719kms",Petrol,Manual,₹2.55 Lakh,gurgaon
Hyundai,Hyundai Creta1.4 E Plus CRDi,2017,"1,50,000kms",Diesel,Manual,₹6.25 Lakh,gurgaon
Hyundai,Hyundai Grand i10Sportz,2016,"35,189kms",Petrol,Manual,₹2.80 Lakh,gurgaon
Hyundai,Hyundai Grand i10Sportz,2016,"51,434kms",Petrol,Manual,₹2.87 Lakh,gurgaon
Tata,Tata HarrierXE BSIV,2020,"92,436kms",Diesel,Manual,₹8.24 Lakh,gurgaon
Mercedes-Benz,Mercedes-Benz GLA Class200,2016,"70,000kms",Petrol,Automatic,₹17.75 Lakh,gurgaon
Renault,Renault KWIDRXL,2017,"75,770kms",Petrol,Manual,₹1.60 Lakh,gurgaon
Nissan,Nissan Micra ActiveXV S,2018,"50,586kms",Petrol,Manual,₹3.05 Lakh,gurgaon
Honda,Honda CityZX MT,2022,"27,026kms",Petrol,Manual,₹11.52 Lakh,gurgaon
Toyota,Toyota Innova Crysta2.7 GX 8 STR,2022,"32,000kms",Petrol,Manual,₹15.50 Lakh,gurgaon
Honda,Honda CityZX MT,2021,"24,839kms",Petrol,Manual,₹10.64 Lakh,gurgaon
Tata,Tata NexonXZA Plus P Dark Edition AMT Diesel,2022,"58,255kms",Diesel,Automatic,₹7.92 Lakh,gurgaon
Maruti,Maruti Wagon RLXI BS IV,2014,"87,492kms",Petrol,Manual,₹1.85 Lakh,gurgaon
Jeep,Jeep WranglerRubicon BSVI,2023,"10,000kms",Petrol,Automatic,₹58 Lakh,gurgaon
Maruti,Maruti Wagon RAMT VXI,2016,"64,867kms",Petrol,Automatic,₹2.55 Lakh,gurgaon
Maruti,Maruti Swift DzireVXI,2015,"70,934kms",Petrol,Manual,₹2.82 Lakh,gurgaon
Kia,Kia SonetGTX Plus Turbo iMT DT,2021,"44,609kms",Petrol,Manual,₹8.60 Lakh,gurgaon
Mahindra,Mahindra XUV700AX7L 7Str Diesel AT,2024,"37,000kms",Diesel,Automatic,₹22.75 Lakh,gurgaon
Nissan,Nissan SunnyXV,2012,"74,805kms",Petrol,Manual,₹2.69 Lakh,gurgaon
Renault,Renault KWID1.0 RXT Opt,2018,"59,986kms",Petrol,Manual,₹2.65 Lakh,gurgaon
Renault,Renault KWID1.0 RXT,2022,"14,672kms",Petrol,Manual,₹3.86 Lakh,gurgaon
BMW,BMW 3 Series Long Wheelbase330Li M Sport First Edition,2022,"48,000kms",Petrol,Automatic,₹38.75 Lakh,gurgaon
Jeep,Jeep Compass1.4 Limited Opt DCT BSVI,2022,"47,295kms",Petrol,Automatic,₹16.42 Lakh,gurgaon
Hyundai,Hyundai VernaSX Opt Turbo,2022,"39,181kms",Petrol,Automatic,₹11.74 Lakh,gurgaon
Honda,Honda BrioS MT,2012,"55,556kms",Petrol,Manual,₹2.05 Lakh,gurgaon
Land Rover,Land Rover Discovery SportTD4 HSE 7S,2018,"40,000kms",Diesel,Automatic,₹26.50 Lakh,gurgaon
Renault,Renault KWIDRXT,2016,"41,281kms",Petrol,Manual,₹1.56 Lakh,gurgaon
Mahindra,Mahindra TharLX Hard Top,2021,"46,342kms",Petrol,Manual,₹9.95 Lakh,gurgaon
Maruti,Maruti DzireZXI,2018,"25,596kms",Petrol,Manual,₹4.91 Lakh,gurgaon
Land Rover,Land Rover Discovery SportTD4 SE 7S,2019,"36,000kms",Diesel,Automatic,₹24.75 Lakh,gurgaon
Honda,Honda Jazz1.2 V AT i VTEC,2017,"63,606kms",Petrol,Automatic,₹3.56 Lakh,gurgaon
Maruti,Maruti CelerioZXI,2022,"38,808kms",Petrol,Manual,₹4.02 Lakh,gurgaon
Renault,Renault TriberRXT BSVI,2022,"1,01,614kms",Petrol,Manual,₹3.32 Lakh,gurgaon
Mercedes-Benz,2021Mercedes-Benz AMG G 634MATIC  -2023,2018,"45,000kms",Petrol,Automatic,₹2.58 Crore,gurgaon
Hyundai,Hyundai i20Magna Plus,2020,"28,357kms",Petrol,Manual,₹4.26 Lakh,gurgaon
Honda,Honda Cityi-VTEC V,2018,"46,469kms",Petrol,Manual,₹4.16 Lakh,gurgaon
Maruti,Maruti SwiftZXI AMT,2022,"32,607kms",Petrol,Automatic,₹5.73 Lakh,gurgaon
Hyundai,Hyundai AlcazarPlatinum (O) Turbo DCT,2022,"40,000kms",Petrol,Automatic,₹14.45 Lakh,gurgaon
Tata,Tata AltrozXT,2021,"68,794kms",Petrol,Manual,₹4.68 Lakh,gurgaon
Maruti,Maruti DzireZXI,2018,"25,596kms",Petrol,Manual,₹4.91 Lakh,gurgaon
Maruti,Maruti Wagon RVXI 1.2,2018,"76,654kms",Petrol,Manual,₹3.23 Lakh,gurgaon
Audi,Audi Q740 TFSI Quattro Technology,2019,"59,000kms",Petrol,Automatic,₹35.75 Lakh,gurgaon
Honda,Honda MobilioV i-VTEC,2015,"71,551kms",Petrol,Manual,₹3.89 Lakh,gurgaon
Tata,Tata TiagoXT BSVI,2021,"72,428kms",Petrol,Manual,₹3.30 Lakh,gurgaon
Tata,Tata TiagoXT,2023,"30,462kms",Petrol,Manual,₹3.80 Lakh,gurgaon
Mahindra,Mahindra Alturas G44X4 AT BSIV,2019,"70,000kms",Diesel,Automatic,₹17.75 Lakh,gurgaon
Maruti,Maruti ErtigaVXI CNG,2017,"78,498kms",CNG,Manual,₹4.87 Lakh,gurgaon
Hyundai,Hyundai Grand i101.2 Kappa Magna BSIV,2018,"51,511kms",Petrol,Manual,₹3.42 Lakh,gurgaon
Maruti,Maruti CiazAT ZXi,2017,"26,325kms",Petrol,Automatic,₹5.76 Lakh,gurgaon
Ford,Ford EndeavourTitanium Plus 4X2 AT,2021,"80,000kms",Diesel,Automatic,₹27.95 Lakh,gurgaon
Maruti,Maruti Eeco7 Seater STD,2023,"1,25,308kms",Petrol,Manual,₹3.58 Lakh,gurgaon
Toyota,Toyota HiluxHigh AT,2024,"10,000kms",Diesel,Automatic,₹31 Lakh,gurgaon
BMW,BMW i8Hybrid,2015,"8,700kms",Petrol,Automatic,₹60 Lakh,gurgaon
Kia,Kia CarnivalLimousine Plus,2022,"51,000kms",Diesel,Automatic,₹30 Lakh,gurgaon
Isuzu,Isuzu D-Max4X4,2017,"58,000kms",Diesel,Manual,₹17 Lakh,gurgaon
Maruti,Maruti EecoCNG 5 Seater AC,2021,"1,00,000kms",CNG,Manual,₹3.70 Lakh,gurgaon
Maruti,Maruti Eeco5 Seater AC CNG,2023,"64,000kms",CNG,Manual,₹4.85 Lakh,gurgaon
Tata,Tata HarrierXZ Plus BSVI,2022,"41,000kms",Diesel,Manual,₹14.75 Lakh,gurgaon
Hyundai,Hyundai Xcent1.2 Kappa S,2015,"75,000kms",Petrol,Manual,₹3.10 Lakh,gurgaon
Hyundai,Hyundai Grand i10Sportz,2015,"44,000kms",Petrol,Manual,₹2.75 Lakh,gurgaon
Hyundai,Hyundai Verna1.6 EX VTVT,2013,"80,000kms",Petrol,Manual,₹3.10 Lakh,gurgaon
Mercedes-Benz,Mercedes-Benz CLA200 CGI Sport,2016,"16,000kms",Petrol,Automatic,₹20 Lakh,gurgaon
Volkswagen,Volkswagen Polo1.2 MPI Highline,2015,"55,000kms",Petrol,Manual,₹3.40 Lakh,gurgaon
Ford,Ford Ecosport1.5 Petrol Titanium BSIV,2018,"68,000kms",Petrol,Manual,₹5.35 Lakh,gurgaon
Ford,Ford Ecosport1.5 Petrol Titanium BSIV,2019,"52,000kms",Petrol,Manual,₹5.45 Lakh,gurgaon
Hyundai,Hyundai VernaSX IVT,2022,"46,000kms",Petrol,Automatic,₹10.95 Lakh,gurgaon
Hyundai,Hyundai Grand i10Sportz,2014,"49,000kms",Petrol,Manual,₹2.65 Lakh,gurgaon
Volkswagen,Volkswagen Ameo1.0 MPI Highline Plus,2019,"80,000kms",Petrol,Manual,₹4.70 Lakh,gurgaon
Hyundai,Hyundai Xcent1.2 Kappa S,2017,"45,000kms",Petrol,Manual,₹3.60 Lakh,gurgaon
Hyundai,Hyundai i20 N-LineN8 DCT BSVI,2022,"37,000kms",Petrol,Automatic,₹8.75 Lakh,gurgaon
Hyundai,Hyundai Xcent1.2 Kappa S,2015,"75,000kms",Petrol,Manual,₹3.10 Lakh,gurgaon
Hyundai,Hyundai Grand i10Sportz,2015,"44,000kms",Petrol,Manual,₹2.75 Lakh,gurgaon
Hyundai,Hyundai Verna1.6 EX VTVT,2013,"80,000kms",Petrol,Manual,₹3.10 Lakh,gurgaon
Ford,Ford FreestyleTitanium Plus Diesel BSIV,2019,"72,000kms",Diesel,Manual,₹4.15 Lakh,gurgaon
Volkswagen,Volkswagen Polo1.0 MPI Comfortline,2021,"62,000kms",Petrol,Manual,₹5.60 Lakh,gurgaon
Hyundai,Hyundai ElantraSX,2015,"54,000kms",Petrol,Manual,₹4.85 Lakh,gurgaon
Toyota,Toyota HiluxHigh AT,2024,"10,000kms",Diesel,Automatic,₹31 Lakh,gurgaon
Volkswagen,Volkswagen Tiguan2.0 TDI Highline,2020,"64,000kms",Diesel,Automatic,₹19.75 Lakh,gurgaon
Maruti,Maruti Eeco5 Seater AC CNG BSVI,2022,"47,760kms",CNG,Manual,₹4.94 Lakh,gurgaon
Maruti,Maruti Eeco5 Seater AC,2023,"27,556kms",Petrol,Manual,₹4.89 Lakh,gurgaon
Mahindra,Mahindra ScorpioS5,2022,"46,200kms",Diesel,Manual,₹14.55 Lakh,gurgaon
Volkswagen,Volkswagen Taigun1.5 TSI GT Plus DSG,2021,"42,191kms",Petrol,Automatic,₹10 Lakh,gurgaon
Mahindra,Mahindra XUV300W8 BSVI,2023,"28,371kms",Petrol,Manual,₹7.58 Lakh,gurgaon
Maruti,Maruti Grand VitaraDelta,2024,"26,682kms",Petrol,Manual,₹10.09 Lakh,gurgaon
Renault,Renault DusterPetrol RxL,2016,"85,282kms",Petrol,Manual,₹3.79 Lakh,gurgaon
Maruti,Maruti BalenoSigma,2021,"9,594kms",Petrol,Manual,₹5.35 Lakh,gurgaon
Maruti,Maruti CiazPetrol,2017,"57,550kms",Diesel,Manual,₹5.23 Lakh,gurgaon
Honda,Honda CityZX MT,2023,"23,054kms",Petrol,Manual,₹11.17 Lakh,gurgaon
Maruti,Maruti CiazPetrol,2018,"51,541kms",Diesel,Manual,₹5.67 Lakh,gurgaon
Land Rover,Land Rover Range Rover VelarR-Dynamic S Petrol MY21,2020,"45,000kms",Petrol,Automatic,₹51.75 Lakh,gurgaon
Hyundai,Hyundai Creta1.6 VTVT AT SX Plus,2018,"93,767kms",Petrol,Automatic,₹7.06 Lakh,gurgaon
Mahindra,Mahindra XUV300W8 BSVI,2023,"28,371kms",Petrol,Manual,₹7.58 Lakh,gurgaon
Hyundai,Hyundai VenueSX Opt Turbo,2021,"29,468kms",Petrol,Manual,₹8.15 Lakh,gurgaon
Land Rover,Land Rover Range Rover VelarDynamic HSE,2024,"13,000kms",Petrol,Automatic,₹75.75 Lakh,gurgaon
Maruti,Maruti Grand VitaraDelta,2023,"41,216kms",Petrol,Manual,₹9.69 Lakh,gurgaon
Hyundai,Hyundai VenueSX Opt Turbo,2021,"60,673kms",Petrol,Manual,₹6.25 Lakh,gurgaon
Hyundai,Hyundai VenueSX Turbo Executive,2019,"51,295kms",Diesel,Manual,₹6.81 Lakh,gurgaon
Hyundai,Hyundai Grand i101.2 Kappa Sportz Option,2018,"68,000kms",Petrol,Manual,₹3.85 Lakh,gurgaon
Nissan,Nissan MagniteXV,2023,"26,788kms",Petrol,Manual,₹5.72 Lakh,gurgaon
Mahindra,Mahindra XUV300W6 Diesel,2022,"41,054kms",Diesel,Manual,₹6.74 Lakh,gurgaon
Hyundai,Hyundai Verna1.6 VTVT SX,2017,"88,042kms",Petrol,Manual,₹6.21 Lakh,gurgaon
Hyundai,Hyundai VernaSX Turbo DCT,2023,"43,000kms",Petrol,Automatic,₹13.75 Lakh,gurgaon
Renault,Renault DusterPetrol RxL,2016,"85,282kms",Petrol,Manual,₹3.79 Lakh,gurgaon
Maruti,Maruti CiazPetrol,2017,"57,550kms",Diesel,Manual,₹5.23 Lakh,gurgaon
Honda,Honda CityZX MT,2023,"23,054kms",Petrol,Manual,₹11.17 Lakh,gurgaon
Honda,Honda Cityi-VTEC CVT VX,2018,"70,000kms",Petrol,Automatic,₹6.95 Lakh,gurgaon
Maruti,Maruti CiazPetrol,2018,"51,541kms",Diesel,Manual,₹5.67 Lakh,gurgaon
Maruti,Maruti CiazPetrol,2018,"53,635kms",Diesel,Manual,₹5.21 Lakh,gurgaon
Maruti,Maruti CiazPetrol,2019,"1,23,773kms",Diesel,Manual,₹5.80 Lakh,gurgaon
Honda,Honda AmazeVX i-VTEC,2016,"52,000kms",Petrol,Manual,₹3.25 Lakh,gurgaon
Hyundai,Hyundai Creta1.6 SX Diesel,2017,"95,359kms",Diesel,Manual,₹6.02 Lakh,gurgaon
Kia,Kia SeltosGTX,2019,"31,075kms",Petrol,Manual,₹9.48 Lakh,gurgaon
Maruti,Maruti XL6Alpha AT,2021,"1,18,967kms",Petrol,Automatic,₹7.86 Lakh,gurgaon
Volvo,Volvo XC60D5 Summum,2014,"87,000kms",Diesel,Automatic,₹6.50 Lakh,gurgaon
Kia,Kia SeltosHTX G,2022,"27,832kms",Petrol,Manual,₹10.66 Lakh,gurgaon
Hyundai,Hyundai VenueSX Opt Turbo,2022,"45,083kms",Petrol,Manual,₹7.94 Lakh,gurgaon
Maruti,Maruti Grand VitaraZeta BSVI,2023,"27,838kms",Petrol,Manual,₹11.89 Lakh,gurgaon
Honda,Honda CityV MT,2019,"62,000kms",Petrol,Manual,₹7 Lakh,gurgaon
Kia,Kia SeltosGTX DCT,2021,"60,201kms",Petrol,Automatic,₹9.07 Lakh,gurgaon
Maruti,Maruti XL6Alpha AT,2020,"1,02,952kms",Petrol,Automatic,₹7.31 Lakh,gurgaon
Hyundai,Hyundai VenueSX Turbo iMT,2020,"56,730kms",Petrol,Manual,₹8.39 Lakh,gurgaon
Mahindra,Mahindra TharLX Hard Top AT RWD,2024,"7,000kms",Petrol,Automatic,₹13.25 Lakh,gurgaon
Nissan,Nissan MagniteTurbo XV,2021,"71,287kms",Petrol,Manual,₹6.14 Lakh,gurgaon
Honda,Honda WR-Vi-VTEC VX,2019,"53,218kms",Petrol,Manual,₹6 Lakh,gurgaon
Tata,Tata NexonXZ Diesel,2020,"52,836kms",Diesel,Manual,₹7.05 Lakh,gurgaon
Ford,Ford FigoTitanium BSIV,2019,"63,000kms",Petrol,Manual,₹3.15 Lakh,gurgaon
Maruti,Maruti Grand VitaraDelta,2024,"26,682kms",Petrol,Manual,₹10.09 Lakh,gurgaon
Hyundai,Hyundai VenueSX Opt Turbo,2021,"31,331kms",Petrol,Manual,₹7.72 Lakh,gurgaon
Nissan,Nissan MagniteTurbo XL,2023,"24,772kms",Petrol,Manual,₹5.78 Lakh,gurgaon
Audi,Audi A62.8 FSI,2011,"69,000kms",Petrol,Automatic,₹6 Lakh,gurgaon
Hyundai,Hyundai VernaSX Opt Turbo,2021,"56,761kms",Petrol,Automatic,₹10.33 Lakh,gurgaon
Hyundai,Hyundai VenueSX Turbo Executive,2020,"43,207kms",Diesel,Manual,₹7.04 Lakh,gurgaon
Ford,Ford EcosportTitanium Plus AT,2020,"54,728kms",Petrol,Automatic,₹7.17 Lakh,gurgaon
Hyundai,Hyundai CretaE,2024,"8,000kms",Petrol,Manual,₹11.50 Lakh,gurgaon
Honda,Honda WR-Vi-VTEC S,2020,"77,000kms",Petrol,Manual,₹5.35 Lakh,gurgaon
Kia,Kia CarensLuxury Plus Diesel AT 6 STR BSVI,2022,"25,000kms",Diesel,Automatic,₹13.95 Lakh,gurgaon
Maruti,Maruti CiazDelta 1.5,2018,"49,000kms",Diesel,Manual,₹5.45 Lakh,gurgaon
BMW,BMW 5 Series520d Luxury Line,2016,"85,000kms",Diesel,Automatic,₹17.50 Lakh,gurgaon
Kia,Kia CarnivalPremium,2021,"74,000kms",Diesel,Automatic,₹21 Lakh,gurgaon
Kia,Kia SonetGTX Plus Diesel BSVI,2021,"75,000kms",Diesel,Manual,₹7.80 Lakh,gurgaon
Mercedes-Benz,Mercedes-Benz GLC220d 4MATIC,2021,"36,000kms",Diesel,Automatic,₹39.50 Lakh,gurgaon
Mercedes-Benz,Mercedes-Benz GLC200,2022,"34,000kms",Petrol,Automatic,₹49 Lakh,gurgaon
Mercedes-Benz,Mercedes-Benz E-ClassExclusive E 200,2020,"15,000kms",Petrol,Automatic,₹44.50 Lakh,gurgaon
Volvo,Volvo XC60Momentum D4 BSIV,2018,"59,000kms",Diesel,Automatic,₹29 Lakh,gurgaon
Mercedes-Benz,Mercedes-Benz C-ClassC 200,2023,"13,000kms",Petrol,Automatic,₹49 Lakh,gurgaon
Renault,Renault TriberRXZ BSVI,2022,"60,000kms",Petrol,Manual,₹5.50 Lakh,gurgaon
Maruti,Maruti Wagon RLXI CNG,2023,"33,000kms",CNG,Manual,₹5.75 Lakh,gurgaon
MG,MG HectorSharp CVT,2023,"40,000kms",Petrol,Automatic,₹16 Lakh,gurgaon
Hyundai,Hyundai Creta1.6 SX Option,2020,"60,000kms",Petrol,Manual,₹10 Lakh,gurgaon
Hyundai,Hyundai CretaEX BSVI,2021,"68,000kms",Petrol,Manual,₹8.60 Lakh,gurgaon
Maruti,Maruti Vitara BrezzaVDi Option,2017,"68,000kms",Diesel,Manual,₹5 Lakh,gurgaon
Mahindra,Mahindra XUV300W8,2019,"71,000kms",Petrol,Manual,₹6.20 Lakh,gurgaon
Maruti,Maruti CiazDelta AT,2021,"72,000kms",Petrol,Automatic,₹6.40 Lakh,gurgaon
Tata,Tata NexonSmart Plus,2023,"25,000kms",Petrol,Manual,₹7.50 Lakh,gurgaon
Hyundai,Hyundai VernaSX Opt Turbo,2021,"1,20,000kms",Petrol,Automatic,₹9.50 Lakh,gurgaon
MG,MG HectorSharp CVT,2023,"7,300kms",Petrol,Automatic,₹18 Lakh,gurgaon
MG,MG Hector PlusSharp DCT,2020,"52,000kms",Petrol,Automatic,₹12.50 Lakh,gurgaon
Maruti,Maruti Vitara BrezzaZDi,2018,"50,000kms",Diesel,Manual,₹5.50 Lakh,gurgaon
Hyundai,Hyundai VernaSX IVT Opt,2023,"48,500kms",Petrol,Automatic,₹12.49 Lakh,gurgaon
Kia,Kia SeltosHTE Diesel iMT,2023,"29,000kms",Diesel,Automatic,₹10.50 Lakh,gurgaon
Hyundai,Hyundai AuraSX,2020,"30,000kms",Petrol,Manual,₹5.15 Lakh,gurgaon
MG,MG HectorSharp AT BSIV,2021,"60,000kms",Petrol,Automatic,₹12 Lakh,gurgaon
Maruti,Maruti XL6Zeta AT,2022,"40,000kms",Petrol,Automatic,₹9 Lakh,gurgaon
Maruti,Maruti Vitara BrezzaVDi,2018,"60,000kms",Diesel,Manual,₹5.50 Lakh,gurgaon
Kia,Kia SeltosHTK Plus G,2021,"40,000kms",Petrol,Manual,₹9 Lakh,gurgaon
Maruti,Maruti Grand VitaraDelta AT,2024,"19,000kms",Petrol,Automatic,₹14 Lakh,gurgaon
Hyundai,Hyundai VenueSX Diesel,2023,"50,000kms",Diesel,Manual,₹10 Lakh,gurgaon
Toyota,Toyota Innova Crysta2.4 G MT BSIV,2017,"1,50,000kms",Diesel,Manual,₹9 Lakh,gurgaon
Hyundai,Hyundai Grand i101.2 CRDi Sportz,2019,"60,000kms",Diesel,Manual,₹4.20 Lakh,gurgaon
Honda,Honda AmazeS Option i-VTEC,2017,"70,000kms",Petrol,Manual,₹3.90 Lakh,gurgaon
MG,MG HectorSharp CVT,2023,"7,300kms",Petrol,Automatic,₹18 Lakh,gurgaon
MG,MG Hector PlusSharp DCT,2020,"52,000kms",Petrol,Automatic,₹12.50 Lakh,gurgaon
Hyundai,Hyundai VernaSX Opt Turbo,2021,"1,20,000kms",Petrol,Automatic,₹9.50 Lakh,gurgaon
Maruti,Maruti Wagon RLXI CNG,2023,"33,000kms",CNG,Manual,₹5.75 Lakh,gurgaon
MG,MG HectorSharp CVT,2023,"40,000kms",Petrol,Automatic,₹16 Lakh,gurgaon
Hyundai,Hyundai Creta1.6 CRDi AT SX Plus,2018,"65,000kms",Diesel,Automatic,₹7.75 Lakh,gurgaon
Mahindra,Mahindra MarazzoM4,2018,"1,20,000kms",Diesel,Manual,₹6 Lakh,gurgaon
Mercedes-Benz,Mercedes-Benz S-ClassS 350 CDI,2015,"80,000kms",Diesel,Automatic,₹22 Lakh,gurgaon
Tata,Tata NexonXM S,2023,"20,000kms",Petrol,Manual,₹7.50 Lakh,gurgaon
Hyundai,Hyundai VernaSX,2023,"35,000kms",Petrol,Manual,₹11.50 Lakh,gurgaon
Maruti,Maruti XL6Zeta CNG BSVI,2023,"60,000kms",CNG,Manual,₹9.50 Lakh,gurgaon
Honda,Honda Amaze 2nd GenVX CVT,2025,"20,000kms",Petrol,Automatic,₹10 Lakh,gurgaon
Maruti,Maruti XL6Zeta AT,2022,"40,000kms",Petrol,Automatic,₹9 Lakh,gurgaon
Maruti,Maruti Vitara BrezzaVDi,2018,"60,000kms",Diesel,Manual,₹5.50 Lakh,gurgaon
Hyundai,Hyundai Creta1.6 VTVT E Plus,2017,"80,000kms",Petrol,Manual,₹5.50 Lakh,gurgaon
Maruti,Maruti Grand VitaraDelta AT,2024,"19,000kms",Petrol,Automatic,₹14 Lakh,gurgaon
Hyundai,Hyundai VenueSX Diesel,2023,"50,000kms",Diesel,Manual,₹10 Lakh,gurgaon
Toyota,Toyota Innova Crysta2.4 G MT BSIV,2017,"1,50,000kms",Diesel,Manual,₹9 Lakh,gurgaon
Hyundai,Hyundai Grand i101.2 CRDi Sportz,2019,"60,000kms",Diesel,Manual,₹4.20 Lakh,gurgaon
Hyundai,Hyundai Creta1.6 VTVT E Plus,2017,"80,000kms",Petrol,Manual,₹5.50 Lakh,gurgaon
Maruti,Maruti Grand VitaraDelta AT,2024,"19,000kms",Petrol,Automatic,₹14 Lakh,gurgaon
Hyundai,Hyundai VenueSX Diesel,2023,"50,000kms",Diesel,Manual,₹10 Lakh,gurgaon
Toyota,Toyota Innova Crysta2.4 G MT BSIV,2017,"1,50,000kms",Diesel,Manual,₹9 Lakh,gurgaon
Hyundai,Hyundai Grand i101.2 CRDi Sportz,2019,"60,000kms",Diesel,Manual,₹4.20 Lakh,gurgaon
Maruti,Maruti SwiftLXI Optional-O,2016,"64,000kms",Petrol,Manual,₹2.68 Lakh,gurgaon
Jaguar,Jaguar XJ2.0L Premium  Luxury LWB,2015,"34,000kms",Petrol,Automatic,₹26 Lakh,gurgaon
Hyundai,Hyundai VenueS BSVI,2022,"35,000kms",Petrol,Manual,₹6 Lakh,gurgaon
MG,MG HectorSharp AT BSIV,2021,"60,000kms",Petrol,Automatic,₹12 Lakh,gurgaon
Toyota,Toyota Innova Crysta2.4 G 7 STR,2021,"72,000kms",Diesel,Manual,₹16 Lakh,gurgaon
Kia,Kia SonetX-Line Turbo DCT BSVI,2023,"20,000kms",Petrol,Automatic,₹13 Lakh,gurgaon
Maruti,Maruti Vitara BrezzaVDi,2019,"80,000kms",Diesel,Manual,₹5 Lakh,gurgaon
Maruti,Maruti CiazAlpha Diesel,2019,"90,000kms",Diesel,Manual,₹7.50 Lakh,gurgaon
Maruti,Maruti Grand VitaraAlpha BSVI,2023,"15,000kms",Petrol,Manual,₹17.25 Lakh,gurgaon
Honda,Honda AmazeS i-Vtech,2013,"65,000kms",Petrol,Manual,₹3 Lakh,gurgaon
Hyundai,Hyundai Xcent1.2 Kappa Base,2014,"50,000kms",Petrol,Manual,₹2.40 Lakh,gurgaon
Lexus,Lexus ES300h Luxury,2022,"20,000kms",Petrol,Automatic,₹47 Lakh,gurgaon
Tata,Tata NexonXM S BSVI,2022,"27,000kms",Petrol,Manual,₹6.50 Lakh,gurgaon
Maruti,Maruti Swift DzireVXI 1.2,2018,"50,000kms",Petrol,Manual,₹4.13 Lakh,gurgaon
Toyota,Toyota Innova Crysta2.4 G MT 8S BSIV,2016,"80,000kms",Diesel,Manual,₹11 Lakh,gurgaon
Porsche,Porsche CayenneDiesel Platinum Edition,2018,"50,000kms",Diesel,Automatic,₹46 Lakh,gurgaon
Kia,Kia SeltosHTK Plus,2023,"19,300kms",Petrol,Manual,₹12.45 Lakh,gurgaon
Kia,Kia SeltosGTX Plus,2019,"1,06,000kms",Petrol,Manual,₹9.35 Lakh,gurgaon
Maruti,Maruti Grand VitaraSigma,2024,"30,000kms",Petrol,Manual,₹12 Lakh,gurgaon
Tata,Tata TiagoXT,2023,"26,000kms",Petrol,Manual,₹7.25 Lakh,gurgaon
Kia,Kia SeltosHTK,2023,"19,000kms",Petrol,Manual,₹11.25 Lakh,gurgaon
BMW,BMW X7xDrive30d DPE Signature,2021,"1,07,000kms",Diesel,Automatic,₹69 Lakh,gurgaon
BMW,BMW 5 Series520d Luxury Line,2019,"72,000kms",Diesel,Automatic,₹29.50 Lakh,gurgaon
Maruti,Maruti CiazZXi,2014,"1,10,000kms",Petrol,Manual,₹2.85 Lakh,gurgaon
Kia,Kia CarensLuxury Plus Diesel AT 6 STR BSVI,2022,"62,700kms",Diesel,Automatic,₹13.50 Lakh,gurgaon
Mercedes-Benz,Mercedes-Benz GLC200,2022,"34,000kms",Petrol,Automatic,₹49 Lakh,gurgaon
Mercedes-Benz,Mercedes-Benz E-ClassExclusive E 200,2020,"15,000kms",Petrol,Automatic,₹44.50 Lakh,gurgaon
Hyundai,Hyundai CretaE BSVI,2021,"54,000kms",Petrol,Manual,₹9.50 Lakh,gurgaon
Kia,Kia SeltosHTK Plus G,2022,"60,000kms",Petrol,Manual,₹8.50 Lakh,gurgaon
Maruti,Maruti Grand VitaraDelta,2023,"30,000kms",Petrol,Manual,₹11 Lakh,gurgaon
Toyota,Toyota Innova Crysta2.4 VX 7 STR,2021,"55,000kms",Diesel,Manual,₹17.50 Lakh,gurgaon
Kia,Kia SeltosHTK,2023,"19,000kms",Petrol,Manual,₹11.26 Lakh,gurgaon
BMW,BMW X7xDrive 30d DPE,2021,"1,07,000kms",Diesel,Automatic,₹69 Lakh,gurgaon
Hyundai,Hyundai Creta1.6 S Automatic,2019,"70,000kms",Diesel,Automatic,₹7.50 Lakh,gurgaon
Kia,Kia SeltosGTX Plus DCT,2023,"57,800kms",Petrol,Automatic,₹14.95 Lakh,gurgaon
BMW,BMW X7xDrive 30d DPE,2021,"1,07,000kms",Diesel,Automatic,₹69 Lakh,gurgaon
Hyundai,Hyundai Creta1.6 S Automatic,2019,"70,000kms",Diesel,Automatic,₹7.50 Lakh,gurgaon
Honda,Honda AmazeS i-Vtech,2015,"67,000kms",Petrol,Manual,₹2.50 Lakh,gurgaon
Mahindra,Mahindra MarazzoM6,2019,"85,000kms",Diesel,Manual,₹5.85 Lakh,gurgaon
Maruti,Maruti Vitara BrezzaVDi,2018,"60,000kms",Diesel,Manual,₹5.50 Lakh,gurgaon
Toyota,Toyota Innova Crysta2.4 G 7 STR,2021,"72,000kms",Diesel,Manual,₹16 Lakh,gurgaon
Hyundai,Hyundai Creta1.6 VTVT E Plus,2017,"80,000kms",Petrol,Manual,₹5.50 Lakh,gurgaon
Maruti,Maruti Grand VitaraDelta AT,2024,"19,000kms",Petrol,Automatic,₹14 Lakh,gurgaon
Hyundai,Hyundai VenueSX Diesel,2023,"50,000kms",Diesel,Manual,₹10 Lakh,gurgaon
Toyota,Toyota Innova Crysta2.4 G MT BSIV,2017,"1,50,000kms",Diesel,Manual,₹9 Lakh,gurgaon
Hyundai,Hyundai Grand i101.2 CRDi Sportz,2019,"60,000kms",Diesel,Manual,₹4.20 Lakh,gurgaon
Kia,Kia SonetX-Line Turbo DCT BSVI,2023,"20,000kms",Petrol,Automatic,₹13 Lakh,gurgaon
Maruti,Maruti Vitara BrezzaVDi,2019,"80,000kms",Diesel,Manual,₹5 Lakh,gurgaon
Maruti,Maruti CiazAlpha Diesel,2019,"90,000kms",Diesel,Manual,₹7.50 Lakh,gurgaon
Maruti,Maruti Grand VitaraAlpha BSVI,2023,"15,000kms",Petrol,Manual,₹17.25 Lakh,gurgaon
Honda,Honda AmazeS i-Vtech,2013,"65,000kms",Petrol,Manual,₹3 Lakh,gurgaon
Hyundai,Hyundai Xcent1.2 Kappa Base,2014,"50,000kms",Petrol,Manual,₹2.40 Lakh,gurgaon
MG,MG HectorSharp AT BSIV,2021,"20,000kms",Petrol,Automatic,₹15 Lakh,gurgaon
Honda,Honda Amaze 2nd GenVX CVT,2025,"20,000kms",Petrol,Automatic,₹10 Lakh,gurgaon
Hyundai,Hyundai CretaEX BSVI,2021,"68,000kms",Petrol,Manual,₹8.60 Lakh,gurgaon
Kia,Kia SeltosHTK G,2020,"80,000kms",Petrol,Manual,₹8 Lakh,gurgaon
Hyundai,Hyundai Creta1.6 CRDi AT SX Plus,2018,"65,000kms",Diesel,Automatic,₹7.75 Lakh,gurgaon
Mahindra,Mahindra MarazzoM4,2018,"1,20,000kms",Diesel,Manual,₹6 Lakh,gurgaon
Maruti,Maruti XL6Zeta CNG BSVI,2023,"60,000kms",CNG,Manual,₹9.50 Lakh,gurgaon
Hyundai,Hyundai VernaSX,2023,"35,000kms",Petrol,Manual,₹11.50 Lakh,gurgaon
Jaguar,Jaguar XJ2.0L Premium  Luxury LWB,2015,"34,000kms",Petrol,Automatic,₹26 Lakh,gurgaon
Hyundai,Hyundai VenueS BSVI,2022,"35,000kms",Petrol,Manual,₹6 Lakh,gurgaon
Ford,Ford EcosportFacelift BSIV,2016,"1,03,000kms",Diesel,Manual,₹3.50 Lakh,gurgaon
Maruti,Maruti Grand VitaraAlpha AT BSVI,2022,"50,000kms",Petrol,Automatic,₹13.50 Lakh,gurgaon
Maruti,Maruti Vitara BrezzaZDi Plus,2018,"1,20,000kms",Diesel,Manual,₹5.75 Lakh,gurgaon
Hyundai,Hyundai CretaSX Opt Diesel AT BSVI,2022,"50,000kms",Diesel,Automatic,₹13.15 Lakh,gurgaon
Tata,Tata Tiago1.2 Revotron XM,2018,"50,000kms",Petrol,Manual,₹2.80 Lakh,gurgaon
Maruti,Maruti Vitara BrezzaVDi Option,2017,"90,000kms",Diesel,Manual,₹5.25 Lakh,gurgaon
Toyota,Toyota Urban cruiserHigh,2021,"50,000kms",Petrol,Manual,₹7.20 Lakh,gurgaon
Kia,Kia SonetHTK Plus,2024,"15,600kms",Petrol,Manual,₹6 Lakh,gurgaon
Kia,Kia SonetX-Line Turbo DCT BSVI,2023,"20,000kms",Petrol,Automatic,₹13 Lakh,gurgaon
Maruti,Maruti Vitara BrezzaVDi,2019,"80,000kms",Diesel,Manual,₹5 Lakh,gurgaon
Maruti,Maruti CiazAlpha Diesel,2019,"90,000kms",Diesel,Manual,₹7.50 Lakh,gurgaon
Maruti,Maruti Grand VitaraAlpha BSVI,2023,"15,000kms",Petrol,Manual,₹17.25 Lakh,gurgaon
Maruti,Maruti Wagon RVXI Plus,2017,"86,000kms",Petrol,Manual,₹2.50 Lakh,gurgaon
Mercedes-Benz,Mercedes-Benz S-ClassS 350 d,2020,"40,000kms",Diesel,Automatic,₹62 Lakh,gurgaon
Mahindra,Mahindra XUV300W8 Option Diesel BSIV,2019,"1,50,000kms",Diesel,Manual,₹5.70 Lakh,gurgaon
Mercedes-Benz,Mercedes-Benz AMG E 534MATIC Plus,2022,"40,000kms",Petrol,Manual,₹55 Lakh,gurgaon
Porsche,Porsche CayenneDiesel Platinum Edition,2018,"50,000kms",Diesel,Automatic,₹46 Lakh,gurgaon
Toyota,Toyota Innova Crysta2.4 G Plus MT BSIV,2019,"80,000kms",Diesel,Manual,₹15 Lakh,gurgaon
Tata,2021Tata HarrierXT plus  -2022,2020,"62,200kms",Diesel,Manual,₹10.75 Lakh,gurgaon
Mercedes-Benz,Mercedes-Benz S-ClassS 350 CDI,2016,"90,000kms",Diesel,Automatic,₹25 Lakh,gurgaon
Kia,Kia SeltosGTX Plus Turbo DCT,2023,"9,175kms",Petrol,Automatic,₹15 Lakh,gurgaon
Hyundai,Hyundai CretaEX Diesel,2024,"70,000kms",Diesel,Manual,₹11 Lakh,gurgaon
Maruti,Maruti Grand VitaraAlpha AT BSVI,2022,"50,000kms",Petrol,Automatic,₹13.50 Lakh,gurgaon
Toyota,Toyota Urban cruiserHigh,2021,"50,000kms",Petrol,Manual,₹7.20 Lakh,gurgaon
Kia,Kia SonetHTK Plus,2024,"15,600kms",Petrol,Manual,₹6 Lakh,gurgaon
Hyundai,Hyundai VenueSX Diesel,2024,"44,600kms",Diesel,Manual,₹11 Lakh,gurgaon
Hyundai,Hyundai VenueS,2021,"65,000kms",Petrol,Manual,₹5.25 Lakh,gurgaon
Tata,Tata HarrierXZA Plus AT BSVI,2021,"75,000kms",Diesel,Automatic,₹14 Lakh,gurgaon
Hyundai,Hyundai VenueSX Turbo BSIV,2020,"90,000kms",Petrol,Manual,₹5.60 Lakh,gurgaon
Hyundai,Hyundai Creta1.6 VTVT E Plus,2017,"58,000kms",Petrol,Manual,₹6.10 Lakh,gurgaon
Kia,Kia SonetHTE Diesel iMT,2023,"41,000kms",Diesel,Automatic,₹7.80 Lakh,gurgaon
Maruti,Maruti BalenoAlpha,2023,"40,000kms",Petrol,Manual,₹7.50 Lakh,gurgaon
Hyundai,Hyundai i201.2 Asta Dual Tone,2018,"1,00,000kms",Petrol,Manual,₹3.85 Lakh,gurgaon
Hyundai,Hyundai VenueSX Turbo BSIV,2020,"90,000kms",Petrol,Manual,₹5.60 Lakh,gurgaon
Hyundai,Hyundai Creta1.6 VTVT E Plus,2017,"58,000kms",Petrol,Manual,₹6.10 Lakh,gurgaon
Kia,Kia SonetHTE Diesel iMT,2023,"41,000kms",Diesel,Automatic,₹7.80 Lakh,gurgaon
Maruti,Maruti BalenoAlpha,2023,"40,000kms",Petrol,Manual,₹7.50 Lakh,gurgaon
Hyundai,Hyundai i201.2 Asta Dual Tone,2018,"1,00,000kms",Petrol,Manual,₹3.85 Lakh,gurgaon
Maruti,Maruti SwiftVXi CNG,2024,"70,000kms",CNG,Manual,₹7 Lakh,gurgaon
Hyundai,Hyundai i20Asta 1.2,2016,"92,000kms",Petrol,Manual,₹3.85 Lakh,gurgaon
Kia,Kia SeltosGTX Plus S Turbo DCT,2024,"13,000kms",Petrol,Automatic,₹18 Lakh,gurgaon
Hyundai,Hyundai VernaVTVT 1.6 AT SX Option,2018,"50,000kms",Petrol,Automatic,₹7 Lakh,gurgaon
Mercedes-Benz,Mercedes-Benz E-ClassE 350 d BSIV,2017,"1,10,000kms",Diesel,Automatic,₹22.90 Lakh,gurgaon
Tata,Tata TiagoXZ Plus BSVI,2021,"70,000kms",Petrol,Manual,₹3.75 Lakh,gurgaon
Hyundai,Hyundai i10Magna 1.1L,2017,"82,000kms",Petrol,Manual,₹2.75 Lakh,gurgaon
Maruti,Maruti Vitara BrezzaZDi AMT,2019,"50,000kms",Diesel,Automatic,₹6.80 Lakh,gurgaon
Maruti,Maruti CiazVDi Plus SHVS,2017,"1,08,000kms",Diesel,Manual,₹4 Lakh,gurgaon
Kia,Kia SeltosGTX Plus DCT,2022,"56,500kms",Petrol,Automatic,₹13.95 Lakh,gurgaon
Tata,Tata NexonXZ Plus S,2023,"10,000kms",Petrol,Manual,₹9.50 Lakh,gurgaon
Honda,Honda Cityi VTEC VX,2014,"60,000kms",Petrol,Manual,₹3.50 Lakh,gurgaon
Kia,Kia SeltosHTX IVT G,2019,"85,000kms",Petrol,Automatic,₹8.75 Lakh,gurgaon
Ford,Ford Figo1.2P Titanium MT,2017,"67,000kms",Petrol,Manual,₹3.30 Lakh,gurgaon
Maruti,Maruti Vitara BrezzaZDi Plus,2018,"1,20,000kms",Diesel,Manual,₹5.75 Lakh,gurgaon
Hyundai,Hyundai Grand i10Sportz,2015,"82,000kms",Petrol,Manual,₹2.50 Lakh,gurgaon
Kia,Kia SonetGTX Plus Turbo iMT BSVI,2020,"30,000kms",Petrol,Manual,₹9 Lakh,gurgaon
Maruti,Maruti CiazDelta BSIV,2018,"70,000kms",Petrol,Manual,₹4.65 Lakh,gurgaon
Mahindra,Mahindra XUV500W10 1.99 mHawk,2018,"68,000kms",Diesel,Manual,₹8.25 Lakh,gurgaon
Kia,Kia CarensPremium iMT,2023,"20,000kms",Petrol,Manual,₹9.75 Lakh,gurgaon
Mahindra,Mahindra XUV300W6 Diesel Sunroof BSVI,2022,"87,000kms",Diesel,Manual,₹6.70 Lakh,gurgaon
Maruti,Maruti S CrossDelta DDiS 200 SH,2017,"66,664kms",Diesel,Manual,₹4 Lakh,gurgaon
Kia,Kia SeltosGTX Plus Turbo DCT,2023,"14,000kms",Petrol,Automatic,₹16 Lakh,gurgaon
Honda,Honda CityS,2013,"1,20,000kms",Petrol,Manual,₹2.50 Lakh,gurgaon
Maruti,Maruti Wagon RVXI BS IV,2016,"90,000kms",Petrol,Manual,₹2.60 Lakh,gurgaon
Kia,Kia SeltosGTX Plus DCT,2021,"57,000kms",Petrol,Automatic,₹12.50 Lakh,gurgaon
Hyundai,Hyundai i10Magna 1.1L,2015,"70,000kms",Petrol,Manual,₹2.20 Lakh,gurgaon
Maruti,Maruti SwiftVXi CNG,2024,"70,000kms",CNG,Manual,₹7 Lakh,gurgaon
Mahindra,Mahindra XUV500W7 BSIV,2019,"80,000kms",Diesel,Manual,₹10 Lakh,gurgaon
Hyundai,Hyundai VernaVTVT 1.6 AT SX Option,2018,"50,000kms",Petrol,Automatic,₹7 Lakh,gurgaon
Mahindra,Mahindra XUV500R W10 FWD,2017,"1,25,000kms",Diesel,Manual,₹8 Lakh,gurgaon
Ford,Ford Figo1.2P Trend MT,2017,"26,000kms",Petrol,Manual,₹2.75 Lakh,gurgaon
Toyota,Toyota Corolla Altis1.8 J,2015,"53,500kms",Petrol,Manual,₹6.69 Lakh,gurgaon
Hyundai,Hyundai Grand i101.2 Kappa Sportz BSIV,2018,"69,000kms",Petrol,Manual,₹3.80 Lakh,gurgaon
Ford,Ford Ecosport1.5 Ti VCT MT Titanium,2015,"90,000kms",Petrol,Manual,₹2.60 Lakh,gurgaon
Toyota,Toyota Corolla Altis1.8 J,2014,"2,41,000kms",Petrol,Manual,₹4.50 Lakh,gurgaon
Ford,Ford Ecosport1.0 Ecoboost Titanium,2015,"80,000kms",Petrol,Manual,₹2.97 Lakh,gurgaon
Kia,Kia SeltosHTX,2024,"10,000kms",Petrol,Manual,₹13.79 Lakh,gurgaon
Mahindra,Mahindra XUV300W4,2023,"40,000kms",Petrol,Manual,₹7 Lakh,gurgaon
Tata,Tata Tiago1.2 Revotron XZ,2018,"70,000kms",Petrol,Manual,₹3.25 Lakh,gurgaon
Hyundai,Hyundai VernaCRDi 1.6 AT SX,2019,"70,000kms",Diesel,Automatic,₹7.60 Lakh,gurgaon
Maruti,Maruti Baleno1.2 Delta,2019,"1,00,000kms",Petrol,Manual,₹4.30 Lakh,gurgaon
Hyundai,Hyundai VernaSX,2023,"27,500kms",Petrol,Manual,₹11.50 Lakh,gurgaon
Hyundai,Hyundai i20Sportz 1.2,2015,"70,000kms",Petrol,Manual,₹2.60 Lakh,gurgaon
Honda,Honda AmazeS Petrol BSIV,2019,"20,000kms",Petrol,Manual,₹6 Lakh,gurgaon
Honda,Honda CityE,2013,"74,000kms",Petrol,Manual,₹2.45 Lakh,gurgaon
Maruti,Maruti CiazDelta BSIV,2019,"1,20,000kms",Petrol,Manual,₹5.50 Lakh,gurgaon
Hyundai,Hyundai CretaSX,2023,"20,000kms",Petrol,Manual,₹13 Lakh,gurgaon
Tata,Tata HexaXT,2018,"90,000kms",Diesel,Manual,₹6 Lakh,gurgaon
Kia,Kia SeltosHTK Diesel,2019,"1,00,000kms",Diesel,Manual,₹8 Lakh,gurgaon
Mercedes-Benz,Mercedes-Benz C-ClassPrime C 220d,2018,"44,000kms",Diesel,Automatic,₹22 Lakh,gurgaon
MG,MG AstorSavvy CVT Red BSVI,2023,"30,000kms",Petrol,Automatic,₹13.90 Lakh,gurgaon
Mercedes-Benz,Mercedes-Benz S-ClassMaybach S560,2019,"45,000kms",Petrol,Automatic,₹1.30 Crore,gurgaon
MG,MG AstorSavvy CVT Red BSVI,2023,"15,000kms",Petrol,Automatic,₹12.50 Lakh,gurgaon
Mahindra,Mahindra MarazzoM8,2019,"1,20,000kms",Diesel,Manual,₹6 Lakh,gurgaon
Tata,Tata NexonSmart Plus S CNG,2025,"10,000kms",CNG,Manual,₹10.52 Lakh,gurgaon
Skoda,Skoda Slavia1.0 TSI Style AT BSVI,2022,"40,000kms",Petrol,Automatic,₹10.50 Lakh,gurgaon
Kia,Kia SeltosGTX Plus Diesel AT,2024,"32,000kms",Diesel,Automatic,₹17.75 Lakh,gurgaon
Maruti,Maruti CiazZXi,2016,"30,000kms",Petrol,Manual,₹4.50 Lakh,gurgaon
Hyundai,Hyundai Creta1.6 CRDi SX,2020,"80,000kms",Diesel,Manual,₹9 Lakh,gurgaon
MG,MG AstorSuper MT,2023,"31,000kms",Petrol,Manual,₹8 Lakh,gurgaon
Mahindra,Mahindra XUV500W10 1.99 mHawk,2017,"28,000kms",Diesel,Manual,₹9 Lakh,gurgaon
Mahindra,Mahindra XUV500W8 1.99 mHawk,2016,"49,000kms",Diesel,Manual,₹6.75 Lakh,gurgaon
Hyundai,Hyundai VernaSX,2023,"20,000kms",Petrol,Manual,₹10.50 Lakh,gurgaon
Tata,Tata AltrozXZ Plus DCT BSVI,2022,"40,000kms",Petrol,Automatic,₹6.50 Lakh,gurgaon
Tata,Tata Tiago1.2 Revotron XZ,2016,"1,00,000kms",Petrol,Manual,₹2.50 Lakh,gurgaon
Maruti,Maruti Vitara BrezzaLXI,2021,"80,000kms",Petrol,Manual,₹5.50 Lakh,gurgaon
Tata,Tata NexonXZ Plus Dark Edition BSVI,2021,"30,000kms",Petrol,Manual,₹6.81 Lakh,gurgaon
Maruti,Maruti Grand VitaraDelta AT,2023,"20,000kms",Petrol,Automatic,₹12 Lakh,gurgaon
Mahindra,Mahindra XUV700AX5 5Str,2023,"45,000kms",Petrol,Manual,₹14 Lakh,gurgaon
Kia,Kia CarnivalLimousine Plus,2023,"68,000kms",Diesel,Automatic,₹35 Lakh,gurgaon
Hyundai,Hyundai Creta1.6 VTVT SX Plus,2017,"50,000kms",Petrol,Manual,₹6.50 Lakh,gurgaon
Kia,Kia SonetHTX Diesel,2024,"35,000kms",Diesel,Manual,₹11 Lakh,gurgaon
Maruti,Maruti CelerioGreen VXI,2014,"1,20,000kms",CNG,Manual,₹2.30 Lakh,gurgaon
Hyundai,Hyundai i10Magna,2011,"80,000kms",Petrol,Manual,₹1.05 Lakh,gurgaon
Kia,Kia CarnivalLimousine Plus,2023,"68,000kms",Diesel,Automatic,₹35 Lakh,gurgaon
Hyundai,Hyundai Creta1.6 VTVT SX Plus,2017,"50,000kms",Petrol,Manual,₹6.50 Lakh,gurgaon
Kia,Kia SonetHTX Diesel,2024,"35,000kms",Diesel,Manual,₹11 Lakh,gurgaon
Maruti,Maruti CelerioGreen VXI,2014,"1,20,000kms",CNG,Manual,₹2.30 Lakh,gurgaon
Hyundai,Hyundai i10Magna,2011,"80,000kms",Petrol,Manual,₹1.05 Lakh,gurgaon
Honda,Honda BR-Vi-VTEC S MT,2020,"70,000kms",Petrol,Manual,₹5.50 Lakh,gurgaon
Hyundai,Hyundai CretaSX BSVI,2020,"90,000kms",Petrol,Manual,₹10 Lakh,gurgaon
Hyundai,Hyundai Grand i10Sportz,2015,"82,000kms",Petrol,Manual,₹2.50 Lakh,gurgaon
Kia,Kia SonetGTX Plus Turbo iMT BSVI,2020,"30,000kms",Petrol,Manual,₹9 Lakh,gurgaon
Maruti,Maruti CiazDelta BSIV,2018,"70,000kms",Petrol,Manual,₹4.65 Lakh,gurgaon
Mahindra,Mahindra XUV500W10 1.99 mHawk,2018,"68,000kms",Diesel,Manual,₹8.25 Lakh,gurgaon
Kia,Kia CarensPremium iMT,2023,"20,000kms",Petrol,Manual,₹9.75 Lakh,gurgaon
Mahindra,Mahindra XUV300W6 Diesel Sunroof BSVI,2022,"87,000kms",Diesel,Manual,₹6.70 Lakh,gurgaon
Kia,Kia SonetGTX Plus Diesel BSVI,2022,"14,000kms",Diesel,Manual,₹11.45 Lakh,gurgaon
Kia,Kia SeltosHTK Plus,2023,"19,343kms",Petrol,Manual,₹11.95 Lakh,gurgaon
Toyota,Toyota Innova Crysta2.4 G 7 STR,2022,"1,60,000kms",Diesel,Manual,₹12.50 Lakh,gurgaon
Mahindra,Mahindra XUV500R W10 FWD,2016,"1,04,000kms",Diesel,Manual,₹5.90 Lakh,gurgaon
Maruti,Maruti Wagon RLXI BS IV,2016,"87,000kms",Petrol,Manual,₹2.50 Lakh,gurgaon
Hyundai,Hyundai CretaSX BSVI,2021,"42,575kms",Petrol,Manual,₹10.95 Lakh,gurgaon
Maruti,Maruti BalenoZeta,2020,"20,000kms",Petrol,Manual,₹5.30 Lakh,gurgaon
Kia,Kia SeltosHTX,2022,"86,299kms",Petrol,Manual,₹11.24 Lakh,gurgaon
Hyundai,Hyundai Creta1.6 EX Petrol,2016,"94,557kms",Petrol,Manual,₹5.52 Lakh,gurgaon
Hyundai,Hyundai Creta1.6 VTVT AT SX Plus,2018,"93,767kms",Petrol,Automatic,₹7.06 Lakh,gurgaon
Kia,Kia SeltosGTX,2019,"31,075kms",Petrol,Manual,₹9.48 Lakh,gurgaon
Maruti,Maruti XL6Alpha AT,2021,"1,18,967kms",Petrol,Automatic,₹7.86 Lakh,gurgaon
Kia,Kia SeltosHTX G,2022,"27,832kms",Petrol,Manual,₹10.66 Lakh,gurgaon
Maruti,Maruti XL6Alpha AT,2020,"1,02,952kms",Petrol,Automatic,₹7.31 Lakh,gurgaon
Hyundai,Hyundai VenueSX Turbo iMT,2020,"56,730kms",Petrol,Manual,₹8.39 Lakh,gurgaon
Nissan,Nissan MagniteTurbo XV,2021,"71,287kms",Petrol,Manual,₹6.14 Lakh,gurgaon
Honda,Honda WR-Vi-VTEC VX,2019,"53,218kms",Petrol,Manual,₹6 Lakh,gurgaon
Tata,Tata NexonXZ Diesel,2020,"52,836kms",Diesel,Manual,₹7.05 Lakh,gurgaon
MG,MG Hector PlusSharp CVT,2020,"70,421kms",Petrol,Automatic,₹10.34 Lakh,gurgaon
Mahindra,Mahindra XUV300W8 BSVI,2023,"28,371kms",Petrol,Manual,₹7.58 Lakh,gurgaon
Maruti,Maruti Grand VitaraDelta,2024,"26,682kms",Petrol,Manual,₹10.09 Lakh,gurgaon
Hyundai,Hyundai VenueSX Opt Turbo,2021,"31,331kms",Petrol,Manual,₹7.72 Lakh,gurgaon
Maruti,Maruti CiazDelta BSIV,2019,"1,20,000kms",Petrol,Manual,₹5.50 Lakh,gurgaon
Hyundai,Hyundai CretaSX,2023,"20,000kms",Petrol,Manual,₹13 Lakh,gurgaon
Tata,Tata TiagoXZ Plus BSVI,2021,"70,000kms",Petrol,Manual,₹3.75 Lakh,gurgaon
Hyundai,Hyundai i10Magna 1.1L,2017,"82,000kms",Petrol,Manual,₹2.75 Lakh,gurgaon
Maruti,Maruti Vitara BrezzaZDi AMT,2019,"50,000kms",Diesel,Automatic,₹6.80 Lakh,gurgaon
Maruti,Maruti Baleno1.2 Zeta,2016,"1,60,000kms",Petrol,Manual,₹3.15 Lakh,gurgaon
Hyundai,Hyundai Creta1.6 SX Automatic,2018,"37,000kms",Petrol,Automatic,₹7.15 Lakh,gurgaon
Maruti,Maruti S CrossDelta DDiS 200 SH,2017,"66,664kms",Diesel,Manual,₹4 Lakh,gurgaon
Kia,Kia SeltosGTX Plus Turbo DCT,2023,"14,000kms",Petrol,Automatic,₹16 Lakh,gurgaon
Kia,Kia SeltosHTK Plus G,2021,"60,000kms",Petrol,Manual,₹8.50 Lakh,gurgaon
Kia,Kia SeltosGTX Plus DCT,2023,"57,800kms",Petrol,Automatic,₹14.95 Lakh,gurgaon
Kia,Kia SonetGTX Plus Diesel BSVI,2022,"14,000kms",Diesel,Manual,₹11.45 Lakh,gurgaon
Kia,Kia SeltosHTK Plus,2023,"19,343kms",Petrol,Manual,₹11.95 Lakh,gurgaon
Toyota,Toyota Innova Crysta2.4 G 7 STR,2022,"1,60,000kms",Diesel,Manual,₹12.50 Lakh,gurgaon
Kia,Kia SeltosHTX IVT,2023,"30,000kms",Petrol,Automatic,₹15 Lakh,gurgaon
Maruti,Maruti Wagon RLXI BS IV,2016,"87,000kms",Petrol,Manual,₹2.50 Lakh,gurgaon
Mahindra,Mahindra XUV500W5 BSIV,2018,"62,000kms",Diesel,Manual,₹7.45 Lakh,gurgaon
Mahindra,Mahindra XUV500AT W10 FWD,2017,"1,13,700kms",Diesel,Automatic,₹7.95 Lakh,gurgaon
Hyundai,Hyundai VernaVTVT 1.6 SX Option,2018,"40,000kms",Petrol,Manual,₹7 Lakh,gurgaon
Kia,Kia SonetHTK Plus BSVI,2022,"30,000kms",Petrol,Manual,₹8.50 Lakh,gurgaon
Kia,Kia SeltosHTK Plus,2023,"19,300kms",Petrol,Manual,₹12.45 Lakh,gurgaon
Kia,Kia SeltosGTX Plus,2019,"1,06,000kms",Petrol,Manual,₹9.35 Lakh,gurgaon
Toyota,Toyota Innova Crysta2.4 G MT,2020,"1,29,900kms",Diesel,Manual,₹14.50 Lakh,gurgaon
Hyundai,Hyundai Grand i10Magna,2016,"39,800kms",Petrol,Manual,₹3.25 Lakh,gurgaon
Hyundai,Hyundai Creta1.6 VTVT SX Plus,2016,"69,800kms",Petrol,Manual,₹5.90 Lakh,gurgaon
Ford,Ford Ecosport1.5 Diesel Titanium Plus BSIV,2018,"70,000kms",Diesel,Manual,₹5.75 Lakh,gurgaon
Maruti,Maruti Ciaz1.3 Sigma,2018,"49,000kms",Diesel,Manual,₹5.30 Lakh,gurgaon
Maruti,Maruti Ciaz1.3 Sigma,2018,"50,000kms",Diesel,Manual,₹5.25 Lakh,gurgaon
Kia,Kia SonetHTK Plus BSVI,2022,"30,000kms",Petrol,Manual,₹8.50 Lakh,gurgaon
Mahindra,Mahindra XUV500W8 1.99 mHawk,2016,"49,000kms",Diesel,Manual,₹6.75 Lakh,gurgaon
Hyundai,Hyundai VernaSX,2023,"20,000kms",Petrol,Manual,₹10.50 Lakh,gurgaon
Tata,Tata AltrozXZ Plus DCT BSVI,2022,"40,000kms",Petrol,Automatic,₹6.50 Lakh,gurgaon
Tata,Tata Tiago1.2 Revotron XZ,2016,"1,00,000kms",Petrol,Manual,₹2.50 Lakh,gurgaon
Maruti,Maruti Vitara BrezzaLXI,2021,"80,000kms",Petrol,Manual,₹5.50 Lakh,gurgaon
Tata,Tata NexonXZ Plus Dark Edition BSVI,2021,"30,000kms",Petrol,Manual,₹6.81 Lakh,gurgaon
Maruti,Maruti Grand VitaraDelta AT,2023,"20,000kms",Petrol,Automatic,₹12 Lakh,gurgaon
Mahindra,Mahindra XUV700AX5 5Str,2023,"45,000kms",Petrol,Manual,₹14 Lakh,gurgaon
Honda,Honda CityE,2013,"74,000kms",Petrol,Manual,₹2.45 Lakh,gurgaon
Mercedes-Benz,Mercedes-Benz E-ClassE 350 d BSIV,2017,"1,10,000kms",Diesel,Automatic,₹22.90 Lakh,gurgaon
Maruti,Maruti Swift DzireVXI 1.2,2018,"80,000kms",Petrol,Manual,₹4.10 Lakh,gurgaon
Tata,Tata NexonXMA AMT BSVI,2022,"51,000kms",Petrol,Automatic,₹6.40 Lakh,gurgaon
Maruti,Maruti Baleno1.2 Delta,2019,"64,436kms",Petrol,Manual,₹5 Lakh,gurgaon
Hyundai,Hyundai i20Magna 1.2,2014,"1,20,000kms",Petrol,Manual,₹2.50 Lakh,gurgaon
Mahindra,Mahindra XUV700AX5 BSVI,2022,"60,000kms",Petrol,Manual,₹13.50 Lakh,gurgaon
Mahindra,Mahindra XUV500R W10 FWD,2016,"1,04,000kms",Diesel,Manual,₹5.90 Lakh,gurgaon
Maruti,Maruti Ciaz1.4 AT Alpha,2018,"50,000kms",Petrol,Automatic,₹5.20 Lakh,gurgaon
Toyota,Toyota HyryderS HYBRID BSVI,2022,"75,000kms",Petrol,Automatic,₹12.25 Lakh,gurgaon
Tata,Tata Tiago1.2 Revotron XZ,2019,"70,000kms",Petrol,Manual,₹3.30 Lakh,gurgaon
Maruti,Maruti SwiftVXi CNG,2024,"70,000kms",CNG,Manual,₹7 Lakh,gurgaon
Maruti,Maruti Vitara BrezzaVDi,2019,"1,00,000kms",Diesel,Manual,₹5.10 Lakh,gurgaon
Mahindra,Mahindra XUV500W5 BSIV,2018,"62,000kms",Diesel,Manual,₹7.45 Lakh,gurgaon
Mahindra,Mahindra XUV500AT W10 FWD,2017,"1,13,700kms",Diesel,Automatic,₹7.95 Lakh,gurgaon
Hyundai,Hyundai VernaVTVT 1.6 SX Option,2018,"40,000kms",Petrol,Manual,₹7 Lakh,gurgaon
Hyundai,Hyundai CretaS (O),2024,"19,000kms",Petrol,Manual,₹13.50 Lakh,gurgaon
Toyota,Toyota Innova Crysta2.4 G Plus MT BSIV,2019,"1,50,000kms",Diesel,Manual,₹15 Lakh,gurgaon
Hyundai,Hyundai CretaSX IVT BSVI,2022,"50,000kms",Petrol,Automatic,₹13 Lakh,gurgaon
Maruti,Maruti Ciaz1.3 Sigma,2018,"49,000kms",Diesel,Manual,₹5.30 Lakh,gurgaon
Maruti,Maruti Ciaz1.3 Sigma,2018,"50,000kms",Diesel,Manual,₹5.25 Lakh,gurgaon
Toyota,Toyota Innova Crysta2.8 GX AT BSIV,2018,"1,00,000kms",Diesel,Automatic,₹12.50 Lakh,gurgaon
Hyundai,Hyundai VenueSX Turbo iMT,2020,"19,700kms",Petrol,Manual,₹6.10 Lakh,gurgaon
Mahindra,Mahindra XUV300W8 BSVI,2020,"40,000kms",Petrol,Manual,₹6.90 Lakh,gurgaon
Mercedes-Benz,Mercedes-Benz C-ClassPrime C 220d,2018,"44,000kms",Diesel,Automatic,₹22 Lakh,gurgaon
MG,MG AstorSavvy CVT Red BSVI,2023,"30,000kms",Petrol,Automatic,₹13.90 Lakh,gurgaon
Mercedes-Benz,Mercedes-Benz S-ClassMaybach S560,2019,"45,000kms",Petrol,Automatic,₹1.30 Crore,gurgaon
MG,MG AstorSavvy CVT Red BSVI,2023,"15,000kms",Petrol,Automatic,₹12.50 Lakh,gurgaon
Mahindra,Mahindra XUV300W8 BSVI,2020,"40,000kms",Petrol,Manual,₹6.90 Lakh,gurgaon
Mercedes-Benz,Mercedes-Benz C-ClassPrime C 220d,2018,"44,000kms",Diesel,Automatic,₹22 Lakh,gurgaon
MG,MG AstorSavvy CVT Red BSVI,2023,"30,000kms",Petrol,Automatic,₹13.90 Lakh,gurgaon
Mercedes-Benz,Mercedes-Benz S-ClassMaybach S560,2019,"45,000kms",Petrol,Automatic,₹1.30 Crore,gurgaon
MG,MG AstorSavvy CVT Red BSVI,2023,"15,000kms",Petrol,Automatic,₹12.50 Lakh,gurgaon
Mahindra,Mahindra MarazzoM8,2019,"1,20,000kms",Diesel,Manual,₹6 Lakh,gurgaon
Mahindra,Mahindra XUV500W7 BSIV,2019,"80,000kms",Diesel,Manual,₹10 Lakh,gurgaon
Mahindra,Mahindra XUV500R W10 FWD,2017,"1,25,000kms",Diesel,Manual,₹8 Lakh,gurgaon
Ford,Ford Figo1.2P Trend MT,2017,"26,000kms",Petrol,Manual,₹2.75 Lakh,gurgaon
Kia,Kia SeltosHTK Plus G,2021,"60,000kms",Petrol,Manual,₹8.50 Lakh,gurgaon
Honda,Honda CityV MT,2020,"30,000kms",Petrol,Manual,₹8 Lakh,gurgaon
Maruti,Maruti CiazSigma BSIV,2018,"80,000kms",Petrol,Manual,₹5 Lakh,gurgaon
Tata,2021Tata NexonXZ  -2022,2020,"50,000kms",Petrol,Manual,₹5.50 Lakh,gurgaon
Maruti,Maruti XL6Alpha Plus AT,2024,"32,900kms",Petrol,Automatic,₹13.50 Lakh,gurgaon
Hyundai,Hyundai VernaVTVT 1.6 AT SX Option,2018,"50,000kms",Petrol,Automatic,₹7 Lakh,gurgaon
Hyundai,Hyundai VenueSX Diesel,2024,"44,600kms",Diesel,Manual,₹11 Lakh,gurgaon
MG,MG HectorBlackStorm CVT  -2025,2024,"20,000kms",Petrol,Automatic,₹19 Lakh,gurgaon
Tata,Tata Nexon1.2 Revotron XM,2019,"1,60,000kms",Petrol,Manual,₹5 Lakh,gurgaon
Honda,Honda AmazeE i-Dtech,2016,"96,000kms",Diesel,Manual,₹3 Lakh,gurgaon
Toyota,Toyota EtiosV,2011,"96,000kms",Petrol,Manual,₹2.50 Lakh,gurgaon
Tata,Tata Tiago1.2 Revotron XZ,2018,"70,000kms",Petrol,Manual,₹3.25 Lakh,gurgaon
Hyundai,Hyundai VernaCRDi 1.6 AT SX,2019,"70,000kms",Diesel,Automatic,₹7.60 Lakh,gurgaon
Maruti,Maruti Baleno1.2 Delta,2019,"1,00,000kms",Petrol,Manual,₹4.30 Lakh,gurgaon
Kia,Kia SeltosHTX,2024,"10,000kms",Petrol,Manual,₹13.79 Lakh,gurgaon
Ford,Ford Ecosport1.0 Ecoboost Titanium,2015,"80,000kms",Petrol,Manual,₹2.97 Lakh,gurgaon
MG,MG HectorBlackStorm CVT  -2025,2024,"20,000kms",Petrol,Automatic,₹19 Lakh,gurgaon
Tata,Tata Nexon1.2 Revotron XM,2019,"1,60,000kms",Petrol,Manual,₹5 Lakh,gurgaon
Honda,Honda AmazeE i-Dtech,2016,"96,000kms",Diesel,Manual,₹3 Lakh,gurgaon
Toyota,Toyota EtiosV,2011,"96,000kms",Petrol,Manual,₹2.50 Lakh,gurgaon
Kia,Kia SeltosHTK Plus G,2021,"60,000kms",Petrol,Manual,₹8.50 Lakh,gurgaon
Maruti,Maruti XL6Alpha Plus AT,2024,"32,900kms",Petrol,Automatic,₹13.50 Lakh,gurgaon
Tata,2021Tata NexonXZ  -2022,2020,"50,000kms",Petrol,Manual,₹5.50 Lakh,gurgaon
Honda,Honda CityV MT,2020,"30,000kms",Petrol,Manual,₹8 Lakh,gurgaon
Maruti,Maruti CiazSigma BSIV,2018,"80,000kms",Petrol,Manual,₹5 Lakh,gurgaon
Maruti,Maruti XL6Zeta,2022,"80,000kms",Petrol,Manual,₹8.50 Lakh,gurgaon
Mahindra,Mahindra XUV500W5 BSIV,2018,"62,000kms",Diesel,Manual,₹7.45 Lakh,gurgaon
Mahindra,Mahindra XUV500AT W10 FWD,2017,"1,13,700kms",Diesel,Automatic,₹7.95 Lakh,gurgaon
Hyundai,Hyundai VernaVTVT 1.6 SX Option,2018,"40,000kms",Petrol,Manual,₹7 Lakh,gurgaon
Hyundai,Hyundai CretaS (O),2024,"19,000kms",Petrol,Manual,₹13.50 Lakh,gurgaon
Hyundai,Hyundai VenueSX Turbo iMT,2020,"19,700kms",Petrol,Manual,₹6.10 Lakh,gurgaon
Mahindra,Mahindra XUV500W5 BSIV,2018,"62,000kms",Diesel,Manual,₹7.45 Lakh,gurgaon
Mahindra,Mahindra XUV500AT W10 FWD,2017,"1,13,700kms",Diesel,Automatic,₹7.95 Lakh,gurgaon
Hyundai,Hyundai VernaVTVT 1.6 SX Option,2018,"40,000kms",Petrol,Manual,₹7 Lakh,gurgaon
Hyundai,Hyundai CretaS (O),2024,"19,000kms",Petrol,Manual,₹13.50 Lakh,gurgaon
Hyundai,Hyundai VenueSX Turbo iMT,2020,"19,700kms",Petrol,Manual,₹6.10 Lakh,gurgaon
Mahindra,Mahindra XUV300W8 BSVI,2020,"40,000kms",Petrol,Manual,₹6.90 Lakh,gurgaon
Toyota,Toyota Innova Crysta2.8 GX AT BSIV,2018,"1,00,000kms",Diesel,Automatic,₹12.50 Lakh,gurgaon
Toyota,Toyota Innova Crysta2.4 G Plus MT BSIV,2019,"1,50,000kms",Diesel,Manual,₹15 Lakh,gurgaon
Hyundai,Hyundai CretaSX IVT BSVI,2022,"50,000kms",Petrol,Automatic,₹13 Lakh,gurgaon
Hyundai,Hyundai CretaS (O) Diesel,2024,"25,500kms",Diesel,Manual,₹14.99 Lakh,gurgaon
Kia,Kia SonetHTK Plus BSVI,2020,"55,000kms",Petrol,Manual,₹7.95 Lakh,gurgaon
Kia,Kia SeltosHTX G,2020,"83,148kms",Petrol,Manual,₹8.95 Lakh,gurgaon
Ford,Ford Ecosport1.5 Ti VCT MT Trend BSIV,2015,"73,246kms",Petrol,Manual,₹3.45 Lakh,gurgaon
Maruti,Maruti Swift DzireVXI,2013,"1,20,000kms",Petrol,Manual,₹2.25 Lakh,gurgaon
Hyundai,Hyundai CretaSX IVT BSVI,2020,"72,700kms",Petrol,Automatic,₹10.90 Lakh,gurgaon
Hyundai,Hyundai Creta1.6 VTVT SX Plus,2017,"61,000kms",Petrol,Manual,₹6.50 Lakh,gurgaon
Maruti,Maruti CiazAlpha 1.5,2018,"88,000kms",Diesel,Manual,₹5 Lakh,gurgaon
Tata,Tata NexonSmart Plus S CNG,2025,"10,000kms",CNG,Manual,₹10.52 Lakh,gurgaon
Mahindra,Mahindra XUV500W10 2WD,2016,"51,000kms",Diesel,Manual,₹5.25 Lakh,gurgaon
Hyundai,Hyundai Creta1.6 CRDi SX,2017,"70,000kms",Diesel,Manual,₹6.30 Lakh,gurgaon
Hyundai,Hyundai Creta1.6 VTVT SX Plus,2017,"61,000kms",Petrol,Manual,₹6.50 Lakh,gurgaon
Maruti,Maruti CiazAlpha 1.5,2018,"88,000kms",Diesel,Manual,₹5 Lakh,gurgaon
Tata,Tata NexonSmart Plus S CNG,2025,"10,000kms",CNG,Manual,₹10.52 Lakh,gurgaon
Mahindra,Mahindra XUV500W10 2WD,2016,"51,000kms",Diesel,Manual,₹5.25 Lakh,gurgaon
Hyundai,Hyundai Creta1.6 CRDi SX,2017,"70,000kms",Diesel,Manual,₹6.30 Lakh,gurgaon
Honda,Honda Amaze 2nd GenVX CVT,2023,"10,000kms",Petrol,Automatic,₹8 Lakh,gurgaon
Kia,Kia CarensPrestige BSVI,2023,"1,00,000kms",Petrol,Manual,₹10 Lakh,gurgaon
Hyundai,Hyundai VenueSX Turbo BSIV,2019,"60,000kms",Petrol,Manual,₹7 Lakh,gurgaon
Nissan,Nissan MagniteXV BSVI,2022,"60,000kms",Petrol,Manual,₹4.40 Lakh,gurgaon
Hyundai,Hyundai Creta1.6 CRDi SX Option,2016,"1,60,000kms",Diesel,Manual,₹6.50 Lakh,gurgaon
BMW,BMW 2 Series Gran Coupe220i M Sport BSVI,2023,"32,000kms",Petrol,Automatic,₹33.75 Lakh,gurgaon
BMW,BMW 6 SeriesGT 630i M Sport BSVI,2022,"11,000kms",Petrol,Automatic,₹53 Lakh,gurgaon
Mercedes-Benz,Mercedes-Benz E-ClassE 200,2024,"10,000kms",Petrol,Automatic,₹65 Lakh,gurgaon
Tata,Tata TigorXZ Plus CNG BSVI,2022,"32,052kms",CNG,Manual,₹6.10 Lakh,gurgaon
Maruti,Maruti Wagon RLXI BSVI,2016,"39,787kms",Petrol,Manual,₹2.52 Lakh,gurgaon
Skoda,Skoda Kushaq1.0 TSI Style,2022,"32,725kms",Petrol,Manual,₹11 Lakh,gurgaon
Kia,Kia SeltosHTX,2021,"1,00,227kms",Petrol,Manual,₹6.73 Lakh,gurgaon
Tata,Tata Tiago1.2 Revotron XT,2019,"29,497kms",Petrol,Manual,₹3.64 Lakh,gurgaon
Hyundai,Hyundai SantroSportz Executive CNG,2021,"1,11,172kms",CNG,Manual,₹4.32 Lakh,gurgaon
Mahindra,Mahindra TharLX Hard Top Diesel AT,2021,"1,11,926kms",Diesel,Automatic,₹10.13 Lakh,gurgaon
Skoda,Skoda Kushaq1.0 TSI Style,2022,"32,725kms",Petrol,Manual,₹11 Lakh,gurgaon
Kia,Kia SeltosHTX,2021,"1,00,227kms",Petrol,Manual,₹6.73 Lakh,gurgaon
Tata,Tata Tiago1.2 Revotron XT,2019,"29,497kms",Petrol,Manual,₹3.64 Lakh,gurgaon
Hyundai,Hyundai SantroSportz Executive CNG,2021,"1,11,172kms",CNG,Manual,₹4.32 Lakh,gurgaon
Mahindra,Mahindra TharLX Hard Top Diesel AT,2021,"1,11,926kms",Diesel,Automatic,₹10.13 Lakh,gurgaon
Mahindra,Mahindra TharLX Hard Top Diesel,2021,"1,06,729kms",Diesel,Manual,₹10.74 Lakh,gurgaon
Honda,Honda CityVX MT,2014,"1,00,484kms",Petrol,Manual,₹3.81 Lakh,gurgaon
Nissan,Nissan MicraXL CVT,2016,"91,851kms",Petrol,Automatic,₹2.91 Lakh,gurgaon
Tata,Tata Tiago NRGPetrol,2018,"81,250kms",Petrol,Manual,₹4.06 Lakh,gurgaon
Tata,Tata NexonKRAZ Diesel,2019,"23,463kms",Diesel,Manual,₹5.27 Lakh,gurgaon
Maruti,Maruti S CrossAlpha AT,2021,"47,647kms",Petrol,Automatic,₹8.55 Lakh,gurgaon
Tata,Tata Tiago1.2 Revotron XZ WO Alloy,2019,"41,476kms",Petrol,Manual,₹3.64 Lakh,gurgaon
Tata,Tata NexonXM S Diesel,2021,"62,354kms",Diesel,Manual,₹6.24 Lakh,gurgaon
Skoda,Skoda Kushaq1.5 TSI Ambition,2022,"1,00,354kms",Petrol,Manual,₹9.49 Lakh,gurgaon
Maruti,Maruti S CrossAlpha AT,2021,"97,145kms",Petrol,Automatic,₹7.44 Lakh,gurgaon
Kia,Kia SonetHTX Turbo iMT,2021,"45,054kms",Petrol,Automatic,₹7.19 Lakh,gurgaon
Tata,Tata NexonXZ Plus,2020,"1,01,850kms",Petrol,Manual,₹6.41 Lakh,gurgaon
Maruti,Maruti Wagon RVXI 1.2,2024,"9,729kms",Petrol,Manual,₹4.93 Lakh,gurgaon
Maruti,Maruti S CrossAlpha AT,2022,"61,504kms",Petrol,Automatic,₹8.65 Lakh,gurgaon
Volkswagen,Volkswagen VentoPetrol Highline AT,2015,"73,105kms",Petrol,Automatic,₹3.81 Lakh,gurgaon
Nissan,Nissan MagniteTurbo CVT XV Premium,2023,"22,514kms",Petrol,Automatic,₹7.24 Lakh,gurgaon
Maruti,Maruti Alto K10LXI,2016,"91,346kms",Petrol,Manual,₹2.10 Lakh,gurgaon
Hyundai,Hyundai Grand i10Sportz,2016,"34,604kms",Petrol,Manual,₹2.68 Lakh,gurgaon
Honda,Honda Cityi-VTEC CVT V,2017,"28,344kms",Petrol,Automatic,₹4.81 Lakh,gurgaon
Datsun,Datsun RediGOT,2020,"25,838kms",Petrol,Manual,₹1.93 Lakh,gurgaon
MG,MG HectorSharp DCT,2020,"82,542kms",Petrol,Automatic,₹8.60 Lakh,gurgaon
Datsun,Datsun RediGO1.0 S,2021,"27,335kms",Petrol,Manual,₹2.92 Lakh,gurgaon
Maruti,Maruti Wagon RVXI,2022,"27,765kms",Petrol,Manual,₹4.40 Lakh,gurgaon
Toyota,Toyota Fortuner4X2 Diesel BSVI,2021,"60,000kms",Diesel,Manual,₹32 Lakh,gurgaon
Mercedes-Benz,Mercedes-Benz GLA200 BSVI,2022,"10,000kms",Petrol,Automatic,₹33 Lakh,gurgaon
Renault,Renault KigerRXT AMT,2021,"41,147kms",Petrol,Automatic,₹4.34 Lakh,gurgaon
Nissan,Nissan MagniteXV,2023,"47,686kms",Petrol,Manual,₹4.75 Lakh,gurgaon
Maruti,Maruti Wagon RVXI CNG,2018,"51,545kms",CNG,Manual,₹3.54 Lakh,gurgaon
Volkswagen,Volkswagen VirtusTopline AT,2023,"32,801kms",Petrol,Automatic,₹13.45 Lakh,gurgaon
Maruti,Maruti CiazZXi,2016,"71,542kms",Petrol,Manual,₹4.76 Lakh,gurgaon
Maruti,Maruti Wagon RLXI CNG BSVI,2022,"53,797kms",CNG,Manual,₹4.20 Lakh,gurgaon
Maruti,Maruti Wagon RVXI 1.2,2020,"23,151kms",Petrol,Manual,₹4.17 Lakh,gurgaon
Maruti,Maruti Wagon RLXI BSVI,2022,"6,077kms",Petrol,Manual,₹3.70 Lakh,gurgaon
Maruti,Maruti CelerioZXI AMT,2016,"86,564kms",Petrol,Automatic,₹2.51 Lakh,gurgaon
Hyundai,Hyundai i10Magna 1.1,2015,"74,750kms",Petrol,Manual,₹2.62 Lakh,gurgaon
Volkswagen,Volkswagen VirtusHighline AT,2022,"23,702kms",Petrol,Automatic,₹11.27 Lakh,gurgaon
Datsun,Datsun RediGO1.0 T Option,2017,"34,713kms",Petrol,Manual,₹1.46 Lakh,gurgaon
Maruti,Maruti Wagon RLXI CNG,2018,"73,846kms",CNG,Manual,₹2.84 Lakh,gurgaon
Tata,Tata Nexon1.2 Revotron XMA,2019,"49,278kms",Petrol,Automatic,₹4.75 Lakh,gurgaon
Maruti,Maruti CiazAT ZXi Plus,2016,"80,669kms",Petrol,Automatic,₹3.93 Lakh,gurgaon
Renault,Renault TriberRXT,2023,"48,055kms",Petrol,Manual,₹4.43 Lakh,gurgaon
Nissan,Nissan MagniteTurbo CVT XV BSVI,2021,"76,368kms",Petrol,Automatic,₹4.72 Lakh,gurgaon
Honda,Honda Amaze 2nd GenE BSVI,2022,"44,853kms",Petrol,Manual,₹4.40 Lakh,gurgaon
Nissan,Nissan MagniteXL,2021,"28,701kms",Petrol,Manual,₹4.92 Lakh,gurgaon
Renault,Renault KWID1.0 RXT AMT,2017,"41,041kms",Petrol,Automatic,₹2.58 Lakh,gurgaon
Renault,Renault KWIDRXT,2016,"51,234kms",Petrol,Manual,₹1.64 Lakh,gurgaon
Hyundai,Hyundai Grand i101.2 Kappa Magna BSIV,2018,"51,511kms",Petrol,Manual,₹3.42 Lakh,gurgaon
Maruti,Maruti CiazDelta Diesel,2017,"76,938kms",Diesel,Automatic,₹4.64 Lakh,gurgaon
Renault,2018Renault KWID1.0 RXT Optional AT  -2019,2016,"62,125kms",Petrol,Automatic,₹2.52 Lakh,gurgaon
Honda,Honda Cityi-VTEC V,2018,"46,469kms",Petrol,Manual,₹4.16 Lakh,gurgaon
Maruti,Maruti Alto K10VXI,2023,"13,918kms",Petrol,Manual,₹3.37 Lakh,gurgaon
Maruti,2021Maruti S-PressoVXI AT  -2022,2019,"22,711kms",Petrol,Automatic,₹3.41 Lakh,gurgaon
Maruti,Maruti CiazZXi,2016,"71,542kms",Petrol,Manual,₹4.76 Lakh,gurgaon
Maruti,Maruti Wagon RLXI CNG BSVI,2022,"53,797kms",CNG,Manual,₹4.20 Lakh,gurgaon
Maruti,Maruti Wagon RVXI 1.2,2020,"23,151kms",Petrol,Manual,₹4.17 Lakh,gurgaon
Honda,Honda Amaze 2nd GenE BSVI,2022,"44,853kms",Petrol,Manual,₹4.40 Lakh,gurgaon
Renault,Renault KWIDRXT,2016,"51,234kms",Petrol,Manual,₹1.64 Lakh,gurgaon
Hyundai,Hyundai Grand i101.2 Kappa Magna BSIV,2018,"51,511kms",Petrol,Manual,₹3.42 Lakh,gurgaon
Maruti,Maruti CiazDelta Diesel,2017,"76,938kms",Diesel,Automatic,₹4.64 Lakh,gurgaon
Renault,2018Renault KWID1.0 RXT Optional AT  -2019,2016,"62,125kms",Petrol,Automatic,₹2.52 Lakh,gurgaon
Honda,Honda Cityi-VTEC V,2018,"46,469kms",Petrol,Manual,₹4.16 Lakh,gurgaon
Maruti,Maruti Alto K10VXI,2023,"13,918kms",Petrol,Manual,₹3.37 Lakh,gurgaon
Renault,Renault KigerRXT AMT,2021,"41,147kms",Petrol,Automatic,₹4.34 Lakh,gurgaon
Nissan,Nissan MagniteXV,2023,"47,686kms",Petrol,Manual,₹4.75 Lakh,gurgaon
Maruti,Maruti Wagon RVXI CNG,2018,"51,545kms",CNG,Manual,₹3.54 Lakh,gurgaon
Volkswagen,Volkswagen VirtusTopline AT,2023,"32,801kms",Petrol,Automatic,₹13.45 Lakh,gurgaon
Maruti,Maruti CiazZXi,2016,"71,542kms",Petrol,Manual,₹4.76 Lakh,gurgaon
Maruti,Maruti Wagon RLXI CNG BSVI,2022,"53,797kms",CNG,Manual,₹4.20 Lakh,gurgaon
Maruti,Maruti Wagon RVXI 1.2,2020,"23,151kms",Petrol,Manual,₹4.17 Lakh,gurgaon
Maruti,Maruti Wagon RLXI BSVI,2022,"6,077kms",Petrol,Manual,₹3.70 Lakh,gurgaon
Maruti,Maruti CelerioZXI AMT,2016,"86,564kms",Petrol,Automatic,₹2.51 Lakh,gurgaon
Volkswagen,Volkswagen VirtusHighline AT,2022,"23,702kms",Petrol,Automatic,₹11.27 Lakh,gurgaon
Datsun,Datsun RediGO1.0 T Option,2017,"34,713kms",Petrol,Manual,₹1.46 Lakh,gurgaon
Renault,Renault KWID1.0 RXT,2023,"43,629kms",Petrol,Manual,₹2.98 Lakh,gurgaon
Renault,Renault TriberRXT BSVI,2022,"1,01,614kms",Petrol,Manual,₹3.32 Lakh,gurgaon
Honda,Honda CityVX MT,2015,"1,14,721kms",Petrol,Manual,₹4.38 Lakh,gurgaon
Maruti,Maruti ErtigaZXI,2014,"1,02,980kms",Petrol,Manual,₹4.02 Lakh,gurgaon
Hyundai,Hyundai Grand i101.2 Kappa Sportz BSIV,2017,"72,498kms",Petrol,Manual,₹3.53 Lakh,gurgaon
Ford,Ford Ecosport1.5 Ti VCT AT Titanium,2017,"89,554kms",Petrol,Automatic,₹5.47 Lakh,gurgaon
Kia,Kia SonetGTX Plus Turbo iMT,2020,"44,300kms",Petrol,Automatic,₹7.31 Lakh,gurgaon
Tata,Tata AltrozXZ,2020,"1,16,243kms",Petrol,Manual,₹4.37 Lakh,gurgaon
Honda,Honda Amaze 2nd GenVX,2015,"45,942kms",Petrol,Manual,₹3.45 Lakh,gurgaon
Honda,Honda JazzV,2016,"1,00,272kms",Petrol,Manual,₹3.13 Lakh,gurgaon
Kia,Kia SonetHTX Turbo iMT,2021,"37,829kms",Petrol,Automatic,₹7.24 Lakh,gurgaon
Hyundai,Hyundai Creta1.6 VTVT AT SX Plus,2016,"78,009kms",Petrol,Automatic,₹4.96 Lakh,gurgaon
Maruti,Maruti BalenoDelta Diesel,2018,"22,076kms",Diesel,Manual,₹4.25 Lakh,gurgaon
Honda,Honda City1.5 V MT Exclusive,2022,"36,101kms",Petrol,Manual,₹8.26 Lakh,gurgaon
Hyundai,Hyundai Grand i10 NiosSportz CNG,2021,"1,01,466kms",CNG,Manual,₹5.02 Lakh,gurgaon
Ford,Ford Ecosport1.5 Ti VCT AT Titanium BSIV,2016,"60,315kms",Petrol,Automatic,₹3.38 Lakh,gurgaon
Kia,Kia SonetGTX Plus Turbo iMT,2021,"54,843kms",Petrol,Automatic,₹8.79 Lakh,gurgaon
Hyundai,Hyundai Grand i101.2 Kappa Sportz BSIV,2019,"1,00,149kms",Petrol,Manual,₹4.25 Lakh,gurgaon
Kia,Kia SeltosGTX Plus DCT,2020,"95,576kms",Petrol,Automatic,₹9.90 Lakh,gurgaon
Renault,Renault DusterPetrol RxL,2017,"61,955kms",Petrol,Manual,₹4.07 Lakh,gurgaon
Tata,Tata Tiago1.2 Revotron XZ Plus,2019,"54,449kms",Petrol,Manual,₹4.07 Lakh,gurgaon
Jeep,Jeep Compass1.4 Limited,2019,"71,588kms",Petrol,Automatic,₹7.53 Lakh,gurgaon
Honda,Honda AmazeS i-VTEC,2019,"58,000kms",Petrol,Manual,₹4.75 Lakh,gurgaon
Tata,Tata TiagoXT Option,2021,"68,000kms",Petrol,Manual,₹4.18 Lakh,gurgaon
Hyundai,Hyundai i10Era,2010,"50,000kms",Petrol,Manual,"₹69,000",gurgaon
Volkswagen,Volkswagen Polo1.2 MPI Highline,2017,"70,000kms",Petrol,Manual,₹4.50 Lakh,gurgaon
Hyundai,Hyundai VernaSX,2020,"45,000kms",Petrol,Manual,₹7.50 Lakh,gurgaon
Honda,Honda Jazz1.2 V AT i VTEC Privilege,2017,"94,451kms",Petrol,Automatic,₹4.25 Lakh,gurgaon
Honda,Honda AmazeS i-Vtech,2014,"71,000kms",Petrol,Manual,₹2.95 Lakh,gurgaon
Maruti,Maruti Baleno1.2 CVT Delta,2017,"55,556kms",Petrol,Automatic,₹4.40 Lakh,gurgaon
Maruti,Maruti Wagon RCNG LXI,2021,"39,000kms",CNG,Manual,₹4.45 Lakh,gurgaon
Honda,Honda MobilioRS i-DTEC,2016,"70,000kms",Diesel,Manual,₹2.50 Lakh,gurgaon
Maruti,Maruti CiazZXi,2015,"60,000kms",Petrol,Manual,₹4 Lakh,gurgaon
Tata,Tata Nexon EV  Max XZ Plus,2022,"74,000kms",Electric,Automatic,₹13 Lakh,gurgaon
Honda,Honda AmazeS Petrol BSIV,2019,"40,000kms",Petrol,Manual,₹5 Lakh,gurgaon
Maruti,Maruti CelerioVXI,2015,"1,00,000kms",Petrol,Manual,₹3 Lakh,gurgaon
Honda,Honda AmazeS i-Vtech,2014,"78,000kms",Petrol,Manual,₹2.65 Lakh,gurgaon
Ford,Ford FigoTitanium BSIV,2019,"35,000kms",Petrol,Manual,₹3 Lakh,gurgaon
Hyundai,Hyundai VenueS Turbo DCT,2021,"80,000kms",Petrol,Automatic,₹7 Lakh,gurgaon
Honda,Honda Cityi VTEC CVT SV,2015,"1,25,000kms",Petrol,Automatic,₹4.65 Lakh,gurgaon
Honda,Honda CityE,2011,"1,50,000kms",Petrol,Manual,₹1.20 Lakh,gurgaon
Tata,Tata PunchPure CNG,2025,"6,000kms",CNG,Manual,₹7.53 Lakh,gurgaon
Ford,Ford FigoTitanium BSIV,2019,"35,000kms",Petrol,Manual,₹3 Lakh,gurgaon
Hyundai,Hyundai VenueS Turbo DCT,2021,"80,000kms",Petrol,Automatic,₹7 Lakh,gurgaon
Honda,Honda Cityi VTEC CVT SV,2015,"1,25,000kms",Petrol,Automatic,₹4.65 Lakh,gurgaon
Honda,Honda CityE,2011,"1,50,000kms",Petrol,Manual,₹1.20 Lakh,gurgaon
Tata,Tata PunchPure CNG,2025,"6,000kms",CNG,Manual,₹7.53 Lakh,gurgaon
Hyundai,Hyundai Creta1.6 VTVT S,2016,"50,000kms",Petrol,Manual,₹5.10 Lakh,gurgaon
Maruti,Maruti Alto 800LXi,2011,"30,000kms",Petrol,Manual,₹1.30 Lakh,gurgaon
Maruti,Maruti Wagon RCNG LXI Opt BSIV,2020,"93,000kms",CNG,Manual,₹4.50 Lakh,gurgaon
Jeep,Jeep Compass1.4 Longitude Plus AT,2020,"85,000kms",Petrol,Automatic,₹7.50 Lakh,gurgaon
Honda,Honda CityV AT,2011,"70,000kms",Petrol,Automatic,₹2 Lakh,gurgaon
Tata,Tata TiagoXM CNG,2023,"38,700kms",CNG,Manual,₹4.80 Lakh,gurgaon
BMW,BMW X1sDrive 20d xLine,2019,"1,68,000kms",Diesel,Automatic,₹16.50 Lakh,gurgaon
Maruti,Maruti CelerioGreen VXI,2014,"1,62,000kms",CNG,Manual,₹2.50 Lakh,gurgaon
Renault,Renault KigerRXE,2024,"18,000kms",Petrol,Manual,₹5 Lakh,gurgaon
Hyundai,Hyundai Grand i10Magna,2013,"1,85,000kms",Petrol,Manual,₹1.80 Lakh,gurgaon
Volkswagen,Volkswagen PoloPetrol Comfortline 1.2L,2013,"1,20,000kms",Petrol,Manual,₹1.70 Lakh,gurgaon
Toyota,Toyota EtiosG,2014,"1,50,000kms",Petrol,Manual,₹2 Lakh,gurgaon
Maruti,Maruti RitzVXi,2012,"1,50,000kms",Petrol,Manual,₹1.25 Lakh,gurgaon
Ford,Ford Figo1.5 Sports Edition MT,2017,"30,000kms",Diesel,Manual,₹3 Lakh,gurgaon
MG,MG Windsor EVExclusive,2024,"20,000kms",Electric,Automatic,₹14 Lakh,gurgaon
Tata,Tata Tiago1.2 Revotron XZ WO Alloy,2019,"41,476kms",Petrol,Manual,₹3.64 Lakh,gurgaon
Tata,Tata NexonXM S Diesel,2021,"62,354kms",Diesel,Manual,₹6.24 Lakh,gurgaon
Skoda,Skoda Kushaq1.5 TSI Ambition,2022,"1,00,354kms",Petrol,Manual,₹9.49 Lakh,gurgaon
Maruti,Maruti S CrossAlpha AT,2021,"97,145kms",Petrol,Automatic,₹7.44 Lakh,gurgaon
Kia,Kia SonetHTX Turbo iMT,2021,"45,054kms",Petrol,Automatic,₹7.19 Lakh,gurgaon
Tata,Tata NexonXZ Plus,2020,"1,01,850kms",Petrol,Manual,₹6.41 Lakh,gurgaon
Maruti,Maruti Wagon RVXI 1.2,2024,"9,729kms",Petrol,Manual,₹4.93 Lakh,gurgaon
Maruti,Maruti S CrossAlpha AT,2022,"61,504kms",Petrol,Automatic,₹8.65 Lakh,gurgaon
Volkswagen,Volkswagen VentoPetrol Highline AT,2015,"73,105kms",Petrol,Automatic,₹3.81 Lakh,gurgaon
Maruti,Maruti Wagon RLXI CNG,2017,"1,04,045kms",CNG,Manual,₹3.05 Lakh,gurgaon
Mahindra,Mahindra KUV 100 NXTG80 K2 Plus 6 Str,2018,"39,984kms",Petrol,Manual,₹3.50 Lakh,gurgaon
Tata,Tata CurvvAccomplished Plus A Diesel,2024,"22,107kms",Diesel,Manual,₹16.63 Lakh,gurgaon
Kia,Kia SeltosHTX,2022,"27,024kms",Petrol,Manual,₹8.48 Lakh,gurgaon
Tata,Tata TigorXZ CNG,2023,"49,267kms",CNG,Manual,₹5.68 Lakh,gurgaon
Maruti,Maruti Wagon RVXI,2024,"13,735kms",Petrol,Manual,₹5.16 Lakh,gurgaon
Kia,Kia SonetHTK BSVI,2021,"38,800kms",Petrol,Manual,₹6.50 Lakh,gurgaon
Maruti,Maruti Wagon RCNG LXI,2015,"1,17,458kms",CNG,Manual,₹2.76 Lakh,gurgaon
Datsun,Datsun RediGOAMT 1.0 S,2018,"54,241kms",Petrol,Automatic,₹2.26 Lakh,gurgaon
Honda,Honda BrioVX,2014,"1,08,444kms",Petrol,Manual,₹2.36 Lakh,gurgaon
Tata,Tata TigorXZ CNG,2022,"89,126kms",CNG,Manual,₹5.03 Lakh,gurgaon
Maruti,Maruti CelerioVXI AMT,2014,"28,126kms",Petrol,Automatic,₹2.83 Lakh,gurgaon
Toyota,Toyota Etios LivaG,2014,"69,429kms",Petrol,Manual,₹1.76 Lakh,gurgaon
Honda,Honda MobilioV i-VTEC,2015,"71,551kms",Petrol,Manual,₹3.89 Lakh,gurgaon
Maruti,Maruti BalenoSigma,2023,"47,454kms",Petrol,Manual,₹4.80 Lakh,gurgaon
Kia,Kia SeltosGTX DCT,2021,"33,834kms",Petrol,Automatic,₹8.45 Lakh,gurgaon
Kia,Kia SonetHTX Turbo iMT,2022,"29,887kms",Petrol,Automatic,₹7.81 Lakh,gurgaon
Maruti,Maruti SwiftAMT ZXI,2014,"65,708kms",Petrol,Automatic,₹2.89 Lakh,gurgaon
Honda,Honda CityVX MT,2015,"1,14,721kms",Petrol,Manual,₹4.38 Lakh,gurgaon
Maruti,Maruti ErtigaZXI,2014,"1,02,980kms",Petrol,Manual,₹4.02 Lakh,gurgaon
Hyundai,Hyundai Grand i101.2 Kappa Sportz BSIV,2017,"72,498kms",Petrol,Manual,₹3.53 Lakh,gurgaon
Ford,Ford Ecosport1.5 Ti VCT AT Titanium,2017,"89,554kms",Petrol,Automatic,₹5.47 Lakh,gurgaon
Kia,Kia SonetGTX Plus Turbo iMT,2020,"44,300kms",Petrol,Automatic,₹7.31 Lakh,gurgaon
Tata,Tata AltrozXZ,2020,"1,16,243kms",Petrol,Manual,₹4.37 Lakh,gurgaon
Honda,Honda Amaze 2nd GenVX,2015,"45,942kms",Petrol,Manual,₹3.45 Lakh,gurgaon
Honda,Honda JazzV,2016,"1,00,272kms",Petrol,Manual,₹3.13 Lakh,gurgaon
Kia,Kia SonetHTX Turbo iMT,2021,"37,829kms",Petrol,Automatic,₹7.24 Lakh,gurgaon
Hyundai,Hyundai Creta1.6 VTVT AT SX Plus,2016,"78,009kms",Petrol,Automatic,₹4.96 Lakh,gurgaon
Maruti,Maruti BalenoDelta Diesel,2018,"22,076kms",Diesel,Manual,₹4.25 Lakh,gurgaon
Honda,Honda City1.5 V MT Exclusive,2022,"36,101kms",Petrol,Manual,₹8.26 Lakh,gurgaon
Hyundai,Hyundai Grand i10 NiosSportz CNG,2021,"1,01,466kms",CNG,Manual,₹5.02 Lakh,gurgaon
Kia,Kia SonetHTX Turbo iMT,2021,"37,829kms",Petrol,Automatic,₹7.24 Lakh,gurgaon
Hyundai,Hyundai Creta1.6 VTVT AT SX Plus,2016,"78,009kms",Petrol,Automatic,₹4.96 Lakh,gurgaon
Maruti,Maruti BalenoDelta Diesel,2018,"22,076kms",Diesel,Manual,₹4.25 Lakh,gurgaon
Honda,Honda City1.5 V MT Exclusive,2022,"36,101kms",Petrol,Manual,₹8.26 Lakh,gurgaon
Hyundai,Hyundai Grand i10 NiosSportz CNG,2021,"1,01,466kms",CNG,Manual,₹5.02 Lakh,gurgaon
Ford,Ford Ecosport1.5 Ti VCT AT Titanium BSIV,2016,"60,315kms",Petrol,Automatic,₹3.38 Lakh,gurgaon
Maruti,Maruti BrezzaZxi DT BSVI,2022,"18,545kms",Petrol,Manual,₹8.86 Lakh,gurgaon
Datsun,Datsun RediGOT Option,2017,"30,693kms",Petrol,Manual,₹2.04 Lakh,gurgaon
Maruti,Maruti Wagon RLXI CNG,2019,"1,18,217kms",CNG,Manual,₹3.64 Lakh,gurgaon
Maruti,Maruti CelerioZXI,2019,"26,128kms",Petrol,Manual,₹3.95 Lakh,gurgaon
Hyundai,Hyundai SantroSportz CNG,2022,"91,678kms",CNG,Manual,₹3.82 Lakh,gurgaon
Hyundai,Hyundai Xcent1.2 Kappa SX Option AT,2016,"28,909kms",Petrol,Automatic,₹4.45 Lakh,gurgaon
Maruti,Maruti Alto 800LXI,2013,"17,608kms",Petrol,Manual,₹1.29 Lakh,gurgaon
Nissan,Nissan MagniteTurbo CVT XV Premium,2023,"22,514kms",Petrol,Automatic,₹7.24 Lakh,gurgaon
Kia,Kia SonetGTX Plus Turbo iMT,2021,"54,843kms",Petrol,Automatic,₹8.79 Lakh,gurgaon
Hyundai,Hyundai Grand i101.2 Kappa Sportz BSIV,2019,"1,00,149kms",Petrol,Manual,₹4.25 Lakh,gurgaon
Kia,Kia SeltosGTX Plus DCT,2020,"95,576kms",Petrol,Automatic,₹9.90 Lakh,gurgaon
Renault,Renault DusterPetrol RxL,2017,"61,955kms",Petrol,Manual,₹4.07 Lakh,gurgaon
Tata,Tata Tiago1.2 Revotron XZ Plus,2019,"54,449kms",Petrol,Manual,₹4.07 Lakh,gurgaon
Jeep,Jeep Compass1.4 Limited,2019,"71,588kms",Petrol,Automatic,₹7.53 Lakh,gurgaon
Mahindra,Mahindra TharLX Hard Top Diesel AT,2021,"1,11,926kms",Diesel,Automatic,₹10.13 Lakh,gurgaon
Mahindra,Mahindra TharLX Hard Top Diesel,2021,"1,06,729kms",Diesel,Manual,₹10.74 Lakh,gurgaon
Maruti,Maruti Alto 800VXI,2017,"1,01,998kms",Petrol,Manual,₹2.18 Lakh,gurgaon
Maruti,Maruti Wagon RVXI 1.2,2018,"76,654kms",Petrol,Manual,₹3.23 Lakh,gurgaon
Maruti,Maruti Alto 800LXi,2021,"47,583kms",Petrol,Manual,₹2.85 Lakh,gurgaon
Ford,Ford FigoTitanium AT  -2020,2019,"53,875kms",Petrol,Automatic,₹4.38 Lakh,gurgaon
Maruti,Maruti BalenoAlpha Diesel,2017,"56,833kms",Diesel,Manual,₹4.39 Lakh,gurgaon
Maruti,Maruti CelerioVXI AMT,2014,"28,126kms",Petrol,Automatic,₹2.83 Lakh,gurgaon
Toyota,Toyota Etios LivaG,2014,"69,429kms",Petrol,Manual,₹1.76 Lakh,gurgaon
Honda,Honda MobilioV i-VTEC,2015,"71,551kms",Petrol,Manual,₹3.89 Lakh,gurgaon
Mahindra,Mahindra XUV700AX5 7 Str BSVI,2022,"33,015kms",Petrol,Manual,₹12.80 Lakh,gurgaon
Toyota,Toyota Corolla AltisVL AT,2015,"81,290kms",Petrol,Automatic,₹4.98 Lakh,gurgaon
Maruti,Maruti Wagon RVXI BS IV,2013,"98,532kms",Petrol,Manual,₹1.29 Lakh,gurgaon
Audi,Audi A41.8 TFSI Multitronic,2014,"62,118kms",Petrol,Automatic,₹9.25 Lakh,gurgaon
Hyundai,Hyundai i10Magna 1.1,2015,"71,906kms",Petrol,Manual,₹2.30 Lakh,gurgaon
Renault,Renault KigerRXZ,2022,"33,351kms",Petrol,Manual,₹4.86 Lakh,gurgaon
Maruti,Maruti Alto K10VXI,2018,"67,276kms",Petrol,Manual,₹2.04 Lakh,gurgaon
Hyundai,Hyundai EONSportz,2016,"83,167kms",Petrol,Manual,₹2.43 Lakh,gurgaon
Hyundai,Hyundai EONEra Plus,2016,"53,770kms",Petrol,Manual,₹1.60 Lakh,gurgaon
Hyundai,Hyundai VenueSX Opt Turbo DCT Special Edition,2022,"32,027kms",Petrol,Automatic,₹9.12 Lakh,gurgaon
Hyundai,Hyundai Grand i10Sportz,2016,"34,604kms",Petrol,Manual,₹2.68 Lakh,gurgaon
Maruti,Maruti BalenoZeta Diesel,2021,"4,702kms",Diesel,Manual,₹6.27 Lakh,gurgaon
Tata,Tata Tiago1.2 Revotron XZA,2017,"66,559kms",Petrol,Automatic,₹3.16 Lakh,gurgaon
Maruti,Maruti DzireVXI,2023,"43,133kms",Petrol,Manual,₹6.09 Lakh,gurgaon
Ford,Ford EcosportTitanium,2019,"69,896kms",Petrol,Manual,₹5.78 Lakh,gurgaon
Maruti,Maruti Alto 800LXI,2017,"29,630kms",Petrol,Manual,₹1.81 Lakh,gurgaon
Renault,Renault KWIDRXL,2019,"63,301kms",Petrol,Manual,₹1.98 Lakh,gurgaon
Tata,Tata TiagoXZ Plus BSVI,2022,"83,247kms",Petrol,Manual,₹3.41 Lakh,gurgaon
Honda,Honda Amaze 2nd GenS,2016,"55,899kms",Petrol,Manual,₹3.34 Lakh,gurgaon
Honda,Honda AmazeS i-VTEC,2013,"84,300kms",Petrol,Manual,₹2.48 Lakh,gurgaon
Renault,Renault KWID1.0 AMT RXT,2018,"48,278kms",Petrol,Automatic,₹2.81 Lakh,gurgaon
Maruti,2021Maruti S-PressoVXI Opt  -2022,2019,"39,303kms",Petrol,Manual,₹2.89 Lakh,gurgaon
Tata,Tata PunchAdventure AMT,2024,"18,920kms",Petrol,Automatic,₹7.32 Lakh,gurgaon
Ford,Ford EcosportTitanium,2018,"28,240kms",Petrol,Manual,₹5.98 Lakh,gurgaon
Maruti,Maruti SwiftVXI,2019,"68,096kms",Petrol,Manual,₹4.37 Lakh,gurgaon
Tata,Tata PunchPure BSVI,2022,"56,413kms",Petrol,Manual,₹4.09 Lakh,gurgaon
Tata,Tata TigorXZ Plus CNG,2023,"87,514kms",CNG,Manual,₹5.75 Lakh,gurgaon
Mercedes-Benz,Mercedes-Benz GLC220d 4MATIC,2022,"22,000kms",Diesel,Automatic,₹50 Lakh,gurgaon
Toyota,Toyota Fortuner4X2 Diesel BSVI,2021,"60,000kms",Diesel,Manual,₹32 Lakh,gurgaon
Mercedes-Benz,Mercedes-Benz GLA200 BSVI,2022,"10,000kms",Petrol,Automatic,₹33 Lakh,gurgaon
Tata,Tata Nexon1.2 Revotron XMA,2019,"60,000kms",Petrol,Automatic,₹5 Lakh,gurgaon
Tata,Tata Nexon EVEmpowered Plus LR,2023,"50,000kms",Electric,Automatic,₹10 Lakh,gurgaon
Renault,Renault KWID1.0 RXT Opt BSIV,2020,"61,000kms",Petrol,Manual,₹2.20 Lakh,gurgaon
Maruti,Maruti ErtigaVXI CNG,2022,"90,000kms",CNG,Manual,₹8.60 Lakh,gurgaon
Toyota,Toyota Corolla AltisG AT,2015,"90,000kms",Petrol,Automatic,₹6 Lakh,gurgaon
Tata,Tata NexonXMA AMT S BSVI,2022,"60,000kms",Petrol,Automatic,₹7 Lakh,gurgaon
Renault,Renault DusterAdventure Edition 85PS RXE,2017,"1,02,000kms",Diesel,Manual,₹3 Lakh,gurgaon
Maruti,Maruti Wagon RLXI BS IV,2012,"1,20,000kms",Petrol,Manual,₹1.42 Lakh,gurgaon
Volkswagen,Volkswagen PoloGT TSI,2018,"80,000kms",Petrol,Automatic,₹5.05 Lakh,gurgaon
Maruti,Maruti Baleno1.2 Delta,2018,"1,00,000kms",Petrol,Manual,₹3.50 Lakh,gurgaon
Hyundai,Hyundai EONMagna Optional,2014,"1,10,000kms",Petrol,Manual,₹1.80 Lakh,gurgaon
Tata,Tata TigorXE BSVI,2021,"50,000kms",Petrol,Manual,₹3.36 Lakh,gurgaon
Honda,Honda AmazeS Option i-VTEC,2017,"30,000kms",Petrol,Manual,₹3.60 Lakh,gurgaon
Volkswagen,Volkswagen VentoPetrol Highline,2011,"91,000kms",Petrol,Manual,₹2 Lakh,gurgaon
Hyundai,Hyundai Grand i10 NiosSportz,2022,"33,000kms",Petrol,Manual,₹4.75 Lakh,gurgaon
Audi,Audi A8L 4.2 FSI quattro,2011,"50,000kms",Petrol,Automatic,₹12 Lakh,gurgaon
Toyota,Toyota Fortuner4x2 AT,2014,"1,63,000kms",Diesel,Automatic,₹7 Lakh,gurgaon
Maruti,Maruti Baleno1.2 Delta,2017,"80,000kms",Petrol,Manual,₹3.60 Lakh,gurgaon
Ford,Ford Ecosport1.5 Diesel Titanium BSIV,2018,"1,60,000kms",Diesel,Manual,₹4.50 Lakh,gurgaon
Ford,Ford Ecosport1.5 Diesel Trend BSIV,2017,"94,000kms",Diesel,Manual,₹3.25 Lakh,gurgaon
Renault,Renault KigerRXZ AMT,2023,"30,000kms",Petrol,Automatic,₹7 Lakh,gurgaon
Mahindra,Mahindra TUV 300T8,2016,"1,20,000kms",Diesel,Manual,₹3.35 Lakh,gurgaon
Hyundai,Hyundai Grand i10AT Asta,2014,"70,000kms",Petrol,Automatic,₹2.80 Lakh,gurgaon
Chevrolet,Chevrolet CruzeLTZ AT,2017,"1,07,000kms",Diesel,Automatic,₹3.80 Lakh,gurgaon
Volkswagen,Volkswagen Polo1.2 MPI Highline,2017,"82,424kms",Petrol,Manual,₹3.95 Lakh,gurgaon
Maruti,Maruti Wagon RVXI,2021,"90,000kms",Petrol,Manual,₹4 Lakh,gurgaon
Skoda,Skoda OctaviaStyle Plus 1.8 TSI AT,2016,"68,000kms",Petrol,Automatic,₹6.75 Lakh,gurgaon
Maruti,Maruti CiazAlpha BSVI,2021,"40,000kms",Petrol,Manual,₹7.70 Lakh,gurgaon
Audi,Audi A62.0 TDI,2014,"58,000kms",Diesel,Automatic,₹7.85 Lakh,gurgaon
Honda,Honda Cityi-VTEC CVT ZX,2017,"83,000kms",Petrol,Automatic,₹5.95 Lakh,gurgaon
Audi,Audi A435 TDI Premium,2016,"1,20,000kms",Diesel,Automatic,₹10 Lakh,gurgaon
Volkswagen,Volkswagen VirtusGT Plus,2023,"36,000kms",Petrol,Manual,₹13.01 Lakh,gurgaon
Tata,Tata HarrierXZA Plus AT BSVI,2021,"1,00,000kms",Diesel,Automatic,₹12.50 Lakh,gurgaon
Honda,Honda WR-Vi-DTEC S,2017,"1,50,000kms",Diesel,Manual,₹3.35 Lakh,gurgaon
Maruti,Maruti SwiftAMT ZDI,2018,"1,50,000kms",Diesel,Automatic,₹4.50 Lakh,gurgaon
Mahindra,Mahindra Scorpio NZ8 Select AT,2024,"10,000kms",Petrol,Automatic,₹18.50 Lakh,gurgaon
Mahindra,Mahindra TharLX Convert Top Diesel,2024,"30,000kms",Diesel,Manual,₹11.50 Lakh,gurgaon
Tata,Tata Tiago1.2 Revotron XZA,2019,"1,00,000kms",Petrol,Automatic,₹3 Lakh,gurgaon
Toyota,Toyota Innova Crysta2.8 GX AT BSIV,2017,"1,90,000kms",Diesel,Automatic,₹10.90 Lakh,gurgaon
Maruti,Maruti Baleno1.2 CVT Delta,2017,"90,000kms",Petrol,Automatic,₹4 Lakh,gurgaon
Mahindra,Mahindra Scorpio NZ8 Select AT,2024,"10,000kms",Petrol,Automatic,₹18.50 Lakh,gurgaon
Mahindra,Mahindra TharLX Convert Top Diesel,2024,"30,000kms",Diesel,Manual,₹11.50 Lakh,gurgaon
Tata,Tata Tiago1.2 Revotron XZA,2019,"1,00,000kms",Petrol,Automatic,₹3 Lakh,gurgaon
Toyota,Toyota Innova Crysta2.8 GX AT BSIV,2017,"1,90,000kms",Diesel,Automatic,₹10.90 Lakh,gurgaon
Maruti,Maruti Baleno1.2 CVT Delta,2017,"90,000kms",Petrol,Automatic,₹4 Lakh,gurgaon
Hyundai,Hyundai SantroSportz,2021,"82,000kms",Petrol,Manual,₹4.10 Lakh,gurgaon
Maruti,Maruti Wagon RVXI,2023,"42,000kms",Petrol,Manual,₹4.85 Lakh,gurgaon
Honda,Honda WR-Vi-DTEC VX,2018,"70,000kms",Diesel,Manual,₹4.30 Lakh,gurgaon
Volkswagen,Volkswagen Polo1.2 MPI Comfortline,2016,"1,50,000kms",Petrol,Manual,₹2.50 Lakh,gurgaon
Volvo,Volvo XC90B6 Inscription 7STR,2022,"10,800kms",Petrol,Automatic,₹69 Lakh,gurgaon
Mercedes-Benz,Mercedes-Benz GLE250d,2016,"1,40,000kms",Diesel,Automatic,₹13.50 Lakh,gurgaon
Mercedes-Benz,Mercedes-Benz GLE43 AMG Coupe,2020,"20,000kms",Petrol,Automatic,₹69 Lakh,gurgaon
Jeep,Jeep Compass1.4 Longitude Plus AT,2021,"29,500kms",Petrol,Automatic,₹13.50 Lakh,gurgaon
Land Rover,Land Rover Discovery SportPetrol HSE 7S,2016,"44,000kms",Petrol,Automatic,₹18.50 Lakh,gurgaon
Hyundai,Hyundai EONMagna Plus,2014,"50,000kms",Petrol,Manual,₹1.27 Lakh,gurgaon
Ford,Ford Ecosport1.5 Diesel Trend Plus BSIV,2018,"1,00,000kms",Diesel,Manual,₹3.50 Lakh,gurgaon
Hyundai,Hyundai VernaSX,2020,"60,000kms",Petrol,Manual,₹7 Lakh,gurgaon
Tata,Tata PunchAccomplished,2023,"5,000kms",Petrol,Manual,₹5.75 Lakh,gurgaon
Hyundai,Hyundai i20Petrol CVT Asta,2018,"50,000kms",Petrol,Automatic,₹4 Lakh,gurgaon
Mahindra,Mahindra XUV500AT W8 FWD,2016,"1,07,000kms",Diesel,Automatic,₹5 Lakh,gurgaon
Tata,Tata TiagoXZA Plus,2020,"80,000kms",Petrol,Automatic,₹4.05 Lakh,gurgaon
Nissan,Nissan MagniteXE BSVI,2021,"22,800kms",Petrol,Manual,₹4.25 Lakh,gurgaon
Ford,Ford Figo1.2P Titanium MT,2016,"49,000kms",Petrol,Manual,₹2.85 Lakh,gurgaon
Volkswagen,Volkswagen Ameo1.2 MPI Comfortline,2016,"1,08,000kms",Petrol,Manual,₹2.95 Lakh,gurgaon
Skoda,Skoda Fabia1.2 MPI Ambition,2011,"66,000kms",Petrol,Manual,₹2.05 Lakh,gurgaon
Skoda,Skoda Rapid1.6 MPI Elegance,2012,"39,000kms",Petrol,Manual,₹2.45 Lakh,gurgaon
BMW,BMW 5 Series520d Luxury Line,2016,"90,000kms",Diesel,Automatic,₹16 Lakh,gurgaon
Mercedes-Benz,Mercedes-Benz C-ClassC 200 CGI,2018,"30,088kms",Petrol,Automatic,₹18 Lakh,gurgaon
Jeep,Jeep WranglerUnlimited BSVI,2021,"19,000kms",Petrol,Automatic,₹45 Lakh,gurgaon
Audi,Audi A645 TFSI Premium Plus BSVI,2021,"28,000kms",Petrol,Automatic,₹29 Lakh,gurgaon
Audi,Audi TT2.0 TFSI,2014,"38,000kms",Petrol,Automatic,₹25 Lakh,gurgaon
Audi,Audi Q7Technology BSVI,2023,"25,000kms",Diesel,Automatic,₹70 Lakh,gurgaon
BMW,BMW X3xDrive20d Luxury Edition,2023,"12,000kms",Diesel,Automatic,₹53 Lakh,gurgaon
Hyundai,Hyundai Santro XingGL PLUS CNG,2014,"98,000kms",CNG,Manual,₹1.50 Lakh,gurgaon
Honda,Honda JazzVX CVT,2018,"30,000kms",Petrol,Automatic,₹5.25 Lakh,gurgaon
Jeep,Jeep Compass1.4 Model S Opt AT,2022,"30,000kms",Petrol,Automatic,₹22 Lakh,gurgaon
Toyota,Toyota EtiosG,2016,"1,20,000kms",Petrol,Manual,₹3 Lakh,gurgaon
Hyundai,Hyundai Grand i10Sportz,2016,"34,000kms",Petrol,Manual,₹3.45 Lakh,gurgaon
Honda,Honda AmazeS Petrol BSIV,2019,"40,000kms",Petrol,Manual,₹4.80 Lakh,gurgaon
Maruti,Maruti Wagon RLXI CNG,2015,"67,000kms",CNG,Manual,₹2.50 Lakh,gurgaon
Jeep,Jeep Compass1.4 Model S Opt AT,2022,"30,000kms",Petrol,Automatic,₹22 Lakh,gurgaon
Toyota,Toyota EtiosG,2016,"1,20,000kms",Petrol,Manual,₹3 Lakh,gurgaon
Hyundai,Hyundai Grand i10Sportz,2016,"34,000kms",Petrol,Manual,₹3.45 Lakh,gurgaon
Honda,Honda AmazeS Petrol BSIV,2019,"40,000kms",Petrol,Manual,₹4.80 Lakh,gurgaon
Maruti,Maruti Wagon RLXI CNG,2015,"67,000kms",CNG,Manual,₹2.50 Lakh,gurgaon
Maruti,Maruti SwiftLXI Optional-O,2017,"67,000kms",Petrol,Manual,₹3.90 Lakh,gurgaon
Mahindra,Mahindra Bolero Power PlusSLE,2018,"71,000kms",Diesel,Manual,₹4.99 Lakh,gurgaon
Honda,Honda AmazeS Option i-VTEC,2017,"67,000kms",Petrol,Manual,₹3.70 Lakh,gurgaon
Renault,Renault KWIDRXT,2016,"45,000kms",Petrol,Manual,₹2 Lakh,gurgaon
Honda,Honda Cityi VTEC CVT VX,2015,"90,000kms",Petrol,Automatic,₹4.30 Lakh,gurgaon
Tata,Tata TigorXZ Plus CNG,2024,"11,000kms",CNG,Manual,₹6.98 Lakh,gurgaon
Maruti,Maruti SwiftVXI,2018,"85,000kms",Petrol,Manual,₹3.50 Lakh,gurgaon
BMW,BMW X1sDrive20d Expedition,2017,"1,00,000kms",Diesel,Automatic,₹14 Lakh,gurgaon
Mercedes-Benz,Mercedes-Benz C-ClassC 200,2024,"25,000kms",Petrol,Automatic,₹48 Lakh,gurgaon
Mercedes-Benz,Mercedes-Benz GLE300d BSVI,2021,"60,000kms",Diesel,Automatic,₹51 Lakh,gurgaon
Maruti,Maruti CiazVXi,2015,"83,773kms",Petrol,Manual,₹3.11 Lakh,gurgaon
Hyundai,Hyundai VernaVTVT 1.6 SX,2018,"42,000kms",Petrol,Manual,₹7.95 Lakh,gurgaon
Maruti,Maruti BrezzaZxi Plus AT,2023,"7,700kms",Petrol,Automatic,₹12.90 Lakh,gurgaon
Hyundai,Hyundai Verna1.4 VTVT,2016,"1,50,000kms",Petrol,Manual,₹3.20 Lakh,gurgaon
Maruti,Maruti Swift DzireAMT VDI,2018,"68,000kms",Diesel,Automatic,₹5.75 Lakh,gurgaon
Honda,Honda AmazeS AT i-Vtech,2013,"1,20,000kms",Petrol,Automatic,₹2.15 Lakh,gurgaon
Honda,Honda CR-V2.0L 2WD MT,2016,"1,60,000kms",Petrol,Manual,₹6 Lakh,gurgaon
Tata,Tata TiagoXT CNG BSVI,2022,"60,000kms",CNG,Manual,₹4.50 Lakh,gurgaon
BMW,BMW X5xDrive40i M Sport,2023,"20,000kms",Petrol,Automatic,₹85 Lakh,gurgaon
Mahindra,Mahindra XUV 3XOMX3 Pro Diesel,2024,"30,000kms",Diesel,Manual,₹11 Lakh,gurgaon
Maruti,Maruti SwiftVXI BSVI,2021,"60,000kms",Petrol,Manual,₹4.40 Lakh,gurgaon
Skoda,Skoda Rapid1.6 MPI Active,2015,"50,000kms",Petrol,Manual,₹3.50 Lakh,gurgaon
Maruti,Maruti CelerioVXI CNG BSIV,2019,"70,000kms",CNG,Manual,₹3.75 Lakh,gurgaon
Maruti,Maruti Wagon RLXI CNG,2015,"67,000kms",CNG,Manual,₹2.49 Lakh,gurgaon
Maruti,Maruti CelerioVXI CNG BSIV,2019,"65,000kms",CNG,Manual,₹3.49 Lakh,gurgaon
Mahindra,Mahindra Bolero Power PlusSLE,2018,"81,000kms",Diesel,Manual,₹4.90 Lakh,gurgaon
Honda,Honda Jazz1.2 S i VTEC,2017,"75,000kms",Petrol,Manual,₹3.25 Lakh,gurgaon
Hyundai,Hyundai Creta1.6 CRDi AT SX Plus,2017,"1,20,000kms",Diesel,Automatic,₹5.85 Lakh,gurgaon
Mahindra,Mahindra XUV700AX7 BSVI,2022,"40,000kms",Petrol,Manual,₹15 Lakh,gurgaon
Maruti,Maruti Alto 800LX,2015,"65,000kms",Petrol,Manual,₹1.20 Lakh,gurgaon
Audi,Audi Q330 TFSI Premium FWD,2019,"62,000kms",Petrol,Automatic,₹14 Lakh,gurgaon
Maruti,Maruti Wagon RLXI,2021,"1,20,000kms",Petrol,Manual,₹4 Lakh,gurgaon
BMW,BMW X1sDrive20d Expedition,2019,"70,000kms",Diesel,Automatic,₹16 Lakh,gurgaon
Maruti,Maruti Wagon RLXI CNG,2011,"90,000kms",CNG,Manual,₹1.34 Lakh,gurgaon
Hyundai,Hyundai Grand i10Era,2017,"10,000kms",Petrol,Manual,₹3.50 Lakh,gurgaon
Volkswagen,Volkswagen VentoPetrol Highline AT,2015,"73,105kms",Petrol,Automatic,₹3.81 Lakh,gurgaon
Maruti,Maruti Wagon RLXI CNG,2017,"1,04,045kms",CNG,Manual,₹3.05 Lakh,gurgaon
Mahindra,Mahindra KUV 100 NXTG80 K2 Plus 6 Str,2018,"39,984kms",Petrol,Manual,₹3.50 Lakh,gurgaon
Tata,Tata CurvvAccomplished Plus A Diesel,2024,"22,107kms",Diesel,Manual,₹16.63 Lakh,gurgaon
Kia,Kia SeltosHTX,2022,"27,024kms",Petrol,Manual,₹8.48 Lakh,gurgaon
Tata,Tata TigorXZ CNG,2023,"49,267kms",CNG,Manual,₹5.68 Lakh,gurgaon
Maruti,Maruti Wagon RVXI,2024,"13,735kms",Petrol,Manual,₹5.16 Lakh,gurgaon
Kia,Kia SonetHTK BSVI,2021,"38,800kms",Petrol,Manual,₹6.50 Lakh,gurgaon
Maruti,Maruti Wagon RCNG LXI,2015,"1,17,458kms",CNG,Manual,₹2.76 Lakh,gurgaon
Datsun,Datsun RediGOAMT 1.0 S,2018,"54,241kms",Petrol,Automatic,₹2.26 Lakh,gurgaon
Honda,Honda BrioVX,2014,"1,08,444kms",Petrol,Manual,₹2.36 Lakh,gurgaon
Kia,Kia SonetHTX Turbo iMT,2022,"29,887kms",Petrol,Automatic,₹7.81 Lakh,gurgaon
Maruti,Maruti SwiftAMT ZXI,2014,"65,708kms",Petrol,Automatic,₹2.89 Lakh,gurgaon
Honda,Honda CityVX MT,2015,"1,14,721kms",Petrol,Manual,₹4.38 Lakh,gurgaon
Maruti,Maruti ErtigaZXI,2014,"1,02,980kms",Petrol,Manual,₹4.02 Lakh,gurgaon
Hyundai,Hyundai Grand i101.2 Kappa Sportz BSIV,2017,"72,498kms",Petrol,Manual,₹3.53 Lakh,gurgaon
Ford,Ford Ecosport1.5 Ti VCT AT Titanium,2017,"89,554kms",Petrol,Automatic,₹5.47 Lakh,gurgaon
Kia,Kia SonetGTX Plus Turbo iMT,2020,"44,300kms",Petrol,Automatic,₹7.31 Lakh,gurgaon
Tata,Tata AltrozXZ,2020,"1,16,243kms",Petrol,Manual,₹4.37 Lakh,gurgaon
Honda,Honda Amaze 2nd GenVX,2015,"45,942kms",Petrol,Manual,₹3.45 Lakh,gurgaon
Tata,Tata Nexon EV  Max XZ Plus,2022,"74,000kms",Electric,Automatic,₹13 Lakh,gurgaon
Honda,Honda AmazeS Petrol BSIV,2019,"40,000kms",Petrol,Manual,₹5 Lakh,gurgaon
Hyundai,Hyundai Creta1.6 VTVT S,2016,"50,000kms",Petrol,Manual,₹5.10 Lakh,gurgaon
Maruti,Maruti CelerioVXI,2015,"1,00,000kms",Petrol,Manual,₹3 Lakh,gurgaon
Honda,Honda AmazeS i-Vtech,2014,"78,000kms",Petrol,Manual,₹2.65 Lakh,gurgaon
Honda,Honda AmazeE i-Dtech,2015,"70,000kms",Diesel,Manual,₹2.50 Lakh,gurgaon
Hyundai,Hyundai i10Sportz,2012,"40,000kms",Petrol,Manual,₹1.65 Lakh,gurgaon
Maruti,Maruti CelerioVXI CNG,2021,"66,000kms",CNG,Manual,₹4.50 Lakh,gurgaon
Maruti,Maruti ErtigaZXI Plus Petrol,2018,"54,900kms",Petrol,Manual,₹7.25 Lakh,gurgaon
Hyundai,Hyundai i201.4 CRDi Anniversary Edition,2015,"78,000kms",Diesel,Manual,₹3.50 Lakh,gurgaon
Hyundai,Hyundai VernaVTVT 1.6 SX Option,2018,"82,000kms",Petrol,Manual,₹7.50 Lakh,gurgaon
Audi,Audi Q335 TDI Quattro Premium,2016,"89,000kms",Diesel,Automatic,₹9.55 Lakh,gurgaon
Honda,Honda CR-V2.4 AT,2013,"1,10,000kms",Petrol,Automatic,₹3.90 Lakh,gurgaon
Jeep,Jeep Compass2.0 Limited,2017,"86,000kms",Diesel,Manual,₹6.55 Lakh,gurgaon
Jeep,2022Jeep Compass2.0 Anniversary Edition  -2022,2021,"26,000kms",Diesel,Manual,₹22.50 Lakh,gurgaon
Honda,Honda CR-VDiesel,2019,"83,000kms",Diesel,Manual,₹19.50 Lakh,gurgaon
Maruti,Maruti Alto 800LXi,2011,"30,000kms",Petrol,Manual,₹1.30 Lakh,gurgaon
Honda,Honda Cityi-VTEC CVT ZX,2017,"1,02,500kms",Petrol,Automatic,₹6 Lakh,gurgaon
Maruti,Maruti SwiftLXI,2011,"1,50,000kms",Petrol,Manual,₹1.25 Lakh,gurgaon
Toyota,Toyota EtiosV,2016,"90,000kms",Petrol,Manual,₹3.50 Lakh,gurgaon
Volkswagen,Volkswagen VirtusHighline,2023,"23,919kms",Petrol,Manual,₹10.63 Lakh,gurgaon
Honda,Honda BrioS MT,2012,"36,325kms",Petrol,Manual,₹2.17 Lakh,gurgaon
Honda,Honda CityV MT,2015,"45,808kms",Petrol,Manual,₹4.52 Lakh,gurgaon
Maruti,Maruti Alto 800VXI,2019,"78,473kms",Petrol,Manual,₹2.87 Lakh,gurgaon
Mahindra,Mahindra ScorpioS7 140 BSIV,2019,"35,267kms",Diesel,Manual,₹8.78 Lakh,gurgaon
Tata,Tata TiagoXZ CNG,2022,"24,107kms",CNG,Manual,₹5.52 Lakh,gurgaon
Honda,Honda CityZX MT Diesel,2022,"66,409kms",Diesel,Manual,₹11.52 Lakh,gurgaon
Hyundai,Hyundai SantroSportz Executive CNG,2021,"78,354kms",CNG,Manual,₹4.47 Lakh,gurgaon
Kia,Kia SonetGTX Plus Turbo iMT,2021,"54,843kms",Petrol,Automatic,₹8.79 Lakh,gurgaon
Hyundai,Hyundai Grand i101.2 Kappa Sportz BSIV,2019,"1,00,149kms",Petrol,Manual,₹4.25 Lakh,gurgaon
Kia,Kia SeltosGTX Plus DCT,2020,"95,576kms",Petrol,Automatic,₹9.90 Lakh,gurgaon
Renault,Renault DusterPetrol RxL,2017,"61,955kms",Petrol,Manual,₹4.07 Lakh,gurgaon
Tata,Tata Tiago1.2 Revotron XZ Plus,2019,"54,449kms",Petrol,Manual,₹4.07 Lakh,gurgaon
Jeep,Jeep Compass1.4 Limited,2019,"71,588kms",Petrol,Automatic,₹7.53 Lakh,gurgaon
Tata,Tata NexonXZ Plus (O) Diesel,2017,"58,659kms",Diesel,Manual,₹5.16 Lakh,gurgaon
Honda,Honda CityV CVT,2017,"76,432kms",Petrol,Automatic,₹5.80 Lakh,gurgaon
Maruti,Maruti Alto 800VXI,2017,"1,01,998kms",Petrol,Manual,₹2.18 Lakh,gurgaon
Maruti,Maruti Wagon RVXI 1.2,2018,"76,654kms",Petrol,Manual,₹3.23 Lakh,gurgaon
Maruti,Maruti Alto 800LXi,2021,"47,583kms",Petrol,Manual,₹2.85 Lakh,gurgaon
Ford,Ford FigoTitanium AT  -2020,2019,"53,875kms",Petrol,Automatic,₹4.38 Lakh,gurgaon
Tata,Tata AltrozXT Diesel BSVI,2021,"1,20,000kms",Diesel,Manual,₹4.20 Lakh,gurgaon
Maruti,Maruti BalenoDelta,2020,"1,00,000kms",Petrol,Manual,₹4.05 Lakh,gurgaon
Hyundai,Hyundai Grand i10 NiosSportz CNG,2021,"60,000kms",CNG,Manual,₹5.15 Lakh,gurgaon
Maruti,Maruti CelerioZXI AT,2016,"75,399kms",Petrol,Automatic,₹3 Lakh,gurgaon
Hyundai,Hyundai Tucson2.0 Dual VTVT 2WD AT GLS,2019,"1,38,000kms",Petrol,Automatic,₹10 Lakh,gurgaon
Honda,Honda BrioVX,2016,"40,000kms",Petrol,Manual,₹2.40 Lakh,gurgaon
Maruti,Maruti SwiftVXI,2013,"1,20,000kms",Petrol,Manual,₹2.50 Lakh,gurgaon
Hyundai,Hyundai AccentExecutive,2010,"1,50,000kms",Petrol,Manual,"₹90,000",gurgaon
Maruti,Maruti Baleno1.2 Delta,2018,"62,000kms",Petrol,Manual,₹3.50 Lakh,gurgaon
Maruti,Maruti SwiftZDI BSIV,2015,"50,000kms",Diesel,Manual,₹4.50 Lakh,gurgaon
Tata,Tata IndigoGLX,2011,"60,000kms",Petrol,Manual,"₹87,000",gurgaon
Maruti,Maruti Swift DzireVXI 1.2,2018,"70,000kms",Petrol,Manual,₹4 Lakh,gurgaon
Maruti,Maruti Wagon RLXI CNG,2025,"10,000kms",CNG,Manual,₹6.25 Lakh,gurgaon
Tata,Tata IndigoGLS,2017,"90,000kms",Petrol,Manual,₹1.50 Lakh,gurgaon
Hyundai,Hyundai i20Sportz Plus BSIV,2019,"46,000kms",Petrol,Manual,₹4.90 Lakh,gurgaon
Ford,Ford Ecosport1.5 Petrol Titanium Plus AT BSIV,2018,"32,800kms",Petrol,Automatic,₹6.75 Lakh,gurgaon
Maruti,Maruti Swift DzireAMT VDI,2018,"68,000kms",Diesel,Automatic,₹5.75 Lakh,gurgaon
Mahindra,Mahindra KUV 100mFALCON D75 K4,2016,"1,05,000kms",Diesel,Manual,₹2.99 Lakh,gurgaon
Skoda,Skoda LauraRS,2011,"1,20,000kms",Petrol,Manual,₹3.50 Lakh,gurgaon
Hyundai,Hyundai Santro XingXL,2006,"60,000kms",Petrol,Manual,"₹40,000",gurgaon
Honda,Honda AmazeS i-VTEC,2018,"90,000kms",Petrol,Manual,₹4 Lakh,gurgaon
Honda,Honda AmazeE Petrol BSIV,2016,"75,000kms",Petrol,Manual,₹3 Lakh,gurgaon
Audi,Audi A4Technology,2025,"10,000kms",Petrol,Automatic,₹40 Lakh,gurgaon
Honda,Honda Amaze 2nd GenVX CVT BSVI,2022,"40,000kms",Petrol,Automatic,₹6.50 Lakh,gurgaon
Renault,Renault Duster110PS Diesel RxZ AMT,2017,"1,21,000kms",Diesel,Automatic,₹4.50 Lakh,gurgaon
Maruti,Maruti SwiftVXI,2011,"1,20,000kms",Petrol,Manual,₹1.50 Lakh,gurgaon
Maruti,Maruti Baleno1.2 Delta,2018,"1,28,000kms",Petrol,Manual,₹4 Lakh,gurgaon
Maruti,Maruti Alto 800LXi,2011,"30,000kms",Petrol,Manual,₹1.30 Lakh,gurgaon
Honda,Honda Cityi VTEC VX Option,2017,"80,000kms",Petrol,Manual,₹4.50 Lakh,gurgaon
Maruti,Maruti Alto 800LXI,2012,"1,60,000kms",Petrol,Manual,"₹80,000",gurgaon
BMW,BMW 3 Series320d Luxury Line Plus,2017,"53,000kms",Diesel,Automatic,₹17.95 Lakh,gurgaon
Skoda,Skoda Kushaq1.5 TSI Ambition DSG,2023,"60,000kms",Petrol,Automatic,₹12.50 Lakh,gurgaon
Mahindra,Mahindra XUV500AT W8 FWD,2016,"1,00,000kms",Diesel,Automatic,₹5 Lakh,gurgaon
Maruti,Maruti FRONXAlpha Turbo AT,2023,"20,000kms",Petrol,Automatic,₹11 Lakh,gurgaon
Hyundai,Hyundai i10Era,2012,"30,000kms",Petrol,Manual,₹1.50 Lakh,gurgaon
BMW,BMW X1sDrive18i M Sport,2024,"10,000kms",Petrol,Automatic,₹42 Lakh,gurgaon
Hyundai,Hyundai i20Sportz 1.2,2012,"83,500kms",Petrol,Manual,₹1.80 Lakh,gurgaon
Ford,Ford Ecosport1.5 Petrol Titanium Plus AT BSIV,2017,"60,000kms",Petrol,Automatic,₹4.60 Lakh,gurgaon
Nissan,Nissan MicraXV CVT,2013,"43,000kms",Petrol,Automatic,₹2.20 Lakh,gurgaon
Hyundai,Hyundai Grand i10Sportz,2015,"90,000kms",Petrol,Manual,₹3 Lakh,gurgaon
BMW,BMW X1sDrive18i M Sport,2024,"10,000kms",Petrol,Automatic,₹42 Lakh,gurgaon
Hyundai,Hyundai i20Sportz 1.2,2012,"83,500kms",Petrol,Manual,₹1.80 Lakh,gurgaon
Ford,Ford Ecosport1.5 Petrol Titanium Plus AT BSIV,2017,"60,000kms",Petrol,Automatic,₹4.60 Lakh,gurgaon
Nissan,Nissan MicraXV CVT,2013,"43,000kms",Petrol,Automatic,₹2.20 Lakh,gurgaon
Hyundai,Hyundai Grand i10Sportz,2015,"90,000kms",Petrol,Manual,₹3 Lakh,gurgaon
Chevrolet,Chevrolet BeatLS,2011,"1,00,000kms",Petrol,Manual,"₹90,000",gurgaon
Tata,Tata TiagoXZ Plus CNG BSVI,2022,"83,000kms",CNG,Manual,₹4 Lakh,gurgaon
Maruti,Maruti Alto 800LXI S-CNG,2022,"50,000kms",CNG,Manual,₹3.40 Lakh,gurgaon
Maruti,Maruti Wagon RZXI Plus,2024,"10,000kms",Petrol,Manual,₹6.50 Lakh,gurgaon
Hyundai,Hyundai i20 N-LineN8 DCT BSVI,2022,"40,000kms",Petrol,Automatic,₹7 Lakh,gurgaon
MG,MG Windsor EVEssence,2025,"20,000kms",Electric,Automatic,₹16 Lakh,gurgaon
Hyundai,Hyundai i10Sportz,2011,"1,00,000kms",Petrol,Manual,₹1.20 Lakh,gurgaon
Tata,Tata PunchPure BSVI,2022,"50,000kms",Petrol,Manual,₹4.50 Lakh,gurgaon
Honda,Honda Cityi VTEC CVT VX,2015,"83,000kms",Petrol,Automatic,₹5 Lakh,gurgaon
Hyundai,Hyundai EOND Lite Plus,2014,"1,50,000kms",Petrol,Manual,₹1.10 Lakh,gurgaon
Toyota,Toyota GlanzaG,2019,"90,000kms",Petrol,Manual,₹4.50 Lakh,gurgaon
Tata,Tata TiagoXTA AMT BSVI,2021,"50,000kms",Petrol,Automatic,₹5 Lakh,gurgaon
Volkswagen,Volkswagen Polo1.2 MPI Highline,2013,"53,000kms",Petrol,Manual,₹3.25 Lakh,gurgaon
Toyota,Toyota EtiosG,2011,"70,000kms",Petrol,Manual,₹1.35 Lakh,gurgaon
Jeep,Jeep Compass2.0 Limited,2019,"67,400kms",Diesel,Manual,₹8.50 Lakh,gurgaon
Hyundai,Hyundai i20Sportz 1.2,2012,"83,500kms",Petrol,Manual,₹1.80 Lakh,gurgaon
Ford,Ford Ecosport1.5 Petrol Titanium Plus AT BSIV,2017,"60,000kms",Petrol,Automatic,₹4.60 Lakh,gurgaon
Nissan,Nissan MicraXV CVT,2013,"43,000kms",Petrol,Automatic,₹2.20 Lakh,gurgaon
Hyundai,Hyundai Grand i10Sportz,2015,"90,000kms",Petrol,Manual,₹3 Lakh,gurgaon
Chevrolet,Chevrolet BeatLS,2011,"1,00,000kms",Petrol,Manual,"₹90,000",gurgaon
Tata,Tata TiagoXZ Plus CNG BSVI,2022,"83,000kms",CNG,Manual,₹4 Lakh,gurgaon
Maruti,Maruti Alto 800LXI S-CNG,2022,"50,000kms",CNG,Manual,₹3.40 Lakh,gurgaon
Maruti,Maruti Wagon RZXI Plus,2024,"10,000kms",Petrol,Manual,₹6.50 Lakh,gurgaon
Hyundai,Hyundai i20 N-LineN8 DCT BSVI,2022,"40,000kms",Petrol,Automatic,₹7 Lakh,gurgaon
MG,MG Windsor EVEssence,2025,"20,000kms",Electric,Automatic,₹16 Lakh,gurgaon
Hyundai,Hyundai i10Sportz,2011,"1,00,000kms",Petrol,Manual,₹1.20 Lakh,gurgaon
Tata,Tata PunchPure BSVI,2022,"50,000kms",Petrol,Manual,₹4.50 Lakh,gurgaon
Honda,Honda Cityi VTEC CVT VX,2015,"83,000kms",Petrol,Automatic,₹5 Lakh,gurgaon
Hyundai,Hyundai EOND Lite Plus,2014,"1,50,000kms",Petrol,Manual,₹1.10 Lakh,gurgaon
Nissan,Nissan MicraXE,2013,"1,30,000kms",Petrol,Manual,₹1.10 Lakh,gurgaon
Honda,Honda AmazeSX i VTEC,2016,"80,000kms",Petrol,Manual,₹3 Lakh,gurgaon
Toyota,Toyota Etios Cross1.2L G,2014,"1,25,000kms",Petrol,Manual,₹2.50 Lakh,gurgaon
Ford,Ford Ecosport1.5 Diesel Titanium BSIV,2018,"1,00,000kms",Diesel,Manual,₹4.50 Lakh,gurgaon
Maruti,Maruti Swift DzireVXi,2012,"60,000kms",Petrol,Manual,₹1.84 Lakh,gurgaon
Tata,Tata PunchAdventure AMT BSVI,2022,"50,000kms",Petrol,Automatic,₹6.50 Lakh,gurgaon
Hyundai,Hyundai Verna1.4 VTVT,2011,"55,000kms",Petrol,Manual,₹2.25 Lakh,gurgaon
Kia,Kia SonetHTX Turbo DCT,2022,"30,700kms",Petrol,Automatic,₹9.90 Lakh,gurgaon
Mahindra,Mahindra TharLX 4WD Hard Top Diesel AT BSVI,2020,"51,000kms",Diesel,Automatic,₹10.95 Lakh,gurgaon
Nissan,Nissan MagniteXL,2021,"28,701kms",Petrol,Manual,₹4.92 Lakh,gurgaon
Renault,Renault KWID1.0 RXT AMT,2017,"41,041kms",Petrol,Automatic,₹2.58 Lakh,gurgaon
Volvo,Volvo S90D4 Inscription BSIV,2019,"49,000kms",Diesel,Automatic,₹22 Lakh,gurgaon
Mahindra,Mahindra ScorpioS7 140 BSIV,2020,"85,000kms",Diesel,Manual,₹10.49 Lakh,gurgaon
Audi,Audi Q745 TDI Quattro Technology,2016,"1,25,000kms",Diesel,Automatic,₹22 Lakh,gurgaon
Toyota,Toyota HyryderV HYBRID BSVI,2022,"48,000kms",Petrol,Automatic,₹18.50 Lakh,gurgaon
Mahindra,Mahindra Scorpio NZ8L Diesel,2023,"34,000kms",Diesel,Manual,₹18.75 Lakh,gurgaon
Volvo,Volvo XC90D5 R-Design,2018,"1,50,000kms",Diesel,Automatic,₹26.50 Lakh,gurgaon
Mahindra,Mahindra TharLX 4WD Hard Top BSVI,2021,"65,200kms",Petrol,Manual,₹9.90 Lakh,gurgaon
Hyundai,Hyundai Verna1.4 VTVT,2016,"1,50,000kms",Petrol,Manual,₹3.20 Lakh,gurgaon
Hyundai,Hyundai VernaVTVT 1.6 SX,2018,"42,000kms",Petrol,Manual,₹7.95 Lakh,gurgaon
Maruti,Maruti BrezzaZxi Plus AT,2023,"7,700kms",Petrol,Automatic,₹12.90 Lakh,gurgaon
Maruti,Maruti Swift DzireAMT VDI,2018,"68,000kms",Diesel,Automatic,₹5.75 Lakh,gurgaon
Mahindra,Mahindra ScorpioS,2023,"37,000kms",Diesel,Manual,₹15.50 Lakh,gurgaon
Renault,Renault KWIDRXL,2019,"63,301kms",Petrol,Manual,₹1.98 Lakh,gurgaon
Tata,Tata TiagoXZ Plus BSVI,2022,"83,247kms",Petrol,Manual,₹3.41 Lakh,gurgaon
Honda,Honda Amaze 2nd GenS,2016,"55,899kms",Petrol,Manual,₹3.34 Lakh,gurgaon
Maruti,Maruti Swift DzireAMT VDI,2018,"68,000kms",Diesel,Automatic,₹5.75 Lakh,gurgaon
Mahindra,Mahindra ScorpioS,2023,"37,000kms",Diesel,Manual,₹15.50 Lakh,gurgaon
Renault,Renault KWIDRXL,2019,"63,301kms",Petrol,Manual,₹1.98 Lakh,gurgaon
Tata,Tata TiagoXZ Plus BSVI,2022,"83,247kms",Petrol,Manual,₹3.41 Lakh,gurgaon
Honda,Honda Amaze 2nd GenS,2016,"55,899kms",Petrol,Manual,₹3.34 Lakh,gurgaon
Hyundai,Hyundai i20Sportz Plus BSIV,2019,"46,000kms",Petrol,Manual,₹4.90 Lakh,gurgaon
Hyundai,Hyundai i10Sportz,2012,"40,000kms",Petrol,Manual,₹1.65 Lakh,gurgaon
Maruti,Maruti CelerioVXI CNG,2021,"66,000kms",CNG,Manual,₹4.50 Lakh,gurgaon
Renault,Renault Duster110PS Diesel RxL,2014,"80,000kms",Diesel,Manual,₹2.75 Lakh,gurgaon
Maruti,Maruti SwiftVDI BSIV,2015,"80,000kms",Diesel,Manual,₹3.65 Lakh,gurgaon
Hyundai,Hyundai i201.4 CRDi Anniversary Edition,2015,"78,000kms",Diesel,Manual,₹3.50 Lakh,gurgaon
Hyundai,Hyundai VernaVTVT 1.6 SX Option,2018,"82,000kms",Petrol,Manual,₹7.50 Lakh,gurgaon
Audi,Audi Q335 TDI Quattro Premium,2016,"89,000kms",Diesel,Automatic,₹9.55 Lakh,gurgaon
Honda,Honda CR-V2.4 AT,2013,"1,10,000kms",Petrol,Automatic,₹3.90 Lakh,gurgaon
Jeep,Jeep Compass2.0 Limited,2017,"86,000kms",Diesel,Manual,₹6.55 Lakh,gurgaon
Jeep,2022Jeep Compass2.0 Anniversary Edition  -2022,2021,"26,000kms",Diesel,Manual,₹22.50 Lakh,gurgaon
Honda,Honda CR-VDiesel,2019,"83,000kms",Diesel,Manual,₹19.50 Lakh,gurgaon
Honda,Honda AmazeS i-VTEC,2013,"84,300kms",Petrol,Manual,₹2.48 Lakh,gurgaon
Renault,Renault KWID1.0 AMT RXT,2018,"48,278kms",Petrol,Automatic,₹2.81 Lakh,gurgaon
Tata,Tata AltrozXZ,2023,"24,290kms",Petrol,Manual,₹6.78 Lakh,gurgaon
Jeep,2022Jeep Compass2.0 Anniversary Edition  -2022,2021,"26,000kms",Diesel,Manual,₹22.50 Lakh,gurgaon
Honda,Honda CR-VDiesel,2019,"83,000kms",Diesel,Manual,₹19.50 Lakh,gurgaon
Honda,Honda AmazeS i-VTEC,2013,"84,300kms",Petrol,Manual,₹2.48 Lakh,gurgaon
Renault,Renault KWID1.0 AMT RXT,2018,"48,278kms",Petrol,Automatic,₹2.81 Lakh,gurgaon
Tata,Tata AltrozXZ,2023,"24,290kms",Petrol,Manual,₹6.78 Lakh,gurgaon
Honda,Honda AmazeV Petrol BSIV,2019,"53,602kms",Petrol,Manual,₹5.11 Lakh,gurgaon
Tata,Tata TigorXZ Plus CNG BSVI,2022,"70,473kms",CNG,Manual,₹5.36 Lakh,gurgaon
Hyundai,Hyundai Grand i101.2 Kappa Era,2017,"62,175kms",Petrol,Manual,₹2.54 Lakh,gurgaon
Maruti,Maruti BalenoZeta Diesel,2021,"4,702kms",Diesel,Manual,₹6.27 Lakh,gurgaon
Tata,Tata Tiago1.2 Revotron XZA,2017,"66,559kms",Petrol,Automatic,₹3.16 Lakh,gurgaon
Maruti,Maruti DzireVXI,2023,"43,133kms",Petrol,Manual,₹6.09 Lakh,gurgaon
Ford,Ford EcosportTitanium,2019,"69,896kms",Petrol,Manual,₹5.78 Lakh,gurgaon
Maruti,Maruti Alto 800LXI,2017,"29,630kms",Petrol,Manual,₹1.81 Lakh,gurgaon
Ford,Ford Ecosport1.5 Ti VCT MT Trend,2015,"90,000kms",Petrol,Manual,₹3 Lakh,gurgaon
Maruti,Maruti Swift DzireVXI 1.2 BS IV,2016,"84,100kms",Petrol,Manual,₹3.80 Lakh,gurgaon
Honda,Honda BR-Vi-DTEC V MT,2016,"1,60,000kms",Diesel,Manual,₹3.50 Lakh,gurgaon
Maruti,Maruti Wagon RLXI CNG,2023,"50,000kms",CNG,Manual,₹4.50 Lakh,gurgaon
Hyundai,Hyundai Xcent1.2 VTVT SX,2018,"1,07,000kms",Petrol,Manual,₹2.95 Lakh,gurgaon
Maruti,Maruti SwiftVXI,2014,"76,000kms",Petrol,Manual,₹2.95 Lakh,gurgaon
Honda,Honda Brio1.2 S MT,2016,"71,070kms",Petrol,Manual,₹2.98 Lakh,gurgaon
Honda,Honda BR-Vi-DTEC V MT,2016,"1,60,000kms",Diesel,Manual,₹3.50 Lakh,gurgaon
Maruti,Maruti Wagon RLXI CNG,2023,"50,000kms",CNG,Manual,₹4.50 Lakh,gurgaon
Hyundai,Hyundai Xcent1.2 VTVT SX,2018,"1,07,000kms",Petrol,Manual,₹2.95 Lakh,gurgaon
Maruti,Maruti SwiftVXI,2014,"76,000kms",Petrol,Manual,₹2.95 Lakh,gurgaon
Honda,Honda Brio1.2 S MT,2016,"71,070kms",Petrol,Manual,₹2.98 Lakh,gurgaon
Honda,Honda BrioS MT,2012,"86,000kms",Petrol,Manual,₹1.70 Lakh,gurgaon
Hyundai,Hyundai i10Magna,2012,"81,000kms",Petrol,Manual,₹1.78 Lakh,gurgaon
Hyundai,Hyundai Grand i10 NiosMagna,2021,"15,000kms",Petrol,Manual,₹4.95 Lakh,gurgaon
Tata,Tata Tigor1.2 Revotron XZ Option,2017,"60,393kms",Petrol,Manual,₹3.65 Lakh,gurgaon
Hyundai,Hyundai Grand i10 NiosMagna,2020,"57,032kms",Petrol,Manual,₹4.60 Lakh,gurgaon
Honda,Honda JazzV CVT,2017,"94,451kms",Petrol,Automatic,₹4.25 Lakh,gurgaon
Honda,Honda AmazeS i-Vtech,2014,"70,400kms",Petrol,Manual,₹2.95 Lakh,gurgaon
Maruti,Maruti Wagon RAMT VXI Option,2020,"74,700kms",Petrol,Automatic,₹4.75 Lakh,gurgaon
BMW,BMW 2 Series Gran Coupe220d M Sport,2024,"29,000kms",Diesel,Automatic,₹33 Lakh,gurgaon
Volvo,Volvo S90D4 Inscription,2020,"49,000kms",Diesel,Automatic,₹22 Lakh,gurgaon
Mahindra,Mahindra ScorpioS11,2020,"85,000kms",Diesel,Manual,₹10.49 Lakh,gurgaon
Mahindra,Mahindra Scorpio NZ8 Diesel,2023,"34,000kms",Diesel,Manual,₹18.75 Lakh,gurgaon
Hyundai,Hyundai Grand i101.2 Kappa Magna BSIV,2017,"68,000kms",Petrol,Manual,₹2.95 Lakh,gurgaon
Honda,Honda Cityi VTEC V,2017,"70,000kms",Petrol,Manual,₹5 Lakh,gurgaon
Hyundai,Hyundai i201.2 Magna Executive,2018,"86,000kms",Petrol,Manual,₹4 Lakh,gurgaon
Maruti,Maruti Wagon RLXI CNG,2015,"67,000kms",CNG,Manual,₹2.50 Lakh,gurgaon
Maruti,Maruti SwiftLXI Optional-O,2017,"67,000kms",Petrol,Manual,₹3.90 Lakh,gurgaon
Mahindra,Mahindra Bolero Power PlusSLE,2018,"71,000kms",Diesel,Manual,₹4.99 Lakh,gurgaon
Honda,Honda AmazeS Option i-VTEC,2017,"67,000kms",Petrol,Manual,₹3.70 Lakh,gurgaon
Renault,Renault KWIDRXT,2016,"45,000kms",Petrol,Manual,₹2 Lakh,gurgaon
Hyundai,Hyundai Santro XingGL PLUS CNG,2014,"98,000kms",CNG,Manual,₹1.50 Lakh,gurgaon
Honda,Honda JazzVX CVT,2018,"30,000kms",Petrol,Automatic,₹5.25 Lakh,gurgaon
Jeep,Jeep Compass1.4 Model S Opt AT,2022,"30,000kms",Petrol,Automatic,₹22 Lakh,gurgaon
Toyota,Toyota EtiosG,2016,"1,20,000kms",Petrol,Manual,₹3 Lakh,gurgaon
Hyundai,Hyundai Grand i10Sportz,2016,"34,000kms",Petrol,Manual,₹3.45 Lakh,gurgaon
Honda,Honda AmazeS Petrol BSIV,2019,"40,000kms",Petrol,Manual,₹4.80 Lakh,gurgaon
Hyundai,Hyundai Verna1.6 SX VTVT AT,2013,"80,000kms",Petrol,Automatic,₹3 Lakh,gurgaon
Ford,Ford Endeavour2.2 Titanium AT 4X2,2017,"70,000kms",Diesel,Automatic,₹18.50 Lakh,gurgaon
Maruti,Maruti Baleno1.2 Zeta,2019,"1,00,000kms",Petrol,Manual,₹4.10 Lakh,gurgaon
Ford,Ford Ecosport1.0 Ecoboost Titanium,2015,"1,00,000kms",Petrol,Manual,₹3.50 Lakh,gurgaon
Ford,Ford Ecosport1.5 Diesel Titanium BSIV,2018,"1,00,000kms",Diesel,Manual,₹4.50 Lakh,gurgaon
Maruti,Maruti Wagon RZXI 1.2,2019,"80,000kms",Petrol,Manual,₹3.50 Lakh,gurgaon
Maruti,Maruti ErtigaCNG VXI,2022,"50,000kms",CNG,Manual,₹8.55 Lakh,gurgaon
Maruti,Maruti Wagon RVXI CNG,2024,"18,000kms",CNG,Manual,₹6.25 Lakh,gurgaon
Maruti,Maruti RitzLXi,2013,"1,60,000kms",Petrol,Manual,₹1.50 Lakh,gurgaon
Audi,Audi Q330 TFSI Premium FWD,2019,"62,000kms",Petrol,Automatic,₹14 Lakh,gurgaon
Maruti,Maruti Wagon RLXI,2021,"1,20,000kms",Petrol,Manual,₹4 Lakh,gurgaon
BMW,BMW X1sDrive20d Expedition,2019,"70,000kms",Diesel,Automatic,₹16 Lakh,gurgaon
Maruti,Maruti Wagon RLXI CNG,2011,"90,000kms",CNG,Manual,₹1.34 Lakh,gurgaon
Hyundai,Hyundai Grand i10Era,2017,"10,000kms",Petrol,Manual,₹3.50 Lakh,gurgaon
Honda,Honda Cityi VTEC E,2016,"1,50,000kms",Petrol,Manual,₹3.50 Lakh,gurgaon
Hyundai,Hyundai i201.2 Magna Executive,2018,"86,000kms",Petrol,Manual,₹4 Lakh,gurgaon
Mahindra,Mahindra XUV700AX7 7Str AT,2024,"10,000kms",Petrol,Automatic,₹18.50 Lakh,gurgaon
Mahindra,Mahindra TharLX 4WD Hard Top AT BSVI,2023,"30,000kms",Petrol,Automatic,₹12.50 Lakh,gurgaon
Hyundai,Hyundai i10Magna,2012,"1,06,000kms",Petrol,Manual,₹1.35 Lakh,gurgaon
Maruti,Maruti Wagon RLXI,2023,"30,000kms",Petrol,Manual,₹3.70 Lakh,gurgaon
Honda,Honda CityZX CVT,2022,"20,000kms",Petrol,Automatic,₹13.45 Lakh,gurgaon
BMW,BMW X5xDrive 30d xLine,2021,"17,000kms",Diesel,Automatic,₹64.50 Lakh,gurgaon
Mercedes-Benz,Mercedes-Benz EQC400 4MATIC,2022,"76,000kms",Electric,Automatic,₹44.50 Lakh,gurgaon
Hyundai,Hyundai Grand i10Sportz,2015,"78,000kms",Petrol,Manual,₹3.50 Lakh,gurgaon
Renault,Renault KWIDRXL BSVI,2022,"30,000kms",Petrol,Manual,₹2.30 Lakh,gurgaon
Honda,Honda Jazz1.2 S i VTEC,2017,"75,000kms",Petrol,Manual,₹3.25 Lakh,gurgaon
BMW,BMW X5xDrive40i M Sport,2023,"20,000kms",Petrol,Automatic,₹85 Lakh,gurgaon
Mahindra,Mahindra XUV 3XOMX3 Pro Diesel,2024,"30,000kms",Diesel,Manual,₹11 Lakh,gurgaon
Maruti,Maruti SwiftVXI BSVI,2021,"60,000kms",Petrol,Manual,₹4.40 Lakh,gurgaon
Honda,Honda AmazeS Petrol BSIV,2019,"42,525kms",Petrol,Manual,₹4.33 Lakh,gurgaon
Maruti,Maruti Wagon RLXI CNG,2012,"70,181kms",CNG,Manual,₹2.06 Lakh,gurgaon
Renault,Renault TriberLimited Edition,2022,"75,216kms",Petrol,Manual,₹4.52 Lakh,gurgaon
Renault,Renault KWIDRXT,2016,"51,234kms",Petrol,Manual,₹1.64 Lakh,gurgaon
Hyundai,Hyundai Grand i101.2 Kappa Magna BSIV,2018,"51,511kms",Petrol,Manual,₹3.42 Lakh,gurgaon
Maruti,Maruti CiazDelta Diesel,2017,"76,938kms",Diesel,Automatic,₹4.64 Lakh,gurgaon
Renault,2018Renault KWID1.0 RXT Optional AT  -2019,2016,"62,125kms",Petrol,Automatic,₹2.52 Lakh,gurgaon
Ford,Ford EcosportTitanium,2018,"28,240kms",Petrol,Manual,₹5.98 Lakh,gurgaon
Maruti,Maruti SwiftVXI,2019,"68,096kms",Petrol,Manual,₹4.37 Lakh,gurgaon
Tata,Tata PunchPure BSVI,2022,"56,413kms",Petrol,Manual,₹4.09 Lakh,gurgaon
Tata,Tata TigorXZ Plus CNG,2023,"87,514kms",CNG,Manual,₹5.75 Lakh,gurgaon
Volkswagen,Volkswagen Vento1.2 TSI Highline BSIV,2016,"83,038kms",Petrol,Automatic,₹4.91 Lakh,gurgaon
Renault,Renault TriberRXT,2020,"1,06,647kms",Petrol,Manual,₹3.83 Lakh,gurgaon
Honda,Honda AmazeS Petrol BSIV,2020,"57,465kms",Petrol,Manual,₹4.41 Lakh,gurgaon
Renault,Renault KigerRXT AMT Opt,2021,"49,934kms",Petrol,Automatic,₹4.66 Lakh,gurgaon
Maruti,Maruti CiazVXi,2015,"83,773kms",Petrol,Manual,₹3.11 Lakh,gurgaon
Mahindra,Mahindra TharLX Convert Top Diesel,2024,"30,000kms",Diesel,Manual,₹11.50 Lakh,gurgaon
Skoda,Skoda OctaviaStyle Plus 1.8 TSI AT,2016,"68,000kms",Petrol,Automatic,₹6.75 Lakh,gurgaon
Maruti,Maruti CiazAlpha BSVI,2021,"40,000kms",Petrol,Manual,₹7.70 Lakh,gurgaon
Toyota,Toyota GlanzaG,2019,"90,000kms",Petrol,Manual,₹4.50 Lakh,gurgaon
Maruti,Maruti CiazVXi,2015,"83,773kms",Petrol,Manual,₹3.11 Lakh,gurgaon
Mahindra,Mahindra TharLX Convert Top Diesel,2024,"30,000kms",Diesel,Manual,₹11.50 Lakh,gurgaon
Skoda,Skoda OctaviaStyle Plus 1.8 TSI AT,2016,"68,000kms",Petrol,Automatic,₹6.75 Lakh,gurgaon
Maruti,Maruti CiazAlpha BSVI,2021,"40,000kms",Petrol,Manual,₹7.70 Lakh,gurgaon
Toyota,Toyota GlanzaG,2019,"90,000kms",Petrol,Manual,₹4.50 Lakh,gurgaon
Tata,Tata TiagoXTA AMT BSVI,2021,"50,000kms",Petrol,Automatic,₹5 Lakh,gurgaon
Volkswagen,Volkswagen Polo1.2 MPI Highline,2013,"53,000kms",Petrol,Manual,₹3.25 Lakh,gurgaon
Toyota,Toyota EtiosG,2011,"70,000kms",Petrol,Manual,₹1.35 Lakh,gurgaon
Jeep,Jeep Compass2.0 Limited,2019,"67,400kms",Diesel,Manual,₹8.50 Lakh,gurgaon
Toyota,Toyota Corolla Altis1.8 J,2014,"60,000kms",Petrol,Manual,₹5 Lakh,gurgaon
Honda,Honda CR-V2.0 AT,2013,"1,12,000kms",Petrol,Automatic,₹4.45 Lakh,gurgaon
Renault,Renault KigerRXZ AMT,2023,"30,000kms",Petrol,Automatic,₹7 Lakh,gurgaon
Mahindra,Mahindra TUV 300T8,2016,"1,20,000kms",Diesel,Manual,₹3.35 Lakh,gurgaon
Hyundai,Hyundai Grand i10AT Asta,2014,"70,000kms",Petrol,Automatic,₹2.80 Lakh,gurgaon
Chevrolet,Chevrolet CruzeLTZ AT,2017,"1,07,000kms",Diesel,Automatic,₹3.80 Lakh,gurgaon
Volkswagen,Volkswagen Polo1.2 MPI Highline,2017,"82,424kms",Petrol,Manual,₹3.95 Lakh,gurgaon
Maruti,Maruti Wagon RVXI,2021,"90,000kms",Petrol,Manual,₹4 Lakh,gurgaon
Audi,Audi A62.0 TDI,2014,"58,000kms",Diesel,Automatic,₹7.85 Lakh,gurgaon
Honda,Honda Cityi-VTEC CVT ZX,2017,"83,000kms",Petrol,Automatic,₹5.95 Lakh,gurgaon
Maruti,Maruti SwiftAMT ZDI,2018,"1,50,000kms",Diesel,Automatic,₹4.50 Lakh,gurgaon
Volkswagen,Volkswagen Polo1.2 MPI Highline,2017,"82,424kms",Petrol,Manual,₹3.95 Lakh,gurgaon
Maruti,Maruti Wagon RVXI,2021,"90,000kms",Petrol,Manual,₹4 Lakh,gurgaon
Audi,Audi A62.0 TDI,2014,"58,000kms",Diesel,Automatic,₹7.85 Lakh,gurgaon
Honda,Honda Cityi-VTEC CVT ZX,2017,"83,000kms",Petrol,Automatic,₹5.95 Lakh,gurgaon
Maruti,Maruti SwiftAMT ZDI,2018,"1,50,000kms",Diesel,Automatic,₹4.50 Lakh,gurgaon
Mahindra,Mahindra Scorpio NZ8 Select AT,2024,"10,000kms",Petrol,Automatic,₹18.50 Lakh,gurgaon
Honda,Honda ElevateZX CVT Non RF,2023,"22,000kms",Petrol,Automatic,₹13.50 Lakh,gurgaon
Volkswagen,Volkswagen VirtusGT Plus,2023,"36,000kms",Petrol,Manual,₹13.01 Lakh,gurgaon
Tata,Tata HarrierXZA Plus AT BSVI,2021,"1,00,000kms",Diesel,Automatic,₹12.50 Lakh,gurgaon
Honda,Honda WR-Vi-DTEC S,2017,"1,50,000kms",Diesel,Manual,₹3.35 Lakh,gurgaon
BMW,BMW X5xDrive40i M Sport,2023,"20,000kms",Petrol,Automatic,₹85 Lakh,gurgaon
Mahindra,Mahindra XUV 3XOMX3 Pro Diesel,2024,"30,000kms",Diesel,Manual,₹11 Lakh,gurgaon
Maruti,Maruti SwiftVXI BSVI,2021,"60,000kms",Petrol,Manual,₹4.40 Lakh,gurgaon
Honda,Honda Cityi-VTEC CVT ZX,2017,"1,02,500kms",Petrol,Automatic,₹6 Lakh,gurgaon
Maruti,Maruti SwiftLXI,2011,"1,50,000kms",Petrol,Manual,₹1.25 Lakh,gurgaon
Toyota,Toyota EtiosV,2016,"90,000kms",Petrol,Manual,₹3.50 Lakh,gurgaon
Maruti,Maruti Wagon RVXI CNG,2024,"18,000kms",CNG,Manual,₹6.25 Lakh,gurgaon
Maruti,Maruti RitzLXi,2013,"1,60,000kms",Petrol,Manual,₹1.50 Lakh,gurgaon
Hyundai,Hyundai i10Era,2011,"90,000kms",Petrol,Manual,₹1.15 Lakh,gurgaon
Maruti,Maruti IgnisSigma,2023,"10,000kms",Petrol,Manual,₹4.50 Lakh,gurgaon
MG,MG Windsor EVExclusive,2024,"20,000kms",Electric,Automatic,₹14 Lakh,gurgaon
Honda,Honda Amaze 2nd GenE,2024,"45,000kms",Petrol,Manual,₹6 Lakh,gurgaon
Tata,Tata HarrierXZA Plus AT BSVI,2022,"90,000kms",Diesel,Automatic,₹13 Lakh,gurgaon
Datsun,Datsun RediGOT Option,2018,"50,000kms",Petrol,Manual,₹1.45 Lakh,gurgaon
Chevrolet,Chevrolet Spark1.0 LS,2012,"70,000kms",Petrol,Manual,"₹75,000",gurgaon
Maruti,Maruti CelerioVXI CNG Optional,2020,"88,000kms",CNG,Manual,₹3.77 Lakh,gurgaon
Hyundai,Hyundai Verna1.6 SX VTVT (O),2012,"62,000kms",Petrol,Manual,₹2.70 Lakh,gurgaon
Maruti,Maruti SwiftLXI BSIV,2014,"40,000kms",Petrol,Manual,₹2.50 Lakh,gurgaon
Mahindra,Mahindra XUV700AX7 7Str Diesel,2023,"50,000kms",Diesel,Manual,₹15 Lakh,gurgaon
Hyundai,Hyundai Elantra1.6 SX,2017,"80,000kms",Diesel,Manual,₹5.50 Lakh,gurgaon
BMW,BMW 3 Series330i Sport,2021,"22,000kms",Petrol,Automatic,₹34.50 Lakh,gurgaon
Tata,Tata PunchPure CNG,2024,"9,100kms",CNG,Manual,₹6.80 Lakh,gurgaon
Toyota,Toyota EtiosV,2013,"57,000kms",Petrol,Manual,₹2 Lakh,gurgaon
Tata,Tata TiagoXM CNG,2023,"38,700kms",CNG,Manual,₹4.80 Lakh,gurgaon
BMW,BMW X1sDrive 20d xLine,2019,"1,68,000kms",Diesel,Automatic,₹16.50 Lakh,gurgaon
Maruti,Maruti CelerioGreen VXI,2014,"1,62,000kms",CNG,Manual,₹2.50 Lakh,gurgaon
Maruti,Maruti Wagon RLXI BS IV,2012,"1,20,000kms",Petrol,Manual,₹1.42 Lakh,gurgaon
Mahindra,Mahindra TharLX 4WD Convert Top Diesel BSVI,2022,"30,000kms",Diesel,Manual,₹11 Lakh,gurgaon
Maruti,Maruti Baleno1.2 Zeta,2017,"1,50,000kms",Petrol,Manual,₹3.41 Lakh,gurgaon
Hyundai,Hyundai Grand i10Sportz,2014,"1,60,000kms",Petrol,Manual,₹1.88 Lakh,gurgaon
Tata,Tata PunchPure CNG,2024,"9,100kms",CNG,Manual,₹6.80 Lakh,gurgaon
Toyota,Toyota EtiosV,2013,"57,000kms",Petrol,Manual,₹2 Lakh,gurgaon
Maruti,Maruti Wagon RZXI 1.2,2020,"70,000kms",Petrol,Manual,₹4.35 Lakh,gurgaon
Hyundai,Hyundai i10Magna,2011,"1,00,000kms",Petrol,Manual,"₹85,000",gurgaon
Maruti,Maruti FRONXDelta Plus,2023,"50,000kms",Petrol,Manual,₹7.50 Lakh,gurgaon
Honda,Honda New Accord2.4 M/T,2011,"1,00,000kms",Petrol,Manual,₹4 Lakh,gurgaon
Honda,Honda BrioVX,2014,"1,20,000kms",Petrol,Manual,₹2.75 Lakh,gurgaon
Toyota,Toyota Innova Crysta2.8 ZX AT BSIV,2017,"1,70,000kms",Diesel,Automatic,₹14.24 Lakh,gurgaon
Land Rover,Land Rover Range Rover Evoque2.0 TD4 HSE,2016,"90,500kms",Diesel,Automatic,₹19.24 Lakh,gurgaon
BMW,BMW X1sDrive20d Expedition,2019,"50,500kms",Diesel,Automatic,₹17.99 Lakh,gurgaon
Jeep,Jeep Compass2.0 Model S Opt 4x4 AT,2022,"22,200kms",Diesel,Automatic,₹21.49 Lakh,gurgaon
BMW,BMW X1sDrive 20d xLine,2017,"1,05,000kms",Diesel,Automatic,₹13.24 Lakh,gurgaon
Honda,Honda CR-V2.4L 4WD AT AVN,2015,"1,27,937kms",Petrol,Automatic,₹6 Lakh,gurgaon
Toyota,Toyota EtiosV,2013,"1,00,000kms",Petrol,Manual,₹2 Lakh,gurgaon
BMW,BMW X1sDrive20d Expedition,2017,"55,000kms",Diesel,Automatic,₹13.84 Lakh,gurgaon
Maruti,Maruti Alto 800LXi,2011,"1,20,000kms",Petrol,Manual,"₹80,000",gurgaon
Hyundai,Hyundai ElantraS,2013,"1,06,000kms",Petrol,Manual,₹3.25 Lakh,gurgaon
Honda,Honda ElevateZX CVT Non RF,2023,"20,000kms",Petrol,Automatic,₹15 Lakh,gurgaon
Tata,Tata TiagoXE,2023,"30,000kms",Petrol,Manual,₹3.83 Lakh,gurgaon
Tata,Tata Nexon EVXZ Plus,2022,"75,000kms",Electric,Automatic,₹7.90 Lakh,gurgaon
Maruti,Maruti Alto 800LXi,2011,"1,20,000kms",Petrol,Manual,"₹80,000",gurgaon
Hyundai,Hyundai ElantraS,2013,"1,06,000kms",Petrol,Manual,₹3.25 Lakh,gurgaon
Honda,Honda ElevateZX CVT Non RF,2023,"20,000kms",Petrol,Automatic,₹15 Lakh,gurgaon
Tata,Tata TiagoXE,2023,"30,000kms",Petrol,Manual,₹3.83 Lakh,gurgaon
Tata,Tata Nexon EVXZ Plus,2022,"75,000kms",Electric,Automatic,₹7.90 Lakh,gurgaon
BMW,BMW X1sDrive20d Expedition,2018,"50,000kms",Diesel,Automatic,₹15 Lakh,gurgaon
Hyundai,Hyundai AuraSX,2023,"25,000kms",Petrol,Manual,₹6 Lakh,gurgaon
Ford,Ford FigoTitanium BSIV,2019,"35,000kms",Petrol,Manual,₹3 Lakh,gurgaon
Hyundai,Hyundai VenueS Turbo DCT,2021,"80,000kms",Petrol,Automatic,₹7 Lakh,gurgaon
Honda,Honda Cityi VTEC CVT SV,2015,"1,25,000kms",Petrol,Automatic,₹4.65 Lakh,gurgaon
Honda,Honda Cityi-VTEC V,2018,"1,50,000kms",Petrol,Manual,₹5 Lakh,gurgaon
Tata,Tata TiagoXT CNG BSVI,2022,"60,000kms",CNG,Manual,₹4.50 Lakh,gurgaon
Toyota,Toyota Corolla AltisG AT,2015,"90,000kms",Petrol,Automatic,₹6 Lakh,gurgaon
BMW,BMW X1sDrive20d Expedition,2017,"1,20,000kms",Diesel,Automatic,₹12 Lakh,gurgaon
Jeep,Jeep Compass2.0 Sport Plus BSIV,2019,"57,000kms",Diesel,Manual,₹11 Lakh,gurgaon
Tata,Tata Nexon1.2 Revotron XMA,2019,"60,000kms",Petrol,Automatic,₹5 Lakh,gurgaon
Tata,Tata Nexon EVEmpowered Plus LR,2023,"50,000kms",Electric,Automatic,₹10 Lakh,gurgaon
Renault,Renault KWID1.0 RXT Opt BSIV,2020,"61,000kms",Petrol,Manual,₹2.20 Lakh,gurgaon
Maruti,Maruti ErtigaVXI CNG,2022,"90,000kms",CNG,Manual,₹8.60 Lakh,gurgaon
Honda,Honda BR-Vi-VTEC V MT,2016,"79,150kms",Petrol,Manual,₹4.75 Lakh,gurgaon
Hyundai,Hyundai i20Sportz 1.2,2012,"83,500kms",Petrol,Manual,₹1.80 Lakh,gurgaon
Ford,Ford Ecosport1.5 Petrol Titanium Plus AT BSIV,2017,"60,000kms",Petrol,Automatic,₹4.60 Lakh,gurgaon
Nissan,Nissan MicraXV CVT,2013,"43,000kms",Petrol,Automatic,₹2.20 Lakh,gurgaon
Hyundai,Hyundai Grand i10Sportz,2015,"90,000kms",Petrol,Manual,₹3 Lakh,gurgaon
Chevrolet,Chevrolet BeatLS,2011,"1,00,000kms",Petrol,Manual,"₹90,000",gurgaon
Tata,Tata TiagoXZ Plus CNG BSVI,2022,"83,000kms",CNG,Manual,₹4 Lakh,gurgaon
MG,MG Windsor EVEssence,2025,"20,000kms",Electric,Automatic,₹16 Lakh,gurgaon
Hyundai,Hyundai i10Sportz,2011,"1,00,000kms",Petrol,Manual,₹1.20 Lakh,gurgaon
Tata,Tata PunchPure BSVI,2022,"50,000kms",Petrol,Manual,₹4.50 Lakh,gurgaon
Honda,Honda Cityi VTEC CVT VX,2015,"83,000kms",Petrol,Automatic,₹5 Lakh,gurgaon
Hyundai,Hyundai EOND Lite Plus,2014,"1,50,000kms",Petrol,Manual,₹1.10 Lakh,gurgaon
Honda,Honda AmazeSX i VTEC,2016,"80,000kms",Petrol,Manual,₹3 Lakh,gurgaon
Toyota,Toyota Etios Cross1.2L G,2014,"1,25,000kms",Petrol,Manual,₹2.50 Lakh,gurgaon
Ford,Ford Ecosport1.5 Diesel Titanium BSIV,2018,"1,00,000kms",Diesel,Manual,₹4.50 Lakh,gurgaon
Maruti,Maruti Swift DzireVXi,2012,"60,000kms",Petrol,Manual,₹1.84 Lakh,gurgaon
Tata,Tata PunchAdventure AMT BSVI,2022,"50,000kms",Petrol,Automatic,₹6.50 Lakh,gurgaon
Skoda,Skoda Octavia1.8 TSI AT L K,2018,"90,000kms",Petrol,Automatic,₹12 Lakh,gurgaon
Volkswagen,Volkswagen Polo1.0 MPI Comfortline,2018,"1,20,000kms",Petrol,Manual,₹3.95 Lakh,gurgaon
Mercedes-Benz,Mercedes-Benz A-Class LimousineA 200d BSVI,2022,"50,000kms",Diesel,Automatic,₹29 Lakh,gurgaon
Maruti,Maruti BalenoZeta,2022,"1,20,000kms",Petrol,Manual,₹5.25 Lakh,gurgaon
Tata,Tata Nexon1.2 Revotron XM,2020,"26,000kms",Petrol,Manual,₹5.50 Lakh,gurgaon
Renault,Renault KigerRXZ,2022,"80,000kms",Petrol,Manual,₹4.75 Lakh,gurgaon
Maruti,Maruti Wagon RVXI,2018,"1,13,879kms",Petrol,Manual,₹2.65 Lakh,gurgaon
Honda,Honda Cityi VTEC VX,2017,"70,000kms",Petrol,Manual,₹6.20 Lakh,gurgaon
Honda,Honda AmazeS Petrol,2020,"60,000kms",Petrol,Manual,₹4.60 Lakh,gurgaon
Maruti,Maruti CiazDelta Diesel,2019,"1,41,000kms",Diesel,Automatic,₹5 Lakh,gurgaon
Ford,Ford Ecosport1.5 Petrol Trend Plus AT BSIV,2018,"61,930kms",Petrol,Automatic,₹5.95 Lakh,gurgaon
Ford,Ford Endeavour3.2 Titanium AT 4X4,2016,"1,33,735kms",Diesel,Automatic,₹15.75 Lakh,gurgaon
Honda,Honda CityV CVT,2023,"40,000kms",Petrol,Automatic,₹11.50 Lakh,gurgaon
Hyundai,Hyundai Grand i10SportZ Edition,2014,"61,000kms",Petrol,Manual,₹3 Lakh,gurgaon
Honda,Honda Cityi VTEC CVT SV,2017,"1,50,000kms",Petrol,Automatic,₹6 Lakh,gurgaon
Hyundai,Hyundai i10Magna,2011,"40,000kms",Petrol,Manual,₹1.25 Lakh,gurgaon
Mercedes-Benz,Mercedes-Benz GLE250d,2017,"30,000kms",Diesel,Automatic,₹25 Lakh,gurgaon
Maruti,Maruti Wagon RCNG LXI,2022,"40,000kms",CNG,Manual,₹4.80 Lakh,gurgaon
Kia,Kia SonetHTX Turbo DCT,2024,"20,000kms",Petrol,Automatic,₹9.20 Lakh,gurgaon
Mahindra,Mahindra TharLX 4WD Convert Top Diesel BSVI,2022,"30,000kms",Diesel,Manual,₹11 Lakh,gurgaon
Maruti,Maruti Baleno1.2 Zeta,2017,"1,50,000kms",Petrol,Manual,₹3.41 Lakh,gurgaon
Maruti,Maruti Alto 800VXI,2016,"70,000kms",Petrol,Manual,₹1.80 Lakh,gurgaon
Ford,Ford Ecosport1.0 Ecoboost Titanium,2015,"1,00,000kms",Petrol,Manual,₹3.40 Lakh,gurgaon
Volkswagen,Volkswagen Polo1.0 TSI Comfortline,2022,"70,000kms",Petrol,Manual,₹7 Lakh,gurgaon
Mahindra,Mahindra TharLX 4WD Convert Top Diesel BSVI,2022,"30,000kms",Diesel,Manual,₹11 Lakh,gurgaon
Maruti,Maruti Baleno1.2 Zeta,2017,"1,50,000kms",Petrol,Manual,₹3.41 Lakh,gurgaon
Maruti,Maruti Alto 800VXI,2016,"70,000kms",Petrol,Manual,₹1.80 Lakh,gurgaon
Ford,Ford Ecosport1.0 Ecoboost Titanium,2015,"1,00,000kms",Petrol,Manual,₹3.40 Lakh,gurgaon
Volkswagen,Volkswagen Polo1.0 TSI Comfortline,2022,"70,000kms",Petrol,Manual,₹7 Lakh,gurgaon
Hyundai,Hyundai Grand i10Sportz,2014,"1,60,000kms",Petrol,Manual,₹1.88 Lakh,gurgaon
Tata,Tata CurvvPure Plus,2024,"11,500kms",Petrol,Manual,₹10 Lakh,gurgaon
Hyundai,Hyundai i201.2 Sportz,2012,"1,50,000kms",Petrol,Manual,₹1.70 Lakh,gurgaon
Maruti,Maruti Baleno1.2 CVT Delta,2017,"60,000kms",Petrol,Automatic,₹4.60 Lakh,gurgaon
Tata,Tata Nexon EVXZ Plus,2021,"1,00,000kms",Electric,Automatic,₹8 Lakh,gurgaon
Mahindra,Mahindra TharLX 4WD Hard Top Diesel BSVI,2021,"60,000kms",Diesel,Manual,₹13 Lakh,gurgaon
Honda,Honda Jazz1.2 S AT i VTEC,2015,"90,000kms",Petrol,Automatic,₹2.90 Lakh,gurgaon
Volkswagen,Volkswagen Taigun1.0 Highline AT,2023,"60,000kms",Petrol,Automatic,₹9.75 Lakh,gurgaon
Mahindra,Mahindra TharLX Convert Top Diesel,2024,"32,000kms",Diesel,Manual,₹12 Lakh,gurgaon
Hyundai,Hyundai Verna1.4 VTVT,2014,"50,000kms",Petrol,Manual,₹3.50 Lakh,gurgaon
Maruti,Maruti Alto K10LXI CNG Optional,2018,"1,00,000kms",CNG,Manual,₹2.50 Lakh,gurgaon
BMW,BMW 3 Series GTLuxury Line,2018,"39,000kms",Diesel,Automatic,₹21 Lakh,gurgaon
Renault,Renault KWID1.0,2017,"70,000kms",Petrol,Manual,₹2.32 Lakh,gurgaon
Tata,Tata TiagoXT Option BSVI,2023,"21,800kms",Petrol,Manual,₹4.50 Lakh,gurgaon
Hyundai,Hyundai Grand i10 NiosMagna,2021,"40,000kms",Petrol,Manual,₹4.50 Lakh,gurgaon
Tata,Tata TigorXE BSVI,2021,"50,000kms",Petrol,Manual,₹3.36 Lakh,gurgaon
Honda,Honda AmazeS Option i-VTEC,2017,"30,000kms",Petrol,Manual,₹3.60 Lakh,gurgaon
Mahindra,Mahindra TharLX 4WD Hard Top Diesel AT BSVI,2021,"1,20,000kms",Diesel,Automatic,₹10.50 Lakh,gurgaon
Hyundai,Hyundai AuraS,2025,"7,500kms",Petrol,Manual,₹7.50 Lakh,gurgaon
Datsun,Datsun RediGO1.0 T Option,2018,"83,000kms",Petrol,Manual,₹1.50 Lakh,gurgaon
Maruti,Maruti Swift DzireLXi,2011,"50,000kms",Petrol,Manual,₹1.30 Lakh,gurgaon
Mahindra,Mahindra TharLX 4WD Hard Top Diesel BSVI,2021,"60,000kms",Diesel,Manual,₹11 Lakh,gurgaon
Mahindra,Mahindra XUV 3XOAX5 L Turbo,2024,"44,000kms",Petrol,Manual,₹10.50 Lakh,gurgaon
Volkswagen,Volkswagen VentoPetrol Highline,2011,"91,000kms",Petrol,Manual,₹2 Lakh,gurgaon
Hyundai,Hyundai Grand i10 NiosSportz,2022,"33,000kms",Petrol,Manual,₹4.75 Lakh,gurgaon
Audi,Audi A8L 4.2 FSI quattro,2011,"50,000kms",Petrol,Automatic,₹12 Lakh,gurgaon
Toyota,Toyota Fortuner4x2 AT,2014,"1,63,000kms",Diesel,Automatic,₹7 Lakh,gurgaon
Maruti,Maruti Baleno1.2 Delta,2017,"80,000kms",Petrol,Manual,₹3.60 Lakh,gurgaon
Hyundai,Hyundai i10Magna 1.2 iTech SE,2012,"25,000kms",Petrol,Manual,₹1.90 Lakh,gurgaon
Mahindra,Mahindra XUV700AX5 7 Str,2025,"20,000kms",Petrol,Manual,₹16.50 Lakh,gurgaon
Mahindra,Mahindra ScorpioS5 BSIV,2019,"1,50,000kms",Diesel,Manual,₹8 Lakh,gurgaon
Mahindra,Mahindra ScorpioS BSVI,2022,"57,000kms",Diesel,Manual,₹12.49 Lakh,gurgaon
Ford,Ford Ecosport1.5 Diesel Titanium BSIV,2018,"1,60,000kms",Diesel,Manual,₹4.50 Lakh,gurgaon
Ford,Ford Ecosport1.5 Diesel Trend BSIV,2017,"94,000kms",Diesel,Manual,₹3.25 Lakh,gurgaon
Nissan,Nissan MagniteXV BSVI,2023,"80,000kms",Petrol,Manual,₹4.82 Lakh,gurgaon
Mahindra,Mahindra TharLX 4WD Hard Top Diesel AT BSVI,2021,"1,20,000kms",Diesel,Automatic,₹10.50 Lakh,gurgaon
Hyundai,Hyundai AuraS,2025,"7,500kms",Petrol,Manual,₹7.50 Lakh,gurgaon
Datsun,Datsun RediGO1.0 T Option,2018,"83,000kms",Petrol,Manual,₹1.50 Lakh,gurgaon
Maruti,Maruti Swift DzireLXi,2011,"50,000kms",Petrol,Manual,₹1.30 Lakh,gurgaon
Mahindra,Mahindra TharLX 4WD Hard Top Diesel BSVI,2021,"60,000kms",Diesel,Manual,₹11 Lakh,gurgaon
Mahindra,Mahindra XUV 3XOAX5 L Turbo,2024,"44,000kms",Petrol,Manual,₹10.50 Lakh,gurgaon
Hyundai,Hyundai i10Magna 1.2 iTech SE,2012,"25,000kms",Petrol,Manual,₹1.90 Lakh,gurgaon
Mahindra,Mahindra XUV700AX5 7 Str,2025,"20,000kms",Petrol,Manual,₹16.50 Lakh,gurgaon
Mahindra,Mahindra ScorpioS5 BSIV,2019,"1,50,000kms",Diesel,Manual,₹8 Lakh,gurgaon
Mahindra,Mahindra ScorpioS BSVI,2022,"57,000kms",Diesel,Manual,₹12.49 Lakh,gurgaon
Maruti,Maruti Wagon RLXI BS IV,2012,"1,20,000kms",Petrol,Manual,₹1.42 Lakh,gurgaon
Volkswagen,Volkswagen PoloGT TSI,2018,"80,000kms",Petrol,Automatic,₹5.05 Lakh,gurgaon
Maruti,Maruti Baleno1.2 Delta,2018,"1,00,000kms",Petrol,Manual,₹3.50 Lakh,gurgaon
Hyundai,Hyundai EONMagna Optional,2014,"1,10,000kms",Petrol,Manual,₹1.80 Lakh,gurgaon
Volkswagen,Volkswagen VentoPetrol Highline,2011,"91,000kms",Petrol,Manual,₹2 Lakh,gurgaon
Hyundai,Hyundai Grand i10 NiosSportz,2022,"33,000kms",Petrol,Manual,₹4.75 Lakh,gurgaon
Audi,Audi A8L 4.2 FSI quattro,2011,"50,000kms",Petrol,Automatic,₹12 Lakh,gurgaon
Toyota,Toyota Fortuner4x2 AT,2014,"1,63,000kms",Diesel,Automatic,₹7 Lakh,gurgaon
Maruti,Maruti Baleno1.2 Delta,2017,"80,000kms",Petrol,Manual,₹3.60 Lakh,gurgaon
Ford,Ford Ecosport1.5 Diesel Titanium BSIV,2018,"1,60,000kms",Diesel,Manual,₹4.50 Lakh,gurgaon
Jeep,Jeep Compass2.0 Limited 4X4 Opt Diesel AT BSVI,2022,"50,000kms",Diesel,Automatic,₹18 Lakh,gurgaon
Maruti,Maruti Baleno1.2 Sigma,2018,"1,50,000kms",Petrol,Manual,₹3 Lakh,gurgaon
Maruti,Maruti SwiftLXI,2011,"1,20,000kms",Petrol,Manual,₹1 Lakh,gurgaon
Mahindra,Mahindra TharLX 4WD Hard Top Diesel AT BSVI,2021,"1,20,000kms",Diesel,Automatic,₹10.50 Lakh,gurgaon
Hyundai,Hyundai AuraS,2025,"7,500kms",Petrol,Manual,₹7.50 Lakh,gurgaon
Datsun,Datsun RediGO1.0 T Option,2018,"83,000kms",Petrol,Manual,₹1.50 Lakh,gurgaon
Maruti,Maruti Swift DzireLXi,2011,"50,000kms",Petrol,Manual,₹1.30 Lakh,gurgaon
Mahindra,Mahindra TharLX 4WD Hard Top Diesel BSVI,2021,"60,000kms",Diesel,Manual,₹11 Lakh,gurgaon
Mahindra,Mahindra XUV 3XOAX5 L Turbo,2024,"44,000kms",Petrol,Manual,₹10.50 Lakh,gurgaon
Maruti,Maruti Alto 800LXI,2012,"87,000kms",Petrol,Manual,"₹95,000",gurgaon
Hyundai,Hyundai Grand i10Asta,2015,"38,000kms",Petrol,Manual,₹2.90 Lakh,gurgaon
Hyundai,Hyundai EONMagna Plus,2018,"50,000kms",Petrol,Manual,₹2.59 Lakh,gurgaon
Hyundai,Hyundai Verna1.6 VTVT SX,2015,"66,500kms",Petrol,Manual,₹5.45 Lakh,gurgaon
Volkswagen,Volkswagen VirtusComfortline BSVI,2022,"68,622kms",Petrol,Manual,₹8.45 Lakh,gurgaon
Hyundai,Hyundai Grand i10Magna,2015,"51,139kms",Petrol,Manual,₹3.95 Lakh,gurgaon
Volkswagen,Volkswagen Polo1.2 MPI Comfortline,2014,"70,000kms",Petrol,Manual,₹3.50 Lakh,gurgaon
Maruti,Maruti Swift DzireVXI,2015,"41,000kms",Petrol,Manual,₹3 Lakh,gurgaon
Hyundai,Hyundai Santro XingGLS LPG,2011,"1,12,000kms",LPG,Manual,"₹75,000",gurgaon
Toyota,Toyota EtiosV,2015,"79,000kms",Petrol,Manual,₹4 Lakh,gurgaon
Maruti,Maruti SX4Green Vxi (CNG),2011,"1,10,000kms",CNG,Manual,₹1.65 Lakh,gurgaon
Hyundai,Hyundai Grand i10Magna,2017,"1,50,000kms",Petrol,Manual,₹2.84 Lakh,gurgaon
Honda,Honda AmazeVX Opt Petrol BSIV,2019,"60,000kms",Petrol,Manual,₹4.70 Lakh,gurgaon
Hyundai,Hyundai Grand i101.2 Kappa Sportz BSIV,2019,"80,000kms",Petrol,Manual,₹4 Lakh,gurgaon
Tata,Tata Tiago1.2 Revotron XZA,2018,"50,000kms",Petrol,Automatic,₹3.20 Lakh,gurgaon
Audi,Audi A435 TDI Premium,2016,"50,000kms",Diesel,Automatic,₹9 Lakh,gurgaon
Tata,Tata NexonXMA AMT S BSVI,2022,"60,000kms",Petrol,Automatic,₹7 Lakh,gurgaon
Renault,Renault DusterAdventure Edition 85PS RXE,2017,"1,02,000kms",Diesel,Manual,₹3 Lakh,gurgaon
Honda,Honda CityV AT,2011,"81,000kms",Petrol,Automatic,₹2.15 Lakh,gurgaon
Jeep,Jeep Compass1.4 Limited Option,2018,"62,200kms",Petrol,Automatic,₹9.95 Lakh,gurgaon
Ford,Ford Ecosport1.5 TDCi Titanium BSIV,2015,"80,000kms",Diesel,Manual,₹4 Lakh,gurgaon
BMW,BMW 3 Series320d,2017,"53,000kms",Diesel,Automatic,₹17.95 Lakh,gurgaon
Honda,Honda Cityi VTEC CVT SV,2016,"40,121kms",Petrol,Automatic,₹4.95 Lakh,gurgaon
Mahindra,Mahindra XUV 3XOMX3 AT,2024,"4,634kms",Petrol,Automatic,₹9.45 Lakh,gurgaon
Maruti,Maruti Vitara BrezzaZDi Plus,2017,"1,97,000kms",Diesel,Manual,₹5 Lakh,gurgaon
Tata,Tata Tigor1.2 Revotron XM,2019,"12,700kms",Petrol,Manual,₹4.10 Lakh,gurgaon
Jeep,Jeep Compass1.4 Longitude Plus AT,2020,"32,218kms",Petrol,Automatic,₹12.50 Lakh,gurgaon
Ford,Ford Ecosport1.5 Petrol Titanium Plus AT BSIV,2018,"32,832kms",Petrol,Automatic,₹6.75 Lakh,gurgaon
Maruti,Maruti Swift DzireVXI BSVI,2022,"19,809kms",Petrol,Manual,₹6.45 Lakh,gurgaon
Volkswagen,Volkswagen VentoPetrol Breeze,2011,"1,60,000kms",Petrol,Manual,₹1 Lakh,gurgaon
Hyundai,Hyundai VenueS Opt Turbo DCT,2024,"10,000kms",Petrol,Automatic,₹10 Lakh,gurgaon
Land Rover,Land Rover Range Rover Evoque2.0 TD4 SE,2019,"75,000kms",Diesel,Automatic,₹18 Lakh,gurgaon
Hyundai,Hyundai EONSportz,2012,"85,000kms",Petrol,Manual,₹1.15 Lakh,gurgaon
Maruti,Maruti SwiftLXI BSIV,2016,"1,30,000kms",Petrol,Manual,₹3 Lakh,gurgaon
Maruti,Maruti Wagon RLXI CNG,2013,"1,20,000kms",CNG,Manual,₹1.80 Lakh,gurgaon
Honda,Honda AmazeS i-Vtech,2016,"90,000kms",Petrol,Manual,₹2.80 Lakh,gurgaon
Tata,Tata PunchAccomplished BSVI,2021,"30,000kms",Petrol,Manual,₹5 Lakh,gurgaon
Maruti,Maruti S CrossSigma DDiS 200 SH,2018,"1,50,000kms",Diesel,Manual,₹4 Lakh,gurgaon
Honda,Honda Amaze 2nd GenVX BSVI,2022,"40,000kms",Petrol,Manual,₹5.70 Lakh,gurgaon
Tata,Tata Nexon EVXZ Plus Lux,2023,"79,000kms",Electric,Automatic,₹7.85 Lakh,gurgaon
Honda,Honda Cityi VTEC VX,2014,"1,60,000kms",Petrol,Manual,₹4.10 Lakh,gurgaon
Chevrolet,Chevrolet BeatLS,2015,"1,20,000kms",Petrol,Manual,₹1.12 Lakh,gurgaon
BMW,BMW X1sDrive20i xLine,2019,"70,000kms",Petrol,Automatic,₹19.70 Lakh,gurgaon
Mahindra,Mahindra XUV 3XOAX5,2024,"14,700kms",Petrol,Manual,₹10.50 Lakh,gurgaon
Mahindra,Mahindra TharLX Hard Top,2023,"15,000kms",Petrol,Manual,₹11.99 Lakh,gurgaon
Honda,Honda CityV AT,2011,"81,000kms",Petrol,Automatic,₹2.15 Lakh,gurgaon
BMW,BMW X1sDrive20i SportX,2021,"50,000kms",Petrol,Automatic,₹24 Lakh,gurgaon
Maruti,Maruti Vitara BrezzaVDi Option,2017,"87,000kms",Diesel,Manual,₹4.80 Lakh,gurgaon
Toyota,Toyota Etios1.4 VXD,2017,"1,20,000kms",Diesel,Manual,₹4 Lakh,gurgaon
Tata,Tata Nexon1.2 Revotron XM,2020,"26,000kms",Petrol,Manual,₹5.50 Lakh,gurgaon
Renault,Renault KigerRXZ,2022,"80,000kms",Petrol,Manual,₹4.75 Lakh,gurgaon
Chevrolet,Chevrolet BeatLS,2015,"1,20,000kms",Petrol,Manual,₹1.12 Lakh,gurgaon
BMW,BMW X1sDrive20i xLine,2019,"70,000kms",Petrol,Automatic,₹19.70 Lakh,gurgaon
Mahindra,Mahindra XUV 3XOAX5,2024,"14,700kms",Petrol,Manual,₹10.50 Lakh,gurgaon
Mahindra,Mahindra TharLX Hard Top,2023,"15,000kms",Petrol,Manual,₹11.99 Lakh,gurgaon
Honda,Honda CityV AT,2011,"81,000kms",Petrol,Automatic,₹2.15 Lakh,gurgaon
BMW,BMW X1sDrive20i SportX,2021,"50,000kms",Petrol,Automatic,₹24 Lakh,gurgaon
Maruti,Maruti Vitara BrezzaVDi Option,2017,"87,000kms",Diesel,Manual,₹4.80 Lakh,gurgaon
Toyota,Toyota Etios1.4 VXD,2017,"1,20,000kms",Diesel,Manual,₹4 Lakh,gurgaon
Tata,Tata Nexon1.2 Revotron XM,2020,"26,000kms",Petrol,Manual,₹5.50 Lakh,gurgaon
Renault,Renault KigerRXZ,2022,"80,000kms",Petrol,Manual,₹4.75 Lakh,gurgaon
Maruti,Maruti Wagon RVXI,2018,"1,13,879kms",Petrol,Manual,₹2.65 Lakh,gurgaon
Honda,Honda Cityi VTEC VX,2017,"70,000kms",Petrol,Manual,₹6.20 Lakh,gurgaon
Honda,Honda AmazeS Petrol,2020,"60,000kms",Petrol,Manual,₹4.60 Lakh,gurgaon
Maruti,Maruti CiazDelta Diesel,2019,"1,41,000kms",Diesel,Automatic,₹5 Lakh,gurgaon
Ford,Ford Ecosport1.5 Petrol Trend Plus AT BSIV,2018,"61,930kms",Petrol,Automatic,₹5.95 Lakh,gurgaon
Ford,Ford Endeavour3.2 Titanium AT 4X4,2016,"1,33,735kms",Diesel,Automatic,₹15.75 Lakh,gurgaon
Volkswagen,Volkswagen Taigun1.0 Highline AT,2026,"10,000kms",Petrol,Automatic,₹13.30 Lakh,gurgaon
Maruti,Maruti Swift DzireVXI,2013,"50,000kms",Petrol,Manual,₹3 Lakh,gurgaon
Hyundai,Hyundai Grand i10 NiosSportz,2023,"15,500kms",Petrol,Manual,₹6.49 Lakh,gurgaon
Hyundai,Hyundai i10Era,2010,"90,000kms",Petrol,Manual,"₹83,000",gurgaon
Renault,Renault KWID1.0 RXT Opt,2021,"43,000kms",Petrol,Manual,₹2.70 Lakh,gurgaon
Honda,Honda Cityi VTEC VX Option,2016,"50,680kms",Petrol,Manual,₹5.25 Lakh,gurgaon
Volkswagen,Volkswagen Polo1.2 MPI Highline,2015,"28,587kms",Petrol,Manual,₹3.75 Lakh,gurgaon
Hyundai,Hyundai VenueSX Plus Turbo DCT BSIV,2019,"36,500kms",Petrol,Automatic,₹8.45 Lakh,gurgaon
Maruti,Maruti S CrossSigma DDiS 200 SH,2018,"1,50,000kms",Diesel,Manual,₹4 Lakh,gurgaon
Honda,Honda Amaze 2nd GenVX BSVI,2022,"40,000kms",Petrol,Manual,₹5.70 Lakh,gurgaon
Tata,Tata Nexon EVXZ Plus Lux,2023,"79,000kms",Electric,Automatic,₹7.85 Lakh,gurgaon
Honda,Honda Cityi VTEC VX,2014,"1,60,000kms",Petrol,Manual,₹4.10 Lakh,gurgaon
Maruti,Maruti CelerioVXI CNG BSIV,2017,"95,000kms",CNG,Manual,₹2.50 Lakh,gurgaon
BMW,BMW X1sDrive20i SportX,2021,"50,000kms",Petrol,Automatic,₹24 Lakh,gurgaon
Maruti,Maruti Vitara BrezzaVDi Option,2017,"87,000kms",Diesel,Manual,₹4.80 Lakh,gurgaon
Toyota,Toyota Etios1.4 VXD,2017,"1,20,000kms",Diesel,Manual,₹4 Lakh,gurgaon
Tata,Tata Nexon1.2 Revotron XM,2020,"26,000kms",Petrol,Manual,₹5.50 Lakh,gurgaon
Renault,Renault KigerRXZ,2022,"80,000kms",Petrol,Manual,₹4.75 Lakh,gurgaon
Maruti,Maruti Wagon RVXI,2018,"1,13,879kms",Petrol,Manual,₹2.65 Lakh,gurgaon
Honda,Honda Cityi VTEC VX,2017,"70,000kms",Petrol,Manual,₹6.20 Lakh,gurgaon
Honda,Honda AmazeS Petrol,2020,"60,000kms",Petrol,Manual,₹4.60 Lakh,gurgaon
Maruti,Maruti CiazDelta Diesel,2019,"1,41,000kms",Diesel,Automatic,₹5 Lakh,gurgaon
Ford,Ford Ecosport1.5 Petrol Trend Plus AT BSIV,2018,"61,930kms",Petrol,Automatic,₹5.95 Lakh,gurgaon
Ford,Ford Endeavour3.2 Titanium AT 4X4,2016,"1,33,735kms",Diesel,Automatic,₹15.75 Lakh,gurgaon
Renault,Renault KWID1.0 RXT Opt,2021,"43,000kms",Petrol,Manual,₹2.70 Lakh,gurgaon
Honda,Honda Cityi VTEC VX Option,2016,"50,680kms",Petrol,Manual,₹5.25 Lakh,gurgaon
Volkswagen,Volkswagen Polo1.2 MPI Highline,2015,"28,587kms",Petrol,Manual,₹3.75 Lakh,gurgaon
Hyundai,Hyundai VenueSX Plus Turbo DCT BSIV,2019,"36,500kms",Petrol,Automatic,₹8.45 Lakh,gurgaon
Maruti,Maruti S CrossSigma DDiS 200 SH,2018,"1,50,000kms",Diesel,Manual,₹4 Lakh,gurgaon
Honda,Honda Amaze 2nd GenVX BSVI,2022,"40,000kms",Petrol,Manual,₹5.70 Lakh,gurgaon
Tata,Tata Nexon EVXZ Plus Lux,2023,"79,000kms",Electric,Automatic,₹7.85 Lakh,gurgaon
Honda,Honda Cityi VTEC VX,2014,"1,60,000kms",Petrol,Manual,₹4.10 Lakh,gurgaon
Maruti,Maruti CelerioVXI CNG BSIV,2017,"95,000kms",CNG,Manual,₹2.50 Lakh,gurgaon
BMW,BMW X1sDrive20i SportX,2021,"50,000kms",Petrol,Automatic,₹24 Lakh,gurgaon
Maruti,Maruti Vitara BrezzaVDi Option,2017,"87,000kms",Diesel,Manual,₹4.80 Lakh,gurgaon
Toyota,Toyota Etios1.4 VXD,2017,"1,20,000kms",Diesel,Manual,₹4 Lakh,gurgaon
Tata,Tata Nexon1.2 Revotron XM,2020,"26,000kms",Petrol,Manual,₹5.50 Lakh,gurgaon
Renault,Renault KigerRXZ,2022,"80,000kms",Petrol,Manual,₹4.75 Lakh,gurgaon
Maruti,Maruti Wagon RVXI,2018,"1,13,879kms",Petrol,Manual,₹2.65 Lakh,gurgaon
Honda,Honda Cityi VTEC VX,2017,"70,000kms",Petrol,Manual,₹6.20 Lakh,gurgaon
Honda,Honda AmazeS Petrol,2020,"60,000kms",Petrol,Manual,₹4.60 Lakh,gurgaon
Maruti,Maruti CiazDelta Diesel,2019,"1,41,000kms",Diesel,Automatic,₹5 Lakh,gurgaon
Ford,Ford Ecosport1.5 Petrol Trend Plus AT BSIV,2018,"61,930kms",Petrol,Automatic,₹5.95 Lakh,gurgaon
Ford,Ford Endeavour3.2 Titanium AT 4X4,2016,"1,33,735kms",Diesel,Automatic,₹15.75 Lakh,gurgaon
Chevrolet,Chevrolet BeatLS,2015,"1,20,000kms",Petrol,Manual,₹1.12 Lakh,gurgaon
BMW,BMW X1sDrive20i xLine,2019,"70,000kms",Petrol,Automatic,₹19.70 Lakh,gurgaon
Mahindra,Mahindra XUV 3XOAX5,2024,"14,700kms",Petrol,Manual,₹10.50 Lakh,gurgaon
Mahindra,Mahindra TharLX Hard Top,2023,"15,000kms",Petrol,Manual,₹11.99 Lakh,gurgaon
Honda,Honda CityV AT,2011,"81,000kms",Petrol,Automatic,₹2.15 Lakh,gurgaon
BMW,BMW X1sDrive20i SportX,2021,"50,000kms",Petrol,Automatic,₹24 Lakh,gurgaon
Maruti,Maruti Vitara BrezzaVDi Option,2017,"87,000kms",Diesel,Manual,₹4.80 Lakh,gurgaon
Toyota,Toyota Etios1.4 VXD,2017,"1,20,000kms",Diesel,Manual,₹4 Lakh,gurgaon
Tata,Tata Nexon1.2 Revotron XM,2020,"26,000kms",Petrol,Manual,₹5.50 Lakh,gurgaon
Renault,Renault KigerRXZ,2022,"80,000kms",Petrol,Manual,₹4.75 Lakh,gurgaon
Maruti,Maruti Wagon RVXI,2018,"1,13,879kms",Petrol,Manual,₹2.65 Lakh,gurgaon
Honda,Honda Cityi VTEC VX,2017,"70,000kms",Petrol,Manual,₹6.20 Lakh,gurgaon
Honda,Honda AmazeS Petrol,2020,"60,000kms",Petrol,Manual,₹4.60 Lakh,gurgaon
Maruti,Maruti CiazDelta Diesel,2019,"1,41,000kms",Diesel,Automatic,₹5 Lakh,gurgaon
Ford,Ford Ecosport1.5 Petrol Trend Plus AT BSIV,2018,"61,930kms",Petrol,Automatic,₹5.95 Lakh,gurgaon
Ford,Ford Endeavour3.2 Titanium AT 4X4,2016,"1,33,735kms",Diesel,Automatic,₹15.75 Lakh,gurgaon
Volkswagen,Volkswagen Taigun1.0 Highline AT,2026,"10,000kms",Petrol,Automatic,₹13.30 Lakh,gurgaon
Maruti,Maruti Swift DzireVXI,2013,"50,000kms",Petrol,Manual,₹3 Lakh,gurgaon
Hyundai,Hyundai Grand i10 NiosSportz,2023,"15,500kms",Petrol,Manual,₹6.49 Lakh,gurgaon
Hyundai,Hyundai i10Era,2010,"90,000kms",Petrol,Manual,"₹83,000",gurgaon
Chevrolet,Chevrolet BeatLS,2015,"1,20,000kms",Petrol,Manual,₹1.12 Lakh,gurgaon
BMW,BMW X1sDrive20i xLine,2019,"70,000kms",Petrol,Automatic,₹19.70 Lakh,gurgaon
Mahindra,Mahindra XUV 3XOAX5,2024,"14,700kms",Petrol,Manual,₹10.50 Lakh,gurgaon
Mahindra,Mahindra TharLX Hard Top,2023,"15,000kms",Petrol,Manual,₹11.99 Lakh,gurgaon
Honda,Honda CityV AT,2011,"81,000kms",Petrol,Automatic,₹2.15 Lakh,gurgaon
BMW,BMW X1sDrive20i SportX,2021,"50,000kms",Petrol,Automatic,₹24 Lakh,gurgaon
Maruti,Maruti Vitara BrezzaVDi Option,2017,"87,000kms",Diesel,Manual,₹4.80 Lakh,gurgaon
Toyota,Toyota Etios1.4 VXD,2017,"1,20,000kms",Diesel,Manual,₹4 Lakh,gurgaon
Tata,Tata Nexon1.2 Revotron XM,2020,"26,000kms",Petrol,Manual,₹5.50 Lakh,gurgaon
Renault,Renault KigerRXZ,2022,"80,000kms",Petrol,Manual,₹4.75 Lakh,gurgaon
Maruti,Maruti Wagon RVXI,2018,"1,13,879kms",Petrol,Manual,₹2.65 Lakh,gurgaon
Honda,Honda Cityi VTEC VX,2017,"70,000kms",Petrol,Manual,₹6.20 Lakh,gurgaon
Honda,Honda AmazeS Petrol,2020,"60,000kms",Petrol,Manual,₹4.60 Lakh,gurgaon
Maruti,Maruti CiazDelta Diesel,2019,"1,41,000kms",Diesel,Automatic,₹5 Lakh,gurgaon
Ford,Ford Ecosport1.5 Petrol Trend Plus AT BSIV,2018,"61,930kms",Petrol,Automatic,₹5.95 Lakh,gurgaon
Ford,Ford Endeavour3.2 Titanium AT 4X4,2016,"1,33,735kms",Diesel,Automatic,₹15.75 Lakh,gurgaon
Volkswagen,Volkswagen Taigun1.0 Highline AT,2026,"10,000kms",Petrol,Automatic,₹13.30 Lakh,gurgaon
Maruti,Maruti Swift DzireVXI,2013,"50,000kms",Petrol,Manual,₹3 Lakh,gurgaon
Hyundai,Hyundai Grand i10 NiosSportz,2023,"15,500kms",Petrol,Manual,₹6.49 Lakh,gurgaon
Hyundai,Hyundai i10Era,2010,"90,000kms",Petrol,Manual,"₹83,000",gurgaon
Chevrolet,Chevrolet BeatLS,2015,"1,20,000kms",Petrol,Manual,₹1.12 Lakh,gurgaon
BMW,BMW X1sDrive20i xLine,2019,"70,000kms",Petrol,Automatic,₹19.70 Lakh,gurgaon
Mahindra,Mahindra XUV 3XOAX5,2024,"14,700kms",Petrol,Manual,₹10.50 Lakh,gurgaon
Mahindra,Mahindra TharLX Hard Top,2023,"15,000kms",Petrol,Manual,₹11.99 Lakh,gurgaon
Honda,Honda CityV AT,2011,"81,000kms",Petrol,Automatic,₹2.15 Lakh,gurgaon
BMW,BMW X1sDrive20i SportX,2021,"50,000kms",Petrol,Automatic,₹24 Lakh,gurgaon
Maruti,Maruti Vitara BrezzaVDi Option,2017,"87,000kms",Diesel,Manual,₹4.80 Lakh,gurgaon
Toyota,Toyota Etios1.4 VXD,2017,"1,20,000kms",Diesel,Manual,₹4 Lakh,gurgaon
Tata,Tata Nexon1.2 Revotron XM,2020,"26,000kms",Petrol,Manual,₹5.50 Lakh,gurgaon
Renault,Renault KigerRXZ,2022,"80,000kms",Petrol,Manual,₹4.75 Lakh,gurgaon
Maruti,Maruti Wagon RVXI,2018,"1,13,879kms",Petrol,Manual,₹2.65 Lakh,gurgaon
Honda,Honda Cityi VTEC VX,2017,"70,000kms",Petrol,Manual,₹6.20 Lakh,gurgaon
Honda,Honda AmazeS Petrol,2020,"60,000kms",Petrol,Manual,₹4.60 Lakh,gurgaon
Maruti,Maruti CiazDelta Diesel,2019,"1,41,000kms",Diesel,Automatic,₹5 Lakh,gurgaon
Ford,Ford Ecosport1.5 Petrol Trend Plus AT BSIV,2018,"61,930kms",Petrol,Automatic,₹5.95 Lakh,gurgaon
Ford,Ford Endeavour3.2 Titanium AT 4X4,2016,"1,33,735kms",Diesel,Automatic,₹15.75 Lakh,gurgaon
Volkswagen,Volkswagen Taigun1.0 Highline AT,2026,"10,000kms",Petrol,Automatic,₹13.30 Lakh,gurgaon
Maruti,Maruti Swift DzireVXI,2013,"50,000kms",Petrol,Manual,₹3 Lakh,gurgaon
Hyundai,Hyundai Grand i10 NiosSportz,2023,"15,500kms",Petrol,Manual,₹6.49 Lakh,gurgaon
Hyundai,Hyundai i10Era,2010,"90,000kms",Petrol,Manual,"₹83,000",gurgaon
Renault,Renault KWID1.0 RXT Opt,2021,"43,000kms",Petrol,Manual,₹2.70 Lakh,gurgaon
Honda,Honda Cityi VTEC VX Option,2016,"50,680kms",Petrol,Manual,₹5.25 Lakh,gurgaon
Volkswagen,Volkswagen Polo1.2 MPI Highline,2015,"28,587kms",Petrol,Manual,₹3.75 Lakh,gurgaon
Hyundai,Hyundai VenueSX Plus Turbo DCT BSIV,2019,"36,500kms",Petrol,Automatic,₹8.45 Lakh,gurgaon
Maruti,Maruti S CrossSigma DDiS 200 SH,2018,"1,50,000kms",Diesel,Manual,₹4 Lakh,gurgaon
Honda,Honda Amaze 2nd GenVX BSVI,2022,"40,000kms",Petrol,Manual,₹5.70 Lakh,gurgaon
Tata,Tata Nexon EVXZ Plus Lux,2023,"79,000kms",Electric,Automatic,₹7.85 Lakh,gurgaon
Honda,Honda Cityi VTEC VX,2014,"1,60,000kms",Petrol,Manual,₹4.10 Lakh,gurgaon
Maruti,Maruti CelerioVXI CNG BSIV,2017,"95,000kms",CNG,Manual,₹2.50 Lakh,gurgaon
BMW,BMW X1sDrive20i SportX,2021,"50,000kms",Petrol,Automatic,₹24 Lakh,gurgaon
Maruti,Maruti Vitara BrezzaVDi Option,2017,"87,000kms",Diesel,Manual,₹4.80 Lakh,gurgaon
Toyota,Toyota Etios1.4 VXD,2017,"1,20,000kms",Diesel,Manual,₹4 Lakh,gurgaon
Tata,Tata Nexon1.2 Revotron XM,2020,"26,000kms",Petrol,Manual,₹5.50 Lakh,gurgaon
Renault,Renault KigerRXZ,2022,"80,000kms",Petrol,Manual,₹4.75 Lakh,gurgaon
Maruti,Maruti Wagon RVXI,2018,"1,13,879kms",Petrol,Manual,₹2.65 Lakh,gurgaon
Honda,Honda Cityi VTEC VX,2017,"70,000kms",Petrol,Manual,₹6.20 Lakh,gurgaon
Honda,Honda AmazeS Petrol,2020,"60,000kms",Petrol,Manual,₹4.60 Lakh,gurgaon
Maruti,Maruti CiazDelta Diesel,2019,"1,41,000kms",Diesel,Automatic,₹5 Lakh,gurgaon
Ford,Ford Ecosport1.5 Petrol Trend Plus AT BSIV,2018,"61,930kms",Petrol,Automatic,₹5.95 Lakh,gurgaon
Ford,Ford Endeavour3.2 Titanium AT 4X4,2016,"1,33,735kms",Diesel,Automatic,₹15.75 Lakh,gurgaon
Chevrolet,Chevrolet BeatLS,2015,"1,20,000kms",Petrol,Manual,₹1.12 Lakh,gurgaon
BMW,BMW X1sDrive20i xLine,2019,"70,000kms",Petrol,Automatic,₹19.70 Lakh,gurgaon
Mahindra,Mahindra XUV 3XOAX5,2024,"14,700kms",Petrol,Manual,₹10.50 Lakh,gurgaon
Mahindra,Mahindra TharLX Hard Top,2023,"15,000kms",Petrol,Manual,₹11.99 Lakh,gurgaon
Honda,Honda CityV AT,2011,"81,000kms",Petrol,Automatic,₹2.15 Lakh,gurgaon
BMW,BMW X1sDrive20i SportX,2021,"50,000kms",Petrol,Automatic,₹24 Lakh,gurgaon
Maruti,Maruti Vitara BrezzaVDi Option,2017,"87,000kms",Diesel,Manual,₹4.80 Lakh,gurgaon
Toyota,Toyota Etios1.4 VXD,2017,"1,20,000kms",Diesel,Manual,₹4 Lakh,gurgaon
Tata,Tata Nexon1.2 Revotron XM,2020,"26,000kms",Petrol,Manual,₹5.50 Lakh,gurgaon
Renault,Renault KigerRXZ,2022,"80,000kms",Petrol,Manual,₹4.75 Lakh,gurgaon
Maruti,Maruti Wagon RVXI,2018,"1,13,879kms",Petrol,Manual,₹2.65 Lakh,gurgaon
Honda,Honda Cityi VTEC VX,2017,"70,000kms",Petrol,Manual,₹6.20 Lakh,gurgaon
Honda,Honda AmazeS Petrol,2020,"60,000kms",Petrol,Manual,₹4.60 Lakh,gurgaon
Maruti,Maruti CiazDelta Diesel,2019,"1,41,000kms",Diesel,Automatic,₹5 Lakh,gurgaon
Ford,Ford Ecosport1.5 Petrol Trend Plus AT BSIV,2018,"61,930kms",Petrol,Automatic,₹5.95 Lakh,gurgaon
Ford,Ford Endeavour3.2 Titanium AT 4X4,2016,"1,33,735kms",Diesel,Automatic,₹15.75 Lakh,gurgaon
Volkswagen,Volkswagen Taigun1.0 Highline AT,2026,"10,000kms",Petrol,Automatic,₹13.30 Lakh,gurgaon
Maruti,Maruti Swift DzireVXI,2013,"50,000kms",Petrol,Manual,₹3 Lakh,gurgaon
Hyundai,Hyundai Grand i10 NiosSportz,2023,"15,500kms",Petrol,Manual,₹6.49 Lakh,gurgaon
Hyundai,Hyundai i10Era,2010,"90,000kms",Petrol,Manual,"₹83,000",gurgaon
Hyundai,Hyundai Grand i10Asta,2015,"38,000kms",Petrol,Manual,₹2.90 Lakh,gurgaon
Hyundai,Hyundai EONMagna Plus,2018,"50,000kms",Petrol,Manual,₹2.59 Lakh,gurgaon
Hyundai,Hyundai Verna1.6 VTVT SX,2015,"66,500kms",Petrol,Manual,₹5.45 Lakh,gurgaon
Volkswagen,Volkswagen VirtusComfortline BSVI,2022,"68,622kms",Petrol,Manual,₹8.45 Lakh,gurgaon
Hyundai,Hyundai Grand i10Magna,2015,"51,139kms",Petrol,Manual,₹3.95 Lakh,gurgaon
Volkswagen,Volkswagen Polo1.2 MPI Comfortline,2014,"70,000kms",Petrol,Manual,₹3.50 Lakh,gurgaon
Maruti,Maruti Swift DzireVXI,2015,"41,000kms",Petrol,Manual,₹3 Lakh,gurgaon
Hyundai,Hyundai Santro XingGLS LPG,2011,"1,12,000kms",LPG,Manual,"₹75,000",gurgaon
Toyota,Toyota EtiosV,2015,"79,000kms",Petrol,Manual,₹4 Lakh,gurgaon
Maruti,Maruti SX4Green Vxi (CNG),2011,"1,10,000kms",CNG,Manual,₹1.65 Lakh,gurgaon
Renault,Renault KWID1.0 RXL,2018,"80,000kms",Petrol,Manual,₹1.87 Lakh,gurgaon
Hyundai,Hyundai Grand i10 NiosAMT Sportz,2021,"13,500kms",Petrol,Automatic,₹5.40 Lakh,gurgaon
Hyundai,Hyundai Grand i10Sportz,2015,"78,647kms",Petrol,Manual,₹3.45 Lakh,gurgaon
Maruti,Maruti Swift DzireVXI,2013,"68,000kms",Petrol,Manual,₹1.90 Lakh,gurgaon
Chevrolet,Chevrolet BeatLS,2011,"1,50,000kms",Petrol,Manual,"₹75,000",gurgaon
Maruti,Maruti Wagon RLXI BS IV,2015,"80,000kms",Petrol,Manual,₹1.90 Lakh,gurgaon
Land Rover,Land Rover Range Rover Evoque2.0 TD4 SE,2019,"75,000kms",Diesel,Automatic,₹18 Lakh,gurgaon
Hyundai,Hyundai EONSportz,2012,"85,000kms",Petrol,Manual,₹1.15 Lakh,gurgaon
Maruti,Maruti SwiftLXI BSIV,2016,"1,30,000kms",Petrol,Manual,₹3 Lakh,gurgaon
Maruti,Maruti Wagon RLXI CNG,2013,"1,20,000kms",CNG,Manual,₹1.80 Lakh,gurgaon
Chevrolet,Chevrolet BeatLS,2015,"1,20,000kms",Petrol,Manual,₹1.12 Lakh,gurgaon
BMW,BMW X1sDrive20i xLine,2019,"70,000kms",Petrol,Automatic,₹19.70 Lakh,gurgaon
Mahindra,Mahindra XUV 3XOAX5,2024,"14,700kms",Petrol,Manual,₹10.50 Lakh,gurgaon
Mahindra,Mahindra TharLX Hard Top,2023,"15,000kms",Petrol,Manual,₹11.99 Lakh,gurgaon
Honda,Honda CityV AT,2011,"81,000kms",Petrol,Automatic,₹2.15 Lakh,gurgaon
BMW,BMW X1sDrive20i SportX,2021,"50,000kms",Petrol,Automatic,₹24 Lakh,gurgaon
Maruti,Maruti Vitara BrezzaVDi Option,2017,"87,000kms",Diesel,Manual,₹4.80 Lakh,gurgaon
Toyota,Toyota Etios1.4 VXD,2017,"1,20,000kms",Diesel,Manual,₹4 Lakh,gurgaon
Tata,Tata Nexon1.2 Revotron XM,2020,"26,000kms",Petrol,Manual,₹5.50 Lakh,gurgaon
Renault,Renault KigerRXZ,2022,"80,000kms",Petrol,Manual,₹4.75 Lakh,gurgaon
Maruti,Maruti Wagon RVXI,2018,"1,13,879kms",Petrol,Manual,₹2.65 Lakh,gurgaon
Honda,Honda Cityi VTEC VX,2017,"70,000kms",Petrol,Manual,₹6.20 Lakh,gurgaon
Honda,Honda AmazeS Petrol,2020,"60,000kms",Petrol,Manual,₹4.60 Lakh,gurgaon
Maruti,Maruti CiazDelta Diesel,2019,"1,41,000kms",Diesel,Automatic,₹5 Lakh,gurgaon
Ford,Ford Ecosport1.5 Petrol Trend Plus AT BSIV,2018,"61,930kms",Petrol,Automatic,₹5.95 Lakh,gurgaon
Ford,Ford Endeavour3.2 Titanium AT 4X4,2016,"1,33,735kms",Diesel,Automatic,₹15.75 Lakh,gurgaon
Volkswagen,Volkswagen Taigun1.0 Highline AT,2026,"10,000kms",Petrol,Automatic,₹13.30 Lakh,gurgaon
Maruti,Maruti Swift DzireVXI,2013,"50,000kms",Petrol,Manual,₹3 Lakh,gurgaon
Hyundai,Hyundai Grand i10 NiosSportz,2023,"15,500kms",Petrol,Manual,₹6.49 Lakh,gurgaon
Hyundai,Hyundai i10Era,2010,"90,000kms",Petrol,Manual,"₹83,000",gurgaon
Chevrolet,Chevrolet BeatLS,2015,"1,20,000kms",Petrol,Manual,₹1.12 Lakh,gurgaon
BMW,BMW X1sDrive20i xLine,2019,"70,000kms",Petrol,Automatic,₹19.70 Lakh,gurgaon
Mahindra,Mahindra XUV 3XOAX5,2024,"14,700kms",Petrol,Manual,₹10.50 Lakh,gurgaon
Mahindra,Mahindra TharLX Hard Top,2023,"15,000kms",Petrol,Manual,₹11.99 Lakh,gurgaon
Honda,Honda CityV AT,2011,"81,000kms",Petrol,Automatic,₹2.15 Lakh,gurgaon
BMW,BMW X1sDrive20i SportX,2021,"50,000kms",Petrol,Automatic,₹24 Lakh,gurgaon
Maruti,Maruti Vitara BrezzaVDi Option,2017,"87,000kms",Diesel,Manual,₹4.80 Lakh,gurgaon
Toyota,Toyota Etios1.4 VXD,2017,"1,20,000kms",Diesel,Manual,₹4 Lakh,gurgaon
Tata,Tata Nexon1.2 Revotron XM,2020,"26,000kms",Petrol,Manual,₹5.50 Lakh,gurgaon
Renault,Renault KigerRXZ,2022,"80,000kms",Petrol,Manual,₹4.75 Lakh,gurgaon
Maruti,Maruti Wagon RVXI,2018,"1,13,879kms",Petrol,Manual,₹2.65 Lakh,gurgaon
Honda,Honda Cityi VTEC VX,2017,"70,000kms",Petrol,Manual,₹6.20 Lakh,gurgaon
Honda,Honda AmazeS Petrol,2020,"60,000kms",Petrol,Manual,₹4.60 Lakh,gurgaon
Maruti,Maruti CiazDelta Diesel,2019,"1,41,000kms",Diesel,Automatic,₹5 Lakh,gurgaon
Ford,Ford Ecosport1.5 Petrol Trend Plus AT BSIV,2018,"61,930kms",Petrol,Automatic,₹5.95 Lakh,gurgaon
Ford,Ford Endeavour3.2 Titanium AT 4X4,2016,"1,33,735kms",Diesel,Automatic,₹15.75 Lakh,gurgaon
Volkswagen,Volkswagen Taigun1.0 Highline AT,2026,"10,000kms",Petrol,Automatic,₹13.30 Lakh,gurgaon
Maruti,Maruti Swift DzireVXI,2013,"50,000kms",Petrol,Manual,₹3 Lakh,gurgaon
Hyundai,Hyundai Grand i10 NiosSportz,2023,"15,500kms",Petrol,Manual,₹6.49 Lakh,gurgaon
Hyundai,Hyundai i10Era,2010,"90,000kms",Petrol,Manual,"₹83,000",gurgaon
Chevrolet,Chevrolet BeatLS,2015,"1,20,000kms",Petrol,Manual,₹1.12 Lakh,gurgaon
BMW,BMW X1sDrive20i xLine,2019,"70,000kms",Petrol,Automatic,₹19.70 Lakh,gurgaon
Mahindra,Mahindra XUV 3XOAX5,2024,"14,700kms",Petrol,Manual,₹10.50 Lakh,gurgaon
Mahindra,Mahindra TharLX Hard Top,2023,"15,000kms",Petrol,Manual,₹11.99 Lakh,gurgaon
Honda,Honda CityV AT,2011,"81,000kms",Petrol,Automatic,₹2.15 Lakh,gurgaon
BMW,BMW X1sDrive20i SportX,2021,"50,000kms",Petrol,Automatic,₹24 Lakh,gurgaon
Maruti,Maruti Vitara BrezzaVDi Option,2017,"87,000kms",Diesel,Manual,₹4.80 Lakh,gurgaon
Toyota,Toyota Etios1.4 VXD,2017,"1,20,000kms",Diesel,Manual,₹4 Lakh,gurgaon
Tata,Tata Nexon1.2 Revotron XM,2020,"26,000kms",Petrol,Manual,₹5.50 Lakh,gurgaon
Renault,Renault KigerRXZ,2022,"80,000kms",Petrol,Manual,₹4.75 Lakh,gurgaon
Maruti,Maruti Wagon RVXI,2018,"1,13,879kms",Petrol,Manual,₹2.65 Lakh,gurgaon
Honda,Honda Cityi VTEC VX,2017,"70,000kms",Petrol,Manual,₹6.20 Lakh,gurgaon
Honda,Honda AmazeS Petrol,2020,"60,000kms",Petrol,Manual,₹4.60 Lakh,gurgaon
Maruti,Maruti CiazDelta Diesel,2019,"1,41,000kms",Diesel,Automatic,₹5 Lakh,gurgaon
Ford,Ford Ecosport1.5 Petrol Trend Plus AT BSIV,2018,"61,930kms",Petrol,Automatic,₹5.95 Lakh,gurgaon
Ford,Ford Endeavour3.2 Titanium AT 4X4,2016,"1,33,735kms",Diesel,Automatic,₹15.75 Lakh,gurgaon
Volkswagen,Volkswagen Taigun1.0 Highline AT,2026,"10,000kms",Petrol,Automatic,₹13.30 Lakh,gurgaon
Maruti,Maruti Swift DzireVXI,2013,"50,000kms",Petrol,Manual,₹3 Lakh,gurgaon
Hyundai,Hyundai Grand i10 NiosSportz,2023,"15,500kms",Petrol,Manual,₹6.49 Lakh,gurgaon
Hyundai,Hyundai i10Era,2010,"90,000kms",Petrol,Manual,"₹83,000",gurgaon
Hyundai,Hyundai Grand i10Asta,2015,"38,000kms",Petrol,Manual,₹2.90 Lakh,gurgaon
Hyundai,Hyundai EONMagna Plus,2018,"50,000kms",Petrol,Manual,₹2.59 Lakh,gurgaon
Hyundai,Hyundai Verna1.6 VTVT SX,2015,"66,500kms",Petrol,Manual,₹5.45 Lakh,gurgaon
Volkswagen,Volkswagen VirtusComfortline BSVI,2022,"68,622kms",Petrol,Manual,₹8.45 Lakh,gurgaon
Hyundai,Hyundai Grand i10Magna,2015,"51,139kms",Petrol,Manual,₹3.95 Lakh,gurgaon
Volkswagen,Volkswagen Polo1.2 MPI Comfortline,2014,"70,000kms",Petrol,Manual,₹3.50 Lakh,gurgaon
Maruti,Maruti Swift DzireVXI,2015,"41,000kms",Petrol,Manual,₹3 Lakh,gurgaon
Hyundai,Hyundai Santro XingGLS LPG,2011,"1,12,000kms",LPG,Manual,"₹75,000",gurgaon
Toyota,Toyota EtiosV,2015,"79,000kms",Petrol,Manual,₹4 Lakh,gurgaon
Maruti,Maruti SX4Green Vxi (CNG),2011,"1,10,000kms",CNG,Manual,₹1.65 Lakh,gurgaon
Renault,Renault KWID1.0 RXL,2018,"80,000kms",Petrol,Manual,₹1.87 Lakh,gurgaon
Hyundai,Hyundai Grand i10 NiosAMT Sportz,2021,"13,500kms",Petrol,Automatic,₹5.40 Lakh,gurgaon
Hyundai,Hyundai Grand i10Sportz,2015,"78,647kms",Petrol,Manual,₹3.45 Lakh,gurgaon
Maruti,Maruti Swift DzireVXI,2013,"68,000kms",Petrol,Manual,₹1.90 Lakh,gurgaon
Chevrolet,Chevrolet BeatLS,2011,"1,50,000kms",Petrol,Manual,"₹75,000",gurgaon
Maruti,Maruti Wagon RLXI BS IV,2015,"80,000kms",Petrol,Manual,₹1.90 Lakh,gurgaon
Land Rover,Land Rover Range Rover Evoque2.0 TD4 SE,2019,"75,000kms",Diesel,Automatic,₹18 Lakh,gurgaon
Hyundai,Hyundai EONSportz,2012,"85,000kms",Petrol,Manual,₹1.15 Lakh,gurgaon
Maruti,Maruti SwiftLXI BSIV,2016,"1,30,000kms",Petrol,Manual,₹3 Lakh,gurgaon
Maruti,Maruti Wagon RLXI CNG,2013,"1,20,000kms",CNG,Manual,₹1.80 Lakh,gurgaon
Hyundai,Hyundai Grand i10Asta,2015,"38,000kms",Petrol,Manual,₹2.90 Lakh,gurgaon
Hyundai,Hyundai EONMagna Plus,2018,"50,000kms",Petrol,Manual,₹2.59 Lakh,gurgaon
Hyundai,Hyundai Verna1.6 VTVT SX,2015,"66,500kms",Petrol,Manual,₹5.45 Lakh,gurgaon
Volkswagen,Volkswagen VirtusComfortline BSVI,2022,"68,622kms",Petrol,Manual,₹8.45 Lakh,gurgaon
Hyundai,Hyundai Grand i10Magna,2015,"51,139kms",Petrol,Manual,₹3.95 Lakh,gurgaon
Volkswagen,Volkswagen Polo1.2 MPI Comfortline,2014,"70,000kms",Petrol,Manual,₹3.50 Lakh,gurgaon
Maruti,Maruti Swift DzireVXI,2015,"41,000kms",Petrol,Manual,₹3 Lakh,gurgaon
Hyundai,Hyundai Santro XingGLS LPG,2011,"1,12,000kms",LPG,Manual,"₹75,000",gurgaon
Toyota,Toyota EtiosV,2015,"79,000kms",Petrol,Manual,₹4 Lakh,gurgaon
Maruti,Maruti SX4Green Vxi (CNG),2011,"1,10,000kms",CNG,Manual,₹1.65 Lakh,gurgaon
Renault,Renault KWID1.0 RXL,2018,"80,000kms",Petrol,Manual,₹1.87 Lakh,gurgaon
Hyundai,Hyundai Grand i10 NiosAMT Sportz,2021,"13,500kms",Petrol,Automatic,₹5.40 Lakh,gurgaon
Hyundai,Hyundai Grand i10Sportz,2015,"78,647kms",Petrol,Manual,₹3.45 Lakh,gurgaon
Maruti,Maruti Swift DzireVXI,2013,"68,000kms",Petrol,Manual,₹1.90 Lakh,gurgaon
Chevrolet,Chevrolet BeatLS,2011,"1,50,000kms",Petrol,Manual,"₹75,000",gurgaon
Maruti,Maruti Wagon RLXI BS IV,2015,"80,000kms",Petrol,Manual,₹1.90 Lakh,gurgaon
Land Rover,Land Rover Range Rover Evoque2.0 TD4 SE,2019,"75,000kms",Diesel,Automatic,₹18 Lakh,gurgaon
Hyundai,Hyundai EONSportz,2012,"85,000kms",Petrol,Manual,₹1.15 Lakh,gurgaon
Maruti,Maruti SwiftLXI BSIV,2016,"1,30,000kms",Petrol,Manual,₹3 Lakh,gurgaon
Maruti,Maruti Wagon RLXI CNG,2013,"1,20,000kms",CNG,Manual,₹1.80 Lakh,gurgaon
Hyundai,Hyundai Grand i10Asta,2015,"38,000kms",Petrol,Manual,₹2.90 Lakh,gurgaon
Hyundai,Hyundai EONMagna Plus,2018,"50,000kms",Petrol,Manual,₹2.59 Lakh,gurgaon
Hyundai,Hyundai Verna1.6 VTVT SX,2015,"66,500kms",Petrol,Manual,₹5.45 Lakh,gurgaon
Volkswagen,Volkswagen VirtusComfortline BSVI,2022,"68,622kms",Petrol,Manual,₹8.45 Lakh,gurgaon
Hyundai,Hyundai Grand i10Magna,2015,"51,139kms",Petrol,Manual,₹3.95 Lakh,gurgaon
Volkswagen,Volkswagen Polo1.2 MPI Comfortline,2014,"70,000kms",Petrol,Manual,₹3.50 Lakh,gurgaon
Maruti,Maruti Swift DzireVXI,2015,"41,000kms",Petrol,Manual,₹3 Lakh,gurgaon
Hyundai,Hyundai Santro XingGLS LPG,2011,"1,12,000kms",LPG,Manual,"₹75,000",gurgaon
Toyota,Toyota EtiosV,2015,"79,000kms",Petrol,Manual,₹4 Lakh,gurgaon
Maruti,Maruti SX4Green Vxi (CNG),2011,"1,10,000kms",CNG,Manual,₹1.65 Lakh,gurgaon
Renault,Renault KWID1.0 RXL,2018,"80,000kms",Petrol,Manual,₹1.87 Lakh,gurgaon
Hyundai,Hyundai Grand i10 NiosAMT Sportz,2021,"13,500kms",Petrol,Automatic,₹5.40 Lakh,gurgaon
Hyundai,Hyundai Grand i10Sportz,2015,"78,647kms",Petrol,Manual,₹3.45 Lakh,gurgaon
Maruti,Maruti Swift DzireVXI,2013,"68,000kms",Petrol,Manual,₹1.90 Lakh,gurgaon
Chevrolet,Chevrolet BeatLS,2011,"1,50,000kms",Petrol,Manual,"₹75,000",gurgaon
Maruti,Maruti Wagon RLXI BS IV,2015,"80,000kms",Petrol,Manual,₹1.90 Lakh,gurgaon
Land Rover,Land Rover Range Rover Evoque2.0 TD4 SE,2019,"75,000kms",Diesel,Automatic,₹18 Lakh,gurgaon
Hyundai,Hyundai EONSportz,2012,"85,000kms",Petrol,Manual,₹1.15 Lakh,gurgaon
Maruti,Maruti SwiftLXI BSIV,2016,"1,30,000kms",Petrol,Manual,₹3 Lakh,gurgaon
Maruti,Maruti Wagon RLXI CNG,2013,"1,20,000kms",CNG,Manual,₹1.80 Lakh,gurgaon
Hyundai,Hyundai Grand i10Asta,2015,"38,000kms",Petrol,Manual,₹2.90 Lakh,gurgaon
Hyundai,Hyundai EONMagna Plus,2018,"50,000kms",Petrol,Manual,₹2.59 Lakh,gurgaon
Hyundai,Hyundai Verna1.6 VTVT SX,2015,"66,500kms",Petrol,Manual,₹5.45 Lakh,gurgaon
Volkswagen,Volkswagen VirtusComfortline BSVI,2022,"68,622kms",Petrol,Manual,₹8.45 Lakh,gurgaon
Hyundai,Hyundai Grand i10Magna,2015,"51,139kms",Petrol,Manual,₹3.95 Lakh,gurgaon
Volkswagen,Volkswagen Polo1.2 MPI Comfortline,2014,"70,000kms",Petrol,Manual,₹3.50 Lakh,gurgaon
Maruti,Maruti Swift DzireVXI,2015,"41,000kms",Petrol,Manual,₹3 Lakh,gurgaon
Hyundai,Hyundai Santro XingGLS LPG,2011,"1,12,000kms",LPG,Manual,"₹75,000",gurgaon
Toyota,Toyota EtiosV,2015,"79,000kms",Petrol,Manual,₹4 Lakh,gurgaon
Maruti,Maruti SX4Green Vxi (CNG),2011,"1,10,000kms",CNG,Manual,₹1.65 Lakh,gurgaon
Renault,Renault KWID1.0 RXL,2018,"80,000kms",Petrol,Manual,₹1.87 Lakh,gurgaon
Hyundai,Hyundai Grand i10 NiosAMT Sportz,2021,"13,500kms",Petrol,Automatic,₹5.40 Lakh,gurgaon
Hyundai,Hyundai Grand i10Sportz,2015,"78,647kms",Petrol,Manual,₹3.45 Lakh,gurgaon
Maruti,Maruti Swift DzireVXI,2013,"68,000kms",Petrol,Manual,₹1.90 Lakh,gurgaon
Chevrolet,Chevrolet BeatLS,2011,"1,50,000kms",Petrol,Manual,"₹75,000",gurgaon
Maruti,Maruti Wagon RLXI BS IV,2015,"80,000kms",Petrol,Manual,₹1.90 Lakh,gurgaon
Land Rover,Land Rover Range Rover Evoque2.0 TD4 SE,2019,"75,000kms",Diesel,Automatic,₹18 Lakh,gurgaon
Hyundai,Hyundai EONSportz,2012,"85,000kms",Petrol,Manual,₹1.15 Lakh,gurgaon
Maruti,Maruti SwiftLXI BSIV,2016,"1,30,000kms",Petrol,Manual,₹3 Lakh,gurgaon
Maruti,Maruti Wagon RLXI CNG,2013,"1,20,000kms",CNG,Manual,₹1.80 Lakh,gurgaon
Hyundai,Hyundai Grand i10Asta,2015,"38,000kms",Petrol,Manual,₹2.90 Lakh,gurgaon
Hyundai,Hyundai EONMagna Plus,2018,"50,000kms",Petrol,Manual,₹2.59 Lakh,gurgaon
Hyundai,Hyundai Verna1.6 VTVT SX,2015,"66,500kms",Petrol,Manual,₹5.45 Lakh,gurgaon
Volkswagen,Volkswagen VirtusComfortline BSVI,2022,"68,622kms",Petrol,Manual,₹8.45 Lakh,gurgaon
Hyundai,Hyundai Grand i10Magna,2015,"51,139kms",Petrol,Manual,₹3.95 Lakh,gurgaon
Volkswagen,Volkswagen Polo1.2 MPI Comfortline,2014,"70,000kms",Petrol,Manual,₹3.50 Lakh,gurgaon
Maruti,Maruti Swift DzireVXI,2015,"41,000kms",Petrol,Manual,₹3 Lakh,gurgaon
Hyundai,Hyundai Santro XingGLS LPG,2011,"1,12,000kms",LPG,Manual,"₹75,000",gurgaon
Toyota,Toyota EtiosV,2015,"79,000kms",Petrol,Manual,₹4 Lakh,gurgaon
Maruti,Maruti SX4Green Vxi (CNG),2011,"1,10,000kms",CNG,Manual,₹1.65 Lakh,gurgaon
Renault,Renault KWID1.0 RXL,2018,"80,000kms",Petrol,Manual,₹1.87 Lakh,gurgaon
Hyundai,Hyundai Grand i10 NiosAMT Sportz,2021,"13,500kms",Petrol,Automatic,₹5.40 Lakh,gurgaon
Hyundai,Hyundai Grand i10Sportz,2015,"78,647kms",Petrol,Manual,₹3.45 Lakh,gurgaon
Maruti,Maruti Swift DzireVXI,2013,"68,000kms",Petrol,Manual,₹1.90 Lakh,gurgaon
Chevrolet,Chevrolet BeatLS,2011,"1,50,000kms",Petrol,Manual,"₹75,000",gurgaon
Maruti,Maruti Wagon RLXI BS IV,2015,"80,000kms",Petrol,Manual,₹1.90 Lakh,gurgaon
Land Rover,Land Rover Range Rover Evoque2.0 TD4 SE,2019,"75,000kms",Diesel,Automatic,₹18 Lakh,gurgaon
Hyundai,Hyundai EONSportz,2012,"85,000kms",Petrol,Manual,₹1.15 Lakh,gurgaon
Maruti,Maruti SwiftLXI BSIV,2016,"1,30,000kms",Petrol,Manual,₹3 Lakh,gurgaon
Maruti,Maruti Wagon RLXI CNG,2013,"1,20,000kms",CNG,Manual,₹1.80 Lakh,gurgaon
Hyundai,Hyundai Grand i10Asta,2015,"38,000kms",Petrol,Manual,₹2.90 Lakh,gurgaon
Hyundai,Hyundai EONMagna Plus,2018,"50,000kms",Petrol,Manual,₹2.59 Lakh,gurgaon
Hyundai,Hyundai Verna1.6 VTVT SX,2015,"66,500kms",Petrol,Manual,₹5.45 Lakh,gurgaon
Volkswagen,Volkswagen VirtusComfortline BSVI,2022,"68,622kms",Petrol,Manual,₹8.45 Lakh,gurgaon
Hyundai,Hyundai Grand i10Magna,2015,"51,139kms",Petrol,Manual,₹3.95 Lakh,gurgaon
Volkswagen,Volkswagen Polo1.2 MPI Comfortline,2014,"70,000kms",Petrol,Manual,₹3.50 Lakh,gurgaon
Maruti,Maruti Swift DzireVXI,2015,"41,000kms",Petrol,Manual,₹3 Lakh,gurgaon
Hyundai,Hyundai Santro XingGLS LPG,2011,"1,12,000kms",LPG,Manual,"₹75,000",gurgaon
Toyota,Toyota EtiosV,2015,"79,000kms",Petrol,Manual,₹4 Lakh,gurgaon
Maruti,Maruti SX4Green Vxi (CNG),2011,"1,10,000kms",CNG,Manual,₹1.65 Lakh,gurgaon
Renault,Renault KWID1.0 RXL,2018,"80,000kms",Petrol,Manual,₹1.87 Lakh,gurgaon
Hyundai,Hyundai Grand i10 NiosAMT Sportz,2021,"13,500kms",Petrol,Automatic,₹5.40 Lakh,gurgaon
Hyundai,Hyundai Grand i10Sportz,2015,"78,647kms",Petrol,Manual,₹3.45 Lakh,gurgaon
Maruti,Maruti Swift DzireVXI,2013,"68,000kms",Petrol,Manual,₹1.90 Lakh,gurgaon
Chevrolet,Chevrolet BeatLS,2011,"1,50,000kms",Petrol,Manual,"₹75,000",gurgaon
Maruti,Maruti Wagon RLXI BS IV,2015,"80,000kms",Petrol,Manual,₹1.90 Lakh,gurgaon
Land Rover,Land Rover Range Rover Evoque2.0 TD4 SE,2019,"75,000kms",Diesel,Automatic,₹18 Lakh,gurgaon
Hyundai,Hyundai EONSportz,2012,"85,000kms",Petrol,Manual,₹1.15 Lakh,gurgaon
Maruti,Maruti SwiftLXI BSIV,2016,"1,30,000kms",Petrol,Manual,₹3 Lakh,gurgaon
Maruti,Maruti Wagon RLXI CNG,2013,"1,20,000kms",CNG,Manual,₹1.80 Lakh,gurgaon
Renault,Renault KWID1.0 RXT Opt,2021,"43,000kms",Petrol,Manual,₹2.70 Lakh,gurgaon
Honda,Honda Cityi VTEC VX Option,2016,"50,680kms",Petrol,Manual,₹5.25 Lakh,gurgaon
Volkswagen,Volkswagen Polo1.2 MPI Highline,2015,"28,587kms",Petrol,Manual,₹3.75 Lakh,gurgaon
Hyundai,Hyundai VenueSX Plus Turbo DCT BSIV,2019,"36,500kms",Petrol,Automatic,₹8.45 Lakh,gurgaon
Maruti,Maruti S CrossSigma DDiS 200 SH,2018,"1,50,000kms",Diesel,Manual,₹4 Lakh,gurgaon
Honda,Honda Amaze 2nd GenVX BSVI,2022,"40,000kms",Petrol,Manual,₹5.70 Lakh,gurgaon
Tata,Tata Nexon EVXZ Plus Lux,2023,"79,000kms",Electric,Automatic,₹7.85 Lakh,gurgaon
Honda,Honda Cityi VTEC VX,2014,"1,60,000kms",Petrol,Manual,₹4.10 Lakh,gurgaon
Maruti,Maruti CelerioVXI CNG BSIV,2017,"95,000kms",CNG,Manual,₹2.50 Lakh,gurgaon
BMW,BMW X1sDrive20i SportX,2021,"50,000kms",Petrol,Automatic,₹24 Lakh,gurgaon
Maruti,Maruti Vitara BrezzaVDi Option,2017,"87,000kms",Diesel,Manual,₹4.80 Lakh,gurgaon
Toyota,Toyota Etios1.4 VXD,2017,"1,20,000kms",Diesel,Manual,₹4 Lakh,gurgaon
Tata,Tata Nexon1.2 Revotron XM,2020,"26,000kms",Petrol,Manual,₹5.50 Lakh,gurgaon
Renault,Renault KigerRXZ,2022,"80,000kms",Petrol,Manual,₹4.75 Lakh,gurgaon
Maruti,Maruti Wagon RVXI,2018,"1,13,879kms",Petrol,Manual,₹2.65 Lakh,gurgaon
Honda,Honda Cityi VTEC VX,2017,"70,000kms",Petrol,Manual,₹6.20 Lakh,gurgaon
Honda,Honda AmazeS Petrol,2020,"60,000kms",Petrol,Manual,₹4.60 Lakh,gurgaon
Maruti,Maruti CiazDelta Diesel,2019,"1,41,000kms",Diesel,Automatic,₹5 Lakh,gurgaon
Ford,Ford Ecosport1.5 Petrol Trend Plus AT BSIV,2018,"61,930kms",Petrol,Automatic,₹5.95 Lakh,gurgaon
Ford,Ford Endeavour3.2 Titanium AT 4X4,2016,"1,33,735kms",Diesel,Automatic,₹15.75 Lakh,gurgaon
Renault,Renault KWID1.0 RXT Opt,2021,"43,000kms",Petrol,Manual,₹2.70 Lakh,gurgaon
Honda,Honda Cityi VTEC VX Option,2016,"50,680kms",Petrol,Manual,₹5.25 Lakh,gurgaon
Volkswagen,Volkswagen Polo1.2 MPI Highline,2015,"28,587kms",Petrol,Manual,₹3.75 Lakh,gurgaon
Hyundai,Hyundai VenueSX Plus Turbo DCT BSIV,2019,"36,500kms",Petrol,Automatic,₹8.45 Lakh,gurgaon
Maruti,Maruti S CrossSigma DDiS 200 SH,2018,"1,50,000kms",Diesel,Manual,₹4 Lakh,gurgaon
Honda,Honda Amaze 2nd GenVX BSVI,2022,"40,000kms",Petrol,Manual,₹5.70 Lakh,gurgaon
Tata,Tata Nexon EVXZ Plus Lux,2023,"79,000kms",Electric,Automatic,₹7.85 Lakh,gurgaon
Honda,Honda Cityi VTEC VX,2014,"1,60,000kms",Petrol,Manual,₹4.10 Lakh,gurgaon
Maruti,Maruti CelerioVXI CNG BSIV,2017,"95,000kms",CNG,Manual,₹2.50 Lakh,gurgaon
BMW,BMW X1sDrive20i SportX,2021,"50,000kms",Petrol,Automatic,₹24 Lakh,gurgaon
Maruti,Maruti Vitara BrezzaVDi Option,2017,"87,000kms",Diesel,Manual,₹4.80 Lakh,gurgaon
Toyota,Toyota Etios1.4 VXD,2017,"1,20,000kms",Diesel,Manual,₹4 Lakh,gurgaon
Tata,Tata Nexon1.2 Revotron XM,2020,"26,000kms",Petrol,Manual,₹5.50 Lakh,gurgaon
Renault,Renault KigerRXZ,2022,"80,000kms",Petrol,Manual,₹4.75 Lakh,gurgaon
Maruti,Maruti Wagon RVXI,2018,"1,13,879kms",Petrol,Manual,₹2.65 Lakh,gurgaon
Honda,Honda Cityi VTEC VX,2017,"70,000kms",Petrol,Manual,₹6.20 Lakh,gurgaon
Honda,Honda AmazeS Petrol,2020,"60,000kms",Petrol,Manual,₹4.60 Lakh,gurgaon
Maruti,Maruti CiazDelta Diesel,2019,"1,41,000kms",Diesel,Automatic,₹5 Lakh,gurgaon
Ford,Ford Ecosport1.5 Petrol Trend Plus AT BSIV,2018,"61,930kms",Petrol,Automatic,₹5.95 Lakh,gurgaon
Ford,Ford Endeavour3.2 Titanium AT 4X4,2016,"1,33,735kms",Diesel,Automatic,₹15.75 Lakh,gurgaon
Chevrolet,Chevrolet BeatLS,2015,"1,20,000kms",Petrol,Manual,₹1.12 Lakh,gurgaon
BMW,BMW X1sDrive20i xLine,2019,"70,000kms",Petrol,Automatic,₹19.70 Lakh,gurgaon
Mahindra,Mahindra XUV 3XOAX5,2024,"14,700kms",Petrol,Manual,₹10.50 Lakh,gurgaon
Mahindra,Mahindra TharLX Hard Top,2023,"15,000kms",Petrol,Manual,₹11.99 Lakh,gurgaon
Honda,Honda CityV AT,2011,"81,000kms",Petrol,Automatic,₹2.15 Lakh,gurgaon
BMW,BMW X1sDrive20i SportX,2021,"50,000kms",Petrol,Automatic,₹24 Lakh,gurgaon
Maruti,Maruti Vitara BrezzaVDi Option,2017,"87,000kms",Diesel,Manual,₹4.80 Lakh,gurgaon
Toyota,Toyota Etios1.4 VXD,2017,"1,20,000kms",Diesel,Manual,₹4 Lakh,gurgaon
Tata,Tata Nexon1.2 Revotron XM,2020,"26,000kms",Petrol,Manual,₹5.50 Lakh,gurgaon
Renault,Renault KigerRXZ,2022,"80,000kms",Petrol,Manual,₹4.75 Lakh,gurgaon
Maruti,Maruti Wagon RVXI,2018,"1,13,879kms",Petrol,Manual,₹2.65 Lakh,gurgaon
Honda,Honda Cityi VTEC VX,2017,"70,000kms",Petrol,Manual,₹6.20 Lakh,gurgaon
Honda,Honda AmazeS Petrol,2020,"60,000kms",Petrol,Manual,₹4.60 Lakh,gurgaon
Maruti,Maruti CiazDelta Diesel,2019,"1,41,000kms",Diesel,Automatic,₹5 Lakh,gurgaon
Ford,Ford Ecosport1.5 Petrol Trend Plus AT BSIV,2018,"61,930kms",Petrol,Automatic,₹5.95 Lakh,gurgaon
Ford,Ford Endeavour3.2 Titanium AT 4X4,2016,"1,33,735kms",Diesel,Automatic,₹15.75 Lakh,gurgaon
Volkswagen,Volkswagen Taigun1.0 Highline AT,2026,"10,000kms",Petrol,Automatic,₹13.30 Lakh,gurgaon
Maruti,Maruti Swift DzireVXI,2013,"50,000kms",Petrol,Manual,₹3 Lakh,gurgaon
Hyundai,Hyundai Grand i10 NiosSportz,2023,"15,500kms",Petrol,Manual,₹6.49 Lakh,gurgaon
Hyundai,Hyundai i10Era,2010,"90,000kms",Petrol,Manual,"₹83,000",gurgaon
Hyundai,Hyundai Grand i10Asta,2015,"38,000kms",Petrol,Manual,₹2.90 Lakh,gurgaon
Hyundai,Hyundai EONMagna Plus,2018,"50,000kms",Petrol,Manual,₹2.59 Lakh,gurgaon
Hyundai,Hyundai Verna1.6 VTVT SX,2015,"66,500kms",Petrol,Manual,₹5.45 Lakh,gurgaon
Volkswagen,Volkswagen VirtusComfortline BSVI,2022,"68,622kms",Petrol,Manual,₹8.45 Lakh,gurgaon
Hyundai,Hyundai Grand i10Magna,2015,"51,139kms",Petrol,Manual,₹3.95 Lakh,gurgaon
Volkswagen,Volkswagen Polo1.2 MPI Comfortline,2014,"70,000kms",Petrol,Manual,₹3.50 Lakh,gurgaon
Maruti,Maruti Swift DzireVXI,2015,"41,000kms",Petrol,Manual,₹3 Lakh,gurgaon
Hyundai,Hyundai Santro XingGLS LPG,2011,"1,12,000kms",LPG,Manual,"₹75,000",gurgaon
Toyota,Toyota EtiosV,2015,"79,000kms",Petrol,Manual,₹4 Lakh,gurgaon
Maruti,Maruti SX4Green Vxi (CNG),2011,"1,10,000kms",CNG,Manual,₹1.65 Lakh,gurgaon
Renault,Renault KWID1.0 RXL,2018,"80,000kms",Petrol,Manual,₹1.87 Lakh,gurgaon
Hyundai,Hyundai Grand i10 NiosAMT Sportz,2021,"13,500kms",Petrol,Automatic,₹5.40 Lakh,gurgaon
Hyundai,Hyundai Grand i10Sportz,2015,"78,647kms",Petrol,Manual,₹3.45 Lakh,gurgaon
Maruti,Maruti Swift DzireVXI,2013,"68,000kms",Petrol,Manual,₹1.90 Lakh,gurgaon
Chevrolet,Chevrolet BeatLS,2011,"1,50,000kms",Petrol,Manual,"₹75,000",gurgaon
Maruti,Maruti Wagon RLXI BS IV,2015,"80,000kms",Petrol,Manual,₹1.90 Lakh,gurgaon
Land Rover,Land Rover Range Rover Evoque2.0 TD4 SE,2019,"75,000kms",Diesel,Automatic,₹18 Lakh,gurgaon
Hyundai,Hyundai EONSportz,2012,"85,000kms",Petrol,Manual,₹1.15 Lakh,gurgaon
Maruti,Maruti SwiftLXI BSIV,2016,"1,30,000kms",Petrol,Manual,₹3 Lakh,gurgaon
Maruti,Maruti Wagon RLXI CNG,2013,"1,20,000kms",CNG,Manual,₹1.80 Lakh,gurgaon
Renault,Renault KWID1.0 RXT Opt,2021,"43,000kms",Petrol,Manual,₹2.70 Lakh,gurgaon
Honda,Honda Cityi VTEC VX Option,2016,"50,680kms",Petrol,Manual,₹5.25 Lakh,gurgaon
Volkswagen,Volkswagen Polo1.2 MPI Highline,2015,"28,587kms",Petrol,Manual,₹3.75 Lakh,gurgaon
Hyundai,Hyundai VenueSX Plus Turbo DCT BSIV,2019,"36,500kms",Petrol,Automatic,₹8.45 Lakh,gurgaon
Maruti,Maruti S CrossSigma DDiS 200 SH,2018,"1,50,000kms",Diesel,Manual,₹4 Lakh,gurgaon
Honda,Honda Amaze 2nd GenVX BSVI,2022,"40,000kms",Petrol,Manual,₹5.70 Lakh,gurgaon
Tata,Tata Nexon EVXZ Plus Lux,2023,"79,000kms",Electric,Automatic,₹7.85 Lakh,gurgaon
Honda,Honda Cityi VTEC VX,2014,"1,60,000kms",Petrol,Manual,₹4.10 Lakh,gurgaon
Maruti,Maruti CelerioVXI CNG BSIV,2017,"95,000kms",CNG,Manual,₹2.50 Lakh,gurgaon
BMW,BMW X1sDrive20i SportX,2021,"50,000kms",Petrol,Automatic,₹24 Lakh,gurgaon
Maruti,Maruti Vitara BrezzaVDi Option,2017,"87,000kms",Diesel,Manual,₹4.80 Lakh,gurgaon
Toyota,Toyota Etios1.4 VXD,2017,"1,20,000kms",Diesel,Manual,₹4 Lakh,gurgaon
Tata,Tata Nexon1.2 Revotron XM,2020,"26,000kms",Petrol,Manual,₹5.50 Lakh,gurgaon
Renault,Renault KigerRXZ,2022,"80,000kms",Petrol,Manual,₹4.75 Lakh,gurgaon
Maruti,Maruti Wagon RVXI,2018,"1,13,879kms",Petrol,Manual,₹2.65 Lakh,gurgaon
Honda,Honda Cityi VTEC VX,2017,"70,000kms",Petrol,Manual,₹6.20 Lakh,gurgaon
Honda,Honda AmazeS Petrol,2020,"60,000kms",Petrol,Manual,₹4.60 Lakh,gurgaon
Maruti,Maruti CiazDelta Diesel,2019,"1,41,000kms",Diesel,Automatic,₹5 Lakh,gurgaon
Ford,Ford Ecosport1.5 Petrol Trend Plus AT BSIV,2018,"61,930kms",Petrol,Automatic,₹5.95 Lakh,gurgaon
Ford,Ford Endeavour3.2 Titanium AT 4X4,2016,"1,33,735kms",Diesel,Automatic,₹15.75 Lakh,gurgaon
Renault,Renault KWID1.0 RXT Opt,2021,"43,000kms",Petrol,Manual,₹2.70 Lakh,gurgaon
Honda,Honda Cityi VTEC VX Option,2016,"50,680kms",Petrol,Manual,₹5.25 Lakh,gurgaon
Volkswagen,Volkswagen Polo1.2 MPI Highline,2015,"28,587kms",Petrol,Manual,₹3.75 Lakh,gurgaon
Hyundai,Hyundai VenueSX Plus Turbo DCT BSIV,2019,"36,500kms",Petrol,Automatic,₹8.45 Lakh,gurgaon
Maruti,Maruti S CrossSigma DDiS 200 SH,2018,"1,50,000kms",Diesel,Manual,₹4 Lakh,gurgaon
Honda,Honda Amaze 2nd GenVX BSVI,2022,"40,000kms",Petrol,Manual,₹5.70 Lakh,gurgaon
Tata,Tata Nexon EVXZ Plus Lux,2023,"79,000kms",Electric,Automatic,₹7.85 Lakh,gurgaon
Honda,Honda Cityi VTEC VX,2014,"1,60,000kms",Petrol,Manual,₹4.10 Lakh,gurgaon
Maruti,Maruti CelerioVXI CNG BSIV,2017,"95,000kms",CNG,Manual,₹2.50 Lakh,gurgaon
BMW,BMW X1sDrive20i SportX,2021,"50,000kms",Petrol,Automatic,₹24 Lakh,gurgaon
Maruti,Maruti Vitara BrezzaVDi Option,2017,"87,000kms",Diesel,Manual,₹4.80 Lakh,gurgaon
Toyota,Toyota Etios1.4 VXD,2017,"1,20,000kms",Diesel,Manual,₹4 Lakh,gurgaon
Tata,Tata Nexon1.2 Revotron XM,2020,"26,000kms",Petrol,Manual,₹5.50 Lakh,gurgaon
Renault,Renault KigerRXZ,2022,"80,000kms",Petrol,Manual,₹4.75 Lakh,gurgaon
Maruti,Maruti Wagon RVXI,2018,"1,13,879kms",Petrol,Manual,₹2.65 Lakh,gurgaon
Honda,Honda Cityi VTEC VX,2017,"70,000kms",Petrol,Manual,₹6.20 Lakh,gurgaon
Honda,Honda AmazeS Petrol,2020,"60,000kms",Petrol,Manual,₹4.60 Lakh,gurgaon
Maruti,Maruti CiazDelta Diesel,2019,"1,41,000kms",Diesel,Automatic,₹5 Lakh,gurgaon
Ford,Ford Ecosport1.5 Petrol Trend Plus AT BSIV,2018,"61,930kms",Petrol,Automatic,₹5.95 Lakh,gurgaon
Ford,Ford Endeavour3.2 Titanium AT 4X4,2016,"1,33,735kms",Diesel,Automatic,₹15.75 Lakh,gurgaon
Chevrolet,Chevrolet BeatLS,2015,"1,20,000kms",Petrol,Manual,₹1.12 Lakh,gurgaon
BMW,BMW X1sDrive20i xLine,2019,"70,000kms",Petrol,Automatic,₹19.70 Lakh,gurgaon
Mahindra,Mahindra XUV 3XOAX5,2024,"14,700kms",Petrol,Manual,₹10.50 Lakh,gurgaon
Mahindra,Mahindra TharLX Hard Top,2023,"15,000kms",Petrol,Manual,₹11.99 Lakh,gurgaon
Honda,Honda CityV AT,2011,"81,000kms",Petrol,Automatic,₹2.15 Lakh,gurgaon
BMW,BMW X1sDrive20i SportX,2021,"50,000kms",Petrol,Automatic,₹24 Lakh,gurgaon
Maruti,Maruti Vitara BrezzaVDi Option,2017,"87,000kms",Diesel,Manual,₹4.80 Lakh,gurgaon
Toyota,Toyota Etios1.4 VXD,2017,"1,20,000kms",Diesel,Manual,₹4 Lakh,gurgaon
Tata,Tata Nexon1.2 Revotron XM,2020,"26,000kms",Petrol,Manual,₹5.50 Lakh,gurgaon
Renault,Renault KigerRXZ,2022,"80,000kms",Petrol,Manual,₹4.75 Lakh,gurgaon
Maruti,Maruti Wagon RVXI,2018,"1,13,879kms",Petrol,Manual,₹2.65 Lakh,gurgaon
Honda,Honda Cityi VTEC VX,2017,"70,000kms",Petrol,Manual,₹6.20 Lakh,gurgaon
Honda,Honda AmazeS Petrol,2020,"60,000kms",Petrol,Manual,₹4.60 Lakh,gurgaon
Maruti,Maruti CiazDelta Diesel,2019,"1,41,000kms",Diesel,Automatic,₹5 Lakh,gurgaon
Ford,Ford Ecosport1.5 Petrol Trend Plus AT BSIV,2018,"61,930kms",Petrol,Automatic,₹5.95 Lakh,gurgaon
Ford,Ford Endeavour3.2 Titanium AT 4X4,2016,"1,33,735kms",Diesel,Automatic,₹15.75 Lakh,gurgaon
Volkswagen,Volkswagen Taigun1.0 Highline AT,2026,"10,000kms",Petrol,Automatic,₹13.30 Lakh,gurgaon
Maruti,Maruti Swift DzireVXI,2013,"50,000kms",Petrol,Manual,₹3 Lakh,gurgaon
Hyundai,Hyundai Grand i10 NiosSportz,2023,"15,500kms",Petrol,Manual,₹6.49 Lakh,gurgaon
Hyundai,Hyundai i10Era,2010,"90,000kms",Petrol,Manual,"₹83,000",gurgaon
Chevrolet,Chevrolet BeatLS,2015,"1,20,000kms",Petrol,Manual,₹1.12 Lakh,gurgaon
BMW,BMW X1sDrive20i xLine,2019,"70,000kms",Petrol,Automatic,₹19.70 Lakh,gurgaon
Mahindra,Mahindra XUV 3XOAX5,2024,"14,700kms",Petrol,Manual,₹10.50 Lakh,gurgaon
Mahindra,Mahindra TharLX Hard Top,2023,"15,000kms",Petrol,Manual,₹11.99 Lakh,gurgaon
Honda,Honda CityV AT,2011,"81,000kms",Petrol,Automatic,₹2.15 Lakh,gurgaon
BMW,BMW X1sDrive20i SportX,2021,"50,000kms",Petrol,Automatic,₹24 Lakh,gurgaon
Maruti,Maruti Vitara BrezzaVDi Option,2017,"87,000kms",Diesel,Manual,₹4.80 Lakh,gurgaon
Toyota,Toyota Etios1.4 VXD,2017,"1,20,000kms",Diesel,Manual,₹4 Lakh,gurgaon
Tata,Tata Nexon1.2 Revotron XM,2020,"26,000kms",Petrol,Manual,₹5.50 Lakh,gurgaon
Renault,Renault KigerRXZ,2022,"80,000kms",Petrol,Manual,₹4.75 Lakh,gurgaon
Maruti,Maruti Wagon RVXI,2018,"1,13,879kms",Petrol,Manual,₹2.65 Lakh,gurgaon
Honda,Honda Cityi VTEC VX,2017,"70,000kms",Petrol,Manual,₹6.20 Lakh,gurgaon
Honda,Honda AmazeS Petrol,2020,"60,000kms",Petrol,Manual,₹4.60 Lakh,gurgaon
Maruti,Maruti CiazDelta Diesel,2019,"1,41,000kms",Diesel,Automatic,₹5 Lakh,gurgaon
Ford,Ford Ecosport1.5 Petrol Trend Plus AT BSIV,2018,"61,930kms",Petrol,Automatic,₹5.95 Lakh,gurgaon
Ford,Ford Endeavour3.2 Titanium AT 4X4,2016,"1,33,735kms",Diesel,Automatic,₹15.75 Lakh,gurgaon
Volkswagen,Volkswagen Taigun1.0 Highline AT,2026,"10,000kms",Petrol,Automatic,₹13.30 Lakh,gurgaon
Maruti,Maruti Swift DzireVXI,2013,"50,000kms",Petrol,Manual,₹3 Lakh,gurgaon
Hyundai,Hyundai Grand i10 NiosSportz,2023,"15,500kms",Petrol,Manual,₹6.49 Lakh,gurgaon
Hyundai,Hyundai i10Era,2010,"90,000kms",Petrol,Manual,"₹83,000",gurgaon
Chevrolet,Chevrolet BeatLS,2015,"1,20,000kms",Petrol,Manual,₹1.12 Lakh,gurgaon
BMW,BMW X1sDrive20i xLine,2019,"70,000kms",Petrol,Automatic,₹19.70 Lakh,gurgaon
Mahindra,Mahindra XUV 3XOAX5,2024,"14,700kms",Petrol,Manual,₹10.50 Lakh,gurgaon
Mahindra,Mahindra TharLX Hard Top,2023,"15,000kms",Petrol,Manual,₹11.99 Lakh,gurgaon
Honda,Honda CityV AT,2011,"81,000kms",Petrol,Automatic,₹2.15 Lakh,gurgaon
BMW,BMW X1sDrive20i SportX,2021,"50,000kms",Petrol,Automatic,₹24 Lakh,gurgaon
Maruti,Maruti Vitara BrezzaVDi Option,2017,"87,000kms",Diesel,Manual,₹4.80 Lakh,gurgaon
Toyota,Toyota Etios1.4 VXD,2017,"1,20,000kms",Diesel,Manual,₹4 Lakh,gurgaon
Tata,Tata Nexon1.2 Revotron XM,2020,"26,000kms",Petrol,Manual,₹5.50 Lakh,gurgaon
Renault,Renault KigerRXZ,2022,"80,000kms",Petrol,Manual,₹4.75 Lakh,gurgaon
Maruti,Maruti Wagon RVXI,2018,"1,13,879kms",Petrol,Manual,₹2.65 Lakh,gurgaon
Honda,Honda Cityi VTEC VX,2017,"70,000kms",Petrol,Manual,₹6.20 Lakh,gurgaon
Honda,Honda AmazeS Petrol,2020,"60,000kms",Petrol,Manual,₹4.60 Lakh,gurgaon
Maruti,Maruti CiazDelta Diesel,2019,"1,41,000kms",Diesel,Automatic,₹5 Lakh,gurgaon
Ford,Ford Ecosport1.5 Petrol Trend Plus AT BSIV,2018,"61,930kms",Petrol,Automatic,₹5.95 Lakh,gurgaon
Ford,Ford Endeavour3.2 Titanium AT 4X4,2016,"1,33,735kms",Diesel,Automatic,₹15.75 Lakh,gurgaon
Volkswagen,Volkswagen Taigun1.0 Highline AT,2026,"10,000kms",Petrol,Automatic,₹13.30 Lakh,gurgaon
Maruti,Maruti Swift DzireVXI,2013,"50,000kms",Petrol,Manual,₹3 Lakh,gurgaon
Hyundai,Hyundai Grand i10 NiosSportz,2023,"15,500kms",Petrol,Manual,₹6.49 Lakh,gurgaon
Hyundai,Hyundai i10Era,2010,"90,000kms",Petrol,Manual,"₹83,000",gurgaon
Hyundai,Hyundai Grand i10Asta,2015,"38,000kms",Petrol,Manual,₹2.90 Lakh,gurgaon
Hyundai,Hyundai EONMagna Plus,2018,"50,000kms",Petrol,Manual,₹2.59 Lakh,gurgaon
Hyundai,Hyundai Verna1.6 VTVT SX,2015,"66,500kms",Petrol,Manual,₹5.45 Lakh,gurgaon
Volkswagen,Volkswagen VirtusComfortline BSVI,2022,"68,622kms",Petrol,Manual,₹8.45 Lakh,gurgaon
Hyundai,Hyundai Grand i10Magna,2015,"51,139kms",Petrol,Manual,₹3.95 Lakh,gurgaon
Volkswagen,Volkswagen Polo1.2 MPI Comfortline,2014,"70,000kms",Petrol,Manual,₹3.50 Lakh,gurgaon
Maruti,Maruti Swift DzireVXI,2015,"41,000kms",Petrol,Manual,₹3 Lakh,gurgaon
Hyundai,Hyundai Santro XingGLS LPG,2011,"1,12,000kms",LPG,Manual,"₹75,000",gurgaon
Toyota,Toyota EtiosV,2015,"79,000kms",Petrol,Manual,₹4 Lakh,gurgaon
Maruti,Maruti SX4Green Vxi (CNG),2011,"1,10,000kms",CNG,Manual,₹1.65 Lakh,gurgaon
Renault,Renault KWID1.0 RXL,2018,"80,000kms",Petrol,Manual,₹1.87 Lakh,gurgaon
Hyundai,Hyundai Grand i10 NiosAMT Sportz,2021,"13,500kms",Petrol,Automatic,₹5.40 Lakh,gurgaon
Hyundai,Hyundai Grand i10Sportz,2015,"78,647kms",Petrol,Manual,₹3.45 Lakh,gurgaon
Maruti,Maruti Swift DzireVXI,2013,"68,000kms",Petrol,Manual,₹1.90 Lakh,gurgaon
Chevrolet,Chevrolet BeatLS,2011,"1,50,000kms",Petrol,Manual,"₹75,000",gurgaon
Maruti,Maruti Wagon RLXI BS IV,2015,"80,000kms",Petrol,Manual,₹1.90 Lakh,gurgaon
Land Rover,Land Rover Range Rover Evoque2.0 TD4 SE,2019,"75,000kms",Diesel,Automatic,₹18 Lakh,gurgaon
Hyundai,Hyundai EONSportz,2012,"85,000kms",Petrol,Manual,₹1.15 Lakh,gurgaon
Maruti,Maruti SwiftLXI BSIV,2016,"1,30,000kms",Petrol,Manual,₹3 Lakh,gurgaon
Maruti,Maruti Wagon RLXI CNG,2013,"1,20,000kms",CNG,Manual,₹1.80 Lakh,gurgaon
Hyundai,Hyundai Grand i10Asta,2015,"38,000kms",Petrol,Manual,₹2.90 Lakh,gurgaon
Hyundai,Hyundai EONMagna Plus,2018,"50,000kms",Petrol,Manual,₹2.59 Lakh,gurgaon
Hyundai,Hyundai Verna1.6 VTVT SX,2015,"66,500kms",Petrol,Manual,₹5.45 Lakh,gurgaon
Volkswagen,Volkswagen VirtusComfortline BSVI,2022,"68,622kms",Petrol,Manual,₹8.45 Lakh,gurgaon
Hyundai,Hyundai Grand i10Magna,2015,"51,139kms",Petrol,Manual,₹3.95 Lakh,gurgaon
Volkswagen,Volkswagen Polo1.2 MPI Comfortline,2014,"70,000kms",Petrol,Manual,₹3.50 Lakh,gurgaon
Maruti,Maruti Swift DzireVXI,2015,"41,000kms",Petrol,Manual,₹3 Lakh,gurgaon
Hyundai,Hyundai Santro XingGLS LPG,2011,"1,12,000kms",LPG,Manual,"₹75,000",gurgaon
Toyota,Toyota EtiosV,2015,"79,000kms",Petrol,Manual,₹4 Lakh,gurgaon
Maruti,Maruti SX4Green Vxi (CNG),2011,"1,10,000kms",CNG,Manual,₹1.65 Lakh,gurgaon
Renault,Renault KWID1.0 RXL,2018,"80,000kms",Petrol,Manual,₹1.87 Lakh,gurgaon
Hyundai,Hyundai Grand i10 NiosAMT Sportz,2021,"13,500kms",Petrol,Automatic,₹5.40 Lakh,gurgaon
Hyundai,Hyundai Grand i10Sportz,2015,"78,647kms",Petrol,Manual,₹3.45 Lakh,gurgaon
Maruti,Maruti Swift DzireVXI,2013,"68,000kms",Petrol,Manual,₹1.90 Lakh,gurgaon
Chevrolet,Chevrolet BeatLS,2011,"1,50,000kms",Petrol,Manual,"₹75,000",gurgaon
Maruti,Maruti Wagon RLXI BS IV,2015,"80,000kms",Petrol,Manual,₹1.90 Lakh,gurgaon
Land Rover,Land Rover Range Rover Evoque2.0 TD4 SE,2019,"75,000kms",Diesel,Automatic,₹18 Lakh,gurgaon
Hyundai,Hyundai EONSportz,2012,"85,000kms",Petrol,Manual,₹1.15 Lakh,gurgaon
Maruti,Maruti SwiftLXI BSIV,2016,"1,30,000kms",Petrol,Manual,₹3 Lakh,gurgaon
Maruti,Maruti Wagon RLXI CNG,2013,"1,20,000kms",CNG,Manual,₹1.80 Lakh,gurgaon
Chevrolet,Chevrolet BeatLS,2015,"1,20,000kms",Petrol,Manual,₹1.12 Lakh,gurgaon
BMW,BMW X1sDrive20i xLine,2019,"70,000kms",Petrol,Automatic,₹19.70 Lakh,gurgaon
Mahindra,Mahindra XUV 3XOAX5,2024,"14,700kms",Petrol,Manual,₹10.50 Lakh,gurgaon
Mahindra,Mahindra TharLX Hard Top,2023,"15,000kms",Petrol,Manual,₹11.99 Lakh,gurgaon
Honda,Honda CityV AT,2011,"81,000kms",Petrol,Automatic,₹2.15 Lakh,gurgaon
BMW,BMW X1sDrive20i SportX,2021,"50,000kms",Petrol,Automatic,₹24 Lakh,gurgaon
Maruti,Maruti Vitara BrezzaVDi Option,2017,"87,000kms",Diesel,Manual,₹4.80 Lakh,gurgaon
Toyota,Toyota Etios1.4 VXD,2017,"1,20,000kms",Diesel,Manual,₹4 Lakh,gurgaon
Tata,Tata Nexon1.2 Revotron XM,2020,"26,000kms",Petrol,Manual,₹5.50 Lakh,gurgaon
Renault,Renault KigerRXZ,2022,"80,000kms",Petrol,Manual,₹4.75 Lakh,gurgaon
Maruti,Maruti Wagon RVXI,2018,"1,13,879kms",Petrol,Manual,₹2.65 Lakh,gurgaon
Honda,Honda Cityi VTEC VX,2017,"70,000kms",Petrol,Manual,₹6.20 Lakh,gurgaon
Honda,Honda AmazeS Petrol,2020,"60,000kms",Petrol,Manual,₹4.60 Lakh,gurgaon
Maruti,Maruti CiazDelta Diesel,2019,"1,41,000kms",Diesel,Automatic,₹5 Lakh,gurgaon
Ford,Ford Ecosport1.5 Petrol Trend Plus AT BSIV,2018,"61,930kms",Petrol,Automatic,₹5.95 Lakh,gurgaon
Ford,Ford Endeavour3.2 Titanium AT 4X4,2016,"1,33,735kms",Diesel,Automatic,₹15.75 Lakh,gurgaon
Volkswagen,Volkswagen Taigun1.0 Highline AT,2026,"10,000kms",Petrol,Automatic,₹13.30 Lakh,gurgaon
Maruti,Maruti Swift DzireVXI,2013,"50,000kms",Petrol,Manual,₹3 Lakh,gurgaon
Hyundai,Hyundai Grand i10 NiosSportz,2023,"15,500kms",Petrol,Manual,₹6.49 Lakh,gurgaon
Hyundai,Hyundai i10Era,2010,"90,000kms",Petrol,Manual,"₹83,000",gurgaon
Hyundai,Hyundai Grand i10Asta,2015,"38,000kms",Petrol,Manual,₹2.90 Lakh,gurgaon
Hyundai,Hyundai EONMagna Plus,2018,"50,000kms",Petrol,Manual,₹2.59 Lakh,gurgaon
Hyundai,Hyundai Verna1.6 VTVT SX,2015,"66,500kms",Petrol,Manual,₹5.45 Lakh,gurgaon
Volkswagen,Volkswagen VirtusComfortline BSVI,2022,"68,622kms",Petrol,Manual,₹8.45 Lakh,gurgaon
Hyundai,Hyundai Grand i10Magna,2015,"51,139kms",Petrol,Manual,₹3.95 Lakh,gurgaon
Volkswagen,Volkswagen Polo1.2 MPI Comfortline,2014,"70,000kms",Petrol,Manual,₹3.50 Lakh,gurgaon
Maruti,Maruti Swift DzireVXI,2015,"41,000kms",Petrol,Manual,₹3 Lakh,gurgaon
Hyundai,Hyundai Santro XingGLS LPG,2011,"1,12,000kms",LPG,Manual,"₹75,000",gurgaon
Toyota,Toyota EtiosV,2015,"79,000kms",Petrol,Manual,₹4 Lakh,gurgaon
Maruti,Maruti SX4Green Vxi (CNG),2011,"1,10,000kms",CNG,Manual,₹1.65 Lakh,gurgaon
Renault,Renault KWID1.0 RXL,2018,"80,000kms",Petrol,Manual,₹1.87 Lakh,gurgaon
Hyundai,Hyundai Grand i10 NiosAMT Sportz,2021,"13,500kms",Petrol,Automatic,₹5.40 Lakh,gurgaon
Hyundai,Hyundai Grand i10Sportz,2015,"78,647kms",Petrol,Manual,₹3.45 Lakh,gurgaon
Maruti,Maruti Swift DzireVXI,2013,"68,000kms",Petrol,Manual,₹1.90 Lakh,gurgaon
Chevrolet,Chevrolet BeatLS,2011,"1,50,000kms",Petrol,Manual,"₹75,000",gurgaon
Maruti,Maruti Wagon RLXI BS IV,2015,"80,000kms",Petrol,Manual,₹1.90 Lakh,gurgaon
Land Rover,Land Rover Range Rover Evoque2.0 TD4 SE,2019,"75,000kms",Diesel,Automatic,₹18 Lakh,gurgaon
Hyundai,Hyundai EONSportz,2012,"85,000kms",Petrol,Manual,₹1.15 Lakh,gurgaon
Maruti,Maruti SwiftLXI BSIV,2016,"1,30,000kms",Petrol,Manual,₹3 Lakh,gurgaon
Maruti,Maruti Wagon RLXI CNG,2013,"1,20,000kms",CNG,Manual,₹1.80 Lakh,gurgaon
Renault,Renault KWID1.0 RXT Opt,2021,"43,000kms",Petrol,Manual,₹2.70 Lakh,gurgaon
Honda,Honda Cityi VTEC VX Option,2016,"50,680kms",Petrol,Manual,₹5.25 Lakh,gurgaon
Volkswagen,Volkswagen Polo1.2 MPI Highline,2015,"28,587kms",Petrol,Manual,₹3.75 Lakh,gurgaon
Hyundai,Hyundai VenueSX Plus Turbo DCT BSIV,2019,"36,500kms",Petrol,Automatic,₹8.45 Lakh,gurgaon
Maruti,Maruti S CrossSigma DDiS 200 SH,2018,"1,50,000kms",Diesel,Manual,₹4 Lakh,gurgaon
Honda,Honda Amaze 2nd GenVX BSVI,2022,"40,000kms",Petrol,Manual,₹5.70 Lakh,gurgaon
Tata,Tata Nexon EVXZ Plus Lux,2023,"79,000kms",Electric,Automatic,₹7.85 Lakh,gurgaon
Honda,Honda Cityi VTEC VX,2014,"1,60,000kms",Petrol,Manual,₹4.10 Lakh,gurgaon
Maruti,Maruti CelerioVXI CNG BSIV,2017,"95,000kms",CNG,Manual,₹2.50 Lakh,gurgaon
BMW,BMW X1sDrive20i SportX,2021,"50,000kms",Petrol,Automatic,₹24 Lakh,gurgaon
Maruti,Maruti Vitara BrezzaVDi Option,2017,"87,000kms",Diesel,Manual,₹4.80 Lakh,gurgaon
Toyota,Toyota Etios1.4 VXD,2017,"1,20,000kms",Diesel,Manual,₹4 Lakh,gurgaon
Tata,Tata Nexon1.2 Revotron XM,2020,"26,000kms",Petrol,Manual,₹5.50 Lakh,gurgaon
Renault,Renault KigerRXZ,2022,"80,000kms",Petrol,Manual,₹4.75 Lakh,gurgaon
Maruti,Maruti Wagon RVXI,2018,"1,13,879kms",Petrol,Manual,₹2.65 Lakh,gurgaon
Honda,Honda Cityi VTEC VX,2017,"70,000kms",Petrol,Manual,₹6.20 Lakh,gurgaon
Honda,Honda AmazeS Petrol,2020,"60,000kms",Petrol,Manual,₹4.60 Lakh,gurgaon
Maruti,Maruti CiazDelta Diesel,2019,"1,41,000kms",Diesel,Automatic,₹5 Lakh,gurgaon
Ford,Ford Ecosport1.5 Petrol Trend Plus AT BSIV,2018,"61,930kms",Petrol,Automatic,₹5.95 Lakh,gurgaon
Ford,Ford Endeavour3.2 Titanium AT 4X4,2016,"1,33,735kms",Diesel,Automatic,₹15.75 Lakh,gurgaon
Chevrolet,Chevrolet BeatLS,2015,"1,20,000kms",Petrol,Manual,₹1.12 Lakh,gurgaon
BMW,BMW X1sDrive20i xLine,2019,"70,000kms",Petrol,Automatic,₹19.70 Lakh,gurgaon
Mahindra,Mahindra XUV 3XOAX5,2024,"14,700kms",Petrol,Manual,₹10.50 Lakh,gurgaon
Mahindra,Mahindra TharLX Hard Top,2023,"15,000kms",Petrol,Manual,₹11.99 Lakh,gurgaon
Honda,Honda CityV AT,2011,"81,000kms",Petrol,Automatic,₹2.15 Lakh,gurgaon
BMW,BMW X1sDrive20i SportX,2021,"50,000kms",Petrol,Automatic,₹24 Lakh,gurgaon
Maruti,Maruti Vitara BrezzaVDi Option,2017,"87,000kms",Diesel,Manual,₹4.80 Lakh,gurgaon
Toyota,Toyota Etios1.4 VXD,2017,"1,20,000kms",Diesel,Manual,₹4 Lakh,gurgaon
Tata,Tata Nexon1.2 Revotron XM,2020,"26,000kms",Petrol,Manual,₹5.50 Lakh,gurgaon
Renault,Renault KigerRXZ,2022,"80,000kms",Petrol,Manual,₹4.75 Lakh,gurgaon
Maruti,Maruti Wagon RVXI,2018,"1,13,879kms",Petrol,Manual,₹2.65 Lakh,gurgaon
Honda,Honda Cityi VTEC VX,2017,"70,000kms",Petrol,Manual,₹6.20 Lakh,gurgaon
Honda,Honda AmazeS Petrol,2020,"60,000kms",Petrol,Manual,₹4.60 Lakh,gurgaon
Maruti,Maruti CiazDelta Diesel,2019,"1,41,000kms",Diesel,Automatic,₹5 Lakh,gurgaon
Ford,Ford Ecosport1.5 Petrol Trend Plus AT BSIV,2018,"61,930kms",Petrol,Automatic,₹5.95 Lakh,gurgaon
Ford,Ford Endeavour3.2 Titanium AT 4X4,2016,"1,33,735kms",Diesel,Automatic,₹15.75 Lakh,gurgaon
Volkswagen,Volkswagen Taigun1.0 Highline AT,2026,"10,000kms",Petrol,Automatic,₹13.30 Lakh,gurgaon
Maruti,Maruti Swift DzireVXI,2013,"50,000kms",Petrol,Manual,₹3 Lakh,gurgaon
Hyundai,Hyundai Grand i10 NiosSportz,2023,"15,500kms",Petrol,Manual,₹6.49 Lakh,gurgaon
Hyundai,Hyundai i10Era,2010,"90,000kms",Petrol,Manual,"₹83,000",gurgaon
Renault,Renault KWID1.0 RXT Opt,2021,"43,000kms",Petrol,Manual,₹2.70 Lakh,gurgaon
Honda,Honda Cityi VTEC VX Option,2016,"50,680kms",Petrol,Manual,₹5.25 Lakh,gurgaon
Volkswagen,Volkswagen Polo1.2 MPI Highline,2015,"28,587kms",Petrol,Manual,₹3.75 Lakh,gurgaon
Hyundai,Hyundai VenueSX Plus Turbo DCT BSIV,2019,"36,500kms",Petrol,Automatic,₹8.45 Lakh,gurgaon
Maruti,Maruti S CrossSigma DDiS 200 SH,2018,"1,50,000kms",Diesel,Manual,₹4 Lakh,gurgaon
Honda,Honda Amaze 2nd GenVX BSVI,2022,"40,000kms",Petrol,Manual,₹5.70 Lakh,gurgaon
Tata,Tata Nexon EVXZ Plus Lux,2023,"79,000kms",Electric,Automatic,₹7.85 Lakh,gurgaon
Honda,Honda Cityi VTEC VX,2014,"1,60,000kms",Petrol,Manual,₹4.10 Lakh,gurgaon
Maruti,Maruti CelerioVXI CNG BSIV,2017,"95,000kms",CNG,Manual,₹2.50 Lakh,gurgaon
BMW,BMW X1sDrive20i SportX,2021,"50,000kms",Petrol,Automatic,₹24 Lakh,gurgaon
Maruti,Maruti Vitara BrezzaVDi Option,2017,"87,000kms",Diesel,Manual,₹4.80 Lakh,gurgaon
Toyota,Toyota Etios1.4 VXD,2017,"1,20,000kms",Diesel,Manual,₹4 Lakh,gurgaon
Tata,Tata Nexon1.2 Revotron XM,2020,"26,000kms",Petrol,Manual,₹5.50 Lakh,gurgaon
Renault,Renault KigerRXZ,2022,"80,000kms",Petrol,Manual,₹4.75 Lakh,gurgaon
Maruti,Maruti Wagon RVXI,2018,"1,13,879kms",Petrol,Manual,₹2.65 Lakh,gurgaon
Honda,Honda Cityi VTEC VX,2017,"70,000kms",Petrol,Manual,₹6.20 Lakh,gurgaon
Honda,Honda AmazeS Petrol,2020,"60,000kms",Petrol,Manual,₹4.60 Lakh,gurgaon
Maruti,Maruti CiazDelta Diesel,2019,"1,41,000kms",Diesel,Automatic,₹5 Lakh,gurgaon
Ford,Ford Ecosport1.5 Petrol Trend Plus AT BSIV,2018,"61,930kms",Petrol,Automatic,₹5.95 Lakh,gurgaon
Ford,Ford Endeavour3.2 Titanium AT 4X4,2016,"1,33,735kms",Diesel,Automatic,₹15.75 Lakh,gurgaon
Hyundai,Hyundai Grand i10Asta,2015,"38,000kms",Petrol,Manual,₹2.90 Lakh,gurgaon
Hyundai,Hyundai EONMagna Plus,2018,"50,000kms",Petrol,Manual,₹2.59 Lakh,gurgaon
Hyundai,Hyundai Verna1.6 VTVT SX,2015,"66,500kms",Petrol,Manual,₹5.45 Lakh,gurgaon
Volkswagen,Volkswagen VirtusComfortline BSVI,2022,"68,622kms",Petrol,Manual,₹8.45 Lakh,gurgaon
Hyundai,Hyundai Grand i10Magna,2015,"51,139kms",Petrol,Manual,₹3.95 Lakh,gurgaon
Volkswagen,Volkswagen Polo1.2 MPI Comfortline,2014,"70,000kms",Petrol,Manual,₹3.50 Lakh,gurgaon
Maruti,Maruti Swift DzireVXI,2015,"41,000kms",Petrol,Manual,₹3 Lakh,gurgaon
Hyundai,Hyundai Santro XingGLS LPG,2011,"1,12,000kms",LPG,Manual,"₹75,000",gurgaon
Toyota,Toyota EtiosV,2015,"79,000kms",Petrol,Manual,₹4 Lakh,gurgaon
Maruti,Maruti SX4Green Vxi (CNG),2011,"1,10,000kms",CNG,Manual,₹1.65 Lakh,gurgaon
Renault,Renault KWID1.0 RXL,2018,"80,000kms",Petrol,Manual,₹1.87 Lakh,gurgaon
Hyundai,Hyundai Grand i10 NiosAMT Sportz,2021,"13,500kms",Petrol,Automatic,₹5.40 Lakh,gurgaon
Hyundai,Hyundai Grand i10Sportz,2015,"78,647kms",Petrol,Manual,₹3.45 Lakh,gurgaon
Maruti,Maruti Swift DzireVXI,2013,"68,000kms",Petrol,Manual,₹1.90 Lakh,gurgaon
Chevrolet,Chevrolet BeatLS,2011,"1,50,000kms",Petrol,Manual,"₹75,000",gurgaon
Maruti,Maruti Wagon RLXI BS IV,2015,"80,000kms",Petrol,Manual,₹1.90 Lakh,gurgaon
Land Rover,Land Rover Range Rover Evoque2.0 TD4 SE,2019,"75,000kms",Diesel,Automatic,₹18 Lakh,gurgaon
Hyundai,Hyundai EONSportz,2012,"85,000kms",Petrol,Manual,₹1.15 Lakh,gurgaon
Maruti,Maruti SwiftLXI BSIV,2016,"1,30,000kms",Petrol,Manual,₹3 Lakh,gurgaon
Maruti,Maruti Wagon RLXI CNG,2013,"1,20,000kms",CNG,Manual,₹1.80 Lakh,gurgaon
Renault,Renault KWID1.0 RXT Opt,2021,"43,000kms",Petrol,Manual,₹2.70 Lakh,gurgaon
Honda,Honda Cityi VTEC VX Option,2016,"50,680kms",Petrol,Manual,₹5.25 Lakh,gurgaon
Volkswagen,Volkswagen Polo1.2 MPI Highline,2015,"28,587kms",Petrol,Manual,₹3.75 Lakh,gurgaon
Hyundai,Hyundai VenueSX Plus Turbo DCT BSIV,2019,"36,500kms",Petrol,Automatic,₹8.45 Lakh,gurgaon
Maruti,Maruti S CrossSigma DDiS 200 SH,2018,"1,50,000kms",Diesel,Manual,₹4 Lakh,gurgaon
Honda,Honda Amaze 2nd GenVX BSVI,2022,"40,000kms",Petrol,Manual,₹5.70 Lakh,gurgaon
Tata,Tata Nexon EVXZ Plus Lux,2023,"79,000kms",Electric,Automatic,₹7.85 Lakh,gurgaon
Honda,Honda Cityi VTEC VX,2014,"1,60,000kms",Petrol,Manual,₹4.10 Lakh,gurgaon
Maruti,Maruti CelerioVXI CNG BSIV,2017,"95,000kms",CNG,Manual,₹2.50 Lakh,gurgaon
BMW,BMW X1sDrive20i SportX,2021,"50,000kms",Petrol,Automatic,₹24 Lakh,gurgaon
Maruti,Maruti Vitara BrezzaVDi Option,2017,"87,000kms",Diesel,Manual,₹4.80 Lakh,gurgaon
Toyota,Toyota Etios1.4 VXD,2017,"1,20,000kms",Diesel,Manual,₹4 Lakh,gurgaon
Tata,Tata Nexon1.2 Revotron XM,2020,"26,000kms",Petrol,Manual,₹5.50 Lakh,gurgaon
Renault,Renault KigerRXZ,2022,"80,000kms",Petrol,Manual,₹4.75 Lakh,gurgaon
Maruti,Maruti Wagon RVXI,2018,"1,13,879kms",Petrol,Manual,₹2.65 Lakh,gurgaon
Honda,Honda Cityi VTEC VX,2017,"70,000kms",Petrol,Manual,₹6.20 Lakh,gurgaon
Honda,Honda AmazeS Petrol,2020,"60,000kms",Petrol,Manual,₹4.60 Lakh,gurgaon
Maruti,Maruti CiazDelta Diesel,2019,"1,41,000kms",Diesel,Automatic,₹5 Lakh,gurgaon
Ford,Ford Ecosport1.5 Petrol Trend Plus AT BSIV,2018,"61,930kms",Petrol,Automatic,₹5.95 Lakh,gurgaon
Ford,Ford Endeavour3.2 Titanium AT 4X4,2016,"1,33,735kms",Diesel,Automatic,₹15.75 Lakh,gurgaon
Hyundai,Hyundai Grand i10Asta,2015,"38,000kms",Petrol,Manual,₹2.90 Lakh,gurgaon
Hyundai,Hyundai EONMagna Plus,2018,"50,000kms",Petrol,Manual,₹2.59 Lakh,gurgaon
Hyundai,Hyundai Verna1.6 VTVT SX,2015,"66,500kms",Petrol,Manual,₹5.45 Lakh,gurgaon
Volkswagen,Volkswagen VirtusComfortline BSVI,2022,"68,622kms",Petrol,Manual,₹8.45 Lakh,gurgaon
Hyundai,Hyundai Grand i10Magna,2015,"51,139kms",Petrol,Manual,₹3.95 Lakh,gurgaon
Volkswagen,Volkswagen Polo1.2 MPI Comfortline,2014,"70,000kms",Petrol,Manual,₹3.50 Lakh,gurgaon
Maruti,Maruti Swift DzireVXI,2015,"41,000kms",Petrol,Manual,₹3 Lakh,gurgaon
Hyundai,Hyundai Santro XingGLS LPG,2011,"1,12,000kms",LPG,Manual,"₹75,000",gurgaon
Toyota,Toyota EtiosV,2015,"79,000kms",Petrol,Manual,₹4 Lakh,gurgaon
Maruti,Maruti SX4Green Vxi (CNG),2011,"1,10,000kms",CNG,Manual,₹1.65 Lakh,gurgaon
Renault,Renault KWID1.0 RXL,2018,"80,000kms",Petrol,Manual,₹1.87 Lakh,gurgaon
Hyundai,Hyundai Grand i10 NiosAMT Sportz,2021,"13,500kms",Petrol,Automatic,₹5.40 Lakh,gurgaon
Hyundai,Hyundai Grand i10Sportz,2015,"78,647kms",Petrol,Manual,₹3.45 Lakh,gurgaon
Maruti,Maruti Swift DzireVXI,2013,"68,000kms",Petrol,Manual,₹1.90 Lakh,gurgaon
Chevrolet,Chevrolet BeatLS,2011,"1,50,000kms",Petrol,Manual,"₹75,000",gurgaon
Maruti,Maruti Wagon RLXI BS IV,2015,"80,000kms",Petrol,Manual,₹1.90 Lakh,gurgaon
Land Rover,Land Rover Range Rover Evoque2.0 TD4 SE,2019,"75,000kms",Diesel,Automatic,₹18 Lakh,gurgaon
Hyundai,Hyundai EONSportz,2012,"85,000kms",Petrol,Manual,₹1.15 Lakh,gurgaon
Maruti,Maruti SwiftLXI BSIV,2016,"1,30,000kms",Petrol,Manual,₹3 Lakh,gurgaon
Maruti,Maruti Wagon RLXI CNG,2013,"1,20,000kms",CNG,Manual,₹1.80 Lakh,gurgaon
Hyundai,Hyundai Grand i10Asta,2015,"38,000kms",Petrol,Manual,₹2.90 Lakh,gurgaon
Hyundai,Hyundai EONMagna Plus,2018,"50,000kms",Petrol,Manual,₹2.59 Lakh,gurgaon
Hyundai,Hyundai Verna1.6 VTVT SX,2015,"66,500kms",Petrol,Manual,₹5.45 Lakh,gurgaon
Volkswagen,Volkswagen VirtusComfortline BSVI,2022,"68,622kms",Petrol,Manual,₹8.45 Lakh,gurgaon
Hyundai,Hyundai Grand i10Magna,2015,"51,139kms",Petrol,Manual,₹3.95 Lakh,gurgaon
Volkswagen,Volkswagen Polo1.2 MPI Comfortline,2014,"70,000kms",Petrol,Manual,₹3.50 Lakh,gurgaon
Maruti,Maruti Swift DzireVXI,2015,"41,000kms",Petrol,Manual,₹3 Lakh,gurgaon
Hyundai,Hyundai Santro XingGLS LPG,2011,"1,12,000kms",LPG,Manual,"₹75,000",gurgaon
Toyota,Toyota EtiosV,2015,"79,000kms",Petrol,Manual,₹4 Lakh,gurgaon
Maruti,Maruti SX4Green Vxi (CNG),2011,"1,10,000kms",CNG,Manual,₹1.65 Lakh,gurgaon
Renault,Renault KWID1.0 RXL,2018,"80,000kms",Petrol,Manual,₹1.87 Lakh,gurgaon
Hyundai,Hyundai Grand i10 NiosAMT Sportz,2021,"13,500kms",Petrol,Automatic,₹5.40 Lakh,gurgaon
Hyundai,Hyundai Grand i10Sportz,2015,"78,647kms",Petrol,Manual,₹3.45 Lakh,gurgaon
Maruti,Maruti Swift DzireVXI,2013,"68,000kms",Petrol,Manual,₹1.90 Lakh,gurgaon
Chevrolet,Chevrolet BeatLS,2011,"1,50,000kms",Petrol,Manual,"₹75,000",gurgaon
Maruti,Maruti Wagon RLXI BS IV,2015,"80,000kms",Petrol,Manual,₹1.90 Lakh,gurgaon
Land Rover,Land Rover Range Rover Evoque2.0 TD4 SE,2019,"75,000kms",Diesel,Automatic,₹18 Lakh,gurgaon
Hyundai,Hyundai EONSportz,2012,"85,000kms",Petrol,Manual,₹1.15 Lakh,gurgaon
Maruti,Maruti SwiftLXI BSIV,2016,"1,30,000kms",Petrol,Manual,₹3 Lakh,gurgaon
Maruti,Maruti Wagon RLXI CNG,2013,"1,20,000kms",CNG,Manual,₹1.80 Lakh,gurgaon
Chevrolet,Chevrolet BeatLS,2015,"1,20,000kms",Petrol,Manual,₹1.12 Lakh,gurgaon
BMW,BMW X1sDrive20i xLine,2019,"70,000kms",Petrol,Automatic,₹19.70 Lakh,gurgaon
Mahindra,Mahindra XUV 3XOAX5,2024,"14,700kms",Petrol,Manual,₹10.50 Lakh,gurgaon
Mahindra,Mahindra TharLX Hard Top,2023,"15,000kms",Petrol,Manual,₹11.99 Lakh,gurgaon
Honda,Honda CityV AT,2011,"81,000kms",Petrol,Automatic,₹2.15 Lakh,gurgaon
BMW,BMW X1sDrive20i SportX,2021,"50,000kms",Petrol,Automatic,₹24 Lakh,gurgaon
Maruti,Maruti Vitara BrezzaVDi Option,2017,"87,000kms",Diesel,Manual,₹4.80 Lakh,gurgaon
Toyota,Toyota Etios1.4 VXD,2017,"1,20,000kms",Diesel,Manual,₹4 Lakh,gurgaon
Tata,Tata Nexon1.2 Revotron XM,2020,"26,000kms",Petrol,Manual,₹5.50 Lakh,gurgaon
Renault,Renault KigerRXZ,2022,"80,000kms",Petrol,Manual,₹4.75 Lakh,gurgaon
Maruti,Maruti Wagon RVXI,2018,"1,13,879kms",Petrol,Manual,₹2.65 Lakh,gurgaon
Honda,Honda Cityi VTEC VX,2017,"70,000kms",Petrol,Manual,₹6.20 Lakh,gurgaon
Honda,Honda AmazeS Petrol,2020,"60,000kms",Petrol,Manual,₹4.60 Lakh,gurgaon
Maruti,Maruti CiazDelta Diesel,2019,"1,41,000kms",Diesel,Automatic,₹5 Lakh,gurgaon
Ford,Ford Ecosport1.5 Petrol Trend Plus AT BSIV,2018,"61,930kms",Petrol,Automatic,₹5.95 Lakh,gurgaon
Ford,Ford Endeavour3.2 Titanium AT 4X4,2016,"1,33,735kms",Diesel,Automatic,₹15.75 Lakh,gurgaon
Volkswagen,Volkswagen Taigun1.0 Highline AT,2026,"10,000kms",Petrol,Automatic,₹13.30 Lakh,gurgaon
Maruti,Maruti Swift DzireVXI,2013,"50,000kms",Petrol,Manual,₹3 Lakh,gurgaon
Hyundai,Hyundai Grand i10 NiosSportz,2023,"15,500kms",Petrol,Manual,₹6.49 Lakh,gurgaon
Hyundai,Hyundai i10Era,2010,"90,000kms",Petrol,Manual,"₹83,000",gurgaon
Renault,Renault KWID1.0 RXT Opt,2021,"43,000kms",Petrol,Manual,₹2.70 Lakh,gurgaon
Honda,Honda Cityi VTEC VX Option,2016,"50,680kms",Petrol,Manual,₹5.25 Lakh,gurgaon
Volkswagen,Volkswagen Polo1.2 MPI Highline,2015,"28,587kms",Petrol,Manual,₹3.75 Lakh,gurgaon
Hyundai,Hyundai VenueSX Plus Turbo DCT BSIV,2019,"36,500kms",Petrol,Automatic,₹8.45 Lakh,gurgaon
Maruti,Maruti S CrossSigma DDiS 200 SH,2018,"1,50,000kms",Diesel,Manual,₹4 Lakh,gurgaon
Honda,Honda Amaze 2nd GenVX BSVI,2022,"40,000kms",Petrol,Manual,₹5.70 Lakh,gurgaon
Tata,Tata Nexon EVXZ Plus Lux,2023,"79,000kms",Electric,Automatic,₹7.85 Lakh,gurgaon
Honda,Honda Cityi VTEC VX,2014,"1,60,000kms",Petrol,Manual,₹4.10 Lakh,gurgaon
Maruti,Maruti CelerioVXI CNG BSIV,2017,"95,000kms",CNG,Manual,₹2.50 Lakh,gurgaon
BMW,BMW X1sDrive20i SportX,2021,"50,000kms",Petrol,Automatic,₹24 Lakh,gurgaon
Maruti,Maruti Vitara BrezzaVDi Option,2017,"87,000kms",Diesel,Manual,₹4.80 Lakh,gurgaon
Toyota,Toyota Etios1.4 VXD,2017,"1,20,000kms",Diesel,Manual,₹4 Lakh,gurgaon
Tata,Tata Nexon1.2 Revotron XM,2020,"26,000kms",Petrol,Manual,₹5.50 Lakh,gurgaon
Renault,Renault KigerRXZ,2022,"80,000kms",Petrol,Manual,₹4.75 Lakh,gurgaon
Maruti,Maruti Wagon RVXI,2018,"1,13,879kms",Petrol,Manual,₹2.65 Lakh,gurgaon
Honda,Honda Cityi VTEC VX,2017,"70,000kms",Petrol,Manual,₹6.20 Lakh,gurgaon
Honda,Honda AmazeS Petrol,2020,"60,000kms",Petrol,Manual,₹4.60 Lakh,gurgaon
Maruti,Maruti CiazDelta Diesel,2019,"1,41,000kms",Diesel,Automatic,₹5 Lakh,gurgaon
Ford,Ford Ecosport1.5 Petrol Trend Plus AT BSIV,2018,"61,930kms",Petrol,Automatic,₹5.95 Lakh,gurgaon
Ford,Ford Endeavour3.2 Titanium AT 4X4,2016,"1,33,735kms",Diesel,Automatic,₹15.75 Lakh,gurgaon
Chevrolet,Chevrolet BeatLS,2015,"1,20,000kms",Petrol,Manual,₹1.12 Lakh,gurgaon
BMW,BMW X1sDrive20i xLine,2019,"70,000kms",Petrol,Automatic,₹19.70 Lakh,gurgaon
Mahindra,Mahindra XUV 3XOAX5,2024,"14,700kms",Petrol,Manual,₹10.50 Lakh,gurgaon
Mahindra,Mahindra TharLX Hard Top,2023,"15,000kms",Petrol,Manual,₹11.99 Lakh,gurgaon
Honda,Honda CityV AT,2011,"81,000kms",Petrol,Automatic,₹2.15 Lakh,gurgaon
BMW,BMW X1sDrive20i SportX,2021,"50,000kms",Petrol,Automatic,₹24 Lakh,gurgaon
Maruti,Maruti Vitara BrezzaVDi Option,2017,"87,000kms",Diesel,Manual,₹4.80 Lakh,gurgaon
Toyota,Toyota Etios1.4 VXD,2017,"1,20,000kms",Diesel,Manual,₹4 Lakh,gurgaon
Tata,Tata Nexon1.2 Revotron XM,2020,"26,000kms",Petrol,Manual,₹5.50 Lakh,gurgaon
Renault,Renault KigerRXZ,2022,"80,000kms",Petrol,Manual,₹4.75 Lakh,gurgaon
Maruti,Maruti Wagon RVXI,2018,"1,13,879kms",Petrol,Manual,₹2.65 Lakh,gurgaon
Honda,Honda Cityi VTEC VX,2017,"70,000kms",Petrol,Manual,₹6.20 Lakh,gurgaon
Honda,Honda AmazeS Petrol,2020,"60,000kms",Petrol,Manual,₹4.60 Lakh,gurgaon
Maruti,Maruti CiazDelta Diesel,2019,"1,41,000kms",Diesel,Automatic,₹5 Lakh,gurgaon
Ford,Ford Ecosport1.5 Petrol Trend Plus AT BSIV,2018,"61,930kms",Petrol,Automatic,₹5.95 Lakh,gurgaon
Ford,Ford Endeavour3.2 Titanium AT 4X4,2016,"1,33,735kms",Diesel,Automatic,₹15.75 Lakh,gurgaon
Volkswagen,Volkswagen Taigun1.0 Highline AT,2026,"10,000kms",Petrol,Automatic,₹13.30 Lakh,gurgaon
Maruti,Maruti Swift DzireVXI,2013,"50,000kms",Petrol,Manual,₹3 Lakh,gurgaon
Hyundai,Hyundai Grand i10 NiosSportz,2023,"15,500kms",Petrol,Manual,₹6.49 Lakh,gurgaon
Hyundai,Hyundai i10Era,2010,"90,000kms",Petrol,Manual,"₹83,000",gurgaon
Volkswagen,Volkswagen Taigun1.0 Highline AT,2026,"10,000kms",Petrol,Automatic,₹13.30 Lakh,gurgaon
Maruti,Maruti Swift DzireVXI,2013,"50,000kms",Petrol,Manual,₹3 Lakh,gurgaon
Ford,Ford Ecosport1.5 TDCi Trend BSIV,2016,"1,00,000kms",Diesel,Manual,₹3.50 Lakh,gurgaon
Maruti,Maruti S CrossSigma DDiS 200 SH,2018,"1,50,000kms",Diesel,Manual,₹4 Lakh,gurgaon
Honda,Honda Amaze 2nd GenVX BSVI,2022,"40,000kms",Petrol,Manual,₹5.70 Lakh,gurgaon
Chevrolet,Chevrolet BeatLS,2015,"1,20,000kms",Petrol,Manual,₹1.12 Lakh,gurgaon
BMW,BMW X1sDrive20i xLine,2019,"70,000kms",Petrol,Automatic,₹19.70 Lakh,gurgaon
Mahindra,Mahindra XUV 3XOAX5,2024,"14,700kms",Petrol,Manual,₹10.50 Lakh,gurgaon
Mahindra,Mahindra TharLX Hard Top,2023,"15,000kms",Petrol,Manual,₹11.99 Lakh,gurgaon
Honda,Honda New Accord2.4 A/T,2013,"1,15,000kms",Petrol,Automatic,₹3.95 Lakh,gurgaon
Maruti,Maruti Baleno1.2 Alpha,2015,"29,012kms",Petrol,Manual,₹4.45 Lakh,gurgaon
Hyundai,Hyundai Creta1.6 CRDi AT SX Plus,2018,"65,400kms",Diesel,Automatic,₹7.75 Lakh,gurgaon
Maruti,Maruti CiazAlpha Diesel,2018,"53,000kms",Diesel,Manual,₹4.75 Lakh,gurgaon
Ford,Ford Ecosport1.5 Ti VCT AT Titanium BSIV,2016,"60,315kms",Petrol,Automatic,₹3.38 Lakh,gurgaon
Honda,Honda CityVX MT,2014,"1,00,484kms",Petrol,Manual,₹3.81 Lakh,gurgaon
Nissan,Nissan MicraXL CVT,2016,"91,851kms",Petrol,Automatic,₹2.91 Lakh,gurgaon
Tata,Tata Tiago NRGPetrol,2018,"81,250kms",Petrol,Manual,₹4.06 Lakh,gurgaon
Hyundai,Hyundai Creta1.6 VTVT AT SX Plus,2018,"93,767kms",Petrol,Automatic,₹7.06 Lakh,gurgaon
Tata,Tata NexonKRAZ Diesel,2019,"23,463kms",Diesel,Manual,₹5.27 Lakh,gurgaon
Maruti,Maruti S CrossAlpha AT,2021,"47,647kms",Petrol,Automatic,₹8.55 Lakh,gurgaon
Honda,Honda CityV CVT,2017,"76,432kms",Petrol,Automatic,₹5.80 Lakh,gurgaon
Kia,Kia SonetHTX Turbo iMT,2022,"29,887kms",Petrol,Automatic,₹7.81 Lakh,gurgaon
Maruti,Maruti SwiftAMT ZXI,2014,"65,708kms",Petrol,Automatic,₹2.89 Lakh,gurgaon
Honda,Honda CityVX MT,2015,"1,14,721kms",Petrol,Manual,₹4.38 Lakh,gurgaon
Maruti,Maruti ErtigaZXI,2014,"1,02,980kms",Petrol,Manual,₹4.02 Lakh,gurgaon
Hyundai,Hyundai Grand i101.2 Kappa Sportz BSIV,2017,"72,498kms",Petrol,Manual,₹3.53 Lakh,gurgaon
Ford,Ford Ecosport1.5 Ti VCT AT Titanium,2017,"89,554kms",Petrol,Automatic,₹5.47 Lakh,gurgaon
Kia,Kia SonetGTX Plus Turbo iMT,2020,"44,300kms",Petrol,Automatic,₹7.31 Lakh,gurgaon
Tata,Tata AltrozXZ,2020,"1,16,243kms",Petrol,Manual,₹4.37 Lakh,gurgaon
Honda,Honda Amaze 2nd GenVX,2015,"45,942kms",Petrol,Manual,₹3.45 Lakh,gurgaon
Honda,Honda JazzV,2016,"1,00,272kms",Petrol,Manual,₹3.13 Lakh,gurgaon
Kia,Kia SonetHTX Turbo iMT,2021,"37,829kms",Petrol,Automatic,₹7.24 Lakh,gurgaon
Hyundai,Hyundai Creta1.6 VTVT AT SX Plus,2016,"78,009kms",Petrol,Automatic,₹4.96 Lakh,gurgaon
Maruti,Maruti BalenoDelta Diesel,2018,"22,076kms",Diesel,Manual,₹4.25 Lakh,gurgaon
Honda,Honda City1.5 V MT Exclusive,2022,"36,101kms",Petrol,Manual,₹8.26 Lakh,gurgaon
Hyundai,Hyundai Grand i10 NiosSportz CNG,2021,"1,01,466kms",CNG,Manual,₹5.02 Lakh,gurgaon
Hyundai,Hyundai EONEra Plus,2016,"53,770kms",Petrol,Manual,₹1.60 Lakh,gurgaon
Hyundai,Hyundai i10Magna 1.1,2015,"74,750kms",Petrol,Manual,₹2.62 Lakh,gurgaon
Maruti,Maruti Alto K10VXI,2017,"66,405kms",Petrol,Manual,₹2.01 Lakh,gurgaon
Honda,Honda BrioS MT,2015,"71,352kms",Petrol,Manual,₹1.89 Lakh,gurgaon
Maruti,Maruti Wagon RLXI BSVI,2022,"6,077kms",Petrol,Manual,₹3.70 Lakh,gurgaon
Maruti,Maruti CelerioZXI AMT,2016,"86,564kms",Petrol,Automatic,₹2.51 Lakh,gurgaon
Renault,Renault KWIDRXT,2016,"51,234kms",Petrol,Manual,₹1.64 Lakh,gurgaon
Hyundai,Hyundai Grand i101.2 Kappa Magna BSIV,2018,"51,511kms",Petrol,Manual,₹3.42 Lakh,gurgaon
Maruti,Maruti CiazDelta Diesel,2017,"76,938kms",Diesel,Automatic,₹4.64 Lakh,gurgaon
Renault,2018Renault KWID1.0 RXT Optional AT  -2019,2016,"62,125kms",Petrol,Automatic,₹2.52 Lakh,gurgaon
Maruti,Maruti CiazAT ZXi Plus,2016,"80,669kms",Petrol,Automatic,₹3.93 Lakh,gurgaon
Renault,Renault TriberRXT,2023,"48,055kms",Petrol,Manual,₹4.43 Lakh,gurgaon
Nissan,Nissan MagniteTurbo CVT XV BSVI,2021,"76,368kms",Petrol,Automatic,₹4.72 Lakh,gurgaon
Honda,Honda Amaze 2nd GenE BSVI,2022,"44,853kms",Petrol,Manual,₹4.40 Lakh,gurgaon
Renault,Renault KWID1.0 RXT,2023,"43,629kms",Petrol,Manual,₹2.98 Lakh,gurgaon
Renault,Renault TriberRXT BSVI,2022,"1,01,614kms",Petrol,Manual,₹3.32 Lakh,gurgaon
Renault,Renault KWID1.0 RXT BSVI,2022,"54,988kms",Petrol,Manual,₹2.84 Lakh,gurgaon
Maruti,Maruti Alto K10VXI,2015,"27,754kms",Petrol,Manual,₹1.91 Lakh,gurgaon
Renault,Renault KigerRXT AMT,2021,"41,147kms",Petrol,Automatic,₹4.34 Lakh,gurgaon
Nissan,Nissan MagniteXV,2023,"47,686kms",Petrol,Manual,₹4.75 Lakh,gurgaon
Maruti,Maruti Wagon RVXI CNG,2018,"51,545kms",CNG,Manual,₹3.54 Lakh,gurgaon
Volkswagen,Volkswagen VirtusTopline AT,2023,"32,801kms",Petrol,Automatic,₹13.45 Lakh,gurgaon
Volkswagen,Volkswagen VirtusHighline AT,2022,"23,702kms",Petrol,Automatic,₹11.27 Lakh,gurgaon
Datsun,Datsun RediGO1.0 T Option,2017,"34,713kms",Petrol,Manual,₹1.46 Lakh,gurgaon
Maruti,Maruti BalenoZeta Diesel,2021,"4,702kms",Diesel,Manual,₹6.27 Lakh,gurgaon
Tata,Tata Tiago1.2 Revotron XZA,2017,"66,559kms",Petrol,Automatic,₹3.16 Lakh,gurgaon
Maruti,Maruti DzireVXI,2023,"43,133kms",Petrol,Manual,₹6.09 Lakh,gurgaon
Ford,Ford EcosportTitanium,2019,"69,896kms",Petrol,Manual,₹5.78 Lakh,gurgaon
Maruti,Maruti Alto 800LXI,2017,"29,630kms",Petrol,Manual,₹1.81 Lakh,gurgaon
Tata,Tata AltrozXZ,2023,"24,290kms",Petrol,Manual,₹6.78 Lakh,gurgaon
Honda,Honda AmazeV Petrol BSIV,2019,"53,602kms",Petrol,Manual,₹5.11 Lakh,gurgaon
Tata,Tata TigorXZ Plus CNG BSVI,2022,"70,473kms",CNG,Manual,₹5.36 Lakh,gurgaon
Honda,Honda Amaze 2nd GenS,2016,"55,899kms",Petrol,Manual,₹3.34 Lakh,gurgaon
Maruti,2021Maruti S-PressoVXI Opt  -2022,2019,"39,303kms",Petrol,Manual,₹2.89 Lakh,gurgaon
Tata,Tata PunchAdventure AMT,2024,"18,920kms",Petrol,Automatic,₹7.32 Lakh,gurgaon
Tata,Tata PunchPure BSVI,2022,"56,413kms",Petrol,Manual,₹4.09 Lakh,gurgaon
Tata,Tata TigorXZ Plus CNG,2023,"87,514kms",CNG,Manual,₹5.75 Lakh,gurgaon
Maruti,Maruti CiazVXi,2015,"83,773kms",Petrol,Manual,₹3.11 Lakh,gurgaon
Maruti,Maruti BalenoZeta AMT,2017,"69,849kms",Petrol,Automatic,₹4.76 Lakh,gurgaon
Volkswagen,Volkswagen Vento1.6 MPI ALL STAR,2016,"94,776kms",Petrol,Manual,₹3.60 Lakh,gurgaon
Honda,Honda Cityi VTEC VX,2014,"49,020kms",Petrol,Manual,₹3.40 Lakh,gurgaon
Renault,Renault KWIDRXL,2020,"94,786kms",Petrol,Manual,₹2.30 Lakh,gurgaon
Renault,Renault TriberRXT,2020,"1,06,647kms",Petrol,Manual,₹3.83 Lakh,gurgaon
Honda,Honda AmazeS Petrol BSIV,2020,"57,465kms",Petrol,Manual,₹4.41 Lakh,gurgaon
Maruti,Maruti SwiftVDI BSIV,2015,"80,000kms",Diesel,Manual,₹3.65 Lakh,gurgaon
Hyundai,Hyundai i201.4 CRDi Anniversary Edition,2015,"78,000kms",Diesel,Manual,₹3.50 Lakh,gurgaon
Hyundai,Hyundai VernaVTVT 1.6 SX Option,2018,"82,000kms",Petrol,Manual,₹7.50 Lakh,gurgaon
Audi,Audi Q335 TDI Quattro Premium,2016,"89,000kms",Diesel,Automatic,₹9.55 Lakh,gurgaon
Honda,Honda CR-V2.4 AT,2013,"1,10,000kms",Petrol,Automatic,₹3.90 Lakh,gurgaon
Jeep,Jeep Compass2.0 Limited,2017,"86,000kms",Diesel,Manual,₹6.55 Lakh,gurgaon
BMW,BMW 5 Series520d Luxury Line,2016,"85,000kms",Diesel,Automatic,₹17.50 Lakh,gurgaon
Mercedes-Benz,Mercedes-Benz GLC220d 4MATIC,2022,"22,000kms",Diesel,Automatic,₹50 Lakh,gurgaon
Maruti,Maruti CelerioVXI CNG,2021,"66,000kms",CNG,Manual,₹4.50 Lakh,gurgaon
Hyundai,Hyundai i20Sportz Plus BSIV,2019,"46,000kms",Petrol,Manual,₹4.90 Lakh,gurgaon
Hyundai,Hyundai VernaVTVT 1.6 SX,2018,"42,000kms",Petrol,Manual,₹7.95 Lakh,gurgaon
Maruti,Maruti BrezzaZxi Plus AT,2023,"7,700kms",Petrol,Automatic,₹12.90 Lakh,gurgaon
Hyundai,Hyundai Verna1.4 VTVT,2016,"1,50,000kms",Petrol,Manual,₹3.20 Lakh,gurgaon
Maruti,Maruti Swift DzireAMT VDI,2018,"68,000kms",Diesel,Automatic,₹5.75 Lakh,gurgaon
Mahindra,Mahindra ScorpioS,2023,"37,000kms",Diesel,Manual,₹15.50 Lakh,gurgaon
Honda,Honda ElevateVX,2023,"25,000kms",Petrol,Manual,₹12 Lakh,gurgaon
Mahindra,Mahindra TharLX 4WD Hard Top BSVI,2021,"65,200kms",Petrol,Manual,₹9.90 Lakh,gurgaon
Volvo,Volvo S90D4 Inscription BSIV,2019,"49,000kms",Diesel,Automatic,₹22 Lakh,gurgaon
Mahindra,Mahindra ScorpioS7 140 BSIV,2020,"85,000kms",Diesel,Manual,₹10.49 Lakh,gurgaon
BMW,BMW 5 Series520d Luxury Line,2019,"72,000kms",Diesel,Automatic,₹29.50 Lakh,gurgaon
Maruti,Maruti Swift DzireVXI 1.2 BS IV,2016,"84,100kms",Petrol,Manual,₹3.80 Lakh,gurgaon
Tata,Tata TigorXZ Plus CNG,2024,"11,000kms",CNG,Manual,₹6.98 Lakh,gurgaon
Maruti,Maruti SwiftVXI,2018,"85,000kms",Petrol,Manual,₹3.50 Lakh,gurgaon
Hyundai,Hyundai EONEra Plus,2013,"60,000kms",Petrol,Manual,₹1.70 Lakh,gurgaon
Honda,Honda Cityi-DTEC VX,2019,"1,60,000kms",Diesel,Manual,₹5.20 Lakh,gurgaon
Jaguar,Jaguar XFS 2.2,2013,"90,000kms",Diesel,Automatic,₹9.25 Lakh,gurgaon
Hyundai,Hyundai Grand i10Sportz,2015,"78,000kms",Petrol,Manual,₹3.50 Lakh,gurgaon
Renault,Renault KWIDRXL BSVI,2022,"30,000kms",Petrol,Manual,₹2.30 Lakh,gurgaon
Mahindra,Mahindra XUV700AX7 7Str AT,2024,"10,000kms",Petrol,Automatic,₹18.50 Lakh,gurgaon
Mahindra,Mahindra TharLX 4WD Hard Top AT BSVI,2023,"30,000kms",Petrol,Automatic,₹12.50 Lakh,gurgaon
Honda,Honda BR-Vi-DTEC V MT,2016,"1,60,000kms",Diesel,Manual,₹3.50 Lakh,gurgaon
Hyundai,Hyundai i10Magna,2012,"1,06,000kms",Petrol,Manual,₹1.35 Lakh,gurgaon
Hyundai,Hyundai i201.2 Magna Executive,2018,"86,000kms",Petrol,Manual,₹4 Lakh,gurgaon
Renault,Renault TriberRXZ BSVI,2022,"60,000kms",Petrol,Manual,₹5.50 Lakh,gurgaon
Maruti,Maruti Wagon RZXI 1.2,2019,"80,000kms",Petrol,Manual,₹3.50 Lakh,gurgaon
Maruti,Maruti ErtigaCNG VXI,2022,"50,000kms",CNG,Manual,₹8.55 Lakh,gurgaon
Maruti,Maruti Wagon RLXI,2023,"30,000kms",Petrol,Manual,₹3.70 Lakh,gurgaon
Honda,Honda CityZX CVT,2022,"20,000kms",Petrol,Automatic,₹13.45 Lakh,gurgaon
BMW,BMW X5xDrive 30d xLine,2021,"17,000kms",Diesel,Automatic,₹64.50 Lakh,gurgaon
Mercedes-Benz,Mercedes-Benz EQC400 4MATIC,2022,"76,000kms",Electric,Automatic,₹44.50 Lakh,gurgaon
Tata,Tata TiagoXT Option,2021,"68,000kms",Petrol,Manual,₹4.18 Lakh,gurgaon
Toyota,Toyota EtiosV,2016,"90,000kms",Petrol,Manual,₹3.50 Lakh,gurgaon
Maruti,Maruti Swift DzireVXI 1.2,2018,"70,000kms",Petrol,Manual,₹4 Lakh,gurgaon
Maruti,Maruti SwiftLXI,2011,"1,50,000kms",Petrol,Manual,₹1.25 Lakh,gurgaon
Hyundai,Hyundai Grand i10 NiosSportz CNG,2021,"60,000kms",CNG,Manual,₹5.15 Lakh,gurgaon
Maruti,Maruti CelerioZXI AT,2016,"75,399kms",Petrol,Automatic,₹3 Lakh,gurgaon
Hyundai,Hyundai Tucson2.0 Dual VTVT 2WD AT GLS,2019,"1,38,000kms",Petrol,Automatic,₹10 Lakh,gurgaon
Maruti,2014Maruti Alto K10 -2014 VXI,2010,"70,000kms",Petrol,Manual,₹1.60 Lakh,gurgaon
Honda,Honda AmazeS i-Vtech,2013,"60,000kms",Petrol,Manual,₹2.10 Lakh,gurgaon
Tata,Tata TigorXZ Plus DT Leatherette Pack,2022,"39,000kms",Petrol,Manual,₹6.10 Lakh,gurgaon
Maruti,Maruti Swift DzireLXI,2016,"70,000kms",Petrol,Manual,₹2.90 Lakh,gurgaon
Ford,Ford Ecosport1.5 TDCi Trend Plus BSIV,2016,"1,50,000kms",Diesel,Manual,₹4 Lakh,gurgaon
Maruti,Maruti Swift DzireAMT VXI,2017,"40,000kms",Petrol,Automatic,₹5.15 Lakh,gurgaon
Tata,Tata AltrozXT Diesel BSVI,2021,"1,20,000kms",Diesel,Manual,₹4.20 Lakh,gurgaon
Maruti,Maruti BalenoDelta,2020,"1,00,000kms",Petrol,Manual,₹4.05 Lakh,gurgaon
Maruti,Maruti XL6Zeta AT,2022,"40,000kms",Petrol,Automatic,₹9 Lakh,gurgaon
Maruti,Maruti Wagon RLXI CNG,2025,"10,000kms",CNG,Manual,₹6.25 Lakh,gurgaon
Tata,Tata IndigoGLS,2017,"90,000kms",Petrol,Manual,₹1.50 Lakh,gurgaon
Audi,Audi A435 TDI Premium Sport,2015,"80,000kms",Diesel,Automatic,₹7 Lakh,gurgaon
Mahindra,Mahindra KUV 100mFALCON D75 K4,2016,"1,05,000kms",Diesel,Manual,₹2.99 Lakh,gurgaon
Hyundai,Hyundai Grand i10 Sportz,2015,"90,000 kms",Petrol,Manual,₹3 Lakh,gurgaon
Hyundai,Hyundai i20 Sportz 1.2,2012,"83,500 kms",Petrol,Manual,₹1.80 Lakh,gurgaon
Ford,Ford Ecosport 1.5 Petrol Titanium Plus AT BSIV,2017,"60,000 kms",Petrol,Automatic,₹4.60 Lakh,gurgaon
Maruti,Maruti Celerio VXI Optional AMT BSIV,2017,"62,000 kms",Petrol,Automatic,₹2.55 Lakh,gurgaon
Tata,Tata Punch Adventure AMT,2024,"10,000 kms",Petrol,Automatic,₹8 Lakh,gurgaon
Maruti,Maruti Ciaz Alpha Automatic BSIV,2020,"88,000 kms",Petrol,Automatic,₹5.58 Lakh,gurgaon
Hyundai,Hyundai Santro Xing GL,2013,"1,60,000 kms",Petrol,Manual,₹2.50 Lakh,gurgaon
BMW,BMW 3 Series 330i Sport,2021,"22,000 kms",Petrol,Automatic,₹34.50 Lakh,gurgaon
Tata,Tata Punch Pure CNG,2024,"9,100 kms",CNG,Manual,₹6.80 Lakh,gurgaon
Toyota,Toyota Etios V,2013,"57,000 kms",Petrol,Manual,₹2 Lakh,gurgaon
Tata,Tata Tiago XM CNG,2023,"38,700 kms",CNG,Manual,₹4.80 Lakh,gurgaon
BMW,BMW X1 sDrive 20d xLine,2019,"1,68,000 kms",Diesel,Automatic,₹16.50 Lakh,gurgaon
Maruti,Maruti Celerio Green VXI,2014,"1,62,000 kms",CNG,Manual,₹2.50 Lakh,gurgaon
MG,MG Windsor EV Exclusive,2024,"20,000 kms",Electric,Automatic,₹14 Lakh,gurgaon
Honda,Honda Amaze 2nd Gen E,2024,"45,000 kms",Petrol,Manual,₹6 Lakh,gurgaon
Renault,Renault Kiger RXE,2024,"18,000 kms",Petrol,Manual,₹5 Lakh,gurgaon
Maruti,Maruti Wagon R CNG LXI Opt BSIV,2020,"93,000 kms",CNG,Manual,₹4.50 Lakh,gurgaon
Honda,Honda City i VTEC VX Option,2017,"80,000 kms",Petrol,Manual,₹4.50 Lakh,gurgaon
Maruti,Maruti Alto 800 LXI,2012,"1,60,000 kms",Petrol,Manual,"₹80,000",gurgaon
Chevrolet,Chevrolet Beat LS,2011,"1,00,000 kms",Petrol,Manual,"₹90,000",gurgaon
BMW,BMW X1sDrive18i M Sport,2024,"10,000kms",Petrol,Automatic,₹42 Lakh,gurgaon
Maruti,Maruti SwiftVXI,2011,"1,20,000kms",Petrol,Manual,₹1.50 Lakh,gurgaon
Maruti,Maruti Baleno1.2 Delta,2018,"1,28,000kms",Petrol,Manual,₹4 Lakh,gurgaon
Maruti,Maruti Swift DzireVXi,2012,"60,000kms",Petrol,Manual,₹1.84 Lakh,gurgaon
Tata,Tata PunchAdventure AMT BSVI,2022,"50,000kms",Petrol,Automatic,₹6.50 Lakh,gurgaon
Skoda,Skoda Octavia1.8 TSI AT L K,2018,"90,000kms",Petrol,Automatic,₹12 Lakh,gurgaon
Volkswagen,Volkswagen Polo1.0 MPI Comfortline,2018,"1,20,000kms",Petrol,Manual,₹3.95 Lakh,gurgaon
Mercedes-Benz,Mercedes-Benz S-ClassS 350 CDI,2016,"90,000kms",Diesel,Automatic,₹25 Lakh,gurgaon
Mahindra,Mahindra TharLX Convert Top Diesel,2024,"30,000kms",Diesel,Manual,₹11.50 Lakh,gurgaon
Skoda,Skoda OctaviaStyle Plus 1.8 TSI AT,2016,"68,000kms",Petrol,Automatic,₹6.75 Lakh,gurgaon
Maruti,Maruti CiazAlpha BSVI,2021,"40,000kms",Petrol,Manual,₹7.70 Lakh,gurgaon
Hyundai,Hyundai Grand i10AT Asta,2014,"70,000kms",Petrol,Automatic,₹2.80 Lakh,gurgaon
Mahindra,Mahindra Scorpio NZ8 Select AT,2024,"10,000kms",Petrol,Automatic,₹18.50 Lakh,gurgaon
Audi,Audi A62.0 TDI,2014,"58,000kms",Diesel,Automatic,₹7.85 Lakh,gurgaon
Honda,Honda Cityi-VTEC CVT ZX,2017,"83,000kms",Petrol,Automatic,₹5.95 Lakh,gurgaon
Honda,Honda ElevateZX CVT Non RF,2023,"22,000kms",Petrol,Automatic,₹13.50 Lakh,gurgaon
Tata,Tata Tiago1.2 Revotron XZA,2019,"1,00,000kms",Petrol,Automatic,₹3 Lakh,gurgaon
Toyota,Toyota Innova Crysta2.8 GX AT BSIV,2017,"1,90,000kms",Diesel,Automatic,₹10.90 Lakh,gurgaon
Maruti,Maruti Baleno1.2 CVT Delta,2017,"90,000kms",Petrol,Automatic,₹4 Lakh,gurgaon
Hyundai,Hyundai SantroSportz,2021,"82,000kms",Petrol,Manual,₹4.10 Lakh,gurgaon
Tata,Tata Nexon EVXZ Plus,2022,"75,000kms",Electric,Automatic,₹7.90 Lakh,gurgaon
BMW,BMW X1sDrive20d Expedition,2018,"50,000kms",Diesel,Automatic,₹15 Lakh,gurgaon
Hyundai,Hyundai AuraSX,2023,"25,000kms",Petrol,Manual,₹6 Lakh,gurgaon
Mahindra,Mahindra Alturas G44X4 AT BSIV,2019,"1,00,000kms",Diesel,Automatic,₹15 Lakh,gurgaon
BMW,BMW X1sDrive20d Expedition,2017,"1,20,000kms",Diesel,Automatic,₹12 Lakh,gurgaon
Jeep,Jeep Compass2.0 Sport Plus BSIV,2019,"57,000kms",Diesel,Manual,₹11 Lakh,gurgaon
Tata,Tata TiagoXT CNG BSVI,2022,"60,000kms",CNG,Manual,₹4.50 Lakh,gurgaon
Ford,Ford Endeavour2.2 Titanium AT 4X2,2017,"70,000kms",Diesel,Automatic,₹18.50 Lakh,gurgaon
Hyundai,Hyundai Grand i10AT Asta,2014,"70,000kms",Petrol,Automatic,₹2.80 Lakh,gurgaon
Honda,Honda CityE,2011,"1,50,000kms",Petrol,Manual,₹1.20 Lakh,gurgaon
Tata,Tata PunchPure CNG,2025,"6,000kms",CNG,Manual,₹7.53 Lakh,gurgaon
Hyundai,Hyundai i20Petrol CVT Asta,2018,"50,000kms",Petrol,Automatic,₹4 Lakh,gurgaon
Hyundai,Hyundai AlcazarPlatinum (O) AT,2021,"35,000kms",Petrol,Automatic,₹13.25 Lakh,gurgaon
Mahindra,Mahindra XUV500AT W8 FWD,2016,"1,07,000kms",Diesel,Automatic,₹5 Lakh,gurgaon
Tata,Tata Nexon EV  Max XZ Plus,2022,"74,000kms",Electric,Automatic,₹13 Lakh,gurgaon
Honda,Honda AmazeS Petrol BSIV,2019,"40,000kms",Petrol,Manual,₹5 Lakh,gurgaon
Maruti,Maruti SwiftVXi CNG,2024,"70,000kms",CNG,Manual,₹7 Lakh,gurgaon
Hyundai,Hyundai Creta1.6 VTVT S,2016,"50,000kms",Petrol,Manual,₹5.10 Lakh,gurgaon
Honda,Honda MobilioRS i-DTEC,2016,"70,000kms",Diesel,Manual,₹2.50 Lakh,gurgaon
Maruti,Maruti CiazZXi,2015,"60,000kms",Petrol,Manual,₹4 Lakh,gurgaon
Honda,Honda MobilioRS i-DTEC,2016,"70,000kms",Diesel,Manual,₹2.50 Lakh,gurgaon
Maruti,Maruti CiazZXi,2015,"60,000kms",Petrol,Manual,₹4 Lakh,gurgaon
Maruti,Maruti Wagon RZXI 1.2,2020,"70,000kms",Petrol,Manual,₹4.35 Lakh,gurgaon
Maruti,Maruti Baleno1.2 Delta,2018,"1,00,000kms",Petrol,Manual,₹3.50 Lakh,gurgaon
Hyundai,Hyundai EONMagna Optional,2014,"1,10,000kms",Petrol,Manual,₹1.80 Lakh,gurgaon
Maruti,Maruti Wagon RLXI BS IV,2012,"1,20,000kms",Petrol,Manual,₹1.42 Lakh,gurgaon
BMW,BMW 5 Series520d Luxury Line,2016,"50,000kms",Diesel,Automatic,₹14.25 Lakh,gurgaon
Volkswagen,Volkswagen VentoPetrol Highline,2011,"91,000kms",Petrol,Manual,₹2 Lakh,gurgaon
Hyundai,Hyundai Grand i10 NiosSportz,2022,"33,000kms",Petrol,Manual,₹4.75 Lakh,gurgaon
Audi,Audi A8L 4.2 FSI quattro,2011,"50,000kms",Petrol,Automatic,₹12 Lakh,gurgaon
Hyundai,Hyundai Grand i10Sportz,2014,"1,60,000kms",Petrol,Manual,₹1.88 Lakh,gurgaon
Tata,Tata CurvvPure Plus,2024,"11,500kms",Petrol,Manual,₹10 Lakh,gurgaon
Hyundai,Hyundai i201.2 Sportz,2012,"1,50,000kms",Petrol,Manual,₹1.70 Lakh,gurgaon
Maruti,Maruti Baleno1.2 CVT Delta,2017,"60,000kms",Petrol,Automatic,₹4.60 Lakh,gurgaon
Tata,Tata Nexon EVXZ Plus,2021,"1,00,000kms",Electric,Automatic,₹8 Lakh,gurgaon
Mahindra,Mahindra TharLX 4WD Hard Top Diesel BSVI,2021,"60,000kms",Diesel,Manual,₹13 Lakh,gurgaon
Honda,Honda Jazz1.2 S AT i VTEC,2015,"90,000kms",Petrol,Automatic,₹2.90 Lakh,gurgaon
Volkswagen,Volkswagen Taigun1.0 Highline AT,2023,"60,000kms",Petrol,Automatic,₹9.75 Lakh,gurgaon
Mahindra,Mahindra TharLX Convert Top Diesel,2024,"32,000kms",Diesel,Manual,₹12 Lakh,gurgaon
Hyundai,Hyundai Verna1.4 VTVT,2014,"50,000kms",Petrol,Manual,₹3.50 Lakh,gurgaon
Mahindra,Mahindra XUV700AX5 7 Str,2025,"20,000kms",Petrol,Manual,₹16.50 Lakh,gurgaon
Mercedes-Benz,Mercedes-Benz E-ClassE 200,2024,"10,000kms",Petrol,Automatic,₹65 Lakh,gurgaon
Hyundai,Hyundai AlcazarSignature (O) Diesel AT BSVI,2021,"69,534kms",Diesel,Automatic,₹11.95 Lakh,gurgaon
Maruti,Maruti S CrossSigma DDiS 200 SH,2018,"1,50,000kms",Diesel,Manual,₹4 Lakh,gurgaon
Honda,Honda Amaze 2nd GenVX BSVI,2022,"40,000kms",Petrol,Manual,₹5.70 Lakh,gurgaon
Honda,Honda CityV AT,2011,"81,000kms",Petrol,Automatic,₹2.15 Lakh,gurgaon
Honda,Honda New Accord2.4 A/T,2013,"1,15,000kms",Petrol,Automatic,₹3.95 Lakh,gurgaon
Hyundai,Hyundai Creta1.6 CRDi AT SX Plus,2018,"65,400kms",Diesel,Automatic,₹7.75 Lakh,gurgaon
Maruti,Maruti Alto 800LXI,2012,"87,000kms",Petrol,Manual,"₹95,000",gurgaon
Renault,Renault KWID1.0 RXL,2018,"80,000kms",Petrol,Manual,₹1.87 Lakh,gurgaon
Hyundai,Hyundai Grand i10 NiosAMT Sportz,2021,"13,500kms",Petrol,Automatic,₹5.40 Lakh,gurgaon
Hyundai,Hyundai Grand i10Sportz,2015,"78,647kms",Petrol,Manual,₹3.45 Lakh,gurgaon
Hyundai,Hyundai Grand i10Asta,2015,"38,000kms",Petrol,Manual,₹2.90 Lakh,gurgaon
Maruti,Maruti Grand VitaraDelta AT,2023,"20,000kms",Petrol,Automatic,₹12 Lakh,gurgaon
Hyundai,Hyundai EONSportz,2012,"85,000kms",Petrol,Manual,₹1.15 Lakh,gurgaon
Maruti,Maruti SwiftLXI BSIV,2016,"1,30,000kms",Petrol,Manual,₹3 Lakh,gurgaon
Maruti,Maruti Wagon RLXI CNG,2013,"1,20,000kms",CNG,Manual,₹1.80 Lakh,gurgaon
Honda,Honda AmazeS i-Vtech,2016,"90,000kms",Petrol,Manual,₹2.80 Lakh,gurgaon
Tata,Tata PunchAccomplished BSVI,2021,"30,000kms",Petrol,Manual,₹5 Lakh,gurgaon
Tata,Tata NexonXMA AMT S BSVI,2022,"60,000kms",Petrol,Automatic,₹7 Lakh,gurgaon
Maruti,Maruti CiazZXi,2015,"60,000kms",Petrol,Manual,₹4 Lakh,gurgaon
Hyundai,Hyundai AlcazarSignature (O) Diesel AT BSVI,2021,"69,534kms",Diesel,Automatic,₹11.95 Lakh,gurgaon
Maruti,Maruti S CrossSigma DDiS 200 SH,2018,"1,50,000kms",Diesel,Manual,₹4 Lakh,gurgaon
Honda,Honda Amaze 2nd GenVX BSVI,2022,"40,000kms",Petrol,Manual,₹5.70 Lakh,gurgaon
Honda,Honda CityV AT,2011,"81,000kms",Petrol,Automatic,₹2.15 Lakh,gurgaon
Honda,Honda New Accord2.4 A/T,2013,"1,15,000kms",Petrol,Automatic,₹3.95 Lakh,gurgaon
Hyundai,Hyundai Creta1.6 CRDi AT SX Plus,2018,"65,400kms",Diesel,Automatic,₹7.75 Lakh,gurgaon
Maruti,Maruti Alto 800LXI,2012,"87,000kms",Petrol,Manual,"₹95,000",gurgaon
Renault,Renault KWID1.0 RXL,2018,"80,000kms",Petrol,Manual,₹1.87 Lakh,gurgaon
Hyundai,Hyundai Grand i10 NiosAMT Sportz,2021,"13,500kms",Petrol,Automatic,₹5.40 Lakh,gurgaon
Hyundai,Hyundai Grand i10Sportz,2015,"78,647kms",Petrol,Manual,₹3.45 Lakh,gurgaon
BMW,BMW X1sDrive20i xLine,2019,"70,000kms",Petrol,Automatic,₹19.70 Lakh,gurgaon
Mahindra,Mahindra XUV 3XOAX5,2024,"14,700kms",Petrol,Manual,₹10.50 Lakh,gurgaon
Mahindra,Mahindra TharLX Hard Top,2023,"15,000kms",Petrol,Manual,₹11.99 Lakh,gurgaon
Volkswagen,Volkswagen Taigun1.0 Highline AT,2026,"10,000kms",Petrol,Automatic,₹13.30 Lakh,gurgaon
Maruti,Maruti Swift DzireVXI,2013,"50,000kms",Petrol,Manual,₹3 Lakh,gurgaon
Skoda,Skoda Slavia1.0 TSI Style AT BSVI,2022,"40,000kms",Petrol,Automatic,₹10.50 Lakh,gurgaon
Chevrolet,Chevrolet BeatLS,2015,"1,20,000kms",Petrol,Manual,₹1.12 Lakh,gurgaon
Honda,Honda Cityi VTEC VX Option,2016,"50,680kms",Petrol,Manual,₹5.25 Lakh,gurgaon
Volkswagen,Volkswagen Polo1.2 MPI Highline,2015,"28,587kms",Petrol,Manual,₹3.75 Lakh,gurgaon
Tata,Tata PunchAccomplished BSVI,2021,"30,000kms",Petrol,Manual,₹5 Lakh,gurgaon
Tata,Tata NexonXMA AMT S BSVI,2022,"60,000kms",Petrol,Automatic,₹7 Lakh,gurgaon
Renault,Renault DusterAdventure Edition 85PS RXE,2017,"1,02,000kms",Diesel,Manual,₹3 Lakh,gurgaon
Ford,Ford Ecosport1.5 Petrol Titanium BSIV,2017,"72,585kms",Petrol,Manual,₹4.55 Lakh,gurgaon
Honda,Honda AmazeS Option i-VTEC,2017,"30,000kms",Petrol,Manual,₹3.60 Lakh,gurgaon
Volkswagen,Volkswagen PoloGT TSI,2018,"80,000kms",Petrol,Automatic,₹5.05 Lakh,gurgaon
Volkswagen,Volkswagen VentoPetrol Highline,2011,"91,000kms",Petrol,Manual,₹2 Lakh,gurgaon
Hyundai,Hyundai Grand i10 NiosSportz,2022,"33,000kms",Petrol,Manual,₹4.75 Lakh,gurgaon
Audi,Audi A8L 4.2 FSI quattro,2011,"50,000kms",Petrol,Automatic,₹12 Lakh,gurgaon
Maruti,Maruti Baleno1.2 Delta,2017,"80,000kms",Petrol,Manual,₹3.60 Lakh,gurgaon
Tata,Tata TigorXE BSVI,2021,"50,000kms",Petrol,Manual,₹3.36 Lakh,gurgaon
Toyota,Toyota Fortuner4x2 AT,2014,"1,63,000kms",Diesel,Automatic,₹7 Lakh,gurgaon
Honda,Honda CityV MT,2020,"30,000kms",Petrol,Manual,₹8 Lakh,gurgaon
Nissan,Nissan MagniteXV BSVI,2023,"80,000kms",Petrol,Manual,₹4.82 Lakh,gurgaon
Ford,Ford Ecosport1.5 Diesel Titanium BSIV,2018,"1,60,000kms",Diesel,Manual,₹4.50 Lakh,gurgaon
Ford,Ford Ecosport1.5 Diesel Trend BSIV,2017,"94,000kms",Diesel,Manual,₹3.25 Lakh,gurgaon
Honda,Honda Cityi VTEC VX,2014,"1,60,000kms",Petrol,Manual,₹4.10 Lakh,gurgaon
Hyundai,Hyundai Grand i10 NiosSportz,2023,"15,500kms",Petrol,Manual,₹6.49 Lakh,gurgaon
Hyundai,Hyundai i10Era,2010,"90,000kms",Petrol,Manual,"₹83,000",gurgaon
Tata,Tata Nexon EVXZ Plus Lux,2023,"79,000kms",Electric,Automatic,₹7.85 Lakh,gurgaon
Maruti,Maruti CiazZXi,2015,"60,000kms",Petrol,Manual,₹4 Lakh,gurgaon
Hyundai,Hyundai AlcazarSignature (O) Diesel AT BSVI,2021,"69,534kms",Diesel,Automatic,₹11.95 Lakh,gurgaon
Maruti,Maruti S CrossSigma DDiS 200 SH,2018,"1,50,000kms",Diesel,Manual,₹4 Lakh,gurgaon
Honda,Honda Amaze 2nd GenVX BSVI,2022,"40,000kms",Petrol,Manual,₹5.70 Lakh,gurgaon
Honda,Honda CityV AT,2011,"81,000kms",Petrol,Automatic,₹2.15 Lakh,gurgaon
Honda,Honda New Accord2.4 A/T,2013,"1,15,000kms",Petrol,Automatic,₹3.95 Lakh,gurgaon
Hyundai,Hyundai Creta1.6 CRDi AT SX Plus,2018,"65,400kms",Diesel,Automatic,₹7.75 Lakh,gurgaon
Maruti,Maruti Alto 800LXI,2012,"87,000kms",Petrol,Manual,"₹95,000",gurgaon
Renault,Renault KWID1.0 RXL,2018,"80,000kms",Petrol,Manual,₹1.87 Lakh,gurgaon
Hyundai,Hyundai Grand i10 NiosAMT Sportz,2021,"13,500kms",Petrol,Automatic,₹5.40 Lakh,gurgaon
Hyundai,Hyundai Grand i10Sportz,2015,"78,647kms",Petrol,Manual,₹3.45 Lakh,gurgaon
BMW,BMW X1sDrive20i xLine,2019,"70,000kms",Petrol,Automatic,₹19.70 Lakh,gurgaon
Mahindra,Mahindra XUV 3XOAX5,2024,"14,700kms",Petrol,Manual,₹10.50 Lakh,gurgaon
Mahindra,Mahindra TharLX Hard Top,2023,"15,000kms",Petrol,Manual,₹11.99 Lakh,gurgaon
Volkswagen,Volkswagen Taigun1.0 Highline AT,2026,"10,000kms",Petrol,Automatic,₹13.30 Lakh,gurgaon
Maruti,Maruti Swift DzireVXI,2013,"50,000kms",Petrol,Manual,₹3 Lakh,gurgaon
Skoda,Skoda Slavia1.0 TSI Style AT BSVI,2022,"40,000kms",Petrol,Automatic,₹10.50 Lakh,gurgaon
Chevrolet,Chevrolet BeatLS,2015,"1,20,000kms",Petrol,Manual,₹1.12 Lakh,gurgaon
Honda,Honda Cityi VTEC VX Option,2016,"50,680kms",Petrol,Manual,₹5.25 Lakh,gurgaon
Volkswagen,Volkswagen Polo1.2 MPI Highline,2015,"28,587kms",Petrol,Manual,₹3.75 Lakh,gurgaon
Hyundai,Hyundai Creta1.6 CRDi AT SX Plus,2018,"65,400kms",Diesel,Automatic,₹7.75 Lakh,gurgaon
Maruti,Maruti CiazAlpha Diesel,2018,"53,000kms",Diesel,Manual,₹4.75 Lakh,gurgaon
Maruti,Maruti Swift DzireVXI,2013,"50,000kms",Petrol,Manual,₹3 Lakh,gurgaon
Tata,Tata Nexon EVXZ Plus Lux,2023,"79,000kms",Electric,Automatic,₹7.85 Lakh,gurgaon
Honda,Honda Cityi VTEC VX Option,2016,"50,680kms",Petrol,Manual,₹5.25 Lakh,gurgaon
Volkswagen,Volkswagen Polo1.2 MPI Highline,2015,"28,587kms",Petrol,Manual,₹3.75 Lakh,gurgaon
Hyundai,Hyundai VenueSX Plus Turbo DCT BSIV,2019,"36,500kms",Petrol,Automatic,₹8.45 Lakh,gurgaon
BMW,BMW X1sDrive20i SportX,2021,"50,000kms",Petrol,Automatic,₹24 Lakh,gurgaon
Maruti,Maruti CiazDelta Diesel,2019,"1,41,000kms",Diesel,Automatic,₹5 Lakh,gurgaon
Ford,Ford Endeavour3.2 Titanium AT 4X4,2016,"1,33,735kms",Diesel,Automatic,₹15.75 Lakh,gurgaon
Maruti,Maruti Vitara BrezzaVDi Option,2017,"87,000kms",Diesel,Manual,₹4.80 Lakh,gurgaon
Toyota,Toyota Etios1.4 VXD,2017,"1,20,000kms",Diesel,Manual,₹4 Lakh,gurgaon
Tata,Tata Nexon1.2 Revotron XM,2020,"26,000kms",Petrol,Manual,₹5.50 Lakh,gurgaon
Renault,Renault KigerRXZ,2022,"80,000kms",Petrol,Manual,₹4.75 Lakh,gurgaon
Maruti,Maruti Wagon RVXI,2018,"1,13,879kms",Petrol,Manual,₹2.65 Lakh,gurgaon
Honda,Honda Cityi VTEC VX,2017,"70,000kms",Petrol,Manual,₹6.20 Lakh,gurgaon
Honda,Honda AmazeS Petrol,2020,"60,000kms",Petrol,Manual,₹4.60 Lakh,gurgaon
Renault,Renault KWID1.0 RXT Opt,2021,"43,000kms",Petrol,Manual,₹2.70 Lakh,gurgaon
Ford,Ford Ecosport1.5 TDCi Trend BSIV,2016,"1,00,000kms",Diesel,Manual,₹3.50 Lakh,gurgaon
BMW,BMW X1sDrive20i xLine,2019,"70,000kms",Petrol,Automatic,₹19.70 Lakh,gurgaon
Tata,Tata PunchAccomplished BSVI,2021,"30,000kms",Petrol,Manual,₹5 Lakh,gurgaon
Tata,Tata NexonXMA AMT S BSVI,2022,"60,000kms",Petrol,Automatic,₹7 Lakh,gurgaon
Renault,Renault DusterAdventure Edition 85PS RXE,2017,"1,02,000kms",Diesel,Manual,₹3 Lakh,gurgaon
Ford,Ford Ecosport1.5 Petrol Titanium BSIV,2017,"72,585kms",Petrol,Manual,₹4.55 Lakh,gurgaon
Honda,Honda AmazeS Option i-VTEC,2017,"30,000kms",Petrol,Manual,₹3.60 Lakh,gurgaon
Volkswagen,Volkswagen PoloGT TSI,2018,"80,000kms",Petrol,Automatic,₹5.05 Lakh,gurgaon
Volkswagen,Volkswagen VentoPetrol Highline,2011,"91,000kms",Petrol,Manual,₹2 Lakh,gurgaon
Hyundai,Hyundai Grand i10 NiosSportz,2022,"33,000kms",Petrol,Manual,₹4.75 Lakh,gurgaon
Audi,Audi A8L 4.2 FSI quattro,2011,"50,000kms",Petrol,Automatic,₹12 Lakh,gurgaon
Maruti,Maruti Baleno1.2 Delta,2017,"80,000kms",Petrol,Manual,₹3.60 Lakh,gurgaon
Tata,Tata TigorXE BSVI,2021,"50,000kms",Petrol,Manual,₹3.36 Lakh,gurgaon
Toyota,Toyota Fortuner4x2 AT,2014,"1,63,000kms",Diesel,Automatic,₹7 Lakh,gurgaon
Honda,Honda CityV MT,2020,"30,000kms",Petrol,Manual,₹8 Lakh,gurgaon
Nissan,Nissan MagniteXV BSVI,2023,"80,000kms",Petrol,Manual,₹4.82 Lakh,gurgaon
Ford,Ford Ecosport1.5 Diesel Titanium BSIV,2018,"1,60,000kms",Diesel,Manual,₹4.50 Lakh,gurgaon
Ford,Ford Ecosport1.5 Diesel Trend BSIV,2017,"94,000kms",Diesel,Manual,₹3.25 Lakh,gurgaon
Honda,Honda Cityi VTEC VX,2014,"1,60,000kms",Petrol,Manual,₹4.10 Lakh,gurgaon
Hyundai,Hyundai Grand i10 NiosSportz,2023,"15,500kms",Petrol,Manual,₹6.49 Lakh,gurgaon
Hyundai,Hyundai i10Era,2010,"90,000kms",Petrol,Manual,"₹83,000",gurgaon
Tata,Tata Nexon EVXZ Plus Lux,2023,"79,000kms",Electric,Automatic,₹7.85 Lakh,gurgaon
Maruti,Maruti CiazZXi,2015,"60,000kms",Petrol,Manual,₹4 Lakh,gurgaon
Hyundai,Hyundai AlcazarSignature (O) Diesel AT BSVI,2021,"69,534kms",Diesel,Automatic,₹11.95 Lakh,gurgaon
Maruti,Maruti S CrossSigma DDiS 200 SH,2018,"1,50,000kms",Diesel,Manual,₹4 Lakh,gurgaon
Honda,Honda Amaze 2nd GenVX BSVI,2022,"40,000kms",Petrol,Manual,₹5.70 Lakh,gurgaon
Honda,Honda CityV AT,2011,"81,000kms",Petrol,Automatic,₹2.15 Lakh,gurgaon
Honda,Honda New Accord2.4 A/T,2013,"1,15,000kms",Petrol,Automatic,₹3.95 Lakh,gurgaon
Hyundai,Hyundai Creta1.6 CRDi AT SX Plus,2018,"65,400kms",Diesel,Automatic,₹7.75 Lakh,gurgaon
Maruti,Maruti Alto 800LXI,2012,"87,000kms",Petrol,Manual,"₹95,000",gurgaon
Renault,Renault KWID1.0 RXL,2018,"80,000kms",Petrol,Manual,₹1.87 Lakh,gurgaon
Hyundai,Hyundai Grand i10 NiosAMT Sportz,2021,"13,500kms",Petrol,Automatic,₹5.40 Lakh,gurgaon
Hyundai,Hyundai Grand i10Sportz,2015,"78,647kms",Petrol,Manual,₹3.45 Lakh,gurgaon
BMW,BMW X1sDrive20i xLine,2019,"70,000kms",Petrol,Automatic,₹19.70 Lakh,gurgaon
Mahindra,Mahindra XUV 3XOAX5,2024,"14,700kms",Petrol,Manual,₹10.50 Lakh,gurgaon
Mahindra,Mahindra TharLX Hard Top,2023,"15,000kms",Petrol,Manual,₹11.99 Lakh,gurgaon
Volkswagen,Volkswagen Taigun1.0 Highline AT,2026,"10,000kms",Petrol,Automatic,₹13.30 Lakh,gurgaon
Maruti,Maruti Swift DzireVXI,2013,"50,000kms",Petrol,Manual,₹3 Lakh,gurgaon
Skoda,Skoda Slavia1.0 TSI Style AT BSVI,2022,"40,000kms",Petrol,Automatic,₹10.50 Lakh,gurgaon
Chevrolet,Chevrolet BeatLS,2015,"1,20,000kms",Petrol,Manual,₹1.12 Lakh,gurgaon
Honda,Honda Cityi VTEC VX Option,2016,"50,680kms",Petrol,Manual,₹5.25 Lakh,gurgaon
Volkswagen,Volkswagen Polo1.2 MPI Highline,2015,"28,587kms",Petrol,Manual,₹3.75 Lakh,gurgaon
Hyundai,Hyundai Creta1.6 CRDi AT SX Plus,2018,"65,400kms",Diesel,Automatic,₹7.75 Lakh,gurgaon
Maruti,Maruti CiazAlpha Diesel,2018,"53,000kms",Diesel,Manual,₹4.75 Lakh,gurgaon
Maruti,Maruti Swift DzireVXI,2013,"50,000kms",Petrol,Manual,₹3 Lakh,gurgaon
Tata,Tata Nexon EVXZ Plus Lux,2023,"79,000kms",Electric,Automatic,₹7.85 Lakh,gurgaon
Honda,Honda Cityi VTEC VX Option,2016,"50,680kms",Petrol,Manual,₹5.25 Lakh,gurgaon
Volkswagen,Volkswagen Polo1.2 MPI Highline,2015,"28,587kms",Petrol,Manual,₹3.75 Lakh,gurgaon
Hyundai,Hyundai VenueSX Plus Turbo DCT BSIV,2019,"36,500kms",Petrol,Automatic,₹8.45 Lakh,gurgaon
BMW,BMW X1sDrive20i SportX,2021,"50,000kms",Petrol,Automatic,₹24 Lakh,gurgaon
Maruti,Maruti CiazDelta Diesel,2019,"1,41,000kms",Diesel,Automatic,₹5 Lakh,gurgaon
Ford,Ford Endeavour3.2 Titanium AT 4X4,2016,"1,33,735kms",Diesel,Automatic,₹15.75 Lakh,gurgaon
Maruti,Maruti Vitara BrezzaVDi Option,2017,"87,000kms",Diesel,Manual,₹4.80 Lakh,gurgaon
Toyota,Toyota Etios1.4 VXD,2017,"1,20,000kms",Diesel,Manual,₹4 Lakh,gurgaon
Tata,Tata Nexon1.2 Revotron XM,2020,"26,000kms",Petrol,Manual,₹5.50 Lakh,gurgaon
Renault,Renault KigerRXZ,2022,"80,000kms",Petrol,Manual,₹4.75 Lakh,gurgaon
Maruti,Maruti Wagon RVXI,2018,"1,13,879kms",Petrol,Manual,₹2.65 Lakh,gurgaon
Honda,Honda Cityi VTEC VX,2017,"70,000kms",Petrol,Manual,₹6.20 Lakh,gurgaon
Honda,Honda AmazeS Petrol,2020,"60,000kms",Petrol,Manual,₹4.60 Lakh,gurgaon
Renault,Renault KWID1.0 RXT Opt,2021,"43,000kms",Petrol,Manual,₹2.70 Lakh,gurgaon
Ford,Ford Ecosport1.5 TDCi Trend BSIV,2016,"1,00,000kms",Diesel,Manual,₹3.50 Lakh,gurgaon
BMW,BMW X1sDrive20i xLine,2019,"70,000kms",Petrol,Automatic,₹19.70 Lakh,gurgaon
Tata,Tata PunchAccomplished BSVI,2021,"30,000kms",Petrol,Manual,₹5 Lakh,gurgaon
Tata,Tata NexonXMA AMT S BSVI,2022,"60,000kms",Petrol,Automatic,₹7 Lakh,gurgaon
Renault,Renault DusterAdventure Edition 85PS RXE,2017,"1,02,000kms",Diesel,Manual,₹3 Lakh,gurgaon
Ford,Ford Ecosport1.5 Petrol Titanium BSIV,2017,"72,585kms",Petrol,Manual,₹4.55 Lakh,gurgaon
Honda,Honda AmazeS Option i-VTEC,2017,"30,000kms",Petrol,Manual,₹3.60 Lakh,gurgaon
Volkswagen,Volkswagen PoloGT TSI,2018,"80,000kms",Petrol,Automatic,₹5.05 Lakh,gurgaon
Volkswagen,Volkswagen VentoPetrol Highline,2011,"91,000kms",Petrol,Manual,₹2 Lakh,gurgaon
Hyundai,Hyundai Grand i10 NiosSportz,2022,"33,000kms",Petrol,Manual,₹4.75 Lakh,gurgaon
Audi,Audi A8L 4.2 FSI quattro,2011,"50,000kms",Petrol,Automatic,₹12 Lakh,gurgaon
Maruti,Maruti Baleno1.2 Delta,2017,"80,000kms",Petrol,Manual,₹3.60 Lakh,gurgaon
Tata,Tata TigorXE BSVI,2021,"50,000kms",Petrol,Manual,₹3.36 Lakh,gurgaon
Toyota,Toyota Fortuner4x2 AT,2014,"1,63,000kms",Diesel,Automatic,₹7 Lakh,gurgaon
Honda,Honda CityV MT,2020,"30,000kms",Petrol,Manual,₹8 Lakh,gurgaon
Nissan,Nissan MagniteXV BSVI,2023,"80,000kms",Petrol,Manual,₹4.82 Lakh,gurgaon
Ford,Ford Ecosport1.5 Diesel Titanium BSIV,2018,"1,60,000kms",Diesel,Manual,₹4.50 Lakh,gurgaon
Ford,Ford Ecosport1.5 Diesel Trend BSIV,2017,"94,000kms",Diesel,Manual,₹3.25 Lakh,gurgaon
Honda,Honda Cityi VTEC VX,2014,"1,60,000kms",Petrol,Manual,₹4.10 Lakh,gurgaon
Hyundai,Hyundai Grand i10 NiosSportz,2023,"15,500kms",Petrol,Manual,₹6.49 Lakh,gurgaon
Hyundai,Hyundai i10Era,2010,"90,000kms",Petrol,Manual,"₹83,000",gurgaon
Tata,Tata Nexon EVXZ Plus Lux,2023,"79,000kms",Electric,Automatic,₹7.85 Lakh,gurgaon
Hyundai,Hyundai Creta1.6 CRDi AT SX Plus,2018,"65,400kms",Diesel,Automatic,₹7.75 Lakh,gurgaon
Maruti,Maruti CiazAlpha Diesel,2018,"53,000kms",Diesel,Manual,₹4.75 Lakh,gurgaon
Maruti,Maruti Swift DzireVXI,2013,"50,000kms",Petrol,Manual,₹3 Lakh,gurgaon
Tata,Tata Nexon EVXZ Plus Lux,2023,"79,000kms",Electric,Automatic,₹7.85 Lakh,gurgaon
Honda,Honda Cityi VTEC VX Option,2016,"50,680kms",Petrol,Manual,₹5.25 Lakh,gurgaon
Volkswagen,Volkswagen Polo1.2 MPI Highline,2015,"28,587kms",Petrol,Manual,₹3.75 Lakh,gurgaon
Hyundai,Hyundai VenueSX Plus Turbo DCT BSIV,2019,"36,500kms",Petrol,Automatic,₹8.45 Lakh,gurgaon
BMW,BMW X1sDrive20i SportX,2021,"50,000kms",Petrol,Automatic,₹24 Lakh,gurgaon
Maruti,Maruti CiazDelta Diesel,2019,"1,41,000kms",Diesel,Automatic,₹5 Lakh,gurgaon
Ford,Ford Endeavour3.2 Titanium AT 4X4,2016,"1,33,735kms",Diesel,Automatic,₹15.75 Lakh,gurgaon
Maruti,Maruti Vitara BrezzaVDi Option,2017,"87,000kms",Diesel,Manual,₹4.80 Lakh,gurgaon
Toyota,Toyota Etios1.4 VXD,2017,"1,20,000kms",Diesel,Manual,₹4 Lakh,gurgaon
Tata,Tata Nexon1.2 Revotron XM,2020,"26,000kms",Petrol,Manual,₹5.50 Lakh,gurgaon
Renault,Renault KigerRXZ,2022,"80,000kms",Petrol,Manual,₹4.75 Lakh,gurgaon
Maruti,Maruti Wagon RVXI,2018,"1,13,879kms",Petrol,Manual,₹2.65 Lakh,gurgaon
Honda,Honda Cityi VTEC VX,2017,"70,000kms",Petrol,Manual,₹6.20 Lakh,gurgaon
Honda,Honda AmazeS Petrol,2020,"60,000kms",Petrol,Manual,₹4.60 Lakh,gurgaon
Renault,Renault KWID1.0 RXT Opt,2021,"43,000kms",Petrol,Manual,₹2.70 Lakh,gurgaon
Ford,Ford Ecosport1.5 TDCi Trend BSIV,2016,"1,00,000kms",Diesel,Manual,₹3.50 Lakh,gurgaon
BMW,BMW X1sDrive20i xLine,2019,"70,000kms",Petrol,Automatic,₹19.70 Lakh,gurgaon
Tata,Tata PunchAccomplished BSVI,2021,"30,000kms",Petrol,Manual,₹5 Lakh,gurgaon
Tata,Tata NexonXMA AMT S BSVI,2022,"60,000kms",Petrol,Automatic,₹7 Lakh,gurgaon
Renault,Renault DusterAdventure Edition 85PS RXE,2017,"1,02,000kms",Diesel,Manual,₹3 Lakh,gurgaon
Ford,Ford Ecosport1.5 Petrol Titanium BSIV,2017,"72,585kms",Petrol,Manual,₹4.55 Lakh,gurgaon
Honda,Honda AmazeS Option i-VTEC,2017,"30,000kms",Petrol,Manual,₹3.60 Lakh,gurgaon
Volkswagen,Volkswagen PoloGT TSI,2018,"80,000kms",Petrol,Automatic,₹5.05 Lakh,gurgaon
Volkswagen,Volkswagen VentoPetrol Highline,2011,"91,000kms",Petrol,Manual,₹2 Lakh,gurgaon
Hyundai,Hyundai Grand i10 NiosSportz,2022,"33,000kms",Petrol,Manual,₹4.75 Lakh,gurgaon
Audi,Audi A8L 4.2 FSI quattro,2011,"50,000kms",Petrol,Automatic,₹12 Lakh,gurgaon
Maruti,Maruti Baleno1.2 Delta,2017,"80,000kms",Petrol,Manual,₹3.60 Lakh,gurgaon
Tata,Tata TigorXE BSVI,2021,"50,000kms",Petrol,Manual,₹3.36 Lakh,gurgaon
Toyota,Toyota Fortuner4x2 AT,2014,"1,63,000kms",Diesel,Automatic,₹7 Lakh,gurgaon
Honda,Honda CityV MT,2020,"30,000kms",Petrol,Manual,₹8 Lakh,gurgaon
Nissan,Nissan MagniteXV BSVI,2023,"80,000kms",Petrol,Manual,₹4.82 Lakh,gurgaon
Ford,Ford Ecosport1.5 Diesel Titanium BSIV,2018,"1,60,000kms",Diesel,Manual,₹4.50 Lakh,gurgaon
Ford,Ford Ecosport1.5 Diesel Trend BSIV,2017,"94,000kms",Diesel,Manual,₹3.25 Lakh,gurgaon
Honda,Honda Cityi VTEC VX,2014,"1,60,000kms",Petrol,Manual,₹4.10 Lakh,gurgaon
Hyundai,Hyundai Grand i10 NiosSportz,2023,"15,500kms",Petrol,Manual,₹6.49 Lakh,gurgaon
Hyundai,Hyundai i10Era,2010,"90,000kms",Petrol,Manual,"₹83,000",gurgaon
Tata,Tata Nexon EVXZ Plus Lux,2023,"79,000kms",Electric,Automatic,₹7.85 Lakh,gurgaon
Maruti,Maruti CiazZXi,2015,"60,000kms",Petrol,Manual,₹4 Lakh,gurgaon
Hyundai,Hyundai AlcazarSignature (O) Diesel AT BSVI,2021,"69,534kms",Diesel,Automatic,₹11.95 Lakh,gurgaon
Maruti,Maruti S CrossSigma DDiS 200 SH,2018,"1,50,000kms",Diesel,Manual,₹4 Lakh,gurgaon
Honda,Honda Amaze 2nd GenVX BSVI,2022,"40,000kms",Petrol,Manual,₹5.70 Lakh,gurgaon
Honda,Honda CityV AT,2011,"81,000kms",Petrol,Automatic,₹2.15 Lakh,gurgaon
Honda,Honda New Accord2.4 A/T,2013,"1,15,000kms",Petrol,Automatic,₹3.95 Lakh,gurgaon
Hyundai,Hyundai Creta1.6 CRDi AT SX Plus,2018,"65,400kms",Diesel,Automatic,₹7.75 Lakh,gurgaon
Maruti,Maruti Alto 800LXI,2012,"87,000kms",Petrol,Manual,"₹95,000",gurgaon
Renault,Renault KWID1.0 RXL,2018,"80,000kms",Petrol,Manual,₹1.87 Lakh,gurgaon
Hyundai,Hyundai Grand i10 NiosAMT Sportz,2021,"13,500kms",Petrol,Automatic,₹5.40 Lakh,gurgaon
Hyundai,Hyundai Grand i10Sportz,2015,"78,647kms",Petrol,Manual,₹3.45 Lakh,gurgaon
BMW,BMW X1sDrive20i xLine,2019,"70,000kms",Petrol,Automatic,₹19.70 Lakh,gurgaon
Mahindra,Mahindra XUV 3XOAX5,2024,"14,700kms",Petrol,Manual,₹10.50 Lakh,gurgaon
Mahindra,Mahindra TharLX Hard Top,2023,"15,000kms",Petrol,Manual,₹11.99 Lakh,gurgaon
Volkswagen,Volkswagen Taigun1.0 Highline AT,2026,"10,000kms",Petrol,Automatic,₹13.30 Lakh,gurgaon
Maruti,Maruti Swift DzireVXI,2013,"50,000kms",Petrol,Manual,₹3 Lakh,gurgaon
Skoda,Skoda Slavia1.0 TSI Style AT BSVI,2022,"40,000kms",Petrol,Automatic,₹10.50 Lakh,gurgaon
Chevrolet,Chevrolet BeatLS,2015,"1,20,000kms",Petrol,Manual,₹1.12 Lakh,gurgaon
Honda,Honda Cityi VTEC VX Option,2016,"50,680kms",Petrol,Manual,₹5.25 Lakh,gurgaon
Volkswagen,Volkswagen Polo1.2 MPI Highline,2015,"28,587kms",Petrol,Manual,₹3.75 Lakh,gurgaon
Tata,Tata PunchAccomplished BSVI,2021,"30,000kms",Petrol,Manual,₹5 Lakh,gurgaon
Tata,Tata NexonXMA AMT S BSVI,2022,"60,000kms",Petrol,Automatic,₹7 Lakh,gurgaon
Renault,Renault DusterAdventure Edition 85PS RXE,2017,"1,02,000kms",Diesel,Manual,₹3 Lakh,gurgaon
Ford,Ford Ecosport1.5 Petrol Titanium BSIV,2017,"72,585kms",Petrol,Manual,₹4.55 Lakh,gurgaon
Honda,Honda AmazeS Option i-VTEC,2017,"30,000kms",Petrol,Manual,₹3.60 Lakh,gurgaon
Volkswagen,Volkswagen PoloGT TSI,2018,"80,000kms",Petrol,Automatic,₹5.05 Lakh,gurgaon
Volkswagen,Volkswagen VentoPetrol Highline,2011,"91,000kms",Petrol,Manual,₹2 Lakh,gurgaon
Hyundai,Hyundai Grand i10 NiosSportz,2022,"33,000kms",Petrol,Manual,₹4.75 Lakh,gurgaon
Audi,Audi A8L 4.2 FSI quattro,2011,"50,000kms",Petrol,Automatic,₹12 Lakh,gurgaon
Maruti,Maruti Baleno1.2 Delta,2017,"80,000kms",Petrol,Manual,₹3.60 Lakh,gurgaon
Tata,Tata TigorXE BSVI,2021,"50,000kms",Petrol,Manual,₹3.36 Lakh,gurgaon
Toyota,Toyota Fortuner4x2 AT,2014,"1,63,000kms",Diesel,Automatic,₹7 Lakh,gurgaon
Honda,Honda CityV MT,2020,"30,000kms",Petrol,Manual,₹8 Lakh,gurgaon
Nissan,Nissan MagniteXV BSVI,2023,"80,000kms",Petrol,Manual,₹4.82 Lakh,gurgaon
Ford,Ford Ecosport1.5 Diesel Titanium BSIV,2018,"1,60,000kms",Diesel,Manual,₹4.50 Lakh,gurgaon
Ford,Ford Ecosport1.5 Diesel Trend BSIV,2017,"94,000kms",Diesel,Manual,₹3.25 Lakh,gurgaon
Honda,Honda Cityi VTEC VX,2014,"1,60,000kms",Petrol,Manual,₹4.10 Lakh,gurgaon
Hyundai,Hyundai Grand i10 NiosSportz,2023,"15,500kms",Petrol,Manual,₹6.49 Lakh,gurgaon
Hyundai,Hyundai i10Era,2010,"90,000kms",Petrol,Manual,"₹83,000",gurgaon
Tata,Tata Nexon EVXZ Plus Lux,2023,"79,000kms",Electric,Automatic,₹7.85 Lakh,gurgaon
Hyundai,Hyundai Creta1.6 CRDi AT SX Plus,2018,"65,400kms",Diesel,Automatic,₹7.75 Lakh,gurgaon
Maruti,Maruti CiazAlpha Diesel,2018,"53,000kms",Diesel,Manual,₹4.75 Lakh,gurgaon
Maruti,Maruti Swift DzireVXI,2013,"50,000kms",Petrol,Manual,₹3 Lakh,gurgaon
Tata,Tata Nexon EVXZ Plus Lux,2023,"79,000kms",Electric,Automatic,₹7.85 Lakh,gurgaon
Honda,Honda Cityi VTEC VX Option,2016,"50,680kms",Petrol,Manual,₹5.25 Lakh,gurgaon
Volkswagen,Volkswagen Polo1.2 MPI Highline,2015,"28,587kms",Petrol,Manual,₹3.75 Lakh,gurgaon
Hyundai,Hyundai VenueSX Plus Turbo DCT BSIV,2019,"36,500kms",Petrol,Automatic,₹8.45 Lakh,gurgaon
BMW,BMW X1sDrive20i SportX,2021,"50,000kms",Petrol,Automatic,₹24 Lakh,gurgaon
Maruti,Maruti CiazDelta Diesel,2019,"1,41,000kms",Diesel,Automatic,₹5 Lakh,gurgaon
Ford,Ford Endeavour3.2 Titanium AT 4X4,2016,"1,33,735kms",Diesel,Automatic,₹15.75 Lakh,gurgaon
Maruti,Maruti Vitara BrezzaVDi Option,2017,"87,000kms",Diesel,Manual,₹4.80 Lakh,gurgaon
Toyota,Toyota Etios1.4 VXD,2017,"1,20,000kms",Diesel,Manual,₹4 Lakh,gurgaon
Tata,Tata Nexon1.2 Revotron XM,2020,"26,000kms",Petrol,Manual,₹5.50 Lakh,gurgaon
Renault,Renault KigerRXZ,2022,"80,000kms",Petrol,Manual,₹4.75 Lakh,gurgaon
Maruti,Maruti Wagon RVXI,2018,"1,13,879kms",Petrol,Manual,₹2.65 Lakh,gurgaon
Honda,Honda Cityi VTEC VX,2017,"70,000kms",Petrol,Manual,₹6.20 Lakh,gurgaon
Honda,Honda AmazeS Petrol,2020,"60,000kms",Petrol,Manual,₹4.60 Lakh,gurgaon
Renault,Renault KWID1.0 RXT Opt,2021,"43,000kms",Petrol,Manual,₹2.70 Lakh,gurgaon
Ford,Ford Ecosport1.5 TDCi Trend BSIV,2016,"1,00,000kms",Diesel,Manual,₹3.50 Lakh,gurgaon
Honda,Honda Cityi VTEC VX,2014,"1,60,000kms",Petrol,Manual,₹4.10 Lakh,gurgaon
Hyundai,Hyundai Creta1.6 CRDi AT SX Plus,2018,"65,400kms",Diesel,Automatic,₹7.75 Lakh,gurgaon
Maruti,Maruti CiazAlpha Diesel,2018,"53,000kms",Diesel,Manual,₹4.75 Lakh,gurgaon
Maruti,Maruti Swift DzireVXI,2013,"50,000kms",Petrol,Manual,₹3 Lakh,gurgaon
Tata,Tata Nexon EVXZ Plus Lux,2023,"79,000kms",Electric,Automatic,₹7.85 Lakh,gurgaon
Honda,Honda Cityi VTEC VX Option,2016,"50,680kms",Petrol,Manual,₹5.25 Lakh,gurgaon
Volkswagen,Volkswagen Polo1.2 MPI Highline,2015,"28,587kms",Petrol,Manual,₹3.75 Lakh,gurgaon
Hyundai,Hyundai VenueSX Plus Turbo DCT BSIV,2019,"36,500kms",Petrol,Automatic,₹8.45 Lakh,gurgaon
BMW,BMW X1sDrive20i SportX,2021,"50,000kms",Petrol,Automatic,₹24 Lakh,gurgaon
Maruti,Maruti CiazDelta Diesel,2019,"1,41,000kms",Diesel,Automatic,₹5 Lakh,gurgaon
Ford,Ford Endeavour3.2 Titanium AT 4X4,2016,"1,33,735kms",Diesel,Automatic,₹15.75 Lakh,gurgaon
Maruti,Maruti Vitara BrezzaVDi Option,2017,"87,000kms",Diesel,Manual,₹4.80 Lakh,gurgaon
Toyota,Toyota Etios1.4 VXD,2017,"1,20,000kms",Diesel,Manual,₹4 Lakh,gurgaon
Tata,Tata Nexon1.2 Revotron XM,2020,"26,000kms",Petrol,Manual,₹5.50 Lakh,gurgaon
Renault,Renault KigerRXZ,2022,"80,000kms",Petrol,Manual,₹4.75 Lakh,gurgaon
Maruti,Maruti Wagon RVXI,2018,"1,13,879kms",Petrol,Manual,₹2.65 Lakh,gurgaon
Honda,Honda Cityi VTEC VX,2017,"70,000kms",Petrol,Manual,₹6.20 Lakh,gurgaon
Honda,Honda AmazeS Petrol,2020,"60,000kms",Petrol,Manual,₹4.60 Lakh,gurgaon
Renault,Renault KWID1.0 RXT Opt,2021,"43,000kms",Petrol,Manual,₹2.70 Lakh,gurgaon
Ford,Ford Ecosport1.5 TDCi Trend BSIV,2016,"1,00,000kms",Diesel,Manual,₹3.50 Lakh,gurgaon
Honda,Honda Cityi VTEC VX,2014,"1,60,000kms",Petrol,Manual,₹4.10 Lakh,gurgaon
BMW,BMW X5xDrive 30d xLine,2022,"44,266kms",Diesel,Automatic,₹64 Lakh,gurgaon
BMW,BMW iXxDrive50,2024,"4,002kms",Electric,Automatic,₹92 Lakh,gurgaon
Mercedes-Benz,Mercedes-Benz E-ClassExclusive E 200,2020,"15,000kms",Petrol,Automatic,₹44.50 Lakh,gurgaon
Mercedes-Benz,Mercedes-Benz C-ClassC 200,2023,"13,000kms",Petrol,Automatic,₹49 Lakh,gurgaon
Mercedes-Benz,Mercedes-Benz E-ClassExclusive E 200,2020,"15,000kms",Petrol,Automatic,₹44.50 Lakh,gurgaon
Volvo,Volvo XC60B5 Inscripition,2022,"33,254kms",Petrol,Automatic,₹41 Lakh,gurgaon
Porsche,Porsche CayenneDiesel Platinum Edition,2018,"50,000kms",Diesel,Automatic,₹46 Lakh,gurgaon
Mercedes-Benz,Mercedes-Benz S-ClassS 350 d,2020,"40,000kms",Diesel,Automatic,₹62 Lakh,gurgaon
Mercedes-Benz,Mercedes-Benz S-ClassMaybach S560,2019,"45,000kms",Petrol,Automatic,₹1.30 Crore,gurgaon
BMW,BMW 3 Series Long Wheelbase330Li M Sport First Edition,2021,"9,690kms",Petrol,Automatic,₹38 Lakh,gurgaon
Mercedes-Benz,Mercedes-Benz C-ClassPrime C 220d,2019,"74,000kms",Diesel,Automatic,₹19.90 Lakh,gurgaon
Hyundai,Hyundai TucsonPlatinum AT BSVI,2022,"17,500kms",Petrol,Automatic,₹26.50 Lakh,gurgaon
Ford,Ford EndeavourTitanium Plus 4X2,2019,"58,000kms",Diesel,Automatic,₹23 Lakh,gurgaon
Land Rover,Land Rover Range Rover3.0 Diesel LWB Vogue,2021,"48,554kms",Diesel,Automatic,₹1.40 Crore,gurgaon
Honda,Honda City1.5 V MT Exclusive,2015,"1,60,100kms",Petrol,Manual,₹2.20 Lakh,gurgaon
Mercedes-Benz,Mercedes-Benz AMG C 63Coupe,2020,"58,000kms",Petrol,Automatic,₹32 Lakh,gurgaon
Lexus,2021Lexus ES300h Luxury  -2022,2020,"80,000kms",Petrol,Automatic,₹32 Lakh,gurgaon
BMW,BMW X1sDrive18i M Sport,2024,"17,025kms",Petrol,Automatic,₹44 Lakh,gurgaon
BMW,BMW X5xDrive 30d xLine,2020,"97,000kms",Diesel,Automatic,₹46.50 Lakh,gurgaon
Land Rover,Land Rover Range Rover Sport3.0 Petrol SE,2017,"47,000kms",Petrol,Automatic,₹51.25 Lakh,gurgaon
