car_brand,car_name,year,km_driven,fuel,transmission,price,city
Mercedes-Benz,Mercedes-Benz EQE SUV500 4MATIC,2023,"19,000kms",Electric,Automatic,₹85 Lakh,noida
Toyota,Toyota Innova HycrossZX Hybrid,2024,"40,000kms",Petrol,Automatic,₹30.70 Lakh,noida
Maruti,Maruti BalenoAlpha Diesel,2016,"94,777kms",Diesel,Manual,₹4.19 Lakh,noida
Maruti,Maruti BalenoDelta Diesel,2017,"38,504kms",Diesel,Manual,₹4.41 Lakh,noida
Maruti,Maruti BalenoZeta Diesel,2016,"71,115kms",Diesel,Manual,₹4.09 Lakh,noida
Mercedes-Benz,Mercedes-Benz GLS450 4MATIC BSVI,2022,"30,000kms",Petrol,Automatic,₹1 Crore,noida
Maruti,Maruti BalenoDelta Diesel,2017,"64,411kms",Diesel,Manual,₹4.03 Lakh,noida
Hyundai,Hyundai SantroSportz BSIV,2019,"30,000kms",Petrol,Manual,₹3.99 Lakh,noida
Maruti,Maruti Baleno1.3 Zeta,2019,"75,000kms",Diesel,Manual,₹4.75 Lakh,noida
BMW,BMW X5xDrive 30d M Sport,2018,"1,00,000kms",Diesel,Automatic,₹23 Lakh,noida
Maruti,Maruti Baleno1.2 Sigma,2019,"54,000kms",Petrol,Manual,₹3.99 Lakh,noida
Tata,Tata TiagoXT,2024,"15,000kms",Petrol,Manual,₹6 Lakh,noida
Maruti,Maruti Baleno1.2 Delta,2018,"59,000kms",Petrol,Manual,₹4.25 Lakh,noida
BMW,BMW X5xDrive 30d Design Pure Experience 5 Seater,2016,"1,20,000kms",Diesel,Automatic,₹20 Lakh,noida
Maruti,Maruti Swift DzireZXI Plus,2019,"56,600kms",Petrol,Manual,₹6 Lakh,noida
Maruti,Maruti BalenoZeta AMT,2016,"86,916kms",Petrol,Automatic,₹4.50 Lakh,noida
Ford,Ford FreestyleTitanium,2019,"1,13,033kms",Petrol,Manual,₹3.42 Lakh,noida
Hyundai,Hyundai Creta1.6 VTVT SX Plus,2017,"68,000kms",Petrol,Manual,₹5.70 Lakh,noida
Maruti,Maruti Baleno1.2 Delta,2018,"84,000kms",Petrol,Manual,₹4.50 Lakh,noida
Mahindra,Mahindra XUV700AX5 7 Str,2022,"23,578kms",Petrol,Manual,₹15.30 Lakh,noida
Honda,Honda Jazz1.2 S i VTEC,2015,"64,000kms",Petrol,Manual,₹3.60 Lakh,noida
Hyundai,Hyundai ExterSX,2023,"70,585kms",Petrol,Manual,₹6.67 Lakh,noida
Ford,Ford EcosportTitanium Plus AT,2018,"49,426kms",Petrol,Automatic,₹6.79 Lakh,noida
Hyundai,Hyundai Creta1.6 SX Automatic,2018,"74,475kms",Petrol,Automatic,₹7.15 Lakh,noida
Honda,Honda Jazz1.2 SV i VTEC,2015,"52,000kms",Petrol,Manual,₹4.25 Lakh,noida
MG,MG Hector1.5 Turbo Savvy Pro CVT BSVI,2023,"51,000kms",Petrol,Automatic,₹13.25 Lakh,noida
Tata,Tata HarrierXZ BSIV,2019,"60,000kms",Diesel,Manual,₹8.90 Lakh,noida
Kia,Kia SeltosGTX,2019,"65,000kms",Petrol,Manual,₹9.50 Lakh,noida
Maruti,Maruti CelerioLXI Optional MT BSIV,2019,"57,000kms",Petrol,Manual,₹3.60 Lakh,noida
Toyota,Toyota HyryderE,2023,"21,000kms",Petrol,Manual,₹10.50 Lakh,noida
MG,MG HectorSharp DCT,2019,"26,000kms",Petrol,Automatic,₹10.75 Lakh,noida
Kia,Kia CarensLuxury Plus Turbo DCT 6 STR  -2023,2022,"39,000kms",Petrol,Automatic,₹14.50 Lakh,noida
Hyundai,Hyundai i20Sportz 1.2,2016,"61,000kms",Petrol,Manual,₹3.70 Lakh,noida
Kia,Kia CarensPrestige Plus Diesel,2022,"42,925kms",Diesel,Manual,₹10.83 Lakh,noida
Hyundai,Hyundai VenueSX BSVI,2022,"8,312kms",Petrol,Manual,₹8.58 Lakh,noida
Maruti,Maruti Vitara BrezzaZDi Plus AMT,2018,"79,000kms",Diesel,Automatic,₹6.25 Lakh,noida
Hyundai,Hyundai Creta1.6 CRDi AT SX Plus,2018,"85,000kms",Diesel,Automatic,₹7.25 Lakh,noida
Kia,Kia SeltosGTX DCT,2020,"48,378kms",Petrol,Automatic,₹6.95 Lakh,noida
MG,MG HectorSharp Diesel MT BSIV,2020,"72,238kms",Diesel,Manual,₹9.44 Lakh,noida
Tata,Tata NexonXZ Plus (O) Diesel,2019,"30,782kms",Diesel,Manual,₹6.68 Lakh,noida
Mercedes-Benz,Mercedes-Benz C-ClassC 200 CGI Elegance,2011,"73,000kms",Petrol,Automatic,₹5.95 Lakh,noida
Maruti,Maruti ErtigaZXI,2016,"57,828kms",Petrol,Manual,₹6.04 Lakh,noida
Maruti,Maruti Grand VitaraZeta,2023,"97,310kms",Petrol,Manual,₹9.95 Lakh,noida
Mahindra,Mahindra XUV300W8 Option BSVI,2023,"45,000kms",Petrol,Manual,₹9.80 Lakh,noida
Toyota,Toyota Corolla AltisG AT,2015,"1,20,000kms",Petrol,Automatic,₹5.95 Lakh,noida
Toyota,Toyota Urban cruiserPremium,2022,"36,000kms",Petrol,Manual,₹8.60 Lakh,noida
Toyota,Toyota RumionS,2024,"2,50,000kms",Petrol,Manual,₹10 Lakh,noida
Kia,Kia SeltosGTX Plus,2019,"76,000kms",Petrol,Manual,₹9.50 Lakh,noida
Hyundai,Hyundai i20Asta 1.2,2015,"65,000kms",Petrol,Manual,₹3.85 Lakh,noida
Hyundai,Hyundai CretaSX,2023,"22,040kms",Petrol,Manual,₹12.60 Lakh,noida
Skoda,Skoda Kushaq1.5 TSI Ambition,2023,"71,674kms",Petrol,Manual,₹10.73 Lakh,noida
Skoda,Skoda Kushaq1.5 TSI Ambition,2022,"48,439kms",Petrol,Manual,₹11.92 Lakh,noida
Hyundai,Hyundai Xcent1.2 Kappa S,2014,"48,000kms",Petrol,Manual,₹3.15 Lakh,noida
Kia,Kia SonetGTX Plus Turbo iMT BSVI,2022,"55,000kms",Petrol,Manual,₹10.50 Lakh,noida
BMW,BMW 7 Series730Ld DPE Signature,2020,"25,000kms",Diesel,Automatic,₹55 Lakh,noida
Tata,Tata SafariAccomplished Dark,2024,"86,000kms",Diesel,Manual,₹18.95 Lakh,noida
Maruti,Maruti Baleno1.2 Delta,2016,"68,000kms",Petrol,Manual,₹3.85 Lakh,noida
Honda,Honda AmazeVX Opt Petrol BSIV,2018,"67,000kms",Petrol,Manual,₹3.96 Lakh,noida
Honda,Honda AmazeVX Opt Petrol BSIV,2018,"67,000kms",Petrol,Manual,₹3.97 Lakh,noida
Honda,Honda AmazeVX Opt Petrol BSIV,2018,"67,000kms",Petrol,Manual,₹3.96 Lakh,noida
Maruti,Maruti CiazVXi Plus,2015,"64,000kms",Petrol,Manual,₹4.65 Lakh,noida
Maruti,Maruti CiazAlpha BSVI,2020,"88,508kms",Petrol,Manual,₹5.71 Lakh,noida
Maruti,Maruti CiazAlpha BSVI,2020,"60,613kms",Petrol,Manual,₹5.64 Lakh,noida
Maruti,Maruti Wagon RZXI Plus BSVI,2022,"16,481kms",Petrol,Manual,₹5.34 Lakh,noida
Ford,Ford Aspire1.2 Ti-VCT Titanium,2017,"66,000kms",Petrol,Manual,₹3.55 Lakh,noida
Honda,Honda Amaze 2nd GenS,2018,"46,777kms",Petrol,Manual,₹4.23 Lakh,noida
Maruti,Maruti CiazZXi,2015,"76,085kms",Petrol,Manual,₹4.31 Lakh,noida
Tata,Tata AltrozXM plus BSVI,2022,"58,361kms",Petrol,Manual,₹4.52 Lakh,noida
Honda,Honda AmazeVX CVT Petrol BSIV,2018,"67,000kms",Petrol,Automatic,₹3.95 Lakh,noida
Tata,Tata AltrozXZ Diesel BSVI,2021,"37,476kms",Diesel,Manual,₹4.92 Lakh,noida
Maruti,Maruti CiazAlpha Automatic BSIV,2019,"85,255kms",Petrol,Automatic,₹5.24 Lakh,noida
Maruti,Maruti CiazZeta AT,2017,"87,286kms",Petrol,Automatic,₹5.10 Lakh,noida
Mahindra,Mahindra XUV700MX Diesel BSVI,2022,"70,000kms",Diesel,Manual,₹12 Lakh,noida
Hyundai,Hyundai Grand i101.2 Kappa Magna BSIV,2014,"20,940kms",Petrol,Manual,₹3.08 Lakh,noida
Toyota,Toyota GlanzaV,2019,"77,656kms",Petrol,Manual,₹5.20 Lakh,noida
Hyundai,Hyundai i201.2 Spotz,2018,"63,000kms",Petrol,Manual,₹4.25 Lakh,noida
Honda,Honda AmazeS i-VTEC,2017,"50,000kms",Petrol,Manual,₹3.75 Lakh,noida
Honda,Honda AmazeVX i-VTEC,2018,"67,000kms",Petrol,Manual,₹3.95 Lakh,noida
Honda,Honda AmazeVX Opt Petrol BSIV,2018,"67,000kms",Petrol,Manual,₹3.95 Lakh,noida
Honda,Honda AmazeVX Opt Petrol BSIV,2018,"67,000kms",Petrol,Manual,₹3.98 Lakh,noida
Tata,Tata Nexon1.2 Revotron XM,2017,"66,000kms",Petrol,Manual,₹4.55 Lakh,noida
Honda,Honda AmazeVX Opt Petrol BSIV,2018,"67,000kms",Petrol,Manual,₹4.13 Lakh,noida
Honda,Honda AmazeVX Opt Petrol BSIV,2018,"67,000kms",Petrol,Manual,₹3.95 Lakh,noida
Honda,Honda AmazeVX Opt Petrol BSIV,2018,"67,000kms",Petrol,Manual,₹3.97 Lakh,noida
Honda,Honda BR-Vi-DTEC VX MT,2019,"72,000kms",Diesel,Manual,₹6.75 Lakh,noida
Maruti,Maruti CiazAlpha BSIV,2017,"85,000kms",Petrol,Manual,₹5.25 Lakh,noida
Honda,Honda AmazeVX i-VTEC,2018,"67,000kms",Petrol,Manual,₹3.96 Lakh,noida
Honda,Honda AmazeVX i-VTEC,2018,"67,000kms",Petrol,Manual,₹3.96 Lakh,noida
Nissan,Nissan Kicks1.3 Turbo XV CVT,2021,"74,172kms",Petrol,Automatic,₹9 Lakh,noida
Tata,Tata Tiago1.2 Revotron XZ,2017,"62,000kms",Petrol,Manual,₹3.50 Lakh,noida
MG,MG Hector Plus1.5 Turbo Sharp Pro CVT 7 Str BSVI,2023,"25,000kms",Petrol,Automatic,₹17.50 Lakh,noida
Hyundai,Hyundai CretaSX (O) iVT,2024,"12,000kms",Petrol,Automatic,₹17.50 Lakh,noida
Maruti,Maruti ErtigaBSIV VXI,2018,"70,000kms",Petrol,Manual,₹6.40 Lakh,noida
Maruti,Maruti Grand VitaraAlpha Plus Hybrid CVT BSVI,2023,"15,000kms",Petrol,Automatic,₹16.90 Lakh,noida
Audi,Audi A635 TDI,2018,"26,000kms",Diesel,Automatic,₹23.50 Lakh,noida
Hyundai,Hyundai i20Sportz IVT DT,2021,"37,096kms",Petrol,Automatic,₹5.61 Lakh,noida
Hyundai,Hyundai Grand i10Asta Option,2013,"69,000kms",Petrol,Manual,₹2.99 Lakh,noida
Maruti,Maruti ErtigaVXI,2016,"25,159kms",Petrol,Manual,₹5.26 Lakh,noida
Toyota,Toyota HyryderS HYBRID,2024,"20,000kms",Petrol,Automatic,₹15.75 Lakh,noida
Maruti,Maruti Vitara BrezzaZXI Plus Dual Tone,2021,"72,507kms",Petrol,Manual,₹7.36 Lakh,noida
Honda,Honda AmazeS AT i-Vtech,2014,"86,000kms",Petrol,Automatic,₹2.95 Lakh,noida
MG,MG HectorSharp DCT,2019,"1,06,000kms",Petrol,Automatic,₹8.55 Lakh,noida
Audi,Audi A4Technology BSVI,2023,"48,000kms",Petrol,Automatic,₹32.75 Lakh,noida
Volvo,Volvo XC60Inscription D5,2021,"57,000kms",Diesel,Automatic,₹37 Lakh,noida
Volkswagen,Volkswagen Polo1.2 MPI Comfortline,2014,"61,000kms",Petrol,Manual,₹2.99 Lakh,noida
Renault,Renault KWID1.0 RXT Opt,2021,"21,089kms",Petrol,Manual,₹3 Lakh,noida
Honda,Honda Cityi VTEC V,2015,"83,292kms",Petrol,Manual,₹3.91 Lakh,noida
Maruti,Maruti CiazVXi,2016,"51,543kms",Petrol,Manual,₹3.55 Lakh,noida
Renault,Renault KWIDRXL,2018,"41,000kms",Petrol,Manual,₹2.75 Lakh,noida
Maruti,Maruti Vitara BrezzaZXI Plus Dual Tone,2020,"70,656kms",Petrol,Manual,₹6.68 Lakh,noida
Honda,Honda Amaze 2nd GenVX CVT,2023,"36,870kms",Petrol,Automatic,₹7.20 Lakh,noida
Tata,Tata NexonXZ Plus Dark Edition BSVI,2022,"25,066kms",Petrol,Manual,₹8.20 Lakh,noida
Jaguar,Jaguar F-PacePrestige 2.0 Petrol,2019,"98,000kms",Petrol,Automatic,₹26.80 Lakh,noida
Maruti,Maruti CelerioVXI AMT,2015,"33,540kms",Petrol,Automatic,₹3.26 Lakh,noida
Honda,Honda AmazeS Petrol BSIV,2018,"70,902kms",Petrol,Manual,₹3.48 Lakh,noida
Maruti,Maruti Alto K10LXI CNG,2017,"58,000kms",CNG,Manual,₹3.10 Lakh,noida
Hyundai,Hyundai Verna1.6 VTVT AT SX,2016,"58,000kms",Petrol,Automatic,₹6.15 Lakh,noida
Toyota,Toyota YarisV BSIV,2019,"91,000kms",Petrol,Manual,₹5.95 Lakh,noida
Honda,Honda Jazz1.2 V AT i VTEC,2017,"72,000kms",Petrol,Automatic,₹4.90 Lakh,noida
Hyundai,Hyundai Creta1.6 SX Automatic,2018,"60,320kms",Petrol,Automatic,₹6.12 Lakh,noida
Mahindra,Mahindra XUV700AX5 Diesel BSVI,2022,"40,000kms",Diesel,Manual,₹13.20 Lakh,noida
Mahindra,Mahindra Bolero NeoN10 R BSVI,2023,"49,000kms",Diesel,Manual,₹8.50 Lakh,noida
MG,MG AstorSavvy CVT BSVI,2021,"29,000kms",Petrol,Automatic,₹9.75 Lakh,noida
Hyundai,Hyundai Creta1.6 VTVT SX Plus,2018,"65,000kms",Petrol,Manual,₹7.50 Lakh,noida
Honda,Honda CityCorporate Edition,2012,"1,20,000kms",Petrol,Manual,₹1.90 Lakh,noida
Hyundai,Hyundai Creta1.6 CRDi SX Option,2017,"85,000kms",Diesel,Manual,₹6.50 Lakh,noida
Maruti,Maruti Vitara BrezzaLXI,2021,"46,000kms",Petrol,Manual,₹6.55 Lakh,noida
Maruti,Maruti Baleno1.2 Delta,2019,"50,000kms",Petrol,Manual,₹4.75 Lakh,noida
Hyundai,Hyundai VenueS Plus,2021,"40,000kms",Petrol,Manual,₹5.75 Lakh,noida
Toyota,Toyota Innova Crysta2.7 GX AT BSIV,2019,"74,000kms",Petrol,Automatic,₹11.50 Lakh,noida
Mahindra,Mahindra XUV700MX 5Str,2024,"15,000kms",Petrol,Manual,₹13.75 Lakh,noida
Hyundai,Hyundai Grand i101.2 Kappa Sportz BSIV,2022,"23,965kms",Petrol,Manual,₹5.49 Lakh,noida
Maruti,Maruti Baleno1.2 Delta,2018,"1,20,000kms",Petrol,Manual,₹5 Lakh,noida
Honda,Honda Jazz1.2 S AT i VTEC,2016,"47,078kms",Petrol,Automatic,₹3.87 Lakh,noida
Honda,Honda Amaze 2nd GenVX,2016,"64,876kms",Petrol,Manual,₹3.43 Lakh,noida
Maruti,Maruti Swift DzireVXI,2015,"72,784kms",Petrol,Manual,₹3.07 Lakh,noida
Datsun,Datsun RediGO1.0 S,2018,"98,000kms",Petrol,Manual,₹1.80 Lakh,noida
Maruti,Maruti CiazPetrol,2017,"54,261kms",Diesel,Manual,₹5.67 Lakh,noida
Maruti,Maruti Ciaz1.4 Alpha,2019,"64,240kms",Petrol,Manual,₹5.92 Lakh,noida
Ford,Ford Ecosport1.5 Petrol Titanium BSIV,2019,"82,116kms",Petrol,Manual,₹4.56 Lakh,noida
Mahindra,Mahindra XUV700AX7 AT Luxury Pack BSVI,2022,"53,000kms",Petrol,Automatic,₹18.50 Lakh,noida
Hyundai,Hyundai i20Sportz 1.2,2014,"63,048kms",Petrol,Manual,₹3.84 Lakh,noida
Ford,Ford EcosportSignature Edition Petrol BSIV,2019,"59,310kms",Petrol,Manual,₹4.86 Lakh,noida
Hyundai,Hyundai VenueS,2021,"53,312kms",Petrol,Manual,₹5.34 Lakh,noida
Renault,Renault Duster110PS Diesel RxL AMT,2017,"1,50,000kms",Diesel,Automatic,₹2.95 Lakh,noida
Maruti,Maruti SwiftVXI,2016,"43,067kms",Petrol,Manual,₹3.20 Lakh,noida
Maruti,Maruti Swift DzireVXI AT,2018,"12,236kms",Petrol,Automatic,₹5.02 Lakh,noida
Hyundai,Hyundai i201.2 Asta Option,2016,"66,998kms",Petrol,Manual,₹4.51 Lakh,noida
Hyundai,Hyundai i10Magna 1.1L,2014,"78,000kms",Petrol,Manual,₹1.90 Lakh,noida
Maruti,Maruti CiazPetrol,2018,"65,267kms",Diesel,Manual,₹5.66 Lakh,noida
Honda,Honda Amaze 2nd GenVX,2016,"98,792kms",Petrol,Manual,₹3.58 Lakh,noida
Tata,Tata TiagoXZ,2019,"1,00,805kms",Petrol,Manual,₹3.10 Lakh,noida
Kia,Kia Sonet1.5 GTX Plus Diesel AT DT,2021,"1,06,000kms",Diesel,Automatic,₹7.95 Lakh,noida
Maruti,Maruti Swift DzireVXI 1.2,2019,"65,000kms",Petrol,Manual,₹5.20 Lakh,noida
Hyundai,Hyundai i201.4 CRDi Anniversary Edition,2015,"85,000kms",Diesel,Manual,₹4.90 Lakh,noida
Maruti,Maruti Alto 800LXI,2014,"60,000kms",Petrol,Manual,₹3.20 Lakh,noida
Land Rover,Land Rover Range Rover3.0 Diesel LWB Vogue,2021,"48,554kms",Diesel,Automatic,₹1.40 Crore,noida
Maruti,Maruti Swift DzireLXI,2017,"49,000kms",Petrol,Manual,₹3.87 Lakh,noida
Tata,Tata Tiago1.2 Revotron XM,2018,"11,000kms",Petrol,Manual,₹3.70 Lakh,noida
Hyundai,Hyundai i201.4 Asta,2017,"80,000kms",Diesel,Manual,₹6 Lakh,noida
Mini Cooper,Mini Cooper SClassic Pack,2025,"6,201kms",Petrol,Automatic,₹44 Lakh,noida
Honda,Honda AmazeE i-Vtech,2015,"68,000kms",Petrol,Manual,₹3.65 Lakh,noida
Volkswagen,Volkswagen VentoPetrol Breeze,2014,"51,000kms",Petrol,Manual,₹3.35 Lakh,noida
Tata,Tata TiagoXE,2020,"30,000kms",Petrol,Manual,₹3.99 Lakh,noida
Porsche,Porsche Cayenne CoupePlatinum Edition BSVI,2022,"42,939kms",Petrol,Automatic,₹99 Lakh,noida
Hyundai,Hyundai Grand i10Sportz,2016,"75,000kms",Petrol,Manual,₹3.35 Lakh,noida
Tata,Tata TigorXMA AMT BSVI,2020,"75,000kms",Petrol,Automatic,₹4.95 Lakh,noida
Maruti,Maruti ErtigaZXI,2019,"52,652kms",Petrol,Manual,₹7.28 Lakh,noida
Volvo,Volvo XC60B5 Inscripition,2022,"33,254kms",Petrol,Automatic,₹41 Lakh,noida
Honda,Honda CitySV MT,2014,"57,776kms",Petrol,Manual,₹4.24 Lakh,noida
Honda,Honda Cityi VTEC V,2014,"52,843kms",Petrol,Manual,₹3.46 Lakh,noida
Renault,Renault DusterRXZ Turbo,2020,"29,050kms",Petrol,Manual,₹5.70 Lakh,noida
BMW,BMW 3 Series Long Wheelbase330Li M Sport First Edition,2021,"9,690kms",Petrol,Automatic,₹38 Lakh,noida
Honda,Honda Cityi-VTEC CVT V,2018,"74,770kms",Petrol,Automatic,₹5.91 Lakh,noida
Hyundai,Hyundai Grand i10 NiosSportz,2023,"35,566kms",Petrol,Manual,₹5.23 Lakh,noida
Kia,Kia SeltosGTX Plus DCT,2020,"61,373kms",Petrol,Automatic,₹9.73 Lakh,noida
BMW,BMW X4xDrive30i M Sport Black Shadow edition,2022,"33,017kms",Petrol,Automatic,₹55 Lakh,noida
Hyundai,Hyundai VenueSX Turbo,2021,"9,795kms",Petrol,Manual,₹6.70 Lakh,noida
Kia,Kia SeltosGTX Plus DCT,2020,"75,763kms",Petrol,Automatic,₹9.29 Lakh,noida
Kia,Kia SeltosHTX,2021,"85,216kms",Petrol,Manual,₹7.10 Lakh,noida
Mercedes-Benz,Mercedes-Benz EQE SUV500 4MATIC,2025,"8,500kms",Electric,Automatic,₹90 Lakh,noida
Kia,Kia SeltosHTK Plus G,2020,"39,045kms",Petrol,Manual,₹7.32 Lakh,noida
Kia,Kia SeltosHTX,2021,"85,216kms",Petrol,Manual,₹7.10 Lakh,noida
Kia,Kia SeltosGTX Plus DCT,2020,"61,373kms",Petrol,Automatic,₹9.73 Lakh,noida
Mercedes-Benz,Mercedes-Benz EQE SUV500 4MATIC,2024,"7,554kms",Electric,Automatic,₹90 Lakh,noida
Kia,Kia SeltosGTX Plus,2019,"1,12,089kms",Petrol,Manual,₹9.85 Lakh,noida
Kia,Kia SeltosGTX Plus DCT,2020,"75,763kms",Petrol,Automatic,₹9.29 Lakh,noida
Honda,Honda JazzZX,2022,"13,929kms",Petrol,Manual,₹7.99 Lakh,noida
Mercedes-Benz,Mercedes-Benz C-ClassC 220d BSVI,2022,"27,200kms",Diesel,Automatic,₹39 Lakh,noida
Volkswagen,Volkswagen Taigun1.0 Topline AT,2021,"1,10,674kms",Petrol,Automatic,₹10.82 Lakh,noida
Hyundai,Hyundai CretaSX (O) Diesel AT,2022,"44,825kms",Diesel,Automatic,₹13.56 Lakh,noida
Honda,Honda CityV,2023,"21,018kms",Petrol,Manual,₹10.32 Lakh,noida
Mercedes-Benz,Mercedes-Benz EQE SUV500 4MATIC,2023,"19,000kms",Electric,Automatic,₹85 Lakh,noida
Mahindra,Mahindra TharLX Hard Top,2022,"25,315kms",Petrol,Manual,₹11.77 Lakh,noida
Mahindra,Mahindra TharLX Hard Top,2022,"28,492kms",Petrol,Manual,₹11.26 Lakh,noida
Skoda,Skoda Slavia1.0 TSI Style AT BSVI,2022,"69,585kms",Petrol,Automatic,₹11.44 Lakh,noida
BMW,BMW X5xDrive 30d xLine,2022,"44,266kms",Diesel,Automatic,₹64 Lakh,noida
Tata,Tata AltrozXZ Diesel,2020,"27,436kms",Diesel,Manual,₹5.50 Lakh,noida
Toyota,Toyota GlanzaE,2024,"13,172kms",Petrol,Manual,₹5.29 Lakh,noida
Maruti,Maruti Swift DzireVXI,2014,"46,549kms",Petrol,Manual,₹2.20 Lakh,noida
BMW,BMW X1sDrive18i M Sport,2024,"17,025kms",Petrol,Automatic,₹44 Lakh,noida
Hyundai,Hyundai Grand i10AT Asta,2015,"27,338kms",Petrol,Automatic,₹2.84 Lakh,noida
Maruti,Maruti Swift DzireVXI,2014,"73,257kms",Petrol,Manual,₹2.08 Lakh,noida
Honda,Honda AmazeS i-Vtech,2016,"36,232kms",Petrol,Manual,₹2.58 Lakh,noida
BMW,BMW X5xDrive40i M Sport,2024,"16,675kms",Petrol,Automatic,₹89 Lakh,noida
Honda,Honda Jazz1.2 V i VTEC,2015,"63,334kms",Petrol,Manual,₹2.59 Lakh,noida
Hyundai,Hyundai Grand i101.2 Kappa Asta,2013,"58,153kms",Petrol,Manual,₹3 Lakh,noida
Tata,Tata AltrozXZ Plus Dark Edition,2022,"22,387kms",Petrol,Manual,₹6.98 Lakh,noida
Mercedes-Benz,Mercedes-Benz GLS450 4matic,2024,"12,500kms",Petrol,Automatic,₹1.22 Crore,noida
Honda,Honda JazzVX,2016,"53,811kms",Petrol,Manual,₹3.49 Lakh,noida
Kia,Kia SeltosGTX Plus,2020,"31,485kms",Petrol,Manual,₹8.43 Lakh,noida
Tata,Tata SafariXZA Plus AT BSVI,2021,"71,206kms",Diesel,Automatic,₹11.82 Lakh,noida
BMW,BMW X5xDrive 40i M Sport,2023,"17,064kms",Petrol,Automatic,₹83 Lakh,noida
Maruti,Maruti SwiftVXI,2021,"21,764kms",Petrol,Manual,₹5.17 Lakh,noida
Maruti,Maruti Vitara BrezzaVXI,2022,"32,627kms",Petrol,Manual,₹7.10 Lakh,noida
Maruti,Maruti Baleno1.2 Sigma,2017,"54,849kms",Petrol,Manual,₹3.46 Lakh,noida
Audi,Audi Q3Premium Plus BSVI,2023,"32,882kms",Petrol,Automatic,₹32 Lakh,noida
Volkswagen,Volkswagen Ameo1.2 MPI Comfortline,2017,"87,143kms",Petrol,Manual,₹3.30 Lakh,noida
Renault,Renault TriberRXT,2020,"67,527kms",Petrol,Manual,₹4.03 Lakh,noida
Maruti,Maruti ErtigaVXI,2015,"54,714kms",Petrol,Manual,₹4.50 Lakh,noida
Mercedes-Benz,Mercedes-Benz C-ClassProgressive C 200,2021,"30,000kms",Petrol,Automatic,₹34 Lakh,noida
Hyundai,Hyundai i20Magna 1.2,2015,"64,232kms",Petrol,Manual,₹3.02 Lakh,noida
Ford,Ford Ecosport1.5 Ti VCT AT Titanium BSIV,2016,"71,030kms",Petrol,Automatic,₹4.09 Lakh,noida
Hyundai,Hyundai Grand i10Magna,2015,"50,351kms",Petrol,Manual,₹2.32 Lakh,noida
Mercedes-Benz,Mercedes-Benz EQE SUV500 4MATIC,2023,"16,778kms",Electric,Automatic,₹85 Lakh,noida
Maruti,Maruti Wagon RLXI CNG,2017,"70,839kms",CNG,Manual,₹2.90 Lakh,noida
Renault,Renault KWIDRXL,2017,"29,313kms",Petrol,Manual,₹2.06 Lakh,noida
Toyota,Toyota Etios Cross1.2L G,2015,"64,189kms",Petrol,Manual,₹2.59 Lakh,noida
BMW,BMW iXxDrive50,2024,"4,002kms",Electric,Automatic,₹92 Lakh,noida
Renault,Renault KWIDRXL,2017,"31,490kms",Petrol,Manual,₹2.05 Lakh,noida
Nissan,Nissan TerranoXL,2014,"92,036kms",Petrol,Manual,₹2.67 Lakh,noida
Maruti,Maruti SwiftLXI Optional-O,2016,"57,222kms",Petrol,Manual,₹2.71 Lakh,noida
Mercedes-Benz,Mercedes-Benz G-ClassAMG G 63,2025,743kms,Petrol,Automatic,₹3.95 Crore,noida
Maruti,Maruti SwiftLXI Optional-O,2016,"72,548kms",Petrol,Manual,₹2.62 Lakh,noida
Hyundai,Hyundai i10Sportz 1.1L,2015,"75,430kms",Petrol,Manual,₹2.03 Lakh,noida
Tata,Tata Tiago1.2 Revotron XZ,2018,"66,938kms",Petrol,Manual,₹3.97 Lakh,noida
Mercedes-Benz,Mercedes-Benz S-ClassS 350 CDI,2016,"8,300kms",Diesel,Automatic,₹22.50 Lakh,noida
Hyundai,Hyundai i20Magna Plus,2019,"53,303kms",Petrol,Manual,₹4.50 Lakh,noida
Maruti,Maruti SwiftZXI Plus AMT,2019,"36,634kms",Petrol,Automatic,₹4.87 Lakh,noida
Maruti,Maruti SwiftVXI,2015,"28,712kms",Petrol,Manual,₹3.19 Lakh,noida
Jaguar,Jaguar XEPortfolio,2018,"72,738kms",Petrol,Automatic,₹20 Lakh,noida
Hyundai,Hyundai i20Sportz 1.2,2016,"27,722kms",Petrol,Manual,₹3.81 Lakh,noida
Honda,Honda Cityi VTEC SV,2015,"55,331kms",Petrol,Manual,₹3.08 Lakh,noida
Tata,Tata Tiago1.2 Revotron XZA,2019,"55,085kms",Petrol,Automatic,₹3.92 Lakh,noida
Mercedes-Benz,Mercedes-Benz CLA200 CGI Sport,2019,"29,684kms",Petrol,Automatic,₹25 Lakh,noida
Ford,Ford EcosportTrend,2019,"83,164kms",Petrol,Manual,₹4.79 Lakh,noida
Tata,Tata Nexon1.2 Revotron XZ Plus,2019,"40,741kms",Petrol,Manual,₹4.46 Lakh,noida
Ford,Ford FigoTitanium,2021,"21,674kms",Petrol,Manual,₹4.05 Lakh,noida
Audi,Audi A335 TFSI Premium Plus,2019,"55,419kms",Petrol,Automatic,₹19 Lakh,noida
Maruti,Maruti BalenoDelta Diesel,2018,"26,957kms",Diesel,Manual,₹4.59 Lakh,noida
Honda,Honda CityEXi,2016,"59,962kms",Petrol,Manual,₹4.99 Lakh,noida
Hyundai,Hyundai Grand i101.2 Kappa Sportz BSIV,2021,"31,138kms",Petrol,Manual,₹5.45 Lakh,noida
Lexus,Lexus NX300h,2018,"58,398kms",Petrol,Automatic,₹28 Lakh,noida
Toyota,Toyota Innova Crysta2.7 VX 7 STR,2022,"85,073kms",Petrol,Manual,₹15.27 Lakh,noida
MG,MG HectorSharp DCT,2020,"88,474kms",Petrol,Automatic,₹8.42 Lakh,noida
Kia,Kia SeltosGTX Plus Diesel AT,2019,"74,030kms",Diesel,Automatic,₹8.53 Lakh,noida
Mercedes-Benz,Mercedes-Benz GLC300,2024,"28,743kms",Petrol,Automatic,₹60 Lakh,noida
Hyundai,Hyundai Grand i101.2 Kappa Magna BSIV,2015,"34,947kms",Petrol,Manual,₹3.17 Lakh,noida
Tata,Tata NexonXZ Plus DualTone Roof,2021,"56,481kms",Petrol,Manual,₹6.62 Lakh,noida
Hyundai,Hyundai Grand i101.2 Kappa Sportz BSIV,2018,"1,04,224kms",Petrol,Manual,₹3.51 Lakh,noida
BMW,BMW 5 Series530Li,2024,"27,000kms",Petrol,Automatic,₹64 Lakh,noida
Maruti,Maruti Wagon RLXI BSVI,2018,"40,225kms",Petrol,Manual,₹3.25 Lakh,noida
MG,MG HectorSharp DCT,2020,"21,627kms",Petrol,Automatic,₹8.84 Lakh,noida
Hyundai,Hyundai Grand i101.2 Kappa Sportz BSIV,2018,"38,379kms",Petrol,Manual,₹3.97 Lakh,noida
Audi,Audi A335 TFSI Premium,2019,"21,000kms",Petrol,Automatic,₹18.60 Lakh,noida
MG,MG Hector PlusSharp CVT,2022,"57,165kms",Petrol,Automatic,₹10.94 Lakh,noida
Hyundai,Hyundai i201.2 Magna Executive,2018,"94,232kms",Petrol,Manual,₹4.22 Lakh,noida
MG,MG HectorSharp DCT,2020,"88,474kms",Petrol,Automatic,₹8.42 Lakh,noida
Porsche,Porsche 911Turbo S  -2025,2023,"4,500kms",Petrol,Automatic,₹2.31 Crore,noida
Kia,Kia SeltosGTX Plus Diesel AT,2019,"74,030kms",Diesel,Automatic,₹8.53 Lakh,noida
Hyundai,Hyundai Grand i101.2 Kappa Magna BSIV,2015,"34,947kms",Petrol,Manual,₹3.17 Lakh,noida
Tata,Tata NexonXZ Plus DualTone Roof,2021,"56,481kms",Petrol,Manual,₹6.62 Lakh,noida
Mercedes-Benz,Mercedes-Benz GLC220d,2025,"20,000kms",Diesel,Automatic,₹64 Lakh,noida
Hyundai,Hyundai Grand i101.2 Kappa Sportz BSIV,2018,"1,04,224kms",Petrol,Manual,₹3.51 Lakh,noida
MG,MG Hector1.5 Turbo Smart,2021,"41,065kms",Petrol,Manual,₹12.85 Lakh,noida
Renault,Renault TriberRXL BSVI,2021,"52,312kms",Petrol,Manual,₹3.77 Lakh,noida
Mercedes-Benz,Mercedes-Benz CLA200 Sport Edition,2016,"55,000kms",Petrol,Automatic,₹12.50 Lakh,noida
Ford,Ford EcosportTitanium,2019,"67,455kms",Petrol,Manual,₹6.11 Lakh,noida
Maruti,Maruti Grand VitaraAlpha Plus Hybrid CVT BSVI,2022,"70,133kms",Petrol,Automatic,₹14.09 Lakh,noida
Kia,Kia SeltosGTX Plus S Turbo DCT,2019,"73,301kms",Petrol,Automatic,₹9.72 Lakh,noida
Ford,Ford MustangV8,2017,"24,000kms",Petrol,Automatic,₹76.75 Lakh,noida
Hyundai,Hyundai i20Sportz BSVI,2022,"19,259kms",Petrol,Manual,₹5.41 Lakh,noida
MG,MG HectorSharp DCT,2019,"46,523kms",Petrol,Automatic,₹10.94 Lakh,noida
Kia,Kia SeltosGTX Plus DCT,2020,"90,801kms",Petrol,Automatic,₹8.39 Lakh,noida
BMW,BMW XMxDrive,2024,"26,000kms",Petrol,Automatic,₹1.52 Crore,noida
Kia,Kia SeltosX-Line DCT,2022,"53,547kms",Petrol,Automatic,₹12.59 Lakh,noida
Maruti,Maruti XL6Alpha Plus AT,2022,"80,652kms",Petrol,Automatic,₹9.77 Lakh,noida
Hyundai,Hyundai i20Sportz Plus,2020,"99,016kms",Petrol,Manual,₹5 Lakh,noida
BMW,BMW i7xDrive60 M Sport,2024,"8,066kms",Electric,Automatic,₹1.36 Crore,noida
Maruti,Maruti DzireZXI AMT,2022,"74,688kms",Petrol,Automatic,₹6.24 Lakh,noida
Hyundai,Hyundai i10Magna 1.1L,2015,"64,473kms",Petrol,Manual,₹2.23 Lakh,noida
Ford,Ford Ecosport1.5 TDCi Trend BSIV,2021,"39,048kms",Diesel,Manual,₹5.94 Lakh,noida
Ford,Ford EndeavourTitanium Plus 4X2 AT,2021,"86,000kms",Diesel,Automatic,₹25.75 Lakh,noida
Maruti,Maruti CiazVXi Plus,2014,"91,723kms",Petrol,Manual,₹2.85 Lakh,noida
Maruti,Maruti Swift DzireLXI,2015,"35,987kms",Petrol,Manual,₹2.60 Lakh,noida
Ford,Ford Ecosport1.5 Petrol Titanium BSIV,2018,"38,205kms",Petrol,Manual,₹4.77 Lakh,noida
Jeep,Jeep Compass1.4 Limited Plus BSIV,2019,"86,000kms",Petrol,Automatic,₹10.90 Lakh,noida
Tata,Tata TiagoXZ Plus,2021,"30,326kms",Petrol,Manual,₹4.81 Lakh,noida
Maruti,Maruti Alto K10VXI,2017,"37,607kms",Petrol,Manual,₹2.78 Lakh,noida
Maruti,Maruti Alto 800LXI,2017,"18,673kms",Petrol,Manual,₹2.05 Lakh,noida
Toyota,Toyota VellfireHi,2025,"5,900kms",Petrol,Automatic,₹1.19 Crore,noida
Honda,Honda Cityi VTEC CVT SV,2014,"80,285kms",Petrol,Automatic,₹2.81 Lakh,noida
Datsun,Datsun GOT Option Petrol,2019,"31,633kms",Petrol,Manual,₹2.73 Lakh,noida
Maruti,Maruti SwiftVXI,2015,"39,861kms",Petrol,Manual,₹2.85 Lakh,noida
BMW,BMW X1sDrive18i M Sport,2025,"2,000kms",Petrol,Automatic,₹47.50 Lakh,noida
Honda,Honda AmazeSX i-VTEC,2016,"75,014kms",Petrol,Manual,₹2.83 Lakh,noida
Hyundai,Hyundai Grand i101.2 Kappa Magna BSIV,2014,"75,135kms",Petrol,Manual,₹2.72 Lakh,noida
Maruti,Maruti Alto K10VXI,2017,"37,607kms",Petrol,Manual,₹2.78 Lakh,noida
BMW,BMW iXxDrive50,2024,"19,864kms",Electric,Automatic,₹89 Lakh,noida
Honda,Honda CityZX MT,2022,"76,272kms",Petrol,Manual,₹9.35 Lakh,noida
Toyota,Toyota Corolla AltisPetrol LE,2018,"95,685kms",Petrol,Manual,₹9.63 Lakh,noida
Honda,Honda CityZX MT,2020,"28,991kms",Petrol,Manual,₹8.69 Lakh,noida
BMW,BMW 5 Series520d Luxury Line,2022,"25,000kms",Diesel,Automatic,₹42 Lakh,noida
Skoda,Skoda Slavia1.0 TSI Style,2022,"44,743kms",Petrol,Manual,₹10.12 Lakh,noida
Mahindra,Mahindra TharLX 4WD Hard Top AT BSVI,2021,"29,980kms",Petrol,Automatic,₹10.35 Lakh,noida
Tata,Tata HarrierXZA Plus AT,2022,"83,582kms",Diesel,Automatic,₹13.09 Lakh,noida
MG,MG GlosterSavvy 6-Str,2021,"80,000kms",Diesel,Automatic,₹24.50 Lakh,noida
Hyundai,Hyundai VernaSX,2024,"13,570kms",Petrol,Manual,₹10.89 Lakh,noida
Maruti,Maruti Alto 800LXi,2018,"50,805kms",Petrol,Manual,₹2.41 Lakh,noida
Ford,Ford Ecosport1.5 Diesel Titanium Plus BSIV,2018,"26,424kms",Diesel,Manual,₹5.05 Lakh,noida
Audi,Audi Q7Technology  -,2022,"18,000kms",Petrol,Automatic,₹64 Lakh,noida
Tata,Tata TigorXZ CNG,2023,"25,490kms",CNG,Manual,₹5.51 Lakh,noida
Honda,Honda AmazeVX CVT i-VTEC,2016,"64,869kms",Petrol,Automatic,₹4.41 Lakh,noida
Honda,Honda AmazeS i-VTEC,2017,"72,773kms",Petrol,Manual,₹3.22 Lakh,noida
BMW,BMW X5xDrive 40i M Sport,2022,"30,000kms",Petrol,Automatic,₹69 Lakh,noida
Tata,Tata NexonXM BSVI,2022,"24,704kms",Petrol,Manual,₹5.84 Lakh,noida
Ford,Ford Ecosport1.5 Petrol Titanium BSIV,2019,"28,638kms",Petrol,Manual,₹5 Lakh,noida
Renault,Renault DusterRXZ,2021,"48,731kms",Petrol,Manual,₹4.90 Lakh,noida
BMW,BMW 7 Series740Li M Sport,2022,"16,000kms",Petrol,Automatic,₹77 Lakh,noida
Hyundai,Hyundai XcentPetrol,2017,"97,355kms",Petrol,Manual,₹3.75 Lakh,noida
Honda,Honda CityZX MT,2020,"78,966kms",Petrol,Manual,₹7.97 Lakh,noida
Maruti,Maruti Wagon RLXI BS IV,2018,"56,700kms",Petrol,Manual,₹2.58 Lakh,noida
Mercedes-Benz,Mercedes-Benz GLA200,2024,"8,000kms",Petrol,Automatic,₹44.50 Lakh,noida
Hyundai,Hyundai Grand i10Sportz,2016,"89,264kms",Petrol,Manual,₹2.36 Lakh,noida
Maruti,Maruti Alto 800LXI,2016,"52,137kms",Petrol,Manual,₹1.92 Lakh,noida
Nissan,Nissan Micra ActiveXL,2014,"39,225kms",Petrol,Manual,₹1.65 Lakh,noida
BMW,BMW X5xDrive 30d Sport,2019,"1,16,000kms",Diesel,Automatic,₹28.90 Lakh,noida
Hyundai,Hyundai Grand i10Sportz,2016,"26,981kms",Petrol,Manual,₹2.51 Lakh,noida
Hyundai,Hyundai Grand i101.2 Kappa Sportz BSIV,2014,"62,670kms",Petrol,Manual,₹2.86 Lakh,noida
Maruti,Maruti Alto 800LXi,2013,"36,617kms",Petrol,Manual,₹1.87 Lakh,noida
Mercedes-Benz,Mercedes-Benz GLA Class200 Sport,2020,"60,000kms",Petrol,Automatic,₹23.50 Lakh,noida
Renault,Renault KWID1.0 AMT RXT,2016,"35,740kms",Petrol,Automatic,₹2.35 Lakh,noida
Maruti,Maruti EecoCNG 5 Seater AC BSIV,2019,"1,50,000kms",CNG,Manual,₹3 Lakh,noida
Isuzu,Isuzu D-Max4X4,2018,"1,35,000kms",Diesel,Manual,₹11.50 Lakh,noida
BMW,BMW X1sDrive18i M Sport,2024,"20,196kms",Petrol,Automatic,₹44 Lakh,noida
Kia,Kia SeltosHTX,2023,"39,139kms",Petrol,Manual,₹10.40 Lakh,noida
Hyundai,Hyundai CretaSX Diesel,2022,"42,514kms",Diesel,Manual,₹9.71 Lakh,noida
Hyundai,Hyundai Creta1.6 SX Diesel,2016,"83,027kms",Diesel,Manual,₹6.05 Lakh,noida
Hyundai,Hyundai CretaS (O) Knight,2024,"52,000kms",Petrol,Manual,₹12 Lakh,noida
Nissan,Nissan Kicks1.3 Turbo XV,2022,"46,579kms",Petrol,Manual,₹8.65 Lakh,noida
Tata,Tata AltrozXZ Diesel,2021,"73,822kms",Diesel,Manual,₹6.80 Lakh,noida
Kia,Kia SeltosGTX Plus Diesel AT,2022,"58,325kms",Diesel,Automatic,₹14.13 Lakh,noida
Maruti,Maruti Grand VitaraAlpha,2024,"32,000kms",Petrol,Manual,₹13.50 Lakh,noida
Ford,Ford Ecosport1.5 Ti VCT MT Titanium,2019,"63,182kms",Petrol,Manual,₹5.75 Lakh,noida
Hyundai,Hyundai CretaSX Opt Turbo DCT,2021,"89,599kms",Petrol,Automatic,₹12.35 Lakh,noida
Tata,Tata NexonXM S Diesel,2021,"50,157kms",Diesel,Manual,₹6.33 Lakh,noida
BMW,BMW 5 Series530i M Sport BSVI,2022,"35,000kms",Petrol,Automatic,₹53 Lakh,noida
Tata,Tata NexonXZA Plus (O) AMT Diesel,2019,"39,785kms",Diesel,Automatic,₹6.27 Lakh,noida
Maruti,Maruti XL6Zeta AT,2020,"80,000kms",Petrol,Automatic,₹8.75 Lakh,noida
Toyota,Toyota Innova Crysta2.4 G MT,2019,"90,000kms",Diesel,Manual,₹12.99 Lakh,noida
Ford,Ford Endeavour3.2 Titanium AT 4X4,2017,"1,00,000kms",Diesel,Automatic,₹16.50 Lakh,noida
Hyundai,Hyundai i20Sportz Plus BSIV,2019,"60,000kms",Petrol,Manual,₹5 Lakh,noida
Maruti,Maruti Vitara BrezzaVDi Option,2017,"1,20,000kms",Diesel,Manual,₹4.25 Lakh,noida
Maruti,Maruti Baleno RS1.0 Petrol,2018,"63,000kms",Petrol,Manual,₹4.50 Lakh,noida
Mercedes-Benz,Mercedes-Benz GLC200,2020,"55,000kms",Petrol,Automatic,₹34 Lakh,noida
Maruti,Maruti XL6Zeta AT,2020,"80,000kms",Petrol,Automatic,₹8 Lakh,noida
Tata,2021Tata NexonXZ  -2022,2020,"80,000kms",Petrol,Manual,₹6.80 Lakh,noida
Mahindra,Mahindra XUV500W6 2WD,2018,"1,00,000kms",Diesel,Manual,₹4.50 Lakh,noida
Audi,Audi Q8Celebration Edition BSVI,2022,"32,000kms",Petrol,Automatic,₹71 Lakh,noida
Hyundai,Hyundai Grand i10Sportz,2015,"80,000kms",Petrol,Manual,₹3.25 Lakh,noida
Hyundai,Hyundai CretaE Diesel BSVI,2021,"78,000kms",Diesel,Manual,₹10.50 Lakh,noida
Toyota,Toyota HyryderG HYBRID,2024,"40,000kms",Petrol,Automatic,₹18.50 Lakh,noida
Mercedes-Benz,Mercedes-Benz GLS350d Grand Edition,2019,"54,000kms",Diesel,Automatic,₹42 Lakh,noida
Hyundai,Hyundai Creta1.6 VTVT E Plus,2019,"20,000kms",Petrol,Manual,₹8.25 Lakh,noida
Mahindra,Mahindra XUV500R W10 FWD,2017,"1,10,000kms",Diesel,Manual,₹6 Lakh,noida
Maruti,Maruti XL6Zeta AT,2020,"80,000kms",Petrol,Automatic,₹8.75 Lakh,noida
Kia,Kia SeltosHTX,2024,"6,000kms",Petrol,Manual,₹15.75 Lakh,noida
Toyota,Toyota Innova Crysta2.4 G MT,2019,"90,000kms",Diesel,Manual,₹12.99 Lakh,noida
Hyundai,Hyundai Grand i101.2 Kappa Sportz Option,2017,"69,500kms",Petrol,Manual,₹3.50 Lakh,noida
Tata,Tata NexonXZA Plus AMT S,2021,"39,000kms",Petrol,Automatic,₹8.95 Lakh,noida
BMW,BMW X1sDrive20i xLine,2022,"28,000kms",Petrol,Automatic,₹29.75 Lakh,noida
Mahindra,Mahindra XUV300W8 Option BSVI,2022,"50,000kms",Petrol,Manual,₹11.55 Lakh,noida
Mahindra,Mahindra XUV300W6 Diesel BSIV,2019,"1,00,000kms",Diesel,Manual,₹7 Lakh,noida
Hyundai,Hyundai i20Sportz Petrol,2022,"84,517kms",Petrol,Manual,₹5.30 Lakh,noida
Ford,Ford MustangV8,2019,"15,000kms",Petrol,Automatic,₹89 Lakh,noida
Tata,Tata NexonSmart Plus,2023,"24,500kms",Petrol,Manual,₹6.15 Lakh,noida
Kia,Kia SeltosHTK Plus D,2019,"1,20,000kms",Diesel,Manual,₹8 Lakh,noida
Tata,Tata NexonCreative Plus DCA,2024,"30,000kms",Petrol,Automatic,₹9.50 Lakh,noida
BMW,BMW 6 SeriesGT,2018,"22,500kms",Petrol,Automatic,₹34.50 Lakh,noida
Hyundai,Hyundai Creta1.6 VTVT AT SX Plus,2017,"1,25,000kms",Petrol,Automatic,₹6 Lakh,noida
Hyundai,Hyundai i201.2 Anniversary Edition,2015,"1,20,000kms",Petrol,Manual,₹3.20 Lakh,noida
Hyundai,Hyundai CretaE BSVI,2020,"90,000kms",Petrol,Manual,₹6.50 Lakh,noida
Mercedes-Benz,Mercedes-Benz E-ClassExclusive E 200,2023,"40,000kms",Petrol,Automatic,₹55 Lakh,noida
Maruti,Maruti Wagon RLXI CNG,2017,"75,000kms",CNG,Manual,₹3.25 Lakh,noida
Kia,Kia SeltosHTE Diesel,2020,"25,600kms",Diesel,Manual,₹12 Lakh,noida
Maruti,Maruti Grand VitaraSigma,2023,"32,000kms",Petrol,Manual,₹10 Lakh,noida
Land Rover,Land Rover Range Rover Evoque2.0 R-Dynamic SE,2022,"13,200kms",Petrol,Automatic,₹49 Lakh,noida
Maruti,Maruti Grand VitaraSigma,2023,"30,000kms",Petrol,Manual,₹8.95 Lakh,noida
Tata,Tata Nexon1.5 Revotorq XZ,2018,"1,40,000kms",Diesel,Manual,₹4 Lakh,noida
Toyota,Toyota Innova Crysta2.4 G Plus MT BSIV,2019,"1,50,000kms",Diesel,Manual,₹15 Lakh,noida
Mini Cooper,Mini Cooper Countryman  -2021Cooper S,2018,"28,000kms",Petrol,Automatic,₹34 Lakh,noida
Kia,Kia SeltosHTE Diesel,2020,"25,600kms",Diesel,Manual,₹12 Lakh,noida
Maruti,Maruti Grand VitaraSigma,2023,"32,000kms",Petrol,Manual,₹10 Lakh,noida
Mahindra,Mahindra XUV700MX Diesel BSVI,2022,"40,000kms",Diesel,Manual,₹12.78 Lakh,noida
Toyota,Toyota Corolla AltisVL AT,2017,"56,873kms",Petrol,Automatic,₹7.45 Lakh,noida
Tata,Tata NexonXZ Plus BSVI,2022,"60,000kms",Petrol,Manual,₹5.85 Lakh,noida
Maruti,Maruti Grand VitaraAlpha Plus Hybrid CVT BSVI,2022,"82,000kms",Petrol,Automatic,₹13.50 Lakh,noida
Hyundai,Hyundai i20Asta Option 1.2,2017,"95,000kms",Petrol,Manual,₹3.80 Lakh,noida
Ford,Ford MustangV8,2017,"22,000kms",Petrol,Automatic,₹73 Lakh,noida
Kia,Kia SeltosHTX G,2020,"60,000kms",Petrol,Manual,₹9.80 Lakh,noida
Hyundai,Hyundai Creta1.6 VTVT Base,2016,"40,000kms",Petrol,Manual,₹6 Lakh,noida
Maruti,Maruti CiazZDi SHVS,2017,"1,60,000kms",Diesel,Manual,₹5 Lakh,noida
Honda,Honda JazzVX CVT,2018,"63,000kms",Petrol,Automatic,₹3.85 Lakh,noida
Hyundai,Hyundai i20Asta 1.4 CRDi,2017,"1,20,000kms",Diesel,Manual,₹4 Lakh,noida
Ford,Ford Ecosport1.0 Ecoboost Trend Plus BE BSIV,2016,"81,000kms",Petrol,Manual,₹3.90 Lakh,noida
Tata,Tata AltrozXE BSVI,2020,"75,000kms",Petrol,Manual,₹4.75 Lakh,noida
Mercedes-Benz,Mercedes-Benz GLA200,2024,"5,500kms",Petrol,Automatic,₹44 Lakh,noida
Kia,Kia SeltosHTX Diesel,2022,"79,000kms",Diesel,Manual,₹11.50 Lakh,noida
Maruti,Maruti CiazAlpha BSVI,2020,"71,000kms",Petrol,Manual,₹6.95 Lakh,noida
Hyundai,Hyundai CretaS Diesel,2024,"19,000kms",Diesel,Manual,₹15 Lakh,noida
Mercedes-Benz,Mercedes-Benz CLA200 CGI Sport,2019,"25,000kms",Petrol,Automatic,₹25.50 Lakh,noida
Toyota,Toyota Innova Crysta2.7 ZX 7 STR AT,2022,"70,000kms",Petrol,Automatic,₹16 Lakh,noida
Hyundai,Hyundai CretaSX,2023,"49,000kms",Petrol,Manual,₹11.95 Lakh,noida
Hyundai,Hyundai Creta1.6 CRDi SX Plus,2018,"1,50,000kms",Diesel,Manual,₹7.50 Lakh,noida
Mercedes-Benz,Mercedes-Benz GLE450 BSVI,2022,"27,000kms",Petrol,Automatic,₹85 Lakh,noida
Maruti,Maruti Grand VitaraSigma,2023,"35,000kms",Petrol,Manual,₹9.25 Lakh,noida
Hyundai,Hyundai Creta1.6 SX Automatic,2018,"80,000kms",Petrol,Automatic,₹7.62 Lakh,noida
Mahindra,Mahindra XUV500R W10 FWD,2017,"1,35,000kms",Diesel,Manual,₹6.50 Lakh,noida
Mercedes-Benz,Mercedes-Benz C-ClassProgressive C 200,2020,"32,000kms",Petrol,Automatic,₹31 Lakh,noida
MG,MG Hector PlusSharp DCT,2020,"61,000kms",Petrol,Automatic,₹11.25 Lakh,noida
Kia,Kia CarnivalLimousine,2022,"49,000kms",Diesel,Automatic,₹29.50 Lakh,noida
Maruti,Maruti Grand VitaraAlpha Plus Hybrid CVT BSVI,2023,"42,000kms",Petrol,Automatic,₹16.25 Lakh,noida
MG,MG AstorSharp CVT BSVI,2023,"32,000kms",Petrol,Automatic,₹11.95 Lakh,noida
Maruti,Maruti Grand VitaraZeta,2023,"31,000kms",Petrol,Manual,₹12.50 Lakh,noida
Hyundai,Hyundai i20Sportz Plus BSIV,2019,"1,20,000kms",Petrol,Manual,₹4.50 Lakh,noida
Maruti,Maruti XL6Alpha,2021,"70,000kms",Petrol,Manual,₹8 Lakh,noida
Audi,Audi Q3Premium Plus,2024,"29,000kms",Petrol,Automatic,₹35.75 Lakh,noida
Kia,Kia SeltosHTX G,2020,"60,000kms",Petrol,Manual,₹9.80 Lakh,noida
MG,MG HectorSharp DCT,2019,"1,50,000kms",Petrol,Automatic,₹9 Lakh,noida
Tata,Tata SafariXT Plus BSVI,2022,"90,000kms",Diesel,Manual,₹13.50 Lakh,noida
Maruti,Maruti InvictoZeta Plus 7Str,2024,"45,000kms",Petrol,Automatic,₹23 Lakh,noida
Maruti,Maruti XL6Zeta AT,2020,"80,000kms",Petrol,Automatic,₹8.75 Lakh,noida
Toyota,Toyota Innova Crysta2.4 G MT,2019,"90,000kms",Diesel,Manual,₹12.99 Lakh,noida
Mahindra,Mahindra XUV300W6 Diesel BSIV,2019,"1,00,000kms",Diesel,Manual,₹7 Lakh,noida
Audi,Audi Q745 TDI Quattro Premium Plus,2016,"80,000kms",Diesel,Automatic,₹24.75 Lakh,noida
Kia,Kia SeltosHTX,2023,"39,139kms",Petrol,Manual,₹10.40 Lakh,noida
Hyundai,Hyundai CretaSX Diesel,2022,"42,514kms",Diesel,Manual,₹9.71 Lakh,noida
Tata,Tata NexonXZA Plus (O) AMT Diesel,2019,"39,785kms",Diesel,Automatic,₹6.27 Lakh,noida
Volvo,Volvo XC90D5 Inscription BSIV,2017,"82,544kms",Diesel,Automatic,₹23 Lakh,noida
Kia,Kia SeltosGTX Plus Diesel AT,2022,"58,325kms",Diesel,Automatic,₹14.13 Lakh,noida
Hyundai,Hyundai CretaSX Opt Turbo DCT,2021,"89,599kms",Petrol,Automatic,₹12.35 Lakh,noida
Hyundai,Hyundai Creta1.6 SX Diesel,2016,"83,027kms",Diesel,Manual,₹6.05 Lakh,noida
Mercedes-Benz,Mercedes-Benz C-ClassProgressive C 200,2019,"25,000kms",Petrol,Automatic,₹28.90 Lakh,noida
Nissan,Nissan Kicks1.3 Turbo XV,2022,"46,579kms",Petrol,Manual,₹8.65 Lakh,noida
Tata,Tata AltrozXZ Diesel,2021,"73,822kms",Diesel,Manual,₹6.80 Lakh,noida
Ford,Ford Ecosport1.5 Ti VCT MT Titanium,2019,"63,182kms",Petrol,Manual,₹5.75 Lakh,noida
Kia,Kia CarnivalLimousine Plus,2022,"51,000kms",Diesel,Automatic,₹30 Lakh,noida
Tata,Tata NexonXM S Diesel,2021,"50,157kms",Diesel,Manual,₹6.33 Lakh,noida
Maruti,Maruti BrezzaVxi,2023,"40,000kms",Petrol,Manual,₹8 Lakh,noida
Maruti,Maruti Wagon RLXI CNG,2019,"51,000kms",CNG,Manual,₹4.50 Lakh,noida
Kia,Kia CarnivalLimousine Plus,2022,"51,000kms",Diesel,Automatic,₹30 Lakh,noida
Tata,Tata HexaXTA,2018,"71,000kms",Diesel,Automatic,₹7.50 Lakh,noida
Honda,Honda Cityi VTEC V,2015,"67,000kms",Petrol,Manual,₹4 Lakh,noida
Maruti,Maruti Wagon RAMT VXI,2016,"20,000kms",Petrol,Automatic,₹4 Lakh,noida
Mercedes-Benz,Mercedes-Benz GLA Class200,2016,"70,000kms",Petrol,Automatic,₹17.75 Lakh,noida
Tata,Tata SafariAccomplished Plus,2023,"50,000kms",Diesel,Manual,₹15 Lakh,noida
Mahindra,Mahindra XUV500R W10 FWD,2016,"90,000kms",Diesel,Manual,₹5.80 Lakh,noida
Kia,Kia SeltosHTX G,2021,"40,000kms",Petrol,Manual,₹9.25 Lakh,noida
Toyota,Toyota Innova Crysta2.7 GX 8 STR,2022,"32,000kms",Petrol,Manual,₹15.50 Lakh,noida
Hyundai,Hyundai Grand i10 NiosMagna Duo CNG,2024,"40,000kms",CNG,Manual,₹7 Lakh,noida
Hyundai,Hyundai CretaS Diesel,2024,"19,000kms",Diesel,Manual,₹15 Lakh,noida
Hyundai,Hyundai CretaSX Diesel,2023,"50,000kms",Diesel,Manual,₹7.50 Lakh,noida
Jeep,Jeep WranglerRubicon BSVI,2023,"10,000kms",Petrol,Automatic,₹58 Lakh,noida
Tata,Tata NexonXZ Plus BSVI,2022,"60,000kms",Petrol,Manual,₹5.85 Lakh,noida
MG,MG HectorSharp AT BSIV,2021,"60,000kms",Petrol,Automatic,₹11.50 Lakh,noida
Toyota,Toyota Innova Crysta2.4 G Plus MT BSIV,2019,"80,000kms",Diesel,Manual,₹14 Lakh,noida
Jaguar,Jaguar XF2.0 Diesel Prestige,2018,"16,000kms",Diesel,Automatic,₹25.75 Lakh,noida
Mahindra,Mahindra XUV500W5 BSIV,2018,"73,000kms",Diesel,Manual,₹7 Lakh,noida
Maruti,Maruti CiazZDi SHVS,2017,"1,60,000kms",Diesel,Manual,₹5 Lakh,noida
Hyundai,Hyundai i20Asta 1.4 CRDi,2017,"1,20,000kms",Diesel,Manual,₹4 Lakh,noida
Mercedes-Benz,Mercedes-Benz CLA200 CGI Sport,2016,"16,000kms",Petrol,Automatic,₹20 Lakh,noida
Ford,Ford Ecosport1.0 Ecoboost Trend Plus BE BSIV,2016,"81,000kms",Petrol,Manual,₹3.90 Lakh,noida
Kia,Kia SeltosHTX IVT,2023,"30,000kms",Petrol,Automatic,₹15 Lakh,noida
Mahindra,Mahindra XUV700AX5 5Str,2023,"19,000kms",Petrol,Manual,₹14.95 Lakh,noida
Mahindra,Mahindra Alturas G44X4 AT BSIV,2019,"70,000kms",Diesel,Automatic,₹17.75 Lakh,noida
Mahindra,Mahindra XUV700AX3 BSVI,2022,"78,000kms",Petrol,Manual,₹12.95 Lakh,noida
MG,MG HectorSharp DCT,2019,"52,000kms",Petrol,Automatic,₹9.95 Lakh,noida
MG,MG HectorSharp DCT,2021,"83,000kms",Petrol,Automatic,₹10.95 Lakh,noida
Hyundai,Hyundai Creta1.4 E Plus CRDi,2017,"1,50,000kms",Diesel,Manual,₹6.25 Lakh,noida
Renault,Renault TriberRXT BSVI,2021,"69,000kms",Petrol,Manual,₹4.95 Lakh,noida
Honda,Honda AmazeS Petrol,2017,"1,35,352kms",Petrol,Manual,₹3.35 Lakh,noida
Maruti,Maruti ErtigaVXI,2021,"77,000kms",Petrol,Manual,₹8.20 Lakh,noida
Land Rover,Land Rover Discovery SportTD4 SE 7S,2019,"36,000kms",Diesel,Automatic,₹24.75 Lakh,noida
Tata,Tata AltrozXE BSVI,2020,"75,000kms",Petrol,Manual,₹4.75 Lakh,noida
Hyundai,Hyundai Grand i10Sportz,2017,"79,000kms",Petrol,Manual,₹3.75 Lakh,noida
Maruti,Maruti CiazAlpha BSVI,2020,"71,000kms",Petrol,Manual,₹6.95 Lakh,noida
Hyundai,Hyundai CretaSX (O),2024,"30,000kms",Petrol,Manual,₹14.95 Lakh,noida
Kia,Kia SeltosHTK G,2022,"21,000kms",Petrol,Manual,₹10.50 Lakh,noida
Kia,Kia SeltosHTK Plus iMT,2023,"41,000kms",Petrol,Manual,₹10.95 Lakh,noida
Kia,Kia SeltosHTX Diesel,2022,"79,000kms",Diesel,Manual,₹11.50 Lakh,noida
BMW,BMW X1sDrive20d xLine,2021,"32,000kms",Diesel,Automatic,₹28.50 Lakh,noida
Hyundai,Hyundai Creta1.4 CRDi S,2017,"1,56,000kms",Diesel,Manual,₹5.30 Lakh,noida
Toyota,Toyota Innova Crysta2.7 ZX 7 STR AT,2022,"70,000kms",Petrol,Automatic,₹16 Lakh,noida
Hyundai,Hyundai CretaSX,2023,"49,000kms",Petrol,Manual,₹11.95 Lakh,noida
Hyundai,Hyundai AlcazarPlatinum (O) Turbo DCT,2022,"40,000kms",Petrol,Automatic,₹14.45 Lakh,noida
Hyundai,Hyundai Tucson2.0 e-VGT 2WD MT,2017,"70,687kms",Diesel,Manual,₹9.29 Lakh,noida
Maruti,Maruti S CrossSigma,2021,"32,772kms",Petrol,Manual,₹8.39 Lakh,noida
Maruti,Maruti CiazZXi,2016,"59,905kms",Petrol,Manual,₹5.10 Lakh,noida
Mahindra,Mahindra XUV700AX7L 7Str Diesel AT,2024,"37,000kms",Diesel,Automatic,₹22.75 Lakh,noida
Kia,Kia SeltosHTX IVT G,2019,"72,832kms",Petrol,Automatic,₹8.51 Lakh,noida
Hyundai,Hyundai Creta1.6 VTVT S,2019,"57,759kms",Petrol,Manual,₹7.14 Lakh,noida
Hyundai,Hyundai SantroSportz Executive CNG,2022,"71,440kms",CNG,Manual,₹4.95 Lakh,noida
BMW,BMW 3 Series Long Wheelbase330Li M Sport First Edition,2022,"48,000kms",Petrol,Automatic,₹38.75 Lakh,noida
Toyota,Toyota Corolla AltisPetrol LE,2018,"1,20,519kms",Petrol,Manual,₹8.82 Lakh,noida
Toyota,Toyota Corolla AltisPetrol LE,2019,"81,733kms",Petrol,Manual,₹10.43 Lakh,noida
Maruti,Maruti ErtigaZXI AT,2020,"50,566kms",Petrol,Automatic,₹8.08 Lakh,noida
Mercedes-Benz,2021Mercedes-Benz AMG G 634MATIC  -2023,2018,"45,000kms",Petrol,Automatic,₹2.58 Crore,noida
Nissan,Nissan MicraXL CVT,2018,"1,24,835kms",Petrol,Automatic,₹3.59 Lakh,noida
Honda,Honda CR-V2.0 2WD,2013,"77,935kms",Petrol,Manual,₹5.11 Lakh,noida
Honda,Honda CityZX MT,2017,"72,704kms",Petrol,Manual,₹6.83 Lakh,noida
Audi,Audi Q740 TFSI Quattro Technology,2019,"59,000kms",Petrol,Automatic,₹35.75 Lakh,noida
Kia,Kia SonetGTX Plus Turbo iMT,2022,"75,762kms",Petrol,Automatic,₹8.86 Lakh,noida
Honda,Honda CityZX MT,2017,"59,769kms",Petrol,Manual,₹6.72 Lakh,noida
Maruti,Maruti BalenoAlpha Diesel,2016,"80,004kms",Diesel,Manual,₹3.82 Lakh,noida
Land Rover,Land Rover Discovery SportTD4 HSE 7S,2018,"40,000kms",Diesel,Automatic,₹26.50 Lakh,noida
Hyundai,Hyundai VernaSX Opt Diesel,2021,"1,22,206kms",Diesel,Manual,₹9.07 Lakh,noida
Ford,Ford Ecosport1.5 Ti VCT AT Titanium,2016,"1,06,448kms",Petrol,Automatic,₹4.60 Lakh,noida
Tata,Tata Tiago1.2 Revotron XZ Plus,2022,"42,055kms",Petrol,Manual,₹5.66 Lakh,noida
Skoda,Skoda SuperbLaurin & klement BSVI,2021,"38,000kms",Petrol,Automatic,₹25.75 Lakh,noida
Maruti,Maruti SwiftVXI,2016,"48,436kms",Petrol,Manual,₹2.61 Lakh,noida
Nissan,Nissan MagniteXL BSVI,2022,"46,823kms",Petrol,Manual,₹4.02 Lakh,noida
Maruti,Maruti Swift DzireVXI,2017,"95,000kms",Petrol,Manual,₹3.50 Lakh,noida
Hyundai,Hyundai i20 N-LineN8 DCT BSVI,2022,"37,000kms",Petrol,Automatic,₹8.75 Lakh,noida
Hyundai,Hyundai Xcent1.2 Kappa S,2015,"75,000kms",Petrol,Manual,₹2.90 Lakh,noida
Maruti,Maruti Wagon RLXI CNG,2023,"90,000kms",CNG,Manual,₹2 Lakh,noida
Maruti,Maruti Wagon RCNG LXI Opt,2021,"40,000kms",CNG,Manual,₹3 Lakh,noida
Tata,Tata HarrierXZ Plus BSVI,2022,"41,000kms",Diesel,Manual,₹14.75 Lakh,noida
Kia,Kia CarensLuxury Plus DCT,2023,"20,000kms",Petrol,Automatic,₹12 Lakh,noida
Toyota,Toyota Fortuner4X2 Diesel AT,2023,"80,000kms",Diesel,Automatic,₹30 Lakh,noida
Volkswagen,Volkswagen VirtusGT Plus DSG ES,2025,"35,000kms",Petrol,Automatic,₹12 Lakh,noida
Volkswagen,Volkswagen Tiguan2.0 TDI Highline,2020,"64,000kms",Diesel,Automatic,₹19.75 Lakh,noida
Honda,Honda CityZX MT,2021,"1,11,510kms",Petrol,Manual,₹8.90 Lakh,noida
Maruti,Maruti SwiftVXI CNG,2015,"59,530kms",CNG,Manual,₹3.43 Lakh,noida
Hyundai,Hyundai VernaVTVT 1.6 SX,2018,"25,871kms",Petrol,Manual,₹6.05 Lakh,noida
Ford,Ford FreestyleTitanium Plus Diesel BSIV,2019,"72,000kms",Diesel,Manual,₹4.15 Lakh,noida
Hyundai,Hyundai i10Magna,2012,"1,00,643kms",Petrol,Manual,₹1.03 Lakh,noida
Renault,Renault KWID1.0 AMT RXT,2016,"57,503kms",Petrol,Automatic,₹2.40 Lakh,noida
Renault,Renault KWIDRXT,2017,"80,363kms",Petrol,Manual,₹2.14 Lakh,noida
Hyundai,Hyundai VernaSX IVT,2022,"46,000kms",Petrol,Automatic,₹10.95 Lakh,noida
Honda,Honda AmazeS Petrol BSIV,2020,"45,447kms",Petrol,Manual,₹4.48 Lakh,noida
Honda,Honda CityV MT,2020,"57,142kms",Petrol,Manual,₹6.65 Lakh,noida
Maruti,Maruti Wagon RLXI CNG,2014,"89,518kms",CNG,Manual,₹1.74 Lakh,noida
Land Rover,Land Rover Range Rover VelarR-Dynamic S Petrol MY21,2020,"45,000kms",Petrol,Automatic,₹51.75 Lakh,noida
Maruti,Maruti SwiftLXI Optional-O,2016,"23,163kms",Petrol,Manual,₹3.27 Lakh,noida
Mahindra,Mahindra Scorpio NZ8L Diesel 4x4 AT,2023,"32,864kms",Diesel,Automatic,₹21.73 Lakh,noida
Tata,Tata Tigor1.2 Revotron XZ Option,2017,"54,681kms",Petrol,Manual,₹3.15 Lakh,noida
Land Rover,Land Rover Range Rover VelarDynamic HSE,2024,"13,000kms",Petrol,Automatic,₹75.75 Lakh,noida
Maruti,Maruti Alto 800LXI,2014,"57,463kms",Petrol,Manual,₹1.49 Lakh,noida
Kia,Kia SeltosGTX Plus Diesel AT,2021,"47,839kms",Diesel,Automatic,₹9.41 Lakh,noida
Honda,Honda Cityi VTEC V,2017,"7,90,000kms",Petrol,Manual,₹6.25 Lakh,noida
Hyundai,Hyundai Grand i101.2 Kappa Sportz Option,2018,"68,000kms",Petrol,Manual,₹3.85 Lakh,noida
Maruti,Maruti Alto K10LXI,2011,"80,000kms",Petrol,Manual,"₹70,000",noida
Honda,Honda CityVX MT,2021,"50,000kms",Petrol,Manual,₹9.25 Lakh,noida
Maruti,Maruti Vitara BrezzaVDi AMT,2018,"1,12,000kms",Diesel,Automatic,₹5.20 Lakh,noida
Hyundai,Hyundai VernaSX Turbo DCT,2023,"43,000kms",Petrol,Automatic,₹13.75 Lakh,noida
Jeep,Jeep Compass2.0 Limited,2017,"88,000kms",Diesel,Manual,₹8.25 Lakh,noida
Ford,Ford FigoTitanium AT  -2020,2019,"1,05,252kms",Petrol,Automatic,₹3.94 Lakh,noida
Honda,Honda CR-V2.0 2WD,2013,"77,935kms",Petrol,Manual,₹5.11 Lakh,noida
Volkswagen,Volkswagen Taigun1.5 TSI GT Plus DSG,2021,"42,191kms",Petrol,Automatic,₹10 Lakh,noida
Honda,Honda CityZX MT,2017,"72,704kms",Petrol,Manual,₹6.83 Lakh,noida
Kia,Kia SonetGTX Plus Turbo iMT,2022,"75,762kms",Petrol,Automatic,₹8.86 Lakh,noida
Honda,Honda CityZX MT,2017,"59,769kms",Petrol,Manual,₹6.72 Lakh,noida
Volvo,Volvo XC60D5 Summum,2014,"87,000kms",Diesel,Automatic,₹6.50 Lakh,noida
Maruti,Maruti BalenoAlpha Diesel,2016,"80,004kms",Diesel,Manual,₹3.82 Lakh,noida
Hyundai,Hyundai VernaSX Opt Diesel,2021,"1,22,206kms",Diesel,Manual,₹9.07 Lakh,noida
Hyundai,Hyundai i10Sportz 1.1L,2015,"55,435kms",Petrol,Manual,₹1.93 Lakh,noida
Maruti,Maruti BalenoSigma,2021,"9,594kms",Petrol,Manual,₹5.35 Lakh,noida
Hyundai,Hyundai VernaSX,2021,"37,722kms",Petrol,Manual,₹7.80 Lakh,noida
Maruti,Maruti FRONXAlpha Turbo AT,2024,"6,872kms",Petrol,Automatic,₹10.88 Lakh,noida
Volkswagen,Volkswagen Polo1.0 MPI Trendline,2020,"33,751kms",Petrol,Manual,₹3.86 Lakh,noida
Mahindra,Mahindra TharLX Hard Top AT RWD,2024,"7,000kms",Petrol,Automatic,₹13.25 Lakh,noida
Maruti,Maruti Swift Dzire Tour1.2 S STD CNG,2021,"57,071kms",CNG,Manual,₹4.39 Lakh,noida
Toyota,Toyota Corolla AltisPetrol LE,2019,"81,030kms",Petrol,Manual,₹10.09 Lakh,noida
Honda,Honda CityVX CVT,2020,"89,920kms",Petrol,Automatic,₹5.51 Lakh,noida
Honda,Honda AmazeVX i-VTEC,2016,"52,000kms",Petrol,Manual,₹3.25 Lakh,noida
Maruti,Maruti ErtigaVXI CNG,2014,"83,739kms",CNG,Manual,₹3.68 Lakh,noida
Mahindra,Mahindra Scorpio NZ8 Diesel,2023,"79,841kms",Diesel,Manual,₹16.99 Lakh,noida
Kia,Kia SeltosHTK G,2020,"69,741kms",Petrol,Manual,₹6.56 Lakh,noida
Honda,Honda CityV MT,2019,"62,000kms",Petrol,Manual,₹7 Lakh,noida
Renault,Renault KWID1.0 RXT AMT Opt,2019,"41,703kms",Petrol,Automatic,₹3.16 Lakh,noida
Maruti,Maruti Swift DzireVXI,2014,"40,494kms",Petrol,Manual,₹1.95 Lakh,noida
Maruti,Maruti Swift DzireVXI,2015,"49,923kms",Petrol,Manual,₹2.33 Lakh,noida
Ford,Ford FigoTitanium BSIV,2019,"63,000kms",Petrol,Manual,₹3.15 Lakh,noida
MG,MG AstorSmart EX BSVI,2022,"17,169kms",Petrol,Manual,₹9.09 Lakh,noida
Maruti,Maruti Wagon RVXI,2016,"44,158kms",Petrol,Manual,₹2.77 Lakh,noida
Kia,Kia SonetHTX Turbo DCT BSVI,2023,"19,063kms",Petrol,Automatic,₹8.39 Lakh,noida
Honda,Honda Cityi-VTEC CVT VX,2018,"70,000kms",Petrol,Automatic,₹6.95 Lakh,noida
Hyundai,Hyundai Tucson2.0 e-VGT 2WD MT,2017,"70,687kms",Diesel,Manual,₹9.29 Lakh,noida
Maruti,Maruti S CrossSigma,2021,"32,772kms",Petrol,Manual,₹8.39 Lakh,noida
Maruti,Maruti CiazZXi,2016,"59,905kms",Petrol,Manual,₹5.10 Lakh,noida
Audi,Audi A62.8 FSI,2011,"69,000kms",Petrol,Automatic,₹6 Lakh,noida
Mahindra,Mahindra TharLX 4WD Hard Top Diesel AT BSVI,2021,"50,000kms",Diesel,Automatic,₹13 Lakh,noida
Honda,Honda Cityi VTEC CVT VX,2015,"60,000kms",Petrol,Automatic,₹5 Lakh,noida
Renault,Renault KWIDRXL,2016,"40,000kms",Petrol,Manual,₹1.58 Lakh,noida
Hyundai,Hyundai CretaE,2024,"8,000kms",Petrol,Manual,₹11.50 Lakh,noida
Tata,Tata Nexon1.2 Revotron XM,2019,"30,000kms",Petrol,Manual,₹4.90 Lakh,noida
Maruti,Maruti SwiftVXI,2013,"1,16,000kms",Petrol,Manual,₹2.20 Lakh,noida
Mercedes-Benz,Mercedes-Benz AMG C434MATIC Coupe,2020,"60,000kms",Petrol,Automatic,₹50 Lakh,noida
Maruti,Maruti SwiftZXI,2022,"38,471kms",Petrol,Manual,₹5.50 Lakh,noida
Mahindra,Mahindra TharLX Hard Top Diesel AT,2024,"10,000kms",Diesel,Automatic,₹15.50 Lakh,noida
Maruti,Maruti Swift DzireVXI,2013,"60,000kms",Petrol,Manual,₹2.50 Lakh,noida
Hyundai,Hyundai i20Sportz Plus BSIV,2019,"45,000kms",Petrol,Manual,₹4.50 Lakh,noida
Mercedes-Benz,Mercedes-Benz CL-Class500,2011,"68,000kms",Petrol,Automatic,₹4.25 Lakh,noida
Hyundai,Hyundai VenueS,2025,"10,000kms",Petrol,Manual,₹9.20 Lakh,noida
Hyundai,Hyundai Xcent1.2 Kappa S,2015,"75,000kms",Petrol,Manual,₹2.90 Lakh,noida
Maruti,Maruti Wagon RLXI CNG,2023,"90,000kms",CNG,Manual,₹2 Lakh,noida
Maruti,Maruti Wagon RCNG LXI Opt,2021,"40,000kms",CNG,Manual,₹3 Lakh,noida
Kia,Kia CarensLuxury Plus DCT,2023,"20,000kms",Petrol,Automatic,₹12 Lakh,noida
Toyota,Toyota Fortuner4X2 Diesel AT,2023,"80,000kms",Diesel,Automatic,₹30 Lakh,noida
Volkswagen,Volkswagen VirtusGT Plus DSG ES,2025,"35,000kms",Petrol,Automatic,₹12 Lakh,noida
Kia,Kia CarensLuxury Plus DCT,2023,"20,000kms",Petrol,Automatic,₹12 Lakh,noida
Toyota,Toyota Fortuner4X2 Diesel AT,2023,"80,000kms",Diesel,Automatic,₹30 Lakh,noida
Volkswagen,Volkswagen VirtusGT Plus DSG ES,2025,"35,000kms",Petrol,Automatic,₹12 Lakh,noida
Hyundai,Hyundai VenueS Opt Turbo DCT,2023,"35,000kms",Petrol,Automatic,₹7 Lakh,noida
Renault,Renault KigerRXT,2023,"23,000kms",Petrol,Manual,₹5.35 Lakh,noida
Toyota,Toyota EtiosVX,2011,"1,00,000kms",Petrol,Manual,₹1.75 Lakh,noida
Audi,Audi Q5Premium plus BSVI,2023,"30,000kms",Petrol,Automatic,₹49 Lakh,noida
Maruti,Maruti Wagon RLXI BS IV,2017,"75,000kms",Petrol,Manual,₹2.60 Lakh,noida
Honda,Honda CityZX CVT,2022,"1,20,000kms",Petrol,Automatic,₹9.50 Lakh,noida
Honda,Honda BrioS MT,2013,"80,000kms",Petrol,Manual,₹1 Lakh,noida
Mahindra,Mahindra TharLX 4WD Hard Top Diesel AT BSVI,2021,"41,000kms",Diesel,Automatic,₹12.95 Lakh,noida
Mahindra,Mahindra TharLX 4WD Convert Top Diesel BSVI,2021,"28,000kms",Diesel,Manual,₹12.50 Lakh,noida
Maruti,Maruti ErtigaVXI CNG,2022,"69,000kms",CNG,Manual,₹9.50 Lakh,noida
Hyundai,Hyundai i20Magna BSVI,2020,"59,000kms",Petrol,Manual,₹4.75 Lakh,noida
Volkswagen,Volkswagen Polo1.2 MPI Comfortline,2017,"62,000kms",Petrol,Manual,₹3.75 Lakh,noida
Volkswagen,Volkswagen Polo1.0 MPI Comfortline BSIV,2020,"42,000kms",Petrol,Manual,₹4.75 Lakh,noida
Volkswagen,Volkswagen VirtusTopline,2023,"45,000kms",Petrol,Manual,₹10.95 Lakh,noida
Kia,Kia SonetHTK Plus Turbo DCT,2021,"46,000kms",Petrol,Automatic,₹9.50 Lakh,noida
Kia,Kia SonetHTK Plus,2023,"32,000kms",Petrol,Manual,₹8.75 Lakh,noida
Volkswagen,Volkswagen Polo1.5 TDI Highline,2016,"1,60,000kms",Diesel,Manual,₹3.50 Lakh,noida
Toyota,Toyota Innova Crysta2.8 GX AT BSIV,2018,"1,75,000kms",Diesel,Automatic,₹12 Lakh,noida
Maruti,Maruti Swift DzireZXI,2018,"77,108kms",Petrol,Manual,₹4.20 Lakh,noida
Chevrolet,Chevrolet Spark1.0,2011,"50,000kms",Petrol,Manual,₹1.15 Lakh,noida
Tata,Tata HarrierXZA Plus AT BSVI,2022,"74,000kms",Diesel,Automatic,₹16 Lakh,noida
Toyota,Toyota Fortuner2.8 2WD MT BSIV,2019,"50,000kms",Diesel,Manual,₹25 Lakh,noida
Chevrolet,Chevrolet BeatLS,2011,"73,000kms",Petrol,Manual,"₹95,000",noida
Mahindra,Mahindra XUV300W6 Diesel BSIV,2019,"80,000kms",Diesel,Manual,₹4.95 Lakh,noida
Mahindra,Mahindra TharLX 4WD Hard Top Diesel AT BSVI,2021,"50,000kms",Diesel,Automatic,₹13 Lakh,noida
Mahindra,Mahindra XUV700AX7 Diesel AT BSVI,2023,"60,000kms",Diesel,Automatic,₹20 Lakh,noida
Honda,Honda BrioS MT,2013,"90,000kms",Petrol,Manual,₹1.70 Lakh,noida
Honda,Honda Cityi VTEC V,2014,"80,000kms",Petrol,Manual,₹3.50 Lakh,noida
Tata,Tata ZestRevotron 1.2T XM,2016,"60,000kms",Petrol,Manual,₹2.50 Lakh,noida
Maruti,Maruti CelerioZXI BSVI,2023,"12,200kms",Petrol,Manual,₹4.30 Lakh,noida
Maruti,Maruti Wagon RZXI AT,2025,"10,000kms",Petrol,Automatic,₹6.25 Lakh,noida
Hyundai,Hyundai AuraS CNG,2021,"1,20,000kms",CNG,Manual,₹6 Lakh,noida
Honda,Honda Jazz1.2 E i VTEC,2016,"1,00,000kms",Petrol,Manual,₹2.50 Lakh,noida
Maruti,Maruti Baleno1.2 Delta,2016,"60,000kms",Petrol,Manual,₹4 Lakh,noida
Hyundai,Hyundai i10Magna 1.2,2010,"1,04,100kms",Petrol,Manual,"₹80,000",noida
Jeep,Jeep Compass Trailhawk4x4,2020,"30,000kms",Diesel,Automatic,₹13 Lakh,noida
Toyota,Toyota Fortuner4X2 Diesel AT,2023,"30,000kms",Diesel,Automatic,₹35.50 Lakh,noida
Mercedes-Benz,Mercedes-Benz AMG C434MATIC Coupe,2020,"60,000kms",Petrol,Automatic,₹50 Lakh,noida
Maruti,Maruti SwiftZXI,2022,"38,471kms",Petrol,Manual,₹5.50 Lakh,noida
Mahindra,Mahindra TharLX Hard Top Diesel AT,2024,"10,000kms",Diesel,Automatic,₹15.50 Lakh,noida
Hyundai,Hyundai i10Magna 1.2 iTech SE,2011,"50,000kms",Petrol,Manual,₹1.50 Lakh,noida
Maruti,Maruti BalenoSigma,2019,"80,000kms",Petrol,Manual,₹3.50 Lakh,noida
Honda,Honda CityV MT,2012,"1,09,000kms",Petrol,Manual,₹2.52 Lakh,noida
Tata,Tata Tigor1.2 Revotron XZA,2018,"36,000kms",Petrol,Automatic,₹4.75 Lakh,noida
Volkswagen,Volkswagen Taigun1.0 Topline AT,2023,"55,000kms",Petrol,Automatic,₹12 Lakh,noida
Maruti,Maruti Wagon RLXI CNG,2014,"90,000kms",CNG,Manual,₹1.25 Lakh,noida
Jeep,Jeep Compass2.0 Limited Plus BSIV,2019,"90,000kms",Diesel,Manual,₹8.50 Lakh,noida
Maruti,Maruti ErtigaVXI CNG,2018,"96,000kms",CNG,Manual,₹6.95 Lakh,noida
Mercedes-Benz,Mercedes-Benz C-ClassC 200 CGI Avantgarde,2011,"70,000kms",Petrol,Automatic,₹4.50 Lakh,noida
Renault,Renault KWIDRXT Optional,2019,"63,301kms",Petrol,Manual,₹2.95 Lakh,noida
Mahindra,Mahindra XUV 3XOAX5 Diesel,2024,"16,000kms",Diesel,Manual,₹12 Lakh,noida
Maruti,Maruti Wagon RLXI BS IV,2011,"80,000kms",Petrol,Manual,₹3 Lakh,noida
Maruti,Maruti FRONXSigma CNG,2023,"35,000kms",CNG,Manual,₹7.50 Lakh,noida
Tata,Tata Tiago1.2 Revotron XZ,2019,"1,20,000kms",Petrol,Manual,₹3 Lakh,noida
Hyundai,Hyundai VenueSX Turbo iMT,2021,"30,000kms",Petrol,Manual,₹7.70 Lakh,noida
Hyundai,Hyundai Santro XingGLS,2011,"50,000kms",Petrol,Manual,₹1 Lakh,noida
Hyundai,Hyundai VenueSX Diesel,2021,"60,000kms",Diesel,Manual,₹7.60 Lakh,noida
Jeep,Jeep Compass2.0 Limited,2018,"2,50,000kms",Diesel,Manual,₹7 Lakh,noida
Maruti,Maruti Alto 800LXi,2011,"1,00,000kms",Petrol,Manual,₹1.30 Lakh,noida
Mahindra,Mahindra XUV700AX7 AT BSVI,2022,"30,000kms",Petrol,Automatic,₹20 Lakh,noida
Jeep,Jeep Compass1.4 Limited,2020,"60,000kms",Petrol,Automatic,₹12 Lakh,noida
BMW,BMW X1sDrive18i M Sport,2024,"15,000kms",Petrol,Automatic,₹43.75 Lakh,noida
Hyundai,Hyundai i10Era 1.1,2009,"40,000kms",Petrol,Manual,"₹50,000",noida
Maruti,Maruti Wagon RVXI BS IV,2015,"70,000kms",Petrol,Manual,₹2.33 Lakh,noida
Mercedes-Benz,Mercedes-Benz C-ClassC 220d BSVI,2022,"30,000kms",Diesel,Automatic,₹41.50 Lakh,noida
Honda,Honda CityE,2013,"70,000kms",Petrol,Manual,₹2.30 Lakh,noida
Maruti,Maruti Swift DzireVXI,2013,"60,000kms",Petrol,Manual,₹2.50 Lakh,noida
Hyundai,Hyundai i20Sportz Plus BSIV,2019,"45,000kms",Petrol,Manual,₹4.50 Lakh,noida
Mercedes-Benz,Mercedes-Benz CL-Class500,2011,"68,000kms",Petrol,Automatic,₹4.25 Lakh,noida
Hyundai,Hyundai VenueS,2025,"10,000kms",Petrol,Manual,₹9.20 Lakh,noida
Renault,Renault KWID1.0 RXT AMT Opt BSIV,2019,"38,000kms",Petrol,Automatic,₹2.90 Lakh,noida
Maruti,Maruti BalenoZeta,2020,"30,000kms",Petrol,Manual,₹6 Lakh,noida
Renault,Renault Duster85PS Diesel RxS,2019,"80,700kms",Diesel,Manual,₹4.50 Lakh,noida
Maruti,Maruti CiazSigma BSIV,2018,"1,00,000kms",Petrol,Manual,₹5 Lakh,noida
Renault,Renault KigerRXZ Turbo,2021,"85,000kms",Petrol,Manual,₹5.25 Lakh,noida
Tata,Tata Nexon EVXZ Plus,2021,"1,60,000kms",Electric,Automatic,₹10 Lakh,noida
Maruti,Maruti Wagon RLXI BS IV,2018,"32,300kms",Petrol,Manual,₹2.99 Lakh,noida
Tata,Tata HarrierFearless,2024,"40,000kms",Diesel,Manual,₹20 Lakh,noida
Hyundai,Hyundai Grand i10Magna,2014,"80,000kms",Petrol,Manual,₹2.50 Lakh,noida
Maruti,Maruti CiazZeta Automatic BSIV,2018,"78,000kms",Petrol,Automatic,₹5.50 Lakh,noida
Tata,Tata ZestRevotron 1.2T XE,2016,"80,000kms",Petrol,Manual,₹2.20 Lakh,noida
Tata,Tata Tigor1.2 Revotron XZA,2018,"36,000kms",Petrol,Automatic,₹4.75 Lakh,noida
Volkswagen,Volkswagen Taigun1.0 Topline AT,2023,"55,000kms",Petrol,Automatic,₹12 Lakh,noida
Hyundai,Hyundai i10Era 1.1,2009,"40,000kms",Petrol,Manual,"₹50,000",noida
Maruti,Maruti Wagon RVXI BS IV,2015,"70,000kms",Petrol,Manual,₹2.33 Lakh,noida
Jeep,Jeep Compass2.0 Limited Plus BSIV,2019,"90,000kms",Diesel,Manual,₹8.50 Lakh,noida
Maruti,Maruti ErtigaVXI CNG,2018,"96,000kms",CNG,Manual,₹6.95 Lakh,noida
Mercedes-Benz,Mercedes-Benz C-ClassC 220d BSVI,2022,"30,000kms",Diesel,Automatic,₹41.50 Lakh,noida
BMW,BMW X3xDrive20d Luxury Edition,2023,"70,000kms",Diesel,Automatic,₹45 Lakh,noida
Renault,Renault Duster85PS Diesel RxS,2018,"1,60,000kms",Diesel,Manual,₹3.50 Lakh,noida
Maruti,Maruti SwiftVDI BSIV,2016,"94,000kms",Diesel,Manual,₹3.50 Lakh,noida
Maruti,Maruti Wagon R StingrayVXI,2014,"50,000kms",Petrol,Manual,₹2.20 Lakh,noida
Hyundai,Hyundai SantroSportz AMT BSIV,2019,"30,000kms",Petrol,Automatic,₹3.50 Lakh,noida
Hyundai,Hyundai KonaPremium,2024,"25,646kms",Electric,Automatic,₹18 Lakh,noida
Maruti,Maruti SwiftVXI,2013,"1,20,000kms",Petrol,Manual,₹2.50 Lakh,noida
Chevrolet,Chevrolet Sail1.2 Base,2015,"26,000kms",Petrol,Manual,₹2.50 Lakh,noida
Maruti,Maruti SwiftVDI BSIV,2016,"1,00,000kms",Diesel,Manual,₹3.05 Lakh,noida
Honda,Honda City1.5 S MT,2009,"70,000kms",Petrol,Manual,₹1.60 Lakh,noida
Mahindra,Mahindra KUV 100mFALCON G80 K8,2016,"85,000kms",Petrol,Manual,₹2 Lakh,noida
Honda,Honda Cityi VTEC V,2016,"1,32,000kms",Petrol,Manual,₹6 Lakh,noida
Tata,Tata TiagoXZ,2025,"10,000kms",Petrol,Manual,₹7 Lakh,noida
Toyota,Toyota Corolla Altis1.8 J,2012,"80,000kms",Petrol,Manual,₹3.50 Lakh,noida
Volkswagen,Volkswagen Taigun1.0 Topline AT,2024,"20,000kms",Petrol,Automatic,₹13 Lakh,noida
Maruti,Maruti Baleno1.2 Delta,2018,"59,000kms",Petrol,Manual,₹4.25 Lakh,noida
Maruti,Maruti Wagon RLXI CNG,2015,"52,000kms",CNG,Manual,₹2.99 Lakh,noida
Maruti,Maruti Wagon RVXI BS IV,2013,"53,000kms",Petrol,Manual,₹1.95 Lakh,noida
Hyundai,Hyundai i10Era,2015,"62,000kms",Petrol,Manual,₹2.99 Lakh,noida
Maruti,Maruti Wagon RLXI BS IV,2014,"70,000kms",Petrol,Manual,₹2.40 Lakh,noida
Maruti,Maruti Swift DzireVXI 1.2 BS IV,2018,"58,000kms",Petrol,Manual,₹4.18 Lakh,noida
Hyundai,Hyundai Grand i10Magna,2014,"80,000kms",Petrol,Manual,₹1.95 Lakh,noida
Maruti,Maruti Wagon RLXI CNG,2016,"78,000kms",CNG,Manual,₹2.53 Lakh,noida
Tata,Tata TiagoXT CNG BSVI,2022,"63,000kms",CNG,Manual,₹4.65 Lakh,noida
Hyundai,Hyundai Grand i10Sportz,2016,"1,60,000kms",Petrol,Manual,₹2.96 Lakh,noida
Honda,Honda CityZX CVT,2021,"61,000kms",Petrol,Automatic,₹9.95 Lakh,noida
Jeep,Jeep Compass1.4 Limited,2017,"64,000kms",Petrol,Automatic,₹7.95 Lakh,noida
Hyundai,Hyundai Grand i10 NiosSportz,2023,"35,000kms",Petrol,Manual,₹5 Lakh,noida
Hyundai,Hyundai i10Era,2011,"60,000kms",Petrol,Manual,₹1.43 Lakh,noida
Hyundai,Hyundai VenueSX Diesel,2021,"60,000kms",Diesel,Manual,₹7.60 Lakh,noida
Hyundai,Hyundai VernaSX Opt Turbo DCT,2023,"20,000kms",Petrol,Automatic,₹15 Lakh,noida
Honda,Honda CityE,2011,"1,82,000kms",Petrol,Manual,₹2 Lakh,noida
Renault,Renault KigerRXZ Turbo,2021,"85,000kms",Petrol,Manual,₹5.25 Lakh,noida
Hyundai,Hyundai Verna1.6 SX,2012,"69,000kms",Diesel,Manual,₹4.50 Lakh,noida
Toyota,Toyota HyryderG HYBRID,2023,"26,000kms",Petrol,Automatic,₹7.90 Lakh,noida
Mahindra,Mahindra TharLX 4WD Hard Top Diesel BSVI,2022,"68,000kms",Diesel,Manual,₹14 Lakh,noida
Maruti,Maruti Alto K10VXI,2024,"28,000kms",Petrol,Manual,₹4 Lakh,noida
Mahindra,Mahindra TharCRDe,2017,"90,000kms",Diesel,Manual,₹11.50 Lakh,noida
Maruti,Maruti Swift DzireVXI 1.2,2018,"90,000kms",Petrol,Manual,₹3.75 Lakh,noida
Mahindra,Mahindra TharCRDe AC,2012,"98,000kms",Diesel,Manual,₹9.50 Lakh,noida
Hyundai,Hyundai ExterEX,2024,"25,000kms",Petrol,Manual,₹6.50 Lakh,noida
Toyota,Toyota HyryderV HYBRID,2024,"26,000kms",Petrol,Automatic,₹11 Lakh,noida
Maruti,Maruti Baleno1.2 Zeta,2018,"63,000kms",Petrol,Manual,₹4.80 Lakh,noida
Hyundai,Hyundai AuraS CNG,2022,"36,000kms",CNG,Manual,₹7 Lakh,noida
Maruti,Maruti FRONXSigma CNG,2025,"6,000kms",CNG,Manual,₹9.40 Lakh,noida
Tata,Tata TigorXZ Plus,2019,"46,000kms",Petrol,Manual,₹4.50 Lakh,noida
Honda,Honda Cityi VTEC E,2017,"76,000kms",Petrol,Manual,₹8 Lakh,noida
Jeep,Jeep Compass1.4 Limited,2020,"60,000kms",Petrol,Automatic,₹12 Lakh,noida
BMW,BMW X1sDrive18i M Sport,2024,"15,000kms",Petrol,Automatic,₹43.75 Lakh,noida
Jeep,Jeep Compass Trailhawk4x4,2020,"30,000kms",Diesel,Automatic,₹13 Lakh,noida
Maruti,Maruti Wagon RZXI AT,2025,"10,000kms",Petrol,Automatic,₹6.25 Lakh,noida
Hyundai,Hyundai AuraS CNG,2021,"1,20,000kms",CNG,Manual,₹6 Lakh,noida
Honda,Honda Cityi-VTEC V,2018,"79,000kms",Petrol,Manual,₹6.25 Lakh,noida
Toyota,Toyota Corolla AltisD-4D JS,2015,"78,000kms",Diesel,Manual,₹4.75 Lakh,noida
Tata,Tata Nexon1.5 Revotorq XZA Plus,2018,"67,000kms",Diesel,Automatic,₹4.75 Lakh,noida
Maruti,Maruti SwiftLXI,2020,"58,000kms",Petrol,Manual,₹4.75 Lakh,noida
Nissan,Nissan MagniteXE BSVI,2022,"45,000kms",Petrol,Manual,₹4.25 Lakh,noida
Mahindra,Mahindra TharLX 4WD Hard Top Diesel AT BSVI,2021,"50,000kms",Diesel,Automatic,₹13 Lakh,noida
Hyundai,Hyundai Xcent1.2 Kappa AT S Option,2014,"1,00,000kms",Petrol,Automatic,₹2.50 Lakh,noida
Tata,Tata HarrierXZA Plus AT BSVI,2022,"74,000kms",Diesel,Automatic,₹16 Lakh,noida
Toyota,Toyota Fortuner2.8 2WD MT BSIV,2019,"50,000kms",Diesel,Manual,₹25 Lakh,noida
Chevrolet,Chevrolet BeatLS,2011,"73,000kms",Petrol,Manual,"₹95,000",noida
Mahindra,Mahindra XUV300W6 Diesel BSIV,2019,"80,000kms",Diesel,Manual,₹4.95 Lakh,noida
BMW,BMW X3xDrive20d Luxury Edition,2023,"70,000kms",Diesel,Automatic,₹45 Lakh,noida
Renault,Renault Duster85PS Diesel RxS,2018,"1,60,000kms",Diesel,Manual,₹3.50 Lakh,noida
Mahindra,Mahindra XUV700AX7 Diesel AT BSVI,2023,"60,000kms",Diesel,Automatic,₹20 Lakh,noida
Honda,Honda BrioS MT,2013,"90,000kms",Petrol,Manual,₹1.70 Lakh,noida
Honda,Honda Cityi VTEC V,2014,"80,000kms",Petrol,Manual,₹3.50 Lakh,noida
Tata,Tata ZestRevotron 1.2T XM,2016,"60,000kms",Petrol,Manual,₹2.50 Lakh,noida
Hyundai,Hyundai Creta1.6 VTVT S,2016,"68,000kms",Petrol,Manual,₹5.65 Lakh,noida
Tata,Tata Tiago1.2 Revotron XM,2017,"68,000kms",Petrol,Manual,₹2.50 Lakh,noida
Hyundai,Hyundai i201.4 Asta,2017,"78,000kms",Diesel,Manual,₹3.95 Lakh,noida
Tata,Tata Tiago1.2 Revotron XT Option,2017,"55,000kms",Petrol,Manual,₹3.70 Lakh,noida
Hyundai,Hyundai Grand i10Sportz,2015,"68,000kms",Petrol,Manual,₹3.25 Lakh,noida
Maruti,Maruti Alto K10VXI,2017,"70,000kms",Petrol,Manual,₹2.95 Lakh,noida
Audi,Audi A645 TFSI Premium Plus BSVI,2021,"85,000kms",Petrol,Automatic,₹30.50 Lakh,noida
Hyundai,Hyundai i10Magna,2015,"75,503kms",Petrol,Manual,₹1.85 Lakh,noida
Nissan,Nissan Micra ActiveXE,2016,"71,786kms",Petrol,Manual,₹2.03 Lakh,noida
Audi,Audi Q330 TDI,2017,"75,000kms",Diesel,Manual,₹14.75 Lakh,noida
BMW,BMW 3 Series320d,2017,"69,000kms",Diesel,Automatic,₹16.25 Lakh,noida
Honda,Honda AmazeS Petrol,2013,"34,551kms",Petrol,Manual,₹1.80 Lakh,noida
Honda,Honda AmazeS Petrol,2015,"1,08,707kms",Petrol,Manual,₹1.78 Lakh,noida
Toyota,Toyota Corolla AltisGL MT,2015,"80,000kms",Petrol,Manual,₹4.60 Lakh,noida
Mahindra,Mahindra Scorpio NZ8L AT  -2025,2023,"25,000kms",Petrol,Automatic,₹19.50 Lakh,noida
Mahindra,Mahindra Alturas G44X4 AT BSIV,2019,"72,000kms",Diesel,Automatic,₹17.90 Lakh,noida
Mahindra,Mahindra XUV700AX5 AT BSVI,2023,"24,000kms",Petrol,Automatic,₹17.50 Lakh,noida
Hyundai,Hyundai Xcent1.2 Kappa AT SX Option,2014,"1,02,838kms",Petrol,Automatic,₹2.20 Lakh,noida
Maruti,Maruti SwiftAMT ZXI Plus,2020,"1,50,000kms",Petrol,Automatic,₹5.50 Lakh,noida
Toyota,Toyota Corolla Altis1.8 Limited Edition,2017,"1,37,000kms",Petrol,Manual,₹7 Lakh,noida
Mahindra,Mahindra Scorpio NZ8L Diesel 4x4 AT,2023,"32,864kms",Diesel,Automatic,₹21.73 Lakh,noida
Renault,Renault KWID1.0 AMT RXT,2016,"57,503kms",Petrol,Automatic,₹2.40 Lakh,noida
Renault,Renault KWIDRXT,2017,"80,363kms",Petrol,Manual,₹2.14 Lakh,noida
Honda,Honda CityV MT,2020,"57,142kms",Petrol,Manual,₹6.65 Lakh,noida
Maruti,Maruti Wagon RLXI CNG,2014,"89,518kms",CNG,Manual,₹1.74 Lakh,noida
Tata,Tata Tigor1.2 Revotron XZ Option,2017,"54,681kms",Petrol,Manual,₹3.15 Lakh,noida
Nissan,Nissan MicraXV CVT,2013,"1,20,000kms",Petrol,Automatic,₹1.20 Lakh,noida
Tata,Tata BoltRevotron XMS,2015,"94,964kms",Petrol,Manual,₹1.35 Lakh,noida
Hyundai,Hyundai i10Era,2014,"30,000kms",Petrol,Manual,₹2.75 Lakh,noida
Maruti,Maruti CelerioLXI,2017,"65,000kms",Petrol,Manual,₹2.99 Lakh,noida
Tata,Tata Tigor1.2 Revotron XT,2017,"68,000kms",Petrol,Manual,₹3.45 Lakh,noida
Maruti,Maruti Swift DzireVXI,2012,"95,000kms",Petrol,Manual,₹2.45 Lakh,noida
Toyota,Toyota Innova HycrossZX Hybrid,2024,"31,000kms",Petrol,Automatic,₹32.50 Lakh,noida
Nissan,Nissan MagniteXV Executive,2022,"45,000kms",Petrol,Manual,₹4.95 Lakh,noida
Toyota,Toyota Corolla Altis1.8 J,2016,"1,04,000kms",Petrol,Manual,₹4.99 Lakh,noida
Tata,Tata TiagoXT Option,2023,"28,000kms",Petrol,Manual,₹4.95 Lakh,noida
Maruti,Maruti Wagon RLXI,2021,"68,000kms",Petrol,Manual,₹4.25 Lakh,noida
Hyundai,Hyundai i10Asta AT,2014,"56,000kms",Petrol,Automatic,₹2.75 Lakh,noida
Tata,Tata PunchAccomplished BSVI,2022,"22,000kms",Petrol,Manual,₹5.50 Lakh,noida
Renault,Renault KWID1.0 RXL Opt AMT,2024,"13,000kms",Petrol,Automatic,₹4.50 Lakh,noida
Tata,Tata Tiago1.2 Revotron XT,2018,"88,249kms",Petrol,Manual,₹3.24 Lakh,noida
Hyundai,Hyundai VernaVTVT 1.6 SX,2018,"25,871kms",Petrol,Manual,₹6.05 Lakh,noida
Mahindra,Mahindra XUV700AX5 5Str AT,2021,"44,274kms",Petrol,Automatic,₹13.89 Lakh,noida
Toyota,Toyota HyryderV HYBRID,2022,"32,975kms",Petrol,Automatic,₹12.89 Lakh,noida
Hyundai,Hyundai Creta1.6 VTVT S,2019,"57,759kms",Petrol,Manual,₹7.14 Lakh,noida
Hyundai,Hyundai SantroSportz Executive CNG,2022,"71,440kms",CNG,Manual,₹4.95 Lakh,noida
Toyota,Toyota Corolla AltisPetrol LE,2018,"1,20,519kms",Petrol,Manual,₹8.82 Lakh,noida
Toyota,Toyota Corolla AltisPetrol LE,2019,"81,733kms",Petrol,Manual,₹10.43 Lakh,noida
Maruti,Maruti ErtigaZXI AT,2020,"50,566kms",Petrol,Automatic,₹8.08 Lakh,noida
Nissan,Nissan MicraXL CVT,2018,"1,24,835kms",Petrol,Automatic,₹3.59 Lakh,noida
Hyundai,Hyundai Tucson2.0 e-VGT 2WD MT,2017,"70,687kms",Diesel,Manual,₹9.29 Lakh,noida
Maruti,Maruti S CrossSigma,2021,"32,772kms",Petrol,Manual,₹8.39 Lakh,noida
Maruti,Maruti CiazZXi,2016,"59,905kms",Petrol,Manual,₹5.10 Lakh,noida
Kia,Kia SeltosHTX IVT G,2019,"72,832kms",Petrol,Automatic,₹8.51 Lakh,noida
Honda,Honda CR-V2.0 2WD,2013,"77,935kms",Petrol,Manual,₹5.11 Lakh,noida
Honda,Honda CityZX MT,2017,"72,704kms",Petrol,Manual,₹6.83 Lakh,noida
Kia,Kia SonetGTX Plus Turbo iMT,2022,"75,762kms",Petrol,Automatic,₹8.86 Lakh,noida
Honda,Honda CityZX MT,2017,"59,769kms",Petrol,Manual,₹6.72 Lakh,noida
Maruti,Maruti BalenoAlpha Diesel,2016,"80,004kms",Diesel,Manual,₹3.82 Lakh,noida
Hyundai,Hyundai VernaSX Opt Diesel,2021,"1,22,206kms",Diesel,Manual,₹9.07 Lakh,noida
Maruti,Maruti Baleno1.2 Zeta,2016,"1,20,000kms",Petrol,Manual,₹3.20 Lakh,noida
Maruti,Maruti Alto 800LXi,2011,"70,000kms",Petrol,Manual,₹1.45 Lakh,noida
Kia,Kia SeltosHTK Plus G,2020,"80,000kms",Petrol,Manual,₹6.70 Lakh,noida
Renault,Renault KWIDRXT,2015,"60,000kms",Petrol,Manual,₹2 Lakh,noida
Honda,Honda CityV MT,2021,"60,000kms",Petrol,Manual,₹8 Lakh,noida
Maruti,Maruti Baleno1.2 Delta,2016,"50,000kms",Petrol,Manual,₹4.35 Lakh,noida
Toyota,Toyota EtiosG,2012,"1,00,000kms",Petrol,Manual,₹1.60 Lakh,noida
Maruti,Maruti Swift DzireAMT VDI,2017,"68,000kms",Diesel,Automatic,₹4.50 Lakh,noida
Tata,Tata ZestRevotron 1.2T XE,2016,"80,000kms",Petrol,Manual,₹2.20 Lakh,noida
Tata,Tata HarrierFearless,2024,"40,000kms",Diesel,Manual,₹20 Lakh,noida
Hyundai,Hyundai Grand i10Magna,2014,"80,000kms",Petrol,Manual,₹2.50 Lakh,noida
Tata,Tata ZestRevotron 1.2T XM,2016,"60,000kms",Petrol,Manual,₹2.50 Lakh,noida
BMW,BMW X3xDrive20d Luxury Edition,2023,"70,000kms",Diesel,Automatic,₹45 Lakh,noida
Renault,Renault Duster85PS Diesel RxS,2018,"1,60,000kms",Diesel,Manual,₹3.50 Lakh,noida
Hyundai,Hyundai KonaPremium,2024,"25,646kms",Electric,Automatic,₹18 Lakh,noida
Maruti,Maruti SwiftVXI,2013,"1,20,000kms",Petrol,Manual,₹2.50 Lakh,noida
Chevrolet,Chevrolet Sail1.2 Base,2015,"26,000kms",Petrol,Manual,₹2.50 Lakh,noida
Maruti,Maruti SwiftVDI BSIV,2016,"1,00,000kms",Diesel,Manual,₹3.05 Lakh,noida
Honda,Honda CityZX MT,2019,"90,000kms",Petrol,Manual,₹7.50 Lakh,noida
Volkswagen,Volkswagen PoloIPL II 1.2 Petrol Highline,2011,"2,21,000kms",Petrol,Manual,₹1.50 Lakh,noida
Maruti,Maruti BalenoZeta,2020,"30,000kms",Petrol,Manual,₹6 Lakh,noida
Hyundai,Hyundai KonaPremium,2024,"25,646kms",Electric,Automatic,₹18 Lakh,noida
Maruti,Maruti SwiftVXI,2013,"1,20,000kms",Petrol,Manual,₹2.50 Lakh,noida
Chevrolet,Chevrolet Sail1.2 Base,2015,"26,000kms",Petrol,Manual,₹2.50 Lakh,noida
Maruti,Maruti SwiftVDI BSIV,2016,"1,00,000kms",Diesel,Manual,₹3.05 Lakh,noida
Maruti,Maruti Wagon RVXI BS IV,2015,"70,000kms",Petrol,Manual,₹2.33 Lakh,noida
Jeep,Jeep Compass1.4 Limited,2020,"60,000kms",Petrol,Automatic,₹12 Lakh,noida
BMW,BMW X1sDrive18i M Sport,2024,"15,000kms",Petrol,Automatic,₹43.75 Lakh,noida
Mercedes-Benz,Mercedes-Benz C-ClassC 220d BSVI,2022,"30,000kms",Diesel,Automatic,₹41.50 Lakh,noida
Honda,Honda BrioVX,2015,"1,00,000kms",Petrol,Manual,₹2.20 Lakh,noida
Honda,Honda CityE,2013,"70,000kms",Petrol,Manual,₹2.30 Lakh,noida
Hyundai,Hyundai i10Era 1.1,2009,"40,000kms",Petrol,Manual,"₹50,000",noida
Toyota,Toyota Innova2.5 G (Diesel) 7 Seater BS IV,2016,"1,20,000kms",Diesel,Manual,₹9.75 Lakh,noida
Mahindra,Mahindra TharAX Opt Hard Top Diesel RWD,2024,"40,000kms",Diesel,Manual,₹10.87 Lakh,noida
Mercedes-Benz,Mercedes-Benz CL-Class500,2011,"68,000kms",Petrol,Automatic,₹4.25 Lakh,noida
Tata,Tata HarrierXZA Plus AT BSVI,2022,"74,000kms",Diesel,Automatic,₹16 Lakh,noida
Toyota,Toyota Fortuner2.8 2WD MT BSIV,2019,"50,000kms",Diesel,Manual,₹25 Lakh,noida
Chevrolet,Chevrolet BeatLS,2011,"73,000kms",Petrol,Manual,"₹95,000",noida
Mercedes-Benz,Mercedes-Benz CLAUrban Sport 200d,2018,"40,000kms",Diesel,Automatic,₹17.50 Lakh,noida
Maruti,Maruti SwiftVXI,2013,"1,16,000kms",Petrol,Manual,₹2.20 Lakh,noida
Jeep,Jeep Compass2.0 Limited,2018,"2,50,000kms",Diesel,Manual,₹7 Lakh,noida
Maruti,Maruti Alto 800LXi,2011,"1,00,000kms",Petrol,Manual,₹1.30 Lakh,noida
Nissan,Nissan SunnySpecial Edition,2020,"90,000kms",Diesel,Manual,₹4 Lakh,noida
Hyundai,Hyundai VernaVTVT 1.6 AT SX Option,2018,"60,000kms",Petrol,Automatic,₹7.50 Lakh,noida
Mahindra,Mahindra KUV 100mFALCON G80 K4 5str,2016,"36,000kms",Petrol,Manual,₹2.50 Lakh,noida
Mahindra,Mahindra XUV300W6 BSVI,2021,"71,000kms",Petrol,Manual,₹6.11 Lakh,noida
Renault,Renault KWID1.0 RXT,2019,"17,000kms",Petrol,Manual,₹2.35 Lakh,noida
Maruti,Maruti Alto 800LXI,2019,"16,000kms",Petrol,Manual,₹2.90 Lakh,noida
,Force Gurkha2.6 Diesel,2023,"30,000kms",Diesel,Manual,₹15 Lakh,noida
Honda,Honda BrioVX,2013,"60,000kms",Petrol,Manual,₹2 Lakh,noida
Maruti,Maruti Baleno1.2 Alpha,2017,"1,00,000kms",Petrol,Manual,₹3.90 Lakh,noida
Honda,Honda AmazeVX CVT i-VTEC,2018,"67,000kms",Petrol,Automatic,₹3.95 Lakh,noida
Honda,Honda AmazeVX Opt Petrol BSIV,2018,"67,000kms",Petrol,Manual,₹3.98 Lakh,noida
Kia,Kia CarensPrestige BSVI,2023,"43,304kms",Petrol,Manual,₹9.50 Lakh,noida
Tata,Tata Tiago1.2 Revotron XZ,2017,"73,000kms",Petrol,Manual,₹3 Lakh,noida
Maruti,Maruti Swift DzireVXi,2012,"50,000kms",Petrol,Manual,₹1.70 Lakh,noida
Maruti,Maruti Swift DzireVXI,2017,"95,000kms",Petrol,Manual,₹3.50 Lakh,noida
Maruti,Maruti Wagon RVXI,2013,"51,660kms",Petrol,Manual,₹1.60 Lakh,noida
Hyundai,Hyundai Xcent1.2 Kappa S,2015,"75,000kms",Petrol,Manual,₹2.90 Lakh,noida
Maruti,Maruti Wagon RLXI CNG,2023,"90,000kms",CNG,Manual,₹2 Lakh,noida
Maruti,Maruti Swift DzireVXI 1.2 BS IV,2018,"58,000kms",Petrol,Manual,₹4.18 Lakh,noida
Maruti,Maruti Baleno1.2 Delta,2018,"59,000kms",Petrol,Manual,₹4.25 Lakh,noida
Maruti,Maruti Wagon RLXI CNG,2015,"52,000kms",CNG,Manual,₹2.99 Lakh,noida
Maruti,Maruti Wagon RVXI BS IV,2013,"53,000kms",Petrol,Manual,₹1.95 Lakh,noida
Hyundai,Hyundai i10Era,2015,"62,000kms",Petrol,Manual,₹2.99 Lakh,noida
Maruti,Maruti Wagon RLXI BS IV,2014,"70,000kms",Petrol,Manual,₹2.40 Lakh,noida
Hyundai,Hyundai Grand i10Magna,2014,"80,000kms",Petrol,Manual,₹1.95 Lakh,noida
Maruti,Maruti Wagon RLXI CNG,2016,"78,000kms",CNG,Manual,₹2.53 Lakh,noida
Renault,Renault KWID1.0 RXT AMT BSVI,2022,"20,000kms",Petrol,Automatic,₹4.50 Lakh,noida
Hyundai,Hyundai i10Magna 1.1L,2011,"72,700kms",Petrol,Manual,₹1 Lakh,noida
Hyundai,Hyundai Creta1.4 CRDi S Plus,2016,"78,000kms",Diesel,Manual,₹5 Lakh,noida
Honda,Honda AmazeS Petrol BSIV,2016,"68,000kms",Petrol,Manual,₹3.65 Lakh,noida
Honda,Honda CityZX CVT,2021,"61,000kms",Petrol,Automatic,₹9.95 Lakh,noida
Jeep,Jeep Compass1.4 Limited,2017,"64,000kms",Petrol,Automatic,₹7.95 Lakh,noida
Hyundai,Hyundai Grand i10 NiosSportz,2023,"35,000kms",Petrol,Manual,₹5 Lakh,noida
Renault,Renault KWID1.0 RXT,2019,"17,000kms",Petrol,Manual,₹2.35 Lakh,noida
Maruti,Maruti Alto 800LXI,2019,"16,000kms",Petrol,Manual,₹2.90 Lakh,noida
Renault,Renault Duster110PS Diesel RxZ AMT,2016,"1,00,000kms",Diesel,Automatic,₹3.50 Lakh,noida
Honda,Honda CityS,2012,"90,000kms",Petrol,Manual,₹2.60 Lakh,noida
,Force Gurkha2.6 Diesel,2023,"30,000kms",Diesel,Manual,₹15 Lakh,noida
Renault,Renault KWID1.0 RXT,2019,"17,000kms",Petrol,Manual,₹2.35 Lakh,noida
Maruti,Maruti Alto 800LXI,2019,"16,000kms",Petrol,Manual,₹2.90 Lakh,noida
Renault,Renault Duster110PS Diesel RxZ AMT,2016,"1,00,000kms",Diesel,Automatic,₹3.50 Lakh,noida
Honda,Honda CityS,2012,"90,000kms",Petrol,Manual,₹2.60 Lakh,noida
,Force Gurkha2.6 Diesel,2023,"30,000kms",Diesel,Manual,₹15 Lakh,noida
Tata,Tata Tiago1.2 Revotron XZ,2017,"73,000kms",Petrol,Manual,₹3 Lakh,noida
Maruti,Maruti Swift DzireVXi,2012,"50,000kms",Petrol,Manual,₹1.70 Lakh,noida
Honda,Honda BrioVX,2013,"60,000kms",Petrol,Manual,₹2 Lakh,noida
Maruti,Maruti Baleno1.2 Alpha,2017,"1,00,000kms",Petrol,Manual,₹3.90 Lakh,noida
Honda,Honda AmazeVX CVT i-VTEC,2018,"67,000kms",Petrol,Automatic,₹3.95 Lakh,noida
Honda,Honda AmazeVX Opt Petrol BSIV,2018,"67,000kms",Petrol,Manual,₹3.98 Lakh,noida
Kia,Kia CarensPrestige BSVI,2023,"43,304kms",Petrol,Manual,₹9.50 Lakh,noida
Maruti,Maruti Wagon RVXI BS IV,2014,"1,50,000kms",Petrol,Manual,₹1.60 Lakh,noida
Tata,Tata TiagoXT BSVI,2018,"91,885kms",Petrol,Manual,₹3.20 Lakh,noida
Renault,Renault KWID1.0 RXT Opt BSIV,2020,"72,000kms",Petrol,Manual,₹2.50 Lakh,noida
Tata,Tata Tigor1.2 Revotron XT,2018,"69,000kms",Petrol,Manual,₹3.55 Lakh,noida
Audi,Audi A4Technology BSVI,2023,"48,000kms",Petrol,Automatic,₹32.75 Lakh,noida
Audi,Audi Q330 TDI,2017,"75,000kms",Diesel,Manual,₹14.75 Lakh,noida
BMW,BMW 3 Series320d,2017,"69,000kms",Diesel,Automatic,₹16.25 Lakh,noida
Honda,Honda AmazeS Petrol,2013,"34,551kms",Petrol,Manual,₹1.80 Lakh,noida
Tata,Tata Tigor1.2 Revotron XT,2018,"69,000kms",Petrol,Manual,₹3.55 Lakh,noida
Audi,Audi A4Technology BSVI,2023,"48,000kms",Petrol,Automatic,₹32.75 Lakh,noida
Audi,Audi Q330 TDI,2017,"75,000kms",Diesel,Manual,₹14.75 Lakh,noida
BMW,BMW 3 Series320d,2017,"69,000kms",Diesel,Automatic,₹16.25 Lakh,noida
Honda,Honda AmazeS Petrol,2013,"34,551kms",Petrol,Manual,₹1.80 Lakh,noida
Honda,Honda AmazeS Petrol,2015,"1,08,707kms",Petrol,Manual,₹1.78 Lakh,noida
Toyota,Toyota Corolla AltisGL MT,2015,"80,000kms",Petrol,Manual,₹4.60 Lakh,noida
Mahindra,Mahindra Scorpio NZ8L AT  -2025,2023,"25,000kms",Petrol,Automatic,₹19.50 Lakh,noida
Mahindra,Mahindra Alturas G44X4 AT BSIV,2019,"72,000kms",Diesel,Automatic,₹17.90 Lakh,noida
Mahindra,Mahindra XUV700AX5 AT BSVI,2023,"24,000kms",Petrol,Automatic,₹17.50 Lakh,noida
Mahindra,Mahindra Bolero NeoN10 R BSVI,2023,"49,000kms",Diesel,Manual,₹8.50 Lakh,noida
Hyundai,Hyundai Xcent1.2 Kappa AT SX Option,2014,"1,02,838kms",Petrol,Automatic,₹2.20 Lakh,noida
Maruti,Maruti SwiftAMT ZXI Plus,2020,"1,50,000kms",Petrol,Automatic,₹5.50 Lakh,noida
Toyota,Toyota Corolla Altis1.8 Limited Edition,2017,"1,37,000kms",Petrol,Manual,₹7 Lakh,noida
Tata,Tata HarrierXZA AT BSVI,2021,"68,000kms",Diesel,Automatic,₹11.99 Lakh,noida
Hyundai,Hyundai Creta1.6 CRDi AT SX Plus,2018,"62,000kms",Diesel,Automatic,₹7.50 Lakh,noida
Toyota,Toyota Innova HycrossZX Hybrid,2024,"31,000kms",Petrol,Automatic,₹32.50 Lakh,noida
Nissan,Nissan MagniteXV Executive,2022,"45,000kms",Petrol,Manual,₹4.95 Lakh,noida
Toyota,Toyota Corolla Altis1.8 J,2016,"1,04,000kms",Petrol,Manual,₹4.99 Lakh,noida
Tata,Tata TiagoXT Option,2023,"28,000kms",Petrol,Manual,₹4.95 Lakh,noida
Hyundai,Hyundai Verna1.6 SX,2012,"69,000kms",Diesel,Manual,₹4.50 Lakh,noida
Toyota,Toyota HyryderG HYBRID,2023,"26,000kms",Petrol,Automatic,₹7.90 Lakh,noida
Mahindra,Mahindra TharLX 4WD Hard Top Diesel BSVI,2022,"68,000kms",Diesel,Manual,₹14 Lakh,noida
Maruti,Maruti Alto K10VXI,2024,"28,000kms",Petrol,Manual,₹4 Lakh,noida
Mahindra,Mahindra TharCRDe,2017,"90,000kms",Diesel,Manual,₹11.50 Lakh,noida
Maruti,Maruti Swift DzireVXI 1.2,2018,"90,000kms",Petrol,Manual,₹3.75 Lakh,noida
Mahindra,Mahindra TharCRDe AC,2012,"98,000kms",Diesel,Manual,₹9.50 Lakh,noida
Hyundai,Hyundai ExterEX,2024,"25,000kms",Petrol,Manual,₹6.50 Lakh,noida
Mahindra,Mahindra XUV300W8 Option BSVI,2023,"45,000kms",Petrol,Manual,₹9.80 Lakh,noida
Toyota,Toyota HyryderV HYBRID,2024,"26,000kms",Petrol,Automatic,₹11 Lakh,noida
Toyota,Toyota Urban cruiserPremium,2022,"36,000kms",Petrol,Manual,₹8.60 Lakh,noida
Maruti,Maruti Baleno1.2 Zeta,2018,"63,000kms",Petrol,Manual,₹4.80 Lakh,noida
Hyundai,Hyundai AuraS CNG,2022,"36,000kms",CNG,Manual,₹7 Lakh,noida
Toyota,Toyota Corolla Altis1.8 J,2012,"80,000kms",Petrol,Manual,₹3.50 Lakh,noida
Volkswagen,Volkswagen Taigun1.0 Topline AT,2024,"20,000kms",Petrol,Automatic,₹13 Lakh,noida
Maruti,Maruti SwiftZXI BSIV,2017,"1,00,000kms",Petrol,Manual,₹4.20 Lakh,noida
Tata,Tata TiagoXT CNG BSVI,2022,"63,000kms",CNG,Manual,₹4.65 Lakh,noida
Nissan,Nissan MicraXV CVT,2013,"1,20,000kms",Petrol,Automatic,₹1.20 Lakh,noida
Hyundai,Hyundai Grand i10Sportz,2016,"1,60,000kms",Petrol,Manual,₹2.96 Lakh,noida
Honda,Honda AmazeVX CVT i-VTEC,2018,"67,000kms",Petrol,Automatic,₹3.95 Lakh,noida
Maruti,Maruti SwiftZXI BSIV,2017,"1,00,000kms",Petrol,Manual,₹4.20 Lakh,noida
Tata,Tata TiagoXT CNG BSVI,2022,"63,000kms",CNG,Manual,₹4.65 Lakh,noida
Nissan,Nissan MicraXV CVT,2013,"1,20,000kms",Petrol,Automatic,₹1.20 Lakh,noida
Hyundai,Hyundai Grand i10Sportz,2016,"1,60,000kms",Petrol,Manual,₹2.96 Lakh,noida
Honda,Honda AmazeVX CVT i-VTEC,2018,"67,000kms",Petrol,Automatic,₹3.95 Lakh,noida
Honda,Honda AmazeVX Opt Petrol BSIV,2018,"67,000kms",Petrol,Manual,₹3.98 Lakh,noida
Kia,Kia CarensPrestige BSVI,2023,"43,304kms",Petrol,Manual,₹9.50 Lakh,noida
Maruti,Maruti Alto 800LXI,2019,"16,000kms",Petrol,Manual,₹2.90 Lakh,noida
Tata,Tata Tigor1.2 Revotron XT,2018,"69,000kms",Petrol,Manual,₹3.55 Lakh,noida
Maruti,Maruti SwiftVXI,2018,"70,000kms",Petrol,Manual,₹4 Lakh,noida
Jeep,Jeep Compass2.0 Limited,2018,"86,000kms",Diesel,Manual,₹7.95 Lakh,noida
Toyota,Toyota Innova HycrossZX Hybrid,2024,"31,000kms",Petrol,Automatic,₹32.50 Lakh,noida
Nissan,Nissan MagniteXV Executive,2022,"45,000kms",Petrol,Manual,₹4.95 Lakh,noida
Toyota,Toyota Corolla Altis1.8 J,2016,"1,04,000kms",Petrol,Manual,₹4.99 Lakh,noida
Tata,Tata TiagoXT Option,2023,"28,000kms",Petrol,Manual,₹4.95 Lakh,noida
Maruti,Maruti Wagon RLXI,2021,"68,000kms",Petrol,Manual,₹4.25 Lakh,noida
Hyundai,Hyundai i10Asta AT,2014,"56,000kms",Petrol,Automatic,₹2.75 Lakh,noida
Tata,Tata PunchAccomplished BSVI,2022,"22,000kms",Petrol,Manual,₹5.50 Lakh,noida
Renault,Renault KWID1.0 RXL Opt AMT,2024,"13,000kms",Petrol,Automatic,₹4.50 Lakh,noida
Mahindra,Mahindra TharLX 4WD Hard Top Diesel BSVI,2022,"65,000kms",Diesel,Manual,₹11.95 Lakh,noida
Audi,Audi Q745 TDI Quattro Technology,2018,"73,000kms",Diesel,Automatic,₹31.75 Lakh,noida
Audi,Audi A645 TFSI Premium Plus BSVI,2021,"85,000kms",Petrol,Automatic,₹30.50 Lakh,noida
Hyundai,Hyundai i10Magna,2015,"75,503kms",Petrol,Manual,₹1.85 Lakh,noida
Nissan,Nissan Micra ActiveXE,2016,"71,786kms",Petrol,Manual,₹2.03 Lakh,noida
Tata,Tata BoltRevotron XMS,2015,"94,964kms",Petrol,Manual,₹1.35 Lakh,noida
Ford,Ford Ecosport1.5 Ti VCT MT Trend BSIV,2016,"80,000kms",Petrol,Manual,₹3.90 Lakh,noida
Renault,Renault KWID1.0 AMT RXT,2017,"33,000kms",Petrol,Automatic,₹2.75 Lakh,noida
Tata,Tata Nexon1.2 Revotron XM,2017,"90,000kms",Petrol,Manual,₹5.25 Lakh,noida
Toyota,Toyota Corolla AltisG,2011,"1,20,000kms",Petrol,Manual,₹2.05 Lakh,noida
Tata,Tata Tiago1.2 Revotron XT Option,2017,"55,000kms",Petrol,Manual,₹3.70 Lakh,noida
Honda,Honda Amaze 2nd GenVX CVT BSVI,2022,"10,000kms",Petrol,Automatic,₹8 Lakh,noida
Renault,Renault TriberRXL BSVI,2023,"53,000kms",Petrol,Manual,₹5.25 Lakh,noida
Honda,Honda AmazeE i-Vtech,2015,"1,20,000kms",Petrol,Manual,₹2.57 Lakh,noida
Tata,Tata TigorXZ,2017,"1,00,390kms",Petrol,Manual,₹2.35 Lakh,noida
Honda,Honda WR-Vi-VTEC S,2018,"72,207kms",Petrol,Manual,₹4 Lakh,noida
Honda,Honda JazzV CVT,2016,"23,272kms",Petrol,Automatic,₹3.45 Lakh,noida
Hyundai,Hyundai Creta1.6 VTVT S,2016,"68,000kms",Petrol,Manual,₹5.65 Lakh,noida
Tata,Tata Tiago1.2 Revotron XM,2017,"68,000kms",Petrol,Manual,₹2.50 Lakh,noida
Hyundai,Hyundai i201.4 Asta,2017,"78,000kms",Diesel,Manual,₹3.95 Lakh,noida
Volkswagen,Volkswagen Taigun1.0 Highline AT,2023,"12,000kms",Petrol,Automatic,₹12.50 Lakh,noida
Renault,Renault KigerRXE,2022,"41,000kms",Petrol,Manual,₹4.65 Lakh,noida
Maruti,Maruti Vitara BrezzaLXI,2021,"46,000kms",Petrol,Manual,₹6.55 Lakh,noida
Honda,Honda City1.5 E MT,2011,"70,000kms",Petrol,Manual,₹1.51 Lakh,noida
Hyundai,Hyundai i10Era,2014,"30,000kms",Petrol,Manual,₹2.75 Lakh,noida
Maruti,Maruti CelerioLXI,2017,"65,000kms",Petrol,Manual,₹2.99 Lakh,noida
Tata,Tata Tigor1.2 Revotron XT,2017,"68,000kms",Petrol,Manual,₹3.45 Lakh,noida
Maruti,Maruti Swift DzireVXI,2012,"95,000kms",Petrol,Manual,₹2.45 Lakh,noida
Tata,Tata BoltRevotron XMS,2015,"94,964kms",Petrol,Manual,₹1.35 Lakh,noida
Renault,Renault KWID1.0 RXT,2019,"17,000kms",Petrol,Manual,₹2.35 Lakh,noida
Honda,Honda JazzV CVT,2016,"23,272kms",Petrol,Automatic,₹3.45 Lakh,noida
Hyundai,Hyundai Creta1.6 VTVT S,2016,"68,000kms",Petrol,Manual,₹5.65 Lakh,noida
Tata,Tata Tiago1.2 Revotron XM,2017,"68,000kms",Petrol,Manual,₹2.50 Lakh,noida
Hyundai,Hyundai i201.4 Asta,2017,"78,000kms",Diesel,Manual,₹3.95 Lakh,noida
Hyundai,Hyundai Grand i10Sportz,2015,"68,000kms",Petrol,Manual,₹3.25 Lakh,noida
Maruti,Maruti Alto K10VXI,2017,"70,000kms",Petrol,Manual,₹2.95 Lakh,noida
Tata,Tata Tiago1.2 Revotron XT Option,2017,"55,000kms",Petrol,Manual,₹3.70 Lakh,noida
Renault,Renault KWID1.0 RXT,2018,"30,000kms",Petrol,Manual,₹2.30 Lakh,noida
Honda,Honda AmazeE i-Vtech,2015,"1,20,000kms",Petrol,Manual,₹2.57 Lakh,noida
Tata,Tata TigorXZ,2017,"1,00,390kms",Petrol,Manual,₹2.35 Lakh,noida
Honda,Honda WR-Vi-VTEC S,2018,"72,207kms",Petrol,Manual,₹4 Lakh,noida
Tata,Tata Tiago1.2 Revotron XT Option,2017,"55,000kms",Petrol,Manual,₹3.70 Lakh,noida
Renault,Renault KWID1.0 RXT,2018,"30,000kms",Petrol,Manual,₹2.30 Lakh,noida
Honda,Honda AmazeE i-Vtech,2015,"1,20,000kms",Petrol,Manual,₹2.57 Lakh,noida
Tata,Tata TigorXZ,2017,"1,00,390kms",Petrol,Manual,₹2.35 Lakh,noida
Honda,Honda WR-Vi-VTEC S,2018,"72,207kms",Petrol,Manual,₹4 Lakh,noida
Mercedes-Benz,Mercedes-Benz C-ClassPrime C 220d,2018,"44,000kms",Diesel,Automatic,₹22 Lakh,noida
Ford,Ford EndeavourTitanium Plus 4X2,2019,"58,000kms",Diesel,Automatic,₹23 Lakh,noida
Honda,Honda Cityi VTEC V,2016,"50,000kms",Petrol,Manual,₹5 Lakh,noida
MG,MG Hector PlusSharp DCT,2020,"53,500kms",Petrol,Automatic,₹11.90 Lakh,noida
Hyundai,Hyundai Grand i101.2 Kappa Magna BSIV,2019,"44,000kms",Petrol,Manual,₹4.45 Lakh,noida
Tata,Tata AltrozXZ CNG,2023,"54,000kms",CNG,Manual,₹7.75 Lakh,noida
Honda,Honda Cityi VTEC V,2015,"68,000kms",Petrol,Manual,₹3.75 Lakh,noida
Maruti,Maruti Baleno1.2 Zeta,2016,"45,000kms",Petrol,Manual,₹3.95 Lakh,noida
Maruti,Maruti Baleno1.2 Zeta,2016,"45,000kms",Petrol,Manual,₹3.95 Lakh,noida
Hyundai,Hyundai Creta1.6 SX Option,2015,"1,00,000kms",Petrol,Manual,₹5.50 Lakh,noida
Maruti,Maruti BalenoZeta,2015,"48,666kms",Petrol,Manual,₹3.65 Lakh,noida
Tata,Tata Nexon1.5 Revotorq XM,2019,"65,000kms",Diesel,Manual,₹5.95 Lakh,noida
Maruti,Maruti Swift DzireVXI,2015,"58,000kms",Petrol,Manual,₹3.75 Lakh,noida
Honda,Honda Cityi VTEC SV,2015,"70,215kms",Petrol,Manual,₹4.50 Lakh,noida
Honda,Honda Cityi VTEC CVT VX,2015,"88,241kms",Petrol,Automatic,₹5.25 Lakh,noida
Maruti,Maruti Baleno1.2 Zeta,2016,"45,000kms",Petrol,Manual,₹3.95 Lakh,noida
Maruti,Maruti BalenoZeta,2020,"55,000kms",Petrol,Manual,₹5.25 Lakh,noida
Maruti,Maruti Baleno1.2 Delta,2017,"54,000kms",Petrol,Manual,₹4.25 Lakh,noida
Honda,Honda Cityi VTEC CVT VX,2016,"65,000kms",Petrol,Automatic,₹5.20 Lakh,noida
Maruti,Maruti Swift DzireVXI,2015,"58,000kms",Petrol,Manual,₹3.75 Lakh,noida
Honda,Honda Cityi VTEC SV,2015,"70,215kms",Petrol,Manual,₹4.50 Lakh,noida
Hyundai,Hyundai Creta1.6 VTVT AT SX Plus,2017,"63,000kms",Petrol,Automatic,₹5.90 Lakh,noida
Tata,Tata Nexon1.2 Revotron XZ Plus,2020,"41,000kms",Petrol,Manual,₹5.50 Lakh,noida
Honda,Honda Cityi VTEC CVT VX,2014,"66,000kms",Petrol,Automatic,₹5.45 Lakh,noida
Honda,Honda Cityi VTEC V,2015,"68,000kms",Petrol,Manual,₹3.75 Lakh,noida
Hyundai,Hyundai Grand i101.2 Kappa Magna BSIV,2019,"44,000kms",Petrol,Manual,₹4.45 Lakh,noida
Honda,Honda Cityi VTEC CVT VX,2015,"88,241kms",Petrol,Automatic,₹5.25 Lakh,noida
Hyundai,Hyundai Creta1.6 VTVT AT SX Plus,2016,"65,000kms",Petrol,Automatic,₹6 Lakh,noida
Porsche,Porsche CayenneDiesel Platinum Edition,2018,"50,000kms",Diesel,Automatic,₹46 Lakh,noida
Mercedes-Benz,Mercedes-Benz AMG C 63Coupe,2020,"58,000kms",Petrol,Automatic,₹32 Lakh,noida
Mercedes-Benz,Mercedes-Benz S-ClassMaybach S560,2019,"45,000kms",Petrol,Automatic,₹1.30 Crore,noida
Kia,Kia SeltosGTX DCT,2020,"46,000kms",Petrol,Automatic,₹10.50 Lakh,noida
Maruti,Maruti SwiftVXI,2018,"64,000kms",Petrol,Manual,₹4.50 Lakh,noida
Jeep,Jeep MeridianLimited Opt 4x4 AT,2024,"27,000kms",Diesel,Automatic,₹31.50 Lakh,noida
Hyundai,Hyundai i20Petrol Asta,2018,"62,000kms",Petrol,Manual,₹5.20 Lakh,noida
Mercedes-Benz,Mercedes-Benz S-ClassMaybach S560,2019,"45,000kms",Petrol,Automatic,₹1.30 Crore,noida
Kia,Kia SeltosGTX DCT,2020,"46,000kms",Petrol,Automatic,₹10.50 Lakh,noida
Maruti,Maruti SwiftVXI,2018,"64,000kms",Petrol,Manual,₹4.50 Lakh,noida
Jeep,Jeep MeridianLimited Opt 4x4 AT,2024,"27,000kms",Diesel,Automatic,₹31.50 Lakh,noida
Hyundai,Hyundai i20Petrol Asta,2018,"62,000kms",Petrol,Manual,₹5.20 Lakh,noida
Hyundai,Hyundai Grand i10 NiosSportz,2022,"68,000kms",Petrol,Manual,₹5.45 Lakh,noida
Maruti,Maruti BalenoDelta,2021,"41,000kms",Petrol,Manual,₹5.20 Lakh,noida
Lexus,2021Lexus ES300h Luxury  -2022,2020,"80,000kms",Petrol,Automatic,₹32 Lakh,noida
Kia,Kia SeltosHTK Plus D,2020,"57,000kms",Diesel,Manual,₹8.95 Lakh,noida
Toyota,Toyota Innova Crysta2.4 ZX 7 STR AT,2022,"64,000kms",Diesel,Automatic,₹23.50 Lakh,noida
Hyundai,Hyundai Grand i10 NiosMagna,2021,"40,000kms",Petrol,Manual,₹5.40 Lakh,noida
Maruti,Maruti CiazDelta BSIV,2019,"24,000kms",Petrol,Manual,₹5.80 Lakh,noida
Hyundai,Hyundai Tucson2.0 e-VGT 2WD AT GLS,2017,"29,000kms",Diesel,Automatic,₹9.50 Lakh,noida
Mahindra,Mahindra Bolero Power PlusSLX,2020,"86,000kms",Diesel,Manual,₹5.95 Lakh,noida
Mahindra,Mahindra MarazzoM4,2019,"54,000kms",Diesel,Manual,₹6.99 Lakh,noida
BMW,BMW 7 Series730Ld DPE Signature,2022,"13,000kms",Diesel,Automatic,₹82 Lakh,noida
Jaguar,Jaguar F-PacePrestige 2.0 Petrol,2018,"59,000kms",Petrol,Automatic,₹38.50 Lakh,noida
Maruti,Maruti XL6Zeta,2021,"37,500kms",Petrol,Manual,₹8.25 Lakh,noida
Hyundai,Hyundai i20Sportz Plus Diesel,2018,"69,357kms",Diesel,Manual,₹4.50 Lakh,noida
,Mini CountrymanCooper S JCW Inspired BSVI,2022,"3,000kms",Petrol,Automatic,₹39.75 Lakh,noida
Jaguar,Jaguar F-PacePrestige 2.0 Petrol,2018,"59,000kms",Petrol,Automatic,₹38.50 Lakh,noida
BMW,BMW 7 Series730Ld DPE Signature,2022,"13,000kms",Diesel,Automatic,₹82 Lakh,noida
Maruti,Maruti XL6Zeta,2021,"37,500kms",Petrol,Manual,₹8.25 Lakh,noida
Hyundai,Hyundai i20Sportz Plus Diesel,2018,"69,357kms",Diesel,Manual,₹4.50 Lakh,noida
Toyota,Toyota VellfireExecutive Lounge BSVI,2022,"53,000kms",Petrol,Automatic,₹85 Lakh,noida
Volvo,Volvo S60T4 Inscription,2021,"31,500kms",Petrol,Automatic,₹32 Lakh,noida
Lexus,Lexus RX450h Luxury,2017,"70,000kms",Petrol,Automatic,₹42 Lakh,noida
,Mini CountrymanCooper S JCW Inspired BSVI,2022,"3,000kms",Petrol,Automatic,₹39.75 Lakh,noida
Land Rover,Land Rover Range Rover SportAutobiography,2019,"49,000kms",Petrol,Automatic,₹57 Lakh,noida
Volvo,Volvo XC60Inscription D5 BSIV,2019,"40,000kms",Diesel,Automatic,₹39 Lakh,noida
Hyundai,Hyundai Creta1.6 VTVT SX Plus,2019,"55,000kms",Petrol,Manual,₹7.95 Lakh,noida
Maruti,Maruti XL6Zeta,2019,"76,000kms",Petrol,Manual,₹7.15 Lakh,noida
Hyundai,Hyundai Creta1.6 VTVT SX Plus,2017,"45,330kms",Petrol,Manual,₹6.50 Lakh,noida
Maruti,Maruti CiazAT ZXi,2016,"70,158kms",Petrol,Automatic,₹4.95 Lakh,noida
MG,MG AstorSavvy CVT Red BSVI,2023,"15,000kms",Petrol,Automatic,₹12.50 Lakh,noida
Hyundai,Hyundai VernaSX,2023,"27,500kms",Petrol,Manual,₹11.50 Lakh,noida
Kia,Kia SeltosHTX IVT,2023,"35,000kms",Petrol,Automatic,₹13.95 Lakh,noida
Maruti,Maruti Grand VitaraZeta AT BSVI,2022,"15,000kms",Petrol,Automatic,₹12.50 Lakh,noida
MG,MG Hector PlusSharp Diesel MT,2022,"41,000kms",Diesel,Manual,₹13.50 Lakh,noida
Maruti,Maruti XL6Alpha AT,2022,"17,500kms",Petrol,Automatic,₹11.85 Lakh,noida
MG,MG AstorSavvy CVT Red BSVI,2023,"15,000kms",Petrol,Automatic,₹12.50 Lakh,noida
Toyota,Toyota Innova Crysta2.4 G 7 STR,2021,"55,000kms",Diesel,Manual,₹14.10 Lakh,noida
Kia,Kia SeltosHTX IVT,2023,"35,000kms",Petrol,Automatic,₹13.95 Lakh,noida
Kia,Kia CarensLuxury Plus Turbo DCT  -2023,2022,"31,000kms",Petrol,Automatic,₹14.50 Lakh,noida
Maruti,Maruti Grand VitaraZeta AT BSVI,2022,"15,000kms",Petrol,Automatic,₹12.50 Lakh,noida
Kia,Kia SeltosHTX IVT,2023,"8,000kms",Petrol,Automatic,₹14.25 Lakh,noida
Toyota,Toyota Innova Crysta2.8 ZX AT BSIV,2017,"1,65,000kms",Diesel,Automatic,₹13.40 Lakh,noida
Skoda,Skoda Kushaq1.5 TSI Style DSG,2022,"45,000kms",Petrol,Automatic,₹12.75 Lakh,noida
MG,MG Hector PlusSharp Diesel MT,2022,"41,000kms",Diesel,Manual,₹13.50 Lakh,noida
Maruti,Maruti XL6Alpha AT,2022,"17,500kms",Petrol,Automatic,₹11.85 Lakh,noida
Kia,Kia SeltosGTX Plus DCT,2020,"53,000kms",Petrol,Automatic,₹11.90 Lakh,noida
Kia,Kia CarensLuxury Turbo  -2023,2022,"72,000kms",Petrol,Manual,₹12.25 Lakh,noida
Hyundai,Hyundai CretaSX BSVI,2022,"35,000kms",Petrol,Manual,₹12.45 Lakh,noida
Maruti,Maruti XL6Alpha Plus AT,2024,"13,000kms",Petrol,Automatic,₹12.50 Lakh,noida
Hyundai,Hyundai CretaS,2023,"11,000kms",Petrol,Manual,₹11.90 Lakh,noida
Hyundai,Hyundai CretaSX Executive BSVI,2022,"44,000kms",Petrol,Manual,₹11.90 Lakh,noida
Toyota,Toyota Innova Crysta2.7 GX MT BSIV,2019,"38,000kms",Petrol,Manual,₹11.70 Lakh,noida
Jaguar,Jaguar XJ50 Special Edition,2019,"45,000kms",Diesel,Automatic,₹45 Lakh,noida
Kia,Kia SeltosGTX Plus DCT,2023,"40,000kms",Petrol,Automatic,₹16.95 Lakh,noida
Kia,Kia SeltosHTX Diesel AT,2024,"41,000kms",Diesel,Automatic,₹16.99 Lakh,noida
Hyundai,Hyundai CretaSX Executive BSVI,2022,"44,000kms",Petrol,Manual,₹11.90 Lakh,noida
Toyota,Toyota Innova Crysta2.7 GX MT BSIV,2019,"38,000kms",Petrol,Manual,₹11.70 Lakh,noida
Jaguar,Jaguar XJ50 Special Edition,2019,"45,000kms",Diesel,Automatic,₹45 Lakh,noida
Kia,Kia SeltosGTX Plus DCT,2023,"40,000kms",Petrol,Automatic,₹16.95 Lakh,noida
Kia,Kia SeltosHTX Diesel AT,2024,"41,000kms",Diesel,Automatic,₹16.99 Lakh,noida
Honda,Honda Jazz1.2 V i VTEC,2016,"31,000kms",Petrol,Manual,₹3.49 Lakh,noida
Mercedes-Benz,Mercedes-Benz GLE300d 4Matic AMG Line,2025,"8,000kms",Diesel,Automatic,₹91 Lakh,noida
Mercedes-Benz,Mercedes-Benz C-ClassC 200 CGI,2016,"35,000kms",Petrol,Automatic,₹17.99 Lakh,noida
Mahindra,Mahindra XUV700AX7 6Str AT,2024,"12,000kms",Petrol,Automatic,₹19.50 Lakh,noida
Kia,Kia SeltosGTX Plus DCT,2023,"25,000kms",Petrol,Automatic,₹16.65 Lakh,noida
Kia,Kia CarensLuxury Opt Diesel AT,2024,"5,500kms",Diesel,Automatic,₹17.75 Lakh,noida
Audi,Audi A335 TDI Premium Plus,2019,"40,000kms",Diesel,Automatic,₹15.75 Lakh,noida
Toyota,Toyota Innova Crysta2.4 G 7 STR,2021,"69,000kms",Diesel,Manual,₹15.90 Lakh,noida
Volvo,Volvo S90D4 Inscription BSIV,2018,"1,20,000kms",Diesel,Automatic,₹17.95 Lakh,noida
Maruti,Maruti Grand VitaraAlpha Plus Hybrid CVT,2024,"25,000kms",Petrol,Automatic,₹18 Lakh,noida
Maruti,Maruti Grand VitaraAlpha Plus Hybrid CVT,2024,"12,000kms",Petrol,Automatic,₹15.75 Lakh,noida
Audi,Audi Q330 TFSI Premium FWD,2019,"64,000kms",Petrol,Automatic,₹19.50 Lakh,noida
Kia,Kia CarnivalPremium,2020,"91,000kms",Diesel,Automatic,₹19.50 Lakh,noida
Hyundai,Hyundai Xcent1.2 VTVT E,2017,"61,500kms",Petrol,Manual,₹3.75 Lakh,noida
Tata,Tata HexaXM,2017,"82,000kms",Diesel,Manual,₹6.50 Lakh,noida
Maruti,Maruti Grand VitaraAlpha Plus Hybrid CVT,2024,"12,000kms",Petrol,Automatic,₹15.75 Lakh,noida
Audi,Audi Q330 TFSI Premium FWD,2019,"64,000kms",Petrol,Automatic,₹19.50 Lakh,noida
Kia,Kia CarnivalPremium,2020,"91,000kms",Diesel,Automatic,₹19.50 Lakh,noida
Hyundai,Hyundai Xcent1.2 VTVT E,2017,"61,500kms",Petrol,Manual,₹3.75 Lakh,noida
Hyundai,Hyundai Creta1.6 SX Automatic,2019,"4,20,000kms",Petrol,Automatic,₹9.50 Lakh,noida
Tata,Tata HexaXM,2017,"82,000kms",Diesel,Manual,₹6.50 Lakh,noida
Maruti,Maruti ErtigaZXI,2022,"62,000kms",Petrol,Manual,₹10 Lakh,noida
Maruti,Maruti XL6Zeta AT,2021,"57,000kms",Petrol,Automatic,₹9.69 Lakh,noida
Kia,Kia SeltosHTK G,2022,"37,000kms",Petrol,Manual,₹9.99 Lakh,noida
Tata,Tata TigorXZ Plus,2023,"40,000kms",Petrol,Manual,₹8.49 Lakh,noida
Kia,Kia SonetGTX Plus Turbo DCT DT,2020,"58,000kms",Petrol,Automatic,₹9.50 Lakh,noida
Maruti,Maruti XL6Zeta AT,2019,"52,500kms",Petrol,Automatic,₹8.95 Lakh,noida
MG,MG HectorSharp DCT,2019,"55,000kms",Petrol,Automatic,₹9.75 Lakh,noida
Kia,Kia SonetHTX Plus Turbo iMT DT,2022,"28,000kms",Petrol,Manual,₹8.50 Lakh,noida
Kia,Kia SeltosHTK Plus G,2020,"55,800kms",Petrol,Manual,₹8.15 Lakh,noida
Hyundai,Hyundai Creta1.6 VTVT SX Plus SE,2018,"66,000kms",Petrol,Manual,₹7.20 Lakh,noida
Maruti,Maruti XL6Zeta,2021,"19,900kms",Petrol,Manual,₹9.04 Lakh,noida
Toyota,Toyota Corolla AltisG MT,2017,"60,000kms",Petrol,Manual,₹7.90 Lakh,noida
Toyota,Toyota Corolla Altis1.8 J,2018,"71,000kms",Petrol,Manual,₹6.40 Lakh,noida
Kia,Kia SonetHTX Diesel BSVI,2020,"43,500kms",Diesel,Manual,₹6.95 Lakh,noida
Hyundai,Hyundai Creta1.6 VTVT SX Plus SE,2018,"66,000kms",Petrol,Manual,₹7.20 Lakh,noida
Maruti,Maruti XL6Zeta,2021,"19,900kms",Petrol,Manual,₹9.04 Lakh,noida
Toyota,Toyota Corolla AltisG MT,2017,"60,000kms",Petrol,Manual,₹7.90 Lakh,noida
Toyota,Toyota Corolla Altis1.8 J,2018,"71,000kms",Petrol,Manual,₹6.40 Lakh,noida
Kia,Kia SonetHTX Diesel BSVI,2020,"43,500kms",Diesel,Manual,₹6.95 Lakh,noida
Mahindra,Mahindra Bolero Power PlusZLX,2019,"60,000kms",Diesel,Manual,₹6.49 Lakh,noida
Kia,Kia SeltosGTK,2019,"35,000kms",Petrol,Manual,₹9.40 Lakh,noida
MG,MG HectorSuper Diesel MT,2021,"77,715kms",Diesel,Manual,₹9.75 Lakh,noida
Maruti,Maruti Ciaz1.3 Zeta,2017,"79,000kms",Diesel,Manual,₹4.99 Lakh,noida
Skoda,Skoda Rapid1.5 TDI Ambition BSIV,2018,"89,000kms",Diesel,Manual,₹5.75 Lakh,noida
Tata,Tata Nexon1.5 Revotorq XM,2019,"75,000kms",Diesel,Manual,₹5.90 Lakh,noida
Hyundai,Hyundai i20Magna BSVI,2020,"72,000kms",Petrol,Manual,₹5.25 Lakh,noida
Toyota,Toyota YarisG BSIV,2019,"65,000kms",Petrol,Manual,₹5.25 Lakh,noida
Maruti,Maruti Ciaz1.3 Alpha,2018,"57,000kms",Diesel,Manual,₹5.90 Lakh,noida
Maruti,Maruti Ciaz1.4 Delta,2017,"52,000kms",Petrol,Manual,₹5.30 Lakh,noida
Tata,Tata Tiago1.2 Revotron XZ,2018,"58,000kms",Petrol,Manual,₹3.70 Lakh,noida
Hyundai,Hyundai Creta1.6 VTVT SX Plus,2016,"70,000kms",Petrol,Manual,₹5.65 Lakh,noida
Maruti,Maruti BalenoRS,2017,"50,000kms",Petrol,Manual,₹4.49 Lakh,noida
Hyundai,Hyundai i201.2 Magna Executive,2018,"60,000kms",Petrol,Manual,₹4.45 Lakh,noida
Hyundai,Hyundai i201.2 Anniversary Edition,2017,"58,000kms",Petrol,Manual,₹4.25 Lakh,noida
Tata,Tata Tiago1.2 Revotron XZ,2018,"58,000kms",Petrol,Manual,₹3.70 Lakh,noida
Hyundai,Hyundai Creta1.6 VTVT SX Plus,2016,"70,000kms",Petrol,Manual,₹5.65 Lakh,noida
Maruti,Maruti BalenoRS,2017,"50,000kms",Petrol,Manual,₹4.49 Lakh,noida
Hyundai,Hyundai i201.2 Magna Executive,2018,"60,000kms",Petrol,Manual,₹4.45 Lakh,noida
Hyundai,Hyundai i201.2 Anniversary Edition,2017,"58,000kms",Petrol,Manual,₹4.25 Lakh,noida
Maruti,Maruti Vitara BrezzaVDi Option,2017,"68,210kms",Diesel,Manual,₹5.20 Lakh,noida
Maruti,Maruti CelerioVXI Optional MT BSIV,2018,"62,348kms",Petrol,Manual,₹3.80 Lakh,noida
Tata,Tata Tigor1.2 Revotron XZ Option,2018,"46,000kms",Petrol,Manual,₹3.80 Lakh,noida
Honda,Honda Jazz1.2 SV i VTEC,2016,"54,000kms",Petrol,Manual,₹3.20 Lakh,noida
Maruti,Maruti Wagon RVXI CNG,2023,"45,000kms",CNG,Manual,₹5.49 Lakh,noida
Maruti,Maruti SwiftVXI,2021,"52,000kms",Petrol,Manual,₹5.25 Lakh,noida
Honda,Honda AmazeS i-VTEC,2017,"47,000kms",Petrol,Manual,₹3.85 Lakh,noida
Honda,Honda Cityi VTEC VX,2016,"80,000kms",Petrol,Manual,₹4.99 Lakh,noida
Tata,Tata Tiago1.2 Revotron XZ,2018,"56,000kms",Petrol,Manual,₹3.60 Lakh,noida
Hyundai,Hyundai i201.2 Spotz,2018,"62,000kms",Petrol,Manual,₹4.95 Lakh,noida
Hyundai,Hyundai i201.2 Magna Executive,2018,"60,000kms",Petrol,Manual,₹4.49 Lakh,noida
Hyundai,Hyundai i201.2 Spotz,2018,"55,000kms",Petrol,Manual,₹4.35 Lakh,noida
Tata,Tata Tiago1.2 Revotron XZ,2019,"67,000kms",Petrol,Manual,₹3.74 Lakh,noida
Ford,Ford FreestyleTitanium Petrol BSIV,2019,"49,000kms",Petrol,Manual,₹4.35 Lakh,noida
Honda,Honda Cityi VTEC CVT VX,2015,"42,000kms",Petrol,Automatic,₹5.25 Lakh,noida
Hyundai,Hyundai i201.2 Anniversary Edition,2017,"58,000kms",Petrol,Manual,₹4.25 Lakh,noida
Hyundai,Hyundai i201.2 Magna Executive,2018,"60,000kms",Petrol,Manual,₹4.49 Lakh,noida
Hyundai,Hyundai i201.2 Spotz,2018,"55,000kms",Petrol,Manual,₹4.35 Lakh,noida
Honda,Honda Cityi VTEC CVT VX,2015,"42,000kms",Petrol,Automatic,₹5.25 Lakh,noida
Maruti,Maruti Vitara BrezzaVDi,2018,"53,500kms",Diesel,Manual,₹5.50 Lakh,noida
Tata,Tata Tiago1.2 Revotron XZ,2018,"56,000kms",Petrol,Manual,₹3.60 Lakh,noida
Mercedes-Benz,Mercedes-Benz S-ClassS 350 d,2020,"40,000kms",Diesel,Automatic,₹62 Lakh,noida
Jaguar,Jaguar XJ3.0L Premium Luxury,2017,"40,000kms",Diesel,Automatic,₹31 Lakh,noida
Volvo,Volvo XC90D5 Inscription,2021,"45,000kms",Diesel,Automatic,₹65 Lakh,noida
Jaguar,Jaguar XF2.0 Petrol Prestige,2018,"18,000kms",Petrol,Automatic,₹35 Lakh,noida
Mini Cooper,2021Mini Cooper Countryman  -2021Cooper S,2018,"21,640kms",Petrol,Automatic,₹32 Lakh,noida
Volvo,Volvo XC40T4 R-Design,2021,"39,000kms",Petrol,Automatic,₹31.75 Lakh,noida
BMW,BMW 7 Series740Li M Sport Edition,2023,"28,000kms",Petrol,Automatic,₹1.49 Crore,noida
Mercedes-Benz,Mercedes-Benz E-ClassExpression E 200 BSIV,2020,"50,000kms",Petrol,Automatic,₹39.90 Lakh,noida
Toyota,Toyota Land Cruiser 300ZX,2023,"12,000kms",Diesel,Automatic,₹2.21 Crore,noida
Mercedes-Benz,Mercedes-Benz GLE300d BSVI,2022,"70,000kms",Diesel,Automatic,₹54.90 Lakh,noida
Toyota,Toyota Camry2.5 Hybrid,2023,"15,000kms",Petrol,Automatic,₹34.90 Lakh,noida
Maruti,Maruti Baleno1.2 Delta,2017,"32,000kms",Petrol,Manual,₹3.90 Lakh,noida
Honda,Honda Cityi VTEC CVT SV,2017,"81,000kms",Petrol,Automatic,₹5.25 Lakh,noida
Mercedes-Benz,Mercedes-Benz GLE300d BSVI,2021,"75,000kms",Diesel,Automatic,₹58.49 Lakh,noida
Mercedes-Benz,Mercedes-Benz E-ClassExpression E 200 BSIV,2020,"50,000kms",Petrol,Automatic,₹39.90 Lakh,noida
Mini Cooper,2021Mini Cooper Countryman  -2021Cooper S,2018,"21,640kms",Petrol,Automatic,₹32 Lakh,noida
Maruti,Maruti Baleno1.2 Delta,2017,"32,000kms",Petrol,Manual,₹3.90 Lakh,noida
Honda,Honda Cityi VTEC CVT SV,2017,"81,000kms",Petrol,Automatic,₹5.25 Lakh,noida
Mercedes-Benz,Mercedes-Benz GLE300d BSVI,2021,"75,000kms",Diesel,Automatic,₹58.49 Lakh,noida
Toyota,Toyota Innova Crysta2.4 G 7 STR,2022,"27,000kms",Diesel,Manual,₹20.90 Lakh,noida
Volvo,Volvo S90D4 Inscription BSIV,2019,"47,000kms",Diesel,Automatic,₹25.75 Lakh,noida
Kia,Kia CarnivalLimousine,2022,"60,000kms",Diesel,Automatic,₹26.95 Lakh,noida
Volvo,Volvo S90D4 Inscription BSIV,2019,"60,000kms",Diesel,Automatic,₹22.90 Lakh,noida
Mercedes-Benz,Mercedes-Benz E-ClassE 350 d BSIV,2018,"36,500kms",Diesel,Automatic,₹28.50 Lakh,noida
Kia,Kia CarnivalLimousine,2022,"70,000kms",Diesel,Automatic,₹26.75 Lakh,noida
Toyota,Toyota CamryHybrid 2.5,2021,"34,000kms",Petrol,Automatic,₹30 Lakh,noida
Mercedes-Benz,Mercedes-Benz E-ClassE 350 d BSIV,2018,"35,000kms",Diesel,Automatic,₹28.25 Lakh,noida
,Mini CountrymanS JCW Inspired,2024,"13,000kms",Petrol,Automatic,₹44.50 Lakh,noida
Jeep,Jeep Compass1.4 Limited Opt DCT BSVI,2021,"29,000kms",Petrol,Automatic,₹14.95 Lakh,noida
MG,MG GlosterSavvy 4x4 6Str,2022,"55,000kms",Diesel,Automatic,₹27.50 Lakh,noida
Mahindra,Mahindra MarazzoM4,2018,"1,10,000kms",Diesel,Manual,₹3.95 Lakh,noida
MG,MG Hector Plus1.5 Turbo Sharp Pro CVT BSVI,2023,"37,000kms",Petrol,Automatic,₹15.50 Lakh,noida
Mahindra,Mahindra XUV700AX5 5Str AT,2024,"19,000kms",Petrol,Automatic,₹17.90 Lakh,noida
Honda,Honda Cityi-VTEC V,2018,"60,000kms",Petrol,Manual,₹5.56 Lakh,noida
MG,MG GlosterSavvy 4x4 6Str,2022,"55,000kms",Diesel,Automatic,₹27.50 Lakh,noida
Mahindra,Mahindra MarazzoM4,2018,"1,10,000kms",Diesel,Manual,₹3.95 Lakh,noida
MG,MG Hector Plus1.5 Turbo Sharp Pro CVT BSVI,2023,"37,000kms",Petrol,Automatic,₹15.50 Lakh,noida
Mahindra,Mahindra XUV700AX5 5Str AT,2024,"19,000kms",Petrol,Automatic,₹17.90 Lakh,noida
Honda,Honda Cityi-VTEC V,2018,"60,000kms",Petrol,Manual,₹5.56 Lakh,noida
Maruti,Maruti Ciaz1.4 AT Alpha,2018,"68,000kms",Petrol,Automatic,₹5.80 Lakh,noida
Mercedes-Benz,Mercedes-Benz GLC Coupe300 4MATIC BSVI,2022,"23,000kms",Petrol,Automatic,₹57 Lakh,noida
Audi,Audi Q540 TDI Technology,2019,"45,000kms",Diesel,Automatic,₹33.50 Lakh,noida
Volvo,Volvo XC90B6 Inscription 7STR,2022,"10,800kms",Petrol,Automatic,₹69 Lakh,noida
Mercedes-Benz,Mercedes-Benz GLE43 AMG Coupe,2020,"20,000kms",Petrol,Automatic,₹69 Lakh,noida
Skoda,Skoda Kushaq1.5 TSI Style BSVI,2022,"13,000kms",Petrol,Manual,₹12.50 Lakh,noida
Kia,Kia SeltosHTK Plus,2024,"9,000kms",Petrol,Manual,₹12.45 Lakh,noida
MG,MG HectorSharp DCT,2020,"47,000kms",Petrol,Automatic,₹11.25 Lakh,noida
Hyundai,Hyundai Creta1.6 VTVT S,2016,"65,000kms",Petrol,Manual,₹6.50 Lakh,noida
Honda,Honda Cityi VTEC CVT VX,2016,"58,000kms",Petrol,Automatic,₹4.95 Lakh,noida
Maruti,Maruti XL6Zeta AT,2021,"57,000kms",Petrol,Automatic,₹8.99 Lakh,noida
MG,MG GlosterSavvy 7-Str,2022,"8,200kms",Diesel,Automatic,₹31 Lakh,noida
Kia,Kia CarnivalPrestige 6 STR,2020,"99,990kms",Diesel,Automatic,₹19.50 Lakh,noida
Hyundai,Hyundai VernaVTVT 1.6 SX Option,2018,"78,990kms",Petrol,Manual,₹7.80 Lakh,noida
Hyundai,Hyundai Creta N LineN8,2018,"70,000kms",Petrol,Manual,₹7.65 Lakh,noida
Maruti,Maruti XL6Zeta AT,2021,"57,000kms",Petrol,Automatic,₹8.99 Lakh,noida
MG,MG GlosterSavvy 7-Str,2022,"8,200kms",Diesel,Automatic,₹31 Lakh,noida
Kia,Kia CarnivalPrestige 6 STR,2020,"99,990kms",Diesel,Automatic,₹19.50 Lakh,noida
Hyundai,Hyundai VernaVTVT 1.6 SX Option,2018,"78,990kms",Petrol,Manual,₹7.80 Lakh,noida
Hyundai,Hyundai Creta N LineN8,2018,"70,000kms",Petrol,Manual,₹7.65 Lakh,noida
Tata,Tata HarrierXZ BSIV,2019,"85,000kms",Diesel,Manual,₹8.75 Lakh,noida
Maruti,Maruti ErtigaBSIV VXI,2017,"72,000kms",Petrol,Manual,₹6.10 Lakh,noida
Kia,Kia SeltosHTX IVT G,2021,"28,000kms",Petrol,Automatic,₹11.65 Lakh,noida
MG,MG HectorSharp EX CVT,2022,"25,000kms",Petrol,Automatic,₹13.25 Lakh,noida
MG,MG HectorSharp CVT,2022,"15,000kms",Petrol,Automatic,₹12.50 Lakh,noida
Mercedes-Benz,Mercedes-Benz S-ClassS 450,2018,"45,000kms",Petrol,Automatic,₹52.49 Lakh,noida
Porsche,Porsche CayenneSTD,2023,"12,000kms",Petrol,Automatic,₹1.27 Crore,noida
Mercedes-Benz,Mercedes-Benz E-ClassExclusive E 200,2020,"17,000kms",Petrol,Automatic,₹41.99 Lakh,noida
Mercedes-Benz,Mercedes-Benz GLC200,2021,"27,000kms",Petrol,Automatic,₹40.90 Lakh,noida
Toyota,Toyota Fortuner2.8 2WD AT,2020,"17,000kms",Diesel,Automatic,₹30.75 Lakh,noida
Land Rover,Land Rover Range Rover Sport2.0 Petrol SE,2021,"38,000kms",Petrol,Automatic,₹78 Lakh,noida
Mercedes-Benz,Mercedes-Benz S-ClassS400,2016,"1,10,000kms",Petrol,Automatic,₹34.50 Lakh,noida
Mercedes-Benz,Mercedes-Benz GLC200,2022,"42,000kms",Petrol,Automatic,₹47 Lakh,noida
BMW,BMW 6 SeriesGT 630i Luxury Line  -2021,2018,"15,000kms",Petrol,Automatic,₹34 Lakh,noida
Mercedes-Benz,Mercedes-Benz G-ClassG 63 AMG,2019,"42,000kms",Petrol,Automatic,₹2.20 Crore,noida
Land Rover,Land Rover Range Rover Sport2.0 Petrol SE,2021,"38,000kms",Petrol,Automatic,₹78 Lakh,noida
Mercedes-Benz,Mercedes-Benz S-ClassS400,2016,"1,10,000kms",Petrol,Automatic,₹34.50 Lakh,noida
Mercedes-Benz,Mercedes-Benz GLC200,2022,"42,000kms",Petrol,Automatic,₹47 Lakh,noida
BMW,BMW 6 SeriesGT 630i Luxury Line  -2021,2018,"15,000kms",Petrol,Automatic,₹34 Lakh,noida
Mercedes-Benz,Mercedes-Benz G-ClassG 63 AMG,2019,"42,000kms",Petrol,Automatic,₹2.20 Crore,noida
Toyota,Toyota VellfireExecutive Lounge BSVI,2022,"45,000kms",Petrol,Automatic,₹82.75 Lakh,noida
Mercedes-Benz,Mercedes-Benz S-ClassS450 4Matic BSVI,2022,"35,000kms",Petrol,Automatic,₹1.07 Crore,noida
Mercedes-Benz,2019Mercedes-Benz AMG G 634MATIC  -2023,2018,"42,000kms",Petrol,Automatic,₹2.20 Crore,noida
Hyundai,Hyundai Creta1.6 SX Option,2019,"68,000kms",Petrol,Manual,₹8.75 Lakh,noida
Honda,Honda Cityi VTEC CVT VX,2016,"79,002kms",Petrol,Automatic,₹5.65 Lakh,noida
Maruti,Maruti CelerioVXI CNG BSIV,2018,"57,000kms",CNG,Manual,₹3.49 Lakh,noida
Hyundai,Hyundai Grand i10 NiosMagna,2024,"18,000kms",Petrol,Manual,₹5.75 Lakh,noida
Toyota,Toyota Land Cruiser 300ZX Petrol,2024,100kms,Petrol,Automatic,₹2.62 Crore,noida
Hyundai,Hyundai Creta1.6 SX Automatic,2018,"80,000kms",Petrol,Automatic,₹7.16 Lakh,noida
Audi,Audi A430 TFSI Premium Plus,2017,"42,000kms",Petrol,Automatic,₹19.75 Lakh,noida
Tata,Tata Tiago1.2 Revotron XZ,2019,"32,000kms",Petrol,Manual,₹4.20 Lakh,noida
Toyota,Toyota Etios1.5 G,2019,"56,000kms",Petrol,Manual,₹4.35 Lakh,noida
Honda,Honda Cityi VTEC V,2016,"60,000kms",Petrol,Manual,₹4.90 Lakh,noida
Honda,Honda WR-Vi-VTEC VX,2018,"65,000kms",Petrol,Manual,₹5.35 Lakh,noida
Hyundai,Hyundai Verna1.4 VTVT,2015,"35,475kms",Petrol,Manual,₹4.35 Lakh,noida
Tata,Tata Tiago1.2 Revotron XZ,2019,"32,000kms",Petrol,Manual,₹4.20 Lakh,noida
Honda,Honda Cityi VTEC V,2016,"60,000kms",Petrol,Manual,₹4.90 Lakh,noida
Honda,Honda WR-Vi-VTEC VX,2018,"65,000kms",Petrol,Manual,₹5.35 Lakh,noida
Hyundai,Hyundai Verna1.4 VTVT,2015,"35,475kms",Petrol,Manual,₹4.35 Lakh,noida
Toyota,Toyota Etios1.5 G,2019,"56,000kms",Petrol,Manual,₹4.35 Lakh,noida
Maruti,Maruti CelerioVXI CNG BSIV,2019,"62,000kms",CNG,Manual,₹3.75 Lakh,noida
Maruti,Maruti BalenoDelta,2019,"64,000kms",Petrol,Manual,₹4.50 Lakh,noida
Mahindra,Mahindra XUV700AX5 7 Str BSVI,2022,"41,000kms",Petrol,Manual,₹14.50 Lakh,noida
Jeep,Jeep Compass1.4 Longitude Plus AT,2019,"58,000kms",Petrol,Automatic,₹11.49 Lakh,noida
Maruti,Maruti XL6Alpha Plus AT BSVI,2022,"27,000kms",Petrol,Automatic,₹10.50 Lakh,noida
Kia,Kia SonetGTX Plus Turbo DCT,2024,"23,000kms",Petrol,Automatic,₹12.50 Lakh,noida
Kia,Kia SeltosHTX IVT,2023,"14,000kms",Petrol,Automatic,₹14 Lakh,noida
Hyundai,Hyundai CretaS BSVI,2020,"32,000kms",Petrol,Manual,₹10.89 Lakh,noida
Jeep,Jeep Compass1.4 Limited,2019,"54,000kms",Petrol,Automatic,₹11.50 Lakh,noida
Mahindra,Mahindra TharLX 4WD Hard Top AT BSVI,2021,"35,000kms",Petrol,Automatic,₹11.50 Lakh,noida
Kia,Kia SeltosX-Line DCT,2023,"19,600kms",Petrol,Automatic,₹14.74 Lakh,noida
Mahindra,Mahindra TharLX 4WD Hard Top AT BSVI,2022,"42,000kms",Petrol,Automatic,₹12.45 Lakh,noida
Mahindra,Mahindra TharLX 4WD Hard Top AT BSVI,2021,"21,000kms",Petrol,Automatic,₹14 Lakh,noida
Kia,Kia SeltosHTK Plus IVT,2024,"13,000kms",Petrol,Automatic,₹14.75 Lakh,noida
Hyundai,Hyundai CretaSX IVT,2023,"27,000kms",Petrol,Automatic,₹14.25 Lakh,noida
Kia,Kia SeltosX-Line DCT,2023,"19,600kms",Petrol,Automatic,₹14.74 Lakh,noida
Mahindra,Mahindra TharLX 4WD Hard Top AT BSVI,2022,"42,000kms",Petrol,Automatic,₹12.45 Lakh,noida
Mahindra,Mahindra TharLX 4WD Hard Top AT BSVI,2021,"21,000kms",Petrol,Automatic,₹14 Lakh,noida
Kia,Kia SeltosHTK Plus IVT,2024,"13,000kms",Petrol,Automatic,₹14.75 Lakh,noida
Hyundai,Hyundai CretaSX IVT,2023,"27,000kms",Petrol,Automatic,₹14.25 Lakh,noida
Hyundai,Hyundai CretaSX Opt IVT BSVI,2021,"54,000kms",Petrol,Automatic,₹11.50 Lakh,noida
Toyota,Toyota Innova Crysta2.4 VX MT BSIV,2018,"63,000kms",Diesel,Manual,₹14.90 Lakh,noida
Kia,Kia SeltosHTX IVT,2024,"9,000kms",Petrol,Automatic,₹14.99 Lakh,noida
Hyundai,Hyundai CretaSX Diesel AT BSVI,2020,"52,000kms",Diesel,Automatic,₹11.75 Lakh,noida
Kia,Kia SonetHTX Diesel AT,2024,"17,000kms",Diesel,Automatic,₹11.75 Lakh,noida
Toyota,Toyota Innova Crysta2.8 ZX AT BSIV,2018,"1,60,000kms",Diesel,Automatic,₹15 Lakh,noida
Kia,Kia SeltosHTK G,2022,"37,000kms",Petrol,Manual,₹10.25 Lakh,noida
Kia,Kia SonetHTK Diesel,2024,"33,000kms",Diesel,Manual,₹10.75 Lakh,noida
Kia,Kia SeltosGTX Plus DCT,2020,"52,000kms",Petrol,Automatic,₹11.40 Lakh,noida
MG,MG HectorSharp DCT,2020,"45,000kms",Petrol,Automatic,₹11.40 Lakh,noida
Tata,Tata HarrierXZA Plus AT BSVI,2020,"1,25,000kms",Diesel,Automatic,₹10.25 Lakh,noida
Toyota,Toyota VellfireExecutive Lounge,2023,"52,000kms",Petrol,Automatic,₹79.50 Lakh,noida
Ford,Ford MustangV8,2017,"16,000kms",Petrol,Automatic,₹75 Lakh,noida
Toyota,Toyota Innova Crysta2.7 VX MT BSIV,2019,"48,500kms",Petrol,Manual,₹12.95 Lakh,noida
Toyota,Toyota Innova Crysta2.4 GX MT BSIV,2019,"1,50,000kms",Diesel,Manual,₹13.50 Lakh,noida
Tata,Tata HarrierXZA Plus AT BSVI,2020,"1,25,000kms",Diesel,Automatic,₹10.25 Lakh,noida
Toyota,Toyota VellfireExecutive Lounge,2023,"52,000kms",Petrol,Automatic,₹79.50 Lakh,noida
Ford,Ford MustangV8,2017,"16,000kms",Petrol,Automatic,₹75 Lakh,noida
Toyota,Toyota Innova Crysta2.7 VX MT BSIV,2019,"48,500kms",Petrol,Manual,₹12.95 Lakh,noida
Toyota,Toyota Innova Crysta2.4 GX MT BSIV,2019,"1,50,000kms",Diesel,Manual,₹13.50 Lakh,noida
Mercedes-Benz,Mercedes-Benz GLAAero Edition,2018,"35,000kms",Petrol,Automatic,₹22.90 Lakh,noida
Kia,Kia SeltosHTK Plus D,2020,"57,000kms",Diesel,Manual,₹8.75 Lakh,noida
Kia,Kia SeltosHTX IVT G,2020,"63,290kms",Petrol,Automatic,₹9.80 Lakh,noida
MG,MG GlosterSavvy 4x4 6Str,2023,"25,000kms",Diesel,Automatic,₹31.50 Lakh,noida
Kia,Kia Carens ClavisHTE (O),2025,"11,000kms",Petrol,Manual,₹13.25 Lakh,noida
Mahindra,Mahindra TharLX 4WD Hard Top Diesel AT BSVI,2023,"42,000kms",Diesel,Automatic,₹14.75 Lakh,noida
Mercedes-Benz,Mercedes-Benz GLC300,2024,"6,000kms",Petrol,Automatic,₹62.90 Lakh,noida
Mahindra,Mahindra TharLX Hard Top,2023,"15,000kms",Petrol,Manual,₹11.99 Lakh,noida
Hyundai,Hyundai i20Magna Plus,2020,"72,000kms",Petrol,Manual,₹4.80 Lakh,noida
Tata,Tata NexonXZA Plus Kaziranga Edition AMT,2022,"47,000kms",Petrol,Automatic,₹8.15 Lakh,noida
Honda,Honda Cityi VTEC V,2015,"58,000kms",Petrol,Manual,₹3.67 Lakh,noida
Maruti,Maruti BrezzaVxi,2024,"21,000kms",Petrol,Manual,₹8.95 Lakh,noida
Volkswagen,Volkswagen Tiguan2.0 TSI Elegance BSVI,2022,"45,000kms",Petrol,Automatic,₹23.95 Lakh,noida
Mercedes-Benz,Mercedes-Benz GLS350d 4MATIC,2016,"55,000kms",Diesel,Automatic,₹30 Lakh,noida
Mercedes-Benz,Mercedes-Benz C-ClassProgressive C 200,2019,"55,000kms",Petrol,Automatic,₹28.50 Lakh,noida
Honda,Honda Cityi VTEC V,2015,"58,000kms",Petrol,Manual,₹3.67 Lakh,noida
Maruti,Maruti BrezzaVxi,2024,"21,000kms",Petrol,Manual,₹8.95 Lakh,noida
Volkswagen,Volkswagen Tiguan2.0 TSI Elegance BSVI,2022,"45,000kms",Petrol,Automatic,₹23.95 Lakh,noida
Mercedes-Benz,Mercedes-Benz GLS350d 4MATIC,2016,"55,000kms",Diesel,Automatic,₹30 Lakh,noida
Mercedes-Benz,Mercedes-Benz C-ClassProgressive C 200,2019,"55,000kms",Petrol,Automatic,₹28.50 Lakh,noida
Toyota,Toyota Innova Crysta2.4 GX 7 STR AT,2021,"25,000kms",Diesel,Automatic,₹20.50 Lakh,noida
Hyundai,Hyundai TucsonSignature Diesel AT BSVI,2023,"33,000kms",Diesel,Automatic,₹26 Lakh,noida
Ford,Ford Endeavour2.2 Titanium AT 4X2,2019,"59,000kms",Diesel,Automatic,₹22.75 Lakh,noida
Mercedes-Benz,Mercedes-Benz E-ClassE 220D,2017,"50,000kms",Diesel,Automatic,₹22.90 Lakh,noida
Mercedes-Benz,Mercedes-Benz E-ClassE 220D,2017,"50,000kms",Diesel,Automatic,₹21.95 Lakh,noida
Toyota,Toyota Fortuner2.7 2WD AT,2021,"39,000kms",Petrol,Automatic,₹30 Lakh,noida
Ford,Ford EndeavourTitanium Plus 4X2,2019,"45,000kms",Diesel,Automatic,₹22.50 Lakh,noida
Toyota,Toyota Fortuner2.8 2WD AT BSIV,2019,"1,09,000kms",Diesel,Automatic,₹23.50 Lakh,noida
,Mini CountrymanCooper S,2021,"30,000kms",Petrol,Automatic,₹28.50 Lakh,noida
Toyota,Toyota Innova Crysta2.4 ZX 7 STR AT,2022,"72,000kms",Diesel,Automatic,₹23.25 Lakh,noida
Mercedes-Benz,Mercedes-Benz GLA Class220 d 4MATIC,2020,"34,000kms",Diesel,Automatic,₹21.25 Lakh,noida
MG,MG HectorSharp DCT,2021,"38,000kms",Petrol,Automatic,₹11.50 Lakh,noida
Mahindra,Mahindra TharLX 4WD Hard Top AT BSVI,2022,"40,000kms",Petrol,Automatic,₹12.50 Lakh,noida
Mahindra,Mahindra TharLX 4WD Hard Top AT BSVI,2022,"38,000kms",Petrol,Automatic,₹12.90 Lakh,noida
Mercedes-Benz,Mercedes-Benz C-ClassC 200,2024,"11,000kms",Petrol,Automatic,₹47.50 Lakh,noida
,Mini CountrymanCooper S,2021,"30,000kms",Petrol,Automatic,₹28.50 Lakh,noida
MG,MG HectorSharp DCT,2021,"38,000kms",Petrol,Automatic,₹11.50 Lakh,noida
Mahindra,Mahindra TharLX 4WD Hard Top AT BSVI,2022,"40,000kms",Petrol,Automatic,₹12.50 Lakh,noida
Mahindra,Mahindra TharLX 4WD Hard Top AT BSVI,2022,"38,000kms",Petrol,Automatic,₹12.90 Lakh,noida
Mercedes-Benz,Mercedes-Benz C-ClassC 200,2024,"11,000kms",Petrol,Automatic,₹47.50 Lakh,noida
BMW,BMW 6 SeriesGT 630i M Sport,2023,"22,000kms",Petrol,Automatic,₹56.50 Lakh,noida
Audi,Audi Q8Celebration Edition BSVI,2021,"55,000kms",Petrol,Automatic,₹58.49 Lakh,noida
Porsche,Porsche Cayenne3.6 S,2016,"54,000kms",Petrol,Automatic,₹32 Lakh,noida
Mercedes-Benz,Mercedes-Benz GLE43 AMG Coupe,2016,"75,000kms",Petrol,Automatic,₹39.49 Lakh,noida
Mercedes-Benz,Mercedes-Benz GLE43 AMG Coupe,2020,"20,000kms",Petrol,Automatic,₹69 Lakh,noida
Volvo,Volvo XC60B5 Ultimate,2024,"21,000kms",Petrol,Automatic,₹55 Lakh,noida
Mercedes-Benz,Mercedes-Benz GLS450 4MATIC BSVI,2021,"75,000kms",Petrol,Automatic,₹77.75 Lakh,noida
Ford,Ford MustangV8,2017,"23,000kms",Petrol,Automatic,₹83 Lakh,noida
BMW,BMW X7xDrive 40i M Sport,2021,"65,000kms",Petrol,Automatic,₹69.90 Lakh,noida
Mercedes-Benz,Mercedes-Benz C-ClassC 200,2024,"12,000kms",Petrol,Automatic,₹49 Lakh,noida
Lexus,Lexus LX500d,2023,"10,000kms",Diesel,Automatic,₹2.72 Crore,noida
BMW,BMW X7xDrive 40i M Sport,2023,"17,000kms",Petrol,Automatic,₹98 Lakh,noida
Lexus,Lexus LX500d,2023,"13,000kms",Diesel,Automatic,₹2.75 Crore,noida
Mercedes-Benz,Mercedes-Benz GLS400d 4MATIC BSVI,2022,"25,000kms",Diesel,Automatic,₹84.50 Lakh,noida
Mercedes-Benz,Mercedes-Benz GLC200,2020,"31,000kms",Petrol,Automatic,₹37.90 Lakh,noida
Mercedes-Benz,Mercedes-Benz GLE43 AMG Coupe,2019,"29,000kms",Petrol,Automatic,₹50 Lakh,noida
Jaguar,Jaguar XJ2.0L Portfolio,2017,"23,000kms",Petrol,Automatic,₹47 Lakh,noida
Ford,Ford MustangV8,2017,"16,000kms",Petrol,Automatic,₹78.50 Lakh,noida
Volvo,Volvo XC60B5 Ultimate,2024,"21,000kms",Petrol,Automatic,₹55 Lakh,noida
Mercedes-Benz,Mercedes-Benz S-ClassS 450,2019,"54,000kms",Petrol,Automatic,₹66.75 Lakh,noida
Mercedes-Benz,Mercedes-Benz GLS450 4MATIC BSVI,2021,"75,000kms",Petrol,Automatic,₹77.75 Lakh,noida
Mercedes-Benz,Mercedes-Benz C-ClassC 200,2024,"12,000kms",Petrol,Automatic,₹49 Lakh,noida
BMW,BMW 5 Series530i Sport,2020,"2,300kms",Petrol,Automatic,₹44 Lakh,noida
Mercedes-Benz,Mercedes-Benz GLE43 AMG Coupe,2020,"20,000kms",Petrol,Automatic,₹69 Lakh,noida
Ford,Ford MustangV8,2017,"23,000kms",Petrol,Automatic,₹83 Lakh,noida
BMW,BMW X5xDrive 40i M Sport,2023,"15,000kms",Petrol,Automatic,₹74 Lakh,noida
Maruti,Maruti Ciaz1.4 Sigma,2018,"55,000kms",Petrol,Manual,₹4.65 Lakh,noida
Hyundai,Hyundai VenueS BSIV,2020,"65,000kms",Petrol,Manual,₹5.80 Lakh,noida
Mercedes-Benz,Mercedes-Benz C-ClassC 200 CGI,2015,"61,000kms",Petrol,Automatic,₹15.50 Lakh,noida
Mahindra,Mahindra TharLX Convert Top Diesel AT,2024,"9,000kms",Diesel,Automatic,₹16.50 Lakh,noida
Audi,Audi A635 TFSI,2018,"59,000kms",Petrol,Automatic,₹17.50 Lakh,noida
Audi,Audi A435 TDI Technology,2019,"45,000kms",Diesel,Automatic,₹17.95 Lakh,noida
Hyundai,Hyundai AlcazarSignature DCT,2024,"4,000kms",Petrol,Automatic,₹19.50 Lakh,noida
Mercedes-Benz,Mercedes-Benz C-ClassC 220 CDI Avantgarde,2018,"69,000kms",Diesel,Automatic,₹18.50 Lakh,noida
Toyota,Toyota Innova Crysta2.4 GX 7 STR AT,2020,"33,000kms",Diesel,Automatic,₹16.50 Lakh,noida
Hyundai,Hyundai AlcazarSignature DCT,2024,"4,000kms",Petrol,Automatic,₹19.50 Lakh,noida
Mercedes-Benz,Mercedes-Benz C-ClassC 220 CDI Avantgarde,2018,"69,000kms",Diesel,Automatic,₹18.50 Lakh,noida
Audi,Audi A435 TDI Technology,2019,"45,000kms",Diesel,Automatic,₹17.95 Lakh,noida
Mahindra,Mahindra TharLX Convert Top Diesel AT,2024,"9,000kms",Diesel,Automatic,₹16.50 Lakh,noida
Toyota,Toyota Innova Crysta2.4 GX 7 STR AT,2020,"33,000kms",Diesel,Automatic,₹16.50 Lakh,noida
MG,MG HectorSavvy Pro CVT  -2025,2023,"19,000kms",Petrol,Automatic,₹16.50 Lakh,noida
Kia,Kia SeltosGTX Plus Turbo DCT,2024,"14,000kms",Petrol,Automatic,₹18 Lakh,noida
Ford,Ford Endeavour3.2 Titanium AT 4X4,2018,"95,000kms",Diesel,Automatic,₹18.95 Lakh,noida
Toyota,Toyota Innova Crysta2.4 GX 7 STR AT,2020,"64,000kms",Diesel,Automatic,₹17 Lakh,noida
Audi,Audi Q330 TDI Premium FWD,2018,"55,000kms",Diesel,Automatic,₹16 Lakh,noida
Honda,Honda AmazeS Petrol BSIV,2017,"47,000kms",Petrol,Manual,₹3.85 Lakh,noida
Jeep,Jeep Compass2.0 Limited 4X4,2018,"79,500kms",Diesel,Manual,₹8.25 Lakh,noida
Maruti,Maruti BrezzaVxi,2024,"21,000kms",Petrol,Manual,₹8.95 Lakh,noida
Kia,Kia SonetHTX Turbo iMT BSVI,2020,"38,000kms",Petrol,Manual,₹7.75 Lakh,noida
Honda,Honda Cityi-VTEC V,2018,"70,000kms",Petrol,Manual,₹6.90 Lakh,noida
Hyundai,Hyundai VenueSX Turbo BSIV,2019,"28,000kms",Petrol,Manual,₹7.60 Lakh,noida
Mahindra,Mahindra XUV300W6 Diesel BSVI,2021,"47,000kms",Diesel,Manual,₹6.99 Lakh,noida
Hyundai,Hyundai Creta1.6 CRDi SX,2018,"81,000kms",Diesel,Manual,₹7.25 Lakh,noida
Hyundai,Hyundai Creta1.6 EX Petrol,2020,"59,000kms",Petrol,Manual,₹8.49 Lakh,noida
Maruti,Maruti Eeco5 Seater AC CNG,2024,"29,000kms",CNG,Manual,₹5.60 Lakh,noida
Maruti,Maruti BrezzaVxi,2024,"21,000kms",Petrol,Manual,₹8.95 Lakh,noida
Mahindra,Mahindra XUV300W6 Diesel BSVI,2021,"47,000kms",Diesel,Manual,₹6.99 Lakh,noida
Hyundai,Hyundai Creta1.6 CRDi SX,2018,"81,000kms",Diesel,Manual,₹7.25 Lakh,noida
Hyundai,Hyundai Creta1.6 EX Petrol,2020,"59,000kms",Petrol,Manual,₹8.49 Lakh,noida
Maruti,Maruti Eeco5 Seater AC BSIV,2018,"96,000kms",Petrol,Manual,₹3.55 Lakh,noida
Maruti,Maruti EecoCNG HTR 5-STR,2017,"54,000kms",CNG,Manual,₹2.60 Lakh,noida
Toyota,Toyota PriusZ8,2017,"72,000kms",Petrol,Automatic,₹16.99 Lakh,noida
Mercedes-Benz,Mercedes-Benz SLCAMG 43 Red Art,2018,"21,000kms",Petrol,Automatic,₹57.75 Lakh,noida
Isuzu,Isuzu D-MaxHigh,2018,"1,14,000kms",Diesel,Manual,₹12.90 Lakh,noida
Porsche,Porsche 718Boxster GTS,2019,"45,000kms",Petrol,Manual,₹85.25 Lakh,noida
Porsche,Porsche Panamera4,2020,"20,000kms",Petrol,Automatic,₹94 Lakh,noida
Mercedes-Benz,Mercedes-Benz SLCAMG 43 Red Art,2018,"21,000kms",Petrol,Automatic,₹57.75 Lakh,noida
Mini Cooper,Mini Cooper ConvertibleS,2018,"33,000kms",Petrol,Automatic,₹35 Lakh,noida
BMW,BMW Z4M40i,2025,"5,000kms",Petrol,Automatic,₹98 Lakh,noida
Honda,Honda New AccordHybrid,2017,"1,00,000kms",Petrol,Automatic,₹16.75 Lakh,noida
Maruti,Maruti EecoCNG 5 Seater AC BSIV,2017,"95,000kms",CNG,Manual,₹3.10 Lakh,noida
Maruti,Maruti Eeco5 Seater Standard BSIV,2016,"72,301kms",Petrol,Manual,₹3.25 Lakh,noida
Mercedes-Benz,Mercedes-Benz C-ClassC300 Cabriolet,2019,"23,000kms",Petrol,Automatic,₹59.75 Lakh,noida
Mercedes-Benz,Mercedes-Benz SLCAMG 43 Red Art,2018,"21,000kms",Petrol,Automatic,₹57.75 Lakh,noida
Maruti,Maruti EecoFlexi Green,2017,"52,000kms",CNG,Manual,₹2.75 Lakh,noida
Mini Cooper,Mini Cooper ConvertibleS,2018,"33,000kms",Petrol,Automatic,₹35 Lakh,noida
BMW,BMW Z4M40i,2025,"5,000kms",Petrol,Automatic,₹98 Lakh,noida
Honda,Honda New AccordHybrid,2017,"1,00,000kms",Petrol,Automatic,₹16.75 Lakh,noida
Maruti,Maruti EecoCNG 5 Seater AC BSIV,2017,"95,000kms",CNG,Manual,₹3.10 Lakh,noida
Maruti,Maruti Eeco5 Seater Standard BSIV,2016,"72,301kms",Petrol,Manual,₹3.25 Lakh,noida
Mercedes-Benz,Mercedes-Benz SLCAMG 43 Red Art,2018,"21,000kms",Petrol,Automatic,₹57.75 Lakh,noida
Mercedes-Benz,Mercedes-Benz C-ClassC300 Cabriolet,2019,"23,000kms",Petrol,Automatic,₹59.75 Lakh,noida
Maruti,Maruti EecoFlexi Green,2017,"52,000kms",CNG,Manual,₹2.75 Lakh,noida
Toyota,Toyota HiluxHigh AT,2025,"1,600kms",Diesel,Automatic,₹32 Lakh,noida
Toyota,Toyota HiluxHigh AT BSVI,2023,"35,000kms",Diesel,Automatic,₹27.50 Lakh,noida
Mercedes-Benz,Mercedes-Benz SLK-ClassSLK 350,2015,"35,000kms",Petrol,Automatic,₹34.90 Lakh,noida
Maruti,Maruti EecoCNG 5 Seater AC,2022,"45,000kms",CNG,Manual,₹5.25 Lakh,noida
Maruti,Maruti EecoCNG HTR 5-STR,2017,"54,000kms",CNG,Manual,₹2.60 Lakh,noida
Maruti,Maruti Eeco5 Seater AC CNG,2023,"21,000kms",CNG,Manual,₹5.80 Lakh,noida
Isuzu,Isuzu V-Cross4x2 Z AT BSVI,2021,"82,000kms",Diesel,Automatic,₹16.75 Lakh,noida
Maruti,Maruti Eeco5 Seater AC BSIV,2018,"96,000kms",Petrol,Manual,₹3.55 Lakh,noida
Hyundai,Hyundai Creta1.6 E Plus,2019,"90,201kms",Petrol,Manual,₹7.50 Lakh,noida
Toyota,Toyota Innova Crysta2.4 G 7 STR,2021,"55,000kms",Diesel,Manual,₹18.50 Lakh,noida
Hyundai,Hyundai Creta1.6 VTVT E Plus,2017,"35,000kms",Petrol,Manual,₹7.50 Lakh,noida
MG,MG Hector PlusSharp DCT,2021,"50,000kms",Petrol,Automatic,₹12.75 Lakh,noida
BMW,BMW Z4sDrive 35i,2015,"35,000kms",Petrol,Automatic,₹39.90 Lakh,noida
Toyota,Toyota Innova Crysta2.4 G 7 STR,2021,"55,000kms",Diesel,Manual,₹18.50 Lakh,noida
Hyundai,Hyundai Creta1.6 VTVT E Plus,2017,"35,000kms",Petrol,Manual,₹7.50 Lakh,noida
Hyundai,Hyundai Creta1.6 E Plus,2019,"90,201kms",Petrol,Manual,₹7.50 Lakh,noida
Audi,Audi A335 TDI Technology,2019,"37,000kms",Diesel,Automatic,₹17 Lakh,noida
Kia,Kia CarnivalPremium,2021,"51,000kms",Diesel,Automatic,₹22.50 Lakh,noida
Hyundai,Hyundai Creta1.6 CRDi AT SX Plus,2020,"75,000kms",Diesel,Automatic,₹8.99 Lakh,noida
Kia,Kia SeltosHTX G,2020,"65,000kms",Petrol,Manual,₹12.25 Lakh,noida
Toyota,Toyota YarisJ CVT,2019,"68,000kms",Petrol,Automatic,₹6.60 Lakh,noida
Mercedes-Benz,Mercedes-Benz C-ClassC 220 CDI Avantgarde,2018,"70,000kms",Diesel,Automatic,₹18.90 Lakh,noida
Hyundai,Hyundai Grand i10Sportz,2016,"62,351kms",Petrol,Manual,₹3.65 Lakh,noida
Hyundai,Hyundai Grand i10Sportz,2017,"54,000kms",Petrol,Manual,₹3.50 Lakh,noida
Hyundai,Hyundai Grand i101.2 Kappa Sportz BSIV,2018,"56,000kms",Petrol,Manual,₹3.90 Lakh,noida
MG,MG Hector PlusSharp Pro CVT,2025,"15,000kms",Petrol,Automatic,₹20.50 Lakh,noida
Mercedes-Benz,Mercedes-Benz C-ClassC 200 CGI Avantgarde,2017,"40,000kms",Petrol,Automatic,₹21.90 Lakh,noida
MG,MG AstorSharp Turbo AT BSVI,2022,"54,000kms",Petrol,Automatic,₹10.50 Lakh,noida
Hyundai,Hyundai Creta1.6 SX,2020,"64,000kms",Petrol,Manual,₹9 Lakh,noida
Maruti,Maruti Ciaz1.3 Zeta,2017,"80,000kms",Diesel,Manual,₹5.50 Lakh,noida
Mahindra,Mahindra XUV700MX Diesel BSVI,2022,"42,000kms",Diesel,Manual,₹12.90 Lakh,noida
MG,MG HectorBlackStorm CVT  -2025,2024,"35,500kms",Petrol,Automatic,₹16.50 Lakh,noida
MG,MG AstorSharp Turbo AT BSVI,2022,"54,000kms",Petrol,Automatic,₹10.50 Lakh,noida
Hyundai,Hyundai Creta1.6 SX,2020,"64,000kms",Petrol,Manual,₹9 Lakh,noida
Maruti,Maruti Ciaz1.3 Zeta,2017,"80,000kms",Diesel,Manual,₹5.50 Lakh,noida
Mahindra,Mahindra XUV700MX Diesel BSVI,2022,"42,000kms",Diesel,Manual,₹12.90 Lakh,noida
MG,MG HectorBlackStorm CVT  -2025,2024,"35,500kms",Petrol,Automatic,₹16.50 Lakh,noida
Maruti,Maruti XL6Zeta,2020,"26,000kms",Petrol,Manual,₹8.75 Lakh,noida
Hyundai,Hyundai EONEra Plus,2017,"68,000kms",Petrol,Manual,₹2.35 Lakh,noida
MG,2025MG Hector PlusSharp Pro CVT  -2025,2023,"7,000kms",Petrol,Automatic,₹18.99 Lakh,noida
MG,MG HectorSharp CVT,2022,"23,000kms",Petrol,Automatic,₹15.90 Lakh,noida
MG,MG Hector PlusSharp DCT,2021,"50,000kms",Petrol,Automatic,₹12.75 Lakh,noida
Mercedes-Benz,Mercedes-Benz AMG E 534MATIC Plus,2022,"40,000kms",Petrol,Manual,₹55 Lakh,noida
Hyundai,Hyundai Creta1.6 EX Petrol,2020,"11,000kms",Petrol,Manual,₹9.49 Lakh,noida
MG,MG HectorSharp AT BSIV,2021,"62,000kms",Petrol,Automatic,₹12.90 Lakh,noida
Hyundai,Hyundai Grand i10Magna,2017,"37,000kms",Petrol,Manual,₹3.65 Lakh,noida
Ford,Ford Ecosport1.5 Petrol Titanium Plus BSIV,2018,"65,000kms",Petrol,Manual,₹5.25 Lakh,noida
MG,MG HectorSharp DCT,2019,"60,000kms",Petrol,Automatic,₹11.90 Lakh,noida
Kia,Kia SeltosHTK Plus G,2021,"40,000kms",Petrol,Manual,₹10.50 Lakh,noida
Toyota,Toyota YarisG CVT BSIV,2018,"13,000kms",Petrol,Automatic,₹6.49 Lakh,noida
Hyundai,Hyundai Creta1.6 CRDi SX Plus,2017,"85,000kms",Diesel,Manual,₹6.49 Lakh,noida
Mahindra,Mahindra MarazzoM4,2020,"54,000kms",Diesel,Manual,₹7.49 Lakh,noida
MG,MG HectorSharp DCT,2019,"60,000kms",Petrol,Automatic,₹11.90 Lakh,noida
Kia,Kia SeltosHTK Plus G,2021,"40,000kms",Petrol,Manual,₹10.50 Lakh,noida
Toyota,Toyota YarisG CVT BSIV,2018,"13,000kms",Petrol,Automatic,₹6.49 Lakh,noida
Hyundai,Hyundai Creta1.6 CRDi SX Plus,2017,"85,000kms",Diesel,Manual,₹6.49 Lakh,noida
Mahindra,Mahindra MarazzoM4,2020,"54,000kms",Diesel,Manual,₹7.49 Lakh,noida
Toyota,Toyota YarisG,2020,"30,000kms",Petrol,Manual,₹6.50 Lakh,noida
Toyota,Toyota Etios Cross1.2L G,2017,"58,000kms",Petrol,Manual,₹4.50 Lakh,noida
MG,MG Hector PlusSharp DCT,2021,"55,000kms",Petrol,Automatic,₹12.50 Lakh,noida
Nissan,Nissan TerranoXL,2016,"56,000kms",Petrol,Manual,₹3.95 Lakh,noida
Honda,Honda Cityi VTEC CVT VX,2016,"99,000kms",Petrol,Automatic,₹5.95 Lakh,noida
MG,MG HectorSharp AT BSIV,2021,"17,000kms",Petrol,Automatic,₹13.75 Lakh,noida
Kia,Kia CarensLuxury Plus Diesel iMT 6 STR BSVI,2023,"7,500kms",Diesel,Automatic,₹16.90 Lakh,noida
Hyundai,Hyundai Xcent1.2 VTVT E Plus,2017,"62,000kms",Petrol,Manual,₹3.95 Lakh,noida
Tata,Tata ZestRevotron 1.2T XE,2019,"48,000kms",Petrol,Manual,₹3.95 Lakh,noida
Toyota,Toyota Corolla AltisVL AT,2017,"53,000kms",Petrol,Automatic,₹8.50 Lakh,noida
Audi,Audi A335 TFSI Premium,2019,"51,000kms",Petrol,Automatic,₹16.95 Lakh,noida
Mercedes-Benz,Mercedes-Benz E-ClassE 220D,2017,"55,000kms",Diesel,Automatic,₹21.90 Lakh,noida
MG,MG Hector PlusSharp CVT,2022,"55,000kms",Petrol,Automatic,₹12.75 Lakh,noida
MG,MG AstorSavvy CVT Red BSVI,2023,"30,000kms",Petrol,Automatic,₹13.90 Lakh,noida
Toyota,Toyota Innova CrystaTouring Sport 2.7 AT BSIV,2018,"62,000kms",Petrol,Automatic,₹12 Lakh,noida
Audi,Audi A335 TFSI Premium,2019,"51,000kms",Petrol,Automatic,₹16.95 Lakh,noida
Mercedes-Benz,Mercedes-Benz E-ClassE 220D,2017,"55,000kms",Diesel,Automatic,₹21.90 Lakh,noida
MG,MG Hector PlusSharp CVT,2022,"55,000kms",Petrol,Automatic,₹12.75 Lakh,noida
MG,MG AstorSavvy CVT Red BSVI,2023,"30,000kms",Petrol,Automatic,₹13.90 Lakh,noida
Toyota,Toyota Innova CrystaTouring Sport 2.7 AT BSIV,2018,"62,000kms",Petrol,Automatic,₹12 Lakh,noida
Kia,Kia SeltosGTX Plus Diesel AT,2021,"30,000kms",Diesel,Automatic,₹13.85 Lakh,noida
Kia,Kia CarnivalLimousine Plus,2023,"30,000kms",Diesel,Automatic,₹34 Lakh,noida
Kia,Kia SeltosGTK,2019,"26,000kms",Petrol,Manual,₹10 Lakh,noida
Maruti,Maruti CiazAlpha BSIV,2017,"81,000kms",Petrol,Manual,₹5.25 Lakh,noida
Kia,Kia SeltosGTX Plus DCT,2022,"43,000kms",Petrol,Automatic,₹14.50 Lakh,noida
Toyota,Toyota Innova Crysta2.4 G 7 STR,2022,"41,000kms",Diesel,Manual,₹18.99 Lakh,noida
Hyundai,Hyundai i10Magna 1.1L,2015,"49,000kms",Petrol,Manual,₹2.35 Lakh,noida
Maruti,Maruti Grand VitaraAlpha Plus Hybrid CVT BSVI,2023,"20,000kms",Petrol,Automatic,₹17.75 Lakh,noida
Mercedes-Benz,Mercedes-Benz C-ClassC 200 Avantgarde Edition C,2017,"55,000kms",Petrol,Automatic,₹20.50 Lakh,noida
MG,2024MG Hector PlusSavvy Pro CVT  -2025,2023,"3,206kms",Petrol,Automatic,₹18.89 Lakh,noida
Honda,Honda Cityi VTEC VX,2017,"71,000kms",Petrol,Manual,₹5.60 Lakh,noida
Kia,Kia SeltosGTX Plus Turbo DCT,2023,"25,000kms",Petrol,Automatic,₹16.90 Lakh,noida
Maruti,Maruti Vitara BrezzaVDi,2019,"54,200kms",Diesel,Manual,₹5.50 Lakh,noida
Honda,Honda Jazz1.2 SV i VTEC,2016,"56,000kms",Petrol,Manual,₹3.30 Lakh,noida
Kia,Kia SeltosGTX Plus DCT,2021,"60,000kms",Petrol,Automatic,₹11.50 Lakh,noida
MG,MG HectorSharp AT BSIV,2021,"17,000kms",Petrol,Automatic,₹13.75 Lakh,noida
Toyota,Toyota Corolla AltisVL AT,2017,"53,000kms",Petrol,Automatic,₹8.50 Lakh,noida
Audi,Audi A335 TFSI Technology,2019,"21,000kms",Petrol,Automatic,₹18.50 Lakh,noida
Kia,Kia CarnivalPrestige 6 STR,2020,"77,000kms",Diesel,Automatic,₹21 Lakh,noida
MG,MG HectorSharp CVT,2021,"61,000kms",Petrol,Automatic,₹12.90 Lakh,noida
Kia,Kia SeltosGTX Plus Turbo DCT,2023,"25,000kms",Petrol,Automatic,₹16.90 Lakh,noida
Maruti,Maruti Vitara BrezzaVDi,2019,"54,200kms",Diesel,Manual,₹5.50 Lakh,noida
Honda,Honda Jazz1.2 SV i VTEC,2016,"56,000kms",Petrol,Manual,₹3.30 Lakh,noida
Ford,Ford Ecosport1.5 Diesel Titanium Plus BSIV,2017,"76,800kms",Diesel,Manual,₹3.60 Lakh,noida
Kia,Kia CarnivalLimousine,2022,"48,000kms",Diesel,Automatic,₹29 Lakh,noida
Hyundai,Hyundai Grand i10Sportz,2015,"65,000kms",Petrol,Manual,₹3.25 Lakh,noida
Hyundai,Hyundai Grand i10Magna,2017,"37,000kms",Petrol,Manual,₹3.65 Lakh,noida
Ford,Ford Ecosport1.5 Petrol Titanium Plus BSIV,2018,"65,000kms",Petrol,Manual,₹5.25 Lakh,noida
Kia,Kia SeltosGTK,2019,"26,000kms",Petrol,Manual,₹10 Lakh,noida
Maruti,Maruti CiazAlpha BSIV,2017,"81,000kms",Petrol,Manual,₹5.25 Lakh,noida
Kia,Kia SeltosGTX Plus DCT,2022,"43,000kms",Petrol,Automatic,₹14.50 Lakh,noida
Maruti,Maruti Grand VitaraZeta BSVI,2022,"82,000kms",Petrol,Manual,₹9.75 Lakh,noida
Tata,Tata Nexon1.5 Revotorq XZ Plus,2020,"41,000kms",Diesel,Manual,₹5.45 Lakh,noida
MG,MG AstorSavvy CVT Red BSVI,2023,"30,000kms",Petrol,Automatic,₹13.90 Lakh,noida
Toyota,Toyota Innova CrystaTouring Sport 2.7 AT BSIV,2018,"62,000kms",Petrol,Automatic,₹12 Lakh,noida
Toyota,Toyota Innova Crysta2.7 GX AT BSIV,2017,"80,000kms",Petrol,Automatic,₹10.50 Lakh,noida
Tata,Tata NexonKRAZ Plus AMT Diesel,2020,"62,000kms",Diesel,Automatic,₹6.85 Lakh,noida
Mercedes-Benz,Mercedes-Benz E-ClassE 200 CGI,2016,"61,000kms",Petrol,Automatic,₹14.25 Lakh,noida
Toyota,Toyota YarisVX CVT BSIV,2018,"67,000kms",Petrol,Automatic,₹6.95 Lakh,noida
Toyota,Toyota Innova Crysta2.7 GX MT BSIV,2019,"38,000kms",Petrol,Manual,₹11.75 Lakh,noida
MG,MG HectorSharp DCT,2019,"50,000kms",Petrol,Automatic,₹8.90 Lakh,noida
Kia,Kia CarnivalPrestige 6 STR,2020,"77,000kms",Diesel,Automatic,₹21 Lakh,noida
MG,MG HectorSharp CVT,2021,"61,000kms",Petrol,Automatic,₹12.90 Lakh,noida
Hyundai,Hyundai Grand i10Magna,2017,"50,000kms",Petrol,Manual,₹5 Lakh,noida
Hyundai,Hyundai Grand i10Sportz,2016,"66,000kms",Petrol,Manual,₹3.65 Lakh,noida
Hyundai,Hyundai i10Magna 1.1L,2015,"48,000kms",Petrol,Manual,₹3.50 Lakh,noida
Kia,Kia CarnivalLimousine,2022,"48,000kms",Diesel,Automatic,₹29 Lakh,noida
Hyundai,Hyundai Grand i10Sportz,2015,"65,000kms",Petrol,Manual,₹3.25 Lakh,noida
Ford,Ford Ecosport1.5 Diesel Titanium Plus BSIV,2017,"76,800kms",Diesel,Manual,₹3.60 Lakh,noida
Mercedes-Benz,Mercedes-Benz C-ClassC 200 AVANTGARDE,2015,"70,000kms",Petrol,Automatic,₹18.90 Lakh,noida
Hyundai,Hyundai Venue N LineN8 turbo DCT,2023,"38,000kms",Petrol,Automatic,₹9.70 Lakh,noida
Renault,Renault KWID1.0 RXT Opt BSIV,2019,"30,669kms",Petrol,Manual,₹2.70 Lakh,noida
Renault,Renault KWID1.0 AMT RXT,2018,"48,191kms",Petrol,Automatic,₹2.70 Lakh,noida
Isuzu,Isuzu V-Cross4x4 Z Prestige AT BSVI,2022,"46,876kms",Diesel,Automatic,₹21 Lakh,noida
Hyundai,Hyundai CretaSX Executive BSVI,2021,"39,004kms",Petrol,Manual,₹10 Lakh,noida
Hyundai,Hyundai Venue N LineN8 turbo DCT,2023,"38,000kms",Petrol,Automatic,₹9.70 Lakh,noida
Renault,Renault KWID1.0 RXT Opt BSIV,2019,"30,669kms",Petrol,Manual,₹2.70 Lakh,noida
Renault,Renault KWID1.0 AMT RXT,2018,"48,191kms",Petrol,Automatic,₹2.70 Lakh,noida
Isuzu,Isuzu V-Cross4x4 Z Prestige AT BSVI,2022,"46,876kms",Diesel,Automatic,₹21 Lakh,noida
Hyundai,Hyundai CretaSX Executive BSVI,2021,"39,004kms",Petrol,Manual,₹10 Lakh,noida
Kia,Kia SeltosGTX Plus,2020,"85,000kms",Petrol,Manual,₹10.25 Lakh,noida
Hyundai,Hyundai CretaSX Opt Diesel AT BSVI,2023,"29,000kms",Diesel,Automatic,₹16.85 Lakh,noida
Maruti,Maruti Grand VitaraDelta CNG 2 Airbag,2023,"50,000kms",CNG,Manual,₹11.50 Lakh,noida
Kia,Kia CarnivalLimousine,2022,"53,000kms",Diesel,Automatic,₹31.50 Lakh,noida
Maruti,Maruti Wagon RLXI CNG,2017,"68,000kms",CNG,Manual,₹2.85 Lakh,noida
Mahindra,Mahindra ScorpioS,2023,"37,000kms",Diesel,Manual,₹15.50 Lakh,noida
Tata,Tata TiagoXT,2023,"26,000kms",Petrol,Manual,₹7.25 Lakh,noida
Maruti,Maruti Swift DzireVXI 1.2,2019,"86,000kms",Petrol,Manual,₹4.85 Lakh,noida
Ford,Ford Ecosport1.5 Diesel Titanium BSIV,2017,"76,215kms",Diesel,Manual,₹5.25 Lakh,noida
Honda,Honda CityV MT,2018,"69,211kms",Petrol,Manual,₹6.75 Lakh,noida
Hyundai,Hyundai Grand i10 NiosMagna,2020,"34,000kms",Petrol,Manual,₹5.10 Lakh,noida
Mahindra,Mahindra ScorpioS5,2018,"28,758kms",Diesel,Manual,₹10.25 Lakh,noida
Mahindra,Mahindra XUV500W11 Option AT,2018,"64,580kms",Diesel,Automatic,₹11.75 Lakh,noida
Hyundai,Hyundai Sonata2.4 GDi MT,2013,"60,000kms",Petrol,Manual,₹4.25 Lakh,noida
Mercedes-Benz,Mercedes-Benz GLC220d 4MATIC,2019,"54,800kms",Diesel,Automatic,₹27.95 Lakh,noida
Maruti,Maruti SwiftVXI BSVI,2022,"40,000kms",Petrol,Manual,₹5.65 Lakh,noida
Hyundai,Hyundai CretaE BSVI,2021,"50,000kms",Petrol,Manual,₹8.75 Lakh,noida
Mahindra,Mahindra XUV500W11 AT BSIV,2019,"69,000kms",Diesel,Automatic,₹10.75 Lakh,noida
Kia,Kia SonetHTK Plus BSVI,2022,"50,000kms",Petrol,Manual,₹7.50 Lakh,noida
Tata,Tata Nexon1.2 Revotron XE,2019,"65,000kms",Petrol,Manual,₹5 Lakh,noida
Kia,Kia SeltosHTK Diesel,2020,"55,000kms",Diesel,Manual,₹8.65 Lakh,noida
Maruti,Maruti RitzLXi,2016,"65,000kms",Petrol,Manual,₹2.65 Lakh,noida
Maruti,Maruti Baleno1.2 CVT Zeta,2017,"51,000kms",Petrol,Automatic,₹4.60 Lakh,noida
Tata,Tata Tiago1.2 Revotron XZ,2019,"32,000kms",Petrol,Manual,₹4.20 Lakh,noida
Maruti,Maruti XL6Zeta CNG,2024,"32,000kms",CNG,Manual,₹12.49 Lakh,noida
Maruti,Maruti CelerioZXI AMT BSIV,2018,"59,998kms",Petrol,Automatic,₹3.95 Lakh,noida
Nissan,Nissan KicksXL D BSIV,2019,"98,453kms",Diesel,Manual,₹7.21 Lakh,noida
BMW,BMW X5xDrive 30d xLine,2020,"45,000kms",Diesel,Automatic,₹50.29 Lakh,noida
Mercedes-Benz,Mercedes-Benz C-ClassProgressive C 200,2019,"16,000kms",Petrol,Automatic,₹29.75 Lakh,noida
Land Rover,Land Rover Range Rover Evoque2.0 TD4 SE Dynamic,2019,"35,000kms",Diesel,Automatic,₹29 Lakh,noida
Mahindra,Mahindra Scorpio NZ8L AT BSVI,2023,"27,000kms",Petrol,Automatic,₹19.25 Lakh,noida
Mercedes-Benz,Mercedes-Benz C-ClassC 200 CGI Avantgarde,2011,"70,000kms",Petrol,Automatic,₹3.70 Lakh,noida
Maruti,Maruti Grand VitaraDelta AT,2023,"73,000kms",Petrol,Automatic,₹11.99 Lakh,noida
Nissan,Nissan MicraCVT XV,2018,"43,000kms",Petrol,Automatic,₹3.99 Lakh,noida
Tata,Tata NexonXZA Plus (O) AMT,2022,"46,000kms",Petrol,Automatic,₹7.75 Lakh,noida
Mercedes-Benz,Mercedes-Benz GLE250d,2016,"90,000kms",Diesel,Automatic,₹19 Lakh,noida
Mercedes-Benz,Mercedes-Benz GLA Class200 Sport Edition,2016,"50,000kms",Petrol,Automatic,₹14.75 Lakh,noida
MG,MG HectorSharp CVT,2023,"15,000kms",Petrol,Automatic,₹14.90 Lakh,noida
Hyundai,Hyundai TucsonSignature Diesel 4WD AT,2023,"24,000kms",Diesel,Automatic,₹26.50 Lakh,noida
BMW,BMW 5 Series520d Luxury Line,2016,"1,19,000kms",Diesel,Automatic,₹13 Lakh,noida
Mercedes-Benz,Mercedes-Benz E-ClassE200 Edition E,2015,"65,000kms",Petrol,Automatic,₹15.50 Lakh,noida
Mahindra,Mahindra Scorpio1.99 S6 Plus,2017,"80,000kms",Diesel,Manual,₹7.25 Lakh,noida
Honda,Honda Cityi VTEC CVT VX,2015,"75,000kms",Petrol,Automatic,₹5 Lakh,noida
Ford,Ford Ecosport1.5 Petrol Titanium BSIV,2018,"65,000kms",Petrol,Manual,₹5.80 Lakh,noida
Mahindra,Mahindra XUV500W7 BSIV,2018,"90,000kms",Diesel,Manual,₹7.99 Lakh,noida
Mahindra,Mahindra TharLX 4WD Hard Top Diesel BSVI,2022,"40,000kms",Diesel,Manual,₹12.49 Lakh,noida
Honda,Honda Cityi VTEC S,2017,"89,999kms",Petrol,Manual,₹5.75 Lakh,noida
Audi,Audi A335 TDI Technology Navigation,2017,"70,000kms",Diesel,Automatic,₹12 Lakh,noida
Honda,Honda JazzX,2012,"50,000kms",Petrol,Manual,₹2 Lakh,noida
Mercedes-Benz,Mercedes-Benz GLC220d 4MATIC,2020,"45,000kms",Diesel,Automatic,₹32.50 Lakh,noida
Tata,Tata ZestRevotron 1.2T XE,2020,"47,000kms",Petrol,Manual,₹3.95 Lakh,noida
Mercedes-Benz,Mercedes-Benz GLC220d 4MATIC Style,2017,"28,000kms",Diesel,Automatic,₹21.50 Lakh,noida
Mahindra,Mahindra XUV500W7 AT BSIV,2018,"49,233kms",Diesel,Automatic,₹8.25 Lakh,noida
Mahindra,Mahindra TharLX Hard Top,2023,"25,000kms",Petrol,Manual,₹11.99 Lakh,noida
Mahindra,Mahindra Scorpio NZ4,2023,"34,000kms",Petrol,Manual,₹14.50 Lakh,noida
Mahindra,Mahindra TharLX 4WD Hard Top AT BSVI,2023,"17,000kms",Petrol,Automatic,₹14.75 Lakh,noida
Maruti,Maruti CelerioVXI CNG BSIV,2019,"70,000kms",CNG,Manual,₹4.49 Lakh,noida
Volvo,Volvo XC40B4 Ultimate BSVI,2022,"38,000kms",Petrol,Automatic,₹31.75 Lakh,noida
Land Rover,Land Rover Range Rover3.0 Petrol LWB Vogue SE,2021,"52,000kms",Petrol,Automatic,₹1.36 Crore,noida
Audi,Audi A645 TFSI Technology WO Matrix BSVI,2021,"19,000kms",Petrol,Automatic,₹39.25 Lakh,noida
Mahindra,Mahindra XUV700AX7 AT BSVI,2023,"19,000kms",Petrol,Automatic,₹19.99 Lakh,noida
Mahindra,Mahindra XUV300W8 Option BSVI,2019,"85,000kms",Petrol,Manual,₹6.49 Lakh,noida
Hyundai,Hyundai CretaSX IVT,2023,"31,000kms",Petrol,Automatic,₹14.50 Lakh,noida
Kia,Kia SonetHTK Plus BSVI,2020,"55,613kms",Petrol,Manual,₹7.80 Lakh,noida
Audi,Audi A4Premium Plus,2025,"3,000kms",Petrol,Automatic,₹37 Lakh,noida
Audi,Audi S5 Sportback3.0L TFSI,2023,"13,000kms",Petrol,Automatic,₹59 Lakh,noida
Audi,Audi A645 TFSI Technology WO Matrix BSVI,2019,"98,000kms",Petrol,Automatic,₹29.90 Lakh,noida
Toyota,Toyota Camry2.5 Hybrid,2024,"5,000kms",Petrol,Automatic,₹39.50 Lakh,noida
Volvo,Volvo S60T4 Inscription,2022,"38,000kms",Petrol,Automatic,₹29.75 Lakh,noida
BMW,BMW X5xDrive 40i M Sport,2022,"79,000kms",Petrol,Automatic,₹61.75 Lakh,noida
BMW,BMW 3 Series GTLuxury Line,2020,"75,000kms",Diesel,Automatic,₹26.75 Lakh,noida
Tata,Tata Nexon EVXZ Plus,2022,"39,000kms",Electric,Automatic,₹9.75 Lakh,noida
Mercedes-Benz,Mercedes-Benz S-ClassS 350 d,2017,"70,000kms",Diesel,Automatic,₹34.49 Lakh,noida
Mahindra,Mahindra TharLX 4WD Convert Top AT BSVI,2021,"45,000kms",Petrol,Automatic,₹9.55 Lakh,noida
Maruti,Maruti CiazVXi Plus,2016,"38,000kms",Petrol,Manual,₹4.35 Lakh,noida
BMW,BMW 3 Series GTLuxury Line,2020,"75,000kms",Diesel,Automatic,₹26.75 Lakh,noida
Tata,Tata Nexon EVXZ Plus,2022,"39,000kms",Electric,Automatic,₹9.75 Lakh,noida
Mercedes-Benz,Mercedes-Benz S-ClassS 350 d,2017,"70,000kms",Diesel,Automatic,₹34.49 Lakh,noida
Mahindra,Mahindra TharLX 4WD Convert Top AT BSVI,2021,"45,000kms",Petrol,Automatic,₹9.55 Lakh,noida
Maruti,Maruti CiazVXi Plus,2016,"38,000kms",Petrol,Manual,₹4.35 Lakh,noida
Mercedes-Benz,Mercedes-Benz S-ClassS 450,2019,"55,000kms",Petrol,Automatic,₹66.75 Lakh,noida
Porsche,Porsche 718Cayman BSVI,2017,"28,000kms",Petrol,Automatic,₹75.75 Lakh,noida
Land Rover,Land Rover Discovery2.0 Dynamic HSE,2023,"19,000kms",Petrol,Automatic,₹89 Lakh,noida
Mahindra,Mahindra TharLX 4WD Hard Top Diesel AT BSVI,2021,"38,000kms",Diesel,Automatic,₹11.99 Lakh,noida
Hyundai,Hyundai CretaE Diesel BSVI,2022,"53,000kms",Diesel,Manual,₹9.90 Lakh,noida
Mahindra,Mahindra Scorpio NZ8L AT BSVI,2024,"20,000kms",Petrol,Automatic,₹20.45 Lakh,noida
Honda,Honda AmazeV CVT Petrol BSIV,2018,"48,000kms",Petrol,Automatic,₹4.99 Lakh,noida
Mahindra,Mahindra Thar ROXXAX7L RWD AT,2024,"12,500kms",Petrol,Automatic,₹20.75 Lakh,noida
Toyota,Toyota Camry2.5 Hybrid,2024,"5,000kms",Petrol,Automatic,₹36.50 Lakh,noida
Toyota,Toyota Innova HycrossZX Hybrid,2024,"19,000kms",Petrol,Automatic,₹34.25 Lakh,noida
Maruti,Maruti Wagon RLXI CNG,2017,"68,000kms",CNG,Manual,₹2.85 Lakh,noida
Mahindra,Mahindra ScorpioS,2023,"37,000kms",Diesel,Manual,₹15.50 Lakh,noida
Tata,Tata TiagoXT,2023,"26,000kms",Petrol,Manual,₹7.25 Lakh,noida
Maruti,Maruti Swift DzireVXI 1.2,2019,"86,000kms",Petrol,Manual,₹4.85 Lakh,noida
Renault,Renault TriberRXE BSVI,2021,"85,000kms",Petrol,Manual,₹4.65 Lakh,noida
Mahindra,Mahindra XUV700AX7 AT BSVI,2023,"19,000kms",Petrol,Automatic,₹19.99 Lakh,noida
Mahindra,Mahindra XUV300W8 Option BSVI,2019,"85,000kms",Petrol,Manual,₹6.49 Lakh,noida
Hyundai,Hyundai CretaSX IVT,2023,"31,000kms",Petrol,Automatic,₹14.50 Lakh,noida
Kia,Kia SonetHTK Plus BSVI,2020,"55,613kms",Petrol,Manual,₹7.80 Lakh,noida
Audi,Audi A4Premium Plus,2025,"3,000kms",Petrol,Automatic,₹37 Lakh,noida
Audi,Audi S5 Sportback3.0L TFSI,2023,"13,000kms",Petrol,Automatic,₹59 Lakh,noida
Audi,Audi A645 TFSI Technology WO Matrix BSVI,2019,"98,000kms",Petrol,Automatic,₹29.90 Lakh,noida
Toyota,Toyota Camry2.5 Hybrid,2024,"5,000kms",Petrol,Automatic,₹39.50 Lakh,noida
Volvo,Volvo S60T4 Inscription,2022,"38,000kms",Petrol,Automatic,₹29.75 Lakh,noida
BMW,BMW X5xDrive 40i M Sport,2022,"79,000kms",Petrol,Automatic,₹61.75 Lakh,noida
Kia,Kia CarensLuxury Plus DCT BSVI,2023,"29,000kms",Petrol,Automatic,₹16.25 Lakh,noida
Maruti,Maruti CelerioVXI AT,2017,"51,318kms",Petrol,Automatic,₹3.60 Lakh,noida
Hyundai,Hyundai i20Sportz Plus Diesel,2019,"64,437kms",Diesel,Manual,₹5.50 Lakh,noida
Maruti,Maruti Baleno1.2 CVT Alpha,2017,"63,302kms",Petrol,Automatic,₹5 Lakh,noida
Hyundai,Hyundai VenueS Plus,2022,"33,135kms",Petrol,Manual,₹6.99 Lakh,noida
Maruti,Maruti CiazVDi Plus SHVS,2016,"82,000kms",Diesel,Manual,₹3.95 Lakh,noida
Mercedes-Benz,Mercedes-Benz C-ClassC 200 BSVI,2023,"16,000kms",Petrol,Automatic,₹47.11 Lakh,noida
Mercedes-Benz,Mercedes-Benz GLC Coupe300d 4MATIC BSVI,2023,"23,000kms",Diesel,Automatic,₹55.75 Lakh,noida
Mercedes-Benz,Mercedes-Benz GLC220d Celebration Edition,2016,"75,000kms",Diesel,Automatic,₹19.50 Lakh,noida
Hyundai,Hyundai Creta1.6 VTVT AT SX Plus,2017,"60,000kms",Petrol,Automatic,₹7.60 Lakh,noida
Toyota,Toyota Fortuner2.8 2WD MT,2017,"58,000kms",Diesel,Manual,₹19 Lakh,noida
Toyota,Toyota Fortuner2.8 2WD AT BSIV,2017,"1,15,000kms",Diesel,Automatic,₹20 Lakh,noida
Hyundai,Hyundai i20Asta Turbo DCT,2022,"47,000kms",Petrol,Automatic,₹8.85 Lakh,noida
Hyundai,Hyundai Verna1.6 EX VTVT,2014,"74,000kms",Petrol,Manual,₹3.50 Lakh,noida
MG,MG HectorSharp CVT,2023,"15,000kms",Petrol,Automatic,₹14.90 Lakh,noida
Hyundai,Hyundai TucsonSignature Diesel 4WD AT,2023,"24,000kms",Diesel,Automatic,₹26.50 Lakh,noida
BMW,BMW 5 Series520d Luxury Line,2016,"1,19,000kms",Diesel,Automatic,₹13 Lakh,noida
Mercedes-Benz,Mercedes-Benz E-ClassE200 Edition E,2015,"65,000kms",Petrol,Automatic,₹15.50 Lakh,noida
Mahindra,Mahindra Scorpio1.99 S6 Plus,2017,"80,000kms",Diesel,Manual,₹7.25 Lakh,noida
Honda,Honda Cityi VTEC CVT VX,2015,"75,000kms",Petrol,Automatic,₹5 Lakh,noida
Ford,Ford Ecosport1.5 Petrol Titanium BSIV,2018,"65,000kms",Petrol,Manual,₹5.80 Lakh,noida
Honda,Honda Cityi VTEC S,2017,"89,999kms",Petrol,Manual,₹5.75 Lakh,noida
Audi,Audi A335 TDI Technology Navigation,2017,"70,000kms",Diesel,Automatic,₹12 Lakh,noida
Honda,Honda JazzX,2012,"50,000kms",Petrol,Manual,₹2 Lakh,noida
Mercedes-Benz,Mercedes-Benz GLC220d 4MATIC,2020,"45,000kms",Diesel,Automatic,₹32.50 Lakh,noida
Tata,Tata ZestRevotron 1.2T XE,2020,"47,000kms",Petrol,Manual,₹3.95 Lakh,noida
Mercedes-Benz,Mercedes-Benz GLC220d 4MATIC Style,2017,"28,000kms",Diesel,Automatic,₹21.50 Lakh,noida
Mahindra,Mahindra XUV500W7 AT BSIV,2018,"49,233kms",Diesel,Automatic,₹8.25 Lakh,noida
Maruti,Maruti ErtigaZXI Plus Petrol,2018,"54,900kms",Petrol,Manual,₹7.25 Lakh,noida
Tata,Tata HarrierFearless Plus AT,2024,"19,620kms",Diesel,Automatic,₹22.50 Lakh,noida
Tata,Tata HarrierFearless Plus AT,2024,"19,620kms",Diesel,Automatic,₹22.50 Lakh,noida
Tata,Tata HarrierPure Plus S AT,2025,101kms,Diesel,Automatic,₹21.20 Lakh,noida
Ford,Ford Ecosport1.5 Diesel Titanium BSIV,2017,"76,215kms",Diesel,Manual,₹5.25 Lakh,noida
Honda,Honda CityV MT,2018,"69,211kms",Petrol,Manual,₹6.75 Lakh,noida
Hyundai,Hyundai Grand i10 NiosMagna,2020,"34,000kms",Petrol,Manual,₹5.10 Lakh,noida
Mahindra,Mahindra ScorpioS5,2018,"28,758kms",Diesel,Manual,₹10.25 Lakh,noida
Mahindra,Mahindra XUV500W11 Option AT,2018,"64,580kms",Diesel,Automatic,₹11.75 Lakh,noida
Hyundai,Hyundai Sonata2.4 GDi MT,2013,"60,000kms",Petrol,Manual,₹4.25 Lakh,noida
Mercedes-Benz,Mercedes-Benz GLC220d 4MATIC,2019,"54,800kms",Diesel,Automatic,₹27.95 Lakh,noida
Jeep,Jeep Compass1.4 Longitude Option,2019,"50,000kms",Petrol,Automatic,₹11.50 Lakh,noida
Audi,Audi Q535TDI,2018,"69,451kms",Diesel,Automatic,₹19.95 Lakh,noida
Toyota,Toyota Corolla AltisG,2014,"81,348kms",Petrol,Manual,₹4.65 Lakh,noida
Mahindra,Mahindra XUV500W7 BSIV,2018,"90,000kms",Diesel,Manual,₹7.99 Lakh,noida
Mahindra,Mahindra TharLX 4WD Hard Top Diesel BSVI,2022,"40,000kms",Diesel,Manual,₹12.49 Lakh,noida
Mahindra,Mahindra XUV700AX7 Diesel AT Luxury Pack AWD BSVI,2022,"72,000kms",Diesel,Automatic,₹19 Lakh,noida
Mercedes-Benz,Mercedes-Benz CLA200 Sport Edition,2015,"45,000kms",Petrol,Automatic,₹15.50 Lakh,noida
Mahindra,Mahindra XUV300W6 AMT Diesel BSIV,2020,"34,725kms",Diesel,Automatic,₹8.15 Lakh,noida
Kia,Kia CarensLuxury Plus DCT BSVI,2023,"29,000kms",Petrol,Automatic,₹16.25 Lakh,noida
Maruti,Maruti CelerioVXI AT,2017,"51,318kms",Petrol,Automatic,₹3.60 Lakh,noida
Hyundai,Hyundai i20Sportz Plus Diesel,2019,"64,437kms",Diesel,Manual,₹5.50 Lakh,noida
Jeep,Jeep Compass2.0 Limited 4X4,2018,"79,500kms",Diesel,Manual,₹8.25 Lakh,noida
Honda,Honda BrioS MT,2012,"69,000kms",Petrol,Manual,₹1.75 Lakh,noida
Ford,Ford Endeavour3.2 Titanium AT 4X4,2017,"94,000kms",Diesel,Automatic,₹16 Lakh,noida
Mahindra,Mahindra XUV300W8 Diesel,2020,"67,000kms",Diesel,Manual,₹7.90 Lakh,noida
Maruti,Maruti Vitara BrezzaLXI,2021,"44,000kms",Petrol,Manual,₹6.75 Lakh,noida
Hyundai,Hyundai VernaSX,2021,"67,000kms",Petrol,Manual,₹9.75 Lakh,noida
Mahindra,Mahindra XUV500W10 2WD,2016,"88,100kms",Diesel,Manual,₹6.70 Lakh,noida
Mahindra,Mahindra XUV500W10 2WD,2016,"83,000kms",Diesel,Manual,₹6.90 Lakh,noida
Hyundai,Hyundai Creta1.6 E Plus,2018,"51,000kms",Petrol,Manual,₹6.25 Lakh,noida
Audi,Audi Q745 TDI Quattro Premium Plus,2017,"82,000kms",Diesel,Automatic,₹24.49 Lakh,noida
Renault,Renault Duster110PS Diesel RxS AMT,2019,"71,000kms",Diesel,Automatic,₹6.49 Lakh,noida
Honda,Honda MobilioS i-VTEC,2015,"69,000kms",Petrol,Manual,₹5.49 Lakh,noida
Maruti,Maruti IgnisSigma,2022,"11,900kms",Petrol,Manual,₹5.35 Lakh,noida
Mahindra,Mahindra XUV500W8 2WD,2015,"80,000kms",Diesel,Manual,₹6.25 Lakh,noida
Hyundai,Hyundai VernaSX,2021,"50,000kms",Petrol,Manual,₹9.75 Lakh,noida
Mahindra,Mahindra XUV500W10 2WD,2016,"47,000kms",Diesel,Manual,₹6.75 Lakh,noida
Kia,Kia CarnivalLimousine Plus,2025,"10,529kms",Diesel,Automatic,₹62 Lakh,noida
Mahindra,Mahindra Scorpio NZ8 Diesel AT BSVI,2024,"80,000kms",Diesel,Automatic,₹19.25 Lakh,noida
Skoda,Skoda SuperbStyle 1.8 TSI MT,2016,"45,000kms",Petrol,Manual,₹10.49 Lakh,noida
BMW,BMW 5 Series520d Luxury Line,2016,"60,000kms",Diesel,Automatic,₹14.99 Lakh,noida
Land Rover,Land Rover Discovery SportPetrol HSE 7S,2017,"85,000kms",Petrol,Automatic,₹27.90 Lakh,noida
Land Rover,Land Rover Discovery SportPetrol HSE 7S,2017,"71,000kms",Petrol,Automatic,₹28.49 Lakh,noida
Audi,Audi A635 TDI,2020,"75,000kms",Diesel,Automatic,₹26.90 Lakh,noida
Audi,Audi Q330 TFSI Premium FWD,2018,"64,000kms",Petrol,Automatic,₹20.49 Lakh,noida
Audi,Audi Q745 TDI Quattro Technology,2018,"81,000kms",Diesel,Automatic,₹39.49 Lakh,noida
Land Rover,Land Rover Range Rover VelarR-Dynamic S Petrol,2021,"42,000kms",Petrol,Automatic,₹59.90 Lakh,noida
Audi,Audi Q52.0 TDI Premium Plus,2014,"95,000kms",Diesel,Automatic,₹10.75 Lakh,noida
Mercedes-Benz,Mercedes-Benz E-ClassExclusive E 200,2017,"51,000kms",Petrol,Automatic,₹29.49 Lakh,noida
BMW,BMW 3 Series320d Luxury Line,2020,"15,000kms",Diesel,Automatic,₹35.49 Lakh,noida
Tata,Tata Nexon EVXZ Plus,2021,"52,200kms",Electric,Automatic,₹8.61 Lakh,noida
Honda,Honda Amaze 2nd GenS BSVI,2022,"52,200kms",Petrol,Manual,₹5.75 Lakh,noida
Toyota,Toyota Innova Crysta2.4 GX 7 STR AT,2020,"33,000kms",Diesel,Automatic,₹17.50 Lakh,noida
Mercedes-Benz,Mercedes-Benz E-ClassE250 CDI Avantgarde,2017,"75,000kms",Diesel,Automatic,₹14.50 Lakh,noida
Honda,Honda AmazeVX CVT Petrol BSIV,2020,"9,000kms",Petrol,Automatic,₹6.50 Lakh,noida
Hyundai,Hyundai VenueS Turbo DCT,2019,"55,000kms",Petrol,Automatic,₹7 Lakh,noida
Toyota,Toyota Fortuner2.8 2WD AT BSIV,2017,"1,40,000kms",Diesel,Automatic,₹20 Lakh,noida
Tata,Tata Nexon EVXZ Plus,2022,"42,000kms",Electric,Automatic,₹8.75 Lakh,noida
Mahindra,Mahindra Scorpio NZ8L AT BSVI,2024,"5,000kms",Petrol,Automatic,₹21.50 Lakh,noida
Hyundai,Hyundai CretaSX (O) Diesel AT DT,2024,"20,390kms",Diesel,Automatic,₹18.25 Lakh,noida
Audi,Audi A62.0 TDI Premium Plus,2015,"68,000kms",Diesel,Automatic,₹9.90 Lakh,noida
Mahindra,Mahindra XUV300W6 AMT Diesel BSIV,2020,"34,725kms",Diesel,Automatic,₹8.15 Lakh,noida
Maruti,Maruti SwiftZXI Plus,2019,"68,000kms",Petrol,Manual,₹5.25 Lakh,noida
Mahindra,Mahindra KUV 100mFALCON G80 K8,2016,"38,643kms",Petrol,Manual,₹3 Lakh,noida
Datsun,Datsun GOT Option BSIV,2016,"48,000kms",Petrol,Manual,₹2.10 Lakh,noida
Toyota,Toyota Camry2.5 Hybrid,2024,"5,000kms",Petrol,Automatic,₹39.50 Lakh,noida
Hyundai,Hyundai Creta1.6 VTVT SX Plus,2015,"1,10,000kms",Petrol,Manual,₹5.50 Lakh,noida
Hyundai,Hyundai CretaSX Diesel,2021,"51,000kms",Diesel,Manual,₹13.25 Lakh,noida
Jeep,Jeep Compass2.0 Limited 4X4,2018,"79,500kms",Diesel,Manual,₹8.25 Lakh,noida
Honda,Honda BrioS MT,2012,"69,000kms",Petrol,Manual,₹1.75 Lakh,noida
Ford,Ford Endeavour3.2 Titanium AT 4X4,2017,"94,000kms",Diesel,Automatic,₹16 Lakh,noida
Mahindra,Mahindra XUV300W8 Diesel,2020,"67,000kms",Diesel,Manual,₹7.90 Lakh,noida
Maruti,Maruti Vitara BrezzaLXI,2021,"44,000kms",Petrol,Manual,₹6.75 Lakh,noida
Hyundai,Hyundai VernaSX,2021,"67,000kms",Petrol,Manual,₹9.75 Lakh,noida
Mahindra,Mahindra XUV500W10 2WD,2016,"88,100kms",Diesel,Manual,₹6.70 Lakh,noida
Mahindra,Mahindra XUV500W10 2WD,2016,"83,000kms",Diesel,Manual,₹6.90 Lakh,noida
Hyundai,Hyundai Creta1.6 E Plus,2018,"51,000kms",Petrol,Manual,₹6.25 Lakh,noida
Audi,Audi Q745 TDI Quattro Premium Plus,2017,"82,000kms",Diesel,Automatic,₹24.49 Lakh,noida
Renault,Renault Duster110PS Diesel RxS AMT,2019,"71,000kms",Diesel,Automatic,₹6.49 Lakh,noida
Honda,Honda MobilioS i-VTEC,2015,"69,000kms",Petrol,Manual,₹5.49 Lakh,noida
Maruti,Maruti IgnisSigma,2022,"11,900kms",Petrol,Manual,₹5.35 Lakh,noida
Hyundai,Hyundai Creta1.6 E Plus,2018,"51,000kms",Petrol,Manual,₹6.25 Lakh,noida
Audi,Audi Q745 TDI Quattro Premium Plus,2017,"82,000kms",Diesel,Automatic,₹24.49 Lakh,noida
Renault,Renault Duster110PS Diesel RxS AMT,2019,"71,000kms",Diesel,Automatic,₹6.49 Lakh,noida
Honda,Honda MobilioS i-VTEC,2015,"69,000kms",Petrol,Manual,₹5.49 Lakh,noida
Maruti,Maruti IgnisSigma,2022,"11,900kms",Petrol,Manual,₹5.35 Lakh,noida
Mahindra,Mahindra XUV500W8 2WD,2015,"80,000kms",Diesel,Manual,₹6.25 Lakh,noida
Hyundai,Hyundai VernaSX,2021,"50,000kms",Petrol,Manual,₹9.75 Lakh,noida
Mahindra,Mahindra XUV500W10 2WD,2016,"47,000kms",Diesel,Manual,₹6.75 Lakh,noida
Kia,Kia CarnivalLimousine Plus,2025,"10,529kms",Diesel,Automatic,₹62 Lakh,noida
Mercedes-Benz,Mercedes-Benz C-ClassC 200 CGI,2016,"66,000kms",Petrol,Automatic,₹21.90 Lakh,noida
Mercedes-Benz,Mercedes-Benz C-ClassProgressive C 200,2021,"9,000kms",Petrol,Automatic,₹34.90 Lakh,noida
Mercedes-Benz,Mercedes-Benz C-ClassC 200,2024,"15,000kms",Petrol,Automatic,₹52.75 Lakh,noida
Mercedes-Benz,Mercedes-Benz GLE250d,2017,"1,25,000kms",Diesel,Automatic,₹19.90 Lakh,noida
Toyota,Toyota Camry2.5 Hybrid,2023,"8,000kms",Petrol,Automatic,₹36.50 Lakh,noida
Porsche,Porsche CayenneGTS,2025,"3,300kms",Petrol,Automatic,₹1.35 Crore,noida
Mercedes-Benz,Mercedes-Benz E-ClassE 200 CGI,2014,"58,000kms",Petrol,Automatic,₹15.90 Lakh,noida
Mahindra,Mahindra XUV700AX7 7Str AT,2023,"12,000kms",Petrol,Automatic,₹19.50 Lakh,noida
Tata,Tata CurvvAccomplished Plus A Hyperion DCA,2024,"11,000kms",Petrol,Automatic,₹15.50 Lakh,noida
BMW,BMW X1sDrive18i M Sport,2024,"14,000kms",Petrol,Automatic,₹45 Lakh,noida
Skoda,Skoda Kushaq1.5 TSI Style BSVI,2021,"1,06,000kms",Petrol,Manual,₹8.90 Lakh,noida
Mercedes-Benz,Mercedes-Benz E-ClassE 200 CGI,2014,"58,000kms",Petrol,Automatic,₹15.90 Lakh,noida
Mahindra,Mahindra XUV700AX7 7Str AT,2023,"12,000kms",Petrol,Automatic,₹19.50 Lakh,noida
Tata,Tata CurvvAccomplished Plus A Hyperion DCA,2024,"11,000kms",Petrol,Automatic,₹15.50 Lakh,noida
BMW,BMW X1sDrive18i M Sport,2024,"14,000kms",Petrol,Automatic,₹45 Lakh,noida
Skoda,Skoda Kushaq1.5 TSI Style BSVI,2021,"1,06,000kms",Petrol,Manual,₹8.90 Lakh,noida
Mahindra,Mahindra TharLX Hard Top AT,2024,"6,000kms",Petrol,Automatic,₹13.75 Lakh,noida
Maruti,Maruti Swift DzireVXI 1.2 BS IV,2016,"84,100kms",Petrol,Manual,₹3.80 Lakh,noida
Maruti,Maruti SwiftZXI,2019,"87,000kms",Petrol,Manual,₹5.25 Lakh,noida
Mahindra,Mahindra XUV300W4 Diesel,2020,"12,000kms",Diesel,Manual,₹5.55 Lakh,noida
Mercedes-Benz,Mercedes-Benz GLA Class200 d Sport,2017,"51,000kms",Diesel,Automatic,₹13.25 Lakh,noida
Honda,Honda CR-VDiesel 4WD,2019,"80,000kms",Diesel,Automatic,₹15.25 Lakh,noida
Tata,Tata SafariXZA Plus 6 Str AT BSVI,2022,"87,000kms",Diesel,Automatic,₹15 Lakh,noida
Hyundai,Hyundai VernaVTVT 1.6 AT SX Option,2018,"72,000kms",Petrol,Automatic,₹7 Lakh,noida
Hyundai,Hyundai VernaCRDi 1.6 SX,2018,"93,000kms",Diesel,Manual,₹7 Lakh,noida
MG,2024MG HectorSharp Pro CVT  -2025,2023,"15,000kms",Petrol,Automatic,₹18 Lakh,noida
Jeep,Jeep Compass2.0 Limited Option,2017,"92,000kms",Diesel,Manual,₹7.50 Lakh,noida
Toyota,Toyota Fortuner4x2 AT,2015,"1,86,500kms",Diesel,Automatic,₹11.25 Lakh,noida
Toyota,Toyota Fortuner2.8 2WD AT BSIV,2017,"79,000kms",Diesel,Automatic,₹20 Lakh,noida
Honda,Honda Cityi VTEC CVT SV,2014,"67,000kms",Petrol,Automatic,₹4 Lakh,noida
Maruti,Maruti Swift DzireAMT VXI,2017,"62,000kms",Petrol,Automatic,₹4.50 Lakh,noida
Jeep,Jeep Compass2.0 Limited Option,2017,"92,000kms",Diesel,Manual,₹7.50 Lakh,noida
Toyota,Toyota Fortuner4x2 AT,2015,"1,86,500kms",Diesel,Automatic,₹11.25 Lakh,noida
Toyota,Toyota Fortuner2.8 2WD AT BSIV,2017,"79,000kms",Diesel,Automatic,₹20 Lakh,noida
Honda,Honda Cityi VTEC CVT SV,2014,"67,000kms",Petrol,Automatic,₹4 Lakh,noida
Maruti,Maruti Swift DzireAMT VXI,2017,"62,000kms",Petrol,Automatic,₹4.50 Lakh,noida
Maruti,Maruti Wagon RLXI,2014,"65,442kms",Petrol,Manual,₹2.45 Lakh,noida
Maruti,Maruti BalenoDelta,2021,"53,000kms",Petrol,Manual,₹6 Lakh,noida
Tata,Tata AltrozXM,2020,"12,000kms",Petrol,Manual,₹4.99 Lakh,noida
Maruti,Maruti Wagon RVXI,2022,"40,000kms",Petrol,Manual,₹4.25 Lakh,noida
Datsun,Datsun RediGO1.0 S,2016,"48,000kms",Petrol,Manual,₹2.10 Lakh,noida
Mahindra,Mahindra KUV 100 NXTG80 K8 5Str BSIV,2017,"38,643kms",Petrol,Manual,₹3 Lakh,noida
Maruti,Maruti Vitara BrezzaZXI,2021,"38,000kms",Petrol,Manual,₹7 Lakh,noida
Maruti,Maruti Baleno1.2 CVT Zeta,2017,"51,000kms",Petrol,Automatic,₹4.60 Lakh,noida
Tata,Tata Tiago1.2 Revotron XZ,2019,"32,000kms",Petrol,Manual,₹4.20 Lakh,noida
Maruti,Maruti XL6Zeta CNG,2024,"32,000kms",CNG,Manual,₹12.49 Lakh,noida
Maruti,Maruti CelerioZXI AMT BSIV,2018,"59,998kms",Petrol,Automatic,₹3.95 Lakh,noida
Nissan,Nissan KicksXL D BSIV,2019,"98,453kms",Diesel,Manual,₹7.21 Lakh,noida
BMW,BMW X5xDrive 30d xLine,2020,"45,000kms",Diesel,Automatic,₹50.29 Lakh,noida
Mercedes-Benz,Mercedes-Benz C-ClassProgressive C 200,2019,"16,000kms",Petrol,Automatic,₹29.75 Lakh,noida
Land Rover,Land Rover Range Rover Evoque2.0 TD4 SE Dynamic,2019,"35,000kms",Diesel,Automatic,₹29 Lakh,noida
Toyota,Toyota Corolla Altis1.8 VL AT,2014,"61,000kms",Petrol,Automatic,₹5.25 Lakh,noida
Audi,Audi A645 TFSI Premium Plus BSVI,2021,"28,000kms",Petrol,Automatic,₹29 Lakh,noida
Audi,Audi TT2.0 TFSI,2014,"38,000kms",Petrol,Automatic,₹25 Lakh,noida
Audi,Audi Q7Technology BSVI,2023,"25,000kms",Diesel,Automatic,₹70 Lakh,noida
BMW,BMW X3xDrive20d Luxury Edition,2023,"12,000kms",Diesel,Automatic,₹53 Lakh,noida
Mahindra,Mahindra ScorpioS5,2020,"20,000kms",Diesel,Manual,₹10.95 Lakh,noida
Tata,Tata HexaXT,2017,"63,000kms",Diesel,Manual,₹7 Lakh,noida
Hyundai,Hyundai i10Era,2012,"65,000kms",Petrol,Manual,₹1.40 Lakh,noida
Hyundai,Hyundai TucsonPlatinum AT,2024,"14,000kms",Petrol,Automatic,₹26.50 Lakh,noida
Honda,Honda CityZX CVT,2024,"16,000kms",Petrol,Automatic,₹14.50 Lakh,noida
Audi,Audi Q2Technology,2020,"78,000kms",Petrol,Automatic,₹18.90 Lakh,noida
Mercedes-Benz,Mercedes-Benz CLA200 CGI Sport,2016,"38,000kms",Petrol,Automatic,₹14.95 Lakh,noida
BMW,BMW X5xDrive 40i M Sport,2022,"79,000kms",Petrol,Automatic,₹61.75 Lakh,noida
Maruti,Maruti Wagon RLXI CNG,2015,"67,000kms",CNG,Manual,₹2.50 Lakh,noida
Maruti,Maruti SwiftLXI Optional-O,2017,"67,000kms",Petrol,Manual,₹3.90 Lakh,noida
Mahindra,Mahindra Bolero Power PlusSLE,2018,"71,000kms",Diesel,Manual,₹4.99 Lakh,noida
Honda,Honda AmazeS Option i-VTEC,2017,"67,000kms",Petrol,Manual,₹3.70 Lakh,noida
Mahindra,Mahindra TharLX 4WD Hard Top Diesel AT BSVI,2023,"22,000kms",Diesel,Automatic,₹16 Lakh,noida
Mahindra,Mahindra TharLX 4WD Hard Top AT BSVI,2023,"13,000kms",Petrol,Automatic,₹13.49 Lakh,noida
Maruti,Maruti SwiftZXI Plus,2019,"68,000kms",Petrol,Manual,₹5.25 Lakh,noida
Mahindra,Mahindra Bolero Power PlusSLE,2018,"71,000kms",Diesel,Manual,₹4.99 Lakh,noida
Honda,Honda AmazeS Option i-VTEC,2017,"67,000kms",Petrol,Manual,₹3.70 Lakh,noida
Mahindra,Mahindra TharLX 4WD Hard Top Diesel AT BSVI,2023,"22,000kms",Diesel,Automatic,₹16 Lakh,noida
Mahindra,Mahindra TharLX 4WD Hard Top AT BSVI,2023,"13,000kms",Petrol,Automatic,₹13.49 Lakh,noida
Maruti,Maruti SwiftZXI Plus,2019,"68,000kms",Petrol,Manual,₹5.25 Lakh,noida
Mahindra,Mahindra KUV 100mFALCON G80 K8,2016,"38,643kms",Petrol,Manual,₹3 Lakh,noida
Datsun,Datsun GOT Option BSIV,2016,"48,000kms",Petrol,Manual,₹2.10 Lakh,noida
Toyota,Toyota Camry2.5 Hybrid,2024,"5,000kms",Petrol,Automatic,₹39.50 Lakh,noida
Hyundai,Hyundai Creta1.6 VTVT SX Plus,2015,"1,10,000kms",Petrol,Manual,₹5.50 Lakh,noida
Hyundai,Hyundai CretaSX Diesel,2021,"51,000kms",Diesel,Manual,₹13.25 Lakh,noida
Jeep,Jeep Compass2.0 Limited 4X4,2018,"79,500kms",Diesel,Manual,₹8.25 Lakh,noida
Honda,Honda BrioS MT,2012,"69,000kms",Petrol,Manual,₹1.75 Lakh,noida
Ford,Ford Endeavour3.2 Titanium AT 4X4,2017,"94,000kms",Diesel,Automatic,₹16 Lakh,noida
Mahindra,Mahindra XUV300W8 Diesel,2020,"67,000kms",Diesel,Manual,₹7.90 Lakh,noida
Maruti,Maruti Vitara BrezzaLXI,2021,"44,000kms",Petrol,Manual,₹6.75 Lakh,noida
Hyundai,Hyundai VernaSX,2021,"67,000kms",Petrol,Manual,₹9.75 Lakh,noida
Mahindra,Mahindra XUV500W10 2WD,2016,"88,100kms",Diesel,Manual,₹6.70 Lakh,noida
Mahindra,Mahindra XUV500W10 2WD,2016,"83,000kms",Diesel,Manual,₹6.90 Lakh,noida
Hyundai,Hyundai Creta1.6 E Plus,2018,"51,000kms",Petrol,Manual,₹6.25 Lakh,noida
Audi,Audi Q745 TDI Quattro Premium Plus,2017,"82,000kms",Diesel,Automatic,₹24.49 Lakh,noida
Rolls-Royce,Rolls-Royce GhostStandard,2012,"34,000kms",Petrol,Automatic,₹2.45 Crore,noida
Maruti,Maruti InvictoZeta Plus 7Str,2024,"19,900kms",Petrol,Automatic,₹25.50 Lakh,noida
Mercedes-Benz,Mercedes-Benz GLS450 4matic,2024,"15,000kms",Petrol,Automatic,₹1.25 Crore,noida
BMW,BMW 3 Series Long Wheelbase330Li M Sport First Edition,2021,"48,000kms",Petrol,Automatic,₹39.50 Lakh,noida
Volvo,Volvo XC90B5 AWD Mild hybrid Ultra,2025,"12,000kms",Petrol,Automatic,₹95 Lakh,noida
Audi,Audi Q7Premium plus BSVI,2022,"22,000kms",Petrol,Automatic,₹62 Lakh,noida
Mercedes-Benz,Mercedes-Benz S-ClassS 350d BSVI,2022,"9,000kms",Diesel,Automatic,₹1.95 Crore,noida
Toyota,Toyota Land Cruiser 200VX,2016,"1,62,000kms",Diesel,Automatic,₹85 Lakh,noida
Mercedes-Benz,Mercedes-Benz GLC200,2022,"27,000kms",Petrol,Automatic,₹46.50 Lakh,noida
,Bentley ContinentalGT,2015,"30,000kms",Petrol,Automatic,₹67 Lakh,noida
Mercedes-Benz,Mercedes-Benz GLE400 4MATIC,2020,"48,000kms",Petrol,Automatic,₹55 Lakh,noida
Mercedes-Benz,Mercedes-Benz C-ClassAMG Line C 300d,2020,"44,000kms",Diesel,Automatic,₹32 Lakh,noida
Mercedes-Benz,Mercedes-Benz E-ClassE 200 CGI,2017,"37,000kms",Petrol,Automatic,₹30 Lakh,noida
Mercedes-Benz,Mercedes-Benz E-ClassExclusive E 200,2021,"42,000kms",Petrol,Automatic,₹41 Lakh,noida
Mercedes-Benz,Mercedes-Benz G-ClassG 350d,2021,"48,000kms",Diesel,Automatic,₹1.95 Crore,noida
BMW,BMW X7xDrive30d DPE Signature,2019,"81,000kms",Diesel,Automatic,₹62 Lakh,noida
Mercedes-Benz,Mercedes-Benz G-ClassAMG G 63 Grand Edition,2024,"26,000kms",Petrol,Automatic,₹3.69 Crore,noida
Mercedes-Benz,Mercedes-Benz AMG GLC 434MATIC Coupe,2024,"6,000kms",Petrol,Automatic,₹90 Lakh,noida
,Bentley ContinentalGT V8 BSIV,2014,"21,500kms",Petrol,Automatic,₹1.35 Crore,noida
Mercedes-Benz,Mercedes-Benz C-ClassC 200,2025,1kms,Petrol,Automatic,₹52.50 Lakh,noida
BMW,BMW X3xDrive20d Luxury Edition,2023,"12,000kms",Diesel,Automatic,₹53 Lakh,noida
Mahindra,Mahindra ScorpioS5,2020,"20,000kms",Diesel,Manual,₹10.95 Lakh,noida
Tata,Tata HexaXT,2017,"63,000kms",Diesel,Manual,₹7 Lakh,noida
Hyundai,Hyundai i10Era,2012,"65,000kms",Petrol,Manual,₹1.40 Lakh,noida
Hyundai,Hyundai TucsonPlatinum AT,2024,"14,000kms",Petrol,Automatic,₹26.50 Lakh,noida
Mahindra,Mahindra XUV500W11 AT BSIV,2019,"71,000kms",Diesel,Automatic,₹10.45 Lakh,noida
Mercedes-Benz,Mercedes-Benz GLS350d 4MATIC,2016,"58,000kms",Diesel,Automatic,₹27 Lakh,noida
Toyota,Toyota CamryHybrid 2.5,2015,"85,000kms",Petrol,Automatic,₹11 Lakh,noida
BMW,BMW 6 SeriesGT 630i M Sport BSVI,2022,"11,000kms",Petrol,Automatic,₹53 Lakh,noida
BMW,BMW X1sDrive20d Expedition,2017,"1,00,000kms",Diesel,Automatic,₹14 Lakh,noida
Mercedes-Benz,Mercedes-Benz C-ClassC 200,2024,"25,000kms",Petrol,Automatic,₹48 Lakh,noida
Mercedes-Benz,Mercedes-Benz GLE300d BSVI,2021,"60,000kms",Diesel,Automatic,₹51 Lakh,noida
Maruti,Maruti Wagon RLXI CNG,2015,"67,000kms",CNG,Manual,₹2.50 Lakh,noida
Maruti,Maruti SwiftLXI Optional-O,2017,"67,000kms",Petrol,Manual,₹3.90 Lakh,noida
Mahindra,Mahindra Bolero Power PlusSLE,2018,"71,000kms",Diesel,Manual,₹4.99 Lakh,noida
Honda,Honda AmazeS Option i-VTEC,2017,"67,000kms",Petrol,Manual,₹3.70 Lakh,noida
Mahindra,Mahindra TharLX 4WD Hard Top Diesel AT BSVI,2023,"22,000kms",Diesel,Automatic,₹16 Lakh,noida
Mahindra,Mahindra TharLX 4WD Hard Top AT BSVI,2023,"13,000kms",Petrol,Automatic,₹13.49 Lakh,noida
Honda,Honda CityZX CVT,2024,"16,000kms",Petrol,Automatic,₹14.50 Lakh,noida
Audi,Audi Q2Technology,2020,"78,000kms",Petrol,Automatic,₹18.90 Lakh,noida
Mahindra,Mahindra XUV700AX7 7Str AT,2023,"12,000kms",Petrol,Automatic,₹19.50 Lakh,noida
Tata,Tata CurvvAccomplished Plus A Hyperion DCA,2024,"11,000kms",Petrol,Automatic,₹15.50 Lakh,noida
BMW,BMW X1sDrive18i M Sport,2024,"14,000kms",Petrol,Automatic,₹45 Lakh,noida
Skoda,Skoda Kushaq1.5 TSI Style BSVI,2021,"1,06,000kms",Petrol,Manual,₹8.90 Lakh,noida
Mahindra,Mahindra TharLX Hard Top AT,2024,"6,000kms",Petrol,Automatic,₹13.75 Lakh,noida
Maruti,Maruti Swift DzireVXI 1.2 BS IV,2016,"84,100kms",Petrol,Manual,₹3.80 Lakh,noida
Maruti,Maruti SwiftZXI,2019,"87,000kms",Petrol,Manual,₹5.25 Lakh,noida
Mahindra,Mahindra XUV300W4 Diesel,2020,"12,000kms",Diesel,Manual,₹5.55 Lakh,noida
Mercedes-Benz,Mercedes-Benz GLA Class200 d Sport,2017,"51,000kms",Diesel,Automatic,₹13.25 Lakh,noida
Honda,Honda CR-VDiesel 4WD,2019,"80,000kms",Diesel,Automatic,₹15.25 Lakh,noida
Tata,Tata SafariXZA Plus 6 Str AT BSVI,2022,"87,000kms",Diesel,Automatic,₹15 Lakh,noida
Hyundai,Hyundai VernaVTVT 1.6 AT SX Option,2018,"72,000kms",Petrol,Automatic,₹7 Lakh,noida
Hyundai,Hyundai VernaCRDi 1.6 SX,2018,"93,000kms",Diesel,Manual,₹7 Lakh,noida
MG,2024MG HectorSharp Pro CVT  -2025,2023,"15,000kms",Petrol,Automatic,₹18 Lakh,noida
Jeep,Jeep Compass2.0 Limited Option,2017,"92,000kms",Diesel,Manual,₹7.50 Lakh,noida
Toyota,Toyota Fortuner4x2 AT,2015,"1,86,500kms",Diesel,Automatic,₹11.25 Lakh,noida
Toyota,Toyota Fortuner2.8 2WD AT BSIV,2017,"79,000kms",Diesel,Automatic,₹20 Lakh,noida
Honda,Honda Cityi VTEC CVT SV,2014,"67,000kms",Petrol,Automatic,₹4 Lakh,noida
Maruti,Maruti Swift DzireAMT VXI,2017,"62,000kms",Petrol,Automatic,₹4.50 Lakh,noida
Maruti,Maruti Wagon RLXI,2014,"65,442kms",Petrol,Manual,₹2.45 Lakh,noida
Mahindra,Mahindra Scorpio NZ8 Select AT,2024,"10,000kms",Petrol,Automatic,₹22.50 Lakh,noida
Jaguar,Jaguar XF2.0 Petrol Prestige,2021,"31,000kms",Petrol,Automatic,₹33.50 Lakh,noida
Audi,Audi Q8Celebration Edition BSVI,2023,"13,500kms",Petrol,Automatic,₹70 Lakh,noida
Maruti,Maruti SwiftVXI,2014,"76,000kms",Petrol,Manual,₹2.95 Lakh,noida
Honda,Honda Brio1.2 S MT,2016,"71,070kms",Petrol,Manual,₹2.98 Lakh,noida
Honda,Honda BrioS MT,2012,"86,000kms",Petrol,Manual,₹1.70 Lakh,noida
Hyundai,Hyundai i10Magna,2012,"81,000kms",Petrol,Manual,₹1.78 Lakh,noida
Hyundai,Hyundai Grand i10 NiosMagna,2021,"15,000kms",Petrol,Manual,₹4.95 Lakh,noida
Tata,Tata Tigor1.2 Revotron XZ Option,2017,"60,393kms",Petrol,Manual,₹3.65 Lakh,noida
Hyundai,Hyundai Grand i10 NiosMagna,2020,"57,032kms",Petrol,Manual,₹4.60 Lakh,noida
Honda,Honda JazzV CVT,2017,"94,451kms",Petrol,Automatic,₹4.25 Lakh,noida
Honda,Honda AmazeVX i-VTEC,2018,"76,617kms",Petrol,Manual,₹4.65 Lakh,noida
Honda,Honda AmazeS i-Vtech,2014,"70,400kms",Petrol,Manual,₹2.95 Lakh,noida
Maruti,Maruti Wagon RAMT VXI Option,2020,"74,700kms",Petrol,Automatic,₹4.75 Lakh,noida
BMW,BMW X1sDrive18i M Sport,2024,"14,000kms",Petrol,Automatic,₹45 Lakh,noida
Skoda,Skoda Kushaq1.5 TSI Style BSVI,2021,"1,06,000kms",Petrol,Manual,₹8.90 Lakh,noida
Mahindra,Mahindra TharLX Hard Top AT,2024,"6,000kms",Petrol,Automatic,₹13.75 Lakh,noida
Maruti,Maruti Swift DzireVXI 1.2 BS IV,2016,"84,100kms",Petrol,Manual,₹3.80 Lakh,noida
Tata,Tata CurvvAccomplished Plus A Hyperion DCA,2024,"11,000kms",Petrol,Automatic,₹15.50 Lakh,noida
Renault,Renault KWIDClimber 1.0 MT Opt,2021,"31,000kms",Petrol,Manual,₹3.75 Lakh,noida
Mahindra,Mahindra Scorpio NZ8 Select AT,2024,"10,000kms",Petrol,Automatic,₹22.50 Lakh,noida
Jaguar,Jaguar XF2.0 Petrol Prestige,2021,"31,000kms",Petrol,Automatic,₹33.50 Lakh,noida
Audi,Audi Q8Celebration Edition BSVI,2023,"13,500kms",Petrol,Automatic,₹70 Lakh,noida
Maruti,Maruti SwiftVXI,2014,"76,000kms",Petrol,Manual,₹2.95 Lakh,noida
Honda,Honda Brio1.2 S MT,2016,"71,070kms",Petrol,Manual,₹2.98 Lakh,noida
Honda,Honda BrioS MT,2012,"86,000kms",Petrol,Manual,₹1.70 Lakh,noida
Hyundai,Hyundai i10Magna,2012,"81,000kms",Petrol,Manual,₹1.78 Lakh,noida
Hyundai,Hyundai Grand i10 NiosMagna,2021,"15,000kms",Petrol,Manual,₹4.95 Lakh,noida
Tata,Tata Tigor1.2 Revotron XZ Option,2017,"60,393kms",Petrol,Manual,₹3.65 Lakh,noida
Hyundai,Hyundai Grand i10 NiosMagna,2020,"57,032kms",Petrol,Manual,₹4.60 Lakh,noida
Honda,Honda JazzV CVT,2017,"94,451kms",Petrol,Automatic,₹4.25 Lakh,noida
Honda,Honda AmazeVX i-VTEC,2018,"76,617kms",Petrol,Manual,₹4.65 Lakh,noida
Honda,Honda AmazeS i-Vtech,2014,"70,400kms",Petrol,Manual,₹2.95 Lakh,noida
Maruti,Maruti Wagon RAMT VXI Option,2020,"74,700kms",Petrol,Automatic,₹4.75 Lakh,noida
BMW,BMW X1sDrive18i M Sport,2024,"14,000kms",Petrol,Automatic,₹45 Lakh,noida
Skoda,Skoda Kushaq1.5 TSI Style BSVI,2021,"1,06,000kms",Petrol,Manual,₹8.90 Lakh,noida
Mahindra,Mahindra TharLX Hard Top AT,2024,"6,000kms",Petrol,Automatic,₹13.75 Lakh,noida
Maruti,Maruti Swift DzireVXI 1.2 BS IV,2016,"84,100kms",Petrol,Manual,₹3.80 Lakh,noida
Tata,Tata CurvvAccomplished Plus A Hyperion DCA,2024,"11,000kms",Petrol,Automatic,₹15.50 Lakh,noida
Renault,Renault KWIDClimber 1.0 MT Opt,2021,"31,000kms",Petrol,Manual,₹3.75 Lakh,noida
Mahindra,Mahindra Scorpio NZ8 Select AT,2024,"10,000kms",Petrol,Automatic,₹22.50 Lakh,noida
Jaguar,Jaguar XF2.0 Petrol Prestige,2021,"31,000kms",Petrol,Automatic,₹33.50 Lakh,noida
Audi,Audi Q8Celebration Edition BSVI,2023,"13,500kms",Petrol,Automatic,₹70 Lakh,noida
Maruti,Maruti SwiftVXI,2014,"76,000kms",Petrol,Manual,₹2.95 Lakh,noida
Honda,Honda Brio1.2 S MT,2016,"71,070kms",Petrol,Manual,₹2.98 Lakh,noida
Honda,Honda BrioS MT,2012,"86,000kms",Petrol,Manual,₹1.70 Lakh,noida
Hyundai,Hyundai i10Magna,2012,"81,000kms",Petrol,Manual,₹1.78 Lakh,noida
Hyundai,Hyundai Grand i10 NiosMagna,2021,"15,000kms",Petrol,Manual,₹4.95 Lakh,noida
Tata,Tata Tigor1.2 Revotron XZ Option,2017,"60,393kms",Petrol,Manual,₹3.65 Lakh,noida
Hyundai,Hyundai Grand i10 NiosMagna,2020,"57,032kms",Petrol,Manual,₹4.60 Lakh,noida
Honda,Honda JazzV CVT,2017,"94,451kms",Petrol,Automatic,₹4.25 Lakh,noida
Honda,Honda AmazeVX i-VTEC,2018,"76,617kms",Petrol,Manual,₹4.65 Lakh,noida
Honda,Honda AmazeS i-Vtech,2014,"70,400kms",Petrol,Manual,₹2.95 Lakh,noida
Maruti,Maruti Wagon RAMT VXI Option,2020,"74,700kms",Petrol,Automatic,₹4.75 Lakh,noida
BMW,BMW X1sDrive18i M Sport,2024,"14,000kms",Petrol,Automatic,₹45 Lakh,noida
Skoda,Skoda Kushaq1.5 TSI Style BSVI,2021,"1,06,000kms",Petrol,Manual,₹8.90 Lakh,noida
Mahindra,Mahindra TharLX Hard Top AT,2024,"6,000kms",Petrol,Automatic,₹13.75 Lakh,noida
Maruti,Maruti Swift DzireVXI 1.2 BS IV,2016,"84,100kms",Petrol,Manual,₹3.80 Lakh,noida
Tata,Tata CurvvAccomplished Plus A Hyperion DCA,2024,"11,000kms",Petrol,Automatic,₹15.50 Lakh,noida
Renault,Renault KWIDClimber 1.0 MT Opt,2021,"31,000kms",Petrol,Manual,₹3.75 Lakh,noida
Mahindra,Mahindra XUV700AX7 7Str AT,2023,"12,000kms",Petrol,Automatic,₹19.50 Lakh,noida
Tata,Tata CurvvAccomplished Plus A Hyperion DCA,2024,"11,000kms",Petrol,Automatic,₹15.50 Lakh,noida
BMW,BMW X1sDrive18i M Sport,2024,"14,000kms",Petrol,Automatic,₹45 Lakh,noida
Skoda,Skoda Kushaq1.5 TSI Style BSVI,2021,"1,06,000kms",Petrol,Manual,₹8.90 Lakh,noida
Mahindra,Mahindra TharLX Hard Top AT,2024,"6,000kms",Petrol,Automatic,₹13.75 Lakh,noida
Maruti,Maruti Swift DzireVXI 1.2 BS IV,2016,"84,100kms",Petrol,Manual,₹3.80 Lakh,noida
Maruti,Maruti SwiftZXI,2019,"87,000kms",Petrol,Manual,₹5.25 Lakh,noida
Mahindra,Mahindra XUV300W4 Diesel,2020,"12,000kms",Diesel,Manual,₹5.55 Lakh,noida
Mercedes-Benz,Mercedes-Benz GLA Class200 d Sport,2017,"51,000kms",Diesel,Automatic,₹13.25 Lakh,noida
Honda,Honda CR-VDiesel 4WD,2019,"80,000kms",Diesel,Automatic,₹15.25 Lakh,noida
Tata,Tata SafariXZA Plus 6 Str AT BSVI,2022,"87,000kms",Diesel,Automatic,₹15 Lakh,noida
Hyundai,Hyundai VernaVTVT 1.6 AT SX Option,2018,"72,000kms",Petrol,Automatic,₹7 Lakh,noida
Hyundai,Hyundai VernaCRDi 1.6 SX,2018,"93,000kms",Diesel,Manual,₹7 Lakh,noida
MG,2024MG HectorSharp Pro CVT  -2025,2023,"15,000kms",Petrol,Automatic,₹18 Lakh,noida
Jeep,Jeep Compass2.0 Limited Option,2017,"92,000kms",Diesel,Manual,₹7.50 Lakh,noida
Toyota,Toyota Fortuner4x2 AT,2015,"1,86,500kms",Diesel,Automatic,₹11.25 Lakh,noida
Toyota,Toyota Fortuner2.8 2WD AT BSIV,2017,"79,000kms",Diesel,Automatic,₹20 Lakh,noida
Honda,Honda Cityi VTEC CVT SV,2014,"67,000kms",Petrol,Automatic,₹4 Lakh,noida
Maruti,Maruti Swift DzireAMT VXI,2017,"62,000kms",Petrol,Automatic,₹4.50 Lakh,noida
Maruti,Maruti Wagon RLXI,2014,"65,442kms",Petrol,Manual,₹2.45 Lakh,noida
Toyota,Toyota CamryHybrid 2.5,2015,"85,000kms",Petrol,Automatic,₹11 Lakh,noida
BMW,BMW 6 SeriesGT 630i M Sport BSVI,2022,"11,000kms",Petrol,Automatic,₹53 Lakh,noida
BMW,BMW X1sDrive20d Expedition,2017,"1,00,000kms",Diesel,Automatic,₹14 Lakh,noida
Mercedes-Benz,Mercedes-Benz C-ClassC 200,2024,"25,000kms",Petrol,Automatic,₹48 Lakh,noida
Mercedes-Benz,Mercedes-Benz GLE300d BSVI,2021,"60,000kms",Diesel,Automatic,₹51 Lakh,noida
Maruti,Maruti Wagon RLXI CNG,2015,"67,000kms",CNG,Manual,₹2.50 Lakh,noida
Maruti,Maruti SwiftLXI Optional-O,2017,"67,000kms",Petrol,Manual,₹3.90 Lakh,noida
Mahindra,Mahindra Bolero Power PlusSLE,2018,"71,000kms",Diesel,Manual,₹4.99 Lakh,noida
Honda,Honda AmazeS Option i-VTEC,2017,"67,000kms",Petrol,Manual,₹3.70 Lakh,noida
Mahindra,Mahindra TharLX 4WD Hard Top Diesel AT BSVI,2023,"22,000kms",Diesel,Automatic,₹16 Lakh,noida
Mahindra,Mahindra TharLX 4WD Hard Top AT BSVI,2023,"13,000kms",Petrol,Automatic,₹13.49 Lakh,noida
Honda,Honda CityZX CVT,2024,"16,000kms",Petrol,Automatic,₹14.50 Lakh,noida
Audi,Audi Q2Technology,2020,"78,000kms",Petrol,Automatic,₹18.90 Lakh,noida
Mercedes-Benz,Mercedes-Benz CLA200 CGI Sport,2016,"38,000kms",Petrol,Automatic,₹14.95 Lakh,noida
BMW,BMW X5xDrive 40i M Sport,2022,"79,000kms",Petrol,Automatic,₹61.75 Lakh,noida
Kia,Kia SeltosHTX IVT,2023,"43,012kms",Petrol,Automatic,₹13.95 Lakh,noida
Hyundai,Hyundai CretaS (O) Diesel,2024,"3,630kms",Diesel,Manual,₹15.75 Lakh,noida
Toyota,Toyota Etios Cross1.2L G,2015,"70,000kms",Petrol,Manual,₹3.25 Lakh,noida
Audi,Audi A4Premium,2025,"3,000kms",Petrol,Automatic,₹37.50 Lakh,noida
Hyundai,Hyundai AlcazarPlatinum (O) AT,2021,"34,000kms",Petrol,Automatic,₹13.25 Lakh,noida
Mahindra,Mahindra XUV700AX7 7Str AT,2023,"12,000kms",Petrol,Automatic,₹19.50 Lakh,noida
Tata,Tata CurvvAccomplished Plus A Hyperion DCA,2024,"11,000kms",Petrol,Automatic,₹15.50 Lakh,noida
BMW,BMW X1sDrive18i M Sport,2024,"14,000kms",Petrol,Automatic,₹45 Lakh,noida
Skoda,Skoda Kushaq1.5 TSI Style BSVI,2021,"1,06,000kms",Petrol,Manual,₹8.90 Lakh,noida
Mahindra,Mahindra TharLX Hard Top AT,2024,"6,000kms",Petrol,Automatic,₹13.75 Lakh,noida
Maruti,Maruti Swift DzireVXI 1.2 BS IV,2016,"84,100kms",Petrol,Manual,₹3.80 Lakh,noida
Maruti,Maruti SwiftZXI,2019,"87,000kms",Petrol,Manual,₹5.25 Lakh,noida
Mahindra,Mahindra XUV300W4 Diesel,2020,"12,000kms",Diesel,Manual,₹5.55 Lakh,noida
Mercedes-Benz,Mercedes-Benz GLA Class200 d Sport,2017,"51,000kms",Diesel,Automatic,₹13.25 Lakh,noida
Honda,Honda CR-VDiesel 4WD,2019,"80,000kms",Diesel,Automatic,₹15.25 Lakh,noida
Tata,Tata SafariXZA Plus 6 Str AT BSVI,2022,"87,000kms",Diesel,Automatic,₹15 Lakh,noida
Hyundai,Hyundai VernaVTVT 1.6 AT SX Option,2018,"72,000kms",Petrol,Automatic,₹7 Lakh,noida
Hyundai,Hyundai VernaCRDi 1.6 SX,2018,"93,000kms",Diesel,Manual,₹7 Lakh,noida
MG,2024MG HectorSharp Pro CVT  -2025,2023,"15,000kms",Petrol,Automatic,₹18 Lakh,noida
Jeep,Jeep Compass2.0 Limited Option,2017,"92,000kms",Diesel,Manual,₹7.50 Lakh,noida
Toyota,Toyota Fortuner4x2 AT,2015,"1,86,500kms",Diesel,Automatic,₹11.25 Lakh,noida
Toyota,Toyota Fortuner2.8 2WD AT BSIV,2017,"79,000kms",Diesel,Automatic,₹20 Lakh,noida
Honda,Honda Cityi VTEC CVT SV,2014,"67,000kms",Petrol,Automatic,₹4 Lakh,noida
Maruti,Maruti Swift DzireAMT VXI,2017,"62,000kms",Petrol,Automatic,₹4.50 Lakh,noida
Maruti,Maruti Wagon RLXI,2014,"65,442kms",Petrol,Manual,₹2.45 Lakh,noida
Mahindra,Mahindra XUV700AX7 7Str AT,2023,"12,000kms",Petrol,Automatic,₹19.50 Lakh,noida
Tata,Tata CurvvAccomplished Plus A Hyperion DCA,2024,"11,000kms",Petrol,Automatic,₹15.50 Lakh,noida
BMW,BMW X1sDrive18i M Sport,2024,"14,000kms",Petrol,Automatic,₹45 Lakh,noida
Skoda,Skoda Kushaq1.5 TSI Style BSVI,2021,"1,06,000kms",Petrol,Manual,₹8.90 Lakh,noida
Mahindra,Mahindra TharLX Hard Top AT,2024,"6,000kms",Petrol,Automatic,₹13.75 Lakh,noida
Maruti,Maruti Swift DzireVXI 1.2 BS IV,2016,"84,100kms",Petrol,Manual,₹3.80 Lakh,noida
Maruti,Maruti SwiftZXI,2019,"87,000kms",Petrol,Manual,₹5.25 Lakh,noida
Mahindra,Mahindra XUV300W4 Diesel,2020,"12,000kms",Diesel,Manual,₹5.55 Lakh,noida
Mercedes-Benz,Mercedes-Benz GLA Class200 d Sport,2017,"51,000kms",Diesel,Automatic,₹13.25 Lakh,noida
Honda,Honda CR-VDiesel 4WD,2019,"80,000kms",Diesel,Automatic,₹15.25 Lakh,noida
Tata,Tata SafariXZA Plus 6 Str AT BSVI,2022,"87,000kms",Diesel,Automatic,₹15 Lakh,noida
Hyundai,Hyundai VernaVTVT 1.6 AT SX Option,2018,"72,000kms",Petrol,Automatic,₹7 Lakh,noida
Hyundai,Hyundai VernaCRDi 1.6 SX,2018,"93,000kms",Diesel,Manual,₹7 Lakh,noida
MG,2024MG HectorSharp Pro CVT  -2025,2023,"15,000kms",Petrol,Automatic,₹18 Lakh,noida
Jeep,Jeep Compass2.0 Limited Option,2017,"92,000kms",Diesel,Manual,₹7.50 Lakh,noida
Toyota,Toyota Fortuner4x2 AT,2015,"1,86,500kms",Diesel,Automatic,₹11.25 Lakh,noida
Toyota,Toyota Fortuner2.8 2WD AT BSIV,2017,"79,000kms",Diesel,Automatic,₹20 Lakh,noida
Honda,Honda Cityi VTEC CVT SV,2014,"67,000kms",Petrol,Automatic,₹4 Lakh,noida
Maruti,Maruti Swift DzireAMT VXI,2017,"62,000kms",Petrol,Automatic,₹4.50 Lakh,noida
Maruti,Maruti Wagon RLXI,2014,"65,442kms",Petrol,Manual,₹2.45 Lakh,noida
Toyota,Toyota CamryHybrid 2.5,2015,"85,000kms",Petrol,Automatic,₹11 Lakh,noida
BMW,BMW 6 SeriesGT 630i M Sport BSVI,2022,"11,000kms",Petrol,Automatic,₹53 Lakh,noida
BMW,BMW X1sDrive20d Expedition,2017,"1,00,000kms",Diesel,Automatic,₹14 Lakh,noida
Mercedes-Benz,Mercedes-Benz C-ClassC 200,2024,"25,000kms",Petrol,Automatic,₹48 Lakh,noida
Mercedes-Benz,Mercedes-Benz GLE300d BSVI,2021,"60,000kms",Diesel,Automatic,₹51 Lakh,noida
Maruti,Maruti Wagon RLXI CNG,2015,"67,000kms",CNG,Manual,₹2.50 Lakh,noida
Maruti,Maruti SwiftLXI Optional-O,2017,"67,000kms",Petrol,Manual,₹3.90 Lakh,noida
Mahindra,Mahindra Bolero Power PlusSLE,2018,"71,000kms",Diesel,Manual,₹4.99 Lakh,noida
Honda,Honda AmazeS Option i-VTEC,2017,"67,000kms",Petrol,Manual,₹3.70 Lakh,noida
Mahindra,Mahindra TharLX 4WD Hard Top Diesel AT BSVI,2023,"22,000kms",Diesel,Automatic,₹16 Lakh,noida
Mahindra,Mahindra TharLX 4WD Hard Top AT BSVI,2023,"13,000kms",Petrol,Automatic,₹13.49 Lakh,noida
Honda,Honda CityZX CVT,2024,"16,000kms",Petrol,Automatic,₹14.50 Lakh,noida
Audi,Audi Q2Technology,2020,"78,000kms",Petrol,Automatic,₹18.90 Lakh,noida
Mercedes-Benz,Mercedes-Benz CLA200 CGI Sport,2016,"38,000kms",Petrol,Automatic,₹14.95 Lakh,noida
BMW,BMW X5xDrive 40i M Sport,2022,"79,000kms",Petrol,Automatic,₹61.75 Lakh,noida
Kia,Kia SeltosHTX IVT,2023,"43,012kms",Petrol,Automatic,₹13.95 Lakh,noida
Hyundai,Hyundai CretaS (O) Diesel,2024,"3,630kms",Diesel,Manual,₹15.75 Lakh,noida
Toyota,Toyota Etios Cross1.2L G,2015,"70,000kms",Petrol,Manual,₹3.25 Lakh,noida
Audi,Audi A4Premium,2025,"3,000kms",Petrol,Automatic,₹37.50 Lakh,noida
Hyundai,Hyundai AlcazarPlatinum (O) AT,2021,"34,000kms",Petrol,Automatic,₹13.25 Lakh,noida
Toyota,Toyota CamryHybrid 2.5,2015,"85,000kms",Petrol,Automatic,₹11 Lakh,noida
BMW,BMW 6 SeriesGT 630i M Sport BSVI,2022,"11,000kms",Petrol,Automatic,₹53 Lakh,noida
BMW,BMW X1sDrive20d Expedition,2017,"1,00,000kms",Diesel,Automatic,₹14 Lakh,noida
Mercedes-Benz,Mercedes-Benz C-ClassC 200,2024,"25,000kms",Petrol,Automatic,₹48 Lakh,noida
Mercedes-Benz,Mercedes-Benz GLE300d BSVI,2021,"60,000kms",Diesel,Automatic,₹51 Lakh,noida
Maruti,Maruti Wagon RLXI CNG,2015,"67,000kms",CNG,Manual,₹2.50 Lakh,noida
Maruti,Maruti SwiftLXI Optional-O,2017,"67,000kms",Petrol,Manual,₹3.90 Lakh,noida
Mahindra,Mahindra Bolero Power PlusSLE,2018,"71,000kms",Diesel,Manual,₹4.99 Lakh,noida
Honda,Honda AmazeS Option i-VTEC,2017,"67,000kms",Petrol,Manual,₹3.70 Lakh,noida
Mahindra,Mahindra TharLX 4WD Hard Top Diesel AT BSVI,2023,"22,000kms",Diesel,Automatic,₹16 Lakh,noida
Mahindra,Mahindra TharLX 4WD Hard Top AT BSVI,2023,"13,000kms",Petrol,Automatic,₹13.49 Lakh,noida
Honda,Honda CityZX CVT,2024,"16,000kms",Petrol,Automatic,₹14.50 Lakh,noida
Audi,Audi Q2Technology,2020,"78,000kms",Petrol,Automatic,₹18.90 Lakh,noida
Mercedes-Benz,Mercedes-Benz CLA200 CGI Sport,2016,"38,000kms",Petrol,Automatic,₹14.95 Lakh,noida
BMW,BMW X5xDrive 40i M Sport,2022,"79,000kms",Petrol,Automatic,₹61.75 Lakh,noida
Kia,Kia SeltosHTX IVT,2023,"43,012kms",Petrol,Automatic,₹13.95 Lakh,noida
Hyundai,Hyundai CretaS (O) Diesel,2024,"3,630kms",Diesel,Manual,₹15.75 Lakh,noida
Toyota,Toyota Etios Cross1.2L G,2015,"70,000kms",Petrol,Manual,₹3.25 Lakh,noida
Audi,Audi A4Premium,2025,"3,000kms",Petrol,Automatic,₹37.50 Lakh,noida
Hyundai,Hyundai AlcazarPlatinum (O) AT,2021,"34,000kms",Petrol,Automatic,₹13.25 Lakh,noida
Mahindra,Mahindra Scorpio NZ8 Select AT,2024,"10,000kms",Petrol,Automatic,₹22.50 Lakh,noida
Jaguar,Jaguar XF2.0 Petrol Prestige,2021,"31,000kms",Petrol,Automatic,₹33.50 Lakh,noida
Audi,Audi Q8Celebration Edition BSVI,2023,"13,500kms",Petrol,Automatic,₹70 Lakh,noida
Maruti,Maruti SwiftVXI,2014,"76,000kms",Petrol,Manual,₹2.95 Lakh,noida
Honda,Honda Brio1.2 S MT,2016,"71,070kms",Petrol,Manual,₹2.98 Lakh,noida
Honda,Honda BrioS MT,2012,"86,000kms",Petrol,Manual,₹1.70 Lakh,noida
Hyundai,Hyundai i10Magna,2012,"81,000kms",Petrol,Manual,₹1.78 Lakh,noida
Hyundai,Hyundai Grand i10 NiosMagna,2021,"15,000kms",Petrol,Manual,₹4.95 Lakh,noida
Tata,Tata Tigor1.2 Revotron XZ Option,2017,"60,393kms",Petrol,Manual,₹3.65 Lakh,noida
Hyundai,Hyundai Grand i10 NiosMagna,2020,"57,032kms",Petrol,Manual,₹4.60 Lakh,noida
Honda,Honda JazzV CVT,2017,"94,451kms",Petrol,Automatic,₹4.25 Lakh,noida
Honda,Honda AmazeVX i-VTEC,2018,"76,617kms",Petrol,Manual,₹4.65 Lakh,noida
Honda,Honda AmazeS i-Vtech,2014,"70,400kms",Petrol,Manual,₹2.95 Lakh,noida
Maruti,Maruti Wagon RAMT VXI Option,2020,"74,700kms",Petrol,Automatic,₹4.75 Lakh,noida
BMW,BMW X1sDrive18i M Sport,2024,"14,000kms",Petrol,Automatic,₹45 Lakh,noida
Skoda,Skoda Kushaq1.5 TSI Style BSVI,2021,"1,06,000kms",Petrol,Manual,₹8.90 Lakh,noida
Mahindra,Mahindra TharLX Hard Top AT,2024,"6,000kms",Petrol,Automatic,₹13.75 Lakh,noida
Maruti,Maruti Swift DzireVXI 1.2 BS IV,2016,"84,100kms",Petrol,Manual,₹3.80 Lakh,noida
Tata,Tata CurvvAccomplished Plus A Hyperion DCA,2024,"11,000kms",Petrol,Automatic,₹15.50 Lakh,noida
Renault,Renault KWIDClimber 1.0 MT Opt,2021,"31,000kms",Petrol,Manual,₹3.75 Lakh,noida
Skoda,Skoda Kushaq1.5 TSI Style BSVI,2021,"1,06,000kms",Petrol,Manual,₹8.90 Lakh,noida
Mahindra,Mahindra TharLX Hard Top AT,2024,"6,000kms",Petrol,Automatic,₹13.75 Lakh,noida
Maruti,Maruti Swift DzireVXI 1.2 BS IV,2016,"84,100kms",Petrol,Manual,₹3.80 Lakh,noida
Maruti,Maruti SwiftZXI,2019,"87,000kms",Petrol,Manual,₹5.25 Lakh,noida
Mahindra,Mahindra XUV300W4 Diesel,2020,"12,000kms",Diesel,Manual,₹5.55 Lakh,noida
Mercedes-Benz,Mercedes-Benz GLA Class200 d Sport,2017,"51,000kms",Diesel,Automatic,₹13.25 Lakh,noida
Honda,Honda CR-VDiesel 4WD,2019,"80,000kms",Diesel,Automatic,₹15.25 Lakh,noida
Tata,Tata SafariXZA Plus 6 Str AT BSVI,2022,"87,000kms",Diesel,Automatic,₹15 Lakh,noida
Hyundai,Hyundai VernaVTVT 1.6 AT SX Option,2018,"72,000kms",Petrol,Automatic,₹7 Lakh,noida
Hyundai,Hyundai VernaCRDi 1.6 SX,2018,"93,000kms",Diesel,Manual,₹7 Lakh,noida
MG,2024MG HectorSharp Pro CVT  -2025,2023,"15,000kms",Petrol,Automatic,₹18 Lakh,noida
Jeep,Jeep Compass2.0 Limited Option,2017,"92,000kms",Diesel,Manual,₹7.50 Lakh,noida
Toyota,Toyota Fortuner4x2 AT,2015,"1,86,500kms",Diesel,Automatic,₹11.25 Lakh,noida
Toyota,Toyota Fortuner2.8 2WD AT BSIV,2017,"79,000kms",Diesel,Automatic,₹20 Lakh,noida
Honda,Honda Cityi VTEC CVT SV,2014,"67,000kms",Petrol,Automatic,₹4 Lakh,noida
Maruti,Maruti Swift DzireAMT VXI,2017,"62,000kms",Petrol,Automatic,₹4.50 Lakh,noida
Maruti,Maruti Wagon RLXI,2014,"65,442kms",Petrol,Manual,₹2.45 Lakh,noida
Maruti,Maruti BalenoDelta,2021,"53,000kms",Petrol,Manual,₹6 Lakh,noida
Tata,Tata AltrozXM,2020,"12,000kms",Petrol,Manual,₹4.99 Lakh,noida
Maruti,Maruti Wagon RVXI,2022,"40,000kms",Petrol,Manual,₹4.25 Lakh,noida
Maruti,Maruti SwiftVXI,2014,"76,000kms",Petrol,Manual,₹2.95 Lakh,noida
Honda,Honda Brio1.2 S MT,2016,"71,070kms",Petrol,Manual,₹2.98 Lakh,noida
Honda,Honda BrioS MT,2012,"86,000kms",Petrol,Manual,₹1.70 Lakh,noida
Hyundai,Hyundai i10Magna,2012,"81,000kms",Petrol,Manual,₹1.78 Lakh,noida
Hyundai,Hyundai Grand i10 NiosMagna,2021,"15,000kms",Petrol,Manual,₹4.95 Lakh,noida
Tata,Tata Tigor1.2 Revotron XZ Option,2017,"60,393kms",Petrol,Manual,₹3.65 Lakh,noida
Hyundai,Hyundai Grand i10 NiosMagna,2020,"57,032kms",Petrol,Manual,₹4.60 Lakh,noida
Honda,Honda JazzV CVT,2017,"94,451kms",Petrol,Automatic,₹4.25 Lakh,noida
Honda,Honda AmazeVX i-VTEC,2018,"76,617kms",Petrol,Manual,₹4.65 Lakh,noida
Honda,Honda AmazeS i-Vtech,2014,"70,400kms",Petrol,Manual,₹2.95 Lakh,noida
Maruti,Maruti Wagon RAMT VXI Option,2020,"74,700kms",Petrol,Automatic,₹4.75 Lakh,noida
BMW,BMW X1sDrive18i M Sport,2024,"14,000kms",Petrol,Automatic,₹45 Lakh,noida
Skoda,Skoda Kushaq1.5 TSI Style BSVI,2021,"1,06,000kms",Petrol,Manual,₹8.90 Lakh,noida
Mahindra,Mahindra TharLX Hard Top AT,2024,"6,000kms",Petrol,Automatic,₹13.75 Lakh,noida
Maruti,Maruti Swift DzireVXI 1.2 BS IV,2016,"84,100kms",Petrol,Manual,₹3.80 Lakh,noida
Tata,Tata CurvvAccomplished Plus A Hyperion DCA,2024,"11,000kms",Petrol,Automatic,₹15.50 Lakh,noida
Renault,Renault KWIDClimber 1.0 MT Opt,2021,"31,000kms",Petrol,Manual,₹3.75 Lakh,noida
Tata,Tata TiagoXT CNG BSVI,2022,"55,000kms",CNG,Manual,₹4.85 Lakh,noida
Maruti,Maruti SwiftAMT VXI,2018,"70,000kms",Petrol,Automatic,₹4.75 Lakh,noida
Ford,Ford FigoTitanium Plus AT,2021,"55,000kms",Petrol,Automatic,₹5.25 Lakh,noida
Maruti,Maruti SwiftVXI,2014,"76,000kms",Petrol,Manual,₹2.95 Lakh,noida
Honda,Honda Brio1.2 S MT,2016,"71,070kms",Petrol,Manual,₹2.98 Lakh,noida
Honda,Honda BrioS MT,2012,"86,000kms",Petrol,Manual,₹1.70 Lakh,noida
Hyundai,Hyundai i10Magna,2012,"81,000kms",Petrol,Manual,₹1.78 Lakh,noida
Hyundai,Hyundai Grand i10 NiosMagna,2021,"15,000kms",Petrol,Manual,₹4.95 Lakh,noida
Tata,Tata Tigor1.2 Revotron XZ Option,2017,"60,393kms",Petrol,Manual,₹3.65 Lakh,noida
Hyundai,Hyundai Grand i10 NiosMagna,2020,"57,032kms",Petrol,Manual,₹4.60 Lakh,noida
Honda,Honda JazzV CVT,2017,"94,451kms",Petrol,Automatic,₹4.25 Lakh,noida
Honda,Honda AmazeVX i-VTEC,2018,"76,617kms",Petrol,Manual,₹4.65 Lakh,noida
Honda,Honda AmazeS i-Vtech,2014,"70,400kms",Petrol,Manual,₹2.95 Lakh,noida
Maruti,Maruti Wagon RAMT VXI Option,2020,"74,700kms",Petrol,Automatic,₹4.75 Lakh,noida
BMW,BMW X1sDrive18i M Sport,2024,"14,000kms",Petrol,Automatic,₹45 Lakh,noida
Skoda,Skoda Kushaq1.5 TSI Style BSVI,2021,"1,06,000kms",Petrol,Manual,₹8.90 Lakh,noida
Mahindra,Mahindra TharLX Hard Top AT,2024,"6,000kms",Petrol,Automatic,₹13.75 Lakh,noida
Maruti,Maruti Swift DzireVXI 1.2 BS IV,2016,"84,100kms",Petrol,Manual,₹3.80 Lakh,noida
Tata,Tata CurvvAccomplished Plus A Hyperion DCA,2024,"11,000kms",Petrol,Automatic,₹15.50 Lakh,noida
Renault,Renault KWIDClimber 1.0 MT Opt,2021,"31,000kms",Petrol,Manual,₹3.75 Lakh,noida
Tata,Tata TiagoXT CNG BSVI,2022,"55,000kms",CNG,Manual,₹4.85 Lakh,noida
Maruti,Maruti SwiftAMT VXI,2018,"70,000kms",Petrol,Automatic,₹4.75 Lakh,noida
Ford,Ford FigoTitanium Plus AT,2021,"55,000kms",Petrol,Automatic,₹5.25 Lakh,noida
Maruti,Maruti SwiftVXI,2014,"76,000kms",Petrol,Manual,₹2.95 Lakh,noida
Honda,Honda Brio1.2 S MT,2016,"71,070kms",Petrol,Manual,₹2.98 Lakh,noida
Honda,Honda BrioS MT,2012,"86,000kms",Petrol,Manual,₹1.70 Lakh,noida
Hyundai,Hyundai i10Magna,2012,"81,000kms",Petrol,Manual,₹1.78 Lakh,noida
Hyundai,Hyundai Grand i10 NiosMagna,2021,"15,000kms",Petrol,Manual,₹4.95 Lakh,noida
Tata,Tata Tigor1.2 Revotron XZ Option,2017,"60,393kms",Petrol,Manual,₹3.65 Lakh,noida
Hyundai,Hyundai Grand i10 NiosMagna,2020,"57,032kms",Petrol,Manual,₹4.60 Lakh,noida
Honda,Honda JazzV CVT,2017,"94,451kms",Petrol,Automatic,₹4.25 Lakh,noida
Honda,Honda AmazeVX i-VTEC,2018,"76,617kms",Petrol,Manual,₹4.65 Lakh,noida
Honda,Honda AmazeS i-Vtech,2014,"70,400kms",Petrol,Manual,₹2.95 Lakh,noida
Maruti,Maruti Wagon RAMT VXI Option,2020,"74,700kms",Petrol,Automatic,₹4.75 Lakh,noida
BMW,BMW X1sDrive18i M Sport,2024,"14,000kms",Petrol,Automatic,₹45 Lakh,noida
Skoda,Skoda Kushaq1.5 TSI Style BSVI,2021,"1,06,000kms",Petrol,Manual,₹8.90 Lakh,noida
Mahindra,Mahindra TharLX Hard Top AT,2024,"6,000kms",Petrol,Automatic,₹13.75 Lakh,noida
Maruti,Maruti Swift DzireVXI 1.2 BS IV,2016,"84,100kms",Petrol,Manual,₹3.80 Lakh,noida
Tata,Tata CurvvAccomplished Plus A Hyperion DCA,2024,"11,000kms",Petrol,Automatic,₹15.50 Lakh,noida
Renault,Renault KWIDClimber 1.0 MT Opt,2021,"31,000kms",Petrol,Manual,₹3.75 Lakh,noida
Tata,Tata TiagoXT CNG BSVI,2022,"55,000kms",CNG,Manual,₹4.85 Lakh,noida
Maruti,Maruti SwiftAMT VXI,2018,"70,000kms",Petrol,Automatic,₹4.75 Lakh,noida
Ford,Ford FigoTitanium Plus AT,2021,"55,000kms",Petrol,Automatic,₹5.25 Lakh,noida
Mercedes-Benz,Mercedes-Benz C-ClassC 200,2024,"25,000kms",Petrol,Automatic,₹48 Lakh,noida
Mercedes-Benz,Mercedes-Benz GLE300d BSVI,2021,"60,000kms",Diesel,Automatic,₹51 Lakh,noida
Maruti,Maruti Wagon RLXI CNG,2015,"67,000kms",CNG,Manual,₹2.50 Lakh,noida
Maruti,Maruti SwiftLXI Optional-O,2017,"67,000kms",Petrol,Manual,₹3.90 Lakh,noida
Mahindra,Mahindra Bolero Power PlusSLE,2018,"71,000kms",Diesel,Manual,₹4.99 Lakh,noida
Honda,Honda AmazeS Option i-VTEC,2017,"67,000kms",Petrol,Manual,₹3.70 Lakh,noida
Mahindra,Mahindra TharLX 4WD Hard Top Diesel AT BSVI,2023,"22,000kms",Diesel,Automatic,₹16 Lakh,noida
Mahindra,Mahindra TharLX 4WD Hard Top AT BSVI,2023,"13,000kms",Petrol,Automatic,₹13.49 Lakh,noida
Honda,Honda CityZX CVT,2024,"16,000kms",Petrol,Automatic,₹14.50 Lakh,noida
Audi,Audi Q2Technology,2020,"78,000kms",Petrol,Automatic,₹18.90 Lakh,noida
Mercedes-Benz,Mercedes-Benz CLA200 CGI Sport,2016,"38,000kms",Petrol,Automatic,₹14.95 Lakh,noida
BMW,BMW X5xDrive 40i M Sport,2022,"79,000kms",Petrol,Automatic,₹61.75 Lakh,noida
Kia,Kia SeltosHTX IVT,2023,"43,012kms",Petrol,Automatic,₹13.95 Lakh,noida
Hyundai,Hyundai CretaS (O) Diesel,2024,"3,630kms",Diesel,Manual,₹15.75 Lakh,noida
Toyota,Toyota Etios Cross1.2L G,2015,"70,000kms",Petrol,Manual,₹3.25 Lakh,noida
Audi,Audi A4Premium,2025,"3,000kms",Petrol,Automatic,₹37.50 Lakh,noida
Hyundai,Hyundai AlcazarPlatinum (O) AT,2021,"34,000kms",Petrol,Automatic,₹13.25 Lakh,noida
Audi,Audi S5 Sportback3.0L TFSI,2023,"15,000kms",Petrol,Automatic,₹61 Lakh,noida
Toyota,Toyota Camry2.5 Hybrid,2024,"4,000kms",Petrol,Automatic,₹40 Lakh,noida
Mahindra,Mahindra BE 6Pack Three Select,2025,"3,100kms",Electric,Automatic,₹24.90 Lakh,noida
Maruti,Maruti SwiftVXI,2014,"76,000kms",Petrol,Manual,₹2.95 Lakh,noida
Honda,Honda Brio1.2 S MT,2016,"71,070kms",Petrol,Manual,₹2.98 Lakh,noida
Honda,Honda BrioS MT,2012,"86,000kms",Petrol,Manual,₹1.70 Lakh,noida
Hyundai,Hyundai i10Magna,2012,"81,000kms",Petrol,Manual,₹1.78 Lakh,noida
Hyundai,Hyundai Grand i10 NiosMagna,2021,"15,000kms",Petrol,Manual,₹4.95 Lakh,noida
Tata,Tata Tigor1.2 Revotron XZ Option,2017,"60,393kms",Petrol,Manual,₹3.65 Lakh,noida
Hyundai,Hyundai Grand i10 NiosMagna,2020,"57,032kms",Petrol,Manual,₹4.60 Lakh,noida
Honda,Honda JazzV CVT,2017,"94,451kms",Petrol,Automatic,₹4.25 Lakh,noida
Honda,Honda AmazeVX i-VTEC,2018,"76,617kms",Petrol,Manual,₹4.65 Lakh,noida
Honda,Honda AmazeS i-Vtech,2014,"70,400kms",Petrol,Manual,₹2.95 Lakh,noida
Maruti,Maruti Wagon RAMT VXI Option,2020,"74,700kms",Petrol,Automatic,₹4.75 Lakh,noida
BMW,BMW X1sDrive18i M Sport,2024,"14,000kms",Petrol,Automatic,₹45 Lakh,noida
Skoda,Skoda Kushaq1.5 TSI Style BSVI,2021,"1,06,000kms",Petrol,Manual,₹8.90 Lakh,noida
Mahindra,Mahindra TharLX Hard Top AT,2024,"6,000kms",Petrol,Automatic,₹13.75 Lakh,noida
Maruti,Maruti Swift DzireVXI 1.2 BS IV,2016,"84,100kms",Petrol,Manual,₹3.80 Lakh,noida
Tata,Tata CurvvAccomplished Plus A Hyperion DCA,2024,"11,000kms",Petrol,Automatic,₹15.50 Lakh,noida
Renault,Renault KWIDClimber 1.0 MT Opt,2021,"31,000kms",Petrol,Manual,₹3.75 Lakh,noida
Tata,Tata TiagoXT CNG BSVI,2022,"55,000kms",CNG,Manual,₹4.85 Lakh,noida
Maruti,Maruti SwiftAMT VXI,2018,"70,000kms",Petrol,Automatic,₹4.75 Lakh,noida
Ford,Ford FigoTitanium Plus AT,2021,"55,000kms",Petrol,Automatic,₹5.25 Lakh,noida
Maruti,Maruti SwiftVXI,2014,"76,000kms",Petrol,Manual,₹2.95 Lakh,noida
Honda,Honda Brio1.2 S MT,2016,"71,070kms",Petrol,Manual,₹2.98 Lakh,noida
Honda,Honda BrioS MT,2012,"86,000kms",Petrol,Manual,₹1.70 Lakh,noida
Hyundai,Hyundai i10Magna,2012,"81,000kms",Petrol,Manual,₹1.78 Lakh,noida
Hyundai,Hyundai Grand i10 NiosMagna,2021,"15,000kms",Petrol,Manual,₹4.95 Lakh,noida
Tata,Tata Tigor1.2 Revotron XZ Option,2017,"60,393kms",Petrol,Manual,₹3.65 Lakh,noida
Hyundai,Hyundai Grand i10 NiosMagna,2020,"57,032kms",Petrol,Manual,₹4.60 Lakh,noida
Honda,Honda JazzV CVT,2017,"94,451kms",Petrol,Automatic,₹4.25 Lakh,noida
Honda,Honda AmazeVX i-VTEC,2018,"76,617kms",Petrol,Manual,₹4.65 Lakh,noida
Honda,Honda AmazeS i-Vtech,2014,"70,400kms",Petrol,Manual,₹2.95 Lakh,noida
Maruti,Maruti Wagon RAMT VXI Option,2020,"74,700kms",Petrol,Automatic,₹4.75 Lakh,noida
BMW,BMW X1sDrive18i M Sport,2024,"14,000kms",Petrol,Automatic,₹45 Lakh,noida
Skoda,Skoda Kushaq1.5 TSI Style BSVI,2021,"1,06,000kms",Petrol,Manual,₹8.90 Lakh,noida
Mahindra,Mahindra TharLX Hard Top AT,2024,"6,000kms",Petrol,Automatic,₹13.75 Lakh,noida
Maruti,Maruti Swift DzireVXI 1.2 BS IV,2016,"84,100kms",Petrol,Manual,₹3.80 Lakh,noida
Tata,Tata CurvvAccomplished Plus A Hyperion DCA,2024,"11,000kms",Petrol,Automatic,₹15.50 Lakh,noida
Renault,Renault KWIDClimber 1.0 MT Opt,2021,"31,000kms",Petrol,Manual,₹3.75 Lakh,noida
Tata,Tata TiagoXT CNG BSVI,2022,"55,000kms",CNG,Manual,₹4.85 Lakh,noida
Maruti,Maruti SwiftAMT VXI,2018,"70,000kms",Petrol,Automatic,₹4.75 Lakh,noida
Ford,Ford FigoTitanium Plus AT,2021,"55,000kms",Petrol,Automatic,₹5.25 Lakh,noida
Skoda,Skoda Kushaq1.5 TSI Style BSVI,2021,"1,06,000kms",Petrol,Manual,₹8.90 Lakh,noida
Mahindra,Mahindra TharLX Hard Top AT,2024,"6,000kms",Petrol,Automatic,₹13.75 Lakh,noida
Maruti,Maruti Swift DzireVXI 1.2 BS IV,2016,"84,100kms",Petrol,Manual,₹3.80 Lakh,noida
Maruti,Maruti SwiftZXI,2019,"87,000kms",Petrol,Manual,₹5.25 Lakh,noida
Mahindra,Mahindra XUV300W4 Diesel,2020,"12,000kms",Diesel,Manual,₹5.55 Lakh,noida
Mercedes-Benz,Mercedes-Benz GLA Class200 d Sport,2017,"51,000kms",Diesel,Automatic,₹13.25 Lakh,noida
Honda,Honda CR-VDiesel 4WD,2019,"80,000kms",Diesel,Automatic,₹15.25 Lakh,noida
Tata,Tata SafariXZA Plus 6 Str AT BSVI,2022,"87,000kms",Diesel,Automatic,₹15 Lakh,noida
Hyundai,Hyundai VernaVTVT 1.6 AT SX Option,2018,"72,000kms",Petrol,Automatic,₹7 Lakh,noida
Hyundai,Hyundai VernaCRDi 1.6 SX,2018,"93,000kms",Diesel,Manual,₹7 Lakh,noida
MG,2024MG HectorSharp Pro CVT  -2025,2023,"15,000kms",Petrol,Automatic,₹18 Lakh,noida
Jeep,Jeep Compass2.0 Limited Option,2017,"92,000kms",Diesel,Manual,₹7.50 Lakh,noida
Toyota,Toyota Fortuner4x2 AT,2015,"1,86,500kms",Diesel,Automatic,₹11.25 Lakh,noida
Toyota,Toyota Fortuner2.8 2WD AT BSIV,2017,"79,000kms",Diesel,Automatic,₹20 Lakh,noida
Honda,Honda Cityi VTEC CVT SV,2014,"67,000kms",Petrol,Automatic,₹4 Lakh,noida
Maruti,Maruti Swift DzireAMT VXI,2017,"62,000kms",Petrol,Automatic,₹4.50 Lakh,noida
Maruti,Maruti Wagon RLXI,2014,"65,442kms",Petrol,Manual,₹2.45 Lakh,noida
Maruti,Maruti BalenoDelta,2021,"53,000kms",Petrol,Manual,₹6 Lakh,noida
Tata,Tata AltrozXM,2020,"12,000kms",Petrol,Manual,₹4.99 Lakh,noida
Maruti,Maruti Wagon RVXI,2022,"40,000kms",Petrol,Manual,₹4.25 Lakh,noida
Skoda,Skoda Kushaq1.5 TSI Style BSVI,2021,"1,06,000kms",Petrol,Manual,₹8.90 Lakh,noida
Mahindra,Mahindra TharLX Hard Top AT,2024,"6,000kms",Petrol,Automatic,₹13.75 Lakh,noida
Maruti,Maruti Swift DzireVXI 1.2 BS IV,2016,"84,100kms",Petrol,Manual,₹3.80 Lakh,noida
Maruti,Maruti SwiftZXI,2019,"87,000kms",Petrol,Manual,₹5.25 Lakh,noida
Mahindra,Mahindra XUV300W4 Diesel,2020,"12,000kms",Diesel,Manual,₹5.55 Lakh,noida
Mercedes-Benz,Mercedes-Benz GLA Class200 d Sport,2017,"51,000kms",Diesel,Automatic,₹13.25 Lakh,noida
Honda,Honda CR-VDiesel 4WD,2019,"80,000kms",Diesel,Automatic,₹15.25 Lakh,noida
Tata,Tata SafariXZA Plus 6 Str AT BSVI,2022,"87,000kms",Diesel,Automatic,₹15 Lakh,noida
Hyundai,Hyundai VernaVTVT 1.6 AT SX Option,2018,"72,000kms",Petrol,Automatic,₹7 Lakh,noida
Hyundai,Hyundai VernaCRDi 1.6 SX,2018,"93,000kms",Diesel,Manual,₹7 Lakh,noida
MG,2024MG HectorSharp Pro CVT  -2025,2023,"15,000kms",Petrol,Automatic,₹18 Lakh,noida
Jeep,Jeep Compass2.0 Limited Option,2017,"92,000kms",Diesel,Manual,₹7.50 Lakh,noida
Toyota,Toyota Fortuner4x2 AT,2015,"1,86,500kms",Diesel,Automatic,₹11.25 Lakh,noida
Toyota,Toyota Fortuner2.8 2WD AT BSIV,2017,"79,000kms",Diesel,Automatic,₹20 Lakh,noida
Honda,Honda Cityi VTEC CVT SV,2014,"67,000kms",Petrol,Automatic,₹4 Lakh,noida
Maruti,Maruti Swift DzireAMT VXI,2017,"62,000kms",Petrol,Automatic,₹4.50 Lakh,noida
Maruti,Maruti Wagon RLXI,2014,"65,442kms",Petrol,Manual,₹2.45 Lakh,noida
Maruti,Maruti BalenoDelta,2021,"53,000kms",Petrol,Manual,₹6 Lakh,noida
Tata,Tata AltrozXM,2020,"12,000kms",Petrol,Manual,₹4.99 Lakh,noida
Maruti,Maruti Wagon RVXI,2022,"40,000kms",Petrol,Manual,₹4.25 Lakh,noida
Mercedes-Benz,Mercedes-Benz C-ClassC 200,2024,"25,000kms",Petrol,Automatic,₹48 Lakh,noida
Mercedes-Benz,Mercedes-Benz GLE300d BSVI,2021,"60,000kms",Diesel,Automatic,₹51 Lakh,noida
Maruti,Maruti Wagon RLXI CNG,2015,"67,000kms",CNG,Manual,₹2.50 Lakh,noida
Maruti,Maruti SwiftLXI Optional-O,2017,"67,000kms",Petrol,Manual,₹3.90 Lakh,noida
Mahindra,Mahindra Bolero Power PlusSLE,2018,"71,000kms",Diesel,Manual,₹4.99 Lakh,noida
Honda,Honda AmazeS Option i-VTEC,2017,"67,000kms",Petrol,Manual,₹3.70 Lakh,noida
Mahindra,Mahindra TharLX 4WD Hard Top Diesel AT BSVI,2023,"22,000kms",Diesel,Automatic,₹16 Lakh,noida
Mahindra,Mahindra TharLX 4WD Hard Top AT BSVI,2023,"13,000kms",Petrol,Automatic,₹13.49 Lakh,noida
Honda,Honda CityZX CVT,2024,"16,000kms",Petrol,Automatic,₹14.50 Lakh,noida
Audi,Audi Q2Technology,2020,"78,000kms",Petrol,Automatic,₹18.90 Lakh,noida
Mercedes-Benz,Mercedes-Benz CLA200 CGI Sport,2016,"38,000kms",Petrol,Automatic,₹14.95 Lakh,noida
BMW,BMW X5xDrive 40i M Sport,2022,"79,000kms",Petrol,Automatic,₹61.75 Lakh,noida
Kia,Kia SeltosHTX IVT,2023,"43,012kms",Petrol,Automatic,₹13.95 Lakh,noida
Hyundai,Hyundai CretaS (O) Diesel,2024,"3,630kms",Diesel,Manual,₹15.75 Lakh,noida
Toyota,Toyota Etios Cross1.2L G,2015,"70,000kms",Petrol,Manual,₹3.25 Lakh,noida
Audi,Audi A4Premium,2025,"3,000kms",Petrol,Automatic,₹37.50 Lakh,noida
Hyundai,Hyundai AlcazarPlatinum (O) AT,2021,"34,000kms",Petrol,Automatic,₹13.25 Lakh,noida
Audi,Audi S5 Sportback3.0L TFSI,2023,"15,000kms",Petrol,Automatic,₹61 Lakh,noida
Toyota,Toyota Camry2.5 Hybrid,2024,"4,000kms",Petrol,Automatic,₹40 Lakh,noida
Mahindra,Mahindra BE 6Pack Three Select,2025,"3,100kms",Electric,Automatic,₹24.90 Lakh,noida
Mercedes-Benz,Mercedes-Benz C-ClassC 200,2024,"25,000kms",Petrol,Automatic,₹48 Lakh,noida
Mercedes-Benz,Mercedes-Benz GLE300d BSVI,2021,"60,000kms",Diesel,Automatic,₹51 Lakh,noida
Maruti,Maruti Wagon RLXI CNG,2015,"67,000kms",CNG,Manual,₹2.50 Lakh,noida
Maruti,Maruti SwiftLXI Optional-O,2017,"67,000kms",Petrol,Manual,₹3.90 Lakh,noida
Mahindra,Mahindra Bolero Power PlusSLE,2018,"71,000kms",Diesel,Manual,₹4.99 Lakh,noida
Honda,Honda AmazeS Option i-VTEC,2017,"67,000kms",Petrol,Manual,₹3.70 Lakh,noida
Mahindra,Mahindra TharLX 4WD Hard Top Diesel AT BSVI,2023,"22,000kms",Diesel,Automatic,₹16 Lakh,noida
Mahindra,Mahindra TharLX 4WD Hard Top AT BSVI,2023,"13,000kms",Petrol,Automatic,₹13.49 Lakh,noida
Honda,Honda CityZX CVT,2024,"16,000kms",Petrol,Automatic,₹14.50 Lakh,noida
Audi,Audi Q2Technology,2020,"78,000kms",Petrol,Automatic,₹18.90 Lakh,noida
Mercedes-Benz,Mercedes-Benz CLA200 CGI Sport,2016,"38,000kms",Petrol,Automatic,₹14.95 Lakh,noida
BMW,BMW X5xDrive 40i M Sport,2022,"79,000kms",Petrol,Automatic,₹61.75 Lakh,noida
Kia,Kia SeltosHTX IVT,2023,"43,012kms",Petrol,Automatic,₹13.95 Lakh,noida
Hyundai,Hyundai CretaS (O) Diesel,2024,"3,630kms",Diesel,Manual,₹15.75 Lakh,noida
Toyota,Toyota Etios Cross1.2L G,2015,"70,000kms",Petrol,Manual,₹3.25 Lakh,noida
Audi,Audi A4Premium,2025,"3,000kms",Petrol,Automatic,₹37.50 Lakh,noida
Hyundai,Hyundai AlcazarPlatinum (O) AT,2021,"34,000kms",Petrol,Automatic,₹13.25 Lakh,noida
Audi,Audi S5 Sportback3.0L TFSI,2023,"15,000kms",Petrol,Automatic,₹61 Lakh,noida
Toyota,Toyota Camry2.5 Hybrid,2024,"4,000kms",Petrol,Automatic,₹40 Lakh,noida
Mahindra,Mahindra BE 6Pack Three Select,2025,"3,100kms",Electric,Automatic,₹24.90 Lakh,noida
Toyota,Toyota CamryHybrid 2.5,2015,"85,000kms",Petrol,Automatic,₹11 Lakh,noida
BMW,BMW 6 SeriesGT 630i M Sport BSVI,2022,"11,000kms",Petrol,Automatic,₹53 Lakh,noida
BMW,BMW X1sDrive20d Expedition,2017,"1,00,000kms",Diesel,Automatic,₹14 Lakh,noida
Mercedes-Benz,Mercedes-Benz C-ClassC 200,2024,"25,000kms",Petrol,Automatic,₹48 Lakh,noida
Mercedes-Benz,Mercedes-Benz GLE300d BSVI,2021,"60,000kms",Diesel,Automatic,₹51 Lakh,noida
Maruti,Maruti Wagon RLXI CNG,2015,"67,000kms",CNG,Manual,₹2.50 Lakh,noida
Maruti,Maruti SwiftLXI Optional-O,2017,"67,000kms",Petrol,Manual,₹3.90 Lakh,noida
Mahindra,Mahindra Bolero Power PlusSLE,2018,"71,000kms",Diesel,Manual,₹4.99 Lakh,noida
Honda,Honda AmazeS Option i-VTEC,2017,"67,000kms",Petrol,Manual,₹3.70 Lakh,noida
Mahindra,Mahindra TharLX 4WD Hard Top Diesel AT BSVI,2023,"22,000kms",Diesel,Automatic,₹16 Lakh,noida
Mahindra,Mahindra TharLX 4WD Hard Top AT BSVI,2023,"13,000kms",Petrol,Automatic,₹13.49 Lakh,noida
Honda,Honda CityZX CVT,2024,"16,000kms",Petrol,Automatic,₹14.50 Lakh,noida
Audi,Audi Q2Technology,2020,"78,000kms",Petrol,Automatic,₹18.90 Lakh,noida
Mercedes-Benz,Mercedes-Benz CLA200 CGI Sport,2016,"38,000kms",Petrol,Automatic,₹14.95 Lakh,noida
BMW,BMW X5xDrive 40i M Sport,2022,"79,000kms",Petrol,Automatic,₹61.75 Lakh,noida
Kia,Kia SeltosHTX IVT,2023,"43,012kms",Petrol,Automatic,₹13.95 Lakh,noida
Hyundai,Hyundai CretaS (O) Diesel,2024,"3,630kms",Diesel,Manual,₹15.75 Lakh,noida
Toyota,Toyota Etios Cross1.2L G,2015,"70,000kms",Petrol,Manual,₹3.25 Lakh,noida
Audi,Audi A4Premium,2025,"3,000kms",Petrol,Automatic,₹37.50 Lakh,noida
Hyundai,Hyundai AlcazarPlatinum (O) AT,2021,"34,000kms",Petrol,Automatic,₹13.25 Lakh,noida
Mahindra,Mahindra XUV700AX7 7Str AT,2023,"12,000kms",Petrol,Automatic,₹19.50 Lakh,noida
Tata,Tata CurvvAccomplished Plus A Hyperion DCA,2024,"11,000kms",Petrol,Automatic,₹15.50 Lakh,noida
BMW,BMW X1sDrive18i M Sport,2024,"14,000kms",Petrol,Automatic,₹45 Lakh,noida
Skoda,Skoda Kushaq1.5 TSI Style BSVI,2021,"1,06,000kms",Petrol,Manual,₹8.90 Lakh,noida
Mahindra,Mahindra TharLX Hard Top AT,2024,"6,000kms",Petrol,Automatic,₹13.75 Lakh,noida
Maruti,Maruti Swift DzireVXI 1.2 BS IV,2016,"84,100kms",Petrol,Manual,₹3.80 Lakh,noida
Maruti,Maruti SwiftZXI,2019,"87,000kms",Petrol,Manual,₹5.25 Lakh,noida
Mahindra,Mahindra XUV300W4 Diesel,2020,"12,000kms",Diesel,Manual,₹5.55 Lakh,noida
Mercedes-Benz,Mercedes-Benz GLA Class200 d Sport,2017,"51,000kms",Diesel,Automatic,₹13.25 Lakh,noida
Honda,Honda CR-VDiesel 4WD,2019,"80,000kms",Diesel,Automatic,₹15.25 Lakh,noida
Tata,Tata SafariXZA Plus 6 Str AT BSVI,2022,"87,000kms",Diesel,Automatic,₹15 Lakh,noida
Hyundai,Hyundai VernaVTVT 1.6 AT SX Option,2018,"72,000kms",Petrol,Automatic,₹7 Lakh,noida
Hyundai,Hyundai VernaCRDi 1.6 SX,2018,"93,000kms",Diesel,Manual,₹7 Lakh,noida
MG,2024MG HectorSharp Pro CVT  -2025,2023,"15,000kms",Petrol,Automatic,₹18 Lakh,noida
Jeep,Jeep Compass2.0 Limited Option,2017,"92,000kms",Diesel,Manual,₹7.50 Lakh,noida
Toyota,Toyota Fortuner4x2 AT,2015,"1,86,500kms",Diesel,Automatic,₹11.25 Lakh,noida
Toyota,Toyota Fortuner2.8 2WD AT BSIV,2017,"79,000kms",Diesel,Automatic,₹20 Lakh,noida
Honda,Honda Cityi VTEC CVT SV,2014,"67,000kms",Petrol,Automatic,₹4 Lakh,noida
Maruti,Maruti Swift DzireAMT VXI,2017,"62,000kms",Petrol,Automatic,₹4.50 Lakh,noida
Maruti,Maruti Wagon RLXI,2014,"65,442kms",Petrol,Manual,₹2.45 Lakh,noida
Mahindra,Mahindra Scorpio NZ8 Select AT,2024,"10,000kms",Petrol,Automatic,₹22.50 Lakh,noida
Jaguar,Jaguar XF2.0 Petrol Prestige,2021,"31,000kms",Petrol,Automatic,₹33.50 Lakh,noida
Audi,Audi Q8Celebration Edition BSVI,2023,"13,500kms",Petrol,Automatic,₹70 Lakh,noida
Maruti,Maruti SwiftVXI,2014,"76,000kms",Petrol,Manual,₹2.95 Lakh,noida
Honda,Honda Brio1.2 S MT,2016,"71,070kms",Petrol,Manual,₹2.98 Lakh,noida
Honda,Honda BrioS MT,2012,"86,000kms",Petrol,Manual,₹1.70 Lakh,noida
Hyundai,Hyundai i10Magna,2012,"81,000kms",Petrol,Manual,₹1.78 Lakh,noida
Hyundai,Hyundai Grand i10 NiosMagna,2021,"15,000kms",Petrol,Manual,₹4.95 Lakh,noida
Tata,Tata Tigor1.2 Revotron XZ Option,2017,"60,393kms",Petrol,Manual,₹3.65 Lakh,noida
Hyundai,Hyundai Grand i10 NiosMagna,2020,"57,032kms",Petrol,Manual,₹4.60 Lakh,noida
Honda,Honda JazzV CVT,2017,"94,451kms",Petrol,Automatic,₹4.25 Lakh,noida
Honda,Honda AmazeVX i-VTEC,2018,"76,617kms",Petrol,Manual,₹4.65 Lakh,noida
Honda,Honda AmazeS i-Vtech,2014,"70,400kms",Petrol,Manual,₹2.95 Lakh,noida
Maruti,Maruti Wagon RAMT VXI Option,2020,"74,700kms",Petrol,Automatic,₹4.75 Lakh,noida
BMW,BMW X1sDrive18i M Sport,2024,"14,000kms",Petrol,Automatic,₹45 Lakh,noida
Skoda,Skoda Kushaq1.5 TSI Style BSVI,2021,"1,06,000kms",Petrol,Manual,₹8.90 Lakh,noida
Mahindra,Mahindra TharLX Hard Top AT,2024,"6,000kms",Petrol,Automatic,₹13.75 Lakh,noida
Maruti,Maruti Swift DzireVXI 1.2 BS IV,2016,"84,100kms",Petrol,Manual,₹3.80 Lakh,noida
Tata,Tata CurvvAccomplished Plus A Hyperion DCA,2024,"11,000kms",Petrol,Automatic,₹15.50 Lakh,noida
Renault,Renault KWIDClimber 1.0 MT Opt,2021,"31,000kms",Petrol,Manual,₹3.75 Lakh,noida
Land Rover,Land Rover Range Rover Evoque2.0 R-Dynamic SE,2022,"13,200kms",Petrol,Automatic,₹49 Lakh,noida
Toyota,Toyota Innova HycrossZX Hybrid,2024,"40,000kms",Petrol,Automatic,₹30.70 Lakh,noida
Maruti,Maruti BalenoZeta AMT,2016,"86,916kms",Petrol,Automatic,₹4.50 Lakh,noida
Maruti,Maruti Baleno1.2 Delta,2018,"59,000kms",Petrol,Manual,₹4.25 Lakh,noida
Maruti,Maruti Baleno1.2 Delta,2018,"84,000kms",Petrol,Manual,₹4.50 Lakh,noida
Mercedes-Benz,Mercedes-Benz GLS450 4MATIC BSVI,2022,"30,000kms",Petrol,Automatic,₹1 Crore,noida
Tata,Tata TiagoXT,2024,"15,000kms",Petrol,Manual,₹6 Lakh,noida
Maruti,Maruti Swift DzireZXI Plus,2019,"56,600kms",Petrol,Manual,₹6 Lakh,noida
Mahindra,Mahindra XUV700AX5 7 Str,2022,"23,578kms",Petrol,Manual,₹15.30 Lakh,noida
BMW,BMW X5xDrive 30d M Sport,2018,"1,00,000kms",Diesel,Automatic,₹23 Lakh,noida
Maruti,Maruti Grand VitaraSigma,2024,"25,818kms",Petrol,Manual,₹10.19 Lakh,noida
Hyundai,Hyundai ExterSX,2023,"70,585kms",Petrol,Manual,₹6.67 Lakh,noida
Ford,Ford EcosportTitanium Plus AT,2018,"49,426kms",Petrol,Automatic,₹6.79 Lakh,noida
BMW,BMW X5xDrive 30d Design Pure Experience 5 Seater,2016,"1,20,000kms",Diesel,Automatic,₹20 Lakh,noida
Hyundai,Hyundai Creta1.6 SX Automatic,2018,"74,475kms",Petrol,Automatic,₹7.15 Lakh,noida
MG,MG Hector1.5 Turbo Savvy Pro CVT BSVI,2023,"51,000kms",Petrol,Automatic,₹13.25 Lakh,noida
Tata,Tata HarrierXZ BSIV,2019,"60,000kms",Diesel,Manual,₹8.90 Lakh,noida
Hyundai,Hyundai Creta1.6 CRDi AT SX Plus,2018,"85,000kms",Diesel,Automatic,₹7.25 Lakh,noida
Kia,Kia SeltosGTX,2019,"65,000kms",Petrol,Manual,₹9.50 Lakh,noida
Toyota,Toyota HyryderE,2023,"21,000kms",Petrol,Manual,₹10.50 Lakh,noida
