car_brand,car_name,year,km_driven,fuel,transmission,price,city
Jeep,Jeep Compass1.4 Longitude Plus AT,2018,"55,000kms",Petrol,Automatic,₹7.49 Lakh,mumbai
Kia,Kia SeltosGTX Plus S Turbo DCT,2023,"49,718kms",Petrol,Automatic,₹16.25 Lakh,mumbai
Hyundai,Hyundai CretaSX Opt Knight IVT,2023,"30,374kms",Petrol,Automatic,₹15.25 Lakh,mumbai
Mercedes-Benz,Mercedes-Benz E-ClassE250 CDI Avantgarde,2016,"53,000kms",Diesel,Automatic,₹15.90 Lakh,mumbai
MG,MG GlosterSavvy 4x2 7Str,2024,"10,000kms",Diesel,Automatic,₹38 Lakh,mumbai
Honda,Honda CityZX MT,2022,"47,244kms",Petrol,Manual,₹11.53 Lakh,mumbai
Honda,Honda CityZX MT,2022,"59,741kms",Petrol,Manual,₹10.92 Lakh,mumbai
Kia,Kia SeltosHTX IVT,2022,"56,000kms",Petrol,Automatic,₹12.50 Lakh,mumbai
MG,MG Hector PlusSharp Diesel MT,2020,"73,000kms",Diesel,Manual,₹11.50 Lakh,mumbai
MG,MG HectorSharp AT BSIV,2021,"65,000kms",Petrol,Automatic,₹12.99 Lakh,mumbai
Kia,Kia SeltosHTX IVT G,2021,"76,925kms",Petrol,Automatic,₹11 Lakh,mumbai
MG,MG HectorSharp CVT,2021,"40,000kms",Petrol,Automatic,₹12.45 Lakh,mumbai
Kia,Kia SeltosGTX Plus,2022,"50,000kms",Petrol,Manual,₹14.50 Lakh,mumbai
MG,MG HectorSharp Diesel MT,2022,"45,000kms",Diesel,Manual,₹13.50 Lakh,mumbai
Honda,Honda Cityi VTEC V,2015,"85,000kms",Petrol,Manual,₹12.45 Lakh,mumbai
Honda,Honda CityZX CVT,2022,"29,000kms",Petrol,Automatic,₹10.25 Lakh,mumbai
Tata,Tata HarrierXZA Plus AT BSVI,2022,"40,000kms",Diesel,Automatic,₹12 Lakh,mumbai
Kia,Kia SeltosHTX G,2020,"61,000kms",Petrol,Manual,₹11 Lakh,mumbai
,Maserati QuattroporteDiesel BSIV,2016,"57,000kms",Diesel,Automatic,₹47 Lakh,mumbai
Hyundai,Hyundai TucsonGLS Diesel AT,2020,"57,000kms",Diesel,Automatic,₹18.99 Lakh,mumbai
Mahindra,Mahindra XUV700AX7 AT Luxury Pack BSVI,2023,"10,000kms",Petrol,Automatic,₹19 Lakh,mumbai
Kia,Kia CarnivalLimousine,2020,"60,713kms",Diesel,Automatic,₹25 Lakh,mumbai
Kia,Kia CarnivalLimousine,2020,"60,200kms",Diesel,Automatic,₹24 Lakh,mumbai
Kia,Kia CarnivalLimousine,2020,"32,000kms",Diesel,Automatic,₹26.75 Lakh,mumbai
Hyundai,Hyundai CretaSX IVT BSVI,2021,"54,700kms",Petrol,Automatic,₹12.50 Lakh,mumbai
Hyundai,Hyundai TucsonPlatinum Diesel AT BSVI,2022,"30,600kms",Diesel,Automatic,₹24.49 Lakh,mumbai
Maruti,Maruti Ciaz1.4 Zeta,2022,"19,126kms",Petrol,Manual,₹7.22 Lakh,mumbai
Honda,Honda Cityi VTEC CVT VX,2018,"68,914kms",Petrol,Automatic,₹7 Lakh,mumbai
Kia,Kia CarensLuxury Plus Diesel AT,2023,"80,000kms",Diesel,Automatic,₹15.99 Lakh,mumbai
Hyundai,Hyundai VenueS,2020,"65,000kms",Petrol,Manual,₹6.11 Lakh,mumbai
Maruti,Maruti CiazSigma BSIV,2019,"97,000kms",Petrol,Manual,₹6.79 Lakh,mumbai
MG,MG HectorSharp Diesel MT,2019,"90,000kms",Diesel,Manual,₹9.75 Lakh,mumbai
Mahindra,Mahindra XUV700AX7 BSVI,2021,"75,200kms",Petrol,Manual,₹15.98 Lakh,mumbai
Hyundai,Hyundai Creta1.6 VTVT SX Plus,2018,"1,13,000kms",Petrol,Manual,₹9.25 Lakh,mumbai
MG,MG HectorSharp DCT,2019,"1,15,000kms",Petrol,Automatic,₹9.25 Lakh,mumbai
Hyundai,Hyundai i20Sportz IVT BSVI,2021,"54,000kms",Petrol,Automatic,₹6.82 Lakh,mumbai
MG,2025MG Hector PlusSelect Pro 7 Str  -2025,2023,"6,300kms",Petrol,Manual,₹18 Lakh,mumbai
Honda,Honda Cityi-VTEC CVT ZX,2018,"68,549kms",Petrol,Automatic,₹8.05 Lakh,mumbai
Hyundai,Hyundai VenueSX Plus Turbo DCT,2021,"46,000kms",Petrol,Automatic,₹7.99 Lakh,mumbai
Maruti,Maruti CiazZeta Automatic BSIV,2018,"19,200kms",Petrol,Automatic,₹6.45 Lakh,mumbai
Hyundai,Hyundai CretaSX Opt IVT BSVI,2022,"40,000kms",Petrol,Automatic,₹13 Lakh,mumbai
Honda,Honda Cityi VTEC VX,2017,"21,000kms",Petrol,Manual,₹6.45 Lakh,mumbai
Honda,Honda CityV CVT,2019,"39,000kms",Petrol,Automatic,₹6.90 Lakh,mumbai
Kia,Kia SonetGTX Plus Diesel BSVI,2020,"34,359kms",Diesel,Manual,₹9.95 Lakh,mumbai
Maruti,Maruti XL6Zeta AT,2021,"45,000kms",Petrol,Automatic,₹8.50 Lakh,mumbai
Honda,Honda Cityi VTEC VX,2017,"55,000kms",Petrol,Manual,₹6.95 Lakh,mumbai
Honda,Honda Cityi-VTEC CVT ZX,2018,"32,594kms",Petrol,Automatic,₹7.50 Lakh,mumbai
Maruti,Maruti Swift DzireVDI,2017,"55,000kms",Diesel,Manual,₹6.49 Lakh,mumbai
Toyota,Toyota Urban cruiserPremium AT,2020,"69,000kms",Petrol,Automatic,₹6.99 Lakh,mumbai
Hyundai,Hyundai VenueS BSIV,2019,"53,000kms",Petrol,Manual,₹6.25 Lakh,mumbai
Toyota,Toyota Corolla Altis1.8 VL CVT,2019,"47,500kms",Petrol,Automatic,₹11.50 Lakh,mumbai
Hyundai,Hyundai Creta1.6 VTVT AT SX Plus,2020,"42,000kms",Petrol,Automatic,₹9.95 Lakh,mumbai
MG,2025MG Hector PlusSelect Pro 7 Str  -2025,2023,"6,300kms",Petrol,Manual,₹18 Lakh,mumbai
Hyundai,Hyundai VenueSX Opt Diesel,2020,"35,000kms",Diesel,Manual,₹8.75 Lakh,mumbai
Tata,Tata NexonXZ Plus BSVI,2021,"58,000kms",Petrol,Manual,₹13.51 Lakh,mumbai
Hyundai,Hyundai CretaSX Opt Turbo Dualtone BSVI,2020,"65,875kms",Petrol,Automatic,₹11.56 Lakh,mumbai
Hyundai,Hyundai VenueSX Turbo iMT,2020,"55,000kms",Petrol,Manual,₹7.20 Lakh,mumbai
Mercedes-Benz,Mercedes-Benz E-ClassE 200 CGI,2015,"55,700kms",Petrol,Automatic,₹11.80 Lakh,mumbai
Jeep,Jeep Compass1.4 Limited,2017,"53,303kms",Petrol,Automatic,₹8.25 Lakh,mumbai
Audi,Audi Q330 TDI S Edition,2015,"46,000kms",Diesel,Manual,₹16.95 Lakh,mumbai
Skoda,Skoda KodiaqL & K,2023,"17,433kms",Petrol,Automatic,₹37.50 Lakh,mumbai
Maruti,Maruti Ciaz1.4 AT Zeta,2018,"33,000kms",Petrol,Automatic,₹6.25 Lakh,mumbai
Honda,Honda CityV CVT,2019,"43,670kms",Petrol,Automatic,₹6.85 Lakh,mumbai
Honda,Honda Cityi-VTEC CVT ZX,2017,"55,000kms",Petrol,Automatic,₹6.49 Lakh,mumbai
Kia,Kia SeltosGTX Plus DCT,2021,"50,000kms",Petrol,Automatic,₹12 Lakh,mumbai
Audi,Audi Q330 TFSI Premium FWD,2018,"71,800kms",Petrol,Automatic,₹15.50 Lakh,mumbai
Maruti,Maruti Swift DzireAMT ZXI,2018,"30,696kms",Petrol,Automatic,₹5.01 Lakh,mumbai
Mercedes-Benz,Mercedes-Benz E-ClassE350 Edition E,2016,"61,900kms",Diesel,Automatic,₹16.50 Lakh,mumbai
Toyota,Toyota Innova2.5 G (Diesel) 7 Seater BS IV,2015,"1,50,000kms",Diesel,Manual,₹7 Lakh,mumbai
Mercedes-Benz,Mercedes-Benz C-ClassC 200 Avantgarde Edition C,2017,"56,300kms",Petrol,Automatic,₹17.50 Lakh,mumbai
Honda,Honda CityVX MT,2022,"24,827kms",Petrol,Manual,₹10.92 Lakh,mumbai
Kia,Kia SonetGTX Plus Turbo iMT BSVI,2023,"12,768kms",Petrol,Manual,₹10.50 Lakh,mumbai
Hyundai,Hyundai VenueS BSIV,2020,"51,000kms",Petrol,Manual,₹6.40 Lakh,mumbai
Kia,Kia CarnivalLimousine,2022,"53,000kms",Diesel,Automatic,₹33.25 Lakh,mumbai
Mercedes-Benz,Mercedes-Benz GLC220d 4MATIC,2021,"14,500kms",Diesel,Automatic,₹42.95 Lakh,mumbai
Mercedes-Benz,Mercedes-Benz E-ClassExpression E 220d,2021,"48,000kms",Diesel,Automatic,₹50 Lakh,mumbai
Mercedes-Benz,Mercedes-Benz GLA Class200 Sport,2018,"43,999kms",Petrol,Automatic,₹17.75 Lakh,mumbai
Kia,Kia SeltosHTE Diesel,2021,"86,180kms",Diesel,Manual,₹10.75 Lakh,mumbai
Audi,Audi Q2Technology,2021,"34,000kms",Petrol,Automatic,₹22.75 Lakh,mumbai
Hyundai,Hyundai Creta1.6 SX,2018,"67,000kms",Petrol,Manual,₹8.45 Lakh,mumbai
Mahindra,Mahindra XUV300W6 Diesel Sunroof NT BSVI,2023,"29,000kms",Diesel,Manual,₹9 Lakh,mumbai
Mercedes-Benz,Mercedes-Benz C-ClassC 220 CDI Avantgarde,2017,"61,000kms",Diesel,Automatic,₹18.99 Lakh,mumbai
Audi,Audi A335 TFSI Premium Plus,2019,"62,000kms",Petrol,Automatic,₹15.75 Lakh,mumbai
Honda,Honda CityZX CVT,2020,"46,000kms",Petrol,Automatic,₹9.75 Lakh,mumbai
Hyundai,Hyundai VenueS BSIV,2020,"51,000kms",Petrol,Manual,₹6.40 Lakh,mumbai
Hyundai,Hyundai VenueSX Opt Diesel BSIV,2019,"47,500kms",Diesel,Manual,₹8.95 Lakh,mumbai
Hyundai,Hyundai CretaSX Opt IVT BSVI,2022,"76,230kms",Petrol,Automatic,₹11.87 Lakh,mumbai
Maruti,Maruti CiazAlpha Automatic BSIV,2019,"19,000kms",Petrol,Automatic,₹6.75 Lakh,mumbai
Mercedes-Benz,Mercedes-Benz GLA Class200 Sport,2018,"43,999kms",Petrol,Automatic,₹17.75 Lakh,mumbai
Kia,Kia SeltosHTK G,2021,"53,100kms",Petrol,Manual,₹9.35 Lakh,mumbai
Maruti,Maruti Swift DzireAMT ZDI Plus,2017,"60,000kms",Diesel,Automatic,₹6.75 Lakh,mumbai
Hyundai,Hyundai Creta1.6 VTVT AT SX Plus,2017,"58,000kms",Petrol,Automatic,₹8.75 Lakh,mumbai
Maruti,Maruti BalenoAlpha BSVI,2022,"18,556kms",Petrol,Manual,₹8.50 Lakh,mumbai
Honda,Honda CityZX CVT,2020,"36,000kms",Petrol,Automatic,₹8.75 Lakh,mumbai
Honda,Honda CityZX CVT,2018,"38,764kms",Petrol,Automatic,₹6.82 Lakh,mumbai
Honda,Honda Cityi-VTEC CVT ZX,2019,"1,10,700kms",Petrol,Automatic,₹6.33 Lakh,mumbai
Mahindra,Mahindra XUV700AX5 BSVI,2022,"13,000kms",Petrol,Manual,₹14 Lakh,mumbai
Mercedes-Benz,Mercedes-Benz C-ClassAMG Line C 300d,2020,"49,632kms",Diesel,Automatic,₹33.23 Lakh,mumbai
Kia,Kia CarnivalLimousine Plus,2023,"39,000kms",Diesel,Automatic,₹35 Lakh,mumbai
Jaguar,Jaguar F-PacePrestige 2.0 AWD,2019,"65,000kms",Diesel,Automatic,₹31.49 Lakh,mumbai
Mercedes-Benz,Mercedes-Benz E-ClassExclusive E 220d BSVI,2022,"55,000kms",Diesel,Automatic,₹49.85 Lakh,mumbai
Mini Cooper,Mini Cooper ClubmanCooper S,2018,"10,000kms",Petrol,Automatic,₹31.90 Lakh,mumbai
Mercedes-Benz,Mercedes-Benz E-ClassExclusive E 220d,2021,"70,000kms",Diesel,Automatic,₹49.90 Lakh,mumbai
Kia,Kia CarnivalLimousine Plus,2023,"37,000kms",Diesel,Automatic,₹37.50 Lakh,mumbai
Jaguar,Jaguar XEPrestige,2017,"54,280kms",Petrol,Automatic,₹16.90 Lakh,mumbai
Mercedes-Benz,Mercedes-Benz E-ClassExclusive E 200 BSVI,2022,"20,000kms",Petrol,Automatic,₹53.75 Lakh,mumbai
Mercedes-Benz,Mercedes-Benz E-ClassExclusive E 220d BSVI,2022,"34,000kms",Diesel,Automatic,₹56 Lakh,mumbai
Skoda,Skoda KodiaqSportline,2023,"33,000kms",Petrol,Automatic,₹31.45 Lakh,mumbai
Tata,Tata SafariXZA AT BSVI,2021,"90,000kms",Diesel,Automatic,₹13.50 Lakh,mumbai
Mercedes-Benz,Mercedes-Benz S-ClassS 350 d,2019,"39,000kms",Diesel,Automatic,₹70 Lakh,mumbai
Honda,Honda CityZX MT,2022,"31,670kms",Petrol,Manual,₹11.93 Lakh,mumbai
Mercedes-Benz,Mercedes-Benz C-ClassC 220 CDI Edition C AT,2015,"47,000kms",Diesel,Automatic,₹17.75 Lakh,mumbai
Mercedes-Benz,Mercedes-Benz GLA Class200 Sport,2019,"26,300kms",Petrol,Automatic,₹19.90 Lakh,mumbai
Mercedes-Benz,Mercedes-Benz CLA200 D Sport Edition,2016,"53,000kms",Diesel,Automatic,₹16.45 Lakh,mumbai
Mercedes-Benz,Mercedes-Benz GLA4MATIC,2019,"47,000kms",Petrol,Automatic,₹19.90 Lakh,mumbai
Maruti,Maruti Grand VitaraAlpha AT BSVI,2022,"41,000kms",Petrol,Automatic,₹15.25 Lakh,mumbai
Volkswagen,Volkswagen Tiguan2.0 TDI Highline,2018,"47,616kms",Diesel,Automatic,₹18.50 Lakh,mumbai
Kia,Kia SeltosGTX Plus Diesel AT,2022,"71,000kms",Diesel,Automatic,₹15.75 Lakh,mumbai
Toyota,Toyota Innova Crysta2.4 GX MT BSIV,2018,"72,000kms",Diesel,Manual,₹15.68 Lakh,mumbai
Kia,Kia SeltosGTX Plus Diesel AT,2023,"31,000kms",Diesel,Automatic,₹16.91 Lakh,mumbai
Maruti,Maruti XL6Alpha,2020,"30,000kms",Petrol,Manual,₹9 Lakh,mumbai
Kia,Kia SeltosX-Line Diesel AT,2023,"34,000kms",Diesel,Automatic,₹17.95 Lakh,mumbai
Jeep,Jeep Compass1.4 Model S Opt AT,2023,"10,217kms",Petrol,Automatic,₹18.25 Lakh,mumbai
Kia,Kia SeltosGTX Plus Diesel AT,2022,"36,000kms",Diesel,Automatic,₹16.51 Lakh,mumbai
Toyota,Toyota Innova Crysta2.8 GX AT 8S BSIV,2020,"30,793kms",Diesel,Automatic,₹18.50 Lakh,mumbai
Mercedes-Benz,Mercedes-Benz GLA4MATIC,2019,"47,000kms",Petrol,Automatic,₹19.90 Lakh,mumbai
Toyota,Toyota Innova Crysta2.4 GX MT BSIV,2018,"72,000kms",Diesel,Manual,₹15.68 Lakh,mumbai
Maruti,Maruti Ciaz1.4 AT Alpha,2017,"74,000kms",Petrol,Automatic,₹5.99 Lakh,mumbai
Jaguar,Jaguar XJ2.0L Portfolio,2018,"60,000kms",Petrol,Automatic,₹22.15 Lakh,mumbai
Honda,Honda Cityi VTEC CVT VX,2016,"56,000kms",Petrol,Automatic,₹5.45 Lakh,mumbai
Audi,Audi A635 TDI,2017,"50,182kms",Diesel,Automatic,₹15.75 Lakh,mumbai
MG,MG AstorSavvy CVT BSVI,2023,"32,000kms",Petrol,Automatic,₹13.70 Lakh,mumbai
Hyundai,Hyundai i20 N-LineN8 DCT,2024,"6,500kms",Petrol,Automatic,₹11.60 Lakh,mumbai
Kia,Kia SeltosGTX Plus DCT,2020,"38,733kms",Petrol,Automatic,₹12.75 Lakh,mumbai
Mercedes-Benz,Mercedes-Benz C-ClassC 220 CDI Avantgarde,2018,"66,638kms",Diesel,Automatic,₹18.99 Lakh,mumbai
Kia,Kia SeltosHTX IVT G,2021,"57,800kms",Petrol,Automatic,₹10.65 Lakh,mumbai
BMW,BMW X1sDrive 20i Tech Edition,2021,"50,000kms",Petrol,Automatic,₹22.50 Lakh,mumbai
Kia,Kia SonetHTX Turbo iMT BSVI,2021,"53,981kms",Petrol,Manual,₹6.81 Lakh,mumbai
Jeep,Jeep Compass1.4 Limited,2017,"38,000kms",Petrol,Automatic,₹6.75 Lakh,mumbai
Maruti,Maruti BrezzaZxi Plus AT BSVI,2022,"37,000kms",Petrol,Automatic,₹10.50 Lakh,mumbai
Jaguar,Jaguar XEPrestige,2017,"54,280kms",Petrol,Automatic,₹16.90 Lakh,mumbai
Mercedes-Benz,Mercedes-Benz C-ClassC 200 CGI,2015,"52,000kms",Petrol,Automatic,₹11.75 Lakh,mumbai
Kia,Kia SeltosGTX Plus DCT,2020,"43,000kms",Petrol,Automatic,₹11.75 Lakh,mumbai
Toyota,Toyota Innova Crysta2.4 VX 8 STR,2022,"34,699kms",Diesel,Manual,₹24.75 Lakh,mumbai
Tata,Tata SafariXZA AT BSVI,2021,"90,000kms",Diesel,Automatic,₹13.50 Lakh,mumbai
Mercedes-Benz,Mercedes-Benz GLC220d 4MATIC Sport,2016,"49,000kms",Diesel,Automatic,₹24.50 Lakh,mumbai
Volvo,Volvo S60T4 Inscription,2021,"27,000kms",Petrol,Automatic,₹27.90 Lakh,mumbai
Maruti,Maruti Grand VitaraAlpha AT BSVI,2022,"31,000kms",Petrol,Automatic,₹13.90 Lakh,mumbai
Mercedes-Benz,Mercedes-Benz GLA Class200 Sport,2019,"26,300kms",Petrol,Automatic,₹19.90 Lakh,mumbai
MG,MG Hector Plus1.5 Turbo Sharp Pro 7 Str BSVI,2022,"71,003kms",Petrol,Manual,₹12.92 Lakh,mumbai
MG,MG HectorSharp DCT,2019,"42,347kms",Petrol,Automatic,₹11.46 Lakh,mumbai
Honda,Honda CityZX MT,2022,"42,880kms",Petrol,Manual,₹11.36 Lakh,mumbai
Volkswagen,Volkswagen Tiguan2.0 TDI Highline,2018,"47,616kms",Diesel,Automatic,₹18.50 Lakh,mumbai
MG,MG Hector1.5 Turbo Smart,2021,"39,964kms",Petrol,Manual,₹13.65 Lakh,mumbai
MG,MG HectorSharp DCT,2020,"40,065kms",Petrol,Automatic,₹11.18 Lakh,mumbai
MG,MG Hector1.5 Turbo Smart,2021,"53,641kms",Petrol,Manual,₹12.91 Lakh,mumbai
Skoda,Skoda Kushaq1.0 TSI Active BSVI,2022,"15,205kms",Petrol,Manual,₹8.49 Lakh,mumbai
MG,MG HectorSharp DCT,2021,"68,000kms",Petrol,Automatic,₹10.75 Lakh,mumbai
Honda,Honda CityZX CVT,2022,"8,000kms",Petrol,Automatic,₹12.75 Lakh,mumbai
Kia,Kia SeltosHTK Plus iMT,2022,"15,890kms",Petrol,Manual,₹12.95 Lakh,mumbai
Mercedes-Benz,Mercedes-Benz E-ClassE 200,2014,"53,000kms",Petrol,Automatic,₹13.50 Lakh,mumbai
Volkswagen,Volkswagen Taigun1.5 TSI GT Plus DSG,2022,"39,075kms",Petrol,Automatic,₹12.99 Lakh,mumbai
Volkswagen,Volkswagen Taigun1.5 TSI GT Plus BSVI,2022,"39,000kms",Petrol,Manual,₹13.75 Lakh,mumbai
Kia,Kia SeltosHTK Plus D,2020,"53,000kms",Diesel,Manual,₹10.99 Lakh,mumbai
Tata,Tata Nexon1.5 Revotorq XZA Plus,2018,"49,000kms",Diesel,Automatic,₹6.75 Lakh,mumbai
Kia,Kia SeltosGTX Plus Diesel AT,2019,"95,000kms",Diesel,Automatic,₹10.45 Lakh,mumbai
Maruti,Maruti Grand VitaraAlpha BSVI,2022,"27,615kms",Petrol,Manual,₹12.40 Lakh,mumbai
Toyota,Toyota Innova Crysta2.4 VX MT 8S BSIV,2018,"1,14,000kms",Diesel,Manual,₹14.50 Lakh,mumbai
Toyota,Toyota Corolla Altis1.8 VL CVT,2019,"47,000kms",Petrol,Automatic,₹11.25 Lakh,mumbai
Kia,Kia SonetGTX Plus Turbo iMT BSVI,2023,"43,000kms",Petrol,Manual,₹11.75 Lakh,mumbai
Honda,Honda CityZX CVT,2022,"8,000kms",Petrol,Automatic,₹12.75 Lakh,mumbai
Kia,Kia SeltosHTK Plus iMT,2022,"15,890kms",Petrol,Manual,₹12.95 Lakh,mumbai
BMW,BMW 7 SeriesSignature 730Ld,2017,"61,800kms",Diesel,Automatic,₹33.50 Lakh,mumbai
MG,MG HectorSharp DCT,2021,"68,000kms",Petrol,Automatic,₹10.75 Lakh,mumbai
Mercedes-Benz,Mercedes-Benz C-ClassC 220 CDI BE Avantgare,2014,"35,000kms",Diesel,Automatic,₹10.51 Lakh,mumbai
Hyundai,Hyundai CretaS Plus Knight,2023,"43,241kms",Petrol,Manual,₹13.20 Lakh,mumbai
Toyota,Toyota Urban cruiserPremium AT,2021,"40,926kms",Petrol,Automatic,₹8.49 Lakh,mumbai
Skoda,Skoda Kushaq1.0 TSI Style AT,2022,"38,428kms",Petrol,Automatic,₹12.75 Lakh,mumbai
Volkswagen,Volkswagen Taigun1.0 TSI Highline AT BSVI,2022,"37,000kms",Petrol,Automatic,₹10.25 Lakh,mumbai
Mercedes-Benz,Mercedes-Benz E-ClassE 200 CGI,2014,"62,000kms",Petrol,Automatic,₹10.75 Lakh,mumbai
Maruti,Maruti XL6Alpha AT,2022,"38,802kms",Petrol,Automatic,₹11.49 Lakh,mumbai
Mercedes-Benz,Mercedes-Benz E-ClassE250 CDI,2014,"64,250kms",Diesel,Automatic,₹13.50 Lakh,mumbai
Mercedes-Benz,Mercedes-Benz E-ClassE 200 CGI Elegance,2013,"66,000kms",Petrol,Automatic,₹10.50 Lakh,mumbai
Honda,Honda CityZX CVT,2022,"29,000kms",Petrol,Automatic,₹10.95 Lakh,mumbai
Hyundai,Hyundai VenueSX Plus Turbo DCT BSIV,2019,"46,000kms",Petrol,Automatic,₹7.99 Lakh,mumbai
Mercedes-Benz,Mercedes-Benz E-ClassE250 CDI Avantgrade,2015,"52,000kms",Diesel,Automatic,₹12.75 Lakh,mumbai
MG,MG Hector PlusSharp DCT,2020,"48,000kms",Petrol,Automatic,₹12.65 Lakh,mumbai
Honda,Honda CityZX MT,2022,"42,880kms",Petrol,Manual,₹11.36 Lakh,mumbai
MG,MG HectorHybrid Smart MT BSIV,2019,"50,000kms",Petrol,Manual,₹7.70 Lakh,mumbai
MG,MG Hector1.5 Turbo Smart,2021,"53,641kms",Petrol,Manual,₹12.91 Lakh,mumbai
Maruti,Maruti Grand VitaraAlpha AT BSVI,2022,"31,000kms",Petrol,Automatic,₹13.90 Lakh,mumbai
Honda,Honda CityZX CVT,2023,"21,272kms",Petrol,Automatic,₹12.40 Lakh,mumbai
Jeep,Jeep MeridianLimited Opt AT BSVI,2022,"66,000kms",Diesel,Automatic,₹19.85 Lakh,mumbai
Volkswagen,Volkswagen Taigun1.5 TSI GT Plus BSVI,2022,"39,000kms",Petrol,Manual,₹13.75 Lakh,mumbai
Hyundai,Hyundai CretaSX Opt IVT BSVI,2022,"33,000kms",Petrol,Automatic,₹13.75 Lakh,mumbai
Skoda,Skoda Kushaq1.0 TSI Style AT,2022,"38,428kms",Petrol,Automatic,₹12.75 Lakh,mumbai
Hyundai,Hyundai Creta1.6 VTVT SX Plus,2016,"65,000kms",Petrol,Manual,₹7.35 Lakh,mumbai
Mercedes-Benz,Mercedes-Benz E-ClassE 200 CGI,2015,"62,304kms",Petrol,Automatic,₹13.90 Lakh,mumbai
Skoda,Skoda Kushaq1.5 TSI Style DSG,2021,"31,000kms",Petrol,Automatic,₹12.45 Lakh,mumbai
Honda,Honda CityZX CVT 2 Airbag,2023,"24,000kms",Petrol,Automatic,₹12.90 Lakh,mumbai
Mercedes-Benz,Mercedes-Benz GLS350d 4MATIC,2017,"74,000kms",Diesel,Automatic,₹47.50 Lakh,mumbai
Mercedes-Benz,Mercedes-Benz E-ClassE 200 CGI,2015,"92,000kms",Petrol,Automatic,₹12.75 Lakh,mumbai
Mercedes-Benz,Mercedes-Benz C-ClassC 200 CGI,2015,"45,000kms",Petrol,Automatic,₹14.80 Lakh,mumbai
Hyundai,Hyundai Creta1.6 CRDi SX,2020,"15,078kms",Diesel,Manual,₹15 Lakh,mumbai
Tata,Tata SafariAccomplished Plus AT,2024,"9,157kms",Diesel,Automatic,₹25.50 Lakh,mumbai
Mercedes-Benz,Mercedes-Benz C-ClassPrime C 200,2019,"14,457kms",Petrol,Automatic,₹26.90 Lakh,mumbai
Mercedes-Benz,Mercedes-Benz S-ClassS 350 CDIL,2014,"1,45,000kms",Diesel,Automatic,₹21 Lakh,mumbai
Kia,Kia CarnivalLimousine,2020,"36,641kms",Diesel,Automatic,₹26.75 Lakh,mumbai
Maruti,Maruti CiazAlpha BSIV,2019,"70,000kms",Petrol,Manual,₹5.99 Lakh,mumbai
Mercedes-Benz,Mercedes-Benz GLC300 4MATIC Sport,2018,"50,000kms",Petrol,Automatic,₹28.75 Lakh,mumbai
Mercedes-Benz,Mercedes-Benz GLC220,2016,"1,00,000kms",Diesel,Automatic,₹20.50 Lakh,mumbai
Mercedes-Benz,Mercedes-Benz GLE250d,2018,"1,10,000kms",Diesel,Automatic,₹27 Lakh,mumbai
Maruti,Maruti Vitara BrezzaZDi Plus,2019,"48,193kms",Diesel,Manual,₹8.49 Lakh,mumbai
Mercedes-Benz,Mercedes-Benz GLC220d 4MATIC Sport,2018,"71,900kms",Diesel,Automatic,₹27.50 Lakh,mumbai
Jaguar,Jaguar F-PacePrestige 2.0 AWD,2019,"1,10,000kms",Diesel,Automatic,₹24.75 Lakh,mumbai
Hyundai,Hyundai TucsonSignature AT BSVI,2022,"18,142kms",Petrol,Automatic,₹24.50 Lakh,mumbai
MG,MG ZS EVExclusive,2022,"57,500kms",Electric,Automatic,₹13.45 Lakh,mumbai
Mercedes-Benz,Mercedes-Benz CLAUrban Sport 200d,2019,"41,000kms",Diesel,Automatic,₹22.75 Lakh,mumbai
Mercedes-Benz,Mercedes-Benz CLAUrban Sport 200,2019,"29,000kms",Petrol,Automatic,₹20.95 Lakh,mumbai
Mercedes-Benz,Mercedes-Benz CLAUrban Sport 200,2019,"29,000kms",Petrol,Automatic,₹20.95 Lakh,mumbai
Mercedes-Benz,Mercedes-Benz GLC200,2022,"52,000kms",Petrol,Automatic,₹39.85 Lakh,mumbai
Audi,Audi A645 TFSI Technology WO Matrix BSVI,2020,"21,500kms",Petrol,Automatic,₹28.50 Lakh,mumbai
Mercedes-Benz,Mercedes-Benz GLC220,2016,"1,00,000kms",Diesel,Automatic,₹20.50 Lakh,mumbai
Mercedes-Benz,Mercedes-Benz GLE250d,2018,"1,10,000kms",Diesel,Automatic,₹27 Lakh,mumbai
Mercedes-Benz,Mercedes-Benz CLS-Class300d,2019,"50,000kms",Diesel,Automatic,₹45 Lakh,mumbai
Mercedes-Benz,Mercedes-Benz C-ClassPrime C 200,2019,"14,457kms",Petrol,Automatic,₹26.90 Lakh,mumbai
Mercedes-Benz,Mercedes-Benz E-ClassE 200 CGI,2017,"75,000kms",Petrol,Automatic,₹25 Lakh,mumbai
Mercedes-Benz,Mercedes-Benz C-ClassProgressive C 200,2019,"34,000kms",Petrol,Automatic,₹26.26 Lakh,mumbai
Mercedes-Benz,Mercedes-Benz GLS350d 4MATIC,2017,"74,000kms",Diesel,Automatic,₹47.50 Lakh,mumbai
Mercedes-Benz,Mercedes-Benz GLE250d,2018,"1,07,400kms",Diesel,Automatic,₹25 Lakh,mumbai
Kia,Kia CarnivalLimousine,2020,"39,900kms",Diesel,Automatic,₹26.75 Lakh,mumbai
Mercedes-Benz,Mercedes-Benz E-ClassExpression E 200 BSIV,2018,"36,000kms",Petrol,Automatic,₹24.50 Lakh,mumbai
Tata,Tata SafariAccomplished Plus AT,2024,"9,157kms",Diesel,Automatic,₹25.50 Lakh,mumbai
Mercedes-Benz,Mercedes-Benz S-ClassS 350 CDIL,2014,"73,000kms",Diesel,Automatic,₹20.95 Lakh,mumbai
Mercedes-Benz,Mercedes-Benz GLE250d,2016,"45,000kms",Diesel,Automatic,₹26 Lakh,mumbai
Kia,Kia CarnivalPrestige,2020,"68,000kms",Diesel,Automatic,₹20.90 Lakh,mumbai
Renault,Renault KigerRXZ AMT DT,2022,"10,000kms",Petrol,Automatic,₹6.25 Lakh,mumbai
Volkswagen,Volkswagen Tiguan2.0 TSI Elegance BSVI,2022,"37,000kms",Petrol,Automatic,₹24.75 Lakh,mumbai
Mercedes-Benz,Mercedes-Benz GLE250d,2016,"70,000kms",Diesel,Automatic,₹24.95 Lakh,mumbai
Mercedes-Benz,Mercedes-Benz C-ClassPrime C 220d,2020,"85,083kms",Diesel,Automatic,₹24 Lakh,mumbai
Tata,Tata HarrierXZ BSIV,2019,"40,000kms",Diesel,Manual,₹11 Lakh,mumbai
Honda,Honda Cityi-VTEC ZX,2019,"32,386kms",Petrol,Manual,₹6.79 Lakh,mumbai
Honda,Honda CityVX CVT,2019,"42,100kms",Petrol,Automatic,₹7.50 Lakh,mumbai
Honda,Honda Cityi-VTEC CVT V,2018,"26,826kms",Petrol,Automatic,₹6.35 Lakh,mumbai
Tata,Tata AltrozXZ Plus S,2023,"20,000kms",Petrol,Manual,₹7.40 Lakh,mumbai
Maruti,Maruti XL6Alpha,2020,"23,299kms",Petrol,Manual,₹9.50 Lakh,mumbai
MG,MG HectorSharp DCT,2020,"48,000kms",Petrol,Automatic,₹8.75 Lakh,mumbai
Toyota,Toyota Corolla Altis1.8 J,2016,"1,05,000kms",Petrol,Manual,₹7.45 Lakh,mumbai
Hyundai,Hyundai CretaSX Opt IVT BSVI,2020,"52,400kms",Petrol,Automatic,₹12 Lakh,mumbai
Mercedes-Benz,Mercedes-Benz E-ClassExpression E 220d,2021,"55,800kms",Diesel,Automatic,₹37 Lakh,mumbai
Toyota,Toyota Innova Crysta2.4 GX 7 STR AT,2021,"41,000kms",Diesel,Automatic,₹21.50 Lakh,mumbai
Toyota,Toyota Innova Crysta2.7 ZX 7 STR AT,2022,"46,000kms",Petrol,Automatic,₹22.90 Lakh,mumbai
Mercedes-Benz,Mercedes-Benz GLE250d,2018,"58,000kms",Diesel,Automatic,₹33.95 Lakh,mumbai
Mercedes-Benz,Mercedes-Benz S-ClassS 350 CDIL,2014,"62,000kms",Diesel,Automatic,₹26.50 Lakh,mumbai
Mercedes-Benz,Mercedes-Benz GLC220d 4MATIC Style,2016,"55,000kms",Diesel,Automatic,₹24.25 Lakh,mumbai
Mercedes-Benz,Mercedes-Benz E-ClassE 200,2024,"4,000kms",Petrol,Automatic,₹65.75 Lakh,mumbai
Mahindra,Mahindra XUV500R W10 FWD,2015,"1,32,000kms",Diesel,Manual,₹7.25 Lakh,mumbai
Audi,Audi A335 TDI Attraction,2015,"41,000kms",Diesel,Automatic,₹12.90 Lakh,mumbai
Mercedes-Benz,Mercedes-Benz C-ClassProgressive C 200,2020,"45,000kms",Petrol,Automatic,₹24.75 Lakh,mumbai
Mercedes-Benz,Mercedes-Benz C-ClassProgressive C 200,2018,"24,468kms",Petrol,Automatic,₹20.90 Lakh,mumbai
Maruti,Maruti CiazZeta BSIV,2019,"32,000kms",Petrol,Manual,₹6.51 Lakh,mumbai
Mercedes-Benz,Mercedes-Benz E-ClassExpression E 220d,2022,"26,500kms",Diesel,Automatic,₹54.95 Lakh,mumbai
Mercedes-Benz,Mercedes-Benz E-ClassExclusive E 220d BSVI,2022,"33,000kms",Diesel,Automatic,₹54.90 Lakh,mumbai
Mercedes-Benz,Mercedes-Benz C-ClassC 200 Avantgarde Edition C,2018,"45,000kms",Petrol,Automatic,₹21.75 Lakh,mumbai
Maruti,Maruti Grand VitaraZeta AT,2025,"10,000kms",Petrol,Automatic,₹16.50 Lakh,mumbai
Mercedes-Benz,Mercedes-Benz GLC300,2023,"16,000kms",Petrol,Automatic,₹62.45 Lakh,mumbai
Mercedes-Benz,Mercedes-Benz C-ClassC 220 CDI Style,2018,"25,362kms",Diesel,Automatic,₹27.17 Lakh,mumbai
Mercedes-Benz,Mercedes-Benz E-ClassE 220D,2017,"34,000kms",Diesel,Automatic,₹27.95 Lakh,mumbai
Toyota,Toyota Innova Crysta2.4 VX MT BSIV,2018,"60,000kms",Diesel,Manual,₹16 Lakh,mumbai
Mercedes-Benz,Mercedes-Benz C-ClassProgressive C 200,2020,"14,493kms",Petrol,Automatic,₹26.90 Lakh,mumbai
Hyundai,Hyundai TucsonSignature Diesel AT BSVI,2022,"41,000kms",Diesel,Automatic,₹26.95 Lakh,mumbai
Kia,Kia SeltosHTK Plus,2024,"8,000kms",Petrol,Manual,₹11.98 Lakh,mumbai
Kia,Kia SeltosGTX Plus Diesel AT,2022,"30,000kms",Diesel,Automatic,₹16.50 Lakh,mumbai
Honda,Honda CityZX CVT,2023,"22,095kms",Petrol,Automatic,₹12 Lakh,mumbai
Mercedes-Benz,Mercedes-Benz C-ClassC 200 AVANTGARDE,2015,"52,000kms",Petrol,Automatic,₹14.95 Lakh,mumbai
MG,MG Hector Plus1.5 Turbo Sharp Pro CVT 7 Str BSVI,2023,"9,000kms",Petrol,Automatic,₹18 Lakh,mumbai
Honda,Honda Cityi-VTEC V,2018,"80,000kms",Petrol,Manual,₹7 Lakh,mumbai
Mercedes-Benz,Mercedes-Benz GLE300d BSVI,2022,"23,000kms",Diesel,Automatic,₹75 Lakh,mumbai
Jeep,Jeep Compass1.4 Limited,2019,"21,246kms",Petrol,Automatic,₹10.49 Lakh,mumbai
Honda,Honda CityVX MT,2016,"63,500kms",Petrol,Manual,₹5.38 Lakh,mumbai
BMW,BMW 5 Series520d Luxury Line,2019,"60,000kms",Diesel,Automatic,₹32.98 Lakh,mumbai
Kia,Kia SeltosGTX Plus Diesel AT,2023,"22,527kms",Diesel,Automatic,₹18.75 Lakh,mumbai
Audi,Audi Q330 TFSI Premium FWD,2018,"56,301kms",Petrol,Automatic,₹15.75 Lakh,mumbai
MG,2024MG HectorSavvy Pro CVT  -2025,2023,"6,000kms",Petrol,Automatic,₹17.75 Lakh,mumbai
Honda,Honda Cityi-VTEC V,2018,"80,000kms",Petrol,Manual,₹7 Lakh,mumbai
MG,MG Hector1.5 Turbo Savvy Pro CVT BSVI,2023,"44,851kms",Petrol,Automatic,₹17 Lakh,mumbai
Hyundai,Hyundai AlcazarSignature (O) Diesel AT BSVI,2022,"15,715kms",Diesel,Automatic,₹17.50 Lakh,mumbai
Hyundai,Hyundai Creta N LineN10 DCT,2024,"13,800kms",Petrol,Automatic,₹20 Lakh,mumbai
BMW,BMW X1sDrive20d Expedition,2016,"40,000kms",Diesel,Automatic,₹12 Lakh,mumbai
Audi,Audi Q745 TDI Quattro Technology,2016,"66,000kms",Diesel,Automatic,₹30 Lakh,mumbai
Kia,Kia SeltosGTX Plus,2019,"50,671kms",Petrol,Manual,₹9.60 Lakh,mumbai
Maruti,Maruti Grand VitaraZeta BSVI,2023,"43,241kms",Petrol,Manual,₹10.84 Lakh,mumbai
Tata,Tata Tigor EVXZ Plus,2022,"40,000kms",Electric,Automatic,₹6.50 Lakh,mumbai
Skoda,Skoda OctaviaStyle,2022,"42,000kms",Petrol,Automatic,₹20.45 Lakh,mumbai
Hyundai,Hyundai Creta1.6 VTVT AT SX Plus,2018,"71,500kms",Petrol,Automatic,₹8.95 Lakh,mumbai
Mercedes-Benz,Mercedes-Benz GLC200,2020,"23,000kms",Petrol,Automatic,₹33.22 Lakh,mumbai
Tata,Tata TiagoXZA Plus AMT CNG,2024,"12,700kms",CNG,Automatic,₹7.25 Lakh,mumbai
Hyundai,Hyundai Creta1.6 SX Automatic,2018,"52,985kms",Petrol,Automatic,₹8.75 Lakh,mumbai
Jeep,Jeep Compass1.4 Limited Option,2019,"72,000kms",Petrol,Automatic,₹9.99 Lakh,mumbai
Honda,Honda Cityi-VTEC CVT VX,2017,"22,000kms",Petrol,Automatic,₹6.50 Lakh,mumbai
Maruti,Maruti Vitara BrezzaZDi AMT,2019,"26,182kms",Diesel,Automatic,₹8.50 Lakh,mumbai
MG,MG AstorSavvy CVT BSVI,2022,"38,000kms",Petrol,Automatic,₹10.75 Lakh,mumbai
Hyundai,Hyundai i20Asta Opt IVT BSVI,2022,"54,000kms",Petrol,Automatic,₹7.89 Lakh,mumbai
Hyundai,Hyundai CretaSX Premium iVT,2025,"2,472kms",Petrol,Automatic,₹18.49 Lakh,mumbai
Skoda,Skoda Slavia1.5 TSI Style AT BSVI,2022,"27,000kms",Petrol,Automatic,₹15 Lakh,mumbai
Toyota,Toyota Corolla AltisVL AT,2015,"65,000kms",Petrol,Automatic,₹5.75 Lakh,mumbai
Honda,Honda Cityi VTEC CVT VX,2016,"59,000kms",Petrol,Automatic,₹5.25 Lakh,mumbai
Maruti,Maruti Ciaz1.4 Alpha,2021,"46,448kms",Petrol,Manual,₹7.92 Lakh,mumbai
Tata,Tata Nexon EVXM,2022,"1,25,000kms",Electric,Automatic,₹7.80 Lakh,mumbai
Honda,Honda JazzV,2021,"23,338kms",Petrol,Manual,₹7.10 Lakh,mumbai
Hyundai,Hyundai Creta1.6 VTVT S,2019,"57,325kms",Petrol,Manual,₹8.23 Lakh,mumbai
Honda,Honda CityZX MT,2022,"51,000kms",Petrol,Manual,₹9.45 Lakh,mumbai
Tata,Tata NexonXMA AMT S BSVI,2022,"25,800kms",Petrol,Automatic,₹7.25 Lakh,mumbai
Hyundai,Hyundai Creta1.6 VTVT SX Plus,2018,"92,000kms",Petrol,Manual,₹9 Lakh,mumbai
Renault,Renault Captur1.5 Diesel RXT,2017,"35,000kms",Diesel,Manual,₹6.22 Lakh,mumbai
Hyundai,Hyundai VenueS BSIV,2020,"31,046kms",Petrol,Manual,₹7.19 Lakh,mumbai
Tata,Tata AltrozXM Plus,2024,"2,400kms",Petrol,Manual,₹7.70 Lakh,mumbai
Hyundai,Hyundai Creta1.6 VTVT AT SX Plus,2017,"60,000kms",Petrol,Automatic,₹7.50 Lakh,mumbai
Hyundai,Hyundai Creta1.6 VTVT AT SX Plus,2016,"71,500kms",Petrol,Automatic,₹7.40 Lakh,mumbai
MG,MG HectorHybrid Sharp MT BSIV,2019,"44,000kms",Petrol,Manual,₹9.75 Lakh,mumbai
Tata,Tata Nexon EVXZ Plus,2022,"40,000kms",Electric,Automatic,₹12 Lakh,mumbai
Hyundai,Hyundai i20Sportz IVT BSVI,2021,"29,000kms",Petrol,Automatic,₹7.22 Lakh,mumbai
Hyundai,Hyundai Creta1.6 VTVT Base,2018,"60,000kms",Petrol,Manual,₹8.99 Lakh,mumbai
Hyundai,Hyundai Creta1.6 VTVT SX Plus,2018,"92,000kms",Petrol,Manual,₹9 Lakh,mumbai
Land Rover,Land Rover DiscoveryHSE 3.0 TD6,2017,"53,000kms",Diesel,Automatic,₹26.75 Lakh,mumbai
Honda,Honda Cityi-VTEC CVT V,2019,"35,171kms",Petrol,Automatic,₹8.25 Lakh,mumbai
Honda,Honda CityV CVT,2019,"35,171kms",Petrol,Automatic,₹8.25 Lakh,mumbai
Hyundai,Hyundai Creta1.6 VTVT AT SX Plus,2016,"71,500kms",Petrol,Automatic,₹7.40 Lakh,mumbai
Mercedes-Benz,Mercedes-Benz S-ClassS 350 L,2007,"56,000kms",Petrol,Automatic,₹7.99 Lakh,mumbai
Honda,Honda JazzZX CVT,2021,"23,270kms",Petrol,Automatic,₹7.25 Lakh,mumbai
Maruti,Maruti XL6Alpha AT,2020,"85,000kms",Petrol,Automatic,₹9.25 Lakh,mumbai
Honda,Honda CityV CVT,2019,"52,000kms",Petrol,Automatic,₹7 Lakh,mumbai
Audi,Audi Q32.0 TDI Quattro,2016,"1,59,500kms",Diesel,Automatic,₹12.99 Lakh,mumbai
Hyundai,Hyundai VenueS BSIV,2020,"31,046kms",Petrol,Manual,₹7.19 Lakh,mumbai
Hyundai,Hyundai Creta1.6 VTVT AT SX Plus,2017,"60,000kms",Petrol,Automatic,₹7.50 Lakh,mumbai
Maruti,Maruti ErtigaZDI Plus,2019,"90,000kms",Diesel,Manual,₹9.49 Lakh,mumbai
BMW,BMW X5xDrive 40i SportX Plus,2021,"44,000kms",Petrol,Automatic,₹54.99 Lakh,mumbai
Hyundai,Hyundai Creta1.4 E Plus CRDi,2018,"62,000kms",Diesel,Manual,₹8.25 Lakh,mumbai
Hyundai,Hyundai Tucson2.0 Dual VTVT 2WD AT GL Opt,2019,"67,145kms",Petrol,Automatic,₹9.80 Lakh,mumbai
MG,MG HectorHybrid Sharp MT BSIV,2019,"44,000kms",Petrol,Manual,₹9.75 Lakh,mumbai
Hyundai,Hyundai VernaSX IVT,2024,"10,000kms",Petrol,Automatic,₹13 Lakh,mumbai
Honda,Honda Amaze 2nd GenVX CVT BSVI,2022,"17,000kms",Petrol,Automatic,₹7.45 Lakh,mumbai
Jeep,Jeep Compass1.4 Limited,2018,"40,000kms",Petrol,Automatic,₹8.91 Lakh,mumbai
Hyundai,Hyundai Tucson2.0 Dual VTVT 2WD AT GL,2017,"68,354kms",Petrol,Automatic,₹9.35 Lakh,mumbai
Audi,Audi Q32.0 TDI Quattro,2016,"1,59,500kms",Diesel,Automatic,₹12.99 Lakh,mumbai
Honda,Honda Cityi-VTEC CVT V,2019,"35,171kms",Petrol,Automatic,₹8.25 Lakh,mumbai
Honda,Honda CityV CVT,2019,"35,171kms",Petrol,Automatic,₹8.25 Lakh,mumbai
Maruti,Maruti S CrossDelta DDiS 200 SH,2019,"37,000kms",Diesel,Manual,₹7.95 Lakh,mumbai
Maruti,Maruti Ciaz1.4 AT Zeta,2017,"60,000kms",Petrol,Automatic,₹5.95 Lakh,mumbai
Maruti,Maruti ErtigaZXI Plus Petrol,2019,"41,000kms",Petrol,Manual,₹8.75 Lakh,mumbai
Honda,Honda CityV CVT,2019,"52,000kms",Petrol,Automatic,₹7 Lakh,mumbai
Maruti,Maruti Swift DzireZXI,2022,"28,010kms",Petrol,Manual,₹6.59 Lakh,mumbai
Maruti,Maruti Baleno1.2 CVT Alpha,2017,"34,300kms",Petrol,Automatic,₹5.85 Lakh,mumbai
Hyundai,Hyundai Creta1.6 VTVT AT SX Plus,2017,"57,000kms",Petrol,Automatic,₹7.25 Lakh,mumbai
Hyundai,Hyundai Creta1.6 SX,2018,"65,000kms",Petrol,Manual,₹8.35 Lakh,mumbai
Hyundai,Hyundai VenueS,2020,"30,688kms",Petrol,Manual,₹6.75 Lakh,mumbai
Maruti,Maruti BalenoAlpha CVT,2019,"40,000kms",Petrol,Automatic,₹5.55 Lakh,mumbai
Hyundai,Hyundai VenueSX Plus Turbo DCT,2020,"45,001kms",Petrol,Automatic,₹7.45 Lakh,mumbai
Jeep,Jeep Compass1.4 Limited,2018,"51,000kms",Petrol,Automatic,₹8 Lakh,mumbai
Maruti,Maruti Swift DzireAMT ZDI,2017,"32,000kms",Diesel,Automatic,₹6.25 Lakh,mumbai
Maruti,Maruti BalenoAlpha CVT,2019,"40,000kms",Petrol,Automatic,₹5.55 Lakh,mumbai
Hyundai,Hyundai VenueS,2020,"30,688kms",Petrol,Manual,₹6.75 Lakh,mumbai
Maruti,Maruti Swift DzireZXI,2022,"28,010kms",Petrol,Manual,₹6.59 Lakh,mumbai
Audi,Audi A340 TFSI Premium Plus,2015,"61,000kms",Petrol,Automatic,₹9.95 Lakh,mumbai
Maruti,Maruti Swift DzireVXI 1.2,2019,"62,000kms",Petrol,Manual,₹5.25 Lakh,mumbai
Maruti,Maruti BalenoZeta CVT,2021,"25,500kms",Petrol,Automatic,₹6.35 Lakh,mumbai
Hyundai,Hyundai i20Asta 1.4 CRDi,2016,"61,000kms",Diesel,Manual,₹5.85 Lakh,mumbai
Maruti,Maruti Swift DzireAMT VXI,2018,"19,973kms",Petrol,Automatic,₹5.49 Lakh,mumbai
Maruti,Maruti SwiftZXI,2021,"18,828kms",Petrol,Manual,₹5.99 Lakh,mumbai
Maruti,Maruti Swift DzireAMT ZXI BS IV,2018,"49,402kms",Petrol,Automatic,₹5.99 Lakh,mumbai
Volvo,Volvo XC60Inscription D5 BSIV,2020,"47,902kms",Diesel,Automatic,₹36.75 Lakh,mumbai
Mercedes-Benz,Mercedes-Benz E-ClassExclusive E 200 BSIV,2019,"33,600kms",Petrol,Automatic,₹34.75 Lakh,mumbai
Tata,Tata TigorXZ Plus CNG BSVI,2022,"39,615kms",CNG,Manual,₹5.90 Lakh,mumbai
Skoda,Skoda KodiaqL & K,2023,"32,000kms",Petrol,Automatic,₹33 Lakh,mumbai
Kia,Kia CarnivalLimousine Plus,2022,"30,000kms",Diesel,Automatic,₹34.90 Lakh,mumbai
Kia,Kia CarnivalLimousine Plus,2021,"21,000kms",Diesel,Automatic,₹34 Lakh,mumbai
Chevrolet,Chevrolet Aveo1.4 BS IV,2008,"1,00,000kms",Petrol,Manual,₹1.30 Lakh,mumbai
Kia,Kia CarnivalLimousine Plus,2022,"36,000kms",Diesel,Automatic,₹33.50 Lakh,mumbai
Mercedes-Benz,Mercedes-Benz GLC43 AMG Coupe,2017,"57,000kms",Petrol,Automatic,₹42.50 Lakh,mumbai
Mercedes-Benz,Mercedes-Benz S-ClassS 350 CDI,2017,"41,350kms",Diesel,Automatic,₹37 Lakh,mumbai
Toyota,Toyota CorollaAE,2009,"1,45,000kms",Petrol,Manual,₹1.60 Lakh,mumbai
Mercedes-Benz,Mercedes-Benz E-ClassE 350d,2020,"62,300kms",Diesel,Automatic,₹36.25 Lakh,mumbai
Mercedes-Benz,Mercedes-Benz E-ClassExclusive E 220d BSVI,2022,"26,500kms",Diesel,Automatic,₹54.95 Lakh,mumbai
Kia,Kia CarnivalLimousine,2022,"22,300kms",Diesel,Automatic,₹35 Lakh,mumbai
Honda,Honda Cityi VTEC SV,2016,"30,000kms",Petrol,Manual,₹4.80 Lakh,mumbai
Mercedes-Benz,Mercedes-Benz E-ClassExclusive E 220d BSVI,2022,"50,000kms",Diesel,Automatic,₹54.50 Lakh,mumbai
Kia,Kia CarnivalLimousine Plus,2022,"37,000kms",Diesel,Automatic,₹32.95 Lakh,mumbai
Mercedes-Benz,Mercedes-Benz E-ClassExclusive E 200 BSIV,2019,"33,600kms",Petrol,Automatic,₹33.90 Lakh,mumbai
Honda,Honda AmazeS i-Vtech,2015,"44,000kms",Petrol,Manual,₹2.65 Lakh,mumbai
Mercedes-Benz,Mercedes-Benz S-ClassS 350d Connoisseurs Edition,2018,"53,000kms",Diesel,Automatic,₹69.90 Lakh,mumbai
Mercedes-Benz,Mercedes-Benz C-ClassC 300d BSVI,2022,"15,000kms",Diesel,Automatic,₹55 Lakh,mumbai
Mercedes-Benz,Mercedes-Benz S-ClassS 350d BSVI,2021,"45,000kms",Diesel,Automatic,₹89 Lakh,mumbai
Hyundai,Hyundai i10Sportz AT,2012,"51,000kms",Petrol,Automatic,₹1.85 Lakh,mumbai
Porsche,Porsche CayenneDiesel,2015,"88,750kms",Diesel,Automatic,₹47.20 Lakh,mumbai
Mercedes-Benz,Mercedes-Benz S-ClassS 350 CDI,2017,"48,000kms",Diesel,Automatic,₹38.95 Lakh,mumbai
Mercedes-Benz,Mercedes-Benz E-ClassExpression E 220d,2022,"26,500kms",Diesel,Automatic,₹54.95 Lakh,mumbai
Volkswagen,Volkswagen VentoDiesel Highline,2012,"76,000kms",Diesel,Manual,₹2.70 Lakh,mumbai
BMW,BMW 6 SeriesGT 620d Luxury Line  -2021,2019,"32,000kms",Diesel,Automatic,₹35 Lakh,mumbai
Honda,Honda CityZX CVT,2023,"24,000kms",Petrol,Automatic,₹12.90 Lakh,mumbai
Honda,Honda CityZX CVT,2023,"7,000kms",Petrol,Automatic,₹14.50 Lakh,mumbai
Volkswagen,Volkswagen VentoDiesel Highline,2012,"76,000kms",Diesel,Manual,₹2.70 Lakh,mumbai
Honda,Honda CityZX CVT,2023,"7,000kms",Petrol,Automatic,₹14.50 Lakh,mumbai
Mercedes-Benz,Mercedes-Benz GLC300 4MATIC,2016,"44,900kms",Petrol,Automatic,₹24.75 Lakh,mumbai
Toyota,Toyota Innova Crysta2.7 GX MT BSIV,2019,"65,000kms",Petrol,Manual,₹17.45 Lakh,mumbai
Honda,Honda CityV AT,2012,"62,000kms",Petrol,Automatic,₹2.75 Lakh,mumbai
Toyota,Toyota Corolla Altis1.8 VL CVT,2019,"47,000kms",Petrol,Automatic,₹10.89 Lakh,mumbai
Toyota,Toyota Innova Crysta2.8 GX AT 8S BSIV,2017,"1,07,000kms",Diesel,Automatic,₹15.25 Lakh,mumbai
Volkswagen,Volkswagen VirtusGT Plus DSG,2023,"9,000kms",Petrol,Automatic,₹16.75 Lakh,mumbai
Mahindra,Mahindra ScorpioS 11 BSVI,2022,"80,000kms",Diesel,Manual,₹13.05 Lakh,mumbai
Maruti,Maruti XL6Alpha AT,2022,"75,000kms",Petrol,Automatic,₹8.79 Lakh,mumbai
MG,MG Hector1.5 Turbo Shine,2022,"21,748kms",Petrol,Manual,₹12.04 Lakh,mumbai
Kia,Kia SeltosHTX IVT,2022,"59,535kms",Petrol,Automatic,₹12.06 Lakh,mumbai
Maruti,Maruti Wagon RLXI CNG,2014,"72,000kms",CNG,Manual,₹2.65 Lakh,mumbai
Kia,Kia SeltosGTX Plus,2022,"98,623kms",Petrol,Manual,₹11.30 Lakh,mumbai
MG,MG Hector PlusSharp Hybrid MT,2021,"62,486kms",Petrol,Manual,₹11.18 Lakh,mumbai
Hyundai,Hyundai Creta1.6 CRDi AT SX Plus,2018,"57,672kms",Diesel,Automatic,₹10.95 Lakh,mumbai
Maruti,Maruti Wagon RLXI Optional,2017,"50,000kms",Petrol,Manual,₹2.30 Lakh,mumbai
Skoda,Skoda Kushaq1.0 TSI Ambition AT BSVI,2022,"41,189kms",Petrol,Automatic,₹10.95 Lakh,mumbai
Kia,Kia SeltosHTK Plus AT D,2020,"43,318kms",Diesel,Automatic,₹11.90 Lakh,mumbai
MG,MG HectorHybrid Sharp MT,2021,"23,000kms",Petrol,Manual,₹10.75 Lakh,mumbai
Maruti,Maruti Alto 800VXI Plus BSVI,2020,"50,000kms",Petrol,Manual,₹2.90 Lakh,mumbai
Kia,Kia SeltosHTX Plus AT D,2019,"54,798kms",Diesel,Automatic,₹10.45 Lakh,mumbai
MG,MG Hector PlusSharp Diesel MT,2021,"24,911kms",Diesel,Manual,₹13.99 Lakh,mumbai
Kia,Kia SeltosHTK Plus AT D,2021,"58,000kms",Diesel,Automatic,₹13.25 Lakh,mumbai
Chevrolet,Chevrolet Sail1.3 LS,2013,"75,584kms",Diesel,Manual,₹1.80 Lakh,mumbai
Toyota,Toyota Innova Crysta2.4 Zx 7Str,2024,"15,000kms",Diesel,Manual,₹24.75 Lakh,mumbai
Kia,Kia SeltosHTK Plus G,2020,"27,000kms",Petrol,Manual,₹9.65 Lakh,mumbai
Jeep,Jeep Compass1.4 Limited Plus BSIV,2018,"25,000kms",Petrol,Automatic,₹9.45 Lakh,mumbai
Maruti,Maruti Swift DzireVXI,2014,"65,800kms",Petrol,Manual,₹3.50 Lakh,mumbai
Jeep,Jeep CompassModel S DCT BSVI,2021,"42,000kms",Petrol,Automatic,₹14.48 Lakh,mumbai
Kia,Kia SeltosGTX Plus Diesel AT,2022,"23,000kms",Diesel,Automatic,₹14.50 Lakh,mumbai
MG,MG GlosterSavvy 4x2 7Str,2023,"27,000kms",Diesel,Automatic,₹36 Lakh,mumbai
Toyota,Toyota EtiosV,2011,"19,250kms",Petrol,Manual,₹2.17 Lakh,mumbai
MG,MG GlosterBlack Storm 4x2 6Str,2023,"61,944kms",Diesel,Automatic,₹32.95 Lakh,mumbai
Mercedes-Benz,Mercedes-Benz E-ClassExclusive E 220 d BSIV,2019,"40,500kms",Diesel,Automatic,₹34.95 Lakh,mumbai
Hyundai,Hyundai Creta1.6 VTVT S,2020,"30,239kms",Petrol,Manual,₹9.95 Lakh,mumbai
Maruti,Maruti RitzZXI,2010,"40,000kms",Petrol,Manual,₹1.35 Lakh,mumbai
Maruti,Maruti BalenoZeta,2022,"54,929kms",Petrol,Manual,₹5.65 Lakh,mumbai
BMW,BMW X1sDrive20i SportX,2021,"25,000kms",Petrol,Automatic,₹26.90 Lakh,mumbai
Kia,Kia CarnivalLimousine,2020,"82,000kms",Diesel,Automatic,₹22.50 Lakh,mumbai
Maruti,Maruti RitzZXI,2010,"40,000kms",Petrol,Manual,₹1.35 Lakh,mumbai
Kia,Kia CarnivalLimousine Plus,2022,"37,000kms",Diesel,Automatic,₹32.95 Lakh,mumbai
Porsche,Porsche CayenneDiesel Platinum Edition,2017,"32,000kms",Diesel,Automatic,₹59.75 Lakh,mumbai
BMW,BMW X5xDrive 30d Design Pure Experience 5 Seater,2017,"42,000kms",Diesel,Automatic,₹42 Lakh,mumbai
Chevrolet,Chevrolet BeatLT,2015,"60,000kms",Petrol,Manual,₹1.65 Lakh,mumbai
Hyundai,Hyundai VenueS,2020,"38,200kms",Petrol,Manual,₹6.49 Lakh,mumbai
Mercedes-Benz,Mercedes-Benz M-ClassML 250 CDI,2015,"92,000kms",Diesel,Automatic,₹13.50 Lakh,mumbai
Mahindra,Mahindra MarazzoM8,2018,"74,000kms",Diesel,Manual,₹7.50 Lakh,mumbai
,Fiat Punto1.3 Active,2014,"90,000kms",Diesel,Manual,₹1.50 Lakh,mumbai
Maruti,Maruti Vitara BrezzaVDi Option,2017,"77,000kms",Diesel,Manual,₹6.21 Lakh,mumbai
Mahindra,Mahindra MarazzoM8,2020,"93,000kms",Diesel,Manual,₹7.75 Lakh,mumbai
Mahindra,Mahindra MarazzoM8,2020,"65,000kms",Diesel,Manual,₹7.75 Lakh,mumbai
Maruti,Maruti Wagon RZXI 1.2,2021,"50,000kms",Petrol,Manual,₹4.99 Lakh,mumbai
BMW,BMW 6 SeriesGT 630d Luxury Line,2019,"24,500kms",Diesel,Automatic,₹37.95 Lakh,mumbai
Audi,Audi Q5Technology BSVI,2022,"35,000kms",Petrol,Automatic,₹42.90 Lakh,mumbai
Honda,Honda JazzZX,2021,"12,723kms",Petrol,Manual,₹8.02 Lakh,mumbai
Toyota,Toyota EtiosV,2013,"65,000kms",Petrol,Manual,₹3.13 Lakh,mumbai
Kia,Kia SeltosGTX Plus DCT,2020,"90,284kms",Petrol,Automatic,₹9.69 Lakh,mumbai
Volkswagen,Volkswagen Taigun1.0 TSI Topline BSVI,2021,"69,800kms",Petrol,Manual,₹7.94 Lakh,mumbai
Hyundai,Hyundai Creta1.6 SX Automatic,2018,"55,370kms",Petrol,Automatic,₹8.85 Lakh,mumbai
Hyundai,Hyundai i201.2 Magna,2010,"40,000kms",Petrol,Manual,₹1.65 Lakh,mumbai
Honda,Honda CityV CVT,2020,"59,272kms",Petrol,Automatic,₹8.85 Lakh,mumbai
Kia,Kia SeltosHTK Plus G,2020,"68,791kms",Petrol,Manual,₹7.90 Lakh,mumbai
Hyundai,Hyundai Creta1.6 VTVT AT SX Plus,2018,"60,000kms",Petrol,Automatic,₹9.50 Lakh,mumbai
Maruti,Maruti SwiftZXI BSIV,2016,"70,000kms",Petrol,Manual,₹4 Lakh,mumbai
Maruti,Maruti Swift DzireZDI,2017,"44,300kms",Diesel,Manual,₹6.21 Lakh,mumbai
Kia,Kia SonetHTK,2023,"41,000kms",Petrol,Manual,₹7.50 Lakh,mumbai
Honda,Honda Cityi-VTEC CVT VX,2018,"31,972kms",Petrol,Automatic,₹7.99 Lakh,mumbai
Hyundai,Hyundai i20Sportz Option 1.2,2015,"50,000kms",Petrol,Manual,₹3.50 Lakh,mumbai
Hyundai,Hyundai i20Asta Option BSIV,2018,"40,000kms",Petrol,Manual,₹7.40 Lakh,mumbai
Kia,Kia Carens ClavisHTX Plus Turbo DCT,2025,"4,250kms",Petrol,Automatic,₹21.95 Lakh,mumbai
Toyota,Toyota Innova Crysta2.8 GX AT BSIV,2018,"68,982kms",Diesel,Automatic,₹18.95 Lakh,mumbai
Honda,Honda Cityi VTEC CVT SV,2015,"1,54,000kms",Petrol,Automatic,₹4 Lakh,mumbai
BMW,BMW 6 SeriesGT 630d Luxury Line,2018,"48,000kms",Diesel,Automatic,₹36 Lakh,mumbai
Skoda,Skoda SuperbStyle 1.8 TSI MT,2018,"53,000kms",Petrol,Manual,₹10.75 Lakh,mumbai
MG,MG Hector1.5 Turbo Sharp pro CVT BSVI,2023,"23,000kms",Petrol,Automatic,₹14.25 Lakh,mumbai
Hyundai,Hyundai Grand i101.2 Kappa Magna AT,2019,"24,600kms",Petrol,Automatic,₹4 Lakh,mumbai
Kia,Kia SonetHTX Turbo iMT,2024,"9,707kms",Petrol,Manual,₹11.50 Lakh,mumbai
MG,MG Hector PlusSharp DCT,2021,"24,967kms",Petrol,Automatic,₹14.75 Lakh,mumbai
Audi,Audi Q330 TFSI Premium FWD,2018,"56,255kms",Petrol,Automatic,₹17.07 Lakh,mumbai
Volkswagen,Volkswagen Vento1.2 TSI Highline AT,2018,"72,000kms",Petrol,Automatic,₹4.75 Lakh,mumbai
BMW,2021BMW 2 Series Gran Coupe220d M Sport  -2021,2020,"23,000kms",Diesel,Automatic,₹28.75 Lakh,mumbai
BMW,BMW 2 Series Gran Coupe220i M Sport,2023,"17,300kms",Petrol,Automatic,₹29.95 Lakh,mumbai
Skoda,Skoda SuperbLaurin & klement BSVI,2021,"44,000kms",Petrol,Automatic,₹24.75 Lakh,mumbai
Maruti,Maruti Wagon RLXI CNG,2014,"69,000kms",CNG,Manual,₹3.21 Lakh,mumbai
Hyundai,Hyundai Creta1.6 VTVT AT SX Plus,2018,"42,246kms",Petrol,Automatic,₹8 Lakh,mumbai
Hyundai,Hyundai Tucson2.0 e-VGT 2WD AT GL,2018,"84,000kms",Diesel,Automatic,₹9.25 Lakh,mumbai
Mahindra,Mahindra MarazzoM2 BSIV,2019,"62,000kms",Diesel,Manual,₹7 Lakh,mumbai
Maruti,Maruti SwiftAMT VXI,2018,"36,985kms",Petrol,Automatic,₹4.75 Lakh,mumbai
Audi,Audi A635 TDI,2017,"50,199kms",Diesel,Automatic,₹15.75 Lakh,mumbai
Mercedes-Benz,Mercedes-Benz C-ClassC 220d Avantgarde Edition C,2018,"64,000kms",Diesel,Automatic,₹22.10 Lakh,mumbai
Audi,Audi A635 TDI,2019,"35,000kms",Diesel,Automatic,₹23.95 Lakh,mumbai
Honda,Honda AmazeS i-Vtech,2015,"49,999kms",Petrol,Manual,₹3.29 Lakh,mumbai
Audi,Audi Q535TDI,2018,"74,900kms",Diesel,Automatic,₹25.50 Lakh,mumbai
Audi,Audi Q745 TDI Quattro Premium Plus,2017,"91,900kms",Diesel,Automatic,₹24.50 Lakh,mumbai
Mercedes-Benz,Mercedes-Benz GL-Class350 CDI Blue Efficiency,2016,"73,000kms",Diesel,Automatic,₹24.45 Lakh,mumbai
Hyundai,Hyundai Verna1.6 VTVT,2014,"84,000kms",Petrol,Manual,₹3.85 Lakh,mumbai
Audi,Audi Q5Technology 2.0 TFSI,2018,"31,000kms",Petrol,Automatic,₹24.45 Lakh,mumbai
Audi,Audi A335 TDI Premium Plus,2019,"76,000kms",Diesel,Automatic,₹21.50 Lakh,mumbai
Audi,Audi Q335 TDI Quattro Premium Plus,2017,"61,000kms",Diesel,Automatic,₹20.99 Lakh,mumbai
Tata,Tata TigorXZA,2019,"23,117kms",Petrol,Automatic,₹4.75 Lakh,mumbai
BMW,BMW 2 Series Gran Coupe220i M Sport BSVI,2021,"14,938kms",Petrol,Automatic,₹30 Lakh,mumbai
Jaguar,Jaguar XF2.0 Diesel Portfolio,2017,"55,000kms",Diesel,Automatic,₹20.85 Lakh,mumbai
Volkswagen,Volkswagen Tiguan2.0 TDI Highline,2019,"45,107kms",Diesel,Automatic,₹20.95 Lakh,mumbai
Toyota,Toyota Fortuner4x2 4 Speed AT,2012,"80,000kms",Diesel,Automatic,₹12.50 Lakh,mumbai
Mercedes-Benz,Mercedes-Benz S-ClassS 350 CDI,2015,"54,000kms",Diesel,Automatic,₹29.75 Lakh,mumbai
Mercedes-Benz,Mercedes-Benz GL-Class350 CDI Blue Efficiency,2014,"1,07,000kms",Diesel,Automatic,₹21.11 Lakh,mumbai
Mercedes-Benz,Mercedes-Benz GLE250d,2017,"94,500kms",Diesel,Automatic,₹27.27 Lakh,mumbai
Tata,Tata PunchAccomplished AMT,2024,"37,000kms",Petrol,Automatic,₹10 Lakh,mumbai
Mercedes-Benz,Mercedes-Benz GLC220d 4MATIC Style,2017,"77,000kms",Diesel,Automatic,₹27.50 Lakh,mumbai
Toyota,Toyota Innova Crysta2.8 GX AT BSIV,2019,"52,000kms",Diesel,Automatic,₹20.99 Lakh,mumbai
Mercedes-Benz,Mercedes-Benz E-ClassE 220D,2017,"65,000kms",Diesel,Automatic,₹30 Lakh,mumbai
Hyundai,Hyundai Verna1.6 SX VTVT AT,2015,"39,000kms",Petrol,Automatic,₹4.69 Lakh,mumbai
Mercedes-Benz,Mercedes-Benz E-ClassE350 CDI Avantgrade,2017,"27,000kms",Diesel,Automatic,₹21 Lakh,mumbai
Mercedes-Benz,Mercedes-Benz A-Class LimousineA 200d,2023,"21,000kms",Diesel,Automatic,₹29.99 Lakh,mumbai
Toyota,Toyota Innova Crysta2.4 GX 7Str,2024,"35,000kms",Diesel,Manual,₹24.98 Lakh,mumbai
Renault,Renault DusterRXZ AWD,2015,"1,20,000kms",Diesel,Manual,₹3.57 Lakh,mumbai
Mercedes-Benz,Mercedes-Benz E-ClassExclusive E 220 d BSIV,2018,"67,000kms",Diesel,Automatic,₹23.50 Lakh,mumbai
BMW,BMW 2 Series Gran Coupe220i M Sport BSVI,2021,"23,300kms",Petrol,Automatic,₹28.25 Lakh,mumbai
Hyundai,Hyundai i201.2 Asta Option,2018,"28,327kms",Petrol,Manual,₹5.87 Lakh,mumbai
Hyundai,Hyundai i201.2 Asta Option,2018,"28,327kms",Petrol,Manual,₹5.87 Lakh,mumbai
Volkswagen,Volkswagen Tiguan2.0 TDI Highline,2019,"1,19,498kms",Diesel,Automatic,₹16.95 Lakh,mumbai
Hyundai,Hyundai Creta N LineN10 DCT Dual Tone,2024,"20,800kms",Petrol,Automatic,₹19 Lakh,mumbai
Mercedes-Benz,Mercedes-Benz CLA200 CDI Sport,2019,"32,000kms",Diesel,Automatic,₹17.95 Lakh,mumbai
Maruti,Maruti Grand VitaraAlpha Plus Hybrid CVT,2024,"9,000kms",Petrol,Automatic,₹18.65 Lakh,mumbai
Toyota,Toyota Innova Crysta2.8 GX AT BSIV,2017,"84,000kms",Diesel,Automatic,₹15.25 Lakh,mumbai
Toyota,Toyota Innova Crysta2.4 G Plus MT BSIV,2019,"72,000kms",Diesel,Manual,₹17.75 Lakh,mumbai
Hyundai,Hyundai CretaSX Opt Turbo BSVI,2023,"35,400kms",Petrol,Automatic,₹15.99 Lakh,mumbai
Toyota,Toyota Innova Crysta2.8 GX AT 8S BSIV,2020,"80,863kms",Diesel,Automatic,₹17.95 Lakh,mumbai
Mercedes-Benz,Mercedes-Benz E-ClassE250 CDI Avantgarde,2016,"66,000kms",Diesel,Automatic,₹16.50 Lakh,mumbai
Mercedes-Benz,Mercedes-Benz CLA200 CGI Sport,2015,"56,000kms",Petrol,Automatic,₹15.25 Lakh,mumbai
Mercedes-Benz,Mercedes-Benz C-ClassC 200 CGI,2016,"45,000kms",Petrol,Automatic,₹17.95 Lakh,mumbai
Mercedes-Benz,Mercedes-Benz GL-Class350 CDI Blue Efficiency,2015,"95,000kms",Diesel,Automatic,₹18.75 Lakh,mumbai
Mercedes-Benz,Mercedes-Benz CLA200 CDI Style,2019,"32,000kms",Diesel,Automatic,₹17.95 Lakh,mumbai
Volkswagen,Volkswagen Tiguan2.0 TDI Highline,2017,"85,871kms",Diesel,Automatic,₹15.75 Lakh,mumbai
Hyundai,Hyundai Creta1.4 CRDi S,2023,"49,865kms",Diesel,Manual,₹16.85 Lakh,mumbai
Hyundai,Hyundai CretaSX Opt Diesel AT BSVI,2022,"78,000kms",Diesel,Automatic,₹16.45 Lakh,mumbai
Maruti,Maruti Grand VitaraAlpha Plus Hybrid CVT BSVI,2023,"13,000kms",Petrol,Automatic,₹18.90 Lakh,mumbai
Hyundai,Hyundai AlcazarSignature Diesel BSVI,2021,"46,618kms",Diesel,Manual,₹15.75 Lakh,mumbai
Audi,Audi A335 TDI Technology,2019,"25,500kms",Diesel,Automatic,₹16.50 Lakh,mumbai
Volkswagen,Volkswagen Tiguan2.0 TDI Highline,2017,"85,871kms",Diesel,Automatic,₹15.75 Lakh,mumbai
Hyundai,Hyundai Creta1.4 CRDi S,2023,"49,865kms",Diesel,Manual,₹16.85 Lakh,mumbai
Toyota,Toyota Innova Crysta2.8 GX AT BSIV,2017,"84,000kms",Diesel,Automatic,₹15.25 Lakh,mumbai
Mercedes-Benz,Mercedes-Benz CLA200 CDI Sport,2019,"32,000kms",Diesel,Automatic,₹17.95 Lakh,mumbai
Toyota,Toyota Innova Crysta2.8 ZX AT BSIV,2017,"1,23,000kms",Diesel,Automatic,₹17 Lakh,mumbai
Toyota,Toyota Innova Crysta2.4 GX 7 STR AT,2020,"1,19,000kms",Diesel,Automatic,₹18.11 Lakh,mumbai
Maruti,Maruti Grand VitaraAlpha Plus Hybrid CVT,2024,"9,000kms",Petrol,Automatic,₹18.65 Lakh,mumbai
Volkswagen,Volkswagen Tiguan2.0 TDI Highline,2019,"1,19,498kms",Diesel,Automatic,₹16.95 Lakh,mumbai
Hyundai,Hyundai Creta N LineN10 DCT Dual Tone,2024,"20,800kms",Petrol,Automatic,₹19 Lakh,mumbai
Mercedes-Benz,Mercedes-Benz M-ClassML 250 CDI,2015,"91,000kms",Diesel,Automatic,₹17 Lakh,mumbai
Hyundai,Hyundai CretaSX (O) Turbo DCT,2024,"7,500kms",Petrol,Automatic,₹19.99 Lakh,mumbai
Mercedes-Benz,Mercedes-Benz GLE250d,2016,"1,16,000kms",Diesel,Automatic,₹18.45 Lakh,mumbai
Kia,Kia SeltosGTX Plus DCT,2022,"13,800kms",Petrol,Automatic,₹15.50 Lakh,mumbai
Mercedes-Benz,Mercedes-Benz M-ClassML 250 CDI,2014,"1,10,000kms",Diesel,Automatic,₹17.70 Lakh,mumbai
Mercedes-Benz,Mercedes-Benz E-ClassE250 CDI Avantgarde,2016,"68,000kms",Diesel,Automatic,₹17.40 Lakh,mumbai
Toyota,Toyota Innova Crysta2.7 ZX 7 STR AT,2021,"56,500kms",Petrol,Automatic,₹20 Lakh,mumbai
Hyundai,Hyundai AlcazarSignature (O) Diesel AT BSVI,2021,"71,000kms",Diesel,Automatic,₹16.50 Lakh,mumbai
Mercedes-Benz,Mercedes-Benz C-ClassC 200 Avantgarde Edition C,2017,"56,400kms",Petrol,Automatic,₹17.50 Lakh,mumbai
Hyundai,Hyundai TucsonGLS AT,2021,"34,100kms",Petrol,Automatic,₹17.45 Lakh,mumbai
Toyota,Toyota Innova Crysta2.4 VX MT BSIV,2017,"47,000kms",Diesel,Manual,₹15.99 Lakh,mumbai
Mercedes-Benz,Mercedes-Benz CLA200 CGI Sport,2015,"56,000kms",Petrol,Automatic,₹15.25 Lakh,mumbai
Mercedes-Benz,Mercedes-Benz C-ClassC 200 CGI,2016,"45,000kms",Petrol,Automatic,₹17.95 Lakh,mumbai
Hyundai,Hyundai CretaSX (O) Turbo DCT,2024,"7,500kms",Petrol,Automatic,₹19.99 Lakh,mumbai
Mercedes-Benz,Mercedes-Benz GLE250d,2016,"1,16,000kms",Diesel,Automatic,₹18.45 Lakh,mumbai
Kia,Kia SeltosGTX Plus DCT,2022,"13,800kms",Petrol,Automatic,₹15.50 Lakh,mumbai
Hyundai,Hyundai TucsonGLS AT,2021,"34,100kms",Petrol,Automatic,₹17.45 Lakh,mumbai
Hyundai,Hyundai Creta N LineN10 DCT Titan Grey Matte,2024,"8,612kms",Petrol,Automatic,₹19.45 Lakh,mumbai
Toyota,Toyota Innova Crysta2.8 GX AT BSIV,2017,"84,000kms",Diesel,Automatic,₹15.25 Lakh,mumbai
Toyota,Toyota Innova Crysta2.8 GX AT BSIV,2019,"40,000kms",Diesel,Automatic,₹18.49 Lakh,mumbai
Toyota,Toyota Innova Crysta2.8 ZX AT BSIV,2019,"1,31,000kms",Diesel,Automatic,₹17.98 Lakh,mumbai
Mercedes-Benz,Mercedes-Benz C-ClassC 200 Avantgarde Edition C,2017,"56,400kms",Petrol,Automatic,₹17.50 Lakh,mumbai
BMW,BMW X1sDrive20d Expedition,2017,"66,000kms",Diesel,Automatic,₹16.50 Lakh,mumbai
Jaguar,Jaguar XE2.0L Diesel Prestige,2017,"22,000kms",Diesel,Automatic,₹17.75 Lakh,mumbai
Jeep,Jeep Compass1.4 Sport DCT BSVI,2022,"44,008kms",Petrol,Automatic,₹16.50 Lakh,mumbai
Audi,Audi A335 TDI Premium Plus,2020,"25,500kms",Diesel,Automatic,₹16.50 Lakh,mumbai
Hyundai,Hyundai CretaSX (O) Turbo DCT,2024,"8,500kms",Petrol,Automatic,₹19.50 Lakh,mumbai
Hyundai,Hyundai AlcazarSignature (O) AT,2022,"3,700kms",Petrol,Automatic,₹18.51 Lakh,mumbai
Mercedes-Benz,Mercedes-Benz GLA Class200 Sport,2019,"77,300kms",Petrol,Automatic,₹18.50 Lakh,mumbai
Toyota,Toyota Innova Crysta2.8 ZX AT BSIV,2017,"62,600kms",Diesel,Automatic,₹17.21 Lakh,mumbai
Hyundai,Hyundai VenueS BSIV,2020,"32,897kms",Petrol,Manual,₹6.75 Lakh,mumbai
Hyundai,Hyundai AlcazarSignature (O) AT,2022,"3,700kms",Petrol,Automatic,₹18.51 Lakh,mumbai
Jeep,Jeep Compass1.4 Sport DCT BSVI,2022,"44,008kms",Petrol,Automatic,₹16.50 Lakh,mumbai
Audi,Audi A335 TDI Premium Plus,2020,"25,500kms",Diesel,Automatic,₹16.50 Lakh,mumbai
Jeep,Jeep Compass1.4 Limited,2017,"47,247kms",Petrol,Automatic,₹7.85 Lakh,mumbai
Hyundai,Hyundai VenueS BSIV,2020,"32,897kms",Petrol,Manual,₹6.75 Lakh,mumbai
Toyota,Toyota Innova Crysta2.8 ZX AT BSIV,2017,"62,600kms",Diesel,Automatic,₹17.21 Lakh,mumbai
Kia,Kia CarnivalLimousine,2020,"63,000kms",Diesel,Automatic,₹23.51 Lakh,mumbai
Volvo,Volvo XC60Inscription D5 BSIV,2018,"74,000kms",Diesel,Automatic,₹28.75 Lakh,mumbai
Maruti,Maruti Vitara BrezzaZDi Plus,2018,"75,000kms",Diesel,Manual,₹9 Lakh,mumbai
Jeep,Jeep Compass1.4 Limited Option,2019,"1,69,780kms",Petrol,Automatic,₹6.99 Lakh,mumbai
Hyundai,Hyundai CretaSX Opt IVT BSVI,2021,"41,000kms",Petrol,Automatic,₹12.65 Lakh,mumbai
Maruti,Maruti Vitara BrezzaZXI Plus AT,2022,"12,000kms",Petrol,Automatic,₹10.75 Lakh,mumbai
Skoda,Skoda Kodiaq2.0 TDI Style,2020,"38,000kms",Diesel,Automatic,₹30 Lakh,mumbai
Honda,Honda CityZX CVT,2023,"18,206kms",Petrol,Automatic,₹14.22 Lakh,mumbai
Honda,Honda CityZX MT,2021,"30,444kms",Petrol,Manual,₹11.43 Lakh,mumbai
Maruti,Maruti BrezzaZxi Plus AT,2023,"19,579kms",Petrol,Automatic,₹12.23 Lakh,mumbai
Maruti,Maruti Vitara BrezzaZXI Plus Dual Tone,2023,"61,454kms",Petrol,Manual,₹10.79 Lakh,mumbai
Volkswagen,Volkswagen Taigun1.5 GT,2021,"32,107kms",Petrol,Manual,₹11.22 Lakh,mumbai
Maruti,Maruti XL6Alpha Plus Dual Tone,2024,"12,447kms",Petrol,Manual,₹11.77 Lakh,mumbai
Maruti,Maruti XL6Alpha AT BSVI,2022,"20,227kms",Petrol,Automatic,₹12.13 Lakh,mumbai
Maruti,Maruti BrezzaZxi Plus AT,2023,"19,579kms",Petrol,Automatic,₹12.23 Lakh,mumbai
Honda,Honda CityZX CVT,2023,"18,206kms",Petrol,Automatic,₹14.22 Lakh,mumbai
Honda,Honda CityZX MT,2021,"30,444kms",Petrol,Manual,₹11.43 Lakh,mumbai
Maruti,Maruti Vitara BrezzaZXI Plus Dual Tone,2023,"61,454kms",Petrol,Manual,₹10.79 Lakh,mumbai
Maruti,Maruti BrezzaZxi Plus AT,2022,"14,990kms",Petrol,Automatic,₹11.19 Lakh,mumbai
Kia,Kia SeltosGTX Plus Diesel AT,2020,"86,752kms",Diesel,Automatic,₹11.45 Lakh,mumbai
Skoda,Skoda Slavia1.0 TSI Style AT BSVI,2022,"42,689kms",Petrol,Automatic,₹11.08 Lakh,mumbai
Maruti,Maruti XL6Alpha Plus BSVI,2022,"19,029kms",Petrol,Manual,₹10.15 Lakh,mumbai
Hyundai,Hyundai Creta1.6 CRDi AT SX Plus,2018,"71,628kms",Diesel,Automatic,₹10.11 Lakh,mumbai
Mercedes-Benz,Mercedes-Benz M-ClassML 350 CDI,2015,"91,000kms",Diesel,Automatic,₹14.50 Lakh,mumbai
Mercedes-Benz,Mercedes-Benz E-ClassE350 Petrol,2011,"67,700kms",Petrol,Automatic,₹11.25 Lakh,mumbai
Audi,Audi A63.0 TDI Quattro Premium Plus,2015,"77,550kms",Diesel,Automatic,₹13.50 Lakh,mumbai
Maruti,Maruti XL6Zeta AT,2022,"78,000kms",Petrol,Automatic,₹10.75 Lakh,mumbai
Hyundai,Hyundai CretaSX Diesel AT BSVI,2021,"1,25,000kms",Diesel,Automatic,₹13.45 Lakh,mumbai
Kia,Kia SonetHTX Diesel BSVI,2021,"40,404kms",Diesel,Manual,₹10.99 Lakh,mumbai
Maruti,Maruti XL6Zeta AT,2021,"20,000kms",Petrol,Automatic,₹10.25 Lakh,mumbai
Hyundai,Hyundai CretaSX Diesel AT BSVI,2021,"90,000kms",Diesel,Automatic,₹14.61 Lakh,mumbai
Maruti,Maruti XL6Alpha AT,2021,"25,000kms",Petrol,Automatic,₹10.71 Lakh,mumbai
Skoda,Skoda Kushaq1.0 TSI Style 4 Airbags AT,2021,"35,000kms",Petrol,Automatic,₹10.90 Lakh,mumbai
Mercedes-Benz,Mercedes-Benz M-ClassML 350 CDI,2012,"75,000kms",Diesel,Automatic,₹11.45 Lakh,mumbai
Maruti,Maruti XL6Zeta AT,2021,"20,000kms",Petrol,Automatic,₹10.25 Lakh,mumbai
Hyundai,Hyundai CretaSX Diesel AT BSVI,2021,"90,000kms",Diesel,Automatic,₹14.61 Lakh,mumbai
Maruti,Maruti XL6Alpha AT,2021,"25,000kms",Petrol,Automatic,₹10.71 Lakh,mumbai
Skoda,Skoda Kushaq1.0 TSI Style 4 Airbags AT,2021,"35,000kms",Petrol,Automatic,₹10.90 Lakh,mumbai
Mercedes-Benz,Mercedes-Benz M-ClassML 350 CDI,2012,"75,000kms",Diesel,Automatic,₹11.45 Lakh,mumbai
Mercedes-Benz,Mercedes-Benz M-ClassML 250 CDI,2014,"68,000kms",Diesel,Automatic,₹15 Lakh,mumbai
Kia,Kia SonetHTX Diesel BSVI,2022,"22,500kms",Diesel,Manual,₹10.90 Lakh,mumbai
MG,MG AstorSharp CVT BSVI,2023,"20,000kms",Petrol,Automatic,₹12.75 Lakh,mumbai
Mercedes-Benz,Mercedes-Benz E-ClassE250 CDI,2013,"65,000kms",Diesel,Automatic,₹11.93 Lakh,mumbai
MG,MG AstorSavvy Turbo AT BSVI,2021,"23,134kms",Petrol,Automatic,₹11 Lakh,mumbai
Jeep,Jeep Compass1.4 Limited Plus BSIV,2019,"57,000kms",Petrol,Automatic,₹10.98 Lakh,mumbai
Kia,Kia SeltosHTK Plus D,2022,"42,000kms",Diesel,Manual,₹13.25 Lakh,mumbai
Kia,Kia SeltosGTX Plus DCT,2020,"48,000kms",Petrol,Automatic,₹11.50 Lakh,mumbai
Mercedes-Benz,Mercedes-Benz E-ClassE250 CDI Avantgrade,2015,"69,000kms",Diesel,Automatic,₹14.45 Lakh,mumbai
Skoda,Skoda Slavia1.0 TSI Style AT BSVI,2022,"36,000kms",Petrol,Automatic,₹12.45 Lakh,mumbai
Audi,Audi Q335 TDI Quattro Premium,2016,"86,000kms",Diesel,Automatic,₹15 Lakh,mumbai
Kia,Kia SonetGTX Plus Diesel AT BSVI,2020,"46,000kms",Diesel,Automatic,₹10.35 Lakh,mumbai
Hyundai,Hyundai CretaSX Opt Turbo BSVI,2022,"33,000kms",Petrol,Automatic,₹13.75 Lakh,mumbai
Volkswagen,Volkswagen Taigun1.5 TSI GT Plus DSG,2023,"29,000kms",Petrol,Automatic,₹13.49 Lakh,mumbai
Jaguar,Jaguar XEPrestige,2017,"56,000kms",Petrol,Automatic,₹14.99 Lakh,mumbai
Audi,Audi Q335 TDI Quattro Premium,2016,"86,000kms",Diesel,Automatic,₹15 Lakh,mumbai
Kia,Kia SonetGTX Plus Diesel AT BSVI,2020,"46,000kms",Diesel,Automatic,₹10.35 Lakh,mumbai
Hyundai,Hyundai CretaSX Opt Turbo BSVI,2022,"33,000kms",Petrol,Automatic,₹13.75 Lakh,mumbai
Volkswagen,Volkswagen Taigun1.5 TSI GT Plus DSG,2023,"29,000kms",Petrol,Automatic,₹13.49 Lakh,mumbai
Jaguar,Jaguar XEPrestige,2017,"56,000kms",Petrol,Automatic,₹14.99 Lakh,mumbai
Volkswagen,Volkswagen Taigun1.5 TSI GT Plus DSG,2022,"17,500kms",Petrol,Automatic,₹14.25 Lakh,mumbai
Hyundai,Hyundai CretaSX IVT BSVI,2020,"31,490kms",Petrol,Automatic,₹13.50 Lakh,mumbai
Kia,Kia SonetGTX Plus Diesel AT,2023,"12,422kms",Diesel,Automatic,₹13.45 Lakh,mumbai
Volkswagen,Volkswagen Taigun1.5 GT,2021,"32,107kms",Petrol,Manual,₹11.22 Lakh,mumbai
Hyundai,Hyundai Creta1.6 SX Automatic,2019,"73,000kms",Petrol,Automatic,₹10.99 Lakh,mumbai
Mercedes-Benz,Mercedes-Benz M-ClassML 350 4Matic,2013,"1,05,000kms",Diesel,Automatic,₹13 Lakh,mumbai
Mercedes-Benz,Mercedes-Benz E-ClassE250 CDI,2014,"89,500kms",Diesel,Automatic,₹13 Lakh,mumbai
Hyundai,Hyundai CretaSX Diesel AT BSVI,2021,"26,000kms",Diesel,Automatic,₹14.75 Lakh,mumbai
Audi,Audi Q52.0 TDI,2013,"71,000kms",Diesel,Automatic,₹12.99 Lakh,mumbai
Maruti,Maruti ErtigaZXI Plus,2022,"18,000kms",Petrol,Manual,₹10.25 Lakh,mumbai
Audi,Audi Q52.0 TDI,2014,"70,157kms",Diesel,Automatic,₹10.90 Lakh,mumbai
Toyota,Toyota Innova Crysta2.4 VX MT 8S BSIV,2018,"1,10,008kms",Diesel,Manual,₹14.61 Lakh,mumbai
Mercedes-Benz,Mercedes-Benz E-ClassE250 CDI,2014,"94,960kms",Diesel,Automatic,₹12.75 Lakh,mumbai
Maruti,Maruti XL6Alpha,2023,"25,728kms",Petrol,Manual,₹10.35 Lakh,mumbai
Kia,Kia SeltosHTK Plus AT D,2021,"51,000kms",Diesel,Automatic,₹12.45 Lakh,mumbai
Maruti,Maruti XL6Alpha,2023,"25,728kms",Petrol,Manual,₹10.35 Lakh,mumbai
Kia,Kia SeltosHTK Plus AT D,2021,"51,000kms",Diesel,Automatic,₹12.45 Lakh,mumbai
Hyundai,Hyundai Venue N LineN8 turbo DCT DT BSVI,2023,"5,600kms",Petrol,Automatic,₹11.95 Lakh,mumbai
Audi,Audi Q335 TDI Quattro Premium,2016,"68,000kms",Diesel,Automatic,₹14 Lakh,mumbai
Skoda,Skoda Kushaq1.0 TSI Style 4 Airbags AT,2021,"33,000kms",Petrol,Automatic,₹10.49 Lakh,mumbai
Hyundai,Hyundai Creta1.6 SX Automatic Diesel,2019,"66,000kms",Diesel,Automatic,₹11.75 Lakh,mumbai
Mercedes-Benz,Mercedes-Benz E-ClassE250 CDI,2014,"47,500kms",Diesel,Automatic,₹14.50 Lakh,mumbai
Maruti,Maruti Grand VitaraDelta AT,2024,"18,000kms",Petrol,Automatic,₹12.95 Lakh,mumbai
Volkswagen,Volkswagen Taigun1.0 TSI Highline AT BSVI,2021,"27,000kms",Petrol,Automatic,₹11.50 Lakh,mumbai
Volkswagen,Volkswagen Taigun1.5 TSI GT Plus DSG,2023,"29,000kms",Petrol,Automatic,₹13.49 Lakh,mumbai
Jaguar,Jaguar XEPrestige,2017,"56,000kms",Petrol,Automatic,₹14.99 Lakh,mumbai
Hyundai,Hyundai CretaSX Opt Turbo BSVI,2022,"33,000kms",Petrol,Automatic,₹13.75 Lakh,mumbai
MG,MG AstorSmart CVT BSVI,2023,"14,500kms",Petrol,Automatic,₹11.65 Lakh,mumbai
Volkswagen,Volkswagen Taigun1.5 TSI GT Plus DSG,2022,"17,000kms",Petrol,Automatic,₹14.45 Lakh,mumbai
MG,MG HectorSharp Diesel MT,2022,"30,000kms",Diesel,Manual,₹14.51 Lakh,mumbai
Honda,Honda CityV CVT,2019,"38,962kms",Petrol,Automatic,₹6.85 Lakh,mumbai
Maruti,Maruti DzireZXI Plus,2023,"42,750kms",Petrol,Manual,₹6.81 Lakh,mumbai
Maruti,Maruti Vitara BrezzaZXI Plus,2020,"57,310kms",Petrol,Manual,₹6.69 Lakh,mumbai
Toyota,Toyota Innova Crysta2.8 ZX AT BSIV,2018,"51,000kms",Diesel,Automatic,₹19.75 Lakh,mumbai
BMW,BMW X1sDrive 20d xLine,2018,"42,000kms",Diesel,Automatic,₹19.75 Lakh,mumbai
Honda,Honda CityV CVT,2019,"38,962kms",Petrol,Automatic,₹6.85 Lakh,mumbai
Maruti,Maruti Vitara BrezzaZXI Plus,2020,"57,310kms",Petrol,Manual,₹6.69 Lakh,mumbai
Maruti,Maruti DzireZXI Plus,2023,"42,750kms",Petrol,Manual,₹6.81 Lakh,mumbai
Hyundai,Hyundai CretaS (O) iVT,2025,"3,603kms",Petrol,Automatic,₹19.50 Lakh,mumbai
Toyota,Toyota Innova Crysta2.4 VX MT BSIV,2017,"1,00,000kms",Diesel,Manual,₹16.90 Lakh,mumbai
Toyota,Toyota Innova Crysta2.4 G 8 STR,2020,"83,330kms",Diesel,Manual,₹18.75 Lakh,mumbai
Hyundai,Hyundai CretaSX IVT,2023,"15,379kms",Petrol,Automatic,₹15.95 Lakh,mumbai
MG,MG Hector Plus1.5 Turbo Sharp Pro CVT 7 Str BSVI,2023,"21,000kms",Petrol,Automatic,₹18.25 Lakh,mumbai
Toyota,Toyota Innova Crysta2.8 ZX AT BSIV,2018,"51,000kms",Diesel,Automatic,₹19.75 Lakh,mumbai
BMW,BMW X1sDrive 20d xLine,2018,"42,000kms",Diesel,Automatic,₹19.75 Lakh,mumbai
Mercedes-Benz,Mercedes-Benz C-ClassC 220 CDI Style,2021,"45,140kms",Diesel,Automatic,₹34.34 Lakh,mumbai
Audi,Audi Q745 TDI Quattro Technology,2019,"30,500kms",Diesel,Automatic,₹42.50 Lakh,mumbai
Audi,Audi S53.0 TFSIq Tiptronic,2017,"25,000kms",Petrol,Automatic,₹37.99 Lakh,mumbai
BMW,BMW X4M Sport X xDrive20d,2019,"69,500kms",Diesel,Automatic,₹36.99 Lakh,mumbai
Skoda,Skoda KodiaqL & K BSVI,2022,"22,000kms",Petrol,Automatic,₹33.95 Lakh,mumbai
BMW,BMW 2 Series Gran Coupe220i M Sport,2023,"17,300kms",Petrol,Automatic,₹32.49 Lakh,mumbai
BMW,2019BMW 6 SeriesGT 630i Luxury Line  -2021,2018,"37,800kms",Petrol,Automatic,₹38.50 Lakh,mumbai
BMW,BMW X5xDrive 30d M Sport,2017,"75,200kms",Diesel,Automatic,₹35 Lakh,mumbai
MG,MG GlosterBlack Storm 4x4 6Str,2023,"61,810kms",Diesel,Automatic,₹33.95 Lakh,mumbai
Land Rover,Land Rover Range Rover SportHSE,2016,"1,04,000kms",Diesel,Automatic,₹37.95 Lakh,mumbai
Land Rover,Land Rover Range Rover SportAutobiography,2017,"1,01,000kms",Petrol,Automatic,₹37.95 Lakh,mumbai
Kia,Kia CarnivalLimousine,2022,"53,000kms",Diesel,Automatic,₹34.50 Lakh,mumbai
Mercedes-Benz,Mercedes-Benz G-ClassG63 AMG,2016,"63,000kms",Petrol,Automatic,₹1.15 Crore,mumbai
Audi,Audi S53.0 TFSIq Tiptronic,2017,"25,000kms",Petrol,Automatic,₹37.99 Lakh,mumbai
BMW,BMW X4M Sport X xDrive20d,2019,"69,500kms",Diesel,Automatic,₹36.99 Lakh,mumbai
Skoda,Skoda KodiaqL & K BSVI,2022,"22,000kms",Petrol,Automatic,₹33.95 Lakh,mumbai
BMW,BMW 2 Series Gran Coupe220i M Sport,2023,"17,300kms",Petrol,Automatic,₹32.49 Lakh,mumbai
Audi,Audi Q745 TDI Quattro Technology,2019,"30,500kms",Diesel,Automatic,₹42.50 Lakh,mumbai
MG,MG GlosterSavvy 4x4 6Str,2025,"14,400kms",Diesel,Automatic,₹38.45 Lakh,mumbai
Land Rover,Land Rover Range Rover SportHSE,2017,"1,08,000kms",Diesel,Automatic,₹47.99 Lakh,mumbai
Mercedes-Benz,Mercedes-Benz GLS400d 4MATIC BSVI,2021,"69,000kms",Diesel,Automatic,₹97 Lakh,mumbai
BMW,2019BMW 6 SeriesGT 630d M Sport  -2021,2018,"70,000kms",Diesel,Automatic,₹38.50 Lakh,mumbai
Mercedes-Benz,Mercedes-Benz C-ClassProgressive C 220d,2022,"22,300kms",Diesel,Automatic,₹38.99 Lakh,mumbai
BMW,BMW 6 SeriesGT 630i M Sport,2024,"28,500kms",Petrol,Automatic,₹69 Lakh,mumbai
Mercedes-Benz,Mercedes-Benz GLE250d,2019,"45,000kms",Diesel,Automatic,₹39.90 Lakh,mumbai
Mercedes-Benz,Mercedes-Benz E-ClassElite E 350d,2023,"5,000kms",Diesel,Automatic,₹67 Lakh,mumbai
Mercedes-Benz,Mercedes-Benz V-ClassExclusive,2019,"4,500kms",Diesel,Automatic,₹77 Lakh,mumbai
Mercedes-Benz,Mercedes-Benz GLS350d 4MATIC,2017,"95,000kms",Diesel,Automatic,₹42 Lakh,mumbai
Mercedes-Benz,Mercedes-Benz GLE300d 4Matic AMG Line,2025,800kms,Diesel,Automatic,₹99 Lakh,mumbai
BMW,BMW X3 MxDrive,2022,"13,000kms",Petrol,Automatic,₹67 Lakh,mumbai
Land Rover,Land Rover Range Rover SportHSE,2019,"50,000kms",Diesel,Automatic,₹57.98 Lakh,mumbai
Mercedes-Benz,Mercedes-Benz C-ClassProgressive C 220d,2022,"22,300kms",Diesel,Automatic,₹38.99 Lakh,mumbai
BMW,BMW X4M Sport X xDrive20d,2022,"32,700kms",Diesel,Automatic,₹53.99 Lakh,mumbai
Land Rover,Land Rover Range Rover SportHSE,2017,"1,08,000kms",Diesel,Automatic,₹47.99 Lakh,mumbai
Mercedes-Benz,Mercedes-Benz GLS400d 4MATIC BSVI,2021,"69,000kms",Diesel,Automatic,₹97 Lakh,mumbai
Mercedes-Benz,Mercedes-Benz GLS350d 4MATIC,2019,"42,000kms",Diesel,Automatic,₹49 Lakh,mumbai
BMW,BMW 3 Series Long Wheelbase330Li M Sport First Edition,2022,"9,000kms",Petrol,Automatic,₹38.75 Lakh,mumbai
BMW,2019BMW 6 SeriesGT 630d M Sport  -2021,2018,"70,000kms",Diesel,Automatic,₹38.50 Lakh,mumbai
BMW,BMW 6 SeriesGT 620d M Sport,2023,"10,000kms",Diesel,Automatic,₹59.75 Lakh,mumbai
BMW,BMW X7xDrive30d DPE Signature,2020,"97,000kms",Diesel,Automatic,₹55 Lakh,mumbai
BMW,BMW X3 MxDrive,2020,"68,000kms",Petrol,Automatic,₹33.49 Lakh,mumbai
BMW,BMW 6 SeriesGT 630i M Sport,2024,"28,500kms",Petrol,Automatic,₹69 Lakh,mumbai
Mercedes-Benz,Mercedes-Benz GLE250d,2019,"45,000kms",Diesel,Automatic,₹39.90 Lakh,mumbai
Mercedes-Benz,Mercedes-Benz E-ClassElite E 350d,2023,"5,000kms",Diesel,Automatic,₹67 Lakh,mumbai
Skoda,Skoda KodiaqL & K BSVI,2022,"22,209kms",Petrol,Automatic,₹33.95 Lakh,mumbai
Mercedes-Benz,Mercedes-Benz GLC220d 4MATIC,2021,"14,500kms",Diesel,Automatic,₹42.50 Lakh,mumbai
Mercedes-Benz,Mercedes-Benz V-ClassExclusive,2019,"4,500kms",Diesel,Automatic,₹77 Lakh,mumbai
Mercedes-Benz,Mercedes-Benz GLS350d 4MATIC,2017,"95,000kms",Diesel,Automatic,₹42 Lakh,mumbai
Mercedes-Benz,Mercedes-Benz GLE300d 4Matic AMG Line,2025,800kms,Diesel,Automatic,₹99 Lakh,mumbai
BMW,BMW X3 MxDrive,2022,"13,000kms",Petrol,Automatic,₹67 Lakh,mumbai
Mercedes-Benz,Mercedes-Benz GLC220d 4MATIC,2021,"14,500kms",Diesel,Automatic,₹42.50 Lakh,mumbai
Mercedes-Benz,Mercedes-Benz V-ClassExclusive,2019,"4,500kms",Diesel,Automatic,₹77 Lakh,mumbai
Mercedes-Benz,Mercedes-Benz GLS350d 4MATIC,2017,"95,000kms",Diesel,Automatic,₹42 Lakh,mumbai
Mercedes-Benz,Mercedes-Benz GLE300d 4Matic AMG Line,2025,800kms,Diesel,Automatic,₹99 Lakh,mumbai
BMW,BMW X3 MxDrive,2022,"13,000kms",Petrol,Automatic,₹67 Lakh,mumbai
BMW,BMW X5xDrive 30d xLine,2019,"66,000kms",Diesel,Automatic,₹54.90 Lakh,mumbai
BMW,BMW 3 Series Long Wheelbase320Ld Luxury Line,2022,"36,000kms",Diesel,Automatic,₹39.90 Lakh,mumbai
Mercedes-Benz,Mercedes-Benz GLA200d 4MATIC,2023,"32,000kms",Diesel,Automatic,₹42.90 Lakh,mumbai
Mercedes-Benz,Mercedes-Benz GLE300d BSVI,2021,"54,000kms",Diesel,Automatic,₹59.95 Lakh,mumbai
Mercedes-Benz,Mercedes-Benz GLC200,2020,"37,000kms",Petrol,Automatic,₹36.99 Lakh,mumbai
Mercedes-Benz,Mercedes-Benz A-Class LimousineA 200,2024,"10,600kms",Petrol,Automatic,₹35.75 Lakh,mumbai
Audi,Audi A645 TFSI Technology WO Matrix BSVI,2021,"34,901kms",Petrol,Automatic,₹36.75 Lakh,mumbai
Mercedes-Benz,Mercedes-Benz C-ClassC 220 CDI Style,2021,"45,140kms",Diesel,Automatic,₹34.34 Lakh,mumbai
Tata,Tata Tiago1.2 Revotron XZA,2020,"55,082kms",Petrol,Automatic,₹5.13 Lakh,mumbai
Honda,Honda CityVX MT,2014,"42,983kms",Petrol,Manual,₹5.41 Lakh,mumbai
Maruti,Maruti CiazPetrol,2018,"52,669kms",Diesel,Manual,₹5.59 Lakh,mumbai
Maruti,Maruti Ciaz1.4 AT Alpha,2018,"72,705kms",Petrol,Automatic,₹5.96 Lakh,mumbai
Hyundai,Hyundai i20Petrol CVT Asta,2018,"62,678kms",Petrol,Automatic,₹5.26 Lakh,mumbai
Maruti,Maruti CiazPetrol,2017,"49,606kms",Diesel,Manual,₹5.89 Lakh,mumbai
Honda,Honda AmazeE Petrol,2020,"67,850kms",Petrol,Manual,₹5.25 Lakh,mumbai
Hyundai,Hyundai i20Sportz 1.2,2018,"22,655kms",Petrol,Manual,₹5.14 Lakh,mumbai
Maruti,Maruti CiazPetrol,2017,"85,454kms",Diesel,Manual,₹5.83 Lakh,mumbai
Maruti,Maruti Swift DzireVXI 1.2,2019,"38,000kms",Petrol,Manual,₹5.35 Lakh,mumbai
Hyundai,Hyundai i20Magna 1.2,2016,"70,000kms",Petrol,Manual,₹4.35 Lakh,mumbai
Honda,Honda Cityi VTEC VX,2015,"1,00,000kms",Petrol,Manual,₹5.50 Lakh,mumbai
Hyundai,Hyundai i201.2 Spotz,2018,"27,000kms",Petrol,Manual,₹5.45 Lakh,mumbai
Hyundai,Hyundai Grand i10 NiosAMT Sportz,2019,"36,000kms",Petrol,Automatic,₹5.65 Lakh,mumbai
Honda,Honda Cityi VTEC CVT VX,2015,"87,000kms",Petrol,Automatic,₹4.99 Lakh,mumbai
Honda,Honda Cityi VTEC CVT VX,2015,"75,000kms",Petrol,Automatic,₹3.45 Lakh,mumbai
Renault,Renault KigerRXZ Turbo,2021,"63,106kms",Petrol,Manual,₹5.05 Lakh,mumbai
Toyota,Toyota Corolla AltisPetrol LE,2016,"68,235kms",Petrol,Manual,₹5.74 Lakh,mumbai
Honda,Honda CitySV MT,2018,"49,000kms",Petrol,Manual,₹5.95 Lakh,mumbai
Honda,Honda JazzVX CVT,2019,"16,000kms",Petrol,Automatic,₹6 Lakh,mumbai
Maruti,Maruti CiazZDi SHVS,2016,"69,000kms",Diesel,Manual,₹5.85 Lakh,mumbai
Honda,Honda Jazz1.2 V AT i VTEC,2017,"67,000kms",Petrol,Automatic,₹4.35 Lakh,mumbai
Honda,Honda AmazeS i-VTEC,2016,"67,237kms",Petrol,Manual,₹3.39 Lakh,mumbai
Maruti,Maruti CelerioZXI AMT BSIV,2018,"44,000kms",Petrol,Automatic,₹4.75 Lakh,mumbai
Hyundai,Hyundai i20Sportz 1.2,2016,"50,000kms",Petrol,Manual,₹4.75 Lakh,mumbai
Hyundai,Hyundai Xcent1.2 VTVT E,2018,"74,000kms",Petrol,Manual,₹4.85 Lakh,mumbai
Honda,Honda WR-Vi-VTEC S,2017,"23,399kms",Petrol,Manual,₹5.29 Lakh,mumbai
Maruti,Maruti CelerioZXI AMT BSIV,2018,"44,000kms",Petrol,Automatic,₹4.75 Lakh,mumbai
Hyundai,Hyundai i20Sportz 1.2,2016,"50,000kms",Petrol,Manual,₹4.75 Lakh,mumbai
Hyundai,Hyundai Xcent1.2 VTVT E,2018,"74,000kms",Petrol,Manual,₹4.85 Lakh,mumbai
Honda,Honda WR-Vi-VTEC S,2017,"23,399kms",Petrol,Manual,₹5.29 Lakh,mumbai
Honda,Honda AmazeV CVT Petrol BSIV,2018,"75,000kms",Petrol,Automatic,₹4.75 Lakh,mumbai
Toyota,Toyota Etios LivaG,2016,"39,500kms",Petrol,Manual,₹3.80 Lakh,mumbai
Hyundai,Hyundai i20Sportz 1.2,2015,"57,000kms",Petrol,Manual,₹4.25 Lakh,mumbai
Maruti,Maruti Swift DzireVXI,2012,"58,000kms",Petrol,Manual,₹3.20 Lakh,mumbai
Honda,Honda Cityi VTEC CVT VX,2015,"58,000kms",Petrol,Automatic,₹4.75 Lakh,mumbai
Hyundai,Hyundai Grand i10AT Asta,2015,"46,000kms",Petrol,Automatic,₹3.69 Lakh,mumbai
Hyundai,Hyundai i10Magna 1.1 iTech SE,2015,"53,000kms",Petrol,Manual,₹3.15 Lakh,mumbai
Honda,Honda AmazeV CVT Petrol,2019,"39,058kms",Petrol,Automatic,₹5.50 Lakh,mumbai
Honda,Honda Cityi-VTEC CVT V,2017,"53,401kms",Petrol,Automatic,₹6 Lakh,mumbai
Maruti,Maruti CelerioVXI,2015,"81,173kms",Petrol,Manual,₹3.25 Lakh,mumbai
Renault,Renault KWIDRXL BSIV,2019,"40,000kms",Petrol,Manual,₹3.49 Lakh,mumbai
Hyundai,Hyundai Xcent1.2 Kappa S AT,2016,"70,549kms",Petrol,Automatic,₹3.80 Lakh,mumbai
Honda,Honda AmazeS AT i-Vtech,2016,"30,000kms",Petrol,Automatic,₹3.95 Lakh,mumbai
Honda,Honda AmazeE Petrol,2020,"67,850kms",Petrol,Manual,₹5.25 Lakh,mumbai
Honda,Honda AmazeVX AT i-Vtech,2016,"64,057kms",Petrol,Automatic,₹4.65 Lakh,mumbai
Ford,Ford Figo1.2P Ambiente MT,2017,"68,000kms",Petrol,Manual,₹4.50 Lakh,mumbai
Tata,Tata Tiago1.2 Revotron XZA,2017,"67,000kms",Petrol,Automatic,₹3.15 Lakh,mumbai
Maruti,Maruti Swift DzireVXI BSVI,2021,"66,000kms",Petrol,Manual,₹5.95 Lakh,mumbai
Honda,Honda Cityi-VTEC V,2017,"47,000kms",Petrol,Manual,₹5.75 Lakh,mumbai
Honda,Honda Cityi VTEC SV,2015,"93,000kms",Petrol,Manual,₹3.95 Lakh,mumbai
Honda,Honda AmazeS AT i-Vtech,2016,"30,000kms",Petrol,Automatic,₹3.95 Lakh,mumbai
Hyundai,Hyundai Grand i10 NiosAMT Sportz,2019,"36,000kms",Petrol,Automatic,₹5.65 Lakh,mumbai
Honda,Honda Cityi VTEC CVT VX,2015,"87,000kms",Petrol,Automatic,₹4.99 Lakh,mumbai
Honda,Honda Cityi VTEC VX,2016,"58,000kms",Petrol,Manual,₹6 Lakh,mumbai
Hyundai,Hyundai Xcent1.2 Kappa S,2014,"35,000kms",Petrol,Manual,₹3.50 Lakh,mumbai
Tata,Tata Tiago1.2 Revotron XZA,2017,"17,000kms",Petrol,Automatic,₹4.45 Lakh,mumbai
Honda,Honda Cityi VTEC CVT VX,2015,"75,000kms",Petrol,Automatic,₹3.45 Lakh,mumbai
Volkswagen,Volkswagen VentoTSI,2014,"62,000kms",Petrol,Automatic,₹3.45 Lakh,mumbai
Toyota,Toyota Corolla AltisPetrol LE,2016,"68,235kms",Petrol,Manual,₹5.74 Lakh,mumbai
Maruti,Maruti Swift DzireVXI 1.2,2019,"38,000kms",Petrol,Manual,₹5.35 Lakh,mumbai
Maruti,Maruti CiazPetrol,2018,"1,10,200kms",Diesel,Manual,₹5.17 Lakh,mumbai
Maruti,Maruti Swift DzireVXI,2014,"59,000kms",Petrol,Manual,₹3.05 Lakh,mumbai
Renault,Renault KigerRXZ Turbo,2021,"63,106kms",Petrol,Manual,₹5.05 Lakh,mumbai
Maruti,Maruti Ciaz1.4 Delta,2019,"1,22,916kms",Petrol,Manual,₹5.04 Lakh,mumbai
Hyundai,Hyundai Grand i101.2 Kappa Magna BSIV,2014,"46,845kms",Petrol,Manual,₹3.24 Lakh,mumbai
Hyundai,Hyundai i20Sportz 1.2,2018,"22,655kms",Petrol,Manual,₹5.14 Lakh,mumbai
Maruti,Maruti Ciaz1.4 AT Alpha,2018,"72,705kms",Petrol,Automatic,₹5.96 Lakh,mumbai
Honda,Honda CityVX MT,2014,"42,983kms",Petrol,Manual,₹5.41 Lakh,mumbai
Maruti,Maruti CiazPetrol,2018,"52,669kms",Diesel,Manual,₹5.59 Lakh,mumbai
Hyundai,Hyundai i20Petrol CVT Asta,2018,"62,678kms",Petrol,Automatic,₹5.26 Lakh,mumbai
Tata,Tata Tiago1.2 Revotron XZA,2020,"55,082kms",Petrol,Automatic,₹5.13 Lakh,mumbai
Maruti,Maruti CiazPetrol,2017,"49,606kms",Diesel,Manual,₹5.89 Lakh,mumbai
Maruti,Maruti Ciaz1.4 Delta,2019,"1,22,916kms",Petrol,Manual,₹5.04 Lakh,mumbai
Hyundai,Hyundai Xcent1.2 VTVT E,2018,"74,000kms",Petrol,Manual,₹4.85 Lakh,mumbai
Maruti,Maruti CelerioVXI,2015,"81,173kms",Petrol,Manual,₹3.25 Lakh,mumbai
Hyundai,Hyundai i20Sportz 1.2,2016,"50,000kms",Petrol,Manual,₹4.75 Lakh,mumbai
Honda,Honda AmazeV CVT Petrol,2019,"39,058kms",Petrol,Automatic,₹5.50 Lakh,mumbai
Honda,Honda Cityi-VTEC CVT V,2017,"53,401kms",Petrol,Automatic,₹6 Lakh,mumbai
Hyundai,Hyundai Xcent1.2 Kappa S AT,2016,"70,549kms",Petrol,Automatic,₹3.80 Lakh,mumbai
Hyundai,Hyundai i10Magna 1.1 iTech SE,2015,"53,000kms",Petrol,Manual,₹3.15 Lakh,mumbai
Toyota,Toyota Etios LivaG,2016,"39,500kms",Petrol,Manual,₹3.80 Lakh,mumbai
Hyundai,Hyundai i20Sportz 1.2,2015,"57,000kms",Petrol,Manual,₹4.25 Lakh,mumbai
Honda,Honda Cityi VTEC CVT VX,2015,"58,000kms",Petrol,Automatic,₹4.75 Lakh,mumbai
Hyundai,Hyundai Grand i10AT Asta,2015,"46,000kms",Petrol,Automatic,₹3.69 Lakh,mumbai
Honda,Honda WR-Vi-VTEC S,2017,"23,399kms",Petrol,Manual,₹5.29 Lakh,mumbai
Toyota,Toyota Innova Crysta2.4 G 7 STR,2022,"51,000kms",Diesel,Manual,₹23.45 Lakh,mumbai
Renault,Renault KWIDRXL BSIV,2019,"40,000kms",Petrol,Manual,₹3.49 Lakh,mumbai
Honda,Honda Cityi VTEC CVT VX,2015,"58,000kms",Petrol,Automatic,₹4.75 Lakh,mumbai
Hyundai,Hyundai Grand i10AT Asta,2015,"46,000kms",Petrol,Automatic,₹3.69 Lakh,mumbai
Honda,Honda AmazeE Petrol,2020,"67,850kms",Petrol,Manual,₹5.25 Lakh,mumbai
Toyota,Toyota Innova Crysta2.4 G 7 STR,2022,"51,000kms",Diesel,Manual,₹23.45 Lakh,mumbai
Mercedes-Benz,Mercedes-Benz GL-Class350 CDI Blue Efficiency,2015,"69,900kms",Diesel,Automatic,₹30.99 Lakh,mumbai
Jaguar,Jaguar F-PacePrestige 2.0 AWD,2019,"72,500kms",Diesel,Automatic,₹31.50 Lakh,mumbai
Tata,Tata SafariXZA AT BSVI,2022,"69,700kms",Diesel,Automatic,₹13.49 Lakh,mumbai
Kia,Kia SonetHTK Plus Diesel BSVI,2021,"71,000kms",Diesel,Manual,₹7.75 Lakh,mumbai
BMW,BMW X1sDrive18d M Sport,2023,"45,000kms",Diesel,Automatic,₹35.25 Lakh,mumbai
Kia,Kia SeltosGTX Plus,2021,"41,197kms",Petrol,Manual,₹12.75 Lakh,mumbai
Mercedes-Benz,Mercedes-Benz GLC220d 4MATIC Sport,2018,"71,900kms",Diesel,Automatic,₹27.50 Lakh,mumbai
Audi,Audi A645 TFSI Technology WO Matrix BSVI,2020,"21,500kms",Petrol,Automatic,₹28.50 Lakh,mumbai
Mahindra,Mahindra Alturas G44X4 AT BSIV,2019,"65,200kms",Diesel,Automatic,₹21.50 Lakh,mumbai
Skoda,Skoda SuperbStyle 2.0 TDI AT,2016,"60,427kms",Diesel,Automatic,₹15 Lakh,mumbai
Hyundai,Hyundai VenueSX Turbo Executive,2019,"31,891kms",Diesel,Manual,₹7.94 Lakh,mumbai
Maruti,Maruti CiazAlpha AT,2023,"8,95,000kms",Petrol,Automatic,₹8.95 Lakh,mumbai
Maruti,Maruti Baleno1.2 Alpha,2015,"88,000kms",Petrol,Manual,₹4.50 Lakh,mumbai
Hyundai,Hyundai VenueS BSIV,2020,"54,000kms",Petrol,Manual,₹5.99 Lakh,mumbai
MG,MG Hector PlusSharp CVT,2022,"27,000kms",Petrol,Automatic,₹13.99 Lakh,mumbai
Maruti,Maruti CiazAlpha AT,2023,"8,95,000kms",Petrol,Automatic,₹8.95 Lakh,mumbai
Hyundai,Hyundai VenueSX Turbo Executive,2019,"31,891kms",Diesel,Manual,₹7.94 Lakh,mumbai
Maruti,Maruti Baleno1.2 Alpha,2015,"88,000kms",Petrol,Manual,₹4.50 Lakh,mumbai
Hyundai,Hyundai VenueS BSIV,2020,"54,000kms",Petrol,Manual,₹5.99 Lakh,mumbai
MG,MG Hector PlusSharp CVT,2022,"27,000kms",Petrol,Automatic,₹13.99 Lakh,mumbai
Jeep,Jeep Compass1.4 Limited Plus,2020,"17,252kms",Petrol,Automatic,₹11.90 Lakh,mumbai
Tata,Tata Tiago1.2 Revotron XM,2017,"39,756kms",Petrol,Manual,₹3.75 Lakh,mumbai
Audi,Audi Q5Technology,2023,"23,000kms",Petrol,Automatic,₹42.75 Lakh,mumbai
Honda,Honda WR-Vi-VTEC VX,2018,"22,342kms",Petrol,Manual,₹5.03 Lakh,mumbai
Mahindra,Mahindra Alturas G44X2 AT,2021,"53,000kms",Diesel,Automatic,₹21 Lakh,mumbai
Hyundai,Hyundai Grand i101.2 Kappa Sportz BSIV,2020,"30,438kms",Petrol,Manual,₹5.40 Lakh,mumbai
Tata,Tata SafariXZA Plus AT BSVI,2022,"48,500kms",Diesel,Automatic,₹15.25 Lakh,mumbai
Mercedes-Benz,Mercedes-Benz GLA Class200 Sport,2019,"37,000kms",Petrol,Automatic,₹15.25 Lakh,mumbai
Volkswagen,Volkswagen VirtusGT Plus DSG,2024,"23,000kms",Petrol,Automatic,₹16.75 Lakh,mumbai
Skoda,Skoda Kodiaq2.0 TDI Style,2018,"58,791kms",Diesel,Automatic,₹18.75 Lakh,mumbai
Audi,Audi Q330 TDI,2017,"62,500kms",Diesel,Manual,₹16.75 Lakh,mumbai
Volkswagen,Volkswagen Polo1.2 MPI Highline,2015,"54,328kms",Petrol,Manual,₹3.50 Lakh,mumbai
Skoda,Skoda Rapid1.6 MPI AT Style BSIV,2017,"46,881kms",Petrol,Automatic,₹5.45 Lakh,mumbai
Tata,Tata SafariAccomplished Plus,2023,"39,141kms",Diesel,Manual,₹19.85 Lakh,mumbai
Honda,Honda CityZX CVT,2017,"44,034kms",Petrol,Automatic,₹7.23 Lakh,mumbai
Mercedes-Benz,Mercedes-Benz E-ClassE 350d,2020,"62,300kms",Diesel,Automatic,₹36.25 Lakh,mumbai
Audi,Audi A645 TFSI Technology WO Matrix BSVI,2021,"25,000kms",Petrol,Automatic,₹36.70 Lakh,mumbai
Skoda,Skoda KodiaqL & K BSVI,2023,"33,000kms",Petrol,Automatic,₹30.99 Lakh,mumbai
Mercedes-Benz,Mercedes-Benz G-ClassG63 AMG,2016,"63,000kms",Petrol,Automatic,₹1.15 Crore,mumbai
BMW,BMW X4M Sport X xDrive20d,2019,"69,500kms",Diesel,Automatic,₹36.99 Lakh,mumbai
Audi,Audi Q745 TDI Quattro Technology,2020,"52,000kms",Diesel,Automatic,₹49.95 Lakh,mumbai
Mercedes-Benz,Mercedes-Benz GLE250d,2018,"40,000kms",Diesel,Automatic,₹32 Lakh,mumbai
MG,MG GlosterSavvy 4x4 6Str,2025,"14,400kms",Diesel,Automatic,₹38.45 Lakh,mumbai
Mercedes-Benz,Mercedes-Benz GLE250d,2017,"95,500kms",Diesel,Automatic,₹32.50 Lakh,mumbai
Toyota,Toyota VellfireHi,2023,"33,000kms",Petrol,Automatic,₹1.14 Crore,mumbai
Mercedes-Benz,Mercedes-Benz GLE43 AMG Coupe,2018,"40,850kms",Petrol,Automatic,₹60 Lakh,mumbai
Mercedes-Benz,Mercedes-Benz GLE300d BSVI,2021,"65,000kms",Diesel,Automatic,₹63 Lakh,mumbai
Land Rover,Land Rover Discovery SportDynamic SE,2020,"49,000kms",Petrol,Automatic,₹38.25 Lakh,mumbai
Hyundai,Hyundai Grand i10AT Asta,2014,"79,998kms",Petrol,Automatic,₹3.11 Lakh,mumbai
Honda,Honda Jazz1.2 V AT i VTEC,2017,"60,795kms",Petrol,Automatic,₹4.75 Lakh,mumbai
Hyundai,Hyundai i20Petrol Asta Option,2019,"21,000kms",Petrol,Manual,₹5.75 Lakh,mumbai
Mercedes-Benz,Mercedes-Benz GL-Class350 CDI Blue Efficiency,2015,"69,900kms",Diesel,Automatic,₹30.99 Lakh,mumbai
Maruti,Maruti Vitara BrezzaVDi Option,2017,"77,000kms",Diesel,Manual,₹6.21 Lakh,mumbai
Maruti,Maruti BrezzaZxi Plus AT BSVI,2022,"37,000kms",Petrol,Automatic,₹10.50 Lakh,mumbai
MG,MG HectorSharp DCT,2021,"15,600kms",Petrol,Automatic,₹14 Lakh,mumbai
Hyundai,Hyundai i20Petrol Asta Option,2019,"21,000kms",Petrol,Manual,₹5.75 Lakh,mumbai
Mercedes-Benz,Mercedes-Benz GL-Class350 CDI Blue Efficiency,2015,"69,900kms",Diesel,Automatic,₹30.99 Lakh,mumbai
Maruti,Maruti Vitara BrezzaVDi Option,2017,"77,000kms",Diesel,Manual,₹6.21 Lakh,mumbai
Hyundai,Hyundai Tucson2.0 e-VGT 2WD AT GL,2018,"38,000kms",Diesel,Automatic,₹13.50 Lakh,mumbai
MG,MG HectorSharp DCT,2021,"15,600kms",Petrol,Automatic,₹14 Lakh,mumbai
Maruti,Maruti Vitara BrezzaZXI Plus AT,2022,"12,000kms",Petrol,Automatic,₹10.75 Lakh,mumbai
Maruti,Maruti BrezzaZxi Plus AT BSVI,2022,"37,000kms",Petrol,Automatic,₹10.50 Lakh,mumbai
Maruti,Maruti Vitara BrezzaZXI Plus,2020,"57,310kms",Petrol,Manual,₹6.69 Lakh,mumbai
Hyundai,Hyundai AlcazarSignature Diesel AT,2022,"43,769kms",Diesel,Automatic,₹16.50 Lakh,mumbai
Skoda,Skoda OctaviaLaurin and Klement,2021,"47,000kms",Petrol,Automatic,₹19.75 Lakh,mumbai
Lexus,Lexus NX300h,2019,"52,000kms",Petrol,Automatic,₹28.75 Lakh,mumbai
Toyota,Toyota Innova Crysta2.4 ZX 7 STR AT,2022,"63,000kms",Diesel,Automatic,₹27.50 Lakh,mumbai
Jaguar,Jaguar XF2.0 Diesel Portfolio,2017,"55,000kms",Diesel,Automatic,₹20.85 Lakh,mumbai
Mercedes-Benz,Mercedes-Benz GL-Class350 CDI Blue Efficiency,2014,"1,52,000kms",Diesel,Automatic,₹24 Lakh,mumbai
MG,2024MG Hector PlusSavvy Pro CVT 7 Str  -2025,2023,"14,000kms",Petrol,Automatic,₹21.25 Lakh,mumbai
Audi,Audi A4Technology,2024,"34,000kms",Petrol,Automatic,₹29.75 Lakh,mumbai
Mercedes-Benz,Mercedes-Benz E-ClassE 220D,2017,"65,000kms",Diesel,Automatic,₹30 Lakh,mumbai
Jeep,Jeep Compass2.0 Model S Opt 4x4 AT,2022,"23,500kms",Diesel,Automatic,₹21.50 Lakh,mumbai
Jeep,Jeep Compass2.0 Model S Opt FWD AT,2022,"41,000kms",Diesel,Automatic,₹20.50 Lakh,mumbai
Mercedes-Benz,Mercedes-Benz GLE250d,2016,"45,000kms",Diesel,Automatic,₹26 Lakh,mumbai
Jeep,Jeep Compass2.0 Model S Opt 4x4 AT,2022,"23,500kms",Diesel,Automatic,₹21.50 Lakh,mumbai
Jeep,Jeep Compass2.0 Model S Opt FWD AT,2022,"41,000kms",Diesel,Automatic,₹20.50 Lakh,mumbai
Mercedes-Benz,Mercedes-Benz GLE250d,2016,"45,000kms",Diesel,Automatic,₹26 Lakh,mumbai
Mercedes-Benz,Mercedes-Benz S-ClassS 350 CDI,2015,"68,000kms",Diesel,Automatic,₹27.95 Lakh,mumbai
Mercedes-Benz,Mercedes-Benz C-ClassC 220 CDI Style,2017,"37,000kms",Diesel,Automatic,₹21.50 Lakh,mumbai
Mercedes-Benz,Mercedes-Benz C-ClassC 220 CDI Style,2017,"46,000kms",Diesel,Automatic,₹21.50 Lakh,mumbai
Jeep,Jeep MeridianLimited Opt AT BSVI,2022,"56,000kms",Diesel,Automatic,₹22.50 Lakh,mumbai
Mercedes-Benz,Mercedes-Benz C-ClassProgressive C 200,2019,"36,700kms",Petrol,Automatic,₹26 Lakh,mumbai
Mercedes-Benz,Mercedes-Benz E-ClassExclusive E 220 d BSIV,2018,"67,000kms",Diesel,Automatic,₹23.50 Lakh,mumbai
Mahindra,Mahindra Alturas G44X4 AT,2021,"39,407kms",Diesel,Automatic,₹20.25 Lakh,mumbai
Toyota,Toyota Innova Crysta2.4 GX 7 STR AT,2022,"90,000kms",Diesel,Automatic,₹22.49 Lakh,mumbai
BMW,BMW X5xDrive 30d M Sport,2016,"80,700kms",Diesel,Automatic,₹23.75 Lakh,mumbai
Mercedes-Benz,Mercedes-Benz S-ClassS 500,2014,"40,000kms",Petrol,Automatic,₹28.95 Lakh,mumbai
BMW,BMW 2 Series Gran Coupe220i M Sport BSVI,2021,"23,000kms",Petrol,Automatic,₹28.25 Lakh,mumbai
Jeep,Jeep MeridianLimited Opt 4x2 AT,2023,"76,000kms",Diesel,Automatic,₹23.95 Lakh,mumbai
Skoda,Skoda OctaviaLaurin and Klement,2022,"34,000kms",Petrol,Automatic,₹22.90 Lakh,mumbai
Mercedes-Benz,Mercedes-Benz CLAUrban Sport 200,2019,"29,000kms",Petrol,Automatic,₹20.95 Lakh,mumbai
BMW,BMW X5xDrive 30d Expedition,2016,"81,000kms",Diesel,Automatic,₹27.85 Lakh,mumbai
Mercedes-Benz,Mercedes-Benz GLC220d 4MATIC Sport,2018,"71,900kms",Diesel,Automatic,₹27.50 Lakh,mumbai
Volkswagen,Volkswagen Tiguan2.0 TDI Highline,2019,"45,107kms",Diesel,Automatic,₹20.95 Lakh,mumbai
Toyota,Toyota Innova Crysta2.4 ZX 7 STR AT,2022,"63,000kms",Diesel,Automatic,₹27.50 Lakh,mumbai
Lexus,Lexus NX300h,2019,"52,000kms",Petrol,Automatic,₹28.75 Lakh,mumbai
Mercedes-Benz,Mercedes-Benz GLC220d 4MATIC Style,2017,"77,000kms",Diesel,Automatic,₹27.50 Lakh,mumbai
Mercedes-Benz,Mercedes-Benz GLE250d,2018,"1,10,000kms",Diesel,Automatic,₹27 Lakh,mumbai
Mercedes-Benz,Mercedes-Benz GL-Class350 CDI Blue Efficiency,2014,"1,07,000kms",Diesel,Automatic,₹21.11 Lakh,mumbai
Mercedes-Benz,Mercedes-Benz E-ClassExpression E 200 BSIV,2018,"36,000kms",Petrol,Automatic,₹24.50 Lakh,mumbai
Mercedes-Benz,Mercedes-Benz C-ClassProgressive C 220d,2018,"53,000kms",Diesel,Automatic,₹22.50 Lakh,mumbai
BMW,BMW X5xDrive 30d Expedition,2016,"81,000kms",Diesel,Automatic,₹27.85 Lakh,mumbai
Mercedes-Benz,Mercedes-Benz GL-Class350 CDI Blue Efficiency,2014,"1,52,000kms",Diesel,Automatic,₹24 Lakh,mumbai
Jaguar,Jaguar XF2.0 Diesel Portfolio,2017,"55,000kms",Diesel,Automatic,₹20.85 Lakh,mumbai
Mercedes-Benz,Mercedes-Benz GLE250d,2016,"45,000kms",Diesel,Automatic,₹26 Lakh,mumbai
Mercedes-Benz,Mercedes-Benz E-ClassE 220D,2017,"65,000kms",Diesel,Automatic,₹30 Lakh,mumbai
Mercedes-Benz,Mercedes-Benz S-ClassS 350 CDI,2015,"68,000kms",Diesel,Automatic,₹27.95 Lakh,mumbai
MG,2024MG Hector PlusSavvy Pro CVT 7 Str  -2025,2023,"14,000kms",Petrol,Automatic,₹21.25 Lakh,mumbai
Audi,Audi A4Technology,2024,"34,000kms",Petrol,Automatic,₹29.75 Lakh,mumbai
Maruti,Maruti ErtigaVXI,2020,"42,606kms",Petrol,Manual,₹8.95 Lakh,mumbai
Jeep,Jeep Compass1.4 Limited,2017,"47,247kms",Petrol,Automatic,₹7.85 Lakh,mumbai
Maruti,Maruti Swift DzireVXI 1.2,2018,"59,000kms",Petrol,Manual,₹3.96 Lakh,mumbai
Honda,Honda Cityi-VTEC CVT V,2018,"85,000kms",Petrol,Automatic,₹5.99 Lakh,mumbai
Honda,Honda CityV CVT,2018,"43,787kms",Petrol,Automatic,₹5.79 Lakh,mumbai
Maruti,Maruti ErtigaVXI,2020,"42,606kms",Petrol,Manual,₹8.95 Lakh,mumbai
Jeep,Jeep Compass1.4 Limited,2017,"47,247kms",Petrol,Automatic,₹7.85 Lakh,mumbai
Honda,Honda CityV MT,2012,"72,000kms",Petrol,Manual,₹3.75 Lakh,mumbai
Honda,Honda AmazeS AT i-Vtech,2013,"62,000kms",Petrol,Automatic,₹3.55 Lakh,mumbai
Skoda,Skoda OctaviaElegance 1.8 TSI AT,2015,"61,000kms",Petrol,Automatic,₹5.50 Lakh,mumbai
Honda,Honda JazzS,2012,"62,000kms",Petrol,Manual,₹3.15 Lakh,mumbai
Maruti,Maruti Swift DzireVXI 1.2,2018,"59,000kms",Petrol,Manual,₹3.96 Lakh,mumbai
Honda,Honda Cityi-VTEC CVT V,2018,"85,000kms",Petrol,Automatic,₹5.99 Lakh,mumbai
Hyundai,Hyundai Grand i10AT Asta,2015,"30,000kms",Petrol,Automatic,₹4.15 Lakh,mumbai
Honda,Honda CityV CVT,2018,"43,787kms",Petrol,Automatic,₹5.79 Lakh,mumbai
Tata,Tata HarrierFearless Plus Dark,2024,"15,127kms",Diesel,Manual,₹20.95 Lakh,mumbai
Hyundai,Hyundai Creta1.6 VTVT E Plus,2017,"55,000kms",Petrol,Manual,₹6.25 Lakh,mumbai
Ford,Ford EndeavourTitanium Plus 4X4,2020,"55,000kms",Diesel,Automatic,₹32.75 Lakh,mumbai
Mercedes-Benz,Mercedes-Benz E-ClassE250 CDI Avantgarde,2016,"68,000kms",Diesel,Automatic,₹17.40 Lakh,mumbai
Kia,Kia SeltosGTX Plus Diesel AT,2023,"32,467kms",Diesel,Automatic,₹17 Lakh,mumbai
Hyundai,Hyundai Creta N LineN10 DCT,2025,"5,500kms",Petrol,Automatic,₹19.25 Lakh,mumbai
Toyota,Toyota Innova Crysta2.4 GX 8 STR,2021,"74,500kms",Diesel,Manual,₹18.65 Lakh,mumbai
Honda,Honda CR-V2.4L 4WD AT,2018,"52,000kms",Petrol,Automatic,₹19.75 Lakh,mumbai
Audi,Audi A635 TFSI Matrix,2016,"63,546kms",Petrol,Automatic,₹16.06 Lakh,mumbai
Hyundai,Hyundai TucsonGLS AT,2021,"34,100kms",Petrol,Automatic,₹17.45 Lakh,mumbai
Hyundai,Hyundai Creta N LineN10 DCT,2025,"5,500kms",Petrol,Automatic,₹19.25 Lakh,mumbai
Toyota,Toyota Innova Crysta2.4 GX 8 STR,2021,"74,500kms",Diesel,Manual,₹18.65 Lakh,mumbai
Honda,Honda CR-V2.4L 4WD AT,2018,"52,000kms",Petrol,Automatic,₹19.75 Lakh,mumbai
Audi,Audi A635 TFSI Matrix,2016,"63,546kms",Petrol,Automatic,₹16.06 Lakh,mumbai
Hyundai,Hyundai CretaSX IVT,2023,"15,000kms",Petrol,Automatic,₹15.49 Lakh,mumbai
Toyota,Toyota Innova Crysta2.8 GX AT 8S BSIV,2019,"43,000kms",Diesel,Automatic,₹17.95 Lakh,mumbai
BMW,BMW X1sDrive20d Expedition,2017,"66,000kms",Diesel,Automatic,₹16.50 Lakh,mumbai
Kia,Kia SeltosGTX Plus Diesel AT,2022,"37,000kms",Diesel,Automatic,₹15.75 Lakh,mumbai
Toyota,Toyota Innova Crysta2.8 ZX AT BSIV,2018,"50,000kms",Diesel,Automatic,₹19.95 Lakh,mumbai
Hyundai,Hyundai CretaSX (O) iVT,2025,"3,999kms",Petrol,Automatic,₹19.75 Lakh,mumbai
Toyota,Toyota Innova Crysta2.4 G Plus MT BSIV,2019,"63,165kms",Diesel,Manual,₹16.25 Lakh,mumbai
Jaguar,Jaguar XE2.0L Diesel Prestige,2017,"22,000kms",Diesel,Automatic,₹17.75 Lakh,mumbai
Volkswagen,Volkswagen Tiguan2.0 TDI Highline,2017,"85,871kms",Diesel,Automatic,₹15.75 Lakh,mumbai
Toyota,Toyota Innova Crysta2.8 GX AT 8S BSIV,2018,"78,000kms",Diesel,Automatic,₹17.50 Lakh,mumbai
MG,MG Hector Plus1.5 Turbo Savvy Pro CVT 7 Str BSVI,2023,"11,000kms",Petrol,Automatic,₹19.25 Lakh,mumbai
Mercedes-Benz,Mercedes-Benz C-ClassC 200 CGI,2016,"45,000kms",Petrol,Automatic,₹17.95 Lakh,mumbai
Mercedes-Benz,Mercedes-Benz E-ClassE250 CDI Avantgarde,2016,"66,000kms",Diesel,Automatic,₹16.50 Lakh,mumbai
Toyota,Toyota Innova Crysta2.8 ZX AT BSIV,2018,"97,258kms",Diesel,Automatic,₹18.65 Lakh,mumbai
Audi,Audi A635 TDI,2016,"40,137kms",Diesel,Automatic,₹17.50 Lakh,mumbai
Mercedes-Benz,Mercedes-Benz C-ClassC 200 CGI,2015,"48,000kms",Petrol,Automatic,₹15.50 Lakh,mumbai
Hyundai,Hyundai Alcazar1.5 Signature (O) 7-Seater Diesel AT,2022,"40,000kms",Diesel,Automatic,₹17.75 Lakh,mumbai
Hyundai,Hyundai Alcazar1.5 Signature (O) 7-Seater Diesel AT,2022,"29,900kms",Diesel,Automatic,₹17.95 Lakh,mumbai
Kia,Kia SeltosX-Line S Turbo DCT,2024,"9,000kms",Petrol,Automatic,₹18.65 Lakh,mumbai
Kia,Kia SeltosGTX Plus Diesel AT,2023,"25,000kms",Diesel,Automatic,₹18.75 Lakh,mumbai
Mercedes-Benz,Mercedes-Benz M-ClassML 250 CDI,2013,"76,000kms",Diesel,Automatic,₹20 Lakh,mumbai
Mercedes-Benz,Mercedes-Benz M-ClassML 250 CDI,2014,"76,000kms",Diesel,Automatic,₹20 Lakh,mumbai
Toyota,Toyota Innova Crysta2.4 G 7 STR,2021,"56,000kms",Diesel,Manual,₹19.50 Lakh,mumbai
Kia,Kia SeltosX-Line S DIesel AT,2023,"16,000kms",Diesel,Automatic,₹17 Lakh,mumbai
MG,MG HectorSavvy Pro CVT  -2025,2023,"11,000kms",Petrol,Automatic,₹18.65 Lakh,mumbai
Maruti,Maruti Grand VitaraAlpha Plus Hybrid CVT,2024,"9,000kms",Petrol,Automatic,₹18.65 Lakh,mumbai
Mahindra,Mahindra Alturas G44X4 AT BSIV,2018,"55,000kms",Diesel,Automatic,₹20 Lakh,mumbai
MG,MG Hector PlusSavvy Pro CVT 7 Str  -2025,2023,"20,900kms",Petrol,Automatic,₹18.45 Lakh,mumbai
Volkswagen,Volkswagen Tiguan2.0 TDI Highline,2019,"1,19,498kms",Diesel,Automatic,₹16.95 Lakh,mumbai
MG,MG HectorSavvy Pro CVT,2024,"9,000kms",Petrol,Automatic,₹18.90 Lakh,mumbai
Toyota,Toyota Innova Crysta2.4 GX 8 STR,2022,"68,000kms",Diesel,Manual,₹18.75 Lakh,mumbai
Hyundai,Hyundai TucsonGLS Diesel AT,2020,"54,000kms",Diesel,Automatic,₹17.25 Lakh,mumbai
Mercedes-Benz,Mercedes-Benz C-ClassC 200 Avantgarde Edition C,2017,"56,400kms",Petrol,Automatic,₹17.50 Lakh,mumbai
Toyota,Toyota Innova Crysta2.7 ZX AT BSIV,2016,"1,35,000kms",Petrol,Automatic,₹15.71 Lakh,mumbai
Hyundai,Hyundai TucsonGLS AT,2021,"34,100kms",Petrol,Automatic,₹17.45 Lakh,mumbai
Kia,Kia SeltosGTX Plus DCT,2022,"13,800kms",Petrol,Automatic,₹15.50 Lakh,mumbai
Toyota,Toyota Innova Crysta2.8 ZX AT BSIV,2018,"50,000kms",Diesel,Automatic,₹19.95 Lakh,mumbai
Honda,Honda CR-V2.4L 4WD AT,2018,"52,000kms",Petrol,Automatic,₹19.75 Lakh,mumbai
Kia,Kia SeltosGTX Plus DCT,2022,"13,800kms",Petrol,Automatic,₹15.50 Lakh,mumbai
Hyundai,Hyundai CretaSX Diesel,2024,"9,000kms",Diesel,Manual,₹18.49 Lakh,mumbai
Hyundai,Hyundai TucsonGLS AT,2021,"34,100kms",Petrol,Automatic,₹17.45 Lakh,mumbai
Mercedes-Benz,Mercedes-Benz GLE400 4MATIC,2017,"1,05,000kms",Petrol,Automatic,₹19.90 Lakh,mumbai
Hyundai,Hyundai CretaSX IVT,2023,"15,000kms",Petrol,Automatic,₹15.49 Lakh,mumbai
Toyota,Toyota Innova Crysta2.4 G MT,2020,"60,000kms",Diesel,Manual,₹16.49 Lakh,mumbai
Hyundai,Hyundai CretaSX (O) iVT,2025,"3,999kms",Petrol,Automatic,₹19.75 Lakh,mumbai
Toyota,Toyota Innova Crysta2.8 GX AT 8S BSIV,2019,"43,000kms",Diesel,Automatic,₹17.95 Lakh,mumbai
BMW,BMW X1sDrive20d Expedition,2017,"66,000kms",Diesel,Automatic,₹16.50 Lakh,mumbai
Kia,Kia SeltosGTX Plus Diesel AT,2022,"37,000kms",Diesel,Automatic,₹15.75 Lakh,mumbai
Jaguar,Jaguar XE2.0L Diesel Prestige,2017,"22,000kms",Diesel,Automatic,₹17.75 Lakh,mumbai
Toyota,Toyota Innova Crysta2.4 G Plus MT BSIV,2019,"63,165kms",Diesel,Manual,₹16.25 Lakh,mumbai
Maruti,Maruti XL6Alpha Plus AT,2022,"48,517kms",Petrol,Automatic,₹11.44 Lakh,mumbai
Hyundai,Hyundai AuraS CNG,2021,"75,800kms",CNG,Manual,₹5.79 Lakh,mumbai
Hyundai,Hyundai i20Magna 1.2,2016,"70,000kms",Petrol,Manual,₹4.35 Lakh,mumbai
Honda,Honda Cityi VTEC CVT SV,2015,"97,163kms",Petrol,Automatic,₹3.75 Lakh,mumbai
Tata,Tata AltrozXZ Diesel BSVI,2020,"15,509kms",Diesel,Manual,₹5.14 Lakh,mumbai
Maruti,Maruti BalenoZeta AMT,2018,"57,502kms",Petrol,Automatic,₹4.59 Lakh,mumbai
Hyundai,Hyundai AuraS CNG,2021,"75,800kms",CNG,Manual,₹5.79 Lakh,mumbai
Hyundai,Hyundai i20Magna 1.2,2016,"70,000kms",Petrol,Manual,₹4.35 Lakh,mumbai
Honda,Honda Cityi VTEC CVT SV,2015,"97,163kms",Petrol,Automatic,₹3.75 Lakh,mumbai
Tata,Tata AltrozXZ Diesel BSVI,2020,"15,509kms",Diesel,Manual,₹5.14 Lakh,mumbai
Maruti,Maruti BalenoZeta AMT,2018,"57,502kms",Petrol,Automatic,₹4.59 Lakh,mumbai
Kia,Kia SonetGTX Plus Diesel BSVI,2023,"23,471kms",Diesel,Manual,₹13.21 Lakh,mumbai
Hyundai,Hyundai CretaSX Opt Diesel AT BSVI,2020,"77,000kms",Diesel,Automatic,₹13.25 Lakh,mumbai
Toyota,Toyota Innova Crysta2.4 G MT 8 STR,2016,"1,95,000kms",Diesel,Manual,₹12.50 Lakh,mumbai
Skoda,Skoda Kushaq1.0 TSI Ambition AT BSVI,2022,"26,800kms",Petrol,Automatic,₹11.99 Lakh,mumbai
Skoda,Skoda Kushaq1.0 TSI Style AT BSVI,2022,"29,508kms",Petrol,Automatic,₹12.99 Lakh,mumbai
MG,MG Hector PlusSharp Diesel MT,2021,"24,911kms",Diesel,Manual,₹13.99 Lakh,mumbai
Mercedes-Benz,Mercedes-Benz GLC220d 4MATIC Sport,2018,"71,900kms",Diesel,Automatic,₹27.50 Lakh,mumbai
Mahindra,Mahindra Alturas G44X4 AT BSIV,2019,"65,200kms",Diesel,Automatic,₹21.50 Lakh,mumbai
Honda,Honda AmazeVX i-VTEC,2013,"53,917kms",Petrol,Manual,₹3.46 Lakh,mumbai
Maruti,Maruti Baleno1.2 Alpha,2016,"52,000kms",Petrol,Manual,₹4.75 Lakh,mumbai
Jeep,Jeep Compass1.4 Sport DCT BSVI,2022,"44,008kms",Petrol,Automatic,₹16.50 Lakh,mumbai
Toyota,Toyota Innova Crysta2.4 VX MT 8S BSIV,2018,"1,11,099kms",Diesel,Manual,₹16.90 Lakh,mumbai
Tata,Tata SafariXZA AT BSVI,2022,"52,000kms",Diesel,Automatic,₹18.85 Lakh,mumbai
Mahindra,Mahindra XUV700AX7 AT Luxury Pack BSVI,2021,"48,370kms",Petrol,Automatic,₹15.99 Lakh,mumbai
Hyundai,Hyundai AlcazarSignature (O) 7-Seater AT,2022,"37,700kms",Petrol,Automatic,₹12.45 Lakh,mumbai
Jeep,Jeep Compass1.4 Sport DCT BSVI,2022,"44,008kms",Petrol,Automatic,₹16.50 Lakh,mumbai
Toyota,Toyota Innova Crysta2.4 VX MT 8S BSIV,2018,"1,11,099kms",Diesel,Manual,₹16.90 Lakh,mumbai
Tata,Tata SafariXZA AT BSVI,2022,"52,000kms",Diesel,Automatic,₹18.85 Lakh,mumbai
Mahindra,Mahindra XUV700AX7 AT Luxury Pack BSVI,2021,"48,370kms",Petrol,Automatic,₹15.99 Lakh,mumbai
Hyundai,Hyundai AlcazarSignature (O) 7-Seater AT,2022,"37,700kms",Petrol,Automatic,₹12.45 Lakh,mumbai
Kia,Kia SeltosGTX Plus Diesel AT,2023,"22,000kms",Diesel,Automatic,₹19.40 Lakh,mumbai
Hyundai,Hyundai Tucson2.0 e-VGT 2WD AT GL Opt,2019,"2,00,000kms",Diesel,Automatic,₹11.45 Lakh,mumbai
Maruti,Maruti Ciaz1.4 AT Alpha,2019,"91,468kms",Petrol,Automatic,₹6.20 Lakh,mumbai
Hyundai,Hyundai Creta1.4 E Plus,2019,"39,000kms",Diesel,Manual,₹9.25 Lakh,mumbai
Jeep,Jeep Compass1.4 Limited Option,2019,"1,69,780kms",Petrol,Automatic,₹6.99 Lakh,mumbai
Honda,Honda Cityi-VTEC CVT V,2018,"26,826kms",Petrol,Automatic,₹6.35 Lakh,mumbai
Maruti,Maruti Vitara BrezzaZDi Plus,2018,"75,000kms",Diesel,Manual,₹9 Lakh,mumbai
Kia,Kia SeltosGTX Plus Diesel AT,2020,"1,19,720kms",Diesel,Automatic,₹11.95 Lakh,mumbai
Maruti,Maruti BrezzaZxi Plus AT,2022,"14,990kms",Petrol,Automatic,₹11.19 Lakh,mumbai
Hyundai,Hyundai CretaSX Opt Turbo DCT,2020,"1,19,299kms",Petrol,Automatic,₹11.41 Lakh,mumbai
Audi,Audi Q530 TDI quattro Premium,2013,"43,415kms",Diesel,Automatic,₹11.61 Lakh,mumbai
Kia,Kia SeltosGTX Plus,2019,"34,189kms",Petrol,Manual,₹12.02 Lakh,mumbai
Skoda,Skoda Kushaq1.0 TSI Style,2021,"40,152kms",Petrol,Manual,₹12.83 Lakh,mumbai
Skoda,Skoda Kushaq1.5 TSI Ambition,2023,"22,725kms",Petrol,Manual,₹11.24 Lakh,mumbai
MG,MG Hector PlusSharp CVT,2021,"43,994kms",Petrol,Automatic,₹12.14 Lakh,mumbai
Skoda,Skoda Kushaq1.5 TSI Ambition,2023,"22,725kms",Petrol,Manual,₹11.24 Lakh,mumbai
Maruti,Maruti BrezzaZxi Plus AT,2022,"14,990kms",Petrol,Automatic,₹11.19 Lakh,mumbai
Hyundai,Hyundai CretaSX Opt Turbo DCT,2020,"1,19,299kms",Petrol,Automatic,₹11.41 Lakh,mumbai
Audi,Audi Q530 TDI quattro Premium,2013,"43,415kms",Diesel,Automatic,₹11.61 Lakh,mumbai
Kia,Kia SeltosGTX Plus Diesel AT,2020,"1,19,720kms",Diesel,Automatic,₹11.95 Lakh,mumbai
Honda,Honda CityVX MT,2022,"18,799kms",Petrol,Manual,₹11.34 Lakh,mumbai
MG,MG Hector PlusSharp CVT,2022,"45,000kms",Petrol,Automatic,₹13.75 Lakh,mumbai
Audi,Audi Q335 TDI Quattro Premium,2015,"69,890kms",Diesel,Automatic,₹14.50 Lakh,mumbai
Audi,Audi Q32.0 TDI Quattro Premium Plus,2014,"35,000kms",Diesel,Automatic,₹12.25 Lakh,mumbai
MG,MG HectorSharp AT BSIV,2021,"65,000kms",Petrol,Automatic,₹12.99 Lakh,mumbai
Honda,Honda CityZX CVT,2023,"7,294kms",Petrol,Automatic,₹14.50 Lakh,mumbai
Mercedes-Benz,Mercedes-Benz C-ClassC 220 CDI BE Avantgare,2014,"35,000kms",Diesel,Automatic,₹10.51 Lakh,mumbai
Toyota,Toyota Innova Crysta2.4 G MT 8S BSIV,2018,"1,21,000kms",Diesel,Manual,₹14 Lakh,mumbai
Honda,Honda CityZX CVT,2021,"56,000kms",Petrol,Automatic,₹10.75 Lakh,mumbai
Kia,Kia SonetGTX Plus Turbo DCT DT,2020,"50,000kms",Petrol,Automatic,₹10.99 Lakh,mumbai
Maruti,Maruti Grand VitaraAlpha Plus Hybrid CVT DT BSVI,2023,"65,000kms",Petrol,Automatic,₹14.75 Lakh,mumbai
Kia,Kia SonetGTX Plus Turbo DCT BSVI,2023,"13,000kms",Petrol,Automatic,₹11.45 Lakh,mumbai
Maruti,Maruti ErtigaZXI Plus,2022,"18,000kms",Petrol,Manual,₹10.25 Lakh,mumbai
Jaguar,Jaguar XF2.2 Litre Luxury,2014,"43,000kms",Diesel,Automatic,₹10.75 Lakh,mumbai
Tata,Tata CurvvCreative Plus S,2024,"13,907kms",Petrol,Manual,₹13.25 Lakh,mumbai
Kia,Kia SeltosGTX Plus Diesel AT,2020,"1,19,720kms",Diesel,Automatic,₹11.95 Lakh,mumbai
Kia,Kia SonetGTX Plus Turbo iMT BSVI,2023,"43,000kms",Petrol,Manual,₹11.75 Lakh,mumbai
Hyundai,Hyundai CretaSX Opt Turbo BSVI,2021,"25,000kms",Petrol,Automatic,₹14.95 Lakh,mumbai
Honda,Honda CityZX CVT,2023,"7,294kms",Petrol,Automatic,₹14.50 Lakh,mumbai
Mercedes-Benz,Mercedes-Benz C-ClassC 220 CDI BE Avantgare,2014,"35,000kms",Diesel,Automatic,₹10.51 Lakh,mumbai
Hyundai,Hyundai CretaSX Diesel AT BSVI,2021,"90,000kms",Diesel,Automatic,₹13.50 Lakh,mumbai
Audi,Audi Q335 TDI Quattro Premium,2015,"69,890kms",Diesel,Automatic,₹14.50 Lakh,mumbai
MG,MG Hector PlusSharp CVT,2022,"45,000kms",Petrol,Automatic,₹13.75 Lakh,mumbai
Audi,Audi Q32.0 TDI Quattro Premium Plus,2014,"35,000kms",Diesel,Automatic,₹12.25 Lakh,mumbai
Kia,Kia SeltosGTX Plus,2021,"39,000kms",Petrol,Manual,₹12.60 Lakh,mumbai
Toyota,Toyota Innova Crysta2.4 G MT 8S BSIV,2018,"1,21,000kms",Diesel,Manual,₹14 Lakh,mumbai
Tata,Tata NexonCreative Plus S Dark DCA,2024,"15,596kms",Petrol,Automatic,₹12.15 Lakh,mumbai
Honda,Honda CityZX CVT,2021,"56,000kms",Petrol,Automatic,₹10.75 Lakh,mumbai
Jeep,Jeep Compass1.4 Limited Plus BSIV,2019,"57,000kms",Petrol,Automatic,₹10.98 Lakh,mumbai
Maruti,Maruti Grand VitaraAlpha Plus Hybrid CVT DT BSVI,2023,"65,000kms",Petrol,Automatic,₹14.75 Lakh,mumbai
Audi,Audi Q330 TFSI Premium FWD,2018,"51,000kms",Petrol,Automatic,₹13.95 Lakh,mumbai
Kia,Kia SonetGTX Plus Turbo DCT BSVI,2023,"13,000kms",Petrol,Automatic,₹11.45 Lakh,mumbai
MG,MG HectorSharp AT BSIV,2021,"65,000kms",Petrol,Automatic,₹12.99 Lakh,mumbai
Mercedes-Benz,Mercedes-Benz GLA Class200 CDI,2015,"74,200kms",Diesel,Automatic,₹13 Lakh,mumbai
Volkswagen,Volkswagen Taigun1.5 TSI GT Plus DSG,2023,"13,115kms",Petrol,Automatic,₹14.50 Lakh,mumbai
Audi,Audi Q330 TFSI Premium FWD,2018,"51,000kms",Petrol,Automatic,₹13.95 Lakh,mumbai
Kia,Kia SonetGTX Plus Turbo DCT BSVI,2023,"13,000kms",Petrol,Automatic,₹11.45 Lakh,mumbai
MG,MG HectorSharp AT BSIV,2021,"65,000kms",Petrol,Automatic,₹12.99 Lakh,mumbai
Mercedes-Benz,Mercedes-Benz GLA Class200 CDI,2015,"74,200kms",Diesel,Automatic,₹13 Lakh,mumbai
Volkswagen,Volkswagen Taigun1.5 TSI GT Plus DSG,2023,"13,115kms",Petrol,Automatic,₹14.50 Lakh,mumbai
Kia,Kia SonetGTX Plus Turbo DCT DT,2020,"50,000kms",Petrol,Automatic,₹10.99 Lakh,mumbai
Maruti,Maruti ErtigaZXI Plus,2022,"18,000kms",Petrol,Manual,₹10.25 Lakh,mumbai
Jaguar,Jaguar XF2.2 Litre Luxury,2014,"43,000kms",Diesel,Automatic,₹10.75 Lakh,mumbai
Tata,Tata CurvvCreative Plus S,2024,"13,907kms",Petrol,Manual,₹13.25 Lakh,mumbai
Mercedes-Benz,Mercedes-Benz E-ClassE250 CDI,2014,"94,960kms",Diesel,Automatic,₹12.75 Lakh,mumbai
Mercedes-Benz,Mercedes-Benz E-ClassE 200 CGI,2015,"62,304kms",Petrol,Automatic,₹13.90 Lakh,mumbai
BMW,BMW 3 Series320d,2016,"25,873kms",Diesel,Automatic,₹14.50 Lakh,mumbai
BMW,BMW 3 Series320d,2016,"57,724kms",Diesel,Automatic,₹13.50 Lakh,mumbai
Maruti,Maruti XL6Alpha AT,2021,"35,000kms",Petrol,Automatic,₹10.50 Lakh,mumbai
Toyota,Toyota Innova Crysta2.4 GX MT BSIV,2018,"70,000kms",Diesel,Manual,₹14.90 Lakh,mumbai
Volkswagen,Volkswagen Taigun1.5 TSI GT Plus BSVI,2022,"39,000kms",Petrol,Manual,₹13.75 Lakh,mumbai
Hyundai,Hyundai Venue N LineN8 turbo DCT,2023,"9,000kms",Petrol,Automatic,₹11 Lakh,mumbai
MG,MG HectorSharp AT BSIV,2021,"40,000kms",Petrol,Automatic,₹12.95 Lakh,mumbai
Maruti,Maruti ErtigaZXI (O) CNG,2023,"57,000kms",CNG,Manual,₹11.80 Lakh,mumbai
Toyota,Toyota Innova Crysta2.4 G MT BSIV,2017,"68,000kms",Diesel,Manual,₹12.65 Lakh,mumbai
Volkswagen,Volkswagen Taigun1.5 TSI GT Plus BSVI,2022,"39,000kms",Petrol,Manual,₹13.75 Lakh,mumbai
Hyundai,Hyundai Venue N LineN8 turbo DCT,2023,"9,000kms",Petrol,Automatic,₹11 Lakh,mumbai
MG,MG HectorSharp AT BSIV,2021,"40,000kms",Petrol,Automatic,₹12.95 Lakh,mumbai
Maruti,Maruti ErtigaZXI (O) CNG,2023,"57,000kms",CNG,Manual,₹11.80 Lakh,mumbai
Toyota,Toyota Innova Crysta2.4 G MT BSIV,2017,"68,000kms",Diesel,Manual,₹12.65 Lakh,mumbai
Hyundai,Hyundai Creta1.6 SX Automatic Diesel,2020,"37,500kms",Diesel,Automatic,₹14 Lakh,mumbai
Audi,Audi A63.0 TDI Quattro Technology,2012,"1,08,000kms",Diesel,Automatic,₹11 Lakh,mumbai
Mercedes-Benz,Mercedes-Benz E-ClassE250 CDI,2014,"89,500kms",Diesel,Automatic,₹13 Lakh,mumbai
Kia,Kia SeltosHTX IVT,2023,"27,802kms",Petrol,Automatic,₹14.25 Lakh,mumbai
Kia,Kia SonetHTX Turbo DCT,2024,"34,000kms",Petrol,Automatic,₹11.90 Lakh,mumbai
Hyundai,Hyundai CretaSX IVT BSVI,2022,"33,200kms",Petrol,Automatic,₹13.40 Lakh,mumbai
BMW,BMW 5 Series530d M Sport,2014,"56,000kms",Diesel,Automatic,₹14.79 Lakh,mumbai
Kia,Kia SeltosHTX Plus Diesel,2020,"36,000kms",Diesel,Manual,₹11.95 Lakh,mumbai
Volkswagen,Volkswagen Taigun1.5 TSI GT Plus DSG,2023,"8,200kms",Petrol,Automatic,₹14.79 Lakh,mumbai
Mercedes-Benz,Mercedes-Benz E-ClassE250 CDI Avantgrade,2015,"69,000kms",Diesel,Automatic,₹14.45 Lakh,mumbai
Mercedes-Benz,Mercedes-Benz E-ClassE 200 CGI,2015,"65,600kms",Petrol,Automatic,₹13.90 Lakh,mumbai
Tata,Tata NexonFearless Plus S DT DCA,2023,"19,580kms",Petrol,Automatic,₹13 Lakh,mumbai
Kia,Kia SeltosHTX IVT G,2020,"16,600kms",Petrol,Automatic,₹12 Lakh,mumbai
Mercedes-Benz,Mercedes-Benz E-ClassE 200 CGI,2015,"92,000kms",Petrol,Automatic,₹12.75 Lakh,mumbai
Jaguar,Jaguar XEPrestige,2017,"56,000kms",Petrol,Automatic,₹14.99 Lakh,mumbai
Mercedes-Benz,Mercedes-Benz E-ClassE 200 CGI,2015,"65,600kms",Petrol,Automatic,₹13.90 Lakh,mumbai
Tata,Tata NexonFearless Plus S DT DCA,2023,"19,580kms",Petrol,Automatic,₹13 Lakh,mumbai
Kia,Kia SeltosHTX IVT G,2020,"16,600kms",Petrol,Automatic,₹12 Lakh,mumbai
Mercedes-Benz,Mercedes-Benz E-ClassE 200 CGI,2015,"92,000kms",Petrol,Automatic,₹12.75 Lakh,mumbai
Jaguar,Jaguar XEPrestige,2017,"56,000kms",Petrol,Automatic,₹14.99 Lakh,mumbai
Maruti,Maruti BrezzaZxi Plus AT DT BSVI,2022,"32,000kms",Petrol,Automatic,₹10.95 Lakh,mumbai
MG,MG HectorSharp CVT,2021,"40,000kms",Petrol,Automatic,₹12.45 Lakh,mumbai
Hyundai,Hyundai VenueSX Opt Turbo DCT,2023,"21,000kms",Petrol,Automatic,₹10.95 Lakh,mumbai
Volkswagen,Volkswagen Taigun1.0 TSI Topline AT BSVI,2023,"31,898kms",Petrol,Automatic,₹13.99 Lakh,mumbai
Skoda,Skoda Octavia1.8 TSI AT L K,2018,"61,000kms",Petrol,Automatic,₹11.75 Lakh,mumbai
Mercedes-Benz,Mercedes-Benz R-ClassR350 CDI 4MATIC,2013,"92,000kms",Diesel,Automatic,₹13.75 Lakh,mumbai
Kia,Kia SonetGTX Plus Diesel AT,2023,"12,422kms",Diesel,Automatic,₹13.45 Lakh,mumbai
Hyundai,Hyundai Tucson2.0 e-VGT 2WD AT GLS,2017,"96,800kms",Diesel,Automatic,₹10.49 Lakh,mumbai
MG,MG AstorSmart CVT,2023,"18,000kms",Petrol,Automatic,₹12.25 Lakh,mumbai
Volvo,Volvo S60 Cross CountryD4 AWD BSIV,2016,"60,000kms",Diesel,Automatic,₹13.99 Lakh,mumbai
Mercedes-Benz,Mercedes-Benz E-ClassE250 CDI,2014,"47,500kms",Diesel,Automatic,₹14.50 Lakh,mumbai
MG,MG Hector PlusSelect Diesel MT 7 STR,2021,"42,000kms",Diesel,Manual,₹13 Lakh,mumbai
Audi,Audi Q745 TDI Quattro Technology,2015,"1,29,000kms",Diesel,Automatic,₹14.75 Lakh,mumbai
Mercedes-Benz,Mercedes-Benz E-ClassE250 CDI Avantgrade,2015,"52,000kms",Diesel,Automatic,₹12.75 Lakh,mumbai
Honda,Honda CityZX CVT,2022,"29,000kms",Petrol,Automatic,₹10.25 Lakh,mumbai
Audi,Audi Q745 TDI Quattro Technology,2015,"1,29,000kms",Diesel,Automatic,₹14.75 Lakh,mumbai
Honda,Honda CityZX CVT,2022,"29,000kms",Petrol,Automatic,₹10.25 Lakh,mumbai
Mercedes-Benz,Mercedes-Benz E-ClassE250 CDI,2014,"47,500kms",Diesel,Automatic,₹14.50 Lakh,mumbai
MG,MG Hector PlusSelect Diesel MT 7 STR,2021,"42,000kms",Diesel,Manual,₹13 Lakh,mumbai
Mercedes-Benz,Mercedes-Benz E-ClassE 200 CGI,2015,"92,000kms",Petrol,Automatic,₹12.75 Lakh,mumbai
MG,MG AstorSmart CVT,2023,"18,000kms",Petrol,Automatic,₹12.25 Lakh,mumbai
Honda,Honda CityVX MT,2019,"66,500kms",Petrol,Manual,₹6.25 Lakh,mumbai
Tata,Tata HexaXTA,2017,"93,000kms",Diesel,Automatic,₹7.45 Lakh,mumbai
Hyundai,Hyundai Creta1.6 SX Automatic,2018,"52,985kms",Petrol,Automatic,₹8.75 Lakh,mumbai
Kia,Kia SonetHTX Turbo iMT BSVI,2021,"53,981kms",Petrol,Manual,₹6.81 Lakh,mumbai
Hyundai,Hyundai VenueS,2020,"38,200kms",Petrol,Manual,₹6.49 Lakh,mumbai
Kia,Kia SeltosGTX DCT,2021,"18,633kms",Petrol,Automatic,₹9.69 Lakh,mumbai
Toyota,Toyota Innova2.5 G (Diesel) 7 Seater BS IV,2014,"1,26,000kms",Diesel,Manual,₹7.50 Lakh,mumbai
Toyota,Toyota Innova2.5 G (Diesel) 8 Seater,2014,"1,25,000kms",Diesel,Manual,₹7.55 Lakh,mumbai
BMW,BMW 5 Series520d Luxury Line,2020,"44,794kms",Diesel,Automatic,₹34.84 Lakh,mumbai
BMW,BMW 3 SeriesM340i xDrive,2023,"19,990kms",Petrol,Automatic,₹54.95 Lakh,mumbai
Hyundai,Hyundai i20Petrol CVT Asta,2018,"62,678kms",Petrol,Automatic,₹5.26 Lakh,mumbai
Tata,Tata TiagoXT,2023,"14,029kms",Petrol,Manual,₹5.35 Lakh,mumbai
Maruti,Maruti SwiftVVT VXI,2014,"79,000kms",Petrol,Manual,₹3.75 Lakh,mumbai
Hyundai,Hyundai SantroSportz,2022,"49,600kms",Petrol,Manual,₹4.49 Lakh,mumbai
BMW,BMW 3 SeriesM340i xDrive,2023,"19,990kms",Petrol,Automatic,₹54.95 Lakh,mumbai
Honda,Honda BrioVX AT,2014,"81,000kms",Petrol,Automatic,₹3.15 Lakh,mumbai
Maruti,Maruti Swift DzireVXI,2013,"53,465kms",Petrol,Manual,₹3.95 Lakh,mumbai
Maruti,Maruti SwiftVVT VXI,2014,"79,000kms",Petrol,Manual,₹3.75 Lakh,mumbai
Hyundai,Hyundai SantroSportz,2022,"49,600kms",Petrol,Manual,₹4.49 Lakh,mumbai
Hyundai,Hyundai i20Petrol CVT Asta,2018,"62,678kms",Petrol,Automatic,₹5.26 Lakh,mumbai
Tata,Tata TiagoXT,2023,"14,029kms",Petrol,Manual,₹5.35 Lakh,mumbai
Maruti,Maruti BalenoRS,2017,"48,610kms",Petrol,Manual,₹4.23 Lakh,mumbai
Hyundai,Hyundai Grand i10Asta,2015,"71,776kms",Petrol,Manual,₹3.95 Lakh,mumbai
Tata,Tata Tiago1.2 Revotron XM,2017,"39,756kms",Petrol,Manual,₹3.75 Lakh,mumbai
Honda,Honda Jazz1.2 V AT i VTEC,2015,"57,000kms",Petrol,Automatic,₹3.95 Lakh,mumbai
Kia,Kia CarnivalLimousine,2020,"82,000kms",Diesel,Automatic,₹22.50 Lakh,mumbai
Mercedes-Benz,Mercedes-Benz GLC220d 4MATIC Sport,2016,"49,000kms",Diesel,Automatic,₹24.50 Lakh,mumbai
BMW,BMW X1sDrive20d xLine,2021,"26,000kms",Diesel,Automatic,₹26.45 Lakh,mumbai
Mercedes-Benz,Mercedes-Benz GLA Class200 Sport,2019,"37,000kms",Petrol,Automatic,₹15.25 Lakh,mumbai
Mahindra,Mahindra XUV700AX7 Diesel AT Luxury Pack BSVI,2022,"79,000kms",Diesel,Automatic,₹18.25 Lakh,mumbai
BMW,BMW 5 Series525d Luxury Line,2014,"84,483kms",Diesel,Automatic,₹15.70 Lakh,mumbai
MG,MG AstorSavvy CVT BSVI,2022,"22,000kms",Petrol,Automatic,₹13.60 Lakh,mumbai
Hyundai,Hyundai AlcazarSignature (O) AT,2021,"28,000kms",Petrol,Automatic,₹14.50 Lakh,mumbai
Volkswagen,Volkswagen VirtusTopline AT BSVI,2023,"34,000kms",Petrol,Automatic,₹10.40 Lakh,mumbai
Mahindra,Mahindra XUV700AX7 Diesel AT Luxury Pack BSVI,2022,"79,000kms",Diesel,Automatic,₹18.25 Lakh,mumbai
BMW,BMW 5 Series525d Luxury Line,2014,"84,483kms",Diesel,Automatic,₹15.70 Lakh,mumbai
MG,MG AstorSavvy CVT BSVI,2022,"22,000kms",Petrol,Automatic,₹13.60 Lakh,mumbai
Hyundai,Hyundai AlcazarSignature (O) AT,2021,"28,000kms",Petrol,Automatic,₹14.50 Lakh,mumbai
Volkswagen,Volkswagen VirtusTopline AT BSVI,2023,"34,000kms",Petrol,Automatic,₹10.40 Lakh,mumbai
Maruti,Maruti Grand VitaraSigma,2024,"31,080kms",Petrol,Manual,₹9.32 Lakh,mumbai
Jeep,Jeep Compass1.4 Limited,2017,"46,449kms",Petrol,Automatic,₹7.02 Lakh,mumbai
Jeep,Jeep Compass1.4 Limited,2017,"53,303kms",Petrol,Automatic,₹8.25 Lakh,mumbai
Mahindra,Mahindra XUV300W6 Sunroof BSVI,2022,"78,090kms",Petrol,Manual,₹6.75 Lakh,mumbai
Honda,Honda AmazeVX i-VTEC,2013,"26,989kms",Petrol,Manual,₹3.47 Lakh,mumbai
Honda,Honda Cityi VTEC SV,2016,"1,09,591kms",Petrol,Manual,₹4.02 Lakh,mumbai
Toyota,Toyota Corolla AltisVL AT,2015,"65,000kms",Petrol,Automatic,₹5.75 Lakh,mumbai
Hyundai,Hyundai Xcent1.2 Kappa S,2014,"69,000kms",Petrol,Manual,₹3.25 Lakh,mumbai
Volkswagen,Volkswagen VentoPetrol Highline,2014,"51,500kms",Petrol,Manual,₹3.75 Lakh,mumbai
Maruti,Maruti Baleno1.2 Alpha,2015,"88,000kms",Petrol,Manual,₹4.50 Lakh,mumbai
Maruti,Maruti Swift DzireVXI,2013,"57,316kms",Petrol,Manual,₹3.95 Lakh,mumbai
Hyundai,Hyundai i201.4 CRDi Sportz,2016,"73,069kms",Diesel,Manual,₹4.75 Lakh,mumbai
Tata,Tata SafariXT Plus BSVI,2021,"58,350kms",Diesel,Manual,₹13.25 Lakh,mumbai
Toyota,Toyota Innova Crysta2.4 GX 8 STR AT,2022,"48,946kms",Diesel,Automatic,₹23.45 Lakh,mumbai
BMW,BMW X1sDrive20d xLine,2020,"28,000kms",Diesel,Automatic,₹23.45 Lakh,mumbai
Volkswagen,Volkswagen VentoPetrol Highline,2014,"51,500kms",Petrol,Manual,₹3.75 Lakh,mumbai
Maruti,Maruti Baleno1.2 Alpha,2015,"88,000kms",Petrol,Manual,₹4.50 Lakh,mumbai
Hyundai,Hyundai AlcazarSignature 6Str Diesel AT,2024,"8,000kms",Diesel,Automatic,₹21.95 Lakh,mumbai
Toyota,Toyota Innova Crysta2.4 GX 8 STR AT,2022,"48,946kms",Diesel,Automatic,₹23.45 Lakh,mumbai
BMW,BMW X1sDrive20d xLine,2020,"28,000kms",Diesel,Automatic,₹23.45 Lakh,mumbai
Tata,Tata SafariXT Plus BSVI,2021,"58,350kms",Diesel,Manual,₹13.25 Lakh,mumbai
Hyundai,Hyundai TucsonGLS Diesel AT,2020,"57,000kms",Diesel,Automatic,₹18.99 Lakh,mumbai
Hyundai,Hyundai CretaSX IVT,2023,"23,000kms",Petrol,Automatic,₹15.45 Lakh,mumbai
Kia,Kia SonetGTX Plus Diesel AT,2023,"34,279kms",Diesel,Automatic,₹12.99 Lakh,mumbai
Tata,Tata SafariPure Plus S Dark AT,2024,"25,740kms",Diesel,Automatic,₹24 Lakh,mumbai
Tata,Tata AltrozXZ Plus Turbo BSVI,2021,"23,470kms",Petrol,Manual,₹5.52 Lakh,mumbai
Hyundai,Hyundai Grand i10 NiosAMT Sportz,2021,"19,605kms",Petrol,Automatic,₹5.72 Lakh,mumbai
Honda,Honda Cityi VTEC CVT VX,2015,"74,976kms",Petrol,Automatic,₹4.72 Lakh,mumbai
Maruti,Maruti CiazAlpha Automatic BSIV,2019,"69,792kms",Petrol,Automatic,₹6.09 Lakh,mumbai
Tata,Tata NexonXZ Plus Diesel,2018,"93,457kms",Diesel,Manual,₹6.14 Lakh,mumbai
Maruti,Maruti ErtigaBSIV VXI AT,2017,"38,000kms",Petrol,Automatic,₹6.90 Lakh,mumbai
Maruti,Maruti Vitara BrezzaZDi Plus,2016,"31,000kms",Diesel,Manual,₹6.95 Lakh,mumbai
Maruti,Maruti ErtigaBSIV ZXI Plus,2017,"45,000kms",Petrol,Manual,₹6.60 Lakh,mumbai
Jeep,Jeep Compass1.4 Limited Option,2018,"71,000kms",Petrol,Automatic,₹7.75 Lakh,mumbai
Maruti,Maruti Vitara BrezzaZXI AT,2020,"65,000kms",Petrol,Automatic,₹6.90 Lakh,mumbai
Hyundai,Hyundai Creta1.6 VTVT AT SX Plus,2020,"42,000kms",Petrol,Automatic,₹9.95 Lakh,mumbai
Maruti,Maruti ErtigaVXI CNG,2016,"68,000kms",CNG,Manual,₹7.30 Lakh,mumbai
MG,MG HectorSharp DCT,2019,"89,000kms",Petrol,Automatic,₹9.25 Lakh,mumbai
Toyota,Toyota Innova2.5 G (Diesel) 8 Seater BS IV,2013,"1,11,000kms",Diesel,Manual,₹7.35 Lakh,mumbai
Maruti,Maruti Vitara BrezzaZDi Plus,2016,"31,000kms",Diesel,Manual,₹6.95 Lakh,mumbai
Maruti,Maruti ErtigaBSIV ZXI Plus,2017,"45,000kms",Petrol,Manual,₹6.60 Lakh,mumbai
Jeep,Jeep Compass1.4 Limited Option,2018,"71,000kms",Petrol,Automatic,₹7.75 Lakh,mumbai
Maruti,Maruti Vitara BrezzaZXI AT,2020,"65,000kms",Petrol,Automatic,₹6.90 Lakh,mumbai
Maruti,Maruti ErtigaBSIV VXI AT,2017,"38,000kms",Petrol,Automatic,₹6.90 Lakh,mumbai
Jeep,Jeep Compass1.4 Limited Plus,2020,"17,252kms",Petrol,Automatic,₹11.90 Lakh,mumbai
Renault,Renault TriberRXZ BSIV,2020,"19,719kms",Petrol,Manual,₹5.51 Lakh,mumbai
Toyota,Toyota Innova Crysta2.4 VX MT 8S BSIV,2018,"65,000kms",Diesel,Manual,₹15.90 Lakh,mumbai
Hyundai,Hyundai i20Sportz 1.2,2017,"60,132kms",Petrol,Manual,₹4.38 Lakh,mumbai
Hyundai,Hyundai i20Sportz 1.2,2018,"22,655kms",Petrol,Manual,₹5.14 Lakh,mumbai
Honda,Honda AmazeVX i-VTEC,2015,"80,295kms",Petrol,Manual,₹3.86 Lakh,mumbai
Honda,Honda AmazeV CVT,2019,"1,03,240kms",Petrol,Automatic,₹5.14 Lakh,mumbai
Hyundai,Hyundai Grand i101.2 Kappa Sportz Option AT,2017,"69,552kms",Petrol,Automatic,₹3.27 Lakh,mumbai
Hyundai,Hyundai Xcent1.2 Kappa SX Option AT,2015,"40,657kms",Petrol,Automatic,₹4.42 Lakh,mumbai
Toyota,Toyota Corolla AltisPetrol LE,2016,"68,235kms",Petrol,Manual,₹5.74 Lakh,mumbai
Hyundai,Hyundai Grand i101.2 Kappa Sportz BSIV,2013,"66,757kms",Petrol,Manual,₹3.03 Lakh,mumbai
Honda,Honda AmazeV CVT,2019,"1,03,240kms",Petrol,Automatic,₹5.14 Lakh,mumbai
Hyundai,Hyundai Grand i101.2 Kappa Sportz Option AT,2017,"69,552kms",Petrol,Automatic,₹3.27 Lakh,mumbai
Hyundai,Hyundai Xcent1.2 Kappa SX Option AT,2015,"40,657kms",Petrol,Automatic,₹4.42 Lakh,mumbai
Toyota,Toyota Corolla AltisPetrol LE,2016,"68,235kms",Petrol,Manual,₹5.74 Lakh,mumbai
Hyundai,Hyundai Grand i101.2 Kappa Sportz BSIV,2013,"66,757kms",Petrol,Manual,₹3.03 Lakh,mumbai
Maruti,Maruti CelerioZXI,2015,"40,297kms",Petrol,Manual,₹3.31 Lakh,mumbai
Maruti,Maruti Swift DzireVXI 1.2,2019,"38,000kms",Petrol,Manual,₹5.35 Lakh,mumbai
Hyundai,Hyundai Grand i101.2 Kappa Asta,2018,"46,294kms",Petrol,Manual,₹4.24 Lakh,mumbai
Tata,Tata Tiago1.2 Revotron XZ,2018,"35,391kms",Petrol,Manual,₹3.52 Lakh,mumbai
Maruti,Maruti CelerioVXI AMT,2015,"58,641kms",Petrol,Automatic,₹3.22 Lakh,mumbai
Hyundai,Hyundai Grand i101.2 Kappa Magna BSIV,2015,"43,250kms",Petrol,Manual,₹3.03 Lakh,mumbai
Maruti,Maruti CiazPetrol,2017,"49,606kms",Diesel,Manual,₹5.89 Lakh,mumbai
Hyundai,Hyundai Xcent1.2 VTVT S,2015,"37,438kms",Petrol,Manual,₹3.43 Lakh,mumbai
Honda,Honda AmazeS i-VTEC,2013,"33,634kms",Petrol,Manual,₹3.19 Lakh,mumbai
Hyundai,Hyundai Grand i10AT Asta,2015,"90,849kms",Petrol,Automatic,₹3.18 Lakh,mumbai
Maruti,Maruti CelerioVXI AMT,2017,"92,655kms",Petrol,Automatic,₹3.25 Lakh,mumbai
Hyundai,Hyundai i20Sportz 1.2,2017,"27,417kms",Petrol,Manual,₹4.29 Lakh,mumbai
Honda,Honda Cityi VTEC V,2015,"43,550kms",Petrol,Manual,₹3.52 Lakh,mumbai
Renault,Renault KigerRXZ Turbo,2021,"63,106kms",Petrol,Manual,₹5.05 Lakh,mumbai
Hyundai,Hyundai i20Sportz 1.2,2017,"36,576kms",Petrol,Manual,₹4.61 Lakh,mumbai
Maruti,Maruti CiazZXi Option,2014,"47,700kms",Petrol,Manual,₹3.80 Lakh,mumbai
Hyundai,Hyundai Grand i101.2 Kappa Sportz BSIV,2018,"14,000kms",Petrol,Manual,₹4.25 Lakh,mumbai
Maruti,Maruti SwiftLXI BSIV,2015,"75,000kms",Petrol,Manual,₹3.45 Lakh,mumbai
Honda,Honda AmazeVX AT i-Vtech,2015,"41,000kms",Petrol,Automatic,₹3.75 Lakh,mumbai
Maruti,Maruti Swift DzireZXI 1.2 BS IV,2015,"64,000kms",Petrol,Manual,₹5.35 Lakh,mumbai
Hyundai,Hyundai i10Sportz 1.1L,2017,"18,500kms",Petrol,Manual,₹4.75 Lakh,mumbai
Maruti,Maruti SwiftLXI,2020,"75,493kms",Petrol,Manual,₹5.15 Lakh,mumbai
Toyota,Toyota Etios Liva1.2 VX,2017,"38,600kms",Petrol,Manual,₹4.15 Lakh,mumbai
Hyundai,Hyundai Grand i101.2 Kappa Sportz BSIV,2018,"55,000kms",Petrol,Manual,₹4.35 Lakh,mumbai
Volkswagen,Volkswagen PoloGT TSI,2013,"73,800kms",Petrol,Automatic,₹4.75 Lakh,mumbai
Honda,Honda AmazeV CVT Petrol BSIV,2018,"75,000kms",Petrol,Automatic,₹4.75 Lakh,mumbai
Maruti,Maruti SwiftLXI,2018,"49,000kms",Petrol,Manual,₹4.49 Lakh,mumbai
Maruti,Maruti Baleno1.2 Zeta,2018,"37,000kms",Petrol,Manual,₹4.80 Lakh,mumbai
Honda,Honda Jazz1.2 V i VTEC,2018,"35,400kms",Petrol,Manual,₹4 Lakh,mumbai
Honda,Honda Cityi VTEC V,2014,"33,000kms",Petrol,Manual,₹4.55 Lakh,mumbai
Honda,Honda WR-Vi-VTEC S,2017,"23,399kms",Petrol,Manual,₹5.29 Lakh,mumbai
Hyundai,Hyundai Grand i10AT Asta,2014,"87,000kms",Petrol,Automatic,₹3.45 Lakh,mumbai
Hyundai,Hyundai Xcent1.2 VTVT E,2018,"74,000kms",Petrol,Manual,₹4.85 Lakh,mumbai
Maruti,Maruti CelerioVXI,2015,"81,173kms",Petrol,Manual,₹3.25 Lakh,mumbai
Honda,Honda JazzV,2018,"52,262kms",Petrol,Manual,₹4.25 Lakh,mumbai
Honda,Honda WR-Vi-VTEC S,2017,"23,399kms",Petrol,Manual,₹5.29 Lakh,mumbai
Hyundai,Hyundai Grand i10AT Asta,2014,"87,000kms",Petrol,Automatic,₹3.45 Lakh,mumbai
Hyundai,Hyundai Xcent1.2 VTVT E,2018,"74,000kms",Petrol,Manual,₹4.85 Lakh,mumbai
Maruti,Maruti CelerioVXI,2015,"81,173kms",Petrol,Manual,₹3.25 Lakh,mumbai
Honda,Honda JazzV,2018,"52,262kms",Petrol,Manual,₹4.25 Lakh,mumbai
Tata,Tata Tiago NRGXZ BSVI,2021,"36,300kms",Petrol,Manual,₹4.75 Lakh,mumbai
Maruti,Maruti SwiftAMT ZXI,2018,"49,050kms",Petrol,Automatic,₹5.51 Lakh,mumbai
Honda,Honda AmazeV CVT Petrol,2019,"39,058kms",Petrol,Automatic,₹5.50 Lakh,mumbai
Volkswagen,Volkswagen VentoPetrol Highline,2014,"79,000kms",Petrol,Manual,₹3.85 Lakh,mumbai
Maruti,Maruti SX4ZXI AT,2013,"90,000kms",Petrol,Manual,₹3.29 Lakh,mumbai
Hyundai,Hyundai Xcent1.2 Kappa S,2016,"39,000kms",Petrol,Manual,₹4.06 Lakh,mumbai
Volkswagen,Volkswagen Vento1.2 TSI Highline AT,2015,"49,000kms",Petrol,Automatic,₹5 Lakh,mumbai
Tata,Tata Tiago1.2 Revotron XT,2017,"69,000kms",Petrol,Manual,₹3.50 Lakh,mumbai
Honda,Honda Jazz1.2 V AT i VTEC,2016,"35,000kms",Petrol,Automatic,₹4.41 Lakh,mumbai
Honda,Honda BrioVX AT,2015,"50,000kms",Petrol,Automatic,₹3.75 Lakh,mumbai
Volkswagen,Volkswagen PoloGT TSI,2016,"45,000kms",Petrol,Automatic,₹5.25 Lakh,mumbai
Maruti,Maruti Baleno1.2 Alpha,2017,"80,000kms",Petrol,Manual,₹4.80 Lakh,mumbai
Honda,Honda Cityi VTEC CVT VX,2015,"65,000kms",Petrol,Automatic,₹4.30 Lakh,mumbai
Honda,Honda CityV AT,2014,"45,000kms",Petrol,Automatic,₹4.65 Lakh,mumbai
Hyundai,Hyundai AuraS,2020,"25,000kms",Petrol,Manual,₹5.25 Lakh,mumbai
Maruti,Maruti Baleno1.2 Alpha,2017,"80,000kms",Petrol,Manual,₹4.80 Lakh,mumbai
Volkswagen,Volkswagen PoloGT TSI,2016,"45,000kms",Petrol,Automatic,₹5.25 Lakh,mumbai
Maruti,Maruti SX4ZXI AT,2013,"90,000kms",Petrol,Manual,₹3.29 Lakh,mumbai
Hyundai,Hyundai Xcent1.2 Kappa S,2016,"39,000kms",Petrol,Manual,₹4.06 Lakh,mumbai
Maruti,Maruti Swift DzireVXI,2012,"58,000kms",Petrol,Manual,₹3.20 Lakh,mumbai
Honda,Honda JazzVX CVT,2019,"14,540kms",Petrol,Automatic,₹5.95 Lakh,mumbai
Volkswagen,Volkswagen Polo1.2 MPI Highline,2016,"41,000kms",Petrol,Manual,₹4.50 Lakh,mumbai
Maruti,Maruti ErtigaVXI,2015,"1,15,000kms",Petrol,Manual,₹5.99 Lakh,mumbai
Maruti,Maruti S CrossDelta DDiS 200 SH,2017,"23,765kms",Diesel,Manual,₹5.85 Lakh,mumbai
Maruti,Maruti Swift DzireVXI,2016,"74,105kms",Petrol,Manual,₹4.50 Lakh,mumbai
Volkswagen,Volkswagen Vento1.2 TSI Highline AT,2016,"75,000kms",Petrol,Automatic,₹4.15 Lakh,mumbai
Maruti,Maruti Swift DzireVXI 1.2,2017,"65,000kms",Petrol,Manual,₹4.65 Lakh,mumbai
Honda,Honda Cityi-DTEC V,2017,"68,000kms",Diesel,Manual,₹5.45 Lakh,mumbai
Maruti,Maruti CiazAT ZXi Plus,2016,"78,600kms",Petrol,Automatic,₹4.85 Lakh,mumbai
Maruti,Maruti CiazAT ZXi,2016,"72,000kms",Petrol,Automatic,₹5.22 Lakh,mumbai
Volkswagen,Volkswagen PoloGT TSI,2016,"45,000kms",Petrol,Automatic,₹5.15 Lakh,mumbai
Hyundai,Hyundai AuraS,2020,"25,000kms",Petrol,Manual,₹5.25 Lakh,mumbai
Hyundai,Hyundai Creta1.6 VTVT SX Plus Dual Tone,2015,"53,936kms",Petrol,Manual,₹5.99 Lakh,mumbai
Tata,Tata Tiago1.2 Revotron XZ,2017,"15,400kms",Petrol,Manual,₹3.95 Lakh,mumbai
Honda,Honda AmazeVX CVT i-VTEC,2016,"35,900kms",Petrol,Automatic,₹4.45 Lakh,mumbai
Honda,Honda AmazeVX i-VTEC,2015,"80,295kms",Petrol,Manual,₹3.86 Lakh,mumbai
Honda,Honda AmazeV CVT,2019,"1,03,240kms",Petrol,Automatic,₹5.14 Lakh,mumbai
Hyundai,Hyundai Grand i101.2 Kappa Sportz BSIV,2013,"66,757kms",Petrol,Manual,₹3.03 Lakh,mumbai
Maruti,Maruti CelerioZXI,2015,"40,297kms",Petrol,Manual,₹3.31 Lakh,mumbai
Maruti,Maruti Swift DzireVXI 1.2,2019,"38,000kms",Petrol,Manual,₹5.35 Lakh,mumbai
Hyundai,Hyundai Grand i101.2 Kappa Sportz Option AT,2017,"69,552kms",Petrol,Automatic,₹3.27 Lakh,mumbai
Renault,Renault KigerRXZ Turbo,2021,"63,106kms",Petrol,Manual,₹5.05 Lakh,mumbai
Hyundai,Hyundai Xcent1.2 Kappa SX Option AT,2015,"40,657kms",Petrol,Automatic,₹4.42 Lakh,mumbai
Toyota,Toyota Corolla AltisPetrol LE,2016,"68,235kms",Petrol,Manual,₹5.74 Lakh,mumbai
Hyundai,Hyundai Verna1.6 SX VTVT AT,2013,"45,000kms",Petrol,Automatic,₹3.21 Lakh,mumbai
Maruti,Maruti Swift DzireVXI,2013,"24,000kms",Petrol,Manual,₹3.51 Lakh,mumbai
Maruti,Maruti Swift DzireVXI,2016,"74,105kms",Petrol,Manual,₹4.50 Lakh,mumbai
Volkswagen,Volkswagen Vento1.2 TSI Highline AT,2016,"75,000kms",Petrol,Automatic,₹4.15 Lakh,mumbai
Maruti,Maruti Swift DzireVXI 1.2,2017,"65,000kms",Petrol,Manual,₹4.65 Lakh,mumbai
Maruti,Maruti Swift DzireAMT ZXI Plus,2018,"84,000kms",Petrol,Automatic,₹4.99 Lakh,mumbai
Maruti,Maruti SwiftAMT VXI,2019,"32,600kms",Petrol,Automatic,₹6 Lakh,mumbai
Honda,Honda JazzVX CVT,2019,"14,540kms",Petrol,Automatic,₹5.95 Lakh,mumbai
Volkswagen,Volkswagen Polo1.2 MPI Highline,2016,"41,000kms",Petrol,Manual,₹4.50 Lakh,mumbai
Maruti,Maruti ErtigaVXI,2015,"1,15,000kms",Petrol,Manual,₹5.99 Lakh,mumbai
Maruti,Maruti S CrossDelta DDiS 200 SH,2017,"23,765kms",Diesel,Manual,₹5.85 Lakh,mumbai
Maruti,Maruti SwiftAMT VXI,2019,"32,600kms",Petrol,Automatic,₹6 Lakh,mumbai
Honda,Honda JazzVX CVT,2019,"14,540kms",Petrol,Automatic,₹5.95 Lakh,mumbai
Volkswagen,Volkswagen Polo1.2 MPI Highline,2016,"41,000kms",Petrol,Manual,₹4.50 Lakh,mumbai
Maruti,Maruti ErtigaVXI,2015,"1,15,000kms",Petrol,Manual,₹5.99 Lakh,mumbai
Maruti,Maruti S CrossDelta DDiS 200 SH,2017,"23,765kms",Diesel,Manual,₹5.85 Lakh,mumbai
Honda,Honda Cityi-DTEC V,2017,"68,000kms",Diesel,Manual,₹5.45 Lakh,mumbai
Maruti,Maruti Wagon RCNG LXI Opt BSIV,2019,"79,964kms",CNG,Manual,₹4.25 Lakh,mumbai
Honda,Honda AmazeVX CVT i-VTEC,2016,"64,057kms",Petrol,Automatic,₹4.65 Lakh,mumbai
Mahindra,Mahindra Bolero Power PlusSLE,2018,"82,000kms",Diesel,Manual,₹5.99 Lakh,mumbai
Maruti,Maruti Swift DzireAMT VXI,2018,"59,237kms",Petrol,Automatic,₹4.99 Lakh,mumbai
Hyundai,Hyundai Verna1.6 VTVT AT SX,2016,"39,000kms",Petrol,Automatic,₹5.90 Lakh,mumbai
Honda,Honda Jazz1.2 VX i VTEC,2015,"76,503kms",Petrol,Manual,₹3.75 Lakh,mumbai
Honda,Honda Cityi VTEC CVT VX,2015,"87,000kms",Petrol,Automatic,₹4.99 Lakh,mumbai
Honda,Honda BrioVX AT,2014,"29,000kms",Petrol,Automatic,₹3.75 Lakh,mumbai
Honda,Honda AmazeS CVT i-VTEC,2016,"88,136kms",Petrol,Automatic,₹4.15 Lakh,mumbai
Maruti,Maruti ErtigaVXI,2014,"74,623kms",Petrol,Manual,₹5.45 Lakh,mumbai
Honda,Honda Jazz1.2 VX i VTEC,2015,"25,000kms",Petrol,Manual,₹3.49 Lakh,mumbai
Maruti,Maruti BalenoDelta CVT,2019,"28,000kms",Petrol,Automatic,₹5.91 Lakh,mumbai
Maruti,Maruti Baleno1.2 CVT Alpha,2018,"41,000kms",Petrol,Automatic,₹5.85 Lakh,mumbai
Honda,Honda Cityi VTEC CVT VX,2014,"87,000kms",Petrol,Automatic,₹4.75 Lakh,mumbai
Maruti,Maruti ErtigaVXI,2014,"74,623kms",Petrol,Manual,₹5.45 Lakh,mumbai
Honda,Honda Jazz1.2 VX i VTEC,2015,"25,000kms",Petrol,Manual,₹3.49 Lakh,mumbai
Maruti,Maruti BalenoDelta CVT,2019,"28,000kms",Petrol,Automatic,₹5.91 Lakh,mumbai
Maruti,Maruti Baleno1.2 CVT Alpha,2018,"41,000kms",Petrol,Automatic,₹5.85 Lakh,mumbai
Honda,Honda Cityi VTEC CVT VX,2014,"87,000kms",Petrol,Automatic,₹4.75 Lakh,mumbai
Maruti,Maruti Ignis1.2 Delta BSIV,2018,"60,076kms",Petrol,Manual,₹4.25 Lakh,mumbai
Maruti,Maruti ErtigaZXI,2013,"98,000kms",Petrol,Manual,₹4.65 Lakh,mumbai
Maruti,Maruti ErtigaZXI,2012,"82,176kms",Petrol,Manual,₹4.75 Lakh,mumbai
Volkswagen,Volkswagen VentoTSI,2014,"62,000kms",Petrol,Automatic,₹3.45 Lakh,mumbai
Honda,Honda Cityi VTEC CVT SV,2015,"80,510kms",Petrol,Automatic,₹3.99 Lakh,mumbai
Honda,Honda Cityi VTEC CVT VX,2015,"75,000kms",Petrol,Automatic,₹3.45 Lakh,mumbai
Maruti,Maruti ErtigaVXI,2015,"1,05,000kms",Petrol,Manual,₹4.99 Lakh,mumbai
Hyundai,Hyundai Verna1.6 SX VTVT,2013,"57,000kms",Petrol,Manual,₹3.25 Lakh,mumbai
Maruti,Maruti CiazVXi,2014,"62,000kms",Petrol,Manual,₹3.49 Lakh,mumbai
Maruti,Maruti SwiftAMT ZXI,2019,"41,000kms",Petrol,Automatic,₹5.49 Lakh,mumbai
Hyundai,Hyundai Grand i10AT Asta,2014,"59,000kms",Petrol,Automatic,₹3.95 Lakh,mumbai
Maruti,Maruti Swift DzireZXI,2018,"59,600kms",Petrol,Manual,₹4.99 Lakh,mumbai
Honda,Honda JazzV CVT,2018,"54,450kms",Petrol,Automatic,₹4.85 Lakh,mumbai
Maruti,Maruti Swift DzireAMT ZXI,2018,"59,000kms",Petrol,Automatic,₹5.85 Lakh,mumbai
Maruti,Maruti CelerioZXI MT BSIV,2018,"48,741kms",Petrol,Manual,₹3.95 Lakh,mumbai
Hyundai,Hyundai Grand i10AT Asta,2014,"59,000kms",Petrol,Automatic,₹3.95 Lakh,mumbai
Maruti,Maruti Swift DzireZXI,2018,"59,600kms",Petrol,Manual,₹4.99 Lakh,mumbai
Honda,Honda JazzV CVT,2018,"54,450kms",Petrol,Automatic,₹4.85 Lakh,mumbai
Maruti,Maruti Swift DzireAMT ZXI,2018,"59,000kms",Petrol,Automatic,₹5.85 Lakh,mumbai
Maruti,Maruti CelerioZXI MT BSIV,2018,"48,741kms",Petrol,Manual,₹3.95 Lakh,mumbai
Hyundai,Hyundai Xcent1.2 Kappa S,2014,"35,000kms",Petrol,Manual,₹3.50 Lakh,mumbai
Tata,Tata TigorXZ Plus,2020,"60,236kms",Petrol,Manual,₹5.25 Lakh,mumbai
Maruti,Maruti Swift DzireVXI,2014,"59,000kms",Petrol,Manual,₹3.05 Lakh,mumbai
Maruti,Maruti SwiftVXI,2016,"38,239kms",Petrol,Manual,₹4.25 Lakh,mumbai
Maruti,Maruti CiazZXi,2015,"78,000kms",Petrol,Manual,₹4.25 Lakh,mumbai
Honda,Honda JazzV CVT,2018,"11,000kms",Petrol,Automatic,₹5.45 Lakh,mumbai
Maruti,Maruti CiazZXi,2015,"48,300kms",Petrol,Manual,₹3.99 Lakh,mumbai
Mahindra,Mahindra Alturas G44X4 AT BSIV,2019,"77,000kms",Diesel,Automatic,₹16.75 Lakh,mumbai
Land Rover,Land Rover Range Rover VelarR-Dynamic S Petrol,2021,"49,000kms",Petrol,Automatic,₹59.25 Lakh,mumbai
Toyota,Toyota Innova HycrossZX(O) Hybrid,2023,"32,200kms",Petrol,Automatic,₹32.49 Lakh,mumbai
Mercedes-Benz,Mercedes-Benz GLE300d 4Matic AMG Line,2025,500kms,Diesel,Automatic,₹1.27 Crore,mumbai
Mercedes-Benz,Mercedes-Benz GLE300d 4Matic,2023,"40,000kms",Diesel,Automatic,₹79.90 Lakh,mumbai
Audi,Audi Q7Technology  -,2022,"32,000kms",Petrol,Automatic,₹59.75 Lakh,mumbai
Lexus,2021Lexus ES300h Luxury  -2022,2020,"30,800kms",Petrol,Automatic,₹36.75 Lakh,mumbai
Mercedes-Benz,Mercedes-Benz GLE300d 4Matic,2023,"25,605kms",Diesel,Automatic,₹79 Lakh,mumbai
Mercedes-Benz,Mercedes-Benz GLE300d 4Matic AMG Line,2025,500kms,Diesel,Automatic,₹1.27 Crore,mumbai
Mercedes-Benz,Mercedes-Benz GLE300d 4Matic,2023,"40,000kms",Diesel,Automatic,₹79.90 Lakh,mumbai
Audi,Audi Q7Technology  -,2022,"32,000kms",Petrol,Automatic,₹59.75 Lakh,mumbai
Lexus,2021Lexus ES300h Luxury  -2022,2020,"30,800kms",Petrol,Automatic,₹36.75 Lakh,mumbai
Mercedes-Benz,Mercedes-Benz GLE300d 4Matic,2023,"25,605kms",Diesel,Automatic,₹79 Lakh,mumbai
BMW,BMW X7xDrive30d DPE Signature,2021,"39,000kms",Diesel,Automatic,₹79.75 Lakh,mumbai
BMW,BMW 6 SeriesGT 630i M Sport,2024,"18,200kms",Petrol,Automatic,₹59 Lakh,mumbai
Mercedes-Benz,Mercedes-Benz E-ClassExclusive E 220d,2023,"22,198kms",Diesel,Automatic,₹62.50 Lakh,mumbai
BMW,BMW 3 Series330i M Sport,2021,"60,000kms",Petrol,Automatic,₹36.50 Lakh,mumbai
MG,MG HectorSharp Diesel MT BSIV,2020,"77,127kms",Diesel,Manual,₹11.24 Lakh,mumbai
Honda,Honda AmazeS i-VTEC,2013,"55,507kms",Petrol,Manual,₹3.01 Lakh,mumbai
Volkswagen,Volkswagen Ameo1.5 TDI Highline Plus AT,2019,"39,830kms",Diesel,Automatic,₹5.60 Lakh,mumbai
Maruti,Maruti Baleno1.2 CVT Alpha,2018,"31,178kms",Petrol,Automatic,₹5.66 Lakh,mumbai
Tata,Tata TiagoXZA AMT,2021,"5,103kms",Petrol,Automatic,₹5.72 Lakh,mumbai
Hyundai,Hyundai Grand i10Asta Option,2015,"41,896kms",Petrol,Manual,₹3.20 Lakh,mumbai
Maruti,Maruti CiazVXi,2015,"55,095kms",Petrol,Manual,₹4.29 Lakh,mumbai
Tata,Tata TiagoWizz Edition Petrol,2018,"40,888kms",Petrol,Manual,₹3.37 Lakh,mumbai
Honda,Honda CityV MT,2014,"81,862kms",Petrol,Manual,₹3.56 Lakh,mumbai
Maruti,Maruti BalenoRS,2017,"48,617kms",Petrol,Manual,₹4.41 Lakh,mumbai
Hyundai,Hyundai i201.2 Asta,2018,"49,961kms",Petrol,Manual,₹5.05 Lakh,mumbai
Maruti,Maruti Baleno1.2 CVT Alpha,2018,"31,178kms",Petrol,Automatic,₹5.66 Lakh,mumbai
Tata,Tata TiagoXZA AMT,2021,"5,103kms",Petrol,Automatic,₹5.72 Lakh,mumbai
Volkswagen,Volkswagen Ameo1.5 TDI Highline Plus AT,2019,"39,830kms",Diesel,Automatic,₹5.60 Lakh,mumbai
Maruti,Maruti CiazVXi,2015,"55,095kms",Petrol,Manual,₹4.29 Lakh,mumbai
Hyundai,Hyundai Grand i10Asta Option,2015,"41,896kms",Petrol,Manual,₹3.20 Lakh,mumbai
Maruti,Maruti Swift DzireZXi,2016,"81,543kms",Petrol,Manual,₹4.15 Lakh,mumbai
Honda,Honda Jazz1.2 V AT i VTEC,2016,"49,345kms",Petrol,Automatic,₹3.88 Lakh,mumbai
Tata,Tata AltrozXZA Plus DCT,2023,"12,356kms",Petrol,Automatic,₹7.96 Lakh,mumbai
Honda,Honda CityV MT,2021,"25,352kms",Petrol,Manual,₹9.79 Lakh,mumbai
Maruti,Maruti Ciaz1.4 S,2021,"50,361kms",Petrol,Manual,₹7.34 Lakh,mumbai
Honda,Honda CityV MT,2021,"40,376kms",Petrol,Manual,₹9.69 Lakh,mumbai
Kia,Kia SeltosGTX DCT,2021,"40,521kms",Petrol,Automatic,₹9.35 Lakh,mumbai
Maruti,Maruti XL6Zeta,2021,"21,746kms",Petrol,Manual,₹8.98 Lakh,mumbai
Jeep,Jeep Compass1.4 Sport,2018,"48,146kms",Petrol,Manual,₹6.72 Lakh,mumbai
Maruti,Maruti Vitara BrezzaZDi Plus,2018,"45,308kms",Diesel,Manual,₹7.57 Lakh,mumbai
Tata,Tata AltrozXZ Plus Dark Edition,2022,"41,562kms",Petrol,Manual,₹6.43 Lakh,mumbai
Hyundai,Hyundai Creta1.6 EX Petrol,2017,"33,906kms",Petrol,Manual,₹7.11 Lakh,mumbai
Volkswagen,Volkswagen Vento1.0 TSI Highline Plus AT,2020,"1,00,738kms",Petrol,Automatic,₹7.24 Lakh,mumbai
Kia,Kia SeltosHTX Plus AT D,2021,"74,425kms",Diesel,Automatic,₹8.75 Lakh,mumbai
Hyundai,Hyundai Creta1.6 SX Automatic,2018,"47,914kms",Petrol,Automatic,₹7.13 Lakh,mumbai
Tata,Tata AltrozXZ Plus Dark Edition,2022,"41,562kms",Petrol,Manual,₹6.43 Lakh,mumbai
Hyundai,Hyundai Creta1.6 EX Petrol,2017,"33,906kms",Petrol,Manual,₹7.11 Lakh,mumbai
Volkswagen,Volkswagen Vento1.0 TSI Highline Plus AT,2020,"1,00,738kms",Petrol,Automatic,₹7.24 Lakh,mumbai
Kia,Kia SeltosHTX Plus AT D,2021,"74,425kms",Diesel,Automatic,₹8.75 Lakh,mumbai
Hyundai,Hyundai Creta1.6 SX Automatic,2018,"47,914kms",Petrol,Automatic,₹7.13 Lakh,mumbai
Jeep,Jeep Compass1.4 Sport,2018,"40,683kms",Petrol,Manual,₹6.05 Lakh,mumbai
Tata,Tata Altroz RacerR3,2024,"5,443kms",Petrol,Manual,₹7.73 Lakh,mumbai
Honda,Honda CityVX MT,2015,"81,753kms",Petrol,Manual,₹4.65 Lakh,mumbai
Hyundai,Hyundai VenueSX Turbo Executive,2019,"31,891kms",Diesel,Manual,₹7.94 Lakh,mumbai
Hyundai,Hyundai XcentPetrol,2016,"46,130kms",Petrol,Manual,₹3.81 Lakh,mumbai
Maruti,Maruti Swift DzireAMT ZXI,2018,"30,696kms",Petrol,Automatic,₹5.01 Lakh,mumbai
Maruti,Maruti CiazVXi,2015,"88,338kms",Petrol,Manual,₹4.30 Lakh,mumbai
Maruti,Maruti Ciaz1.3 Alpha,2018,"88,214kms",Diesel,Manual,₹5.83 Lakh,mumbai
Tata,Tata TigorXZ,2021,"42,550kms",Petrol,Manual,₹5.03 Lakh,mumbai
Maruti,Maruti SwiftVXI,2014,"45,511kms",Petrol,Manual,₹3.12 Lakh,mumbai
Maruti,Maruti SwiftVXI,2015,"51,784kms",Petrol,Manual,₹3.50 Lakh,mumbai
Hyundai,Hyundai i20Magna Plus,2019,"80,745kms",Petrol,Manual,₹4.37 Lakh,mumbai
MG,MG HectorSharp DCT,2020,"57,930kms",Petrol,Automatic,₹12.18 Lakh,mumbai
Hyundai,Hyundai AlcazarPlatinum 6Str Diesel AT,2021,"97,222kms",Diesel,Automatic,₹12.54 Lakh,mumbai
Maruti,Maruti DzireVXI,2017,"91,374kms",Petrol,Manual,₹4.53 Lakh,mumbai
Maruti,Maruti SwiftVXI,2015,"51,784kms",Petrol,Manual,₹3.50 Lakh,mumbai
Hyundai,Hyundai i20Magna Plus,2019,"80,745kms",Petrol,Manual,₹4.37 Lakh,mumbai
Maruti,Maruti DzireVXI,2017,"91,374kms",Petrol,Manual,₹4.53 Lakh,mumbai
Hyundai,Hyundai AlcazarPlatinum 6Str Diesel AT,2021,"97,222kms",Diesel,Automatic,₹12.54 Lakh,mumbai
MG,MG HectorSharp DCT,2020,"57,930kms",Petrol,Automatic,₹12.18 Lakh,mumbai
Hyundai,Hyundai AlcazarPlatinum AE Turbo 7Str,2023,"22,878kms",Petrol,Manual,₹16.70 Lakh,mumbai
Hyundai,Hyundai Xcent1.2 Kappa S,2016,"26,710kms",Petrol,Manual,₹3.50 Lakh,mumbai
Maruti,2020Maruti S-PressoVXI Plus  -2022,2019,"33,225kms",Petrol,Manual,₹3.24 Lakh,mumbai
Mercedes-Benz,Mercedes-Benz GLA Class200 Sport,2018,"60,227kms",Petrol,Automatic,₹17.67 Lakh,mumbai
Kia,Kia SeltosHTX IVT,2022,"23,612kms",Petrol,Automatic,₹12.90 Lakh,mumbai
Maruti,Maruti XL6Alpha Plus AT BSVI,2024,"27,684kms",Petrol,Automatic,₹13.45 Lakh,mumbai
Skoda,Skoda Kushaq1.5 TSI Ambition,2022,"14,016kms",Petrol,Manual,₹10.93 Lakh,mumbai
Kia,Kia SeltosGTX Plus DCT,2020,"96,355kms",Petrol,Automatic,₹10.75 Lakh,mumbai
Kia,Kia SeltosGTX Plus DCT,2020,"51,624kms",Petrol,Automatic,₹11.61 Lakh,mumbai
Maruti,Maruti BalenoZeta Diesel,2020,"58,776kms",Diesel,Manual,₹5.69 Lakh,mumbai
Maruti,Maruti Swift DzireVXI,2013,"42,246kms",Petrol,Manual,₹3.29 Lakh,mumbai
Tata,Tata Tigor1.2 Revotron XZA,2018,"99,883kms",Petrol,Automatic,₹3.90 Lakh,mumbai
Maruti,Maruti Baleno1.2 Zeta,2015,"41,496kms",Petrol,Manual,₹3.75 Lakh,mumbai
Hyundai,Hyundai Grand i101.2 Kappa Asta,2015,"49,377kms",Petrol,Manual,₹3.48 Lakh,mumbai
Maruti,Maruti BalenoAlpha Diesel,2016,"39,674kms",Diesel,Manual,₹4.41 Lakh,mumbai
Maruti,Maruti Swift Dzire VXI,2013,"42,246 kms",Petrol,Manual,₹3.29 Lakh,mumbai
Tata,Tata Tigor 1.2 Revotron XZA,2018,"99,883 kms",Petrol,Automatic,₹3.90 Lakh,mumbai
Maruti,Maruti Baleno 1.2 Zeta,2015,"41,496 kms",Petrol,Manual,₹3.75 Lakh,mumbai
Hyundai,Hyundai Grand i10 1.2 Kappa Asta,2015,"49,377 kms",Petrol,Manual,₹3.48 Lakh,mumbai
Maruti,Maruti Baleno Alpha Diesel,2016,"39,674 kms",Diesel,Manual,₹4.41 Lakh,mumbai
Maruti,Maruti Baleno Zeta Diesel,2021,"37,883 kms",Diesel,Manual,₹6.21 Lakh,mumbai
Hyundai,Hyundai Verna 1.6 VTVT SX,2017,"28,200 kms",Petrol,Manual,₹7.03 Lakh,mumbai
Honda,Honda City i VTEC VX,2015,"46,759 kms",Petrol,Manual,₹4.40 Lakh,mumbai
Honda,Honda City i VTEC CVT VX,2014,"70,543 kms",Petrol,Automatic,₹3.91 Lakh,mumbai
Maruti,Maruti Swift Dzire VXI,2016,"60,016 kms",Petrol,Manual,₹3.40 Lakh,mumbai
Honda,Honda BR-V Style Edition Diesel V,2016,"40,722 kms",Diesel,Manual,₹6.77 Lakh,mumbai
Hyundai,Hyundai Grand i10 1.2 Kappa Sportz BSIV,2014,"38,927 kms",Petrol,Manual,₹3.33 Lakh,mumbai
Maruti,Maruti Ignis 1.2 Delta BSIV,2018,"80,765 kms",Petrol,Manual,₹3.50 Lakh,mumbai
Honda,Honda City V MT,2014,"59,807 kms",Petrol,Manual,₹4.29 Lakh,mumbai
Maruti,Maruti Baleno Zeta Diesel,2017,"45,403 kms",Diesel,Manual,₹5.75 Lakh,mumbai
Honda,Honda City V MT,2013,"58,132 kms",Petrol,Manual,₹3.38 Lakh,mumbai
Honda,Honda Jazz 1.2 VX i VTEC,2018,"60,048 kms",Petrol,Manual,₹3.76 Lakh,mumbai
Hyundai,Hyundai i20 1.2 Asta,2017,"43,328 kms",Petrol,Manual,₹4.75 Lakh,mumbai
Honda,Honda Amaze VX i DTEC,2016,"77,589 kms",Diesel,Manual,₹4.34 Lakh,mumbai
Tata,Tata Tiago XZ Plus,2020,"36,334 kms",Petrol,Manual,₹4.65 Lakh,mumbai
Honda,Honda CityV MT,2013,"58,132kms",Petrol,Manual,₹3.38 Lakh,mumbai
Honda,Honda Jazz1.2 VX i VTEC,2018,"60,048kms",Petrol,Manual,₹3.76 Lakh,mumbai
Hyundai,Hyundai i201.2 Asta,2017,"43,328kms",Petrol,Manual,₹4.75 Lakh,mumbai
Honda,Honda AmazeVX i DTEC,2016,"77,589kms",Diesel,Manual,₹4.34 Lakh,mumbai
Tata,Tata TiagoXZ Plus,2020,"36,334kms",Petrol,Manual,₹4.65 Lakh,mumbai
Hyundai,Hyundai Grand i101.2 Kappa Magna BSIV,2018,"26,465kms",Petrol,Manual,₹3.40 Lakh,mumbai
Honda,Honda AmazeS i-VTEC,2015,"25,153kms",Petrol,Manual,₹3.50 Lakh,mumbai
Maruti,Maruti BalenoZeta AMT,2018,"91,716kms",Petrol,Automatic,₹5.02 Lakh,mumbai
Hyundai,Hyundai Grand i10 NiosAsta AMT,2020,"68,219kms",Petrol,Automatic,₹5.56 Lakh,mumbai
Tata,Tata Tiago1.2 Revotron XZA,2018,"36,810kms",Petrol,Automatic,₹3.89 Lakh,mumbai
Maruti,Maruti Baleno1.2 CVT Alpha,2018,"47,330kms",Petrol,Automatic,₹5.15 Lakh,mumbai
MG,MG HectorSharp DCT,2019,"48,955kms",Petrol,Automatic,₹8.45 Lakh,mumbai
Maruti,Maruti Vitara BrezzaLXI,2022,"22,470kms",Petrol,Manual,₹6.88 Lakh,mumbai
Honda,Honda CityZX CVT,2018,"38,764kms",Petrol,Automatic,₹6.82 Lakh,mumbai
Maruti,Maruti Vitara BrezzaZXI Plus,2020,"12,270kms",Petrol,Manual,₹6.95 Lakh,mumbai
Tata,Tata TiagoXZ Plus Dual Tone,2020,"51,321kms",Petrol,Manual,₹4.74 Lakh,mumbai
Maruti,Maruti CiazPetrol,2018,"1,10,200kms",Diesel,Manual,₹5.17 Lakh,mumbai
Maruti,Maruti CiazPetrol,2018,"52,669kms",Diesel,Manual,₹5.59 Lakh,mumbai
Volkswagen,Volkswagen PoloPetrol Comfortline 1.2L,2015,"19,565kms",Petrol,Manual,₹3.90 Lakh,mumbai
Honda,Honda BrioVX,2015,"77,032kms",Petrol,Manual,₹3.06 Lakh,mumbai
Honda,Honda CitySV MT,2014,"1,01,357kms",Petrol,Manual,₹4.03 Lakh,mumbai
Hyundai,Hyundai Grand i101.2 Kappa Magna BSIV,2019,"23,476kms",Petrol,Manual,₹4.26 Lakh,mumbai
Maruti,Maruti CiazPetrol,2017,"85,454kms",Diesel,Manual,₹5.83 Lakh,mumbai
Honda,Honda BrioVX AT,2014,"43,378kms",Petrol,Automatic,₹3.03 Lakh,mumbai
Hyundai,Hyundai i201.2 Asta,2018,"67,811kms",Petrol,Manual,₹5.22 Lakh,mumbai
Honda,Honda City1.5 V AT,2012,"91,126kms",Petrol,Automatic,₹3.34 Lakh,mumbai
Tata,Tata TiagoXZ Plus Dual Tone,2020,"51,321kms",Petrol,Manual,₹4.74 Lakh,mumbai
Maruti,Maruti CiazPetrol,2018,"1,10,200kms",Diesel,Manual,₹5.17 Lakh,mumbai
Maruti,Maruti CelerioZXI,2015,"32,732kms",Petrol,Manual,₹3.13 Lakh,mumbai
Volkswagen,Volkswagen PoloPetrol Comfortline 1.2L,2015,"19,565kms",Petrol,Manual,₹3.90 Lakh,mumbai
Maruti,Maruti Ignis1.2 Zeta BSIV,2022,"28,356kms",Petrol,Manual,₹5.42 Lakh,mumbai
Honda,Honda BrioVX,2015,"77,032kms",Petrol,Manual,₹3.06 Lakh,mumbai
Toyota,Toyota Corolla AltisPetrol LE,2015,"92,160kms",Petrol,Manual,₹5.18 Lakh,mumbai
Honda,Honda Jazz1.2 SV i VTEC,2017,"53,561kms",Petrol,Manual,₹3.32 Lakh,mumbai
Maruti,Maruti CiazPetrol,2018,"52,669kms",Diesel,Manual,₹5.59 Lakh,mumbai
Honda,Honda WR-Vi-DTEC VX,2018,"42,086kms",Diesel,Manual,₹5.40 Lakh,mumbai
Hyundai,Hyundai Elantra2.0 SX AT,2017,"47,096kms",Petrol,Automatic,₹7.65 Lakh,mumbai
Hyundai,Hyundai VenueSX Opt Turbo,2022,"11,383kms",Petrol,Manual,₹9.18 Lakh,mumbai
Tata,Tata NexonXZ Plus Dark Edition,2022,"31,872kms",Petrol,Manual,₹8.62 Lakh,mumbai
Skoda,Skoda Kushaq1.0 TSI Active,2022,"29,584kms",Petrol,Manual,₹8.45 Lakh,mumbai
Maruti,Maruti CelerioZXI,2015,"32,732kms",Petrol,Manual,₹3.13 Lakh,mumbai
Renault,Renault KigerRXZ,2022,"17,532kms",Petrol,Manual,₹6.27 Lakh,mumbai
Hyundai,Hyundai Verna1.6 VTVT SX,2019,"52,293kms",Petrol,Manual,₹6.76 Lakh,mumbai
Hyundai,Hyundai Elantra2.0 SX AT,2017,"47,096kms",Petrol,Automatic,₹7.65 Lakh,mumbai
Tata,Tata NexonXZ Plus Dark Edition,2022,"31,872kms",Petrol,Manual,₹8.62 Lakh,mumbai
Skoda,Skoda Kushaq1.0 TSI Active,2022,"29,584kms",Petrol,Manual,₹8.45 Lakh,mumbai
Maruti,Maruti Ciaz1.4 Alpha,2020,"49,923kms",Petrol,Manual,₹7.10 Lakh,mumbai
Hyundai,Hyundai VenueSX Diesel,2022,"20,384kms",Diesel,Manual,₹9.30 Lakh,mumbai
Hyundai,Hyundai VenueSX Opt Turbo,2022,"11,383kms",Petrol,Manual,₹9.18 Lakh,mumbai
Honda,Honda WR-Vi-VTEC VX,2018,"22,342kms",Petrol,Manual,₹5.03 Lakh,mumbai
Hyundai,Hyundai Creta1.6 VTVT SX Plus,2016,"73,582kms",Petrol,Manual,₹5.65 Lakh,mumbai
Honda,Honda Jazz1.2 V AT i VTEC,2017,"25,431kms",Petrol,Automatic,₹4.20 Lakh,mumbai
MG,MG HectorSharp DCT,2020,"39,520kms",Petrol,Automatic,₹10.23 Lakh,mumbai
Maruti,Maruti Ignis1.2 Alpha BSIV,2017,"26,177kms",Petrol,Manual,₹4.69 Lakh,mumbai
MG,MG Hector PlusSharp Hybrid MT,2021,"62,486kms",Petrol,Manual,₹11.18 Lakh,mumbai
Kia,Kia SeltosGTX Plus S Turbo DCT,2020,"68,261kms",Petrol,Automatic,₹11.08 Lakh,mumbai
Volkswagen,Volkswagen PoloPetrol Comfortline 1.2L,2016,"12,754kms",Petrol,Manual,₹4.22 Lakh,mumbai
Hyundai,Hyundai i20Sportz 1.2,2013,"35,747kms",Petrol,Manual,₹3.20 Lakh,mumbai
Honda,Honda CityVX MT,2014,"1,00,253kms",Petrol,Manual,₹4.47 Lakh,mumbai
Maruti,Maruti Baleno1.2 Zeta,2016,"47,373kms",Petrol,Manual,₹3.60 Lakh,mumbai
MG,MG Hector PlusSharp Hybrid MT,2021,"62,486kms",Petrol,Manual,₹11.18 Lakh,mumbai
Volkswagen,Volkswagen PoloPetrol Comfortline 1.2L,2016,"12,754kms",Petrol,Manual,₹4.22 Lakh,mumbai
Hyundai,Hyundai i20Sportz 1.2,2013,"35,747kms",Petrol,Manual,₹3.20 Lakh,mumbai
Honda,Honda CityVX MT,2014,"1,00,253kms",Petrol,Manual,₹4.47 Lakh,mumbai
Maruti,Maruti Swift DzireVXI,2016,"24,971kms",Petrol,Manual,₹3.60 Lakh,mumbai
Maruti,Maruti Baleno1.2 Zeta,2016,"47,373kms",Petrol,Manual,₹3.60 Lakh,mumbai
Maruti,Maruti Grand VitaraAlpha AT,2022,"41,311kms",Petrol,Automatic,₹13.64 Lakh,mumbai
Honda,Honda Cityi VTEC V,2015,"94,742kms",Petrol,Manual,₹3.36 Lakh,mumbai
Tata,Tata TiagoXZA AMT,2020,"13,165kms",Petrol,Automatic,₹5.45 Lakh,mumbai
Renault,Renault TriberRXZ,2022,"56,612kms",Petrol,Manual,₹5.63 Lakh,mumbai
Volkswagen,Volkswagen Taigun1.5 GT,2021,"32,107kms",Petrol,Manual,₹11.22 Lakh,mumbai
Hyundai,Hyundai Grand i101.2 Kappa Sportz BSIV,2018,"17,593kms",Petrol,Manual,₹4.08 Lakh,mumbai
Honda,Honda Jazz1.2 V AT i VTEC,2018,"50,520kms",Petrol,Automatic,₹4.20 Lakh,mumbai
Tata,Tata CurvvAccomplished S Hyperion,2024,"14,934kms",Petrol,Manual,₹16.33 Lakh,mumbai
Hyundai,Hyundai Grand i101.2 Kappa Magna BSIV,2015,"40,118kms",Petrol,Manual,₹3.23 Lakh,mumbai
Maruti,Maruti Ignis1.2 Zeta BSIV,2017,"20,658kms",Petrol,Manual,₹3.85 Lakh,mumbai
Volkswagen,Volkswagen PoloGT TSI,2013,"83,632kms",Petrol,Automatic,₹3.66 Lakh,mumbai
Hyundai,Hyundai Xcent1.2 Kappa SX Option,2015,"72,851kms",Petrol,Manual,₹3.46 Lakh,mumbai
Maruti,Maruti Ignis1.2 AMT Zeta BSIV,2020,"40,931kms",Petrol,Automatic,₹5.01 Lakh,mumbai
Maruti,Maruti BalenoZeta Diesel,2017,"78,812kms",Diesel,Manual,₹4.47 Lakh,mumbai
Maruti,Maruti Ignis1.2 Zeta BSIV,2017,"20,658kms",Petrol,Manual,₹3.85 Lakh,mumbai
Volkswagen,Volkswagen PoloGT TSI,2013,"83,632kms",Petrol,Automatic,₹3.66 Lakh,mumbai
Hyundai,Hyundai Xcent1.2 Kappa SX Option,2015,"72,851kms",Petrol,Manual,₹3.46 Lakh,mumbai
Maruti,Maruti Ignis1.2 AMT Zeta BSIV,2020,"40,931kms",Petrol,Automatic,₹5.01 Lakh,mumbai
Maruti,Maruti BalenoZeta Diesel,2017,"78,812kms",Diesel,Manual,₹4.47 Lakh,mumbai
Hyundai,Hyundai Verna1.4 CRDi,2016,"1,20,751kms",Diesel,Manual,₹5.04 Lakh,mumbai
Hyundai,Hyundai Creta1.6 VTVT SX Plus,2017,"71,348kms",Petrol,Manual,₹5.56 Lakh,mumbai
Honda,Honda BR-Vi-VTEC V MT,2017,"75,974kms",Petrol,Manual,₹5.24 Lakh,mumbai
Hyundai,Hyundai i20Asta 1.2,2015,"63,572kms",Petrol,Manual,₹3.60 Lakh,mumbai
Maruti,Maruti CiazZDi,2014,"71,574kms",Diesel,Manual,₹3.77 Lakh,mumbai
Honda,Honda Cityi VTEC VX Option,2016,"73,026kms",Petrol,Manual,₹4.21 Lakh,mumbai
Maruti,Maruti Celerio XAMT ZXI BSIV,2018,"46,076kms",Petrol,Automatic,₹3.28 Lakh,mumbai
Ford,Ford EcosportTitanium Diesel,2020,"78,775kms",Diesel,Manual,₹6.91 Lakh,mumbai
Maruti,Maruti BalenoAlpha Diesel,2017,"56,146kms",Diesel,Manual,₹4.49 Lakh,mumbai
Hyundai,Hyundai VenueSX BSVI,2021,"35,809kms",Petrol,Manual,₹7.68 Lakh,mumbai
MG,MG AstorSharp EX BSVI,2022,"25,603kms",Petrol,Manual,₹8.70 Lakh,mumbai
Kia,Kia CarensLuxury Plus Diesel AT 6 STR,2022,"1,17,483kms",Diesel,Automatic,₹13.95 Lakh,mumbai
Maruti,Maruti BalenoZeta Diesel,2017,"86,258kms",Diesel,Manual,₹4.25 Lakh,mumbai
Maruti,Maruti S CrossDelta AT,2021,"43,025kms",Petrol,Automatic,₹7.64 Lakh,mumbai
Maruti,Maruti BalenoZeta Diesel,2021,"39,329kms",Diesel,Manual,₹6.22 Lakh,mumbai
MG,MG AstorSharp EX BSVI,2022,"25,603kms",Petrol,Manual,₹8.70 Lakh,mumbai
Kia,Kia CarensLuxury Plus Diesel AT 6 STR,2022,"1,17,483kms",Diesel,Automatic,₹13.95 Lakh,mumbai
Maruti,Maruti BalenoZeta Diesel,2017,"86,258kms",Diesel,Manual,₹4.25 Lakh,mumbai
Hyundai,Hyundai Creta1.6 SX Automatic,2019,"46,498kms",Petrol,Automatic,₹9.50 Lakh,mumbai
Maruti,Maruti Ciaz1.4 AT Delta,2019,"34,506kms",Petrol,Automatic,₹6.37 Lakh,mumbai
Honda,Honda CityZX CVT,2018,"53,744kms",Petrol,Automatic,₹7.38 Lakh,mumbai
Maruti,Maruti BalenoZeta Diesel,2021,"39,329kms",Diesel,Manual,₹6.22 Lakh,mumbai
Maruti,Maruti S CrossDelta AT,2021,"43,025kms",Petrol,Automatic,₹7.64 Lakh,mumbai
Tata,2024Tata TiagoXZA AMT  -2022,2020,"4,984kms",Petrol,Automatic,₹6.66 Lakh,mumbai
Maruti,Maruti BalenoAlpha Diesel,2017,"44,315kms",Diesel,Manual,₹4.52 Lakh,mumbai
Hyundai,Hyundai Grand i10AT Asta,2016,"58,186kms",Petrol,Automatic,₹3.69 Lakh,mumbai
Volkswagen,Volkswagen Ameo1.2 MPI Comfortline,2017,"38,332kms",Petrol,Manual,₹3.07 Lakh,mumbai
Maruti,Maruti BalenoDelta Diesel,2016,"71,782kms",Diesel,Manual,₹3.72 Lakh,mumbai
Maruti,Maruti BalenoZeta Diesel,2016,"70,741kms",Diesel,Manual,₹3.99 Lakh,mumbai
Tata,Tata Tigor1.2 Revotron XT,2018,"37,703kms",Petrol,Manual,₹4.37 Lakh,mumbai
Maruti,Maruti CiazVXi,2016,"93,669kms",Petrol,Manual,₹4.26 Lakh,mumbai
Maruti,Maruti Ignis1.2 AMT Alpha BSIV,2017,"74,721kms",Petrol,Automatic,₹4.54 Lakh,mumbai
Honda,Honda AmazeV CVT,2019,"44,837kms",Petrol,Automatic,₹5.85 Lakh,mumbai
Honda,Honda AmazeS Petrol BSIV,2020,"83,828kms",Petrol,Manual,₹4.28 Lakh,mumbai
Maruti,Maruti SwiftVXI,2014,"63,745kms",Petrol,Manual,₹3.27 Lakh,mumbai
Honda,Honda AmazeS Petrol BSIV,2020,"83,828kms",Petrol,Manual,₹4.28 Lakh,mumbai
Volkswagen,Volkswagen Vento1.5 Highline Plus AT 16 Alloy,2017,"1,14,563kms",Diesel,Automatic,₹5.01 Lakh,mumbai
Ford,Ford FigoTitanium Blu,2020,"71,297kms",Petrol,Manual,₹3.59 Lakh,mumbai
Maruti,Maruti SwiftVXI,2014,"63,745kms",Petrol,Manual,₹3.27 Lakh,mumbai
Maruti,Maruti CiazVXi,2016,"93,669kms",Petrol,Manual,₹4.26 Lakh,mumbai
Maruti,Maruti Ignis1.2 AMT Alpha BSIV,2017,"74,721kms",Petrol,Automatic,₹4.54 Lakh,mumbai
Volkswagen,Volkswagen Ameo1.2 MPI Comfortline,2017,"38,332kms",Petrol,Manual,₹3.07 Lakh,mumbai
BMW,BMW X3xDrive20d Luxury Edition,2022,"64,029kms",Diesel,Automatic,₹41.31 Lakh,mumbai
Maruti,Maruti CelerioVXI AMT,2015,"37,705kms",Petrol,Automatic,₹3.12 Lakh,mumbai
Hyundai,Hyundai CretaSX Opt Turbo DCT,2021,"77,081kms",Petrol,Automatic,₹12.17 Lakh,mumbai
Maruti,Maruti XL6Zeta AT,2022,"26,610kms",Petrol,Automatic,₹10.85 Lakh,mumbai
Hyundai,Hyundai VernaSX Turbo,2023,"28,458kms",Petrol,Manual,₹13.45 Lakh,mumbai
Maruti,Maruti CiazAT ZXi,2016,"61,873kms",Petrol,Automatic,₹5.02 Lakh,mumbai
Kia,Kia CarensLuxury Plus Diesel AT 6 STR,2022,"58,317kms",Diesel,Automatic,₹15.23 Lakh,mumbai
Tata,Tata Tiago1.2 Revotron XZ,2016,"45,692kms",Petrol,Manual,₹3.54 Lakh,mumbai
Hyundai,Hyundai i201.4 Asta,2015,"1,10,187kms",Diesel,Manual,₹4.66 Lakh,mumbai
Maruti,Maruti Ignis1.2 AMT Alpha BSIV,2019,"33,958kms",Petrol,Automatic,₹5.59 Lakh,mumbai
Hyundai,Hyundai i20Magna 1.4 CRDi,2017,"68,494kms",Diesel,Manual,₹5.13 Lakh,mumbai
Maruti,Maruti SwiftVXI,2017,"28,270kms",Petrol,Manual,₹4.04 Lakh,mumbai
Honda,Honda AmazeS i-Dtech,2015,"79,018kms",Diesel,Manual,₹3.11 Lakh,mumbai
Maruti,Maruti SwiftVXI,2017,"28,270kms",Petrol,Manual,₹4.04 Lakh,mumbai
Honda,Honda AmazeS i-Dtech,2015,"79,018kms",Diesel,Manual,₹3.11 Lakh,mumbai
Volkswagen,Volkswagen PoloGT TSI,2017,"69,761kms",Petrol,Automatic,₹4.15 Lakh,mumbai
Hyundai,Hyundai i201.4 Asta,2015,"1,10,187kms",Diesel,Manual,₹4.66 Lakh,mumbai
Hyundai,Hyundai i20Magna 1.4 CRDi,2017,"68,494kms",Diesel,Manual,₹5.13 Lakh,mumbai
Maruti,Maruti Ignis1.2 AMT Alpha BSIV,2019,"33,958kms",Petrol,Automatic,₹5.59 Lakh,mumbai
Hyundai,Hyundai VenueSX Opt Turbo DCT Special Edition,2021,"87,122kms",Petrol,Automatic,₹7.41 Lakh,mumbai
Hyundai,Hyundai ElantraVTVT SX Option AT,2021,"52,079kms",Petrol,Automatic,₹9 Lakh,mumbai
Maruti,Maruti Wagon RVXI,2017,"34,114kms",Petrol,Manual,₹3.16 Lakh,mumbai
Maruti,Maruti SwiftVXI,2016,"42,492kms",Petrol,Manual,₹3.63 Lakh,mumbai
Honda,Honda Jazz1.2 S i VTEC,2017,"25,436kms",Petrol,Manual,₹3.27 Lakh,mumbai
Kia,Kia SeltosGTX Plus,2022,"98,623kms",Petrol,Manual,₹11.30 Lakh,mumbai
Hyundai,Hyundai VenueSX Opt Turbo DCT Special Edition,2022,"1,00,467kms",Petrol,Automatic,₹8.35 Lakh,mumbai
Maruti,Maruti BalenoZeta Diesel,2021,"31,628kms",Diesel,Manual,₹6.05 Lakh,mumbai
Kia,Kia SeltosGTX DCT,2021,"51,079kms",Petrol,Automatic,₹9.04 Lakh,mumbai
Hyundai,Hyundai Grand i10 NiosAsta AMT,2022,"29,036kms",Petrol,Automatic,₹6.68 Lakh,mumbai
Tata,Tata AltrozXZA DCT,2024,"11,439kms",Petrol,Automatic,₹8.08 Lakh,mumbai
Maruti,Maruti BalenoAlpha AMT,2022,"38,195kms",Petrol,Automatic,₹7.52 Lakh,mumbai
Maruti,Maruti S CrossZeta,2022,"13,607kms",Petrol,Manual,₹8.22 Lakh,mumbai
Maruti,Maruti BalenoAlpha AMT,2023,"9,752kms",Petrol,Automatic,₹8.40 Lakh,mumbai
Hyundai,Hyundai Grand i10 NiosAsta AMT,2022,"29,036kms",Petrol,Automatic,₹6.68 Lakh,mumbai
Tata,Tata AltrozXZA DCT,2024,"11,439kms",Petrol,Automatic,₹8.08 Lakh,mumbai
Maruti,Maruti BalenoAlpha AMT,2022,"38,195kms",Petrol,Automatic,₹7.52 Lakh,mumbai
Maruti,Maruti S CrossZeta,2022,"13,607kms",Petrol,Manual,₹8.22 Lakh,mumbai
Maruti,Maruti BalenoAlpha AMT,2023,"9,752kms",Petrol,Automatic,₹8.40 Lakh,mumbai
Maruti,Maruti S CrossZeta,2021,"41,202kms",Petrol,Manual,₹7.22 Lakh,mumbai
Honda,Honda JazzVX,2021,"26,430kms",Petrol,Manual,₹7.24 Lakh,mumbai
Jeep,Jeep Compass1.4 Sport BSVI,2021,"81,469kms",Petrol,Manual,₹9.11 Lakh,mumbai
Renault,Renault TriberRXZ,2022,"10,516kms",Petrol,Manual,₹6.15 Lakh,mumbai
Maruti,Maruti Wagon RVXI 1.2,2021,"66,216kms",Petrol,Manual,₹4.50 Lakh,mumbai
Maruti,Maruti Baleno1.3 Alpha,2017,"1,26,984kms",Diesel,Manual,₹4.78 Lakh,mumbai
Kia,Kia SeltosGTX Plus DCT,2021,"31,751kms",Petrol,Automatic,₹14.22 Lakh,mumbai
Volkswagen,Volkswagen Polo1.2 MPI Comfortline,2015,"65,085kms",Petrol,Manual,₹3.06 Lakh,mumbai
Maruti,Maruti BalenoZeta Diesel,2021,"44,846kms",Diesel,Manual,₹5.94 Lakh,mumbai
Renault,Renault KWID1.0 RXT Opt,2021,"41,971kms",Petrol,Manual,₹3.39 Lakh,mumbai
Maruti,Maruti Swift DzireAMT ZXI Plus,2018,"60,333kms",Petrol,Automatic,₹4.45 Lakh,mumbai
Hyundai,Hyundai Grand i101.2 Kappa Sportz BSIV,2018,"58,606kms",Petrol,Manual,₹3.39 Lakh,mumbai
Maruti,Maruti Wagon RVXI,2017,"15,708kms",Petrol,Manual,₹3.63 Lakh,mumbai
Maruti,Maruti SwiftVXI,2016,"25,310kms",Petrol,Manual,₹3.94 Lakh,mumbai
Maruti,Maruti BalenoAlpha Diesel,2016,"47,877kms",Diesel,Manual,₹4.95 Lakh,mumbai
Maruti,Maruti Swift DzireAMT ZXI Plus,2018,"60,333kms",Petrol,Automatic,₹4.45 Lakh,mumbai
Hyundai,Hyundai Grand i101.2 Kappa Sportz BSIV,2018,"58,606kms",Petrol,Manual,₹3.39 Lakh,mumbai
Maruti,Maruti Wagon RVXI,2017,"15,708kms",Petrol,Manual,₹3.63 Lakh,mumbai
Maruti,Maruti SwiftVXI,2016,"25,310kms",Petrol,Manual,₹3.94 Lakh,mumbai
Maruti,Maruti BalenoAlpha Diesel,2016,"47,877kms",Diesel,Manual,₹4.95 Lakh,mumbai
Maruti,Maruti Wagon RVXI 1.2,2018,"35,741kms",Petrol,Manual,₹3.93 Lakh,mumbai
Hyundai,Hyundai i201.2 Magna Executive,2017,"38,194kms",Petrol,Manual,₹3.71 Lakh,mumbai
Maruti,Maruti Wagon RVXI,2019,"25,027kms",Petrol,Manual,₹3.46 Lakh,mumbai
Hyundai,Hyundai Grand i101.2 Kappa Asta,2014,"50,962kms",Petrol,Manual,₹3.78 Lakh,mumbai
Honda,Honda CityVX MT,2014,"70,231kms",Petrol,Manual,₹4.16 Lakh,mumbai
Maruti,Maruti CiazAT ZXi,2017,"57,158kms",Petrol,Automatic,₹4.50 Lakh,mumbai
Maruti,Maruti XL6Alpha Plus AT,2022,"25,161kms",Petrol,Automatic,₹12.19 Lakh,mumbai
Volkswagen,Volkswagen PoloGT TSI,2017,"72,046kms",Petrol,Automatic,₹5.33 Lakh,mumbai
Maruti,Maruti ErtigaVXI,2013,"34,045kms",Petrol,Manual,₹5.02 Lakh,mumbai
Tata,Tata NexonXZA Plus AMT BSVI,2021,"52,465kms",Petrol,Automatic,₹7.26 Lakh,mumbai
Maruti,Maruti Ciaz1.4 Alpha,2019,"59,591kms",Petrol,Manual,₹6.78 Lakh,mumbai
Honda,Honda Cityi-VTEC ZX,2019,"1,17,449kms",Petrol,Manual,₹5.53 Lakh,mumbai
Toyota,Toyota Corolla AltisG MT,2014,"1,03,843kms",Petrol,Manual,₹4.35 Lakh,mumbai
Tata,Tata TigorXZ Plus CNG BSVI,2022,"70,551kms",CNG,Manual,₹5.26 Lakh,mumbai
Maruti,Maruti Ciaz1.3 Zeta,2017,"1,41,965kms",Diesel,Manual,₹5.05 Lakh,mumbai
Maruti,Maruti Ciaz1.4 Alpha,2019,"59,591kms",Petrol,Manual,₹6.78 Lakh,mumbai
Honda,Honda Cityi-VTEC ZX,2019,"1,17,449kms",Petrol,Manual,₹5.53 Lakh,mumbai
Toyota,Toyota Corolla AltisG MT,2014,"1,03,843kms",Petrol,Manual,₹4.35 Lakh,mumbai
Tata,Tata TigorXZ Plus CNG BSVI,2022,"70,551kms",CNG,Manual,₹5.26 Lakh,mumbai
Maruti,Maruti Ciaz1.3 Zeta,2017,"1,41,965kms",Diesel,Manual,₹5.05 Lakh,mumbai
Volkswagen,Volkswagen VirtusTopline,2022,"24,463kms",Petrol,Manual,₹11.75 Lakh,mumbai
Skoda,Skoda Slavia1.0 TSI Style AT BSVI,2023,"35,000kms",Petrol,Automatic,₹12.90 Lakh,mumbai
Maruti,Maruti Baleno1.2 CVT Alpha,2018,"1,07,022kms",Petrol,Automatic,₹4.96 Lakh,mumbai
Maruti,Maruti BalenoZeta Diesel,2022,"41,405kms",Diesel,Manual,₹6 Lakh,mumbai
Hyundai,Hyundai Grand i10Sportz,2014,"1,11,023kms",Petrol,Manual,₹3.32 Lakh,mumbai
Hyundai,Hyundai Grand i101.2 Kappa Sportz BSIV,2019,"75,298kms",Petrol,Manual,₹3.90 Lakh,mumbai
Renault,Renault TriberRXZ,2020,"30,388kms",Petrol,Manual,₹5.37 Lakh,mumbai
Hyundai,Hyundai Grand i101.2 Kappa Sportz Option AT,2017,"1,01,145kms",Petrol,Automatic,₹3.59 Lakh,mumbai
Honda,Honda Amaze 2nd GenS,2017,"1,05,161kms",Petrol,Manual,₹3.59 Lakh,mumbai
Hyundai,Hyundai i201.2 Asta,2017,"74,439kms",Petrol,Manual,₹4.73 Lakh,mumbai
Maruti,Maruti ErtigaVXI,2015,"43,652kms",Petrol,Manual,₹5.68 Lakh,mumbai
Hyundai,Hyundai XcentPetrol,2014,"89,262kms",Petrol,Manual,₹3.07 Lakh,mumbai
Maruti,Maruti CelerioZXI,2016,"74,792kms",Petrol,Manual,₹3.56 Lakh,mumbai
Kia,Kia CarensLuxury Plus 6 STR Diesel,2023,"33,876kms",Diesel,Manual,₹16.10 Lakh,mumbai
Toyota,Toyota Urban cruiserPremium,2021,"81,951kms",Petrol,Manual,₹6.17 Lakh,mumbai
Honda,Honda Amaze 2nd GenS,2017,"1,05,161kms",Petrol,Manual,₹3.59 Lakh,mumbai
Hyundai,Hyundai i201.2 Asta,2017,"74,439kms",Petrol,Manual,₹4.73 Lakh,mumbai
Maruti,Maruti ErtigaVXI,2015,"43,652kms",Petrol,Manual,₹5.68 Lakh,mumbai
Kia,Kia CarensLuxury Plus 6 STR Diesel,2023,"33,876kms",Diesel,Manual,₹16.10 Lakh,mumbai
Toyota,Toyota Urban cruiserPremium,2021,"81,951kms",Petrol,Manual,₹6.17 Lakh,mumbai
Maruti,Maruti SwiftLXI,2019,"31,442kms",Petrol,Manual,₹3.75 Lakh,mumbai
Honda,Honda WR-Vi-VTEC VX,2017,"99,646kms",Petrol,Manual,₹4.29 Lakh,mumbai
Maruti,Maruti CiazAT ZXi Plus,2016,"70,390kms",Petrol,Automatic,₹4.25 Lakh,mumbai
Honda,Honda Cityi VTEC VX,2015,"94,102kms",Petrol,Manual,₹3.76 Lakh,mumbai
Hyundai,Hyundai Grand i101.2 Kappa Asta,2015,"49,200kms",Petrol,Manual,₹3.33 Lakh,mumbai
Honda,Honda CityV MT Diesel,2022,"86,355kms",Diesel,Manual,₹8.27 Lakh,mumbai
Tata,Tata NexonXMA Plus AMT S,2022,"19,848kms",Petrol,Automatic,₹8.35 Lakh,mumbai
Skoda,Skoda Kushaq1.5 TSI Ambition,2023,"12,167kms",Petrol,Manual,₹11.86 Lakh,mumbai
Tata,Tata TiagoXT CNG BSVI,2022,"35,556kms",CNG,Manual,₹4.78 Lakh,mumbai
Hyundai,Hyundai AuraS Diesel,2021,"25,071kms",Diesel,Manual,₹5.47 Lakh,mumbai
Volkswagen,Volkswagen Taigun1.0 TSI Topline AT BSVI,2022,"55,400kms",Petrol,Automatic,₹9.56 Lakh,mumbai
Maruti,Maruti S CrossZeta,2022,"36,394kms",Petrol,Manual,₹7.88 Lakh,mumbai
Maruti,Maruti CelerioVXI CNG,2023,"20,955kms",CNG,Manual,₹5.46 Lakh,mumbai
Hyundai,Hyundai Grand i101.2 Kappa Sportz Option AT,2018,"22,725kms",Petrol,Automatic,₹4.13 Lakh,mumbai
Volkswagen,Volkswagen VirtusGT Plus DSG ES,2022,"25,464kms",Petrol,Automatic,₹15.17 Lakh,mumbai
Maruti,Maruti S CrossZeta,2022,"36,394kms",Petrol,Manual,₹7.88 Lakh,mumbai
Volkswagen,Volkswagen Taigun1.0 TSI Topline AT BSVI,2022,"55,400kms",Petrol,Automatic,₹9.56 Lakh,mumbai
Maruti,Maruti CelerioVXI CNG,2023,"20,955kms",CNG,Manual,₹5.46 Lakh,mumbai
Hyundai,Hyundai Grand i101.2 Kappa Sportz Option AT,2018,"22,725kms",Petrol,Automatic,₹4.13 Lakh,mumbai
Volkswagen,Volkswagen VirtusGT Plus DSG ES,2022,"25,464kms",Petrol,Automatic,₹15.17 Lakh,mumbai
Renault,Renault TriberRXZ,2022,"42,206kms",Petrol,Manual,₹5.54 Lakh,mumbai
Renault,Renault TriberRXZ,2021,"37,953kms",Petrol,Manual,₹5.82 Lakh,mumbai
Honda,Honda CitySV MT,2014,"71,876kms",Petrol,Manual,₹3.24 Lakh,mumbai
Tata,Tata TiagoXZ CNG,2022,"55,927kms",CNG,Manual,₹5.85 Lakh,mumbai
Honda,Honda AmazeV CVT Petrol BSIV,2018,"39,340kms",Petrol,Automatic,₹4.65 Lakh,mumbai
Maruti,Maruti CelerioVXI CNG,2022,"18,122kms",CNG,Manual,₹5.25 Lakh,mumbai
Maruti,Maruti Ignis1.2 Zeta BSIV,2022,"70,825kms",Petrol,Manual,₹4.79 Lakh,mumbai
Hyundai,Hyundai Grand i101.2 Kappa Magna BSIV,2014,"46,845kms",Petrol,Manual,₹3.24 Lakh,mumbai
Hyundai,Hyundai Grand i101.2 Kappa Sportz BSIV,2021,"1,11,756kms",Petrol,Manual,₹4.93 Lakh,mumbai
Toyota,Toyota TaisorV Turbo AT,2024,"10,865kms",Petrol,Automatic,₹10.82 Lakh,mumbai
Honda,Honda Cityi VTEC SV,2017,"42,504kms",Petrol,Manual,₹4.69 Lakh,mumbai
Jeep,Jeep Compass2.0 Sport,2018,"1,00,566kms",Diesel,Manual,₹6.86 Lakh,mumbai
Hyundai,Hyundai Grand i10 NiosSportz CNG,2022,"49,692kms",CNG,Manual,₹5.58 Lakh,mumbai
Maruti,Maruti Swift DzireVXI,2016,"36,676kms",Petrol,Manual,₹2.92 Lakh,mumbai
Hyundai,Hyundai i20Sportz 1.2,2014,"42,721kms",Petrol,Manual,₹2.81 Lakh,mumbai
Honda,Honda Cityi VTEC SV,2017,"42,504kms",Petrol,Manual,₹4.69 Lakh,mumbai
Jeep,Jeep Compass2.0 Sport,2018,"1,00,566kms",Diesel,Manual,₹6.86 Lakh,mumbai
Hyundai,Hyundai Grand i10 NiosSportz CNG,2022,"49,692kms",CNG,Manual,₹5.58 Lakh,mumbai
Hyundai,Hyundai i20Sportz 1.2,2014,"42,721kms",Petrol,Manual,₹2.81 Lakh,mumbai
Maruti,Maruti Swift DzireVXI,2016,"36,676kms",Petrol,Manual,₹2.92 Lakh,mumbai
Volkswagen,Volkswagen VirtusTopline AT,2023,"20,157kms",Petrol,Automatic,₹13.01 Lakh,mumbai
Maruti,Maruti Alto K10VXI,2023,"15,110kms",Petrol,Manual,₹3.75 Lakh,mumbai
Hyundai,Hyundai VernaVTVT 1.6 SX,2019,"76,503kms",Petrol,Manual,₹5.85 Lakh,mumbai
Hyundai,Hyundai VernaSX Turbo DCT,2024,"15,926kms",Petrol,Automatic,₹15.57 Lakh,mumbai
Renault,Renault TriberRXL,2022,"34,391kms",Petrol,Manual,₹4.80 Lakh,mumbai
Tata,Tata TiagoXT CNG,2022,"30,478kms",CNG,Manual,₹5.60 Lakh,mumbai
Nissan,Nissan TerranoXL,2016,"1,09,757kms",Petrol,Manual,₹3.18 Lakh,mumbai
Renault,Renault KWID1.0 RXT AMT,2017,"22,726kms",Petrol,Automatic,₹3.07 Lakh,mumbai
Tata,Tata TiagoXT CNG,2022,"32,696kms",CNG,Manual,₹5.53 Lakh,mumbai
Maruti,Maruti SwiftVXI,2017,"18,767kms",Petrol,Manual,₹4.37 Lakh,mumbai
Maruti,Maruti SwiftVXI,2020,"24,348kms",Petrol,Manual,₹5.24 Lakh,mumbai
Maruti,Maruti ErtigaVXI,2015,"60,559kms",Petrol,Manual,₹5.41 Lakh,mumbai
Maruti,Maruti Alto 800VXI,2018,"5,512kms",Petrol,Manual,₹3.09 Lakh,mumbai
Maruti,Maruti Alto K10LXI,2023,"12,530kms",Petrol,Manual,₹4.04 Lakh,mumbai
Honda,Honda CityV MT,2011,"65,553kms",Petrol,Manual,₹2.93 Lakh,mumbai
Maruti,Maruti SwiftVXI,2020,"24,348kms",Petrol,Manual,₹5.24 Lakh,mumbai
Maruti,Maruti Alto 800VXI,2018,"5,512kms",Petrol,Manual,₹3.09 Lakh,mumbai
Tata,Tata TiagoXT CNG,2022,"30,478kms",CNG,Manual,₹5.60 Lakh,mumbai
Maruti,Maruti Alto K10LXI,2023,"12,530kms",Petrol,Manual,₹4.04 Lakh,mumbai
Hyundai,Hyundai Grand i101.2 Kappa Magna BSIV,2013,"47,484kms",Petrol,Manual,₹2.76 Lakh,mumbai
Maruti,Maruti Wagon R StingrayVXI,2014,"55,983kms",Petrol,Manual,₹2.37 Lakh,mumbai
Honda,Honda CityV MT,2011,"65,553kms",Petrol,Manual,₹2.93 Lakh,mumbai
Honda,Honda Cityi-VTEC CVT V,2018,"47,275kms",Petrol,Automatic,₹5.29 Lakh,mumbai
Tata,Tata Tiago1.2 Revotron XZ,2016,"74,675kms",Petrol,Manual,₹2.79 Lakh,mumbai
Tata,Tata ZestRevotron 1.2 XT,2014,"36,411kms",Petrol,Manual,₹2.01 Lakh,mumbai
Maruti,Maruti Alto 800VXI Plus,2020,"47,570kms",Petrol,Manual,₹3.12 Lakh,mumbai
Hyundai,Hyundai Xcent1.2 Kappa S Option,2014,"40,290kms",Petrol,Manual,₹2.82 Lakh,mumbai
Tata,Tata Tiago1.2 Revotron XZ,2016,"73,887kms",Petrol,Manual,₹2.74 Lakh,mumbai
Maruti,Maruti Wagon RVXI BS IV,2016,"45,423kms",Petrol,Manual,₹2.63 Lakh,mumbai
Maruti,Maruti CelerioVXI AMT,2014,"65,332kms",Petrol,Automatic,₹2.90 Lakh,mumbai
Maruti,Maruti Alto 800VXI,2022,"28,394kms",Petrol,Manual,₹3.57 Lakh,mumbai
Honda,Honda AmazeS AT i-Vtech,2013,"98,015kms",Petrol,Automatic,₹2.21 Lakh,mumbai
Renault,2017Renault KWID1.0 RXT Optional AT  -2019,2016,"23,001kms",Petrol,Automatic,₹2.73 Lakh,mumbai
Maruti,Maruti Wagon RAMT VXI,2015,"23,546kms",Petrol,Automatic,₹2.30 Lakh,mumbai
Maruti,Maruti Wagon RVXI,2014,"20,210kms",Petrol,Manual,₹2.63 Lakh,mumbai
Maruti,Maruti Alto 800VXI,2022,"28,394kms",Petrol,Manual,₹3.57 Lakh,mumbai
Honda,Honda AmazeS AT i-Vtech,2013,"98,015kms",Petrol,Automatic,₹2.21 Lakh,mumbai
Renault,2017Renault KWID1.0 RXT Optional AT  -2019,2016,"23,001kms",Petrol,Automatic,₹2.73 Lakh,mumbai
Maruti,Maruti Wagon RAMT VXI,2015,"23,546kms",Petrol,Automatic,₹2.30 Lakh,mumbai
Maruti,Maruti Wagon RVXI,2014,"20,210kms",Petrol,Manual,₹2.63 Lakh,mumbai
Honda,Honda CityV MT,2012,"1,03,607kms",Petrol,Manual,₹2.92 Lakh,mumbai
Hyundai,Hyundai i20Sportz 1.2,2017,"1,30,747kms",Petrol,Manual,₹2.77 Lakh,mumbai
Maruti,Maruti CelerioVXI AMT,2014,"72,043kms",Petrol,Automatic,₹2.09 Lakh,mumbai
Maruti,Maruti Wagon RAMT VXI,2016,"48,590kms",Petrol,Automatic,₹2.37 Lakh,mumbai
Hyundai,Hyundai Grand i10Sportz,2014,"49,805kms",Petrol,Manual,₹2.79 Lakh,mumbai
Volkswagen,Volkswagen VirtusHighline AT,2022,"45,400kms",Petrol,Automatic,₹9.18 Lakh,mumbai
Maruti,Maruti CelerioVXI AMT,2014,"33,587kms",Petrol,Automatic,₹2.93 Lakh,mumbai
Honda,Honda AmazeS i-Vtech,2014,"99,082kms",Petrol,Manual,₹2.38 Lakh,mumbai
Maruti,Maruti Swift DzireVXI,2013,"61,435kms",Petrol,Manual,₹2.97 Lakh,mumbai
Hyundai,Hyundai EONSportz,2016,"54,466kms",Petrol,Manual,₹2.08 Lakh,mumbai
Renault,Renault KWIDRXT,2016,"40,730kms",Petrol,Manual,₹2.38 Lakh,mumbai
Hyundai,Hyundai i20Magna 1.2,2013,"46,371kms",Petrol,Manual,₹2.86 Lakh,mumbai
Honda,Honda Cityi VTEC SV,2014,"63,249kms",Petrol,Manual,₹2.64 Lakh,mumbai
Skoda,Skoda Rapid1.6 MPI Ambition,2015,"1,43,074kms",Petrol,Manual,₹2.48 Lakh,mumbai
Maruti,Maruti CelerioVXI,2015,"38,343kms",Petrol,Manual,₹2.85 Lakh,mumbai
Renault,Renault KWIDRXT,2016,"40,730kms",Petrol,Manual,₹2.38 Lakh,mumbai
Maruti,Maruti CelerioVXI AMT,2014,"33,587kms",Petrol,Automatic,₹2.93 Lakh,mumbai
Honda,Honda AmazeS i-Vtech,2014,"99,082kms",Petrol,Manual,₹2.38 Lakh,mumbai
Hyundai,Hyundai i20Magna 1.2,2013,"46,371kms",Petrol,Manual,₹2.86 Lakh,mumbai
Maruti,Maruti CelerioVXI,2015,"38,343kms",Petrol,Manual,₹2.85 Lakh,mumbai
Maruti,Maruti Alto 800VXI Plus,2021,"21,499kms",Petrol,Manual,₹3.51 Lakh,mumbai
Maruti,Maruti S-PressoVXI Opt CNG,2020,"16,786kms",CNG,Manual,₹4.14 Lakh,mumbai
Skoda,Skoda Rapid1.6 MPI AT Style BSIV,2018,"75,083kms",Petrol,Automatic,₹4.11 Lakh,mumbai
Maruti,Maruti CelerioVXI CNG,2022,"29,299kms",CNG,Manual,₹4.69 Lakh,mumbai
Toyota,Toyota Corolla AltisPetrol LE,2015,"1,05,786kms",Petrol,Manual,₹4.25 Lakh,mumbai
Maruti,Maruti SwiftZXI AMT,2018,"55,322kms",Petrol,Automatic,₹4.99 Lakh,mumbai
Hyundai,Hyundai Grand i10 NiosAMT Sportz,2021,"72,467kms",Petrol,Automatic,₹4.97 Lakh,mumbai
Renault,Renault KWID1.0 RXT,2022,"5,775kms",Petrol,Manual,₹4.12 Lakh,mumbai
Honda,Honda BrioS MT,2015,"49,238kms",Petrol,Manual,₹2.34 Lakh,mumbai
Maruti,Maruti CelerioVXI AMT,2015,"43,013kms",Petrol,Automatic,₹2.96 Lakh,mumbai
Toyota,Toyota Etios LivaG,2015,"91,886kms",Petrol,Manual,₹2.02 Lakh,mumbai
Hyundai,Hyundai Grand i10Sportz,2014,"79,889kms",Petrol,Manual,₹2.44 Lakh,mumbai
Maruti,Maruti Wagon RVXI BS IV,2014,"54,851kms",Petrol,Manual,₹2.21 Lakh,mumbai
Renault,Renault KWID1.0 RXT AMT Opt,2017,"32,241kms",Petrol,Automatic,₹2.55 Lakh,mumbai
Renault,Renault KWID1.0 RXT AMT,2016,"25,360kms",Petrol,Automatic,₹2.54 Lakh,mumbai
Hyundai,Hyundai Grand i10Sportz,2014,"79,889kms",Petrol,Manual,₹2.44 Lakh,mumbai
Toyota,Toyota Etios LivaG,2015,"91,886kms",Petrol,Manual,₹2.02 Lakh,mumbai
Maruti,Maruti Wagon RVXI BS IV,2014,"54,851kms",Petrol,Manual,₹2.21 Lakh,mumbai
Renault,Renault KWID1.0 RXT AMT,2016,"25,360kms",Petrol,Automatic,₹2.54 Lakh,mumbai
Maruti,Maruti Wagon RVXI BS IV,2016,"79,584kms",Petrol,Manual,₹2.14 Lakh,mumbai
Renault,Renault KWID1.0 RXT AMT Opt,2017,"32,241kms",Petrol,Automatic,₹2.55 Lakh,mumbai
Tata,Tata AltrozXZ,2020,"51,745kms",Petrol,Manual,₹5.65 Lakh,mumbai
Hyundai,Hyundai Grand i101.2 Kappa Magna BSIV,2015,"77,686kms",Petrol,Manual,₹2.56 Lakh,mumbai
Tata,Tata Nexon1.2 Revotron XZA Plus,2018,"45,315kms",Petrol,Automatic,₹5.58 Lakh,mumbai
Skoda,Skoda Rapid1.6 TDI Elegance,2012,"64,358kms",Diesel,Manual,₹2.48 Lakh,mumbai
Hyundai,Hyundai VenueSX,2019,"63,972kms",Petrol,Manual,₹7.95 Lakh,mumbai
Hyundai,Hyundai Grand i10Sportz,2015,"43,158kms",Petrol,Manual,₹2.53 Lakh,mumbai
Tata,Tata Tiago1.2 Revotron XZ,2016,"66,642kms",Petrol,Manual,₹2.74 Lakh,mumbai
Hyundai,Hyundai Grand i10Magna,2015,"65,739kms",Petrol,Manual,₹3 Lakh,mumbai
Toyota,Toyota EtiosG,2014,"31,996kms",Petrol,Manual,₹2.43 Lakh,mumbai
Maruti,Maruti Wagon RVXI CNG BSVI,2022,"42,548kms",CNG,Manual,₹4.94 Lakh,mumbai
MG,MG HectorSharp Diesel MT BSIV,2019,"58,588kms",Diesel,Manual,₹8.86 Lakh,mumbai
Hyundai,Hyundai Grand i10AT Asta,2015,"45,488kms",Petrol,Automatic,₹3 Lakh,mumbai
Hyundai,Hyundai Grand i101.2 Kappa Asta,2014,"91,893kms",Petrol,Manual,₹2.62 Lakh,mumbai
Hyundai,Hyundai VernaSX Diesel,2021,"28,025kms",Diesel,Manual,₹9.01 Lakh,mumbai
Maruti,Maruti Wagon RVXI CNG BSVI,2022,"42,548kms",CNG,Manual,₹4.94 Lakh,mumbai
MG,MG HectorSharp Diesel MT BSIV,2019,"58,588kms",Diesel,Manual,₹8.86 Lakh,mumbai
Hyundai,Hyundai Grand i10AT Asta,2015,"45,488kms",Petrol,Automatic,₹3 Lakh,mumbai
Hyundai,Hyundai Grand i101.2 Kappa Asta,2014,"91,893kms",Petrol,Manual,₹2.62 Lakh,mumbai
Hyundai,Hyundai VernaSX Diesel,2021,"28,025kms",Diesel,Manual,₹9.01 Lakh,mumbai
Skoda,Skoda Rapid1.5 TDI Ambition,2015,"1,33,941kms",Diesel,Manual,₹2.73 Lakh,mumbai
Hyundai,Hyundai i20Sportz 1.2,2013,"98,565kms",Petrol,Manual,₹2.07 Lakh,mumbai
Maruti,Maruti SwiftVXI AMT,2020,"24,651kms",Petrol,Automatic,₹5.01 Lakh,mumbai
Hyundai,Hyundai Creta1.6 VTVT SX Plus,2015,"96,391kms",Petrol,Manual,₹4.85 Lakh,mumbai
Maruti,Maruti Wagon RCNG LXI,2017,"74,894kms",CNG,Manual,₹3.47 Lakh,mumbai
Renault,Renault KigerRXZ,2021,"57,005kms",Petrol,Manual,₹4.32 Lakh,mumbai
Renault,Renault KWID1.0 RXT AMT Opt,2019,"24,683kms",Petrol,Automatic,₹3.19 Lakh,mumbai
Maruti,Maruti DzireZXI Plus,2017,"1,01,669kms",Petrol,Manual,₹4.48 Lakh,mumbai
Maruti,Maruti Wagon RCNG LXI,2021,"68,180kms",CNG,Manual,₹4.19 Lakh,mumbai
Maruti,Maruti Wagon RVXI CNG,2017,"31,104kms",CNG,Manual,₹3.45 Lakh,mumbai
Maruti,Maruti Alto K10VXI,2015,"40,003kms",Petrol,Manual,₹2.34 Lakh,mumbai
Hyundai,Hyundai i10Sportz 1.1L,2014,"20,612kms",Petrol,Manual,₹2.29 Lakh,mumbai
Hyundai,Hyundai Grand i10Magna,2014,"45,221kms",Petrol,Manual,₹2.09 Lakh,mumbai
Maruti,Maruti DzireZXI Plus,2018,"43,422kms",Petrol,Manual,₹5.90 Lakh,mumbai
Maruti,Maruti Alto K10VXI Plus,2024,"14,835kms",Petrol,Manual,₹4.67 Lakh,mumbai
Maruti,Maruti Alto K10VXI,2015,"40,003kms",Petrol,Manual,₹2.34 Lakh,mumbai
Hyundai,Hyundai i10Sportz 1.1L,2014,"20,612kms",Petrol,Manual,₹2.29 Lakh,mumbai
Hyundai,Hyundai Grand i10Magna,2014,"45,221kms",Petrol,Manual,₹2.09 Lakh,mumbai
Maruti,Maruti DzireZXI Plus,2018,"43,422kms",Petrol,Manual,₹5.90 Lakh,mumbai
Maruti,Maruti Alto K10VXI Plus,2024,"14,835kms",Petrol,Manual,₹4.67 Lakh,mumbai
Maruti,Maruti S-PressoVXI Opt CNG,2022,"21,927kms",CNG,Manual,₹4.23 Lakh,mumbai
Maruti,Maruti Wagon RAMT VXI,2018,"23,822kms",Petrol,Automatic,₹3.48 Lakh,mumbai
Maruti,Maruti S CrossDDiS 200 Zeta,2015,"92,164kms",Diesel,Manual,₹4.73 Lakh,mumbai
Maruti,Maruti Wagon RLXI CNG,2015,"92,101kms",CNG,Manual,₹2.30 Lakh,mumbai
Honda,Honda AmazeS i-VTEC,2014,"1,21,315kms",Petrol,Manual,₹2.52 Lakh,mumbai
Renault,Renault KWIDClimber 1.0 MT,2018,"56,697kms",Petrol,Manual,₹2.79 Lakh,mumbai
Honda,Honda BrioVX,2015,"34,079kms",Petrol,Manual,₹2.35 Lakh,mumbai
Maruti,Maruti Wagon RVXI BS IV,2013,"65,863kms",Petrol,Manual,₹2.01 Lakh,mumbai
Hyundai,Hyundai Verna1.6 CRDI SX Option,2017,"1,22,280kms",Diesel,Manual,₹6.88 Lakh,mumbai
Honda,Honda WR-Vi-DTEC VX,2017,"1,40,444kms",Diesel,Manual,₹4.76 Lakh,mumbai
Honda,Honda Cityi VTEC VX,2016,"41,770kms",Petrol,Manual,₹4.58 Lakh,mumbai
Hyundai,Hyundai i10Magna 1.1,2013,"60,241kms",Petrol,Manual,₹2.45 Lakh,mumbai
Hyundai,Hyundai Grand i10Asta Option,2014,"87,472kms",Petrol,Manual,₹2.54 Lakh,mumbai
Honda,Honda Jazz1.2 SV i VTEC,2016,"1,27,709kms",Petrol,Manual,₹2.48 Lakh,mumbai
Maruti,Maruti Wagon RCNG LXI,2018,"41,344kms",CNG,Manual,₹3.85 Lakh,mumbai
Honda,Honda Cityi VTEC VX,2016,"41,770kms",Petrol,Manual,₹4.58 Lakh,mumbai
Honda,Honda Jazz1.2 SV i VTEC,2016,"1,27,709kms",Petrol,Manual,₹2.48 Lakh,mumbai
Hyundai,Hyundai i10Magna 1.1,2013,"60,241kms",Petrol,Manual,₹2.45 Lakh,mumbai
Hyundai,Hyundai Grand i10Asta Option,2014,"87,472kms",Petrol,Manual,₹2.54 Lakh,mumbai
Maruti,Maruti Wagon RCNG LXI,2018,"41,344kms",CNG,Manual,₹3.85 Lakh,mumbai
Renault,Renault KWIDRXT,2016,"49,746kms",Petrol,Manual,₹2.29 Lakh,mumbai
Honda,Honda CityV CVT,2011,"57,542kms",Petrol,Automatic,₹2.58 Lakh,mumbai
Datsun,Datsun RediGO1.0 S,2020,"24,949kms",Petrol,Manual,₹2.83 Lakh,mumbai
Hyundai,Hyundai Grand i10Asta,2014,"76,044kms",Petrol,Manual,₹2.45 Lakh,mumbai
Volkswagen,Volkswagen PoloPetrol Comfortline 1.2L,2013,"61,621kms",Petrol,Manual,₹2.63 Lakh,mumbai
Maruti,Maruti SwiftVXI,2016,"99,872kms",Petrol,Manual,₹2.90 Lakh,mumbai
Maruti,Maruti ErtigaZXI,2014,"69,208kms",Petrol,Manual,₹4.32 Lakh,mumbai
Renault,Renault TriberRXZ EASY-R AMT,2021,"56,632kms",Petrol,Automatic,₹5.39 Lakh,mumbai
Maruti,Maruti Baleno1.2 CVT Alpha,2017,"74,281kms",Petrol,Automatic,₹5.01 Lakh,mumbai
Datsun,Datsun RediGOT Option,2017,"41,340kms",Petrol,Manual,₹2.20 Lakh,mumbai
Hyundai,Hyundai AuraSX Plus AMT Diesel,2022,"32,957kms",Diesel,Automatic,₹6.41 Lakh,mumbai
Mahindra,Mahindra TharLX Hard Top AT RWD,2023,"33,708kms",Petrol,Automatic,₹10.43 Lakh,mumbai
Maruti,Maruti Wagon RZXI Plus AT,2024,"36,841kms",Petrol,Automatic,₹5.99 Lakh,mumbai
Mahindra,Mahindra XUV700AX5 5Str AT,2023,"19,189kms",Petrol,Automatic,₹18.27 Lakh,mumbai
Maruti,Maruti ErtigaZXI,2012,"1,35,791kms",Petrol,Manual,₹3.28 Lakh,mumbai
Hyundai,Hyundai AuraSX Plus AMT Diesel,2022,"32,957kms",Diesel,Automatic,₹6.41 Lakh,mumbai
Mahindra,Mahindra TharLX Hard Top AT RWD,2023,"33,708kms",Petrol,Automatic,₹10.43 Lakh,mumbai
Maruti,Maruti Wagon RZXI Plus AT,2024,"36,841kms",Petrol,Automatic,₹5.99 Lakh,mumbai
Mahindra,Mahindra XUV700AX5 5Str AT,2023,"19,189kms",Petrol,Automatic,₹18.27 Lakh,mumbai
Maruti,Maruti ErtigaZXI,2012,"1,35,791kms",Petrol,Manual,₹3.28 Lakh,mumbai
Nissan,Nissan MagniteXV BSVI,2021,"34,722kms",Petrol,Manual,₹4.63 Lakh,mumbai
Maruti,Maruti ErtigaVXI,2013,"33,718kms",Petrol,Manual,₹3.88 Lakh,mumbai
Renault,Renault TriberRXZ,2023,"10,336kms",Petrol,Manual,₹6.70 Lakh,mumbai
Hyundai,Hyundai VernaSX Diesel,2022,"13,581kms",Diesel,Manual,₹9.29 Lakh,mumbai
Maruti,Maruti Wagon RAMT VXI,2016,"15,712kms",Petrol,Automatic,₹2.53 Lakh,mumbai
Maruti,Maruti Wagon RLXI CNG,2013,"44,814kms",CNG,Manual,₹2.03 Lakh,mumbai
Maruti,Maruti ErtigaVXI AT,2021,"1,37,334kms",Petrol,Automatic,₹7.97 Lakh,mumbai
Maruti,Maruti Wagon RLXI CNG,2018,"97,067kms",CNG,Manual,₹3.04 Lakh,mumbai
Maruti,Maruti Ignis1.2 AMT Alpha BSIV,2021,"1,20,392kms",Petrol,Automatic,₹4.98 Lakh,mumbai
Maruti,Maruti Alto 800LXI Opt CNG,2021,"68,605kms",CNG,Manual,₹3.44 Lakh,mumbai
Maruti,Maruti ErtigaVXI,2013,"59,264kms",Petrol,Manual,₹4.94 Lakh,mumbai
Renault,Renault KWID1.0 RXT AMT Opt,2020,"27,046kms",Petrol,Automatic,₹3.37 Lakh,mumbai
Maruti,Maruti Wagon RLXI CNG,2014,"40,150kms",CNG,Manual,₹2.27 Lakh,mumbai
BMW,BMW 3 Series320d Prestige,2015,"51,380kms",Diesel,Automatic,₹8.75 Lakh,mumbai
Maruti,Maruti ErtigaVXI CNG,2016,"59,452kms",CNG,Manual,₹6.18 Lakh,mumbai
Maruti,Maruti Wagon RLXI CNG,2013,"44,814kms",CNG,Manual,₹2.03 Lakh,mumbai
Maruti,Maruti ErtigaVXI AT,2021,"1,37,334kms",Petrol,Automatic,₹7.97 Lakh,mumbai
Maruti,Maruti Wagon RLXI CNG,2018,"97,067kms",CNG,Manual,₹3.04 Lakh,mumbai
Maruti,Maruti Ignis1.2 AMT Alpha BSIV,2021,"1,20,392kms",Petrol,Automatic,₹4.98 Lakh,mumbai
Maruti,Maruti Alto 800LXI Opt CNG,2021,"68,605kms",CNG,Manual,₹3.44 Lakh,mumbai
Maruti,Maruti ErtigaVXI,2013,"59,264kms",Petrol,Manual,₹4.94 Lakh,mumbai
Renault,Renault KWID1.0 RXT AMT Opt,2020,"27,046kms",Petrol,Automatic,₹3.37 Lakh,mumbai
Maruti,Maruti Wagon RLXI CNG,2014,"40,150kms",CNG,Manual,₹2.27 Lakh,mumbai
BMW,BMW 3 Series320d Prestige,2015,"51,380kms",Diesel,Automatic,₹8.75 Lakh,mumbai
Maruti,Maruti ErtigaVXI CNG,2016,"59,452kms",CNG,Manual,₹6.18 Lakh,mumbai
Maruti,Maruti CelerioZXI Plus AMT BSVI,2022,"41,490kms",Petrol,Automatic,₹4.18 Lakh,mumbai
Maruti,Maruti DzireZXI Plus,2019,"74,613kms",Petrol,Manual,₹5.29 Lakh,mumbai
Tata,Tata Tigor1.2 Revotron XZA,2019,"85,687kms",Petrol,Automatic,₹3.66 Lakh,mumbai
Tata,Tata Tiago1.2 Revotron XZ Plus,2022,"27,724kms",Petrol,Manual,₹6.16 Lakh,mumbai
Renault,Renault TriberRXZ,2020,"42,015kms",Petrol,Manual,₹5 Lakh,mumbai
Ford,Ford Ecosport1.5 Diesel Titanium BSIV,2018,"85,315kms",Diesel,Manual,₹4.80 Lakh,mumbai
Mahindra,Mahindra KUV 100mFALCON G80 K6 5str,2016,"64,900kms",Petrol,Manual,₹2.18 Lakh,mumbai
Maruti,Maruti ErtigaVXI AT,2016,"95,635kms",Petrol,Automatic,₹4.83 Lakh,mumbai
Honda,Honda CityZX MT,2021,"43,075kms",Petrol,Manual,₹9.49 Lakh,mumbai
Tata,Tata Tigor1.2 Revotron XZ,2022,"28,774kms",Petrol,Manual,₹6.42 Lakh,mumbai
Maruti,Maruti Wagon RLXI CNG,2013,"44,814kms",CNG,Manual,₹2.03 Lakh,mumbai
Maruti,Maruti ErtigaVXI AT,2021,"1,37,334kms",Petrol,Automatic,₹7.97 Lakh,mumbai
Maruti,Maruti Wagon RLXI CNG,2018,"97,067kms",CNG,Manual,₹3.04 Lakh,mumbai
Maruti,Maruti Alto 800LXI Opt CNG,2021,"68,605kms",CNG,Manual,₹3.44 Lakh,mumbai
Maruti,Maruti ErtigaVXI,2013,"59,264kms",Petrol,Manual,₹4.94 Lakh,mumbai
Renault,Renault KWID1.0 RXT AMT Opt,2020,"27,046kms",Petrol,Automatic,₹3.37 Lakh,mumbai
Maruti,Maruti Ignis1.2 AMT Alpha BSIV,2021,"1,20,392kms",Petrol,Automatic,₹4.98 Lakh,mumbai
Maruti,Maruti Wagon RLXI CNG,2014,"40,150kms",CNG,Manual,₹2.27 Lakh,mumbai
BMW,BMW 3 Series320d Prestige,2015,"51,380kms",Diesel,Automatic,₹8.75 Lakh,mumbai
Maruti,Maruti ErtigaVXI CNG,2016,"59,452kms",CNG,Manual,₹6.18 Lakh,mumbai
Maruti,Maruti CelerioZXI Plus AMT BSVI,2022,"41,490kms",Petrol,Automatic,₹4.18 Lakh,mumbai
Maruti,Maruti DzireZXI Plus,2019,"74,613kms",Petrol,Manual,₹5.29 Lakh,mumbai
Tata,Tata Tigor1.2 Revotron XZA,2019,"85,687kms",Petrol,Automatic,₹3.66 Lakh,mumbai
Tata,Tata Tiago1.2 Revotron XZ Plus,2022,"27,724kms",Petrol,Manual,₹6.16 Lakh,mumbai
Renault,Renault TriberRXZ,2020,"42,015kms",Petrol,Manual,₹5 Lakh,mumbai
Ford,Ford Ecosport1.5 Diesel Titanium BSIV,2018,"85,315kms",Diesel,Manual,₹4.80 Lakh,mumbai
Mahindra,Mahindra KUV 100mFALCON G80 K6 5str,2016,"64,900kms",Petrol,Manual,₹2.18 Lakh,mumbai
Maruti,Maruti ErtigaVXI AT,2016,"95,635kms",Petrol,Automatic,₹4.83 Lakh,mumbai
Honda,Honda CityZX MT,2021,"43,075kms",Petrol,Manual,₹9.49 Lakh,mumbai
Tata,Tata Tigor1.2 Revotron XZ,2022,"28,774kms",Petrol,Manual,₹6.42 Lakh,mumbai
Maruti,Maruti Wagon RLXI CNG,2013,"44,814kms",CNG,Manual,₹2.03 Lakh,mumbai
Maruti,Maruti ErtigaVXI AT,2021,"1,37,334kms",Petrol,Automatic,₹7.97 Lakh,mumbai
Maruti,Maruti Wagon RLXI CNG,2018,"97,067kms",CNG,Manual,₹3.04 Lakh,mumbai
Maruti,Maruti Ignis1.2 AMT Alpha BSIV,2021,"1,20,392kms",Petrol,Automatic,₹4.98 Lakh,mumbai
Maruti,Maruti Alto 800LXI Opt CNG,2021,"68,605kms",CNG,Manual,₹3.44 Lakh,mumbai
Maruti,Maruti ErtigaVXI,2013,"59,264kms",Petrol,Manual,₹4.94 Lakh,mumbai
Renault,Renault KWID1.0 RXT AMT Opt,2020,"27,046kms",Petrol,Automatic,₹3.37 Lakh,mumbai
Maruti,Maruti Wagon RLXI CNG,2014,"40,150kms",CNG,Manual,₹2.27 Lakh,mumbai
BMW,BMW 3 Series320d Prestige,2015,"51,380kms",Diesel,Automatic,₹8.75 Lakh,mumbai
Maruti,Maruti ErtigaVXI CNG,2016,"59,452kms",CNG,Manual,₹6.18 Lakh,mumbai
Maruti,Maruti CelerioZXI Plus AMT BSVI,2022,"41,490kms",Petrol,Automatic,₹4.18 Lakh,mumbai
Maruti,Maruti DzireZXI Plus,2019,"74,613kms",Petrol,Manual,₹5.29 Lakh,mumbai
Tata,Tata Tigor1.2 Revotron XZA,2019,"85,687kms",Petrol,Automatic,₹3.66 Lakh,mumbai
Tata,Tata Tiago1.2 Revotron XZ Plus,2022,"27,724kms",Petrol,Manual,₹6.16 Lakh,mumbai
Renault,Renault TriberRXZ,2020,"42,015kms",Petrol,Manual,₹5 Lakh,mumbai
Ford,Ford Ecosport1.5 Diesel Titanium BSIV,2018,"85,315kms",Diesel,Manual,₹4.80 Lakh,mumbai
Mahindra,Mahindra KUV 100mFALCON G80 K6 5str,2016,"64,900kms",Petrol,Manual,₹2.18 Lakh,mumbai
Maruti,Maruti ErtigaVXI AT,2016,"95,635kms",Petrol,Automatic,₹4.83 Lakh,mumbai
Honda,Honda CityZX MT,2021,"43,075kms",Petrol,Manual,₹9.49 Lakh,mumbai
Tata,Tata Tigor1.2 Revotron XZ,2022,"28,774kms",Petrol,Manual,₹6.42 Lakh,mumbai
Maruti,Maruti Wagon RLXI CNG,2013,"44,814kms",CNG,Manual,₹2.03 Lakh,mumbai
Maruti,Maruti ErtigaVXI AT,2021,"1,37,334kms",Petrol,Automatic,₹7.97 Lakh,mumbai
Maruti,Maruti Wagon RLXI CNG,2018,"97,067kms",CNG,Manual,₹3.04 Lakh,mumbai
Maruti,Maruti Ignis1.2 AMT Alpha BSIV,2021,"1,20,392kms",Petrol,Automatic,₹4.98 Lakh,mumbai
Maruti,Maruti Alto 800LXI Opt CNG,2021,"68,605kms",CNG,Manual,₹3.44 Lakh,mumbai
Maruti,Maruti ErtigaVXI,2013,"59,264kms",Petrol,Manual,₹4.94 Lakh,mumbai
Renault,Renault KWID1.0 RXT AMT Opt,2020,"27,046kms",Petrol,Automatic,₹3.37 Lakh,mumbai
Maruti,Maruti Wagon RLXI CNG,2014,"40,150kms",CNG,Manual,₹2.27 Lakh,mumbai
BMW,BMW 3 Series320d Prestige,2015,"51,380kms",Diesel,Automatic,₹8.75 Lakh,mumbai
Maruti,Maruti ErtigaVXI CNG,2016,"59,452kms",CNG,Manual,₹6.18 Lakh,mumbai
Maruti,Maruti CelerioZXI Plus AMT BSVI,2022,"41,490kms",Petrol,Automatic,₹4.18 Lakh,mumbai
Maruti,Maruti DzireZXI Plus,2019,"74,613kms",Petrol,Manual,₹5.29 Lakh,mumbai
Tata,Tata Tigor1.2 Revotron XZA,2019,"85,687kms",Petrol,Automatic,₹3.66 Lakh,mumbai
Tata,Tata Tiago1.2 Revotron XZ Plus,2022,"27,724kms",Petrol,Manual,₹6.16 Lakh,mumbai
Renault,Renault TriberRXZ,2020,"42,015kms",Petrol,Manual,₹5 Lakh,mumbai
Ford,Ford Ecosport1.5 Diesel Titanium BSIV,2018,"85,315kms",Diesel,Manual,₹4.80 Lakh,mumbai
Mahindra,Mahindra KUV 100mFALCON G80 K6 5str,2016,"64,900kms",Petrol,Manual,₹2.18 Lakh,mumbai
Maruti,Maruti ErtigaVXI AT,2016,"95,635kms",Petrol,Automatic,₹4.83 Lakh,mumbai
Honda,Honda CityZX MT,2021,"43,075kms",Petrol,Manual,₹9.49 Lakh,mumbai
Tata,Tata Tigor1.2 Revotron XZ,2022,"28,774kms",Petrol,Manual,₹6.42 Lakh,mumbai
Maruti,Maruti Wagon RLXI CNG,2013,"44,814kms",CNG,Manual,₹2.03 Lakh,mumbai
Maruti,Maruti ErtigaVXI AT,2021,"1,37,334kms",Petrol,Automatic,₹7.97 Lakh,mumbai
Maruti,Maruti Wagon RLXI CNG,2018,"97,067kms",CNG,Manual,₹3.04 Lakh,mumbai
Maruti,Maruti Alto 800LXI Opt CNG,2021,"68,605kms",CNG,Manual,₹3.44 Lakh,mumbai
Maruti,Maruti ErtigaVXI,2013,"59,264kms",Petrol,Manual,₹4.94 Lakh,mumbai
Renault,Renault KWID1.0 RXT AMT Opt,2020,"27,046kms",Petrol,Automatic,₹3.37 Lakh,mumbai
Maruti,Maruti Ignis1.2 AMT Alpha BSIV,2021,"1,20,392kms",Petrol,Automatic,₹4.98 Lakh,mumbai
Maruti,Maruti Wagon RLXI CNG,2014,"40,150kms",CNG,Manual,₹2.27 Lakh,mumbai
BMW,BMW 3 Series320d Prestige,2015,"51,380kms",Diesel,Automatic,₹8.75 Lakh,mumbai
Maruti,Maruti ErtigaVXI CNG,2016,"59,452kms",CNG,Manual,₹6.18 Lakh,mumbai
Maruti,Maruti CelerioZXI Plus AMT BSVI,2022,"41,490kms",Petrol,Automatic,₹4.18 Lakh,mumbai
Maruti,Maruti DzireZXI Plus,2019,"74,613kms",Petrol,Manual,₹5.29 Lakh,mumbai
Tata,Tata Tigor1.2 Revotron XZA,2019,"85,687kms",Petrol,Automatic,₹3.66 Lakh,mumbai
Tata,Tata Tiago1.2 Revotron XZ Plus,2022,"27,724kms",Petrol,Manual,₹6.16 Lakh,mumbai
Renault,Renault TriberRXZ,2020,"42,015kms",Petrol,Manual,₹5 Lakh,mumbai
Ford,Ford Ecosport1.5 Diesel Titanium BSIV,2018,"85,315kms",Diesel,Manual,₹4.80 Lakh,mumbai
Mahindra,Mahindra KUV 100mFALCON G80 K6 5str,2016,"64,900kms",Petrol,Manual,₹2.18 Lakh,mumbai
Maruti,Maruti ErtigaVXI AT,2016,"95,635kms",Petrol,Automatic,₹4.83 Lakh,mumbai
Honda,Honda CityZX MT,2021,"43,075kms",Petrol,Manual,₹9.49 Lakh,mumbai
Tata,Tata Tigor1.2 Revotron XZ,2022,"28,774kms",Petrol,Manual,₹6.42 Lakh,mumbai
Maruti,Maruti Wagon RLXI CNG,2013,"44,814kms",CNG,Manual,₹2.03 Lakh,mumbai
Maruti,Maruti ErtigaVXI AT,2021,"1,37,334kms",Petrol,Automatic,₹7.97 Lakh,mumbai
Maruti,Maruti Wagon RLXI CNG,2018,"97,067kms",CNG,Manual,₹3.04 Lakh,mumbai
Maruti,Maruti Ignis1.2 AMT Alpha BSIV,2021,"1,20,392kms",Petrol,Automatic,₹4.98 Lakh,mumbai
Maruti,Maruti Alto 800LXI Opt CNG,2021,"68,605kms",CNG,Manual,₹3.44 Lakh,mumbai
Maruti,Maruti ErtigaVXI,2013,"59,264kms",Petrol,Manual,₹4.94 Lakh,mumbai
Renault,Renault KWID1.0 RXT AMT Opt,2020,"27,046kms",Petrol,Automatic,₹3.37 Lakh,mumbai
Maruti,Maruti Wagon RLXI CNG,2014,"40,150kms",CNG,Manual,₹2.27 Lakh,mumbai
BMW,BMW 3 Series320d Prestige,2015,"51,380kms",Diesel,Automatic,₹8.75 Lakh,mumbai
Maruti,Maruti ErtigaVXI CNG,2016,"59,452kms",CNG,Manual,₹6.18 Lakh,mumbai
Maruti,Maruti CelerioZXI Plus AMT BSVI,2022,"41,490kms",Petrol,Automatic,₹4.18 Lakh,mumbai
Maruti,Maruti DzireZXI Plus,2019,"74,613kms",Petrol,Manual,₹5.29 Lakh,mumbai
Tata,Tata Tigor1.2 Revotron XZA,2019,"85,687kms",Petrol,Automatic,₹3.66 Lakh,mumbai
Tata,Tata Tiago1.2 Revotron XZ Plus,2022,"27,724kms",Petrol,Manual,₹6.16 Lakh,mumbai
Renault,Renault TriberRXZ,2020,"42,015kms",Petrol,Manual,₹5 Lakh,mumbai
Ford,Ford Ecosport1.5 Diesel Titanium BSIV,2018,"85,315kms",Diesel,Manual,₹4.80 Lakh,mumbai
Mahindra,Mahindra KUV 100mFALCON G80 K6 5str,2016,"64,900kms",Petrol,Manual,₹2.18 Lakh,mumbai
Maruti,Maruti ErtigaVXI AT,2016,"95,635kms",Petrol,Automatic,₹4.83 Lakh,mumbai
Honda,Honda CityZX MT,2021,"43,075kms",Petrol,Manual,₹9.49 Lakh,mumbai
Tata,Tata Tigor1.2 Revotron XZ,2022,"28,774kms",Petrol,Manual,₹6.42 Lakh,mumbai
Maruti,Maruti Wagon RLXI CNG,2013,"44,814kms",CNG,Manual,₹2.03 Lakh,mumbai
Maruti,Maruti ErtigaVXI AT,2021,"1,37,334kms",Petrol,Automatic,₹7.97 Lakh,mumbai
Maruti,Maruti Wagon RLXI CNG,2018,"97,067kms",CNG,Manual,₹3.04 Lakh,mumbai
Maruti,Maruti Alto 800LXI Opt CNG,2021,"68,605kms",CNG,Manual,₹3.44 Lakh,mumbai
Maruti,Maruti ErtigaVXI,2013,"59,264kms",Petrol,Manual,₹4.94 Lakh,mumbai
Renault,Renault KWID1.0 RXT AMT Opt,2020,"27,046kms",Petrol,Automatic,₹3.37 Lakh,mumbai
Maruti,Maruti Ignis1.2 AMT Alpha BSIV,2021,"1,20,392kms",Petrol,Automatic,₹4.98 Lakh,mumbai
Maruti,Maruti Wagon RLXI CNG,2014,"40,150kms",CNG,Manual,₹2.27 Lakh,mumbai
BMW,BMW 3 Series320d Prestige,2015,"51,380kms",Diesel,Automatic,₹8.75 Lakh,mumbai
Maruti,Maruti ErtigaVXI CNG,2016,"59,452kms",CNG,Manual,₹6.18 Lakh,mumbai
Maruti,Maruti CelerioZXI Plus AMT BSVI,2022,"41,490kms",Petrol,Automatic,₹4.18 Lakh,mumbai
Maruti,Maruti DzireZXI Plus,2019,"74,613kms",Petrol,Manual,₹5.29 Lakh,mumbai
Tata,Tata Tigor1.2 Revotron XZA,2019,"85,687kms",Petrol,Automatic,₹3.66 Lakh,mumbai
Tata,Tata Tiago1.2 Revotron XZ Plus,2022,"27,724kms",Petrol,Manual,₹6.16 Lakh,mumbai
Renault,Renault TriberRXZ,2020,"42,015kms",Petrol,Manual,₹5 Lakh,mumbai
Ford,Ford Ecosport1.5 Diesel Titanium BSIV,2018,"85,315kms",Diesel,Manual,₹4.80 Lakh,mumbai
Mahindra,Mahindra KUV 100mFALCON G80 K6 5str,2016,"64,900kms",Petrol,Manual,₹2.18 Lakh,mumbai
Maruti,Maruti ErtigaVXI AT,2016,"95,635kms",Petrol,Automatic,₹4.83 Lakh,mumbai
Honda,Honda CityZX MT,2021,"43,075kms",Petrol,Manual,₹9.49 Lakh,mumbai
Tata,Tata Tigor1.2 Revotron XZ,2022,"28,774kms",Petrol,Manual,₹6.42 Lakh,mumbai
Maruti,Maruti Wagon RLXI CNG,2013,"44,814kms",CNG,Manual,₹2.03 Lakh,mumbai
Maruti,Maruti ErtigaVXI AT,2021,"1,37,334kms",Petrol,Automatic,₹7.97 Lakh,mumbai
Maruti,Maruti Wagon RLXI CNG,2018,"97,067kms",CNG,Manual,₹3.04 Lakh,mumbai
Renault,Renault KWID1.0 RXT AMT Opt,2020,"27,046kms",Petrol,Automatic,₹3.37 Lakh,mumbai
Maruti,Maruti Ignis1.2 AMT Alpha BSIV,2021,"1,20,392kms",Petrol,Automatic,₹4.98 Lakh,mumbai
Maruti,Maruti ErtigaVXI,2013,"59,264kms",Petrol,Manual,₹4.94 Lakh,mumbai
Maruti,Maruti Alto 800LXI Opt CNG,2021,"68,605kms",CNG,Manual,₹3.44 Lakh,mumbai
Maruti,Maruti Wagon RLXI CNG,2014,"40,150kms",CNG,Manual,₹2.27 Lakh,mumbai
BMW,BMW 3 Series320d Prestige,2015,"51,380kms",Diesel,Automatic,₹8.75 Lakh,mumbai
Maruti,Maruti ErtigaVXI CNG,2016,"59,452kms",CNG,Manual,₹6.18 Lakh,mumbai
Maruti,Maruti DzireZXI Plus,2019,"74,613kms",Petrol,Manual,₹5.29 Lakh,mumbai
Maruti,Maruti CelerioZXI Plus AMT BSVI,2022,"41,490kms",Petrol,Automatic,₹4.18 Lakh,mumbai
Tata,Tata Tigor1.2 Revotron XZA,2019,"85,687kms",Petrol,Automatic,₹3.66 Lakh,mumbai
Tata,Tata Tiago1.2 Revotron XZ Plus,2022,"27,724kms",Petrol,Manual,₹6.16 Lakh,mumbai
Renault,Renault TriberRXZ,2020,"42,015kms",Petrol,Manual,₹5 Lakh,mumbai
Ford,Ford Ecosport1.5 Diesel Titanium BSIV,2018,"85,315kms",Diesel,Manual,₹4.80 Lakh,mumbai
Mahindra,Mahindra KUV 100mFALCON G80 K6 5str,2016,"64,900kms",Petrol,Manual,₹2.18 Lakh,mumbai
Maruti,Maruti ErtigaVXI AT,2016,"95,635kms",Petrol,Automatic,₹4.83 Lakh,mumbai
Honda,Honda CityZX MT,2021,"43,075kms",Petrol,Manual,₹9.49 Lakh,mumbai
Hyundai,Hyundai VenueSX Turbo iMT,2021,"47,638kms",Petrol,Manual,₹7.98 Lakh,mumbai
Maruti,Maruti Wagon RLXI CNG,2013,"44,814kms",CNG,Manual,₹2.03 Lakh,mumbai
Maruti,Maruti ErtigaVXI AT,2021,"1,37,334kms",Petrol,Automatic,₹7.97 Lakh,mumbai
Maruti,Maruti Wagon RLXI CNG,2018,"97,067kms",CNG,Manual,₹3.04 Lakh,mumbai
Maruti,Maruti Ignis1.2 AMT Alpha BSIV,2021,"1,20,392kms",Petrol,Automatic,₹4.98 Lakh,mumbai
Maruti,Maruti Alto 800LXI Opt CNG,2021,"68,605kms",CNG,Manual,₹3.44 Lakh,mumbai
Maruti,Maruti ErtigaVXI,2013,"59,264kms",Petrol,Manual,₹4.94 Lakh,mumbai
Renault,Renault KWID1.0 RXT AMT Opt,2020,"27,046kms",Petrol,Automatic,₹3.37 Lakh,mumbai
Maruti,Maruti Wagon RLXI CNG,2014,"40,150kms",CNG,Manual,₹2.27 Lakh,mumbai
BMW,BMW 3 Series320d Prestige,2015,"51,380kms",Diesel,Automatic,₹8.75 Lakh,mumbai
Maruti,Maruti ErtigaVXI CNG,2016,"59,452kms",CNG,Manual,₹6.18 Lakh,mumbai
Maruti,Maruti CelerioZXI Plus AMT BSVI,2022,"41,490kms",Petrol,Automatic,₹4.18 Lakh,mumbai
Maruti,Maruti DzireZXI Plus,2019,"74,613kms",Petrol,Manual,₹5.29 Lakh,mumbai
Tata,Tata Tigor1.2 Revotron XZA,2019,"85,687kms",Petrol,Automatic,₹3.66 Lakh,mumbai
Tata,Tata Tiago1.2 Revotron XZ Plus,2022,"27,724kms",Petrol,Manual,₹6.16 Lakh,mumbai
Renault,Renault TriberRXZ,2020,"42,015kms",Petrol,Manual,₹5 Lakh,mumbai
Ford,Ford Ecosport1.5 Diesel Titanium BSIV,2018,"85,315kms",Diesel,Manual,₹4.80 Lakh,mumbai
Mahindra,Mahindra KUV 100mFALCON G80 K6 5str,2016,"64,900kms",Petrol,Manual,₹2.18 Lakh,mumbai
Maruti,Maruti ErtigaVXI AT,2016,"95,635kms",Petrol,Automatic,₹4.83 Lakh,mumbai
Honda,Honda CityZX MT,2021,"43,075kms",Petrol,Manual,₹9.49 Lakh,mumbai
Tata,Tata Tigor1.2 Revotron XZ,2022,"28,774kms",Petrol,Manual,₹6.42 Lakh,mumbai
Maruti,Maruti Wagon RLXI CNG,2013,"44,814kms",CNG,Manual,₹2.03 Lakh,mumbai
Maruti,Maruti ErtigaVXI AT,2021,"1,37,334kms",Petrol,Automatic,₹7.97 Lakh,mumbai
Maruti,Maruti Wagon RLXI CNG,2018,"97,067kms",CNG,Manual,₹3.04 Lakh,mumbai
Renault,Renault KWID1.0 RXT AMT Opt,2020,"27,046kms",Petrol,Automatic,₹3.37 Lakh,mumbai
Maruti,Maruti Ignis1.2 AMT Alpha BSIV,2021,"1,20,392kms",Petrol,Automatic,₹4.98 Lakh,mumbai
Maruti,Maruti ErtigaVXI,2013,"59,264kms",Petrol,Manual,₹4.94 Lakh,mumbai
Maruti,Maruti Alto 800LXI Opt CNG,2021,"68,605kms",CNG,Manual,₹3.44 Lakh,mumbai
Maruti,Maruti Wagon RLXI CNG,2014,"40,150kms",CNG,Manual,₹2.27 Lakh,mumbai
BMW,BMW 3 Series320d Prestige,2015,"51,380kms",Diesel,Automatic,₹8.75 Lakh,mumbai
Maruti,Maruti ErtigaVXI CNG,2016,"59,452kms",CNG,Manual,₹6.18 Lakh,mumbai
Maruti,Maruti DzireZXI Plus,2019,"74,613kms",Petrol,Manual,₹5.29 Lakh,mumbai
Maruti,Maruti CelerioZXI Plus AMT BSVI,2022,"41,490kms",Petrol,Automatic,₹4.18 Lakh,mumbai
Tata,Tata Tigor1.2 Revotron XZA,2019,"85,687kms",Petrol,Automatic,₹3.66 Lakh,mumbai
Tata,Tata Tiago1.2 Revotron XZ Plus,2022,"27,724kms",Petrol,Manual,₹6.16 Lakh,mumbai
Renault,Renault TriberRXZ,2020,"42,015kms",Petrol,Manual,₹5 Lakh,mumbai
Ford,Ford Ecosport1.5 Diesel Titanium BSIV,2018,"85,315kms",Diesel,Manual,₹4.80 Lakh,mumbai
Mahindra,Mahindra KUV 100mFALCON G80 K6 5str,2016,"64,900kms",Petrol,Manual,₹2.18 Lakh,mumbai
Maruti,Maruti ErtigaVXI AT,2016,"95,635kms",Petrol,Automatic,₹4.83 Lakh,mumbai
Honda,Honda CityZX MT,2021,"43,075kms",Petrol,Manual,₹9.49 Lakh,mumbai
Hyundai,Hyundai VenueSX Turbo iMT,2021,"47,638kms",Petrol,Manual,₹7.98 Lakh,mumbai
Maruti,Maruti Wagon RLXI CNG,2013,"44,814kms",CNG,Manual,₹2.03 Lakh,mumbai
Maruti,Maruti ErtigaVXI AT,2021,"1,37,334kms",Petrol,Automatic,₹7.97 Lakh,mumbai
Maruti,Maruti Wagon RLXI CNG,2018,"97,067kms",CNG,Manual,₹3.04 Lakh,mumbai
Renault,Renault KWID1.0 RXT AMT Opt,2020,"27,046kms",Petrol,Automatic,₹3.37 Lakh,mumbai
Maruti,Maruti Ignis1.2 AMT Alpha BSIV,2021,"1,20,392kms",Petrol,Automatic,₹4.98 Lakh,mumbai
Maruti,Maruti ErtigaVXI,2013,"59,264kms",Petrol,Manual,₹4.94 Lakh,mumbai
Maruti,Maruti Alto 800LXI Opt CNG,2021,"68,605kms",CNG,Manual,₹3.44 Lakh,mumbai
Maruti,Maruti Wagon RLXI CNG,2014,"40,150kms",CNG,Manual,₹2.27 Lakh,mumbai
BMW,BMW 3 Series320d Prestige,2015,"51,380kms",Diesel,Automatic,₹8.75 Lakh,mumbai
Maruti,Maruti ErtigaVXI CNG,2016,"59,452kms",CNG,Manual,₹6.18 Lakh,mumbai
Maruti,Maruti DzireZXI Plus,2019,"74,613kms",Petrol,Manual,₹5.29 Lakh,mumbai
Maruti,Maruti CelerioZXI Plus AMT BSVI,2022,"41,490kms",Petrol,Automatic,₹4.18 Lakh,mumbai
Tata,Tata Tigor1.2 Revotron XZA,2019,"85,687kms",Petrol,Automatic,₹3.66 Lakh,mumbai
Tata,Tata Tiago1.2 Revotron XZ Plus,2022,"27,724kms",Petrol,Manual,₹6.16 Lakh,mumbai
Renault,Renault TriberRXZ,2020,"42,015kms",Petrol,Manual,₹5 Lakh,mumbai
Ford,Ford Ecosport1.5 Diesel Titanium BSIV,2018,"85,315kms",Diesel,Manual,₹4.80 Lakh,mumbai
Mahindra,Mahindra KUV 100mFALCON G80 K6 5str,2016,"64,900kms",Petrol,Manual,₹2.18 Lakh,mumbai
Maruti,Maruti ErtigaVXI AT,2016,"95,635kms",Petrol,Automatic,₹4.83 Lakh,mumbai
Honda,Honda CityZX MT,2021,"43,075kms",Petrol,Manual,₹9.49 Lakh,mumbai
Hyundai,Hyundai VenueSX Turbo iMT,2021,"47,638kms",Petrol,Manual,₹7.98 Lakh,mumbai
Maruti,Maruti Wagon RLXI CNG,2013,"44,814kms",CNG,Manual,₹2.03 Lakh,mumbai
Maruti,Maruti ErtigaVXI AT,2021,"1,37,334kms",Petrol,Automatic,₹7.97 Lakh,mumbai
Maruti,Maruti Wagon RLXI CNG,2018,"97,067kms",CNG,Manual,₹3.04 Lakh,mumbai
Maruti,Maruti Ignis1.2 AMT Alpha BSIV,2021,"1,20,392kms",Petrol,Automatic,₹4.98 Lakh,mumbai
Maruti,Maruti Alto 800LXI Opt CNG,2021,"68,605kms",CNG,Manual,₹3.44 Lakh,mumbai
Maruti,Maruti ErtigaVXI,2013,"59,264kms",Petrol,Manual,₹4.94 Lakh,mumbai
Renault,Renault KWID1.0 RXT AMT Opt,2020,"27,046kms",Petrol,Automatic,₹3.37 Lakh,mumbai
Maruti,Maruti Wagon RLXI CNG,2014,"40,150kms",CNG,Manual,₹2.27 Lakh,mumbai
BMW,BMW 3 Series320d Prestige,2015,"51,380kms",Diesel,Automatic,₹8.75 Lakh,mumbai
Maruti,Maruti ErtigaVXI CNG,2016,"59,452kms",CNG,Manual,₹6.18 Lakh,mumbai
Maruti,Maruti CelerioZXI Plus AMT BSVI,2022,"41,490kms",Petrol,Automatic,₹4.18 Lakh,mumbai
Maruti,Maruti DzireZXI Plus,2019,"74,613kms",Petrol,Manual,₹5.29 Lakh,mumbai
Tata,Tata Tigor1.2 Revotron XZA,2019,"85,687kms",Petrol,Automatic,₹3.66 Lakh,mumbai
Tata,Tata Tiago1.2 Revotron XZ Plus,2022,"27,724kms",Petrol,Manual,₹6.16 Lakh,mumbai
Renault,Renault TriberRXZ,2020,"42,015kms",Petrol,Manual,₹5 Lakh,mumbai
Ford,Ford Ecosport1.5 Diesel Titanium BSIV,2018,"85,315kms",Diesel,Manual,₹4.80 Lakh,mumbai
Mahindra,Mahindra KUV 100mFALCON G80 K6 5str,2016,"64,900kms",Petrol,Manual,₹2.18 Lakh,mumbai
Maruti,Maruti ErtigaVXI AT,2016,"95,635kms",Petrol,Automatic,₹4.83 Lakh,mumbai
Honda,Honda CityZX MT,2021,"43,075kms",Petrol,Manual,₹9.49 Lakh,mumbai
Tata,Tata Tigor1.2 Revotron XZ,2022,"28,774kms",Petrol,Manual,₹6.42 Lakh,mumbai
Maruti,Maruti Wagon RLXI CNG,2013,"44,814kms",CNG,Manual,₹2.03 Lakh,mumbai
Maruti,Maruti ErtigaVXI AT,2021,"1,37,334kms",Petrol,Automatic,₹7.97 Lakh,mumbai
Maruti,Maruti Wagon RLXI CNG,2018,"97,067kms",CNG,Manual,₹3.04 Lakh,mumbai
Maruti,Maruti Ignis1.2 AMT Alpha BSIV,2021,"1,20,392kms",Petrol,Automatic,₹4.98 Lakh,mumbai
Maruti,Maruti Alto 800LXI Opt CNG,2021,"68,605kms",CNG,Manual,₹3.44 Lakh,mumbai
Maruti,Maruti ErtigaVXI,2013,"59,264kms",Petrol,Manual,₹4.94 Lakh,mumbai
Renault,Renault KWID1.0 RXT AMT Opt,2020,"27,046kms",Petrol,Automatic,₹3.37 Lakh,mumbai
Maruti,Maruti Wagon RLXI CNG,2014,"40,150kms",CNG,Manual,₹2.27 Lakh,mumbai
BMW,BMW 3 Series320d Prestige,2015,"51,380kms",Diesel,Automatic,₹8.75 Lakh,mumbai
Maruti,Maruti ErtigaVXI CNG,2016,"59,452kms",CNG,Manual,₹6.18 Lakh,mumbai
Maruti,Maruti CelerioZXI Plus AMT BSVI,2022,"41,490kms",Petrol,Automatic,₹4.18 Lakh,mumbai
Maruti,Maruti DzireZXI Plus,2019,"74,613kms",Petrol,Manual,₹5.29 Lakh,mumbai
Tata,Tata Tigor1.2 Revotron XZA,2019,"85,687kms",Petrol,Automatic,₹3.66 Lakh,mumbai
Tata,Tata Tiago1.2 Revotron XZ Plus,2022,"27,724kms",Petrol,Manual,₹6.16 Lakh,mumbai
Renault,Renault TriberRXZ,2020,"42,015kms",Petrol,Manual,₹5 Lakh,mumbai
Ford,Ford Ecosport1.5 Diesel Titanium BSIV,2018,"85,315kms",Diesel,Manual,₹4.80 Lakh,mumbai
Mahindra,Mahindra KUV 100mFALCON G80 K6 5str,2016,"64,900kms",Petrol,Manual,₹2.18 Lakh,mumbai
Maruti,Maruti ErtigaVXI AT,2016,"95,635kms",Petrol,Automatic,₹4.83 Lakh,mumbai
Honda,Honda CityZX MT,2021,"43,075kms",Petrol,Manual,₹9.49 Lakh,mumbai
Tata,Tata Tigor1.2 Revotron XZ,2022,"28,774kms",Petrol,Manual,₹6.42 Lakh,mumbai
Maruti,Maruti Wagon RLXI CNG,2013,"44,814kms",CNG,Manual,₹2.03 Lakh,mumbai
Maruti,Maruti ErtigaVXI AT,2021,"1,37,334kms",Petrol,Automatic,₹7.97 Lakh,mumbai
Maruti,Maruti Wagon RLXI CNG,2018,"97,067kms",CNG,Manual,₹3.04 Lakh,mumbai
Maruti,Maruti Ignis1.2 AMT Alpha BSIV,2021,"1,20,392kms",Petrol,Automatic,₹4.98 Lakh,mumbai
Maruti,Maruti Alto 800LXI Opt CNG,2021,"68,605kms",CNG,Manual,₹3.44 Lakh,mumbai
Maruti,Maruti ErtigaVXI,2013,"59,264kms",Petrol,Manual,₹4.94 Lakh,mumbai
Renault,Renault KWID1.0 RXT AMT Opt,2020,"27,046kms",Petrol,Automatic,₹3.37 Lakh,mumbai
Maruti,Maruti Wagon RLXI CNG,2014,"40,150kms",CNG,Manual,₹2.27 Lakh,mumbai
BMW,BMW 3 Series320d Prestige,2015,"51,380kms",Diesel,Automatic,₹8.75 Lakh,mumbai
Maruti,Maruti ErtigaVXI CNG,2016,"59,452kms",CNG,Manual,₹6.18 Lakh,mumbai
Maruti,Maruti CelerioZXI Plus AMT BSVI,2022,"41,490kms",Petrol,Automatic,₹4.18 Lakh,mumbai
Maruti,Maruti DzireZXI Plus,2019,"74,613kms",Petrol,Manual,₹5.29 Lakh,mumbai
Tata,Tata Tigor1.2 Revotron XZA,2019,"85,687kms",Petrol,Automatic,₹3.66 Lakh,mumbai
Tata,Tata Tiago1.2 Revotron XZ Plus,2022,"27,724kms",Petrol,Manual,₹6.16 Lakh,mumbai
Renault,Renault TriberRXZ,2020,"42,015kms",Petrol,Manual,₹5 Lakh,mumbai
Ford,Ford Ecosport1.5 Diesel Titanium BSIV,2018,"85,315kms",Diesel,Manual,₹4.80 Lakh,mumbai
Mahindra,Mahindra KUV 100mFALCON G80 K6 5str,2016,"64,900kms",Petrol,Manual,₹2.18 Lakh,mumbai
Maruti,Maruti ErtigaVXI AT,2016,"95,635kms",Petrol,Automatic,₹4.83 Lakh,mumbai
Honda,Honda CityZX MT,2021,"43,075kms",Petrol,Manual,₹9.49 Lakh,mumbai
Tata,Tata Tigor1.2 Revotron XZ,2022,"28,774kms",Petrol,Manual,₹6.42 Lakh,mumbai
Maruti,Maruti Wagon RLXI CNG,2013,"44,814kms",CNG,Manual,₹2.03 Lakh,mumbai
Maruti,Maruti ErtigaVXI AT,2021,"1,37,334kms",Petrol,Automatic,₹7.97 Lakh,mumbai
Maruti,Maruti Wagon RLXI CNG,2018,"97,067kms",CNG,Manual,₹3.04 Lakh,mumbai
Renault,Renault KWID1.0 RXT AMT Opt,2020,"27,046kms",Petrol,Automatic,₹3.37 Lakh,mumbai
Maruti,Maruti Ignis1.2 AMT Alpha BSIV,2021,"1,20,392kms",Petrol,Automatic,₹4.98 Lakh,mumbai
Maruti,Maruti ErtigaVXI,2013,"59,264kms",Petrol,Manual,₹4.94 Lakh,mumbai
Maruti,Maruti Alto 800LXI Opt CNG,2021,"68,605kms",CNG,Manual,₹3.44 Lakh,mumbai
Maruti,Maruti Wagon RLXI CNG,2014,"40,150kms",CNG,Manual,₹2.27 Lakh,mumbai
BMW,BMW 3 Series320d Prestige,2015,"51,380kms",Diesel,Automatic,₹8.75 Lakh,mumbai
Maruti,Maruti ErtigaVXI CNG,2016,"59,452kms",CNG,Manual,₹6.18 Lakh,mumbai
Maruti,Maruti DzireZXI Plus,2019,"74,613kms",Petrol,Manual,₹5.29 Lakh,mumbai
Maruti,Maruti CelerioZXI Plus AMT BSVI,2022,"41,490kms",Petrol,Automatic,₹4.18 Lakh,mumbai
Tata,Tata Tigor1.2 Revotron XZA,2019,"85,687kms",Petrol,Automatic,₹3.66 Lakh,mumbai
Tata,Tata Tiago1.2 Revotron XZ Plus,2022,"27,724kms",Petrol,Manual,₹6.16 Lakh,mumbai
Renault,Renault TriberRXZ,2020,"42,015kms",Petrol,Manual,₹5 Lakh,mumbai
Ford,Ford Ecosport1.5 Diesel Titanium BSIV,2018,"85,315kms",Diesel,Manual,₹4.80 Lakh,mumbai
Mahindra,Mahindra KUV 100mFALCON G80 K6 5str,2016,"64,900kms",Petrol,Manual,₹2.18 Lakh,mumbai
Maruti,Maruti ErtigaVXI AT,2016,"95,635kms",Petrol,Automatic,₹4.83 Lakh,mumbai
Honda,Honda CityZX MT,2021,"43,075kms",Petrol,Manual,₹9.49 Lakh,mumbai
Hyundai,Hyundai VenueSX Turbo iMT,2021,"47,638kms",Petrol,Manual,₹7.98 Lakh,mumbai
Maruti,Maruti Wagon RLXI CNG,2013,"44,814kms",CNG,Manual,₹2.03 Lakh,mumbai
Maruti,Maruti ErtigaVXI AT,2021,"1,37,334kms",Petrol,Automatic,₹7.97 Lakh,mumbai
Maruti,Maruti Wagon RLXI CNG,2018,"97,067kms",CNG,Manual,₹3.04 Lakh,mumbai
Renault,Renault KWID1.0 RXT AMT Opt,2020,"27,046kms",Petrol,Automatic,₹3.37 Lakh,mumbai
Maruti,Maruti Ignis1.2 AMT Alpha BSIV,2021,"1,20,392kms",Petrol,Automatic,₹4.98 Lakh,mumbai
Maruti,Maruti ErtigaVXI,2013,"59,264kms",Petrol,Manual,₹4.94 Lakh,mumbai
Maruti,Maruti Alto 800LXI Opt CNG,2021,"68,605kms",CNG,Manual,₹3.44 Lakh,mumbai
Maruti,Maruti Wagon RLXI CNG,2014,"40,150kms",CNG,Manual,₹2.27 Lakh,mumbai
BMW,BMW 3 Series320d Prestige,2015,"51,380kms",Diesel,Automatic,₹8.75 Lakh,mumbai
Maruti,Maruti ErtigaVXI CNG,2016,"59,452kms",CNG,Manual,₹6.18 Lakh,mumbai
Maruti,Maruti DzireZXI Plus,2019,"74,613kms",Petrol,Manual,₹5.29 Lakh,mumbai
Maruti,Maruti CelerioZXI Plus AMT BSVI,2022,"41,490kms",Petrol,Automatic,₹4.18 Lakh,mumbai
Tata,Tata Tigor1.2 Revotron XZA,2019,"85,687kms",Petrol,Automatic,₹3.66 Lakh,mumbai
Tata,Tata Tiago1.2 Revotron XZ Plus,2022,"27,724kms",Petrol,Manual,₹6.16 Lakh,mumbai
Renault,Renault TriberRXZ,2020,"42,015kms",Petrol,Manual,₹5 Lakh,mumbai
Ford,Ford Ecosport1.5 Diesel Titanium BSIV,2018,"85,315kms",Diesel,Manual,₹4.80 Lakh,mumbai
Mahindra,Mahindra KUV 100mFALCON G80 K6 5str,2016,"64,900kms",Petrol,Manual,₹2.18 Lakh,mumbai
Maruti,Maruti ErtigaVXI AT,2016,"95,635kms",Petrol,Automatic,₹4.83 Lakh,mumbai
Honda,Honda CityZX MT,2021,"43,075kms",Petrol,Manual,₹9.49 Lakh,mumbai
Hyundai,Hyundai VenueSX Turbo iMT,2021,"47,638kms",Petrol,Manual,₹7.98 Lakh,mumbai
Maruti,Maruti Wagon RLXI CNG,2013,"44,814kms",CNG,Manual,₹2.03 Lakh,mumbai
Maruti,Maruti ErtigaVXI AT,2021,"1,37,334kms",Petrol,Automatic,₹7.97 Lakh,mumbai
Maruti,Maruti Wagon RLXI CNG,2018,"97,067kms",CNG,Manual,₹3.04 Lakh,mumbai
Renault,Renault KWID1.0 RXT AMT Opt,2020,"27,046kms",Petrol,Automatic,₹3.37 Lakh,mumbai
Maruti,Maruti Ignis1.2 AMT Alpha BSIV,2021,"1,20,392kms",Petrol,Automatic,₹4.98 Lakh,mumbai
Maruti,Maruti ErtigaVXI,2013,"59,264kms",Petrol,Manual,₹4.94 Lakh,mumbai
Maruti,Maruti Alto 800LXI Opt CNG,2021,"68,605kms",CNG,Manual,₹3.44 Lakh,mumbai
Maruti,Maruti Wagon RLXI CNG,2014,"40,150kms",CNG,Manual,₹2.27 Lakh,mumbai
BMW,BMW 3 Series320d Prestige,2015,"51,380kms",Diesel,Automatic,₹8.75 Lakh,mumbai
Maruti,Maruti ErtigaVXI CNG,2016,"59,452kms",CNG,Manual,₹6.18 Lakh,mumbai
Maruti,Maruti DzireZXI Plus,2019,"74,613kms",Petrol,Manual,₹5.29 Lakh,mumbai
Maruti,Maruti CelerioZXI Plus AMT BSVI,2022,"41,490kms",Petrol,Automatic,₹4.18 Lakh,mumbai
Tata,Tata Tigor1.2 Revotron XZA,2019,"85,687kms",Petrol,Automatic,₹3.66 Lakh,mumbai
Tata,Tata Tiago1.2 Revotron XZ Plus,2022,"27,724kms",Petrol,Manual,₹6.16 Lakh,mumbai
Renault,Renault TriberRXZ,2020,"42,015kms",Petrol,Manual,₹5 Lakh,mumbai
Ford,Ford Ecosport1.5 Diesel Titanium BSIV,2018,"85,315kms",Diesel,Manual,₹4.80 Lakh,mumbai
Mahindra,Mahindra KUV 100mFALCON G80 K6 5str,2016,"64,900kms",Petrol,Manual,₹2.18 Lakh,mumbai
Maruti,Maruti ErtigaVXI AT,2016,"95,635kms",Petrol,Automatic,₹4.83 Lakh,mumbai
Honda,Honda CityZX MT,2021,"43,075kms",Petrol,Manual,₹9.49 Lakh,mumbai
Hyundai,Hyundai VenueSX Turbo iMT,2021,"47,638kms",Petrol,Manual,₹7.98 Lakh,mumbai
Maruti,Maruti Wagon RLXI CNG,2013,"44,814kms",CNG,Manual,₹2.03 Lakh,mumbai
Maruti,Maruti ErtigaVXI AT,2021,"1,37,334kms",Petrol,Automatic,₹7.97 Lakh,mumbai
Maruti,Maruti Wagon RLXI CNG,2018,"97,067kms",CNG,Manual,₹3.04 Lakh,mumbai
Maruti,Maruti Alto 800LXI Opt CNG,2021,"68,605kms",CNG,Manual,₹3.44 Lakh,mumbai
Maruti,Maruti ErtigaVXI,2013,"59,264kms",Petrol,Manual,₹4.94 Lakh,mumbai
Renault,Renault KWID1.0 RXT AMT Opt,2020,"27,046kms",Petrol,Automatic,₹3.37 Lakh,mumbai
Maruti,Maruti Ignis1.2 AMT Alpha BSIV,2021,"1,20,392kms",Petrol,Automatic,₹4.98 Lakh,mumbai
Maruti,Maruti Wagon RLXI CNG,2014,"40,150kms",CNG,Manual,₹2.27 Lakh,mumbai
BMW,BMW 3 Series320d Prestige,2015,"51,380kms",Diesel,Automatic,₹8.75 Lakh,mumbai
Maruti,Maruti ErtigaVXI CNG,2016,"59,452kms",CNG,Manual,₹6.18 Lakh,mumbai
Maruti,Maruti CelerioZXI Plus AMT BSVI,2022,"41,490kms",Petrol,Automatic,₹4.18 Lakh,mumbai
Maruti,Maruti DzireZXI Plus,2019,"74,613kms",Petrol,Manual,₹5.29 Lakh,mumbai
Tata,Tata Tigor1.2 Revotron XZA,2019,"85,687kms",Petrol,Automatic,₹3.66 Lakh,mumbai
Tata,Tata Tiago1.2 Revotron XZ Plus,2022,"27,724kms",Petrol,Manual,₹6.16 Lakh,mumbai
Renault,Renault TriberRXZ,2020,"42,015kms",Petrol,Manual,₹5 Lakh,mumbai
Ford,Ford Ecosport1.5 Diesel Titanium BSIV,2018,"85,315kms",Diesel,Manual,₹4.80 Lakh,mumbai
Mahindra,Mahindra KUV 100mFALCON G80 K6 5str,2016,"64,900kms",Petrol,Manual,₹2.18 Lakh,mumbai
Maruti,Maruti ErtigaVXI AT,2016,"95,635kms",Petrol,Automatic,₹4.83 Lakh,mumbai
Honda,Honda CityZX MT,2021,"43,075kms",Petrol,Manual,₹9.49 Lakh,mumbai
Tata,Tata Tigor1.2 Revotron XZ,2022,"28,774kms",Petrol,Manual,₹6.42 Lakh,mumbai
Maruti,Maruti Wagon R LXI CNG,2013,"44,814 kms",CNG,Manual,₹2.03 Lakh,mumbai
Maruti,Maruti Ertiga VXI AT,2021,"1,37,334 kms",Petrol,Automatic,₹7.97 Lakh,mumbai
Maruti,Maruti Wagon R LXI CNG,2018,"97,067 kms",CNG,Manual,₹3.04 Lakh,mumbai
Maruti,Maruti Ignis 1.2 AMT Alpha BSIV,2021,"1,20,392 kms",Petrol,Automatic,₹4.98 Lakh,mumbai
Maruti,Maruti Alto 800 LXI Opt CNG,2021,"68,605 kms",CNG,Manual,₹3.44 Lakh,mumbai
Maruti,Maruti Ertiga VXI,2013,"59,264 kms",Petrol,Manual,₹4.94 Lakh,mumbai
Renault,Renault KWID 1.0 RXT AMT Opt,2020,"27,046 kms",Petrol,Automatic,₹3.37 Lakh,mumbai
Maruti,Maruti Wagon R LXI CNG,2014,"40,150 kms",CNG,Manual,₹2.27 Lakh,mumbai
BMW,BMW 3 Series 320d Prestige,2015,"51,380 kms",Diesel,Automatic,₹8.75 Lakh,mumbai
Maruti,Maruti Ertiga VXI CNG,2016,"59,452 kms",CNG,Manual,₹6.18 Lakh,mumbai
Maruti,Maruti Celerio ZXI Plus AMT BSVI,2022,"41,490 kms",Petrol,Automatic,₹4.18 Lakh,mumbai
Maruti,Maruti Dzire ZXI Plus,2019,"74,613 kms",Petrol,Manual,₹5.29 Lakh,mumbai
Tata,Tata Tigor 1.2 Revotron XZA,2019,"85,687 kms",Petrol,Automatic,₹3.66 Lakh,mumbai
Tata,Tata Tiago 1.2 Revotron XZ Plus,2022,"27,724 kms",Petrol,Manual,₹6.16 Lakh,mumbai
Renault,Renault Triber RXZ,2020,"42,015 kms",Petrol,Manual,₹5 Lakh,mumbai
Ford,Ford Ecosport 1.5 Diesel Titanium BSIV,2018,"85,315 kms",Diesel,Manual,₹4.80 Lakh,mumbai
Mahindra,Mahindra KUV 100 mFALCON G80 K6 5str,2016,"64,900 kms",Petrol,Manual,₹2.18 Lakh,mumbai
Maruti,Maruti Ertiga VXI AT,2016,"95,635 kms",Petrol,Automatic,₹4.83 Lakh,mumbai
Honda,Honda City ZX MT,2021,"43,075 kms",Petrol,Manual,₹9.49 Lakh,mumbai
Tata,Tata Tigor 1.2 Revotron XZ,2022,"28,774 kms",Petrol,Manual,₹6.42 Lakh,mumbai
Maruti,Maruti Wagon RLXI CNG,2013,"44,814kms",CNG,Manual,₹2.03 Lakh,mumbai
Maruti,Maruti ErtigaVXI AT,2021,"1,37,334kms",Petrol,Automatic,₹7.97 Lakh,mumbai
Maruti,Maruti Wagon RLXI CNG,2018,"97,067kms",CNG,Manual,₹3.04 Lakh,mumbai
Maruti,Maruti Ignis1.2 AMT Alpha BSIV,2021,"1,20,392kms",Petrol,Automatic,₹4.98 Lakh,mumbai
Maruti,Maruti Alto 800LXI Opt CNG,2021,"68,605kms",CNG,Manual,₹3.44 Lakh,mumbai
Maruti,Maruti ErtigaVXI,2013,"59,264kms",Petrol,Manual,₹4.94 Lakh,mumbai
Renault,Renault KWID1.0 RXT AMT Opt,2020,"27,046kms",Petrol,Automatic,₹3.37 Lakh,mumbai
Maruti,Maruti Wagon RLXI CNG,2014,"40,150kms",CNG,Manual,₹2.27 Lakh,mumbai
BMW,BMW 3 Series320d Prestige,2015,"51,380kms",Diesel,Automatic,₹8.75 Lakh,mumbai
Maruti,Maruti ErtigaVXI CNG,2016,"59,452kms",CNG,Manual,₹6.18 Lakh,mumbai
Maruti,Maruti CelerioZXI Plus AMT BSVI,2022,"41,490kms",Petrol,Automatic,₹4.18 Lakh,mumbai
Maruti,Maruti DzireZXI Plus,2019,"74,613kms",Petrol,Manual,₹5.29 Lakh,mumbai
Tata,Tata Tigor1.2 Revotron XZA,2019,"85,687kms",Petrol,Automatic,₹3.66 Lakh,mumbai
Tata,Tata Tiago1.2 Revotron XZ Plus,2022,"27,724kms",Petrol,Manual,₹6.16 Lakh,mumbai
Renault,Renault TriberRXZ,2020,"42,015kms",Petrol,Manual,₹5 Lakh,mumbai
Ford,Ford Ecosport1.5 Diesel Titanium BSIV,2018,"85,315kms",Diesel,Manual,₹4.80 Lakh,mumbai
Mahindra,Mahindra KUV 100mFALCON G80 K6 5str,2016,"64,900kms",Petrol,Manual,₹2.18 Lakh,mumbai
Maruti,Maruti ErtigaVXI AT,2016,"95,635kms",Petrol,Automatic,₹4.83 Lakh,mumbai
Honda,Honda CityZX MT,2021,"43,075kms",Petrol,Manual,₹9.49 Lakh,mumbai
Tata,Tata Tigor1.2 Revotron XZ,2022,"28,774kms",Petrol,Manual,₹6.42 Lakh,mumbai
Maruti,Maruti Wagon RLXI CNG,2013,"44,814kms",CNG,Manual,₹2.03 Lakh,mumbai
Maruti,Maruti ErtigaVXI AT,2021,"1,37,334kms",Petrol,Automatic,₹7.97 Lakh,mumbai
Maruti,Maruti Wagon RLXI CNG,2018,"97,067kms",CNG,Manual,₹3.04 Lakh,mumbai
Maruti,Maruti Ignis1.2 AMT Alpha BSIV,2021,"1,20,392kms",Petrol,Automatic,₹4.98 Lakh,mumbai
Maruti,Maruti Alto 800LXI Opt CNG,2021,"68,605kms",CNG,Manual,₹3.44 Lakh,mumbai
Maruti,Maruti ErtigaVXI,2013,"59,264kms",Petrol,Manual,₹4.94 Lakh,mumbai
Renault,Renault KWID1.0 RXT AMT Opt,2020,"27,046kms",Petrol,Automatic,₹3.37 Lakh,mumbai
Maruti,Maruti Wagon RLXI CNG,2014,"40,150kms",CNG,Manual,₹2.27 Lakh,mumbai
BMW,BMW 3 Series320d Prestige,2015,"51,380kms",Diesel,Automatic,₹8.75 Lakh,mumbai
Maruti,Maruti ErtigaVXI CNG,2016,"59,452kms",CNG,Manual,₹6.18 Lakh,mumbai
Maruti,Maruti CelerioZXI Plus AMT BSVI,2022,"41,490kms",Petrol,Automatic,₹4.18 Lakh,mumbai
Maruti,Maruti DzireZXI Plus,2019,"74,613kms",Petrol,Manual,₹5.29 Lakh,mumbai
Tata,Tata Tigor1.2 Revotron XZA,2019,"85,687kms",Petrol,Automatic,₹3.66 Lakh,mumbai
Tata,Tata Tiago1.2 Revotron XZ Plus,2022,"27,724kms",Petrol,Manual,₹6.16 Lakh,mumbai
Renault,Renault TriberRXZ,2020,"42,015kms",Petrol,Manual,₹5 Lakh,mumbai
Ford,Ford Ecosport1.5 Diesel Titanium BSIV,2018,"85,315kms",Diesel,Manual,₹4.80 Lakh,mumbai
Mahindra,Mahindra KUV 100mFALCON G80 K6 5str,2016,"64,900kms",Petrol,Manual,₹2.18 Lakh,mumbai
Maruti,Maruti ErtigaVXI AT,2016,"95,635kms",Petrol,Automatic,₹4.83 Lakh,mumbai
Honda,Honda CityZX MT,2021,"43,075kms",Petrol,Manual,₹9.49 Lakh,mumbai
Tata,Tata Tigor1.2 Revotron XZ,2022,"28,774kms",Petrol,Manual,₹6.42 Lakh,mumbai
Maruti,Maruti Wagon RLXI CNG,2013,"44,814kms",CNG,Manual,₹2.03 Lakh,mumbai
Maruti,Maruti ErtigaVXI AT,2021,"1,37,334kms",Petrol,Automatic,₹7.97 Lakh,mumbai
Maruti,Maruti Wagon RLXI CNG,2018,"97,067kms",CNG,Manual,₹3.04 Lakh,mumbai
Maruti,Maruti Alto 800LXI Opt CNG,2021,"68,605kms",CNG,Manual,₹3.44 Lakh,mumbai
Maruti,Maruti ErtigaVXI,2013,"59,264kms",Petrol,Manual,₹4.94 Lakh,mumbai
Renault,Renault KWID1.0 RXT AMT Opt,2020,"27,046kms",Petrol,Automatic,₹3.37 Lakh,mumbai
Maruti,Maruti Ignis1.2 AMT Alpha BSIV,2021,"1,20,392kms",Petrol,Automatic,₹4.98 Lakh,mumbai
Maruti,Maruti Wagon RLXI CNG,2014,"40,150kms",CNG,Manual,₹2.27 Lakh,mumbai
BMW,BMW 3 Series320d Prestige,2015,"51,380kms",Diesel,Automatic,₹8.75 Lakh,mumbai
Maruti,Maruti ErtigaVXI CNG,2016,"59,452kms",CNG,Manual,₹6.18 Lakh,mumbai
Maruti,Maruti CelerioZXI Plus AMT BSVI,2022,"41,490kms",Petrol,Automatic,₹4.18 Lakh,mumbai
Maruti,Maruti DzireZXI Plus,2019,"74,613kms",Petrol,Manual,₹5.29 Lakh,mumbai
Tata,Tata Tigor1.2 Revotron XZA,2019,"85,687kms",Petrol,Automatic,₹3.66 Lakh,mumbai
Tata,Tata Tiago1.2 Revotron XZ Plus,2022,"27,724kms",Petrol,Manual,₹6.16 Lakh,mumbai
Renault,Renault TriberRXZ,2020,"42,015kms",Petrol,Manual,₹5 Lakh,mumbai
Ford,Ford Ecosport1.5 Diesel Titanium BSIV,2018,"85,315kms",Diesel,Manual,₹4.80 Lakh,mumbai
Mahindra,Mahindra KUV 100mFALCON G80 K6 5str,2016,"64,900kms",Petrol,Manual,₹2.18 Lakh,mumbai
Maruti,Maruti ErtigaVXI AT,2016,"95,635kms",Petrol,Automatic,₹4.83 Lakh,mumbai
Honda,Honda CityZX MT,2021,"43,075kms",Petrol,Manual,₹9.49 Lakh,mumbai
Tata,Tata Tigor1.2 Revotron XZ,2022,"28,774kms",Petrol,Manual,₹6.42 Lakh,mumbai
Maruti,Maruti Wagon RLXI CNG,2013,"44,814kms",CNG,Manual,₹2.03 Lakh,mumbai
Maruti,Maruti ErtigaVXI AT,2021,"1,37,334kms",Petrol,Automatic,₹7.97 Lakh,mumbai
Maruti,Maruti Wagon RLXI CNG,2018,"97,067kms",CNG,Manual,₹3.04 Lakh,mumbai
Maruti,Maruti Alto 800LXI Opt CNG,2021,"68,605kms",CNG,Manual,₹3.44 Lakh,mumbai
Maruti,Maruti ErtigaVXI,2013,"59,264kms",Petrol,Manual,₹4.94 Lakh,mumbai
Renault,Renault KWID1.0 RXT AMT Opt,2020,"27,046kms",Petrol,Automatic,₹3.37 Lakh,mumbai
Maruti,Maruti Ignis1.2 AMT Alpha BSIV,2021,"1,20,392kms",Petrol,Automatic,₹4.98 Lakh,mumbai
Maruti,Maruti Wagon RLXI CNG,2014,"40,150kms",CNG,Manual,₹2.27 Lakh,mumbai
BMW,BMW 3 Series320d Prestige,2015,"51,380kms",Diesel,Automatic,₹8.75 Lakh,mumbai
Maruti,Maruti ErtigaVXI CNG,2016,"59,452kms",CNG,Manual,₹6.18 Lakh,mumbai
Maruti,Maruti CelerioZXI Plus AMT BSVI,2022,"41,490kms",Petrol,Automatic,₹4.18 Lakh,mumbai
Maruti,Maruti DzireZXI Plus,2019,"74,613kms",Petrol,Manual,₹5.29 Lakh,mumbai
Tata,Tata Tigor1.2 Revotron XZA,2019,"85,687kms",Petrol,Automatic,₹3.66 Lakh,mumbai
Tata,Tata Tiago1.2 Revotron XZ Plus,2022,"27,724kms",Petrol,Manual,₹6.16 Lakh,mumbai
Renault,Renault TriberRXZ,2020,"42,015kms",Petrol,Manual,₹5 Lakh,mumbai
Ford,Ford Ecosport1.5 Diesel Titanium BSIV,2018,"85,315kms",Diesel,Manual,₹4.80 Lakh,mumbai
Mahindra,Mahindra KUV 100mFALCON G80 K6 5str,2016,"64,900kms",Petrol,Manual,₹2.18 Lakh,mumbai
Maruti,Maruti ErtigaVXI AT,2016,"95,635kms",Petrol,Automatic,₹4.83 Lakh,mumbai
Honda,Honda CityZX MT,2021,"43,075kms",Petrol,Manual,₹9.49 Lakh,mumbai
Tata,Tata Tigor1.2 Revotron XZ,2022,"28,774kms",Petrol,Manual,₹6.42 Lakh,mumbai
Maruti,Maruti Wagon RLXI CNG,2013,"44,814kms",CNG,Manual,₹2.03 Lakh,mumbai
Maruti,Maruti ErtigaVXI AT,2021,"1,37,334kms",Petrol,Automatic,₹7.97 Lakh,mumbai
Maruti,Maruti Wagon RLXI CNG,2018,"97,067kms",CNG,Manual,₹3.04 Lakh,mumbai
Maruti,Maruti Alto 800LXI Opt CNG,2021,"68,605kms",CNG,Manual,₹3.44 Lakh,mumbai
Maruti,Maruti ErtigaVXI,2013,"59,264kms",Petrol,Manual,₹4.94 Lakh,mumbai
Renault,Renault KWID1.0 RXT AMT Opt,2020,"27,046kms",Petrol,Automatic,₹3.37 Lakh,mumbai
Maruti,Maruti Ignis1.2 AMT Alpha BSIV,2021,"1,20,392kms",Petrol,Automatic,₹4.98 Lakh,mumbai
Maruti,Maruti Wagon RLXI CNG,2014,"40,150kms",CNG,Manual,₹2.27 Lakh,mumbai
BMW,BMW 3 Series320d Prestige,2015,"51,380kms",Diesel,Automatic,₹8.75 Lakh,mumbai
Maruti,Maruti ErtigaVXI CNG,2016,"59,452kms",CNG,Manual,₹6.18 Lakh,mumbai
Maruti,Maruti CelerioZXI Plus AMT BSVI,2022,"41,490kms",Petrol,Automatic,₹4.18 Lakh,mumbai
Maruti,Maruti DzireZXI Plus,2019,"74,613kms",Petrol,Manual,₹5.29 Lakh,mumbai
Tata,Tata Tigor1.2 Revotron XZA,2019,"85,687kms",Petrol,Automatic,₹3.66 Lakh,mumbai
Tata,Tata Tiago1.2 Revotron XZ Plus,2022,"27,724kms",Petrol,Manual,₹6.16 Lakh,mumbai
Renault,Renault TriberRXZ,2020,"42,015kms",Petrol,Manual,₹5 Lakh,mumbai
Ford,Ford Ecosport1.5 Diesel Titanium BSIV,2018,"85,315kms",Diesel,Manual,₹4.80 Lakh,mumbai
Mahindra,Mahindra KUV 100mFALCON G80 K6 5str,2016,"64,900kms",Petrol,Manual,₹2.18 Lakh,mumbai
Maruti,Maruti ErtigaVXI AT,2016,"95,635kms",Petrol,Automatic,₹4.83 Lakh,mumbai
Honda,Honda CityZX MT,2021,"43,075kms",Petrol,Manual,₹9.49 Lakh,mumbai
Tata,Tata Tigor1.2 Revotron XZ,2022,"28,774kms",Petrol,Manual,₹6.42 Lakh,mumbai
Maruti,Maruti Wagon RLXI CNG,2013,"44,814kms",CNG,Manual,₹2.03 Lakh,mumbai
Maruti,Maruti ErtigaVXI AT,2021,"1,37,334kms",Petrol,Automatic,₹7.97 Lakh,mumbai
Maruti,Maruti Wagon RLXI CNG,2018,"97,067kms",CNG,Manual,₹3.04 Lakh,mumbai
Maruti,Maruti Alto 800LXI Opt CNG,2021,"68,605kms",CNG,Manual,₹3.44 Lakh,mumbai
Maruti,Maruti ErtigaVXI,2013,"59,264kms",Petrol,Manual,₹4.94 Lakh,mumbai
Renault,Renault KWID1.0 RXT AMT Opt,2020,"27,046kms",Petrol,Automatic,₹3.37 Lakh,mumbai
Maruti,Maruti Ignis1.2 AMT Alpha BSIV,2021,"1,20,392kms",Petrol,Automatic,₹4.98 Lakh,mumbai
Maruti,Maruti Wagon RLXI CNG,2014,"40,150kms",CNG,Manual,₹2.27 Lakh,mumbai
BMW,BMW 3 Series320d Prestige,2015,"51,380kms",Diesel,Automatic,₹8.75 Lakh,mumbai
Maruti,Maruti ErtigaVXI CNG,2016,"59,452kms",CNG,Manual,₹6.18 Lakh,mumbai
Maruti,Maruti CelerioZXI Plus AMT BSVI,2022,"41,490kms",Petrol,Automatic,₹4.18 Lakh,mumbai
Maruti,Maruti DzireZXI Plus,2019,"74,613kms",Petrol,Manual,₹5.29 Lakh,mumbai
Tata,Tata Tigor1.2 Revotron XZA,2019,"85,687kms",Petrol,Automatic,₹3.66 Lakh,mumbai
Tata,Tata Tiago1.2 Revotron XZ Plus,2022,"27,724kms",Petrol,Manual,₹6.16 Lakh,mumbai
Renault,Renault TriberRXZ,2020,"42,015kms",Petrol,Manual,₹5 Lakh,mumbai
Ford,Ford Ecosport1.5 Diesel Titanium BSIV,2018,"85,315kms",Diesel,Manual,₹4.80 Lakh,mumbai
Mahindra,Mahindra KUV 100mFALCON G80 K6 5str,2016,"64,900kms",Petrol,Manual,₹2.18 Lakh,mumbai
Maruti,Maruti ErtigaVXI AT,2016,"95,635kms",Petrol,Automatic,₹4.83 Lakh,mumbai
Honda,Honda CityZX MT,2021,"43,075kms",Petrol,Manual,₹9.49 Lakh,mumbai
Tata,Tata Tigor1.2 Revotron XZ,2022,"28,774kms",Petrol,Manual,₹6.42 Lakh,mumbai
Maruti,Maruti Wagon RLXI CNG,2013,"44,814kms",CNG,Manual,₹2.03 Lakh,mumbai
Maruti,Maruti ErtigaVXI AT,2021,"1,37,334kms",Petrol,Automatic,₹7.97 Lakh,mumbai
Maruti,Maruti Wagon RLXI CNG,2018,"97,067kms",CNG,Manual,₹3.04 Lakh,mumbai
Renault,Renault KWID1.0 RXT AMT Opt,2020,"27,046kms",Petrol,Automatic,₹3.37 Lakh,mumbai
Maruti,Maruti Ignis1.2 AMT Alpha BSIV,2021,"1,20,392kms",Petrol,Automatic,₹4.98 Lakh,mumbai
Maruti,Maruti ErtigaVXI,2013,"59,264kms",Petrol,Manual,₹4.94 Lakh,mumbai
Maruti,Maruti Alto 800LXI Opt CNG,2021,"68,605kms",CNG,Manual,₹3.44 Lakh,mumbai
Maruti,Maruti Wagon RLXI CNG,2014,"40,150kms",CNG,Manual,₹2.27 Lakh,mumbai
BMW,BMW 3 Series320d Prestige,2015,"51,380kms",Diesel,Automatic,₹8.75 Lakh,mumbai
Maruti,Maruti ErtigaVXI CNG,2016,"59,452kms",CNG,Manual,₹6.18 Lakh,mumbai
Maruti,Maruti DzireZXI Plus,2019,"74,613kms",Petrol,Manual,₹5.29 Lakh,mumbai
Maruti,Maruti CelerioZXI Plus AMT BSVI,2022,"41,490kms",Petrol,Automatic,₹4.18 Lakh,mumbai
Tata,Tata Tigor1.2 Revotron XZA,2019,"85,687kms",Petrol,Automatic,₹3.66 Lakh,mumbai
Tata,Tata Tiago1.2 Revotron XZ Plus,2022,"27,724kms",Petrol,Manual,₹6.16 Lakh,mumbai
Renault,Renault TriberRXZ,2020,"42,015kms",Petrol,Manual,₹5 Lakh,mumbai
Ford,Ford Ecosport1.5 Diesel Titanium BSIV,2018,"85,315kms",Diesel,Manual,₹4.80 Lakh,mumbai
Mahindra,Mahindra KUV 100mFALCON G80 K6 5str,2016,"64,900kms",Petrol,Manual,₹2.18 Lakh,mumbai
Maruti,Maruti ErtigaVXI AT,2016,"95,635kms",Petrol,Automatic,₹4.83 Lakh,mumbai
Honda,Honda CityZX MT,2021,"43,075kms",Petrol,Manual,₹9.49 Lakh,mumbai
Hyundai,Hyundai VenueSX Turbo iMT,2021,"47,638kms",Petrol,Manual,₹7.98 Lakh,mumbai
Maruti,Maruti Wagon RLXI CNG,2013,"44,814kms",CNG,Manual,₹2.03 Lakh,mumbai
Maruti,Maruti ErtigaVXI AT,2021,"1,37,334kms",Petrol,Automatic,₹7.97 Lakh,mumbai
Maruti,Maruti Wagon RLXI CNG,2018,"97,067kms",CNG,Manual,₹3.04 Lakh,mumbai
Maruti,Maruti Ignis1.2 AMT Alpha BSIV,2021,"1,20,392kms",Petrol,Automatic,₹4.98 Lakh,mumbai
Maruti,Maruti Alto 800LXI Opt CNG,2021,"68,605kms",CNG,Manual,₹3.44 Lakh,mumbai
Maruti,Maruti ErtigaVXI,2013,"59,264kms",Petrol,Manual,₹4.94 Lakh,mumbai
Renault,Renault KWID1.0 RXT AMT Opt,2020,"27,046kms",Petrol,Automatic,₹3.37 Lakh,mumbai
Maruti,Maruti Wagon RLXI CNG,2014,"40,150kms",CNG,Manual,₹2.27 Lakh,mumbai
BMW,BMW 3 Series320d Prestige,2015,"51,380kms",Diesel,Automatic,₹8.75 Lakh,mumbai
Maruti,Maruti ErtigaVXI CNG,2016,"59,452kms",CNG,Manual,₹6.18 Lakh,mumbai
Maruti,Maruti CelerioZXI Plus AMT BSVI,2022,"41,490kms",Petrol,Automatic,₹4.18 Lakh,mumbai
Maruti,Maruti DzireZXI Plus,2019,"74,613kms",Petrol,Manual,₹5.29 Lakh,mumbai
Tata,Tata Tigor1.2 Revotron XZA,2019,"85,687kms",Petrol,Automatic,₹3.66 Lakh,mumbai
Tata,Tata Tiago1.2 Revotron XZ Plus,2022,"27,724kms",Petrol,Manual,₹6.16 Lakh,mumbai
Renault,Renault TriberRXZ,2020,"42,015kms",Petrol,Manual,₹5 Lakh,mumbai
Ford,Ford Ecosport1.5 Diesel Titanium BSIV,2018,"85,315kms",Diesel,Manual,₹4.80 Lakh,mumbai
Mahindra,Mahindra KUV 100mFALCON G80 K6 5str,2016,"64,900kms",Petrol,Manual,₹2.18 Lakh,mumbai
Maruti,Maruti ErtigaVXI AT,2016,"95,635kms",Petrol,Automatic,₹4.83 Lakh,mumbai
Honda,Honda CityZX MT,2021,"43,075kms",Petrol,Manual,₹9.49 Lakh,mumbai
Tata,Tata Tigor1.2 Revotron XZ,2022,"28,774kms",Petrol,Manual,₹6.42 Lakh,mumbai
Maruti,Maruti Wagon RLXI CNG,2013,"44,814kms",CNG,Manual,₹2.03 Lakh,mumbai
Maruti,Maruti ErtigaVXI AT,2021,"1,37,334kms",Petrol,Automatic,₹7.97 Lakh,mumbai
Maruti,Maruti Wagon RLXI CNG,2018,"97,067kms",CNG,Manual,₹3.04 Lakh,mumbai
Renault,Renault KWID1.0 RXT AMT Opt,2020,"27,046kms",Petrol,Automatic,₹3.37 Lakh,mumbai
Maruti,Maruti Ignis1.2 AMT Alpha BSIV,2021,"1,20,392kms",Petrol,Automatic,₹4.98 Lakh,mumbai
Maruti,Maruti ErtigaVXI,2013,"59,264kms",Petrol,Manual,₹4.94 Lakh,mumbai
Maruti,Maruti Alto 800LXI Opt CNG,2021,"68,605kms",CNG,Manual,₹3.44 Lakh,mumbai
Maruti,Maruti Wagon RLXI CNG,2014,"40,150kms",CNG,Manual,₹2.27 Lakh,mumbai
BMW,BMW 3 Series320d Prestige,2015,"51,380kms",Diesel,Automatic,₹8.75 Lakh,mumbai
Maruti,Maruti ErtigaVXI CNG,2016,"59,452kms",CNG,Manual,₹6.18 Lakh,mumbai
Maruti,Maruti DzireZXI Plus,2019,"74,613kms",Petrol,Manual,₹5.29 Lakh,mumbai
Maruti,Maruti CelerioZXI Plus AMT BSVI,2022,"41,490kms",Petrol,Automatic,₹4.18 Lakh,mumbai
Tata,Tata Tigor1.2 Revotron XZA,2019,"85,687kms",Petrol,Automatic,₹3.66 Lakh,mumbai
Tata,Tata Tiago1.2 Revotron XZ Plus,2022,"27,724kms",Petrol,Manual,₹6.16 Lakh,mumbai
Renault,Renault TriberRXZ,2020,"42,015kms",Petrol,Manual,₹5 Lakh,mumbai
Ford,Ford Ecosport1.5 Diesel Titanium BSIV,2018,"85,315kms",Diesel,Manual,₹4.80 Lakh,mumbai
Mahindra,Mahindra KUV 100mFALCON G80 K6 5str,2016,"64,900kms",Petrol,Manual,₹2.18 Lakh,mumbai
Maruti,Maruti ErtigaVXI AT,2016,"95,635kms",Petrol,Automatic,₹4.83 Lakh,mumbai
Honda,Honda CityZX MT,2021,"43,075kms",Petrol,Manual,₹9.49 Lakh,mumbai
Hyundai,Hyundai VenueSX Turbo iMT,2021,"47,638kms",Petrol,Manual,₹7.98 Lakh,mumbai
Maruti,Maruti Wagon RLXI CNG,2013,"44,814kms",CNG,Manual,₹2.03 Lakh,mumbai
Maruti,Maruti ErtigaVXI AT,2021,"1,37,334kms",Petrol,Automatic,₹7.97 Lakh,mumbai
Maruti,Maruti Wagon RLXI CNG,2018,"97,067kms",CNG,Manual,₹3.04 Lakh,mumbai
Renault,Renault KWID1.0 RXT AMT Opt,2020,"27,046kms",Petrol,Automatic,₹3.37 Lakh,mumbai
Maruti,Maruti Ignis1.2 AMT Alpha BSIV,2021,"1,20,392kms",Petrol,Automatic,₹4.98 Lakh,mumbai
Maruti,Maruti ErtigaVXI,2013,"59,264kms",Petrol,Manual,₹4.94 Lakh,mumbai
Maruti,Maruti Alto 800LXI Opt CNG,2021,"68,605kms",CNG,Manual,₹3.44 Lakh,mumbai
Maruti,Maruti Wagon RLXI CNG,2014,"40,150kms",CNG,Manual,₹2.27 Lakh,mumbai
BMW,BMW 3 Series320d Prestige,2015,"51,380kms",Diesel,Automatic,₹8.75 Lakh,mumbai
Maruti,Maruti ErtigaVXI CNG,2016,"59,452kms",CNG,Manual,₹6.18 Lakh,mumbai
Maruti,Maruti DzireZXI Plus,2019,"74,613kms",Petrol,Manual,₹5.29 Lakh,mumbai
Maruti,Maruti CelerioZXI Plus AMT BSVI,2022,"41,490kms",Petrol,Automatic,₹4.18 Lakh,mumbai
Tata,Tata Tigor1.2 Revotron XZA,2019,"85,687kms",Petrol,Automatic,₹3.66 Lakh,mumbai
Tata,Tata Tiago1.2 Revotron XZ Plus,2022,"27,724kms",Petrol,Manual,₹6.16 Lakh,mumbai
Renault,Renault TriberRXZ,2020,"42,015kms",Petrol,Manual,₹5 Lakh,mumbai
Ford,Ford Ecosport1.5 Diesel Titanium BSIV,2018,"85,315kms",Diesel,Manual,₹4.80 Lakh,mumbai
Mahindra,Mahindra KUV 100mFALCON G80 K6 5str,2016,"64,900kms",Petrol,Manual,₹2.18 Lakh,mumbai
Maruti,Maruti ErtigaVXI AT,2016,"95,635kms",Petrol,Automatic,₹4.83 Lakh,mumbai
Honda,Honda CityZX MT,2021,"43,075kms",Petrol,Manual,₹9.49 Lakh,mumbai
Hyundai,Hyundai VenueSX Turbo iMT,2021,"47,638kms",Petrol,Manual,₹7.98 Lakh,mumbai
Maruti,Maruti Wagon RLXI CNG,2013,"44,814kms",CNG,Manual,₹2.03 Lakh,mumbai
Maruti,Maruti ErtigaVXI AT,2021,"1,37,334kms",Petrol,Automatic,₹7.97 Lakh,mumbai
Maruti,Maruti Wagon RLXI CNG,2018,"97,067kms",CNG,Manual,₹3.04 Lakh,mumbai
Renault,Renault KWID1.0 RXT AMT Opt,2020,"27,046kms",Petrol,Automatic,₹3.37 Lakh,mumbai
Maruti,Maruti Ignis1.2 AMT Alpha BSIV,2021,"1,20,392kms",Petrol,Automatic,₹4.98 Lakh,mumbai
Maruti,Maruti ErtigaVXI,2013,"59,264kms",Petrol,Manual,₹4.94 Lakh,mumbai
Maruti,Maruti Alto 800LXI Opt CNG,2021,"68,605kms",CNG,Manual,₹3.44 Lakh,mumbai
Maruti,Maruti Wagon RLXI CNG,2014,"40,150kms",CNG,Manual,₹2.27 Lakh,mumbai
BMW,BMW 3 Series320d Prestige,2015,"51,380kms",Diesel,Automatic,₹8.75 Lakh,mumbai
Maruti,Maruti ErtigaVXI CNG,2016,"59,452kms",CNG,Manual,₹6.18 Lakh,mumbai
Maruti,Maruti DzireZXI Plus,2019,"74,613kms",Petrol,Manual,₹5.29 Lakh,mumbai
Maruti,Maruti CelerioZXI Plus AMT BSVI,2022,"41,490kms",Petrol,Automatic,₹4.18 Lakh,mumbai
Tata,Tata Tigor1.2 Revotron XZA,2019,"85,687kms",Petrol,Automatic,₹3.66 Lakh,mumbai
Tata,Tata Tiago1.2 Revotron XZ Plus,2022,"27,724kms",Petrol,Manual,₹6.16 Lakh,mumbai
Renault,Renault TriberRXZ,2020,"42,015kms",Petrol,Manual,₹5 Lakh,mumbai
Ford,Ford Ecosport1.5 Diesel Titanium BSIV,2018,"85,315kms",Diesel,Manual,₹4.80 Lakh,mumbai
Mahindra,Mahindra KUV 100mFALCON G80 K6 5str,2016,"64,900kms",Petrol,Manual,₹2.18 Lakh,mumbai
Maruti,Maruti ErtigaVXI AT,2016,"95,635kms",Petrol,Automatic,₹4.83 Lakh,mumbai
Honda,Honda CityZX MT,2021,"43,075kms",Petrol,Manual,₹9.49 Lakh,mumbai
Hyundai,Hyundai VenueSX Turbo iMT,2021,"47,638kms",Petrol,Manual,₹7.98 Lakh,mumbai
Maruti,Maruti Wagon RLXI CNG,2013,"44,814kms",CNG,Manual,₹2.03 Lakh,mumbai
Maruti,Maruti ErtigaVXI AT,2021,"1,37,334kms",Petrol,Automatic,₹7.97 Lakh,mumbai
Maruti,Maruti Wagon RLXI CNG,2018,"97,067kms",CNG,Manual,₹3.04 Lakh,mumbai
Maruti,Maruti Alto 800LXI Opt CNG,2021,"68,605kms",CNG,Manual,₹3.44 Lakh,mumbai
Maruti,Maruti ErtigaVXI,2013,"59,264kms",Petrol,Manual,₹4.94 Lakh,mumbai
Renault,Renault KWID1.0 RXT AMT Opt,2020,"27,046kms",Petrol,Automatic,₹3.37 Lakh,mumbai
Maruti,Maruti Ignis1.2 AMT Alpha BSIV,2021,"1,20,392kms",Petrol,Automatic,₹4.98 Lakh,mumbai
Maruti,Maruti Wagon RLXI CNG,2014,"40,150kms",CNG,Manual,₹2.27 Lakh,mumbai
BMW,BMW 3 Series320d Prestige,2015,"51,380kms",Diesel,Automatic,₹8.75 Lakh,mumbai
Maruti,Maruti ErtigaVXI CNG,2016,"59,452kms",CNG,Manual,₹6.18 Lakh,mumbai
Maruti,Maruti CelerioZXI Plus AMT BSVI,2022,"41,490kms",Petrol,Automatic,₹4.18 Lakh,mumbai
Maruti,Maruti DzireZXI Plus,2019,"74,613kms",Petrol,Manual,₹5.29 Lakh,mumbai
Tata,Tata Tigor1.2 Revotron XZA,2019,"85,687kms",Petrol,Automatic,₹3.66 Lakh,mumbai
Tata,Tata Tiago1.2 Revotron XZ Plus,2022,"27,724kms",Petrol,Manual,₹6.16 Lakh,mumbai
Renault,Renault TriberRXZ,2020,"42,015kms",Petrol,Manual,₹5 Lakh,mumbai
Ford,Ford Ecosport1.5 Diesel Titanium BSIV,2018,"85,315kms",Diesel,Manual,₹4.80 Lakh,mumbai
Mahindra,Mahindra KUV 100mFALCON G80 K6 5str,2016,"64,900kms",Petrol,Manual,₹2.18 Lakh,mumbai
Maruti,Maruti ErtigaVXI AT,2016,"95,635kms",Petrol,Automatic,₹4.83 Lakh,mumbai
Honda,Honda CityZX MT,2021,"43,075kms",Petrol,Manual,₹9.49 Lakh,mumbai
Tata,Tata Tigor1.2 Revotron XZ,2022,"28,774kms",Petrol,Manual,₹6.42 Lakh,mumbai
Maruti,Maruti Wagon RLXI CNG,2013,"44,814kms",CNG,Manual,₹2.03 Lakh,mumbai
Maruti,Maruti ErtigaVXI AT,2021,"1,37,334kms",Petrol,Automatic,₹7.97 Lakh,mumbai
Maruti,Maruti Wagon RLXI CNG,2018,"97,067kms",CNG,Manual,₹3.04 Lakh,mumbai
Renault,Renault KWID1.0 RXT AMT Opt,2020,"27,046kms",Petrol,Automatic,₹3.37 Lakh,mumbai
Maruti,Maruti Ignis1.2 AMT Alpha BSIV,2021,"1,20,392kms",Petrol,Automatic,₹4.98 Lakh,mumbai
Maruti,Maruti ErtigaVXI,2013,"59,264kms",Petrol,Manual,₹4.94 Lakh,mumbai
Maruti,Maruti Alto 800LXI Opt CNG,2021,"68,605kms",CNG,Manual,₹3.44 Lakh,mumbai
Maruti,Maruti Wagon RLXI CNG,2014,"40,150kms",CNG,Manual,₹2.27 Lakh,mumbai
BMW,BMW 3 Series320d Prestige,2015,"51,380kms",Diesel,Automatic,₹8.75 Lakh,mumbai
Maruti,Maruti ErtigaVXI CNG,2016,"59,452kms",CNG,Manual,₹6.18 Lakh,mumbai
Maruti,Maruti DzireZXI Plus,2019,"74,613kms",Petrol,Manual,₹5.29 Lakh,mumbai
Maruti,Maruti CelerioZXI Plus AMT BSVI,2022,"41,490kms",Petrol,Automatic,₹4.18 Lakh,mumbai
Tata,Tata Tigor1.2 Revotron XZA,2019,"85,687kms",Petrol,Automatic,₹3.66 Lakh,mumbai
Tata,Tata Tiago1.2 Revotron XZ Plus,2022,"27,724kms",Petrol,Manual,₹6.16 Lakh,mumbai
Renault,Renault TriberRXZ,2020,"42,015kms",Petrol,Manual,₹5 Lakh,mumbai
Ford,Ford Ecosport1.5 Diesel Titanium BSIV,2018,"85,315kms",Diesel,Manual,₹4.80 Lakh,mumbai
Mahindra,Mahindra KUV 100mFALCON G80 K6 5str,2016,"64,900kms",Petrol,Manual,₹2.18 Lakh,mumbai
Maruti,Maruti ErtigaVXI AT,2016,"95,635kms",Petrol,Automatic,₹4.83 Lakh,mumbai
Honda,Honda CityZX MT,2021,"43,075kms",Petrol,Manual,₹9.49 Lakh,mumbai
Hyundai,Hyundai VenueSX Turbo iMT,2021,"47,638kms",Petrol,Manual,₹7.98 Lakh,mumbai
Maruti,Maruti Wagon RLXI CNG,2013,"44,814kms",CNG,Manual,₹2.03 Lakh,mumbai
Maruti,Maruti ErtigaVXI AT,2021,"1,37,334kms",Petrol,Automatic,₹7.97 Lakh,mumbai
Maruti,Maruti Wagon RLXI CNG,2018,"97,067kms",CNG,Manual,₹3.04 Lakh,mumbai
Renault,Renault KWID1.0 RXT AMT Opt,2020,"27,046kms",Petrol,Automatic,₹3.37 Lakh,mumbai
Maruti,Maruti Ignis1.2 AMT Alpha BSIV,2021,"1,20,392kms",Petrol,Automatic,₹4.98 Lakh,mumbai
Maruti,Maruti ErtigaVXI,2013,"59,264kms",Petrol,Manual,₹4.94 Lakh,mumbai
Maruti,Maruti Alto 800LXI Opt CNG,2021,"68,605kms",CNG,Manual,₹3.44 Lakh,mumbai
Maruti,Maruti Wagon RLXI CNG,2014,"40,150kms",CNG,Manual,₹2.27 Lakh,mumbai
BMW,BMW 3 Series320d Prestige,2015,"51,380kms",Diesel,Automatic,₹8.75 Lakh,mumbai
Maruti,Maruti ErtigaVXI CNG,2016,"59,452kms",CNG,Manual,₹6.18 Lakh,mumbai
Maruti,Maruti DzireZXI Plus,2019,"74,613kms",Petrol,Manual,₹5.29 Lakh,mumbai
Maruti,Maruti CelerioZXI Plus AMT BSVI,2022,"41,490kms",Petrol,Automatic,₹4.18 Lakh,mumbai
Tata,Tata Tigor1.2 Revotron XZA,2019,"85,687kms",Petrol,Automatic,₹3.66 Lakh,mumbai
Tata,Tata Tiago1.2 Revotron XZ Plus,2022,"27,724kms",Petrol,Manual,₹6.16 Lakh,mumbai
Renault,Renault TriberRXZ,2020,"42,015kms",Petrol,Manual,₹5 Lakh,mumbai
Ford,Ford Ecosport1.5 Diesel Titanium BSIV,2018,"85,315kms",Diesel,Manual,₹4.80 Lakh,mumbai
Mahindra,Mahindra KUV 100mFALCON G80 K6 5str,2016,"64,900kms",Petrol,Manual,₹2.18 Lakh,mumbai
Maruti,Maruti ErtigaVXI AT,2016,"95,635kms",Petrol,Automatic,₹4.83 Lakh,mumbai
Honda,Honda CityZX MT,2021,"43,075kms",Petrol,Manual,₹9.49 Lakh,mumbai
Hyundai,Hyundai VenueSX Turbo iMT,2021,"47,638kms",Petrol,Manual,₹7.98 Lakh,mumbai
Maruti,Maruti Wagon RLXI CNG,2013,"44,814kms",CNG,Manual,₹2.03 Lakh,mumbai
Maruti,Maruti ErtigaVXI AT,2021,"1,37,334kms",Petrol,Automatic,₹7.97 Lakh,mumbai
Maruti,Maruti Wagon RLXI CNG,2018,"97,067kms",CNG,Manual,₹3.04 Lakh,mumbai
Renault,Renault KWID1.0 RXT AMT Opt,2020,"27,046kms",Petrol,Automatic,₹3.37 Lakh,mumbai
Maruti,Maruti Ignis1.2 AMT Alpha BSIV,2021,"1,20,392kms",Petrol,Automatic,₹4.98 Lakh,mumbai
Maruti,Maruti ErtigaVXI,2013,"59,264kms",Petrol,Manual,₹4.94 Lakh,mumbai
Maruti,Maruti Alto 800LXI Opt CNG,2021,"68,605kms",CNG,Manual,₹3.44 Lakh,mumbai
Maruti,Maruti Wagon RLXI CNG,2014,"40,150kms",CNG,Manual,₹2.27 Lakh,mumbai
BMW,BMW 3 Series320d Prestige,2015,"51,380kms",Diesel,Automatic,₹8.75 Lakh,mumbai
Maruti,Maruti ErtigaVXI CNG,2016,"59,452kms",CNG,Manual,₹6.18 Lakh,mumbai
Maruti,Maruti DzireZXI Plus,2019,"74,613kms",Petrol,Manual,₹5.29 Lakh,mumbai
Maruti,Maruti CelerioZXI Plus AMT BSVI,2022,"41,490kms",Petrol,Automatic,₹4.18 Lakh,mumbai
Tata,Tata Tigor1.2 Revotron XZA,2019,"85,687kms",Petrol,Automatic,₹3.66 Lakh,mumbai
Tata,Tata Tiago1.2 Revotron XZ Plus,2022,"27,724kms",Petrol,Manual,₹6.16 Lakh,mumbai
Renault,Renault TriberRXZ,2020,"42,015kms",Petrol,Manual,₹5 Lakh,mumbai
Ford,Ford Ecosport1.5 Diesel Titanium BSIV,2018,"85,315kms",Diesel,Manual,₹4.80 Lakh,mumbai
Mahindra,Mahindra KUV 100mFALCON G80 K6 5str,2016,"64,900kms",Petrol,Manual,₹2.18 Lakh,mumbai
Maruti,Maruti ErtigaVXI AT,2016,"95,635kms",Petrol,Automatic,₹4.83 Lakh,mumbai
Honda,Honda CityZX MT,2021,"43,075kms",Petrol,Manual,₹9.49 Lakh,mumbai
Hyundai,Hyundai VenueSX Turbo iMT,2021,"47,638kms",Petrol,Manual,₹7.98 Lakh,mumbai
Maruti,Maruti Wagon RLXI CNG,2013,"44,814kms",CNG,Manual,₹2.03 Lakh,mumbai
Maruti,Maruti ErtigaVXI AT,2021,"1,37,334kms",Petrol,Automatic,₹7.97 Lakh,mumbai
Maruti,Maruti Wagon RLXI CNG,2018,"97,067kms",CNG,Manual,₹3.04 Lakh,mumbai
Maruti,Maruti Ignis1.2 AMT Alpha BSIV,2021,"1,20,392kms",Petrol,Automatic,₹4.98 Lakh,mumbai
Maruti,Maruti Alto 800LXI Opt CNG,2021,"68,605kms",CNG,Manual,₹3.44 Lakh,mumbai
Maruti,Maruti ErtigaVXI,2013,"59,264kms",Petrol,Manual,₹4.94 Lakh,mumbai
Renault,Renault KWID1.0 RXT AMT Opt,2020,"27,046kms",Petrol,Automatic,₹3.37 Lakh,mumbai
Maruti,Maruti Wagon RLXI CNG,2014,"40,150kms",CNG,Manual,₹2.27 Lakh,mumbai
BMW,BMW 3 Series320d Prestige,2015,"51,380kms",Diesel,Automatic,₹8.75 Lakh,mumbai
Maruti,Maruti ErtigaVXI CNG,2016,"59,452kms",CNG,Manual,₹6.18 Lakh,mumbai
Maruti,Maruti CelerioZXI Plus AMT BSVI,2022,"41,490kms",Petrol,Automatic,₹4.18 Lakh,mumbai
Maruti,Maruti DzireZXI Plus,2019,"74,613kms",Petrol,Manual,₹5.29 Lakh,mumbai
Tata,Tata Tigor1.2 Revotron XZA,2019,"85,687kms",Petrol,Automatic,₹3.66 Lakh,mumbai
Tata,Tata Tiago1.2 Revotron XZ Plus,2022,"27,724kms",Petrol,Manual,₹6.16 Lakh,mumbai
Renault,Renault TriberRXZ,2020,"42,015kms",Petrol,Manual,₹5 Lakh,mumbai
Ford,Ford Ecosport1.5 Diesel Titanium BSIV,2018,"85,315kms",Diesel,Manual,₹4.80 Lakh,mumbai
Mahindra,Mahindra KUV 100mFALCON G80 K6 5str,2016,"64,900kms",Petrol,Manual,₹2.18 Lakh,mumbai
Maruti,Maruti ErtigaVXI AT,2016,"95,635kms",Petrol,Automatic,₹4.83 Lakh,mumbai
Honda,Honda CityZX MT,2021,"43,075kms",Petrol,Manual,₹9.49 Lakh,mumbai
Tata,Tata Tigor1.2 Revotron XZ,2022,"28,774kms",Petrol,Manual,₹6.42 Lakh,mumbai
Maruti,Maruti Wagon RLXI CNG,2013,"44,814kms",CNG,Manual,₹2.03 Lakh,mumbai
Maruti,Maruti ErtigaVXI AT,2021,"1,37,334kms",Petrol,Automatic,₹7.97 Lakh,mumbai
Maruti,Maruti Wagon RLXI CNG,2018,"97,067kms",CNG,Manual,₹3.04 Lakh,mumbai
Maruti,Maruti Alto 800LXI Opt CNG,2021,"68,605kms",CNG,Manual,₹3.44 Lakh,mumbai
Maruti,Maruti ErtigaVXI,2013,"59,264kms",Petrol,Manual,₹4.94 Lakh,mumbai
Renault,Renault KWID1.0 RXT AMT Opt,2020,"27,046kms",Petrol,Automatic,₹3.37 Lakh,mumbai
Maruti,Maruti Ignis1.2 AMT Alpha BSIV,2021,"1,20,392kms",Petrol,Automatic,₹4.98 Lakh,mumbai
Maruti,Maruti Wagon RLXI CNG,2014,"40,150kms",CNG,Manual,₹2.27 Lakh,mumbai
BMW,BMW 3 Series320d Prestige,2015,"51,380kms",Diesel,Automatic,₹8.75 Lakh,mumbai
Maruti,Maruti ErtigaVXI CNG,2016,"59,452kms",CNG,Manual,₹6.18 Lakh,mumbai
Maruti,Maruti CelerioZXI Plus AMT BSVI,2022,"41,490kms",Petrol,Automatic,₹4.18 Lakh,mumbai
Maruti,Maruti DzireZXI Plus,2019,"74,613kms",Petrol,Manual,₹5.29 Lakh,mumbai
Tata,Tata Tigor1.2 Revotron XZA,2019,"85,687kms",Petrol,Automatic,₹3.66 Lakh,mumbai
Tata,Tata Tiago1.2 Revotron XZ Plus,2022,"27,724kms",Petrol,Manual,₹6.16 Lakh,mumbai
Renault,Renault TriberRXZ,2020,"42,015kms",Petrol,Manual,₹5 Lakh,mumbai
Ford,Ford Ecosport1.5 Diesel Titanium BSIV,2018,"85,315kms",Diesel,Manual,₹4.80 Lakh,mumbai
Mahindra,Mahindra KUV 100mFALCON G80 K6 5str,2016,"64,900kms",Petrol,Manual,₹2.18 Lakh,mumbai
Maruti,Maruti ErtigaVXI AT,2016,"95,635kms",Petrol,Automatic,₹4.83 Lakh,mumbai
Honda,Honda CityZX MT,2021,"43,075kms",Petrol,Manual,₹9.49 Lakh,mumbai
Tata,Tata Tigor1.2 Revotron XZ,2022,"28,774kms",Petrol,Manual,₹6.42 Lakh,mumbai
Maruti,Maruti Wagon RLXI CNG,2013,"44,814kms",CNG,Manual,₹2.03 Lakh,mumbai
Maruti,Maruti ErtigaVXI AT,2021,"1,37,334kms",Petrol,Automatic,₹7.97 Lakh,mumbai
Maruti,Maruti Wagon RLXI CNG,2018,"97,067kms",CNG,Manual,₹3.04 Lakh,mumbai
Renault,Renault KWID1.0 RXT AMT Opt,2020,"27,046kms",Petrol,Automatic,₹3.37 Lakh,mumbai
Maruti,Maruti Ignis1.2 AMT Alpha BSIV,2021,"1,20,392kms",Petrol,Automatic,₹4.98 Lakh,mumbai
Maruti,Maruti ErtigaVXI,2013,"59,264kms",Petrol,Manual,₹4.94 Lakh,mumbai
Maruti,Maruti Alto 800LXI Opt CNG,2021,"68,605kms",CNG,Manual,₹3.44 Lakh,mumbai
Maruti,Maruti Wagon RLXI CNG,2014,"40,150kms",CNG,Manual,₹2.27 Lakh,mumbai
BMW,BMW 3 Series320d Prestige,2015,"51,380kms",Diesel,Automatic,₹8.75 Lakh,mumbai
Maruti,Maruti ErtigaVXI CNG,2016,"59,452kms",CNG,Manual,₹6.18 Lakh,mumbai
Maruti,Maruti DzireZXI Plus,2019,"74,613kms",Petrol,Manual,₹5.29 Lakh,mumbai
Maruti,Maruti CelerioZXI Plus AMT BSVI,2022,"41,490kms",Petrol,Automatic,₹4.18 Lakh,mumbai
Tata,Tata Tigor1.2 Revotron XZA,2019,"85,687kms",Petrol,Automatic,₹3.66 Lakh,mumbai
Tata,Tata Tiago1.2 Revotron XZ Plus,2022,"27,724kms",Petrol,Manual,₹6.16 Lakh,mumbai
Renault,Renault TriberRXZ,2020,"42,015kms",Petrol,Manual,₹5 Lakh,mumbai
Ford,Ford Ecosport1.5 Diesel Titanium BSIV,2018,"85,315kms",Diesel,Manual,₹4.80 Lakh,mumbai
Mahindra,Mahindra KUV 100mFALCON G80 K6 5str,2016,"64,900kms",Petrol,Manual,₹2.18 Lakh,mumbai
Maruti,Maruti ErtigaVXI AT,2016,"95,635kms",Petrol,Automatic,₹4.83 Lakh,mumbai
Honda,Honda CityZX MT,2021,"43,075kms",Petrol,Manual,₹9.49 Lakh,mumbai
Hyundai,Hyundai VenueSX Turbo iMT,2021,"47,638kms",Petrol,Manual,₹7.98 Lakh,mumbai
Maruti,Maruti Wagon RLXI CNG,2013,"44,814kms",CNG,Manual,₹2.03 Lakh,mumbai
Maruti,Maruti ErtigaVXI AT,2021,"1,37,334kms",Petrol,Automatic,₹7.97 Lakh,mumbai
Maruti,Maruti Wagon RLXI CNG,2018,"97,067kms",CNG,Manual,₹3.04 Lakh,mumbai
Maruti,Maruti Alto 800LXI Opt CNG,2021,"68,605kms",CNG,Manual,₹3.44 Lakh,mumbai
Maruti,Maruti ErtigaVXI,2013,"59,264kms",Petrol,Manual,₹4.94 Lakh,mumbai
Renault,Renault KWID1.0 RXT AMT Opt,2020,"27,046kms",Petrol,Automatic,₹3.37 Lakh,mumbai
Maruti,Maruti Ignis1.2 AMT Alpha BSIV,2021,"1,20,392kms",Petrol,Automatic,₹4.98 Lakh,mumbai
Maruti,Maruti Wagon RLXI CNG,2014,"40,150kms",CNG,Manual,₹2.27 Lakh,mumbai
BMW,BMW 3 Series320d Prestige,2015,"51,380kms",Diesel,Automatic,₹8.75 Lakh,mumbai
Maruti,Maruti ErtigaVXI CNG,2016,"59,452kms",CNG,Manual,₹6.18 Lakh,mumbai
Maruti,Maruti CelerioZXI Plus AMT BSVI,2022,"41,490kms",Petrol,Automatic,₹4.18 Lakh,mumbai
Maruti,Maruti DzireZXI Plus,2019,"74,613kms",Petrol,Manual,₹5.29 Lakh,mumbai
Tata,Tata Tigor1.2 Revotron XZA,2019,"85,687kms",Petrol,Automatic,₹3.66 Lakh,mumbai
Tata,Tata Tiago1.2 Revotron XZ Plus,2022,"27,724kms",Petrol,Manual,₹6.16 Lakh,mumbai
Renault,Renault TriberRXZ,2020,"42,015kms",Petrol,Manual,₹5 Lakh,mumbai
Ford,Ford Ecosport1.5 Diesel Titanium BSIV,2018,"85,315kms",Diesel,Manual,₹4.80 Lakh,mumbai
Mahindra,Mahindra KUV 100mFALCON G80 K6 5str,2016,"64,900kms",Petrol,Manual,₹2.18 Lakh,mumbai
Maruti,Maruti ErtigaVXI AT,2016,"95,635kms",Petrol,Automatic,₹4.83 Lakh,mumbai
Honda,Honda CityZX MT,2021,"43,075kms",Petrol,Manual,₹9.49 Lakh,mumbai
Tata,Tata Tigor1.2 Revotron XZ,2022,"28,774kms",Petrol,Manual,₹6.42 Lakh,mumbai
Maruti,Maruti Wagon RLXI CNG,2013,"44,814kms",CNG,Manual,₹2.03 Lakh,mumbai
Maruti,Maruti ErtigaVXI AT,2021,"1,37,334kms",Petrol,Automatic,₹7.97 Lakh,mumbai
Maruti,Maruti Wagon RLXI CNG,2018,"97,067kms",CNG,Manual,₹3.04 Lakh,mumbai
Maruti,Maruti Alto 800LXI Opt CNG,2021,"68,605kms",CNG,Manual,₹3.44 Lakh,mumbai
Maruti,Maruti ErtigaVXI,2013,"59,264kms",Petrol,Manual,₹4.94 Lakh,mumbai
Renault,Renault KWID1.0 RXT AMT Opt,2020,"27,046kms",Petrol,Automatic,₹3.37 Lakh,mumbai
Maruti,Maruti Ignis1.2 AMT Alpha BSIV,2021,"1,20,392kms",Petrol,Automatic,₹4.98 Lakh,mumbai
Maruti,Maruti Wagon RLXI CNG,2014,"40,150kms",CNG,Manual,₹2.27 Lakh,mumbai
BMW,BMW 3 Series320d Prestige,2015,"51,380kms",Diesel,Automatic,₹8.75 Lakh,mumbai
Maruti,Maruti ErtigaVXI CNG,2016,"59,452kms",CNG,Manual,₹6.18 Lakh,mumbai
Maruti,Maruti CelerioZXI Plus AMT BSVI,2022,"41,490kms",Petrol,Automatic,₹4.18 Lakh,mumbai
Maruti,Maruti DzireZXI Plus,2019,"74,613kms",Petrol,Manual,₹5.29 Lakh,mumbai
Tata,Tata Tigor1.2 Revotron XZA,2019,"85,687kms",Petrol,Automatic,₹3.66 Lakh,mumbai
Tata,Tata Tiago1.2 Revotron XZ Plus,2022,"27,724kms",Petrol,Manual,₹6.16 Lakh,mumbai
Renault,Renault TriberRXZ,2020,"42,015kms",Petrol,Manual,₹5 Lakh,mumbai
Ford,Ford Ecosport1.5 Diesel Titanium BSIV,2018,"85,315kms",Diesel,Manual,₹4.80 Lakh,mumbai
Mahindra,Mahindra KUV 100mFALCON G80 K6 5str,2016,"64,900kms",Petrol,Manual,₹2.18 Lakh,mumbai
Maruti,Maruti ErtigaVXI AT,2016,"95,635kms",Petrol,Automatic,₹4.83 Lakh,mumbai
Honda,Honda CityZX MT,2021,"43,075kms",Petrol,Manual,₹9.49 Lakh,mumbai
Tata,Tata Tigor1.2 Revotron XZ,2022,"28,774kms",Petrol,Manual,₹6.42 Lakh,mumbai
Maruti,Maruti Wagon RLXI CNG,2013,"44,814kms",CNG,Manual,₹2.03 Lakh,mumbai
Maruti,Maruti ErtigaVXI AT,2021,"1,37,334kms",Petrol,Automatic,₹7.97 Lakh,mumbai
Maruti,Maruti Wagon RLXI CNG,2018,"97,067kms",CNG,Manual,₹3.04 Lakh,mumbai
Maruti,Maruti Ignis1.2 AMT Alpha BSIV,2021,"1,20,392kms",Petrol,Automatic,₹4.98 Lakh,mumbai
Maruti,Maruti Alto 800LXI Opt CNG,2021,"68,605kms",CNG,Manual,₹3.44 Lakh,mumbai
Maruti,Maruti ErtigaVXI,2013,"59,264kms",Petrol,Manual,₹4.94 Lakh,mumbai
Renault,Renault KWID1.0 RXT AMT Opt,2020,"27,046kms",Petrol,Automatic,₹3.37 Lakh,mumbai
Maruti,Maruti Wagon RLXI CNG,2014,"40,150kms",CNG,Manual,₹2.27 Lakh,mumbai
BMW,BMW 3 Series320d Prestige,2015,"51,380kms",Diesel,Automatic,₹8.75 Lakh,mumbai
Maruti,Maruti ErtigaVXI CNG,2016,"59,452kms",CNG,Manual,₹6.18 Lakh,mumbai
Maruti,Maruti CelerioZXI Plus AMT BSVI,2022,"41,490kms",Petrol,Automatic,₹4.18 Lakh,mumbai
Maruti,Maruti DzireZXI Plus,2019,"74,613kms",Petrol,Manual,₹5.29 Lakh,mumbai
Tata,Tata Tigor1.2 Revotron XZA,2019,"85,687kms",Petrol,Automatic,₹3.66 Lakh,mumbai
Tata,Tata Tiago1.2 Revotron XZ Plus,2022,"27,724kms",Petrol,Manual,₹6.16 Lakh,mumbai
Renault,Renault TriberRXZ,2020,"42,015kms",Petrol,Manual,₹5 Lakh,mumbai
Ford,Ford Ecosport1.5 Diesel Titanium BSIV,2018,"85,315kms",Diesel,Manual,₹4.80 Lakh,mumbai
Mahindra,Mahindra KUV 100mFALCON G80 K6 5str,2016,"64,900kms",Petrol,Manual,₹2.18 Lakh,mumbai
Maruti,Maruti ErtigaVXI AT,2016,"95,635kms",Petrol,Automatic,₹4.83 Lakh,mumbai
Honda,Honda CityZX MT,2021,"43,075kms",Petrol,Manual,₹9.49 Lakh,mumbai
Tata,Tata Tigor1.2 Revotron XZ,2022,"28,774kms",Petrol,Manual,₹6.42 Lakh,mumbai
Maruti,Maruti Wagon RLXI CNG,2013,"44,814kms",CNG,Manual,₹2.03 Lakh,mumbai
Maruti,Maruti ErtigaVXI AT,2021,"1,37,334kms",Petrol,Automatic,₹7.97 Lakh,mumbai
Maruti,Maruti Wagon RLXI CNG,2018,"97,067kms",CNG,Manual,₹3.04 Lakh,mumbai
Maruti,Maruti Ignis1.2 AMT Alpha BSIV,2021,"1,20,392kms",Petrol,Automatic,₹4.98 Lakh,mumbai
Maruti,Maruti Alto 800LXI Opt CNG,2021,"68,605kms",CNG,Manual,₹3.44 Lakh,mumbai
Maruti,Maruti ErtigaVXI,2013,"59,264kms",Petrol,Manual,₹4.94 Lakh,mumbai
Renault,Renault KWID1.0 RXT AMT Opt,2020,"27,046kms",Petrol,Automatic,₹3.37 Lakh,mumbai
Maruti,Maruti Wagon RLXI CNG,2014,"40,150kms",CNG,Manual,₹2.27 Lakh,mumbai
BMW,BMW 3 Series320d Prestige,2015,"51,380kms",Diesel,Automatic,₹8.75 Lakh,mumbai
Maruti,Maruti ErtigaVXI CNG,2016,"59,452kms",CNG,Manual,₹6.18 Lakh,mumbai
Maruti,Maruti CelerioZXI Plus AMT BSVI,2022,"41,490kms",Petrol,Automatic,₹4.18 Lakh,mumbai
Maruti,Maruti DzireZXI Plus,2019,"74,613kms",Petrol,Manual,₹5.29 Lakh,mumbai
Tata,Tata Tigor1.2 Revotron XZA,2019,"85,687kms",Petrol,Automatic,₹3.66 Lakh,mumbai
Tata,Tata Tiago1.2 Revotron XZ Plus,2022,"27,724kms",Petrol,Manual,₹6.16 Lakh,mumbai
Renault,Renault TriberRXZ,2020,"42,015kms",Petrol,Manual,₹5 Lakh,mumbai
Ford,Ford Ecosport1.5 Diesel Titanium BSIV,2018,"85,315kms",Diesel,Manual,₹4.80 Lakh,mumbai
Mahindra,Mahindra KUV 100mFALCON G80 K6 5str,2016,"64,900kms",Petrol,Manual,₹2.18 Lakh,mumbai
Maruti,Maruti ErtigaVXI AT,2016,"95,635kms",Petrol,Automatic,₹4.83 Lakh,mumbai
Honda,Honda CityZX MT,2021,"43,075kms",Petrol,Manual,₹9.49 Lakh,mumbai
Tata,Tata Tigor1.2 Revotron XZ,2022,"28,774kms",Petrol,Manual,₹6.42 Lakh,mumbai
Maruti,Maruti Wagon RLXI CNG,2013,"44,814kms",CNG,Manual,₹2.03 Lakh,mumbai
Maruti,Maruti ErtigaVXI AT,2021,"1,37,334kms",Petrol,Automatic,₹7.97 Lakh,mumbai
Maruti,Maruti Wagon RLXI CNG,2018,"97,067kms",CNG,Manual,₹3.04 Lakh,mumbai
Maruti,Maruti Alto 800LXI Opt CNG,2021,"68,605kms",CNG,Manual,₹3.44 Lakh,mumbai
Maruti,Maruti ErtigaVXI,2013,"59,264kms",Petrol,Manual,₹4.94 Lakh,mumbai
Renault,Renault KWID1.0 RXT AMT Opt,2020,"27,046kms",Petrol,Automatic,₹3.37 Lakh,mumbai
Maruti,Maruti Ignis1.2 AMT Alpha BSIV,2021,"1,20,392kms",Petrol,Automatic,₹4.98 Lakh,mumbai
Maruti,Maruti Wagon RLXI CNG,2014,"40,150kms",CNG,Manual,₹2.27 Lakh,mumbai
BMW,BMW 3 Series320d Prestige,2015,"51,380kms",Diesel,Automatic,₹8.75 Lakh,mumbai
Maruti,Maruti ErtigaVXI CNG,2016,"59,452kms",CNG,Manual,₹6.18 Lakh,mumbai
Maruti,Maruti CelerioZXI Plus AMT BSVI,2022,"41,490kms",Petrol,Automatic,₹4.18 Lakh,mumbai
Maruti,Maruti DzireZXI Plus,2019,"74,613kms",Petrol,Manual,₹5.29 Lakh,mumbai
Tata,Tata Tigor1.2 Revotron XZA,2019,"85,687kms",Petrol,Automatic,₹3.66 Lakh,mumbai
Tata,Tata Tiago1.2 Revotron XZ Plus,2022,"27,724kms",Petrol,Manual,₹6.16 Lakh,mumbai
Renault,Renault TriberRXZ,2020,"42,015kms",Petrol,Manual,₹5 Lakh,mumbai
Ford,Ford Ecosport1.5 Diesel Titanium BSIV,2018,"85,315kms",Diesel,Manual,₹4.80 Lakh,mumbai
Mahindra,Mahindra KUV 100mFALCON G80 K6 5str,2016,"64,900kms",Petrol,Manual,₹2.18 Lakh,mumbai
Maruti,Maruti ErtigaVXI AT,2016,"95,635kms",Petrol,Automatic,₹4.83 Lakh,mumbai
Honda,Honda CityZX MT,2021,"43,075kms",Petrol,Manual,₹9.49 Lakh,mumbai
Tata,Tata Tigor1.2 Revotron XZ,2022,"28,774kms",Petrol,Manual,₹6.42 Lakh,mumbai
Maruti,Maruti Wagon RLXI CNG,2013,"44,814kms",CNG,Manual,₹2.03 Lakh,mumbai
Maruti,Maruti ErtigaVXI AT,2021,"1,37,334kms",Petrol,Automatic,₹7.97 Lakh,mumbai
Maruti,Maruti Wagon RLXI CNG,2018,"97,067kms",CNG,Manual,₹3.04 Lakh,mumbai
Maruti,Maruti Alto 800LXI Opt CNG,2021,"68,605kms",CNG,Manual,₹3.44 Lakh,mumbai
Maruti,Maruti ErtigaVXI,2013,"59,264kms",Petrol,Manual,₹4.94 Lakh,mumbai
Renault,Renault KWID1.0 RXT AMT Opt,2020,"27,046kms",Petrol,Automatic,₹3.37 Lakh,mumbai
Maruti,Maruti Ignis1.2 AMT Alpha BSIV,2021,"1,20,392kms",Petrol,Automatic,₹4.98 Lakh,mumbai
Maruti,Maruti Wagon RLXI CNG,2014,"40,150kms",CNG,Manual,₹2.27 Lakh,mumbai
BMW,BMW 3 Series320d Prestige,2015,"51,380kms",Diesel,Automatic,₹8.75 Lakh,mumbai
Maruti,Maruti ErtigaVXI CNG,2016,"59,452kms",CNG,Manual,₹6.18 Lakh,mumbai
Maruti,Maruti CelerioZXI Plus AMT BSVI,2022,"41,490kms",Petrol,Automatic,₹4.18 Lakh,mumbai
Maruti,Maruti DzireZXI Plus,2019,"74,613kms",Petrol,Manual,₹5.29 Lakh,mumbai
Tata,Tata Tigor1.2 Revotron XZA,2019,"85,687kms",Petrol,Automatic,₹3.66 Lakh,mumbai
Tata,Tata Tiago1.2 Revotron XZ Plus,2022,"27,724kms",Petrol,Manual,₹6.16 Lakh,mumbai
Renault,Renault TriberRXZ,2020,"42,015kms",Petrol,Manual,₹5 Lakh,mumbai
Ford,Ford Ecosport1.5 Diesel Titanium BSIV,2018,"85,315kms",Diesel,Manual,₹4.80 Lakh,mumbai
Mahindra,Mahindra KUV 100mFALCON G80 K6 5str,2016,"64,900kms",Petrol,Manual,₹2.18 Lakh,mumbai
Maruti,Maruti ErtigaVXI AT,2016,"95,635kms",Petrol,Automatic,₹4.83 Lakh,mumbai
Honda,Honda CityZX MT,2021,"43,075kms",Petrol,Manual,₹9.49 Lakh,mumbai
Tata,Tata Tigor1.2 Revotron XZ,2022,"28,774kms",Petrol,Manual,₹6.42 Lakh,mumbai
Maruti,Maruti Wagon RLXI CNG,2013,"44,814kms",CNG,Manual,₹2.03 Lakh,mumbai
Maruti,Maruti ErtigaVXI AT,2021,"1,37,334kms",Petrol,Automatic,₹7.97 Lakh,mumbai
Maruti,Maruti Wagon RLXI CNG,2018,"97,067kms",CNG,Manual,₹3.04 Lakh,mumbai
Renault,Renault KWID1.0 RXT AMT Opt,2020,"27,046kms",Petrol,Automatic,₹3.37 Lakh,mumbai
Maruti,Maruti Ignis1.2 AMT Alpha BSIV,2021,"1,20,392kms",Petrol,Automatic,₹4.98 Lakh,mumbai
Maruti,Maruti ErtigaVXI,2013,"59,264kms",Petrol,Manual,₹4.94 Lakh,mumbai
Maruti,Maruti Alto 800LXI Opt CNG,2021,"68,605kms",CNG,Manual,₹3.44 Lakh,mumbai
Maruti,Maruti Wagon RLXI CNG,2014,"40,150kms",CNG,Manual,₹2.27 Lakh,mumbai
BMW,BMW 3 Series320d Prestige,2015,"51,380kms",Diesel,Automatic,₹8.75 Lakh,mumbai
Maruti,Maruti ErtigaVXI CNG,2016,"59,452kms",CNG,Manual,₹6.18 Lakh,mumbai
Maruti,Maruti DzireZXI Plus,2019,"74,613kms",Petrol,Manual,₹5.29 Lakh,mumbai
Maruti,Maruti CelerioZXI Plus AMT BSVI,2022,"41,490kms",Petrol,Automatic,₹4.18 Lakh,mumbai
Tata,Tata Tigor1.2 Revotron XZA,2019,"85,687kms",Petrol,Automatic,₹3.66 Lakh,mumbai
Tata,Tata Tiago1.2 Revotron XZ Plus,2022,"27,724kms",Petrol,Manual,₹6.16 Lakh,mumbai
Renault,Renault TriberRXZ,2020,"42,015kms",Petrol,Manual,₹5 Lakh,mumbai
Ford,Ford Ecosport1.5 Diesel Titanium BSIV,2018,"85,315kms",Diesel,Manual,₹4.80 Lakh,mumbai
Mahindra,Mahindra KUV 100mFALCON G80 K6 5str,2016,"64,900kms",Petrol,Manual,₹2.18 Lakh,mumbai
Maruti,Maruti ErtigaVXI AT,2016,"95,635kms",Petrol,Automatic,₹4.83 Lakh,mumbai
Honda,Honda CityZX MT,2021,"43,075kms",Petrol,Manual,₹9.49 Lakh,mumbai
Hyundai,Hyundai VenueSX Turbo iMT,2021,"47,638kms",Petrol,Manual,₹7.98 Lakh,mumbai
Maruti,Maruti Wagon RLXI CNG,2013,"44,814kms",CNG,Manual,₹2.03 Lakh,mumbai
Maruti,Maruti ErtigaVXI AT,2021,"1,37,334kms",Petrol,Automatic,₹7.97 Lakh,mumbai
Maruti,Maruti Wagon RLXI CNG,2018,"97,067kms",CNG,Manual,₹3.04 Lakh,mumbai
Maruti,Maruti Alto 800LXI Opt CNG,2021,"68,605kms",CNG,Manual,₹3.44 Lakh,mumbai
Maruti,Maruti ErtigaVXI,2013,"59,264kms",Petrol,Manual,₹4.94 Lakh,mumbai
Renault,Renault KWID1.0 RXT AMT Opt,2020,"27,046kms",Petrol,Automatic,₹3.37 Lakh,mumbai
Maruti,Maruti Ignis1.2 AMT Alpha BSIV,2021,"1,20,392kms",Petrol,Automatic,₹4.98 Lakh,mumbai
Maruti,Maruti Wagon RLXI CNG,2014,"40,150kms",CNG,Manual,₹2.27 Lakh,mumbai
BMW,BMW 3 Series320d Prestige,2015,"51,380kms",Diesel,Automatic,₹8.75 Lakh,mumbai
Maruti,Maruti ErtigaVXI CNG,2016,"59,452kms",CNG,Manual,₹6.18 Lakh,mumbai
Maruti,Maruti CelerioZXI Plus AMT BSVI,2022,"41,490kms",Petrol,Automatic,₹4.18 Lakh,mumbai
Maruti,Maruti DzireZXI Plus,2019,"74,613kms",Petrol,Manual,₹5.29 Lakh,mumbai
Tata,Tata Tigor1.2 Revotron XZA,2019,"85,687kms",Petrol,Automatic,₹3.66 Lakh,mumbai
Tata,Tata Tiago1.2 Revotron XZ Plus,2022,"27,724kms",Petrol,Manual,₹6.16 Lakh,mumbai
Renault,Renault TriberRXZ,2020,"42,015kms",Petrol,Manual,₹5 Lakh,mumbai
Ford,Ford Ecosport1.5 Diesel Titanium BSIV,2018,"85,315kms",Diesel,Manual,₹4.80 Lakh,mumbai
Mahindra,Mahindra KUV 100mFALCON G80 K6 5str,2016,"64,900kms",Petrol,Manual,₹2.18 Lakh,mumbai
Maruti,Maruti ErtigaVXI AT,2016,"95,635kms",Petrol,Automatic,₹4.83 Lakh,mumbai
Honda,Honda CityZX MT,2021,"43,075kms",Petrol,Manual,₹9.49 Lakh,mumbai
Tata,Tata Tigor1.2 Revotron XZ,2022,"28,774kms",Petrol,Manual,₹6.42 Lakh,mumbai
Maruti,Maruti Wagon RLXI CNG,2013,"44,814kms",CNG,Manual,₹2.03 Lakh,mumbai
Maruti,Maruti ErtigaVXI AT,2021,"1,37,334kms",Petrol,Automatic,₹7.97 Lakh,mumbai
Maruti,Maruti Wagon RLXI CNG,2018,"97,067kms",CNG,Manual,₹3.04 Lakh,mumbai
Maruti,Maruti Alto 800LXI Opt CNG,2021,"68,605kms",CNG,Manual,₹3.44 Lakh,mumbai
Maruti,Maruti ErtigaVXI,2013,"59,264kms",Petrol,Manual,₹4.94 Lakh,mumbai
Renault,Renault KWID1.0 RXT AMT Opt,2020,"27,046kms",Petrol,Automatic,₹3.37 Lakh,mumbai
Maruti,Maruti Ignis1.2 AMT Alpha BSIV,2021,"1,20,392kms",Petrol,Automatic,₹4.98 Lakh,mumbai
Maruti,Maruti Wagon RLXI CNG,2014,"40,150kms",CNG,Manual,₹2.27 Lakh,mumbai
BMW,BMW 3 Series320d Prestige,2015,"51,380kms",Diesel,Automatic,₹8.75 Lakh,mumbai
Maruti,Maruti ErtigaVXI CNG,2016,"59,452kms",CNG,Manual,₹6.18 Lakh,mumbai
Maruti,Maruti CelerioZXI Plus AMT BSVI,2022,"41,490kms",Petrol,Automatic,₹4.18 Lakh,mumbai
Maruti,Maruti DzireZXI Plus,2019,"74,613kms",Petrol,Manual,₹5.29 Lakh,mumbai
Tata,Tata Tigor1.2 Revotron XZA,2019,"85,687kms",Petrol,Automatic,₹3.66 Lakh,mumbai
Tata,Tata Tiago1.2 Revotron XZ Plus,2022,"27,724kms",Petrol,Manual,₹6.16 Lakh,mumbai
Renault,Renault TriberRXZ,2020,"42,015kms",Petrol,Manual,₹5 Lakh,mumbai
Ford,Ford Ecosport1.5 Diesel Titanium BSIV,2018,"85,315kms",Diesel,Manual,₹4.80 Lakh,mumbai
Mahindra,Mahindra KUV 100mFALCON G80 K6 5str,2016,"64,900kms",Petrol,Manual,₹2.18 Lakh,mumbai
Maruti,Maruti ErtigaVXI AT,2016,"95,635kms",Petrol,Automatic,₹4.83 Lakh,mumbai
Honda,Honda CityZX MT,2021,"43,075kms",Petrol,Manual,₹9.49 Lakh,mumbai
Tata,Tata Tigor1.2 Revotron XZ,2022,"28,774kms",Petrol,Manual,₹6.42 Lakh,mumbai
Maruti,Maruti Wagon RLXI CNG,2013,"44,814kms",CNG,Manual,₹2.03 Lakh,mumbai
Maruti,Maruti ErtigaVXI AT,2021,"1,37,334kms",Petrol,Automatic,₹7.97 Lakh,mumbai
Maruti,Maruti Wagon RLXI CNG,2018,"97,067kms",CNG,Manual,₹3.04 Lakh,mumbai
Renault,Renault KWID1.0 RXT AMT Opt,2020,"27,046kms",Petrol,Automatic,₹3.37 Lakh,mumbai
Maruti,Maruti Ignis1.2 AMT Alpha BSIV,2021,"1,20,392kms",Petrol,Automatic,₹4.98 Lakh,mumbai
Maruti,Maruti ErtigaVXI,2013,"59,264kms",Petrol,Manual,₹4.94 Lakh,mumbai
Maruti,Maruti Alto 800LXI Opt CNG,2021,"68,605kms",CNG,Manual,₹3.44 Lakh,mumbai
Maruti,Maruti Wagon RLXI CNG,2014,"40,150kms",CNG,Manual,₹2.27 Lakh,mumbai
BMW,BMW 3 Series320d Prestige,2015,"51,380kms",Diesel,Automatic,₹8.75 Lakh,mumbai
Maruti,Maruti ErtigaVXI CNG,2016,"59,452kms",CNG,Manual,₹6.18 Lakh,mumbai
Maruti,Maruti DzireZXI Plus,2019,"74,613kms",Petrol,Manual,₹5.29 Lakh,mumbai
Maruti,Maruti CelerioZXI Plus AMT BSVI,2022,"41,490kms",Petrol,Automatic,₹4.18 Lakh,mumbai
Tata,Tata Tigor1.2 Revotron XZA,2019,"85,687kms",Petrol,Automatic,₹3.66 Lakh,mumbai
Tata,Tata Tiago1.2 Revotron XZ Plus,2022,"27,724kms",Petrol,Manual,₹6.16 Lakh,mumbai
Renault,Renault TriberRXZ,2020,"42,015kms",Petrol,Manual,₹5 Lakh,mumbai
Ford,Ford Ecosport1.5 Diesel Titanium BSIV,2018,"85,315kms",Diesel,Manual,₹4.80 Lakh,mumbai
Mahindra,Mahindra KUV 100mFALCON G80 K6 5str,2016,"64,900kms",Petrol,Manual,₹2.18 Lakh,mumbai
Maruti,Maruti ErtigaVXI AT,2016,"95,635kms",Petrol,Automatic,₹4.83 Lakh,mumbai
Honda,Honda CityZX MT,2021,"43,075kms",Petrol,Manual,₹9.49 Lakh,mumbai
Hyundai,Hyundai VenueSX Turbo iMT,2021,"47,638kms",Petrol,Manual,₹7.98 Lakh,mumbai
Maruti,Maruti Wagon RLXI CNG,2013,"44,814kms",CNG,Manual,₹2.03 Lakh,mumbai
Maruti,Maruti ErtigaVXI AT,2021,"1,37,334kms",Petrol,Automatic,₹7.97 Lakh,mumbai
Maruti,Maruti Wagon RLXI CNG,2018,"97,067kms",CNG,Manual,₹3.04 Lakh,mumbai
Maruti,Maruti Alto 800LXI Opt CNG,2021,"68,605kms",CNG,Manual,₹3.44 Lakh,mumbai
Maruti,Maruti ErtigaVXI,2013,"59,264kms",Petrol,Manual,₹4.94 Lakh,mumbai
Renault,Renault KWID1.0 RXT AMT Opt,2020,"27,046kms",Petrol,Automatic,₹3.37 Lakh,mumbai
Maruti,Maruti Ignis1.2 AMT Alpha BSIV,2021,"1,20,392kms",Petrol,Automatic,₹4.98 Lakh,mumbai
Maruti,Maruti Wagon RLXI CNG,2014,"40,150kms",CNG,Manual,₹2.27 Lakh,mumbai
BMW,BMW 3 Series320d Prestige,2015,"51,380kms",Diesel,Automatic,₹8.75 Lakh,mumbai
Maruti,Maruti ErtigaVXI CNG,2016,"59,452kms",CNG,Manual,₹6.18 Lakh,mumbai
Maruti,Maruti CelerioZXI Plus AMT BSVI,2022,"41,490kms",Petrol,Automatic,₹4.18 Lakh,mumbai
Maruti,Maruti DzireZXI Plus,2019,"74,613kms",Petrol,Manual,₹5.29 Lakh,mumbai
Tata,Tata Tigor1.2 Revotron XZA,2019,"85,687kms",Petrol,Automatic,₹3.66 Lakh,mumbai
Tata,Tata Tiago1.2 Revotron XZ Plus,2022,"27,724kms",Petrol,Manual,₹6.16 Lakh,mumbai
Renault,Renault TriberRXZ,2020,"42,015kms",Petrol,Manual,₹5 Lakh,mumbai
Ford,Ford Ecosport1.5 Diesel Titanium BSIV,2018,"85,315kms",Diesel,Manual,₹4.80 Lakh,mumbai
Mahindra,Mahindra KUV 100mFALCON G80 K6 5str,2016,"64,900kms",Petrol,Manual,₹2.18 Lakh,mumbai
Maruti,Maruti ErtigaVXI AT,2016,"95,635kms",Petrol,Automatic,₹4.83 Lakh,mumbai
Honda,Honda CityZX MT,2021,"43,075kms",Petrol,Manual,₹9.49 Lakh,mumbai
Tata,Tata Tigor1.2 Revotron XZ,2022,"28,774kms",Petrol,Manual,₹6.42 Lakh,mumbai
Maruti,Maruti Wagon RLXI CNG,2013,"44,814kms",CNG,Manual,₹2.03 Lakh,mumbai
Maruti,Maruti ErtigaVXI AT,2021,"1,37,334kms",Petrol,Automatic,₹7.97 Lakh,mumbai
Maruti,Maruti Wagon RLXI CNG,2018,"97,067kms",CNG,Manual,₹3.04 Lakh,mumbai
Renault,Renault KWID1.0 RXT AMT Opt,2020,"27,046kms",Petrol,Automatic,₹3.37 Lakh,mumbai
Maruti,Maruti Ignis1.2 AMT Alpha BSIV,2021,"1,20,392kms",Petrol,Automatic,₹4.98 Lakh,mumbai
Maruti,Maruti ErtigaVXI,2013,"59,264kms",Petrol,Manual,₹4.94 Lakh,mumbai
Maruti,Maruti Alto 800LXI Opt CNG,2021,"68,605kms",CNG,Manual,₹3.44 Lakh,mumbai
Maruti,Maruti Wagon RLXI CNG,2014,"40,150kms",CNG,Manual,₹2.27 Lakh,mumbai
BMW,BMW 3 Series320d Prestige,2015,"51,380kms",Diesel,Automatic,₹8.75 Lakh,mumbai
Maruti,Maruti ErtigaVXI CNG,2016,"59,452kms",CNG,Manual,₹6.18 Lakh,mumbai
Maruti,Maruti DzireZXI Plus,2019,"74,613kms",Petrol,Manual,₹5.29 Lakh,mumbai
Maruti,Maruti CelerioZXI Plus AMT BSVI,2022,"41,490kms",Petrol,Automatic,₹4.18 Lakh,mumbai
Tata,Tata Tigor1.2 Revotron XZA,2019,"85,687kms",Petrol,Automatic,₹3.66 Lakh,mumbai
Tata,Tata Tiago1.2 Revotron XZ Plus,2022,"27,724kms",Petrol,Manual,₹6.16 Lakh,mumbai
Renault,Renault TriberRXZ,2020,"42,015kms",Petrol,Manual,₹5 Lakh,mumbai
Ford,Ford Ecosport1.5 Diesel Titanium BSIV,2018,"85,315kms",Diesel,Manual,₹4.80 Lakh,mumbai
Mahindra,Mahindra KUV 100mFALCON G80 K6 5str,2016,"64,900kms",Petrol,Manual,₹2.18 Lakh,mumbai
Maruti,Maruti ErtigaVXI AT,2016,"95,635kms",Petrol,Automatic,₹4.83 Lakh,mumbai
Honda,Honda CityZX MT,2021,"43,075kms",Petrol,Manual,₹9.49 Lakh,mumbai
Hyundai,Hyundai VenueSX Turbo iMT,2021,"47,638kms",Petrol,Manual,₹7.98 Lakh,mumbai
Maruti,Maruti Wagon RLXI CNG,2013,"44,814kms",CNG,Manual,₹2.03 Lakh,mumbai
Maruti,Maruti ErtigaVXI AT,2021,"1,37,334kms",Petrol,Automatic,₹7.97 Lakh,mumbai
Maruti,Maruti Wagon RLXI CNG,2018,"97,067kms",CNG,Manual,₹3.04 Lakh,mumbai
Maruti,Maruti Alto 800LXI Opt CNG,2021,"68,605kms",CNG,Manual,₹3.44 Lakh,mumbai
Maruti,Maruti ErtigaVXI,2013,"59,264kms",Petrol,Manual,₹4.94 Lakh,mumbai
Renault,Renault KWID1.0 RXT AMT Opt,2020,"27,046kms",Petrol,Automatic,₹3.37 Lakh,mumbai
Maruti,Maruti Ignis1.2 AMT Alpha BSIV,2021,"1,20,392kms",Petrol,Automatic,₹4.98 Lakh,mumbai
Maruti,Maruti Wagon RLXI CNG,2014,"40,150kms",CNG,Manual,₹2.27 Lakh,mumbai
BMW,BMW 3 Series320d Prestige,2015,"51,380kms",Diesel,Automatic,₹8.75 Lakh,mumbai
Maruti,Maruti ErtigaVXI CNG,2016,"59,452kms",CNG,Manual,₹6.18 Lakh,mumbai
Maruti,Maruti CelerioZXI Plus AMT BSVI,2022,"41,490kms",Petrol,Automatic,₹4.18 Lakh,mumbai
Maruti,Maruti DzireZXI Plus,2019,"74,613kms",Petrol,Manual,₹5.29 Lakh,mumbai
Tata,Tata Tigor1.2 Revotron XZA,2019,"85,687kms",Petrol,Automatic,₹3.66 Lakh,mumbai
Tata,Tata Tiago1.2 Revotron XZ Plus,2022,"27,724kms",Petrol,Manual,₹6.16 Lakh,mumbai
Renault,Renault TriberRXZ,2020,"42,015kms",Petrol,Manual,₹5 Lakh,mumbai
Ford,Ford Ecosport1.5 Diesel Titanium BSIV,2018,"85,315kms",Diesel,Manual,₹4.80 Lakh,mumbai
Mahindra,Mahindra KUV 100mFALCON G80 K6 5str,2016,"64,900kms",Petrol,Manual,₹2.18 Lakh,mumbai
Maruti,Maruti ErtigaVXI AT,2016,"95,635kms",Petrol,Automatic,₹4.83 Lakh,mumbai
Honda,Honda CityZX MT,2021,"43,075kms",Petrol,Manual,₹9.49 Lakh,mumbai
Tata,Tata Tigor1.2 Revotron XZ,2022,"28,774kms",Petrol,Manual,₹6.42 Lakh,mumbai
Maruti,Maruti Wagon RLXI CNG,2013,"44,814kms",CNG,Manual,₹2.03 Lakh,mumbai
Maruti,Maruti ErtigaVXI AT,2021,"1,37,334kms",Petrol,Automatic,₹7.97 Lakh,mumbai
Maruti,Maruti Wagon RLXI CNG,2018,"97,067kms",CNG,Manual,₹3.04 Lakh,mumbai
Renault,Renault KWID1.0 RXT AMT Opt,2020,"27,046kms",Petrol,Automatic,₹3.37 Lakh,mumbai
Maruti,Maruti Ignis1.2 AMT Alpha BSIV,2021,"1,20,392kms",Petrol,Automatic,₹4.98 Lakh,mumbai
Maruti,Maruti ErtigaVXI,2013,"59,264kms",Petrol,Manual,₹4.94 Lakh,mumbai
Maruti,Maruti Alto 800LXI Opt CNG,2021,"68,605kms",CNG,Manual,₹3.44 Lakh,mumbai
Maruti,Maruti Wagon RLXI CNG,2014,"40,150kms",CNG,Manual,₹2.27 Lakh,mumbai
BMW,BMW 3 Series320d Prestige,2015,"51,380kms",Diesel,Automatic,₹8.75 Lakh,mumbai
Maruti,Maruti ErtigaVXI CNG,2016,"59,452kms",CNG,Manual,₹6.18 Lakh,mumbai
Maruti,Maruti DzireZXI Plus,2019,"74,613kms",Petrol,Manual,₹5.29 Lakh,mumbai
Maruti,Maruti CelerioZXI Plus AMT BSVI,2022,"41,490kms",Petrol,Automatic,₹4.18 Lakh,mumbai
Tata,Tata Tigor1.2 Revotron XZA,2019,"85,687kms",Petrol,Automatic,₹3.66 Lakh,mumbai
Tata,Tata Tiago1.2 Revotron XZ Plus,2022,"27,724kms",Petrol,Manual,₹6.16 Lakh,mumbai
Renault,Renault TriberRXZ,2020,"42,015kms",Petrol,Manual,₹5 Lakh,mumbai
Ford,Ford Ecosport1.5 Diesel Titanium BSIV,2018,"85,315kms",Diesel,Manual,₹4.80 Lakh,mumbai
Mahindra,Mahindra KUV 100mFALCON G80 K6 5str,2016,"64,900kms",Petrol,Manual,₹2.18 Lakh,mumbai
Maruti,Maruti ErtigaVXI AT,2016,"95,635kms",Petrol,Automatic,₹4.83 Lakh,mumbai
Honda,Honda CityZX MT,2021,"43,075kms",Petrol,Manual,₹9.49 Lakh,mumbai
Hyundai,Hyundai VenueSX Turbo iMT,2021,"47,638kms",Petrol,Manual,₹7.98 Lakh,mumbai
Maruti,Maruti Wagon RLXI CNG,2013,"44,814kms",CNG,Manual,₹2.03 Lakh,mumbai
Maruti,Maruti ErtigaVXI AT,2021,"1,37,334kms",Petrol,Automatic,₹7.97 Lakh,mumbai
Maruti,Maruti Wagon RLXI CNG,2018,"97,067kms",CNG,Manual,₹3.04 Lakh,mumbai
Maruti,Maruti Alto 800LXI Opt CNG,2021,"68,605kms",CNG,Manual,₹3.44 Lakh,mumbai
Maruti,Maruti ErtigaVXI,2013,"59,264kms",Petrol,Manual,₹4.94 Lakh,mumbai
Renault,Renault KWID1.0 RXT AMT Opt,2020,"27,046kms",Petrol,Automatic,₹3.37 Lakh,mumbai
Maruti,Maruti Ignis1.2 AMT Alpha BSIV,2021,"1,20,392kms",Petrol,Automatic,₹4.98 Lakh,mumbai
Maruti,Maruti Wagon RLXI CNG,2014,"40,150kms",CNG,Manual,₹2.27 Lakh,mumbai
BMW,BMW 3 Series320d Prestige,2015,"51,380kms",Diesel,Automatic,₹8.75 Lakh,mumbai
Maruti,Maruti ErtigaVXI CNG,2016,"59,452kms",CNG,Manual,₹6.18 Lakh,mumbai
Maruti,Maruti CelerioZXI Plus AMT BSVI,2022,"41,490kms",Petrol,Automatic,₹4.18 Lakh,mumbai
Maruti,Maruti DzireZXI Plus,2019,"74,613kms",Petrol,Manual,₹5.29 Lakh,mumbai
Tata,Tata Tigor1.2 Revotron XZA,2019,"85,687kms",Petrol,Automatic,₹3.66 Lakh,mumbai
Tata,Tata Tiago1.2 Revotron XZ Plus,2022,"27,724kms",Petrol,Manual,₹6.16 Lakh,mumbai
Renault,Renault TriberRXZ,2020,"42,015kms",Petrol,Manual,₹5 Lakh,mumbai
Ford,Ford Ecosport1.5 Diesel Titanium BSIV,2018,"85,315kms",Diesel,Manual,₹4.80 Lakh,mumbai
Mahindra,Mahindra KUV 100mFALCON G80 K6 5str,2016,"64,900kms",Petrol,Manual,₹2.18 Lakh,mumbai
Maruti,Maruti ErtigaVXI AT,2016,"95,635kms",Petrol,Automatic,₹4.83 Lakh,mumbai
Honda,Honda CityZX MT,2021,"43,075kms",Petrol,Manual,₹9.49 Lakh,mumbai
Tata,Tata Tigor1.2 Revotron XZ,2022,"28,774kms",Petrol,Manual,₹6.42 Lakh,mumbai
Maruti,Maruti Wagon RLXI CNG,2013,"44,814kms",CNG,Manual,₹2.03 Lakh,mumbai
Maruti,Maruti ErtigaVXI AT,2021,"1,37,334kms",Petrol,Automatic,₹7.97 Lakh,mumbai
Maruti,Maruti Wagon RLXI CNG,2018,"97,067kms",CNG,Manual,₹3.04 Lakh,mumbai
Renault,Renault KWID1.0 RXT AMT Opt,2020,"27,046kms",Petrol,Automatic,₹3.37 Lakh,mumbai
Maruti,Maruti Ignis1.2 AMT Alpha BSIV,2021,"1,20,392kms",Petrol,Automatic,₹4.98 Lakh,mumbai
Maruti,Maruti ErtigaVXI,2013,"59,264kms",Petrol,Manual,₹4.94 Lakh,mumbai
Maruti,Maruti Alto 800LXI Opt CNG,2021,"68,605kms",CNG,Manual,₹3.44 Lakh,mumbai
Maruti,Maruti Wagon RLXI CNG,2014,"40,150kms",CNG,Manual,₹2.27 Lakh,mumbai
BMW,BMW 3 Series320d Prestige,2015,"51,380kms",Diesel,Automatic,₹8.75 Lakh,mumbai
Maruti,Maruti ErtigaVXI CNG,2016,"59,452kms",CNG,Manual,₹6.18 Lakh,mumbai
Maruti,Maruti DzireZXI Plus,2019,"74,613kms",Petrol,Manual,₹5.29 Lakh,mumbai
Maruti,Maruti CelerioZXI Plus AMT BSVI,2022,"41,490kms",Petrol,Automatic,₹4.18 Lakh,mumbai
Tata,Tata Tigor1.2 Revotron XZA,2019,"85,687kms",Petrol,Automatic,₹3.66 Lakh,mumbai
Tata,Tata Tiago1.2 Revotron XZ Plus,2022,"27,724kms",Petrol,Manual,₹6.16 Lakh,mumbai
Renault,Renault TriberRXZ,2020,"42,015kms",Petrol,Manual,₹5 Lakh,mumbai
Ford,Ford Ecosport1.5 Diesel Titanium BSIV,2018,"85,315kms",Diesel,Manual,₹4.80 Lakh,mumbai
Mahindra,Mahindra KUV 100mFALCON G80 K6 5str,2016,"64,900kms",Petrol,Manual,₹2.18 Lakh,mumbai
Maruti,Maruti ErtigaVXI AT,2016,"95,635kms",Petrol,Automatic,₹4.83 Lakh,mumbai
Honda,Honda CityZX MT,2021,"43,075kms",Petrol,Manual,₹9.49 Lakh,mumbai
Hyundai,Hyundai VenueSX Turbo iMT,2021,"47,638kms",Petrol,Manual,₹7.98 Lakh,mumbai
Maruti,Maruti Wagon RLXI CNG,2013,"44,814kms",CNG,Manual,₹2.03 Lakh,mumbai
Maruti,Maruti ErtigaVXI AT,2021,"1,37,334kms",Petrol,Automatic,₹7.97 Lakh,mumbai
Maruti,Maruti Wagon RLXI CNG,2018,"97,067kms",CNG,Manual,₹3.04 Lakh,mumbai
Renault,Renault KWID1.0 RXT AMT Opt,2020,"27,046kms",Petrol,Automatic,₹3.37 Lakh,mumbai
Maruti,Maruti Ignis1.2 AMT Alpha BSIV,2021,"1,20,392kms",Petrol,Automatic,₹4.98 Lakh,mumbai
Maruti,Maruti ErtigaVXI,2013,"59,264kms",Petrol,Manual,₹4.94 Lakh,mumbai
Maruti,Maruti Alto 800LXI Opt CNG,2021,"68,605kms",CNG,Manual,₹3.44 Lakh,mumbai
Maruti,Maruti Wagon RLXI CNG,2014,"40,150kms",CNG,Manual,₹2.27 Lakh,mumbai
BMW,BMW 3 Series320d Prestige,2015,"51,380kms",Diesel,Automatic,₹8.75 Lakh,mumbai
Maruti,Maruti ErtigaVXI CNG,2016,"59,452kms",CNG,Manual,₹6.18 Lakh,mumbai
Maruti,Maruti DzireZXI Plus,2019,"74,613kms",Petrol,Manual,₹5.29 Lakh,mumbai
Maruti,Maruti CelerioZXI Plus AMT BSVI,2022,"41,490kms",Petrol,Automatic,₹4.18 Lakh,mumbai
Tata,Tata Tigor1.2 Revotron XZA,2019,"85,687kms",Petrol,Automatic,₹3.66 Lakh,mumbai
Tata,Tata Tiago1.2 Revotron XZ Plus,2022,"27,724kms",Petrol,Manual,₹6.16 Lakh,mumbai
Renault,Renault TriberRXZ,2020,"42,015kms",Petrol,Manual,₹5 Lakh,mumbai
Ford,Ford Ecosport1.5 Diesel Titanium BSIV,2018,"85,315kms",Diesel,Manual,₹4.80 Lakh,mumbai
Mahindra,Mahindra KUV 100mFALCON G80 K6 5str,2016,"64,900kms",Petrol,Manual,₹2.18 Lakh,mumbai
Maruti,Maruti ErtigaVXI AT,2016,"95,635kms",Petrol,Automatic,₹4.83 Lakh,mumbai
Honda,Honda CityZX MT,2021,"43,075kms",Petrol,Manual,₹9.49 Lakh,mumbai
Hyundai,Hyundai VenueSX Turbo iMT,2021,"47,638kms",Petrol,Manual,₹7.98 Lakh,mumbai
Maruti,Maruti Wagon RLXI CNG,2013,"44,814kms",CNG,Manual,₹2.03 Lakh,mumbai
Maruti,Maruti ErtigaVXI AT,2021,"1,37,334kms",Petrol,Automatic,₹7.97 Lakh,mumbai
Maruti,Maruti Wagon RLXI CNG,2018,"97,067kms",CNG,Manual,₹3.04 Lakh,mumbai
Renault,Renault KWID1.0 RXT AMT Opt,2020,"27,046kms",Petrol,Automatic,₹3.37 Lakh,mumbai
Maruti,Maruti Ignis1.2 AMT Alpha BSIV,2021,"1,20,392kms",Petrol,Automatic,₹4.98 Lakh,mumbai
Maruti,Maruti ErtigaVXI,2013,"59,264kms",Petrol,Manual,₹4.94 Lakh,mumbai
Maruti,Maruti Alto 800LXI Opt CNG,2021,"68,605kms",CNG,Manual,₹3.44 Lakh,mumbai
Maruti,Maruti Wagon RLXI CNG,2014,"40,150kms",CNG,Manual,₹2.27 Lakh,mumbai
BMW,BMW 3 Series320d Prestige,2015,"51,380kms",Diesel,Automatic,₹8.75 Lakh,mumbai
Maruti,Maruti ErtigaVXI CNG,2016,"59,452kms",CNG,Manual,₹6.18 Lakh,mumbai
Maruti,Maruti DzireZXI Plus,2019,"74,613kms",Petrol,Manual,₹5.29 Lakh,mumbai
Maruti,Maruti CelerioZXI Plus AMT BSVI,2022,"41,490kms",Petrol,Automatic,₹4.18 Lakh,mumbai
Tata,Tata Tigor1.2 Revotron XZA,2019,"85,687kms",Petrol,Automatic,₹3.66 Lakh,mumbai
Tata,Tata Tiago1.2 Revotron XZ Plus,2022,"27,724kms",Petrol,Manual,₹6.16 Lakh,mumbai
Renault,Renault TriberRXZ,2020,"42,015kms",Petrol,Manual,₹5 Lakh,mumbai
Ford,Ford Ecosport1.5 Diesel Titanium BSIV,2018,"85,315kms",Diesel,Manual,₹4.80 Lakh,mumbai
Mahindra,Mahindra KUV 100mFALCON G80 K6 5str,2016,"64,900kms",Petrol,Manual,₹2.18 Lakh,mumbai
Maruti,Maruti ErtigaVXI AT,2016,"95,635kms",Petrol,Automatic,₹4.83 Lakh,mumbai
Honda,Honda CityZX MT,2021,"43,075kms",Petrol,Manual,₹9.49 Lakh,mumbai
Hyundai,Hyundai VenueSX Turbo iMT,2021,"47,638kms",Petrol,Manual,₹7.98 Lakh,mumbai
Maruti,Maruti Wagon RLXI CNG,2013,"44,814kms",CNG,Manual,₹2.03 Lakh,mumbai
Maruti,Maruti ErtigaVXI AT,2021,"1,37,334kms",Petrol,Automatic,₹7.97 Lakh,mumbai
Maruti,Maruti Wagon RLXI CNG,2018,"97,067kms",CNG,Manual,₹3.04 Lakh,mumbai
Maruti,Maruti Alto 800LXI Opt CNG,2021,"68,605kms",CNG,Manual,₹3.44 Lakh,mumbai
Maruti,Maruti ErtigaVXI,2013,"59,264kms",Petrol,Manual,₹4.94 Lakh,mumbai
Renault,Renault KWID1.0 RXT AMT Opt,2020,"27,046kms",Petrol,Automatic,₹3.37 Lakh,mumbai
Maruti,Maruti Ignis1.2 AMT Alpha BSIV,2021,"1,20,392kms",Petrol,Automatic,₹4.98 Lakh,mumbai
Maruti,Maruti Wagon RLXI CNG,2014,"40,150kms",CNG,Manual,₹2.27 Lakh,mumbai
BMW,BMW 3 Series320d Prestige,2015,"51,380kms",Diesel,Automatic,₹8.75 Lakh,mumbai
Maruti,Maruti ErtigaVXI CNG,2016,"59,452kms",CNG,Manual,₹6.18 Lakh,mumbai
Maruti,Maruti CelerioZXI Plus AMT BSVI,2022,"41,490kms",Petrol,Automatic,₹4.18 Lakh,mumbai
Maruti,Maruti DzireZXI Plus,2019,"74,613kms",Petrol,Manual,₹5.29 Lakh,mumbai
Tata,Tata Tigor1.2 Revotron XZA,2019,"85,687kms",Petrol,Automatic,₹3.66 Lakh,mumbai
Tata,Tata Tiago1.2 Revotron XZ Plus,2022,"27,724kms",Petrol,Manual,₹6.16 Lakh,mumbai
Renault,Renault TriberRXZ,2020,"42,015kms",Petrol,Manual,₹5 Lakh,mumbai
Ford,Ford Ecosport1.5 Diesel Titanium BSIV,2018,"85,315kms",Diesel,Manual,₹4.80 Lakh,mumbai
Mahindra,Mahindra KUV 100mFALCON G80 K6 5str,2016,"64,900kms",Petrol,Manual,₹2.18 Lakh,mumbai
Maruti,Maruti ErtigaVXI AT,2016,"95,635kms",Petrol,Automatic,₹4.83 Lakh,mumbai
Honda,Honda CityZX MT,2021,"43,075kms",Petrol,Manual,₹9.49 Lakh,mumbai
Tata,Tata Tigor1.2 Revotron XZ,2022,"28,774kms",Petrol,Manual,₹6.42 Lakh,mumbai
Maruti,Maruti Wagon RLXI CNG,2013,"44,814kms",CNG,Manual,₹2.03 Lakh,mumbai
Maruti,Maruti ErtigaVXI AT,2021,"1,37,334kms",Petrol,Automatic,₹7.97 Lakh,mumbai
Maruti,Maruti Wagon RLXI CNG,2018,"97,067kms",CNG,Manual,₹3.04 Lakh,mumbai
Maruti,Maruti Ignis1.2 AMT Alpha BSIV,2021,"1,20,392kms",Petrol,Automatic,₹4.98 Lakh,mumbai
Maruti,Maruti Alto 800LXI Opt CNG,2021,"68,605kms",CNG,Manual,₹3.44 Lakh,mumbai
Maruti,Maruti ErtigaVXI,2013,"59,264kms",Petrol,Manual,₹4.94 Lakh,mumbai
Renault,Renault KWID1.0 RXT AMT Opt,2020,"27,046kms",Petrol,Automatic,₹3.37 Lakh,mumbai
Maruti,Maruti Wagon RLXI CNG,2014,"40,150kms",CNG,Manual,₹2.27 Lakh,mumbai
BMW,BMW 3 Series320d Prestige,2015,"51,380kms",Diesel,Automatic,₹8.75 Lakh,mumbai
Maruti,Maruti ErtigaVXI CNG,2016,"59,452kms",CNG,Manual,₹6.18 Lakh,mumbai
Maruti,Maruti CelerioZXI Plus AMT BSVI,2022,"41,490kms",Petrol,Automatic,₹4.18 Lakh,mumbai
Maruti,Maruti DzireZXI Plus,2019,"74,613kms",Petrol,Manual,₹5.29 Lakh,mumbai
Tata,Tata Tigor1.2 Revotron XZA,2019,"85,687kms",Petrol,Automatic,₹3.66 Lakh,mumbai
Tata,Tata Tiago1.2 Revotron XZ Plus,2022,"27,724kms",Petrol,Manual,₹6.16 Lakh,mumbai
Renault,Renault TriberRXZ,2020,"42,015kms",Petrol,Manual,₹5 Lakh,mumbai
Ford,Ford Ecosport1.5 Diesel Titanium BSIV,2018,"85,315kms",Diesel,Manual,₹4.80 Lakh,mumbai
Mahindra,Mahindra KUV 100mFALCON G80 K6 5str,2016,"64,900kms",Petrol,Manual,₹2.18 Lakh,mumbai
Maruti,Maruti ErtigaVXI AT,2016,"95,635kms",Petrol,Automatic,₹4.83 Lakh,mumbai
Honda,Honda CityZX MT,2021,"43,075kms",Petrol,Manual,₹9.49 Lakh,mumbai
Tata,Tata Tigor1.2 Revotron XZ,2022,"28,774kms",Petrol,Manual,₹6.42 Lakh,mumbai
Maruti,Maruti Wagon RLXI CNG,2013,"44,814kms",CNG,Manual,₹2.03 Lakh,mumbai
Maruti,Maruti ErtigaVXI AT,2021,"1,37,334kms",Petrol,Automatic,₹7.97 Lakh,mumbai
Maruti,Maruti Wagon RLXI CNG,2018,"97,067kms",CNG,Manual,₹3.04 Lakh,mumbai
Renault,Renault KWID1.0 RXT AMT Opt,2020,"27,046kms",Petrol,Automatic,₹3.37 Lakh,mumbai
Maruti,Maruti Ignis1.2 AMT Alpha BSIV,2021,"1,20,392kms",Petrol,Automatic,₹4.98 Lakh,mumbai
Maruti,Maruti ErtigaVXI,2013,"59,264kms",Petrol,Manual,₹4.94 Lakh,mumbai
Maruti,Maruti Alto 800LXI Opt CNG,2021,"68,605kms",CNG,Manual,₹3.44 Lakh,mumbai
Maruti,Maruti Wagon RLXI CNG,2014,"40,150kms",CNG,Manual,₹2.27 Lakh,mumbai
BMW,BMW 3 Series320d Prestige,2015,"51,380kms",Diesel,Automatic,₹8.75 Lakh,mumbai
Maruti,Maruti ErtigaVXI CNG,2016,"59,452kms",CNG,Manual,₹6.18 Lakh,mumbai
Maruti,Maruti DzireZXI Plus,2019,"74,613kms",Petrol,Manual,₹5.29 Lakh,mumbai
Maruti,Maruti CelerioZXI Plus AMT BSVI,2022,"41,490kms",Petrol,Automatic,₹4.18 Lakh,mumbai
Tata,Tata Tigor1.2 Revotron XZA,2019,"85,687kms",Petrol,Automatic,₹3.66 Lakh,mumbai
Tata,Tata Tiago1.2 Revotron XZ Plus,2022,"27,724kms",Petrol,Manual,₹6.16 Lakh,mumbai
Renault,Renault TriberRXZ,2020,"42,015kms",Petrol,Manual,₹5 Lakh,mumbai
Ford,Ford Ecosport1.5 Diesel Titanium BSIV,2018,"85,315kms",Diesel,Manual,₹4.80 Lakh,mumbai
Mahindra,Mahindra KUV 100mFALCON G80 K6 5str,2016,"64,900kms",Petrol,Manual,₹2.18 Lakh,mumbai
Maruti,Maruti ErtigaVXI AT,2016,"95,635kms",Petrol,Automatic,₹4.83 Lakh,mumbai
Honda,Honda CityZX MT,2021,"43,075kms",Petrol,Manual,₹9.49 Lakh,mumbai
Hyundai,Hyundai VenueSX Turbo iMT,2021,"47,638kms",Petrol,Manual,₹7.98 Lakh,mumbai
Maruti,Maruti Wagon RLXI CNG,2013,"44,814kms",CNG,Manual,₹2.03 Lakh,mumbai
Maruti,Maruti ErtigaVXI AT,2021,"1,37,334kms",Petrol,Automatic,₹7.97 Lakh,mumbai
Maruti,Maruti Wagon RLXI CNG,2018,"97,067kms",CNG,Manual,₹3.04 Lakh,mumbai
Maruti,Maruti Ignis1.2 AMT Alpha BSIV,2021,"1,20,392kms",Petrol,Automatic,₹4.98 Lakh,mumbai
Maruti,Maruti Alto 800LXI Opt CNG,2021,"68,605kms",CNG,Manual,₹3.44 Lakh,mumbai
Maruti,Maruti ErtigaVXI,2013,"59,264kms",Petrol,Manual,₹4.94 Lakh,mumbai
Renault,Renault KWID1.0 RXT AMT Opt,2020,"27,046kms",Petrol,Automatic,₹3.37 Lakh,mumbai
Maruti,Maruti Wagon RLXI CNG,2014,"40,150kms",CNG,Manual,₹2.27 Lakh,mumbai
BMW,BMW 3 Series320d Prestige,2015,"51,380kms",Diesel,Automatic,₹8.75 Lakh,mumbai
Maruti,Maruti ErtigaVXI CNG,2016,"59,452kms",CNG,Manual,₹6.18 Lakh,mumbai
Maruti,Maruti CelerioZXI Plus AMT BSVI,2022,"41,490kms",Petrol,Automatic,₹4.18 Lakh,mumbai
Maruti,Maruti DzireZXI Plus,2019,"74,613kms",Petrol,Manual,₹5.29 Lakh,mumbai
Tata,Tata Tigor1.2 Revotron XZA,2019,"85,687kms",Petrol,Automatic,₹3.66 Lakh,mumbai
Tata,Tata Tiago1.2 Revotron XZ Plus,2022,"27,724kms",Petrol,Manual,₹6.16 Lakh,mumbai
Renault,Renault TriberRXZ,2020,"42,015kms",Petrol,Manual,₹5 Lakh,mumbai
Ford,Ford Ecosport1.5 Diesel Titanium BSIV,2018,"85,315kms",Diesel,Manual,₹4.80 Lakh,mumbai
Mahindra,Mahindra KUV 100mFALCON G80 K6 5str,2016,"64,900kms",Petrol,Manual,₹2.18 Lakh,mumbai
Maruti,Maruti ErtigaVXI AT,2016,"95,635kms",Petrol,Automatic,₹4.83 Lakh,mumbai
Honda,Honda CityZX MT,2021,"43,075kms",Petrol,Manual,₹9.49 Lakh,mumbai
Tata,Tata Tigor1.2 Revotron XZ,2022,"28,774kms",Petrol,Manual,₹6.42 Lakh,mumbai
Maruti,Maruti Wagon RLXI CNG,2013,"44,814kms",CNG,Manual,₹2.03 Lakh,mumbai
Maruti,Maruti ErtigaVXI AT,2021,"1,37,334kms",Petrol,Automatic,₹7.97 Lakh,mumbai
Maruti,Maruti Wagon RLXI CNG,2018,"97,067kms",CNG,Manual,₹3.04 Lakh,mumbai
Renault,Renault KWID1.0 RXT AMT Opt,2020,"27,046kms",Petrol,Automatic,₹3.37 Lakh,mumbai
Maruti,Maruti Ignis1.2 AMT Alpha BSIV,2021,"1,20,392kms",Petrol,Automatic,₹4.98 Lakh,mumbai
Maruti,Maruti ErtigaVXI,2013,"59,264kms",Petrol,Manual,₹4.94 Lakh,mumbai
Maruti,Maruti Alto 800LXI Opt CNG,2021,"68,605kms",CNG,Manual,₹3.44 Lakh,mumbai
Maruti,Maruti Wagon RLXI CNG,2014,"40,150kms",CNG,Manual,₹2.27 Lakh,mumbai
BMW,BMW 3 Series320d Prestige,2015,"51,380kms",Diesel,Automatic,₹8.75 Lakh,mumbai
Maruti,Maruti ErtigaVXI CNG,2016,"59,452kms",CNG,Manual,₹6.18 Lakh,mumbai
Maruti,Maruti DzireZXI Plus,2019,"74,613kms",Petrol,Manual,₹5.29 Lakh,mumbai
Maruti,Maruti CelerioZXI Plus AMT BSVI,2022,"41,490kms",Petrol,Automatic,₹4.18 Lakh,mumbai
Tata,Tata Tigor1.2 Revotron XZA,2019,"85,687kms",Petrol,Automatic,₹3.66 Lakh,mumbai
Tata,Tata Tiago1.2 Revotron XZ Plus,2022,"27,724kms",Petrol,Manual,₹6.16 Lakh,mumbai
Renault,Renault TriberRXZ,2020,"42,015kms",Petrol,Manual,₹5 Lakh,mumbai
Ford,Ford Ecosport1.5 Diesel Titanium BSIV,2018,"85,315kms",Diesel,Manual,₹4.80 Lakh,mumbai
Mahindra,Mahindra KUV 100mFALCON G80 K6 5str,2016,"64,900kms",Petrol,Manual,₹2.18 Lakh,mumbai
Maruti,Maruti ErtigaVXI AT,2016,"95,635kms",Petrol,Automatic,₹4.83 Lakh,mumbai
Honda,Honda CityZX MT,2021,"43,075kms",Petrol,Manual,₹9.49 Lakh,mumbai
Hyundai,Hyundai VenueSX Turbo iMT,2021,"47,638kms",Petrol,Manual,₹7.98 Lakh,mumbai
Maruti,Maruti Wagon RLXI CNG,2013,"44,814kms",CNG,Manual,₹2.03 Lakh,mumbai
Maruti,Maruti ErtigaVXI AT,2021,"1,37,334kms",Petrol,Automatic,₹7.97 Lakh,mumbai
Maruti,Maruti Wagon RLXI CNG,2018,"97,067kms",CNG,Manual,₹3.04 Lakh,mumbai
Maruti,Maruti Alto 800LXI Opt CNG,2021,"68,605kms",CNG,Manual,₹3.44 Lakh,mumbai
Maruti,Maruti ErtigaVXI,2013,"59,264kms",Petrol,Manual,₹4.94 Lakh,mumbai
Renault,Renault KWID1.0 RXT AMT Opt,2020,"27,046kms",Petrol,Automatic,₹3.37 Lakh,mumbai
Maruti,Maruti Ignis1.2 AMT Alpha BSIV,2021,"1,20,392kms",Petrol,Automatic,₹4.98 Lakh,mumbai
Maruti,Maruti Wagon RLXI CNG,2014,"40,150kms",CNG,Manual,₹2.27 Lakh,mumbai
BMW,BMW 3 Series320d Prestige,2015,"51,380kms",Diesel,Automatic,₹8.75 Lakh,mumbai
Maruti,Maruti ErtigaVXI CNG,2016,"59,452kms",CNG,Manual,₹6.18 Lakh,mumbai
Maruti,Maruti CelerioZXI Plus AMT BSVI,2022,"41,490kms",Petrol,Automatic,₹4.18 Lakh,mumbai
Maruti,Maruti DzireZXI Plus,2019,"74,613kms",Petrol,Manual,₹5.29 Lakh,mumbai
Tata,Tata Tigor1.2 Revotron XZA,2019,"85,687kms",Petrol,Automatic,₹3.66 Lakh,mumbai
Tata,Tata Tiago1.2 Revotron XZ Plus,2022,"27,724kms",Petrol,Manual,₹6.16 Lakh,mumbai
Renault,Renault TriberRXZ,2020,"42,015kms",Petrol,Manual,₹5 Lakh,mumbai
Ford,Ford Ecosport1.5 Diesel Titanium BSIV,2018,"85,315kms",Diesel,Manual,₹4.80 Lakh,mumbai
Mahindra,Mahindra KUV 100mFALCON G80 K6 5str,2016,"64,900kms",Petrol,Manual,₹2.18 Lakh,mumbai
Maruti,Maruti ErtigaVXI AT,2016,"95,635kms",Petrol,Automatic,₹4.83 Lakh,mumbai
Honda,Honda CityZX MT,2021,"43,075kms",Petrol,Manual,₹9.49 Lakh,mumbai
Tata,Tata Tigor1.2 Revotron XZ,2022,"28,774kms",Petrol,Manual,₹6.42 Lakh,mumbai
Maruti,Maruti Wagon RLXI CNG,2013,"44,814kms",CNG,Manual,₹2.03 Lakh,mumbai
Maruti,Maruti ErtigaVXI AT,2021,"1,37,334kms",Petrol,Automatic,₹7.97 Lakh,mumbai
Maruti,Maruti Wagon RLXI CNG,2018,"97,067kms",CNG,Manual,₹3.04 Lakh,mumbai
Renault,Renault KWID1.0 RXT AMT Opt,2020,"27,046kms",Petrol,Automatic,₹3.37 Lakh,mumbai
Maruti,Maruti Ignis1.2 AMT Alpha BSIV,2021,"1,20,392kms",Petrol,Automatic,₹4.98 Lakh,mumbai
Maruti,Maruti ErtigaVXI,2013,"59,264kms",Petrol,Manual,₹4.94 Lakh,mumbai
Maruti,Maruti Alto 800LXI Opt CNG,2021,"68,605kms",CNG,Manual,₹3.44 Lakh,mumbai
Maruti,Maruti Wagon RLXI CNG,2014,"40,150kms",CNG,Manual,₹2.27 Lakh,mumbai
BMW,BMW 3 Series320d Prestige,2015,"51,380kms",Diesel,Automatic,₹8.75 Lakh,mumbai
Maruti,Maruti ErtigaVXI CNG,2016,"59,452kms",CNG,Manual,₹6.18 Lakh,mumbai
Maruti,Maruti DzireZXI Plus,2019,"74,613kms",Petrol,Manual,₹5.29 Lakh,mumbai
Maruti,Maruti CelerioZXI Plus AMT BSVI,2022,"41,490kms",Petrol,Automatic,₹4.18 Lakh,mumbai
Tata,Tata Tigor1.2 Revotron XZA,2019,"85,687kms",Petrol,Automatic,₹3.66 Lakh,mumbai
Tata,Tata Tiago1.2 Revotron XZ Plus,2022,"27,724kms",Petrol,Manual,₹6.16 Lakh,mumbai
Renault,Renault TriberRXZ,2020,"42,015kms",Petrol,Manual,₹5 Lakh,mumbai
Ford,Ford Ecosport1.5 Diesel Titanium BSIV,2018,"85,315kms",Diesel,Manual,₹4.80 Lakh,mumbai
Mahindra,Mahindra KUV 100mFALCON G80 K6 5str,2016,"64,900kms",Petrol,Manual,₹2.18 Lakh,mumbai
Maruti,Maruti ErtigaVXI AT,2016,"95,635kms",Petrol,Automatic,₹4.83 Lakh,mumbai
Honda,Honda CityZX MT,2021,"43,075kms",Petrol,Manual,₹9.49 Lakh,mumbai
Hyundai,Hyundai VenueSX Turbo iMT,2021,"47,638kms",Petrol,Manual,₹7.98 Lakh,mumbai
Maruti,Maruti Wagon RLXI CNG,2013,"44,814kms",CNG,Manual,₹2.03 Lakh,mumbai
Maruti,Maruti ErtigaVXI AT,2021,"1,37,334kms",Petrol,Automatic,₹7.97 Lakh,mumbai
Maruti,Maruti Wagon RLXI CNG,2018,"97,067kms",CNG,Manual,₹3.04 Lakh,mumbai
Maruti,Maruti Ignis1.2 AMT Alpha BSIV,2021,"1,20,392kms",Petrol,Automatic,₹4.98 Lakh,mumbai
Maruti,Maruti Alto 800LXI Opt CNG,2021,"68,605kms",CNG,Manual,₹3.44 Lakh,mumbai
Maruti,Maruti ErtigaVXI,2013,"59,264kms",Petrol,Manual,₹4.94 Lakh,mumbai
Renault,Renault KWID1.0 RXT AMT Opt,2020,"27,046kms",Petrol,Automatic,₹3.37 Lakh,mumbai
Maruti,Maruti Wagon RLXI CNG,2014,"40,150kms",CNG,Manual,₹2.27 Lakh,mumbai
BMW,BMW 3 Series320d Prestige,2015,"51,380kms",Diesel,Automatic,₹8.75 Lakh,mumbai
Maruti,Maruti ErtigaVXI CNG,2016,"59,452kms",CNG,Manual,₹6.18 Lakh,mumbai
Maruti,Maruti CelerioZXI Plus AMT BSVI,2022,"41,490kms",Petrol,Automatic,₹4.18 Lakh,mumbai
Maruti,Maruti DzireZXI Plus,2019,"74,613kms",Petrol,Manual,₹5.29 Lakh,mumbai
Tata,Tata Tigor1.2 Revotron XZA,2019,"85,687kms",Petrol,Automatic,₹3.66 Lakh,mumbai
Tata,Tata Tiago1.2 Revotron XZ Plus,2022,"27,724kms",Petrol,Manual,₹6.16 Lakh,mumbai
Renault,Renault TriberRXZ,2020,"42,015kms",Petrol,Manual,₹5 Lakh,mumbai
Ford,Ford Ecosport1.5 Diesel Titanium BSIV,2018,"85,315kms",Diesel,Manual,₹4.80 Lakh,mumbai
Mahindra,Mahindra KUV 100mFALCON G80 K6 5str,2016,"64,900kms",Petrol,Manual,₹2.18 Lakh,mumbai
Maruti,Maruti ErtigaVXI AT,2016,"95,635kms",Petrol,Automatic,₹4.83 Lakh,mumbai
Honda,Honda CityZX MT,2021,"43,075kms",Petrol,Manual,₹9.49 Lakh,mumbai
Tata,Tata Tigor1.2 Revotron XZ,2022,"28,774kms",Petrol,Manual,₹6.42 Lakh,mumbai
Maruti,Maruti Wagon RLXI CNG,2013,"44,814kms",CNG,Manual,₹2.03 Lakh,mumbai
Maruti,Maruti ErtigaVXI AT,2021,"1,37,334kms",Petrol,Automatic,₹7.97 Lakh,mumbai
Maruti,Maruti Wagon RLXI CNG,2018,"97,067kms",CNG,Manual,₹3.04 Lakh,mumbai
Renault,Renault KWID1.0 RXT AMT Opt,2020,"27,046kms",Petrol,Automatic,₹3.37 Lakh,mumbai
Maruti,Maruti Ignis1.2 AMT Alpha BSIV,2021,"1,20,392kms",Petrol,Automatic,₹4.98 Lakh,mumbai
Maruti,Maruti ErtigaVXI,2013,"59,264kms",Petrol,Manual,₹4.94 Lakh,mumbai
Maruti,Maruti Alto 800LXI Opt CNG,2021,"68,605kms",CNG,Manual,₹3.44 Lakh,mumbai
Maruti,Maruti Wagon RLXI CNG,2014,"40,150kms",CNG,Manual,₹2.27 Lakh,mumbai
BMW,BMW 3 Series320d Prestige,2015,"51,380kms",Diesel,Automatic,₹8.75 Lakh,mumbai
Maruti,Maruti ErtigaVXI CNG,2016,"59,452kms",CNG,Manual,₹6.18 Lakh,mumbai
Maruti,Maruti DzireZXI Plus,2019,"74,613kms",Petrol,Manual,₹5.29 Lakh,mumbai
Maruti,Maruti CelerioZXI Plus AMT BSVI,2022,"41,490kms",Petrol,Automatic,₹4.18 Lakh,mumbai
Tata,Tata Tigor1.2 Revotron XZA,2019,"85,687kms",Petrol,Automatic,₹3.66 Lakh,mumbai
Tata,Tata Tiago1.2 Revotron XZ Plus,2022,"27,724kms",Petrol,Manual,₹6.16 Lakh,mumbai
Renault,Renault TriberRXZ,2020,"42,015kms",Petrol,Manual,₹5 Lakh,mumbai
Ford,Ford Ecosport1.5 Diesel Titanium BSIV,2018,"85,315kms",Diesel,Manual,₹4.80 Lakh,mumbai
Mahindra,Mahindra KUV 100mFALCON G80 K6 5str,2016,"64,900kms",Petrol,Manual,₹2.18 Lakh,mumbai
Maruti,Maruti ErtigaVXI AT,2016,"95,635kms",Petrol,Automatic,₹4.83 Lakh,mumbai
Honda,Honda CityZX MT,2021,"43,075kms",Petrol,Manual,₹9.49 Lakh,mumbai
Hyundai,Hyundai VenueSX Turbo iMT,2021,"47,638kms",Petrol,Manual,₹7.98 Lakh,mumbai
Maruti,Maruti Wagon RLXI CNG,2013,"44,814kms",CNG,Manual,₹2.03 Lakh,mumbai
Maruti,Maruti ErtigaVXI AT,2021,"1,37,334kms",Petrol,Automatic,₹7.97 Lakh,mumbai
Maruti,Maruti Wagon RLXI CNG,2018,"97,067kms",CNG,Manual,₹3.04 Lakh,mumbai
Renault,Renault KWID1.0 RXT AMT Opt,2020,"27,046kms",Petrol,Automatic,₹3.37 Lakh,mumbai
Maruti,Maruti Ignis1.2 AMT Alpha BSIV,2021,"1,20,392kms",Petrol,Automatic,₹4.98 Lakh,mumbai
Maruti,Maruti ErtigaVXI,2013,"59,264kms",Petrol,Manual,₹4.94 Lakh,mumbai
Maruti,Maruti Alto 800LXI Opt CNG,2021,"68,605kms",CNG,Manual,₹3.44 Lakh,mumbai
Maruti,Maruti Wagon RLXI CNG,2014,"40,150kms",CNG,Manual,₹2.27 Lakh,mumbai
BMW,BMW 3 Series320d Prestige,2015,"51,380kms",Diesel,Automatic,₹8.75 Lakh,mumbai
Maruti,Maruti ErtigaVXI CNG,2016,"59,452kms",CNG,Manual,₹6.18 Lakh,mumbai
Maruti,Maruti DzireZXI Plus,2019,"74,613kms",Petrol,Manual,₹5.29 Lakh,mumbai
Maruti,Maruti CelerioZXI Plus AMT BSVI,2022,"41,490kms",Petrol,Automatic,₹4.18 Lakh,mumbai
Tata,Tata Tigor1.2 Revotron XZA,2019,"85,687kms",Petrol,Automatic,₹3.66 Lakh,mumbai
Tata,Tata Tiago1.2 Revotron XZ Plus,2022,"27,724kms",Petrol,Manual,₹6.16 Lakh,mumbai
Renault,Renault TriberRXZ,2020,"42,015kms",Petrol,Manual,₹5 Lakh,mumbai
Ford,Ford Ecosport1.5 Diesel Titanium BSIV,2018,"85,315kms",Diesel,Manual,₹4.80 Lakh,mumbai
Mahindra,Mahindra KUV 100mFALCON G80 K6 5str,2016,"64,900kms",Petrol,Manual,₹2.18 Lakh,mumbai
Maruti,Maruti ErtigaVXI AT,2016,"95,635kms",Petrol,Automatic,₹4.83 Lakh,mumbai
Honda,Honda CityZX MT,2021,"43,075kms",Petrol,Manual,₹9.49 Lakh,mumbai
Hyundai,Hyundai VenueSX Turbo iMT,2021,"47,638kms",Petrol,Manual,₹7.98 Lakh,mumbai
Maruti,Maruti Wagon RLXI CNG,2013,"44,814kms",CNG,Manual,₹2.03 Lakh,mumbai
Maruti,Maruti ErtigaVXI AT,2021,"1,37,334kms",Petrol,Automatic,₹7.97 Lakh,mumbai
Maruti,Maruti Wagon RLXI CNG,2018,"97,067kms",CNG,Manual,₹3.04 Lakh,mumbai
Renault,Renault KWID1.0 RXT AMT Opt,2020,"27,046kms",Petrol,Automatic,₹3.37 Lakh,mumbai
Maruti,Maruti Ignis1.2 AMT Alpha BSIV,2021,"1,20,392kms",Petrol,Automatic,₹4.98 Lakh,mumbai
Maruti,Maruti ErtigaVXI,2013,"59,264kms",Petrol,Manual,₹4.94 Lakh,mumbai
Maruti,Maruti Alto 800LXI Opt CNG,2021,"68,605kms",CNG,Manual,₹3.44 Lakh,mumbai
Maruti,Maruti Wagon RLXI CNG,2014,"40,150kms",CNG,Manual,₹2.27 Lakh,mumbai
BMW,BMW 3 Series320d Prestige,2015,"51,380kms",Diesel,Automatic,₹8.75 Lakh,mumbai
Maruti,Maruti ErtigaVXI CNG,2016,"59,452kms",CNG,Manual,₹6.18 Lakh,mumbai
Maruti,Maruti DzireZXI Plus,2019,"74,613kms",Petrol,Manual,₹5.29 Lakh,mumbai
Maruti,Maruti CelerioZXI Plus AMT BSVI,2022,"41,490kms",Petrol,Automatic,₹4.18 Lakh,mumbai
Tata,Tata Tigor1.2 Revotron XZA,2019,"85,687kms",Petrol,Automatic,₹3.66 Lakh,mumbai
Tata,Tata Tiago1.2 Revotron XZ Plus,2022,"27,724kms",Petrol,Manual,₹6.16 Lakh,mumbai
Renault,Renault TriberRXZ,2020,"42,015kms",Petrol,Manual,₹5 Lakh,mumbai
Ford,Ford Ecosport1.5 Diesel Titanium BSIV,2018,"85,315kms",Diesel,Manual,₹4.80 Lakh,mumbai
Mahindra,Mahindra KUV 100mFALCON G80 K6 5str,2016,"64,900kms",Petrol,Manual,₹2.18 Lakh,mumbai
Maruti,Maruti ErtigaVXI AT,2016,"95,635kms",Petrol,Automatic,₹4.83 Lakh,mumbai
Honda,Honda CityZX MT,2021,"43,075kms",Petrol,Manual,₹9.49 Lakh,mumbai
Hyundai,Hyundai VenueSX Turbo iMT,2021,"47,638kms",Petrol,Manual,₹7.98 Lakh,mumbai
Maruti,Maruti Wagon RLXI CNG,2013,"44,814kms",CNG,Manual,₹2.03 Lakh,mumbai
Maruti,Maruti ErtigaVXI AT,2021,"1,37,334kms",Petrol,Automatic,₹7.97 Lakh,mumbai
Maruti,Maruti Wagon RLXI CNG,2018,"97,067kms",CNG,Manual,₹3.04 Lakh,mumbai
Maruti,Maruti Ignis1.2 AMT Alpha BSIV,2021,"1,20,392kms",Petrol,Automatic,₹4.98 Lakh,mumbai
Maruti,Maruti Alto 800LXI Opt CNG,2021,"68,605kms",CNG,Manual,₹3.44 Lakh,mumbai
Maruti,Maruti ErtigaVXI,2013,"59,264kms",Petrol,Manual,₹4.94 Lakh,mumbai
Renault,Renault KWID1.0 RXT AMT Opt,2020,"27,046kms",Petrol,Automatic,₹3.37 Lakh,mumbai
Maruti,Maruti Wagon RLXI CNG,2014,"40,150kms",CNG,Manual,₹2.27 Lakh,mumbai
BMW,BMW 3 Series320d Prestige,2015,"51,380kms",Diesel,Automatic,₹8.75 Lakh,mumbai
Maruti,Maruti ErtigaVXI CNG,2016,"59,452kms",CNG,Manual,₹6.18 Lakh,mumbai
Maruti,Maruti CelerioZXI Plus AMT BSVI,2022,"41,490kms",Petrol,Automatic,₹4.18 Lakh,mumbai
Maruti,Maruti DzireZXI Plus,2019,"74,613kms",Petrol,Manual,₹5.29 Lakh,mumbai
Tata,Tata Tigor1.2 Revotron XZA,2019,"85,687kms",Petrol,Automatic,₹3.66 Lakh,mumbai
Tata,Tata Tiago1.2 Revotron XZ Plus,2022,"27,724kms",Petrol,Manual,₹6.16 Lakh,mumbai
Renault,Renault TriberRXZ,2020,"42,015kms",Petrol,Manual,₹5 Lakh,mumbai
Ford,Ford Ecosport1.5 Diesel Titanium BSIV,2018,"85,315kms",Diesel,Manual,₹4.80 Lakh,mumbai
Mahindra,Mahindra KUV 100mFALCON G80 K6 5str,2016,"64,900kms",Petrol,Manual,₹2.18 Lakh,mumbai
Maruti,Maruti ErtigaVXI AT,2016,"95,635kms",Petrol,Automatic,₹4.83 Lakh,mumbai
Honda,Honda CityZX MT,2021,"43,075kms",Petrol,Manual,₹9.49 Lakh,mumbai
Tata,Tata Tigor1.2 Revotron XZ,2022,"28,774kms",Petrol,Manual,₹6.42 Lakh,mumbai
Maruti,Maruti Wagon RLXI CNG,2013,"44,814kms",CNG,Manual,₹2.03 Lakh,mumbai
Maruti,Maruti ErtigaVXI AT,2021,"1,37,334kms",Petrol,Automatic,₹7.97 Lakh,mumbai
Maruti,Maruti Wagon RLXI CNG,2018,"97,067kms",CNG,Manual,₹3.04 Lakh,mumbai
Maruti,Maruti Alto 800LXI Opt CNG,2021,"68,605kms",CNG,Manual,₹3.44 Lakh,mumbai
Maruti,Maruti ErtigaVXI,2013,"59,264kms",Petrol,Manual,₹4.94 Lakh,mumbai
Renault,Renault KWID1.0 RXT AMT Opt,2020,"27,046kms",Petrol,Automatic,₹3.37 Lakh,mumbai
Maruti,Maruti Ignis1.2 AMT Alpha BSIV,2021,"1,20,392kms",Petrol,Automatic,₹4.98 Lakh,mumbai
Maruti,Maruti Wagon RLXI CNG,2014,"40,150kms",CNG,Manual,₹2.27 Lakh,mumbai
BMW,BMW 3 Series320d Prestige,2015,"51,380kms",Diesel,Automatic,₹8.75 Lakh,mumbai
Maruti,Maruti ErtigaVXI CNG,2016,"59,452kms",CNG,Manual,₹6.18 Lakh,mumbai
Maruti,Maruti CelerioZXI Plus AMT BSVI,2022,"41,490kms",Petrol,Automatic,₹4.18 Lakh,mumbai
Maruti,Maruti DzireZXI Plus,2019,"74,613kms",Petrol,Manual,₹5.29 Lakh,mumbai
Tata,Tata Tigor1.2 Revotron XZA,2019,"85,687kms",Petrol,Automatic,₹3.66 Lakh,mumbai
Tata,Tata Tiago1.2 Revotron XZ Plus,2022,"27,724kms",Petrol,Manual,₹6.16 Lakh,mumbai
Renault,Renault TriberRXZ,2020,"42,015kms",Petrol,Manual,₹5 Lakh,mumbai
Ford,Ford Ecosport1.5 Diesel Titanium BSIV,2018,"85,315kms",Diesel,Manual,₹4.80 Lakh,mumbai
Mahindra,Mahindra KUV 100mFALCON G80 K6 5str,2016,"64,900kms",Petrol,Manual,₹2.18 Lakh,mumbai
Maruti,Maruti ErtigaVXI AT,2016,"95,635kms",Petrol,Automatic,₹4.83 Lakh,mumbai
Honda,Honda CityZX MT,2021,"43,075kms",Petrol,Manual,₹9.49 Lakh,mumbai
Tata,Tata Tigor1.2 Revotron XZ,2022,"28,774kms",Petrol,Manual,₹6.42 Lakh,mumbai
Maruti,Maruti Wagon RLXI CNG,2013,"44,814kms",CNG,Manual,₹2.03 Lakh,mumbai
Maruti,Maruti ErtigaVXI AT,2021,"1,37,334kms",Petrol,Automatic,₹7.97 Lakh,mumbai
Maruti,Maruti Wagon RLXI CNG,2018,"97,067kms",CNG,Manual,₹3.04 Lakh,mumbai
Maruti,Maruti Alto 800LXI Opt CNG,2021,"68,605kms",CNG,Manual,₹3.44 Lakh,mumbai
Maruti,Maruti ErtigaVXI,2013,"59,264kms",Petrol,Manual,₹4.94 Lakh,mumbai
Renault,Renault KWID1.0 RXT AMT Opt,2020,"27,046kms",Petrol,Automatic,₹3.37 Lakh,mumbai
Maruti,Maruti Ignis1.2 AMT Alpha BSIV,2021,"1,20,392kms",Petrol,Automatic,₹4.98 Lakh,mumbai
Maruti,Maruti Wagon RLXI CNG,2014,"40,150kms",CNG,Manual,₹2.27 Lakh,mumbai
BMW,BMW 3 Series320d Prestige,2015,"51,380kms",Diesel,Automatic,₹8.75 Lakh,mumbai
Maruti,Maruti ErtigaVXI CNG,2016,"59,452kms",CNG,Manual,₹6.18 Lakh,mumbai
Maruti,Maruti CelerioZXI Plus AMT BSVI,2022,"41,490kms",Petrol,Automatic,₹4.18 Lakh,mumbai
Maruti,Maruti DzireZXI Plus,2019,"74,613kms",Petrol,Manual,₹5.29 Lakh,mumbai
Tata,Tata Tigor1.2 Revotron XZA,2019,"85,687kms",Petrol,Automatic,₹3.66 Lakh,mumbai
Tata,Tata Tiago1.2 Revotron XZ Plus,2022,"27,724kms",Petrol,Manual,₹6.16 Lakh,mumbai
Renault,Renault TriberRXZ,2020,"42,015kms",Petrol,Manual,₹5 Lakh,mumbai
Ford,Ford Ecosport1.5 Diesel Titanium BSIV,2018,"85,315kms",Diesel,Manual,₹4.80 Lakh,mumbai
Mahindra,Mahindra KUV 100mFALCON G80 K6 5str,2016,"64,900kms",Petrol,Manual,₹2.18 Lakh,mumbai
Maruti,Maruti ErtigaVXI AT,2016,"95,635kms",Petrol,Automatic,₹4.83 Lakh,mumbai
Honda,Honda CityZX MT,2021,"43,075kms",Petrol,Manual,₹9.49 Lakh,mumbai
Tata,Tata Tigor1.2 Revotron XZ,2022,"28,774kms",Petrol,Manual,₹6.42 Lakh,mumbai
Maruti,Maruti Wagon RLXI CNG,2013,"44,814kms",CNG,Manual,₹2.03 Lakh,mumbai
Maruti,Maruti ErtigaVXI AT,2021,"1,37,334kms",Petrol,Automatic,₹7.97 Lakh,mumbai
Maruti,Maruti Wagon RLXI CNG,2018,"97,067kms",CNG,Manual,₹3.04 Lakh,mumbai
Renault,Renault KWID1.0 RXT AMT Opt,2020,"27,046kms",Petrol,Automatic,₹3.37 Lakh,mumbai
Maruti,Maruti Ignis1.2 AMT Alpha BSIV,2021,"1,20,392kms",Petrol,Automatic,₹4.98 Lakh,mumbai
Maruti,Maruti ErtigaVXI,2013,"59,264kms",Petrol,Manual,₹4.94 Lakh,mumbai
Maruti,Maruti Alto 800LXI Opt CNG,2021,"68,605kms",CNG,Manual,₹3.44 Lakh,mumbai
Maruti,Maruti Wagon RLXI CNG,2014,"40,150kms",CNG,Manual,₹2.27 Lakh,mumbai
BMW,BMW 3 Series320d Prestige,2015,"51,380kms",Diesel,Automatic,₹8.75 Lakh,mumbai
Maruti,Maruti ErtigaVXI CNG,2016,"59,452kms",CNG,Manual,₹6.18 Lakh,mumbai
Maruti,Maruti DzireZXI Plus,2019,"74,613kms",Petrol,Manual,₹5.29 Lakh,mumbai
Maruti,Maruti CelerioZXI Plus AMT BSVI,2022,"41,490kms",Petrol,Automatic,₹4.18 Lakh,mumbai
Tata,Tata Tigor1.2 Revotron XZA,2019,"85,687kms",Petrol,Automatic,₹3.66 Lakh,mumbai
Tata,Tata Tiago1.2 Revotron XZ Plus,2022,"27,724kms",Petrol,Manual,₹6.16 Lakh,mumbai
Renault,Renault TriberRXZ,2020,"42,015kms",Petrol,Manual,₹5 Lakh,mumbai
Ford,Ford Ecosport1.5 Diesel Titanium BSIV,2018,"85,315kms",Diesel,Manual,₹4.80 Lakh,mumbai
Mahindra,Mahindra KUV 100mFALCON G80 K6 5str,2016,"64,900kms",Petrol,Manual,₹2.18 Lakh,mumbai
Maruti,Maruti ErtigaVXI AT,2016,"95,635kms",Petrol,Automatic,₹4.83 Lakh,mumbai
Honda,Honda CityZX MT,2021,"43,075kms",Petrol,Manual,₹9.49 Lakh,mumbai
Hyundai,Hyundai VenueSX Turbo iMT,2021,"47,638kms",Petrol,Manual,₹7.98 Lakh,mumbai
Maruti,Maruti Wagon RLXI CNG,2013,"44,814kms",CNG,Manual,₹2.03 Lakh,mumbai
Maruti,Maruti ErtigaVXI AT,2021,"1,37,334kms",Petrol,Automatic,₹7.97 Lakh,mumbai
Maruti,Maruti Wagon RLXI CNG,2018,"97,067kms",CNG,Manual,₹3.04 Lakh,mumbai
Renault,Renault KWID1.0 RXT AMT Opt,2020,"27,046kms",Petrol,Automatic,₹3.37 Lakh,mumbai
Maruti,Maruti Ignis1.2 AMT Alpha BSIV,2021,"1,20,392kms",Petrol,Automatic,₹4.98 Lakh,mumbai
Maruti,Maruti ErtigaVXI,2013,"59,264kms",Petrol,Manual,₹4.94 Lakh,mumbai
Maruti,Maruti Alto 800LXI Opt CNG,2021,"68,605kms",CNG,Manual,₹3.44 Lakh,mumbai
Maruti,Maruti Wagon RLXI CNG,2014,"40,150kms",CNG,Manual,₹2.27 Lakh,mumbai
BMW,BMW 3 Series320d Prestige,2015,"51,380kms",Diesel,Automatic,₹8.75 Lakh,mumbai
Maruti,Maruti ErtigaVXI CNG,2016,"59,452kms",CNG,Manual,₹6.18 Lakh,mumbai
Maruti,Maruti DzireZXI Plus,2019,"74,613kms",Petrol,Manual,₹5.29 Lakh,mumbai
Maruti,Maruti CelerioZXI Plus AMT BSVI,2022,"41,490kms",Petrol,Automatic,₹4.18 Lakh,mumbai
Tata,Tata Tigor1.2 Revotron XZA,2019,"85,687kms",Petrol,Automatic,₹3.66 Lakh,mumbai
Tata,Tata Tiago1.2 Revotron XZ Plus,2022,"27,724kms",Petrol,Manual,₹6.16 Lakh,mumbai
Renault,Renault TriberRXZ,2020,"42,015kms",Petrol,Manual,₹5 Lakh,mumbai
Ford,Ford Ecosport1.5 Diesel Titanium BSIV,2018,"85,315kms",Diesel,Manual,₹4.80 Lakh,mumbai
Mahindra,Mahindra KUV 100mFALCON G80 K6 5str,2016,"64,900kms",Petrol,Manual,₹2.18 Lakh,mumbai
Maruti,Maruti ErtigaVXI AT,2016,"95,635kms",Petrol,Automatic,₹4.83 Lakh,mumbai
Honda,Honda CityZX MT,2021,"43,075kms",Petrol,Manual,₹9.49 Lakh,mumbai
Hyundai,Hyundai VenueSX Turbo iMT,2021,"47,638kms",Petrol,Manual,₹7.98 Lakh,mumbai
Maruti,Maruti Wagon RLXI CNG,2013,"44,814kms",CNG,Manual,₹2.03 Lakh,mumbai
Maruti,Maruti ErtigaVXI AT,2021,"1,37,334kms",Petrol,Automatic,₹7.97 Lakh,mumbai
Maruti,Maruti Wagon RLXI CNG,2018,"97,067kms",CNG,Manual,₹3.04 Lakh,mumbai
Maruti,Maruti Ignis1.2 AMT Alpha BSIV,2021,"1,20,392kms",Petrol,Automatic,₹4.98 Lakh,mumbai
Maruti,Maruti Alto 800LXI Opt CNG,2021,"68,605kms",CNG,Manual,₹3.44 Lakh,mumbai
Maruti,Maruti ErtigaVXI,2013,"59,264kms",Petrol,Manual,₹4.94 Lakh,mumbai
Renault,Renault KWID1.0 RXT AMT Opt,2020,"27,046kms",Petrol,Automatic,₹3.37 Lakh,mumbai
Maruti,Maruti Wagon RLXI CNG,2014,"40,150kms",CNG,Manual,₹2.27 Lakh,mumbai
BMW,BMW 3 Series320d Prestige,2015,"51,380kms",Diesel,Automatic,₹8.75 Lakh,mumbai
Maruti,Maruti ErtigaVXI CNG,2016,"59,452kms",CNG,Manual,₹6.18 Lakh,mumbai
Maruti,Maruti CelerioZXI Plus AMT BSVI,2022,"41,490kms",Petrol,Automatic,₹4.18 Lakh,mumbai
Maruti,Maruti DzireZXI Plus,2019,"74,613kms",Petrol,Manual,₹5.29 Lakh,mumbai
Tata,Tata Tigor1.2 Revotron XZA,2019,"85,687kms",Petrol,Automatic,₹3.66 Lakh,mumbai
Tata,Tata Tiago1.2 Revotron XZ Plus,2022,"27,724kms",Petrol,Manual,₹6.16 Lakh,mumbai
Renault,Renault TriberRXZ,2020,"42,015kms",Petrol,Manual,₹5 Lakh,mumbai
Ford,Ford Ecosport1.5 Diesel Titanium BSIV,2018,"85,315kms",Diesel,Manual,₹4.80 Lakh,mumbai
Mahindra,Mahindra KUV 100mFALCON G80 K6 5str,2016,"64,900kms",Petrol,Manual,₹2.18 Lakh,mumbai
Maruti,Maruti ErtigaVXI AT,2016,"95,635kms",Petrol,Automatic,₹4.83 Lakh,mumbai
Honda,Honda CityZX MT,2021,"43,075kms",Petrol,Manual,₹9.49 Lakh,mumbai
Tata,Tata Tigor1.2 Revotron XZ,2022,"28,774kms",Petrol,Manual,₹6.42 Lakh,mumbai
Maruti,Maruti Wagon RLXI CNG,2013,"44,814kms",CNG,Manual,₹2.03 Lakh,mumbai
Maruti,Maruti ErtigaVXI AT,2021,"1,37,334kms",Petrol,Automatic,₹7.97 Lakh,mumbai
Maruti,Maruti Wagon RLXI CNG,2018,"97,067kms",CNG,Manual,₹3.04 Lakh,mumbai
Maruti,Maruti Ignis1.2 AMT Alpha BSIV,2021,"1,20,392kms",Petrol,Automatic,₹4.98 Lakh,mumbai
Maruti,Maruti Alto 800LXI Opt CNG,2021,"68,605kms",CNG,Manual,₹3.44 Lakh,mumbai
Maruti,Maruti ErtigaVXI,2013,"59,264kms",Petrol,Manual,₹4.94 Lakh,mumbai
Renault,Renault KWID1.0 RXT AMT Opt,2020,"27,046kms",Petrol,Automatic,₹3.37 Lakh,mumbai
Maruti,Maruti Wagon RLXI CNG,2014,"40,150kms",CNG,Manual,₹2.27 Lakh,mumbai
BMW,BMW 3 Series320d Prestige,2015,"51,380kms",Diesel,Automatic,₹8.75 Lakh,mumbai
Maruti,Maruti ErtigaVXI CNG,2016,"59,452kms",CNG,Manual,₹6.18 Lakh,mumbai
Maruti,Maruti CelerioZXI Plus AMT BSVI,2022,"41,490kms",Petrol,Automatic,₹4.18 Lakh,mumbai
Maruti,Maruti DzireZXI Plus,2019,"74,613kms",Petrol,Manual,₹5.29 Lakh,mumbai
Tata,Tata Tigor1.2 Revotron XZA,2019,"85,687kms",Petrol,Automatic,₹3.66 Lakh,mumbai
Tata,Tata Tiago1.2 Revotron XZ Plus,2022,"27,724kms",Petrol,Manual,₹6.16 Lakh,mumbai
Renault,Renault TriberRXZ,2020,"42,015kms",Petrol,Manual,₹5 Lakh,mumbai
Ford,Ford Ecosport1.5 Diesel Titanium BSIV,2018,"85,315kms",Diesel,Manual,₹4.80 Lakh,mumbai
Mahindra,Mahindra KUV 100mFALCON G80 K6 5str,2016,"64,900kms",Petrol,Manual,₹2.18 Lakh,mumbai
Maruti,Maruti ErtigaVXI AT,2016,"95,635kms",Petrol,Automatic,₹4.83 Lakh,mumbai
Honda,Honda CityZX MT,2021,"43,075kms",Petrol,Manual,₹9.49 Lakh,mumbai
Tata,Tata Tigor1.2 Revotron XZ,2022,"28,774kms",Petrol,Manual,₹6.42 Lakh,mumbai
Maruti,Maruti Wagon RLXI CNG,2013,"44,814kms",CNG,Manual,₹2.03 Lakh,mumbai
Maruti,Maruti ErtigaVXI AT,2021,"1,37,334kms",Petrol,Automatic,₹7.97 Lakh,mumbai
Maruti,Maruti Wagon RLXI CNG,2018,"97,067kms",CNG,Manual,₹3.04 Lakh,mumbai
Maruti,Maruti Alto 800LXI Opt CNG,2021,"68,605kms",CNG,Manual,₹3.44 Lakh,mumbai
Maruti,Maruti ErtigaVXI,2013,"59,264kms",Petrol,Manual,₹4.94 Lakh,mumbai
Renault,Renault KWID1.0 RXT AMT Opt,2020,"27,046kms",Petrol,Automatic,₹3.37 Lakh,mumbai
Maruti,Maruti Ignis1.2 AMT Alpha BSIV,2021,"1,20,392kms",Petrol,Automatic,₹4.98 Lakh,mumbai
Maruti,Maruti Wagon RLXI CNG,2014,"40,150kms",CNG,Manual,₹2.27 Lakh,mumbai
BMW,BMW 3 Series320d Prestige,2015,"51,380kms",Diesel,Automatic,₹8.75 Lakh,mumbai
Maruti,Maruti ErtigaVXI CNG,2016,"59,452kms",CNG,Manual,₹6.18 Lakh,mumbai
Maruti,Maruti CelerioZXI Plus AMT BSVI,2022,"41,490kms",Petrol,Automatic,₹4.18 Lakh,mumbai
Maruti,Maruti DzireZXI Plus,2019,"74,613kms",Petrol,Manual,₹5.29 Lakh,mumbai
Tata,Tata Tigor1.2 Revotron XZA,2019,"85,687kms",Petrol,Automatic,₹3.66 Lakh,mumbai
Tata,Tata Tiago1.2 Revotron XZ Plus,2022,"27,724kms",Petrol,Manual,₹6.16 Lakh,mumbai
Renault,Renault TriberRXZ,2020,"42,015kms",Petrol,Manual,₹5 Lakh,mumbai
Ford,Ford Ecosport1.5 Diesel Titanium BSIV,2018,"85,315kms",Diesel,Manual,₹4.80 Lakh,mumbai
Mahindra,Mahindra KUV 100mFALCON G80 K6 5str,2016,"64,900kms",Petrol,Manual,₹2.18 Lakh,mumbai
Maruti,Maruti ErtigaVXI AT,2016,"95,635kms",Petrol,Automatic,₹4.83 Lakh,mumbai
Honda,Honda CityZX MT,2021,"43,075kms",Petrol,Manual,₹9.49 Lakh,mumbai
Tata,Tata Tigor1.2 Revotron XZ,2022,"28,774kms",Petrol,Manual,₹6.42 Lakh,mumbai
Maruti,Maruti Wagon RLXI CNG,2013,"44,814kms",CNG,Manual,₹2.03 Lakh,mumbai
Maruti,Maruti ErtigaVXI AT,2021,"1,37,334kms",Petrol,Automatic,₹7.97 Lakh,mumbai
Maruti,Maruti Wagon RLXI CNG,2018,"97,067kms",CNG,Manual,₹3.04 Lakh,mumbai
Renault,Renault KWID1.0 RXT AMT Opt,2020,"27,046kms",Petrol,Automatic,₹3.37 Lakh,mumbai
Maruti,Maruti Ignis1.2 AMT Alpha BSIV,2021,"1,20,392kms",Petrol,Automatic,₹4.98 Lakh,mumbai
Maruti,Maruti ErtigaVXI,2013,"59,264kms",Petrol,Manual,₹4.94 Lakh,mumbai
Maruti,Maruti Alto 800LXI Opt CNG,2021,"68,605kms",CNG,Manual,₹3.44 Lakh,mumbai
Maruti,Maruti Wagon RLXI CNG,2014,"40,150kms",CNG,Manual,₹2.27 Lakh,mumbai
BMW,BMW 3 Series320d Prestige,2015,"51,380kms",Diesel,Automatic,₹8.75 Lakh,mumbai
Maruti,Maruti ErtigaVXI CNG,2016,"59,452kms",CNG,Manual,₹6.18 Lakh,mumbai
Maruti,Maruti DzireZXI Plus,2019,"74,613kms",Petrol,Manual,₹5.29 Lakh,mumbai
Maruti,Maruti CelerioZXI Plus AMT BSVI,2022,"41,490kms",Petrol,Automatic,₹4.18 Lakh,mumbai
Tata,Tata Tigor1.2 Revotron XZA,2019,"85,687kms",Petrol,Automatic,₹3.66 Lakh,mumbai
Tata,Tata Tiago1.2 Revotron XZ Plus,2022,"27,724kms",Petrol,Manual,₹6.16 Lakh,mumbai
Renault,Renault TriberRXZ,2020,"42,015kms",Petrol,Manual,₹5 Lakh,mumbai
Ford,Ford Ecosport1.5 Diesel Titanium BSIV,2018,"85,315kms",Diesel,Manual,₹4.80 Lakh,mumbai
Mahindra,Mahindra KUV 100mFALCON G80 K6 5str,2016,"64,900kms",Petrol,Manual,₹2.18 Lakh,mumbai
Maruti,Maruti ErtigaVXI AT,2016,"95,635kms",Petrol,Automatic,₹4.83 Lakh,mumbai
Honda,Honda CityZX MT,2021,"43,075kms",Petrol,Manual,₹9.49 Lakh,mumbai
Hyundai,Hyundai VenueSX Turbo iMT,2021,"47,638kms",Petrol,Manual,₹7.98 Lakh,mumbai
Maruti,Maruti Wagon RLXI CNG,2013,"44,814kms",CNG,Manual,₹2.03 Lakh,mumbai
Maruti,Maruti ErtigaVXI AT,2021,"1,37,334kms",Petrol,Automatic,₹7.97 Lakh,mumbai
Maruti,Maruti Wagon RLXI CNG,2018,"97,067kms",CNG,Manual,₹3.04 Lakh,mumbai
Maruti,Maruti Ignis1.2 AMT Alpha BSIV,2021,"1,20,392kms",Petrol,Automatic,₹4.98 Lakh,mumbai
Maruti,Maruti Alto 800LXI Opt CNG,2021,"68,605kms",CNG,Manual,₹3.44 Lakh,mumbai
Maruti,Maruti ErtigaVXI,2013,"59,264kms",Petrol,Manual,₹4.94 Lakh,mumbai
Renault,Renault KWID1.0 RXT AMT Opt,2020,"27,046kms",Petrol,Automatic,₹3.37 Lakh,mumbai
Maruti,Maruti Wagon RLXI CNG,2014,"40,150kms",CNG,Manual,₹2.27 Lakh,mumbai
BMW,BMW 3 Series320d Prestige,2015,"51,380kms",Diesel,Automatic,₹8.75 Lakh,mumbai
Maruti,Maruti ErtigaVXI CNG,2016,"59,452kms",CNG,Manual,₹6.18 Lakh,mumbai
Maruti,Maruti CelerioZXI Plus AMT BSVI,2022,"41,490kms",Petrol,Automatic,₹4.18 Lakh,mumbai
Maruti,Maruti DzireZXI Plus,2019,"74,613kms",Petrol,Manual,₹5.29 Lakh,mumbai
Tata,Tata Tigor1.2 Revotron XZA,2019,"85,687kms",Petrol,Automatic,₹3.66 Lakh,mumbai
Tata,Tata Tiago1.2 Revotron XZ Plus,2022,"27,724kms",Petrol,Manual,₹6.16 Lakh,mumbai
Renault,Renault TriberRXZ,2020,"42,015kms",Petrol,Manual,₹5 Lakh,mumbai
Ford,Ford Ecosport1.5 Diesel Titanium BSIV,2018,"85,315kms",Diesel,Manual,₹4.80 Lakh,mumbai
Mahindra,Mahindra KUV 100mFALCON G80 K6 5str,2016,"64,900kms",Petrol,Manual,₹2.18 Lakh,mumbai
Maruti,Maruti ErtigaVXI AT,2016,"95,635kms",Petrol,Automatic,₹4.83 Lakh,mumbai
Honda,Honda CityZX MT,2021,"43,075kms",Petrol,Manual,₹9.49 Lakh,mumbai
Tata,Tata Tigor1.2 Revotron XZ,2022,"28,774kms",Petrol,Manual,₹6.42 Lakh,mumbai
Maruti,Maruti Wagon RLXI CNG,2013,"44,814kms",CNG,Manual,₹2.03 Lakh,mumbai
Maruti,Maruti ErtigaVXI AT,2021,"1,37,334kms",Petrol,Automatic,₹7.97 Lakh,mumbai
Maruti,Maruti Wagon RLXI CNG,2018,"97,067kms",CNG,Manual,₹3.04 Lakh,mumbai
Renault,Renault KWID1.0 RXT AMT Opt,2020,"27,046kms",Petrol,Automatic,₹3.37 Lakh,mumbai
Maruti,Maruti Ignis1.2 AMT Alpha BSIV,2021,"1,20,392kms",Petrol,Automatic,₹4.98 Lakh,mumbai
Maruti,Maruti ErtigaVXI,2013,"59,264kms",Petrol,Manual,₹4.94 Lakh,mumbai
Maruti,Maruti Alto 800LXI Opt CNG,2021,"68,605kms",CNG,Manual,₹3.44 Lakh,mumbai
Maruti,Maruti Wagon RLXI CNG,2014,"40,150kms",CNG,Manual,₹2.27 Lakh,mumbai
BMW,BMW 3 Series320d Prestige,2015,"51,380kms",Diesel,Automatic,₹8.75 Lakh,mumbai
Maruti,Maruti ErtigaVXI CNG,2016,"59,452kms",CNG,Manual,₹6.18 Lakh,mumbai
Maruti,Maruti DzireZXI Plus,2019,"74,613kms",Petrol,Manual,₹5.29 Lakh,mumbai
Maruti,Maruti CelerioZXI Plus AMT BSVI,2022,"41,490kms",Petrol,Automatic,₹4.18 Lakh,mumbai
Tata,Tata Tigor1.2 Revotron XZA,2019,"85,687kms",Petrol,Automatic,₹3.66 Lakh,mumbai
Tata,Tata Tiago1.2 Revotron XZ Plus,2022,"27,724kms",Petrol,Manual,₹6.16 Lakh,mumbai
Renault,Renault TriberRXZ,2020,"42,015kms",Petrol,Manual,₹5 Lakh,mumbai
Ford,Ford Ecosport1.5 Diesel Titanium BSIV,2018,"85,315kms",Diesel,Manual,₹4.80 Lakh,mumbai
Mahindra,Mahindra KUV 100mFALCON G80 K6 5str,2016,"64,900kms",Petrol,Manual,₹2.18 Lakh,mumbai
Maruti,Maruti ErtigaVXI AT,2016,"95,635kms",Petrol,Automatic,₹4.83 Lakh,mumbai
Honda,Honda CityZX MT,2021,"43,075kms",Petrol,Manual,₹9.49 Lakh,mumbai
Hyundai,Hyundai VenueSX Turbo iMT,2021,"47,638kms",Petrol,Manual,₹7.98 Lakh,mumbai
Maruti,Maruti Wagon RLXI CNG,2013,"44,814kms",CNG,Manual,₹2.03 Lakh,mumbai
Maruti,Maruti ErtigaVXI AT,2021,"1,37,334kms",Petrol,Automatic,₹7.97 Lakh,mumbai
Maruti,Maruti Wagon RLXI CNG,2018,"97,067kms",CNG,Manual,₹3.04 Lakh,mumbai
Renault,Renault KWID1.0 RXT AMT Opt,2020,"27,046kms",Petrol,Automatic,₹3.37 Lakh,mumbai
Maruti,Maruti Ignis1.2 AMT Alpha BSIV,2021,"1,20,392kms",Petrol,Automatic,₹4.98 Lakh,mumbai
Maruti,Maruti ErtigaVXI,2013,"59,264kms",Petrol,Manual,₹4.94 Lakh,mumbai
Maruti,Maruti Alto 800LXI Opt CNG,2021,"68,605kms",CNG,Manual,₹3.44 Lakh,mumbai
Maruti,Maruti Wagon RLXI CNG,2014,"40,150kms",CNG,Manual,₹2.27 Lakh,mumbai
BMW,BMW 3 Series320d Prestige,2015,"51,380kms",Diesel,Automatic,₹8.75 Lakh,mumbai
Maruti,Maruti ErtigaVXI CNG,2016,"59,452kms",CNG,Manual,₹6.18 Lakh,mumbai
Maruti,Maruti DzireZXI Plus,2019,"74,613kms",Petrol,Manual,₹5.29 Lakh,mumbai
Maruti,Maruti CelerioZXI Plus AMT BSVI,2022,"41,490kms",Petrol,Automatic,₹4.18 Lakh,mumbai
Tata,Tata Tigor1.2 Revotron XZA,2019,"85,687kms",Petrol,Automatic,₹3.66 Lakh,mumbai
Tata,Tata Tiago1.2 Revotron XZ Plus,2022,"27,724kms",Petrol,Manual,₹6.16 Lakh,mumbai
Renault,Renault TriberRXZ,2020,"42,015kms",Petrol,Manual,₹5 Lakh,mumbai
Ford,Ford Ecosport1.5 Diesel Titanium BSIV,2018,"85,315kms",Diesel,Manual,₹4.80 Lakh,mumbai
Mahindra,Mahindra KUV 100mFALCON G80 K6 5str,2016,"64,900kms",Petrol,Manual,₹2.18 Lakh,mumbai
Maruti,Maruti ErtigaVXI AT,2016,"95,635kms",Petrol,Automatic,₹4.83 Lakh,mumbai
Honda,Honda CityZX MT,2021,"43,075kms",Petrol,Manual,₹9.49 Lakh,mumbai
Hyundai,Hyundai VenueSX Turbo iMT,2021,"47,638kms",Petrol,Manual,₹7.98 Lakh,mumbai
Maruti,Maruti Wagon RLXI CNG,2013,"44,814kms",CNG,Manual,₹2.03 Lakh,mumbai
Maruti,Maruti ErtigaVXI AT,2021,"1,37,334kms",Petrol,Automatic,₹7.97 Lakh,mumbai
Maruti,Maruti Wagon RLXI CNG,2018,"97,067kms",CNG,Manual,₹3.04 Lakh,mumbai
Maruti,Maruti Alto 800LXI Opt CNG,2021,"68,605kms",CNG,Manual,₹3.44 Lakh,mumbai
Maruti,Maruti ErtigaVXI,2013,"59,264kms",Petrol,Manual,₹4.94 Lakh,mumbai
Renault,Renault KWID1.0 RXT AMT Opt,2020,"27,046kms",Petrol,Automatic,₹3.37 Lakh,mumbai
Maruti,Maruti Ignis1.2 AMT Alpha BSIV,2021,"1,20,392kms",Petrol,Automatic,₹4.98 Lakh,mumbai
Maruti,Maruti Wagon RLXI CNG,2014,"40,150kms",CNG,Manual,₹2.27 Lakh,mumbai
BMW,BMW 3 Series320d Prestige,2015,"51,380kms",Diesel,Automatic,₹8.75 Lakh,mumbai
Maruti,Maruti ErtigaVXI CNG,2016,"59,452kms",CNG,Manual,₹6.18 Lakh,mumbai
Maruti,Maruti CelerioZXI Plus AMT BSVI,2022,"41,490kms",Petrol,Automatic,₹4.18 Lakh,mumbai
Maruti,Maruti DzireZXI Plus,2019,"74,613kms",Petrol,Manual,₹5.29 Lakh,mumbai
Tata,Tata Tigor1.2 Revotron XZA,2019,"85,687kms",Petrol,Automatic,₹3.66 Lakh,mumbai
Tata,Tata Tiago1.2 Revotron XZ Plus,2022,"27,724kms",Petrol,Manual,₹6.16 Lakh,mumbai
Renault,Renault TriberRXZ,2020,"42,015kms",Petrol,Manual,₹5 Lakh,mumbai
Ford,Ford Ecosport1.5 Diesel Titanium BSIV,2018,"85,315kms",Diesel,Manual,₹4.80 Lakh,mumbai
Mahindra,Mahindra KUV 100mFALCON G80 K6 5str,2016,"64,900kms",Petrol,Manual,₹2.18 Lakh,mumbai
Maruti,Maruti ErtigaVXI AT,2016,"95,635kms",Petrol,Automatic,₹4.83 Lakh,mumbai
Honda,Honda CityZX MT,2021,"43,075kms",Petrol,Manual,₹9.49 Lakh,mumbai
Tata,Tata Tigor1.2 Revotron XZ,2022,"28,774kms",Petrol,Manual,₹6.42 Lakh,mumbai
Maruti,Maruti Wagon RLXI CNG,2013,"44,814kms",CNG,Manual,₹2.03 Lakh,mumbai
Maruti,Maruti ErtigaVXI AT,2021,"1,37,334kms",Petrol,Automatic,₹7.97 Lakh,mumbai
Maruti,Maruti Wagon RLXI CNG,2018,"97,067kms",CNG,Manual,₹3.04 Lakh,mumbai
Renault,Renault KWID1.0 RXT AMT Opt,2020,"27,046kms",Petrol,Automatic,₹3.37 Lakh,mumbai
Maruti,Maruti Ignis1.2 AMT Alpha BSIV,2021,"1,20,392kms",Petrol,Automatic,₹4.98 Lakh,mumbai
Maruti,Maruti ErtigaVXI,2013,"59,264kms",Petrol,Manual,₹4.94 Lakh,mumbai
Maruti,Maruti Alto 800LXI Opt CNG,2021,"68,605kms",CNG,Manual,₹3.44 Lakh,mumbai
Maruti,Maruti Wagon RLXI CNG,2014,"40,150kms",CNG,Manual,₹2.27 Lakh,mumbai
BMW,BMW 3 Series320d Prestige,2015,"51,380kms",Diesel,Automatic,₹8.75 Lakh,mumbai
Maruti,Maruti ErtigaVXI CNG,2016,"59,452kms",CNG,Manual,₹6.18 Lakh,mumbai
Maruti,Maruti DzireZXI Plus,2019,"74,613kms",Petrol,Manual,₹5.29 Lakh,mumbai
Maruti,Maruti CelerioZXI Plus AMT BSVI,2022,"41,490kms",Petrol,Automatic,₹4.18 Lakh,mumbai
Tata,Tata Tigor1.2 Revotron XZA,2019,"85,687kms",Petrol,Automatic,₹3.66 Lakh,mumbai
Tata,Tata Tiago1.2 Revotron XZ Plus,2022,"27,724kms",Petrol,Manual,₹6.16 Lakh,mumbai
Renault,Renault TriberRXZ,2020,"42,015kms",Petrol,Manual,₹5 Lakh,mumbai
Ford,Ford Ecosport1.5 Diesel Titanium BSIV,2018,"85,315kms",Diesel,Manual,₹4.80 Lakh,mumbai
Mahindra,Mahindra KUV 100mFALCON G80 K6 5str,2016,"64,900kms",Petrol,Manual,₹2.18 Lakh,mumbai
Maruti,Maruti ErtigaVXI AT,2016,"95,635kms",Petrol,Automatic,₹4.83 Lakh,mumbai
Honda,Honda CityZX MT,2021,"43,075kms",Petrol,Manual,₹9.49 Lakh,mumbai
Hyundai,Hyundai VenueSX Turbo iMT,2021,"47,638kms",Petrol,Manual,₹7.98 Lakh,mumbai
Maruti,Maruti Wagon RLXI CNG,2013,"44,814kms",CNG,Manual,₹2.03 Lakh,mumbai
Maruti,Maruti ErtigaVXI AT,2021,"1,37,334kms",Petrol,Automatic,₹7.97 Lakh,mumbai
Maruti,Maruti Wagon RLXI CNG,2018,"97,067kms",CNG,Manual,₹3.04 Lakh,mumbai
Maruti,Maruti Ignis1.2 AMT Alpha BSIV,2021,"1,20,392kms",Petrol,Automatic,₹4.98 Lakh,mumbai
Maruti,Maruti Alto 800LXI Opt CNG,2021,"68,605kms",CNG,Manual,₹3.44 Lakh,mumbai
Maruti,Maruti ErtigaVXI,2013,"59,264kms",Petrol,Manual,₹4.94 Lakh,mumbai
Renault,Renault KWID1.0 RXT AMT Opt,2020,"27,046kms",Petrol,Automatic,₹3.37 Lakh,mumbai
Maruti,Maruti Wagon RLXI CNG,2014,"40,150kms",CNG,Manual,₹2.27 Lakh,mumbai
BMW,BMW 3 Series320d Prestige,2015,"51,380kms",Diesel,Automatic,₹8.75 Lakh,mumbai
Maruti,Maruti ErtigaVXI CNG,2016,"59,452kms",CNG,Manual,₹6.18 Lakh,mumbai
Maruti,Maruti CelerioZXI Plus AMT BSVI,2022,"41,490kms",Petrol,Automatic,₹4.18 Lakh,mumbai
Maruti,Maruti DzireZXI Plus,2019,"74,613kms",Petrol,Manual,₹5.29 Lakh,mumbai
Tata,Tata Tigor1.2 Revotron XZA,2019,"85,687kms",Petrol,Automatic,₹3.66 Lakh,mumbai
Tata,Tata Tiago1.2 Revotron XZ Plus,2022,"27,724kms",Petrol,Manual,₹6.16 Lakh,mumbai
Renault,Renault TriberRXZ,2020,"42,015kms",Petrol,Manual,₹5 Lakh,mumbai
Ford,Ford Ecosport1.5 Diesel Titanium BSIV,2018,"85,315kms",Diesel,Manual,₹4.80 Lakh,mumbai
Mahindra,Mahindra KUV 100mFALCON G80 K6 5str,2016,"64,900kms",Petrol,Manual,₹2.18 Lakh,mumbai
Maruti,Maruti ErtigaVXI AT,2016,"95,635kms",Petrol,Automatic,₹4.83 Lakh,mumbai
Honda,Honda CityZX MT,2021,"43,075kms",Petrol,Manual,₹9.49 Lakh,mumbai
Tata,Tata Tigor1.2 Revotron XZ,2022,"28,774kms",Petrol,Manual,₹6.42 Lakh,mumbai
Maruti,Maruti Wagon RLXI CNG,2013,"44,814kms",CNG,Manual,₹2.03 Lakh,mumbai
Maruti,Maruti ErtigaVXI AT,2021,"1,37,334kms",Petrol,Automatic,₹7.97 Lakh,mumbai
Maruti,Maruti Wagon RLXI CNG,2018,"97,067kms",CNG,Manual,₹3.04 Lakh,mumbai
Renault,Renault KWID1.0 RXT AMT Opt,2020,"27,046kms",Petrol,Automatic,₹3.37 Lakh,mumbai
Maruti,Maruti Ignis1.2 AMT Alpha BSIV,2021,"1,20,392kms",Petrol,Automatic,₹4.98 Lakh,mumbai
Maruti,Maruti ErtigaVXI,2013,"59,264kms",Petrol,Manual,₹4.94 Lakh,mumbai
Maruti,Maruti Alto 800LXI Opt CNG,2021,"68,605kms",CNG,Manual,₹3.44 Lakh,mumbai
Maruti,Maruti Wagon RLXI CNG,2014,"40,150kms",CNG,Manual,₹2.27 Lakh,mumbai
BMW,BMW 3 Series320d Prestige,2015,"51,380kms",Diesel,Automatic,₹8.75 Lakh,mumbai
Maruti,Maruti ErtigaVXI CNG,2016,"59,452kms",CNG,Manual,₹6.18 Lakh,mumbai
Maruti,Maruti DzireZXI Plus,2019,"74,613kms",Petrol,Manual,₹5.29 Lakh,mumbai
Maruti,Maruti CelerioZXI Plus AMT BSVI,2022,"41,490kms",Petrol,Automatic,₹4.18 Lakh,mumbai
Tata,Tata Tigor1.2 Revotron XZA,2019,"85,687kms",Petrol,Automatic,₹3.66 Lakh,mumbai
Tata,Tata Tiago1.2 Revotron XZ Plus,2022,"27,724kms",Petrol,Manual,₹6.16 Lakh,mumbai
Renault,Renault TriberRXZ,2020,"42,015kms",Petrol,Manual,₹5 Lakh,mumbai
Ford,Ford Ecosport1.5 Diesel Titanium BSIV,2018,"85,315kms",Diesel,Manual,₹4.80 Lakh,mumbai
Mahindra,Mahindra KUV 100mFALCON G80 K6 5str,2016,"64,900kms",Petrol,Manual,₹2.18 Lakh,mumbai
Maruti,Maruti ErtigaVXI AT,2016,"95,635kms",Petrol,Automatic,₹4.83 Lakh,mumbai
Honda,Honda CityZX MT,2021,"43,075kms",Petrol,Manual,₹9.49 Lakh,mumbai
Hyundai,Hyundai VenueSX Turbo iMT,2021,"47,638kms",Petrol,Manual,₹7.98 Lakh,mumbai
Maruti,Maruti Wagon RLXI CNG,2013,"44,814kms",CNG,Manual,₹2.03 Lakh,mumbai
Maruti,Maruti ErtigaVXI AT,2021,"1,37,334kms",Petrol,Automatic,₹7.97 Lakh,mumbai
Maruti,Maruti Wagon RLXI CNG,2018,"97,067kms",CNG,Manual,₹3.04 Lakh,mumbai
Renault,Renault KWID1.0 RXT AMT Opt,2020,"27,046kms",Petrol,Automatic,₹3.37 Lakh,mumbai
Maruti,Maruti Ignis1.2 AMT Alpha BSIV,2021,"1,20,392kms",Petrol,Automatic,₹4.98 Lakh,mumbai
Maruti,Maruti ErtigaVXI,2013,"59,264kms",Petrol,Manual,₹4.94 Lakh,mumbai
Maruti,Maruti Alto 800LXI Opt CNG,2021,"68,605kms",CNG,Manual,₹3.44 Lakh,mumbai
Maruti,Maruti Wagon RLXI CNG,2014,"40,150kms",CNG,Manual,₹2.27 Lakh,mumbai
BMW,BMW 3 Series320d Prestige,2015,"51,380kms",Diesel,Automatic,₹8.75 Lakh,mumbai
Maruti,Maruti ErtigaVXI CNG,2016,"59,452kms",CNG,Manual,₹6.18 Lakh,mumbai
Maruti,Maruti DzireZXI Plus,2019,"74,613kms",Petrol,Manual,₹5.29 Lakh,mumbai
Maruti,Maruti CelerioZXI Plus AMT BSVI,2022,"41,490kms",Petrol,Automatic,₹4.18 Lakh,mumbai
Tata,Tata Tigor1.2 Revotron XZA,2019,"85,687kms",Petrol,Automatic,₹3.66 Lakh,mumbai
Tata,Tata Tiago1.2 Revotron XZ Plus,2022,"27,724kms",Petrol,Manual,₹6.16 Lakh,mumbai
Renault,Renault TriberRXZ,2020,"42,015kms",Petrol,Manual,₹5 Lakh,mumbai
Ford,Ford Ecosport1.5 Diesel Titanium BSIV,2018,"85,315kms",Diesel,Manual,₹4.80 Lakh,mumbai
Mahindra,Mahindra KUV 100mFALCON G80 K6 5str,2016,"64,900kms",Petrol,Manual,₹2.18 Lakh,mumbai
Maruti,Maruti ErtigaVXI AT,2016,"95,635kms",Petrol,Automatic,₹4.83 Lakh,mumbai
Honda,Honda CityZX MT,2021,"43,075kms",Petrol,Manual,₹9.49 Lakh,mumbai
Hyundai,Hyundai VenueSX Turbo iMT,2021,"47,638kms",Petrol,Manual,₹7.98 Lakh,mumbai
Maruti,Maruti Wagon RLXI CNG,2013,"44,814kms",CNG,Manual,₹2.03 Lakh,mumbai
Maruti,Maruti ErtigaVXI AT,2021,"1,37,334kms",Petrol,Automatic,₹7.97 Lakh,mumbai
Maruti,Maruti Wagon RLXI CNG,2018,"97,067kms",CNG,Manual,₹3.04 Lakh,mumbai
Renault,Renault KWID1.0 RXT AMT Opt,2020,"27,046kms",Petrol,Automatic,₹3.37 Lakh,mumbai
Maruti,Maruti Ignis1.2 AMT Alpha BSIV,2021,"1,20,392kms",Petrol,Automatic,₹4.98 Lakh,mumbai
Maruti,Maruti ErtigaVXI,2013,"59,264kms",Petrol,Manual,₹4.94 Lakh,mumbai
Maruti,Maruti Alto 800LXI Opt CNG,2021,"68,605kms",CNG,Manual,₹3.44 Lakh,mumbai
Maruti,Maruti Wagon RLXI CNG,2014,"40,150kms",CNG,Manual,₹2.27 Lakh,mumbai
BMW,BMW 3 Series320d Prestige,2015,"51,380kms",Diesel,Automatic,₹8.75 Lakh,mumbai
Maruti,Maruti ErtigaVXI CNG,2016,"59,452kms",CNG,Manual,₹6.18 Lakh,mumbai
Maruti,Maruti DzireZXI Plus,2019,"74,613kms",Petrol,Manual,₹5.29 Lakh,mumbai
Maruti,Maruti CelerioZXI Plus AMT BSVI,2022,"41,490kms",Petrol,Automatic,₹4.18 Lakh,mumbai
Tata,Tata Tigor1.2 Revotron XZA,2019,"85,687kms",Petrol,Automatic,₹3.66 Lakh,mumbai
Tata,Tata Tiago1.2 Revotron XZ Plus,2022,"27,724kms",Petrol,Manual,₹6.16 Lakh,mumbai
Renault,Renault TriberRXZ,2020,"42,015kms",Petrol,Manual,₹5 Lakh,mumbai
Ford,Ford Ecosport1.5 Diesel Titanium BSIV,2018,"85,315kms",Diesel,Manual,₹4.80 Lakh,mumbai
Mahindra,Mahindra KUV 100mFALCON G80 K6 5str,2016,"64,900kms",Petrol,Manual,₹2.18 Lakh,mumbai
Maruti,Maruti ErtigaVXI AT,2016,"95,635kms",Petrol,Automatic,₹4.83 Lakh,mumbai
Honda,Honda CityZX MT,2021,"43,075kms",Petrol,Manual,₹9.49 Lakh,mumbai
Hyundai,Hyundai VenueSX Turbo iMT,2021,"47,638kms",Petrol,Manual,₹7.98 Lakh,mumbai
Maruti,Maruti Wagon RLXI CNG,2013,"44,814kms",CNG,Manual,₹2.03 Lakh,mumbai
Maruti,Maruti ErtigaVXI AT,2021,"1,37,334kms",Petrol,Automatic,₹7.97 Lakh,mumbai
Maruti,Maruti Wagon RLXI CNG,2018,"97,067kms",CNG,Manual,₹3.04 Lakh,mumbai
Maruti,Maruti Alto 800LXI Opt CNG,2021,"68,605kms",CNG,Manual,₹3.44 Lakh,mumbai
Maruti,Maruti ErtigaVXI,2013,"59,264kms",Petrol,Manual,₹4.94 Lakh,mumbai
Renault,Renault KWID1.0 RXT AMT Opt,2020,"27,046kms",Petrol,Automatic,₹3.37 Lakh,mumbai
Maruti,Maruti Ignis1.2 AMT Alpha BSIV,2021,"1,20,392kms",Petrol,Automatic,₹4.98 Lakh,mumbai
Maruti,Maruti Wagon RLXI CNG,2014,"40,150kms",CNG,Manual,₹2.27 Lakh,mumbai
BMW,BMW 3 Series320d Prestige,2015,"51,380kms",Diesel,Automatic,₹8.75 Lakh,mumbai
Maruti,Maruti ErtigaVXI CNG,2016,"59,452kms",CNG,Manual,₹6.18 Lakh,mumbai
Maruti,Maruti CelerioZXI Plus AMT BSVI,2022,"41,490kms",Petrol,Automatic,₹4.18 Lakh,mumbai
Maruti,Maruti DzireZXI Plus,2019,"74,613kms",Petrol,Manual,₹5.29 Lakh,mumbai
Tata,Tata Tigor1.2 Revotron XZA,2019,"85,687kms",Petrol,Automatic,₹3.66 Lakh,mumbai
Tata,Tata Tiago1.2 Revotron XZ Plus,2022,"27,724kms",Petrol,Manual,₹6.16 Lakh,mumbai
Renault,Renault TriberRXZ,2020,"42,015kms",Petrol,Manual,₹5 Lakh,mumbai
Ford,Ford Ecosport1.5 Diesel Titanium BSIV,2018,"85,315kms",Diesel,Manual,₹4.80 Lakh,mumbai
Mahindra,Mahindra KUV 100mFALCON G80 K6 5str,2016,"64,900kms",Petrol,Manual,₹2.18 Lakh,mumbai
Maruti,Maruti ErtigaVXI AT,2016,"95,635kms",Petrol,Automatic,₹4.83 Lakh,mumbai
Tata,Tata Tigor1.2 Revotron XZ,2022,"28,774kms",Petrol,Manual,₹6.42 Lakh,mumbai
Hyundai,Hyundai VenueSX Turbo iMT,2021,"47,638kms",Petrol,Manual,₹7.98 Lakh,mumbai
Maruti,Maruti ErtigaVXI AT,2021,"1,37,334kms",Petrol,Automatic,₹7.97 Lakh,mumbai
Maruti,Maruti Wagon RLXI CNG,2013,"44,814kms",CNG,Manual,₹2.03 Lakh,mumbai
Maruti,Maruti Wagon RLXI CNG,2018,"97,067kms",CNG,Manual,₹3.04 Lakh,mumbai
Maruti,Maruti ErtigaVXI,2013,"59,264kms",Petrol,Manual,₹4.94 Lakh,mumbai
Maruti,Maruti Alto 800LXI Opt CNG,2021,"68,605kms",CNG,Manual,₹3.44 Lakh,mumbai
Maruti,Maruti Ignis1.2 AMT Alpha BSIV,2021,"1,20,392kms",Petrol,Automatic,₹4.98 Lakh,mumbai
Renault,Renault KWID1.0 RXT AMT Opt,2020,"27,046kms",Petrol,Automatic,₹3.37 Lakh,mumbai
Maruti,Maruti Wagon RLXI CNG,2014,"40,150kms",CNG,Manual,₹2.27 Lakh,mumbai
BMW,BMW 3 Series320d Prestige,2015,"51,380kms",Diesel,Automatic,₹8.75 Lakh,mumbai
Maruti,Maruti ErtigaVXI CNG,2016,"59,452kms",CNG,Manual,₹6.18 Lakh,mumbai
Maruti,Maruti DzireZXI Plus,2019,"74,613kms",Petrol,Manual,₹5.29 Lakh,mumbai
Maruti,Maruti CelerioZXI Plus AMT BSVI,2022,"41,490kms",Petrol,Automatic,₹4.18 Lakh,mumbai
Tata,Tata Tigor1.2 Revotron XZA,2019,"85,687kms",Petrol,Automatic,₹3.66 Lakh,mumbai
Tata,Tata Tiago1.2 Revotron XZ Plus,2022,"27,724kms",Petrol,Manual,₹6.16 Lakh,mumbai
Renault,Renault TriberRXZ,2020,"42,015kms",Petrol,Manual,₹5 Lakh,mumbai
Ford,Ford Ecosport1.5 Diesel Titanium BSIV,2018,"85,315kms",Diesel,Manual,₹4.80 Lakh,mumbai
Mahindra,Mahindra KUV 100mFALCON G80 K6 5str,2016,"64,900kms",Petrol,Manual,₹2.18 Lakh,mumbai
Maruti,Maruti ErtigaVXI AT,2016,"95,635kms",Petrol,Automatic,₹4.83 Lakh,mumbai
Hyundai,Hyundai VenueSX Turbo iMT,2021,"47,638kms",Petrol,Manual,₹7.98 Lakh,mumbai
Honda,Honda CityZX MT,2021,"43,075kms",Petrol,Manual,₹9.49 Lakh,mumbai
Maruti,Maruti ErtigaVXI AT,2021,"1,37,334kms",Petrol,Automatic,₹7.97 Lakh,mumbai
Maruti,Maruti Wagon RLXI CNG,2013,"44,814kms",CNG,Manual,₹2.03 Lakh,mumbai
Maruti,Maruti Wagon RLXI CNG,2018,"97,067kms",CNG,Manual,₹3.04 Lakh,mumbai
Maruti,Maruti Ignis1.2 AMT Alpha BSIV,2021,"1,20,392kms",Petrol,Automatic,₹4.98 Lakh,mumbai
Renault,Renault KWID1.0 RXT AMT Opt,2020,"27,046kms",Petrol,Automatic,₹3.37 Lakh,mumbai
Maruti,Maruti Alto 800LXI Opt CNG,2021,"68,605kms",CNG,Manual,₹3.44 Lakh,mumbai
Maruti,Maruti ErtigaVXI,2013,"59,264kms",Petrol,Manual,₹4.94 Lakh,mumbai
Maruti,Maruti Wagon RLXI CNG,2014,"40,150kms",CNG,Manual,₹2.27 Lakh,mumbai
BMW,BMW 3 Series320d Prestige,2015,"51,380kms",Diesel,Automatic,₹8.75 Lakh,mumbai
Maruti,Maruti ErtigaVXI CNG,2016,"59,452kms",CNG,Manual,₹6.18 Lakh,mumbai
Maruti,Maruti DzireZXI Plus,2019,"74,613kms",Petrol,Manual,₹5.29 Lakh,mumbai
Maruti,Maruti CelerioZXI Plus AMT BSVI,2022,"41,490kms",Petrol,Automatic,₹4.18 Lakh,mumbai
Tata,Tata Tigor1.2 Revotron XZA,2019,"85,687kms",Petrol,Automatic,₹3.66 Lakh,mumbai
Tata,Tata Tiago1.2 Revotron XZ Plus,2022,"27,724kms",Petrol,Manual,₹6.16 Lakh,mumbai
Renault,Renault TriberRXZ,2020,"42,015kms",Petrol,Manual,₹5 Lakh,mumbai
Ford,Ford Ecosport1.5 Diesel Titanium BSIV,2018,"85,315kms",Diesel,Manual,₹4.80 Lakh,mumbai
Mahindra,Mahindra KUV 100mFALCON G80 K6 5str,2016,"64,900kms",Petrol,Manual,₹2.18 Lakh,mumbai
Maruti,Maruti ErtigaVXI AT,2016,"95,635kms",Petrol,Automatic,₹4.83 Lakh,mumbai
Honda,Honda CityZX MT,2021,"43,075kms",Petrol,Manual,₹9.49 Lakh,mumbai
Tata,Tata Tigor1.2 Revotron XZ,2022,"28,774kms",Petrol,Manual,₹6.42 Lakh,mumbai
Maruti,Maruti Wagon RLXI CNG,2013,"44,814kms",CNG,Manual,₹2.03 Lakh,mumbai
Maruti,Maruti ErtigaVXI AT,2021,"1,37,334kms",Petrol,Automatic,₹7.97 Lakh,mumbai
Maruti,Maruti Wagon RLXI CNG,2018,"97,067kms",CNG,Manual,₹3.04 Lakh,mumbai
Maruti,Maruti Alto 800LXI Opt CNG,2021,"68,605kms",CNG,Manual,₹3.44 Lakh,mumbai
Renault,Renault KWID1.0 RXT AMT Opt,2020,"27,046kms",Petrol,Automatic,₹3.37 Lakh,mumbai
Maruti,Maruti Ignis1.2 AMT Alpha BSIV,2021,"1,20,392kms",Petrol,Automatic,₹4.98 Lakh,mumbai
Maruti,Maruti ErtigaVXI,2013,"59,264kms",Petrol,Manual,₹4.94 Lakh,mumbai
Maruti,Maruti Wagon RLXI CNG,2014,"40,150kms",CNG,Manual,₹2.27 Lakh,mumbai
BMW,BMW 3 Series320d Prestige,2015,"51,380kms",Diesel,Automatic,₹8.75 Lakh,mumbai
Maruti,Maruti ErtigaVXI CNG,2016,"59,452kms",CNG,Manual,₹6.18 Lakh,mumbai
Maruti,Maruti CelerioZXI Plus AMT BSVI,2022,"41,490kms",Petrol,Automatic,₹4.18 Lakh,mumbai
Maruti,Maruti DzireZXI Plus,2019,"74,613kms",Petrol,Manual,₹5.29 Lakh,mumbai
Tata,Tata Tigor1.2 Revotron XZA,2019,"85,687kms",Petrol,Automatic,₹3.66 Lakh,mumbai
Tata,Tata Tiago1.2 Revotron XZ Plus,2022,"27,724kms",Petrol,Manual,₹6.16 Lakh,mumbai
Renault,Renault TriberRXZ,2020,"42,015kms",Petrol,Manual,₹5 Lakh,mumbai
Ford,Ford Ecosport1.5 Diesel Titanium BSIV,2018,"85,315kms",Diesel,Manual,₹4.80 Lakh,mumbai
Mahindra,Mahindra KUV 100mFALCON G80 K6 5str,2016,"64,900kms",Petrol,Manual,₹2.18 Lakh,mumbai
Maruti,Maruti ErtigaVXI AT,2016,"95,635kms",Petrol,Automatic,₹4.83 Lakh,mumbai
Honda,Honda CityZX MT,2021,"43,075kms",Petrol,Manual,₹9.49 Lakh,mumbai
Tata,Tata Tigor1.2 Revotron XZ,2022,"28,774kms",Petrol,Manual,₹6.42 Lakh,mumbai
Mercedes-Benz,Mercedes-Benz GLA Class200 Sport,2018,"60,227kms",Petrol,Automatic,₹17.67 Lakh,mumbai
Toyota,Toyota Corolla AltisPetrol LE,2016,"68,235kms",Petrol,Manual,₹5.74 Lakh,mumbai
Hyundai,Hyundai Grand i101.2 Kappa Sportz BSIV,2019,"75,298kms",Petrol,Manual,₹3.90 Lakh,mumbai
Hyundai,Hyundai i201.2 Asta,2018,"49,961kms",Petrol,Manual,₹5.05 Lakh,mumbai
Tata,Tata TiagoXT CNG,2022,"30,478kms",CNG,Manual,₹5.60 Lakh,mumbai
Honda,Honda CityZX MT,2022,"42,880kms",Petrol,Manual,₹11.36 Lakh,mumbai
Maruti,Maruti Alto 800VXI Plus,2021,"21,499kms",Petrol,Manual,₹3.51 Lakh,mumbai
Renault,Renault TriberRXZ,2022,"10,516kms",Petrol,Manual,₹6.15 Lakh,mumbai
Honda,Honda CityV MT,2021,"25,352kms",Petrol,Manual,₹9.79 Lakh,mumbai
Toyota,Toyota Urban cruiserPremium,2021,"81,951kms",Petrol,Manual,₹6.17 Lakh,mumbai
Hyundai,Hyundai Grand i101.2 Kappa Sportz BSIV,2018,"53,194kms",Petrol,Manual,₹3.10 Lakh,mumbai
Renault,Renault KWID1.0 RXT AMT Opt,2017,"32,241kms",Petrol,Automatic,₹2.55 Lakh,mumbai
Maruti,Maruti Ciaz1.4 AT Delta,2019,"34,506kms",Petrol,Automatic,₹6.37 Lakh,mumbai
Honda,Honda CityV MT,2021,"40,376kms",Petrol,Manual,₹9.69 Lakh,mumbai
Honda,Honda Cityi VTEC VX Option,2016,"73,026kms",Petrol,Manual,₹4.21 Lakh,mumbai
Maruti,Maruti Wagon RAMT VXI,2016,"15,712kms",Petrol,Automatic,₹2.53 Lakh,mumbai
Maruti,Maruti CiazAlpha BSIV,2018,"44,997kms",Petrol,Manual,₹5.27 Lakh,mumbai
Tata,Tata AltrozXZA Plus DCT,2023,"12,356kms",Petrol,Automatic,₹7.96 Lakh,mumbai
Hyundai,Hyundai i201.2 Magna Executive,2017,"38,194kms",Petrol,Manual,₹3.71 Lakh,mumbai
Honda,Honda AmazeV CVT Petrol BSIV,2018,"39,340kms",Petrol,Automatic,₹4.65 Lakh,mumbai
Maruti,Maruti SwiftVXI,2020,"24,348kms",Petrol,Manual,₹5.24 Lakh,mumbai
Maruti,Maruti BalenoAlpha AMT,2023,"9,752kms",Petrol,Automatic,₹8.40 Lakh,mumbai
Maruti,Maruti CelerioVXI CNG,2022,"18,122kms",CNG,Manual,₹5.25 Lakh,mumbai
Maruti,Maruti CiazVXi,2016,"93,669kms",Petrol,Manual,₹4.26 Lakh,mumbai
Hyundai,Hyundai VernaSX Turbo DCT,2024,"15,926kms",Petrol,Automatic,₹15.57 Lakh,mumbai
Ford,Ford Ecosport1.5 Diesel Titanium BSIV,2018,"85,315kms",Diesel,Manual,₹4.80 Lakh,mumbai
Maruti,Maruti CelerioZXI,2016,"74,792kms",Petrol,Manual,₹3.56 Lakh,mumbai
Maruti,Maruti CelerioVXI CNG,2022,"29,299kms",CNG,Manual,₹4.69 Lakh,mumbai
Hyundai,Hyundai Grand i101.2 Kappa Sportz BSIV,2018,"58,606kms",Petrol,Manual,₹3.39 Lakh,mumbai
Volkswagen,Volkswagen VirtusTopline,2022,"24,463kms",Petrol,Manual,₹11.75 Lakh,mumbai
Maruti,Maruti Vitara BrezzaZXI Plus Dual Tone,2023,"61,454kms",Petrol,Manual,₹10.79 Lakh,mumbai
Honda,Honda JazzVX,2021,"26,430kms",Petrol,Manual,₹7.24 Lakh,mumbai
Mercedes-Benz,Mercedes-Benz C-ClassAMG Line C 300d,2020,"49,632kms",Diesel,Automatic,₹33.23 Lakh,mumbai
Hyundai,Hyundai CretaSX Opt Turbo DCT,2021,"77,081kms",Petrol,Automatic,₹12.17 Lakh,mumbai
MG,MG Hector PlusSharp CVT,2021,"43,994kms",Petrol,Automatic,₹12.14 Lakh,mumbai
Maruti,Maruti Ignis1.2 AMT Alpha BSIV,2019,"33,958kms",Petrol,Automatic,₹5.59 Lakh,mumbai
Hyundai,Hyundai VenueSX Opt Turbo,2021,"38,296kms",Petrol,Manual,₹7.88 Lakh,mumbai
Hyundai,Hyundai Creta1.6 VTVT S,2019,"57,325kms",Petrol,Manual,₹8.23 Lakh,mumbai
Hyundai,Hyundai VenueSX Opt Turbo,2022,"11,383kms",Petrol,Manual,₹9.18 Lakh,mumbai
Honda,Honda CitySV MT,2014,"1,01,357kms",Petrol,Manual,₹4.03 Lakh,mumbai
Tata,Tata AltrozXZ Plus,2022,"11,194kms",Petrol,Manual,₹7.11 Lakh,mumbai
Maruti,Maruti CelerioVXI CNG,2023,"20,955kms",CNG,Manual,₹5.46 Lakh,mumbai
Hyundai,Hyundai Grand i101.2 Kappa Magna BSIV,2015,"43,250kms",Petrol,Manual,₹3.03 Lakh,mumbai
Tata,Tata Tiago1.2 Revotron XZA,2020,"55,082kms",Petrol,Automatic,₹5.13 Lakh,mumbai
Maruti,Maruti ErtigaVXI,2013,"59,264kms",Petrol,Manual,₹4.94 Lakh,mumbai
Renault,Renault KWID1.0 RXT AMT Opt,2019,"24,683kms",Petrol,Automatic,₹3.19 Lakh,mumbai
Honda,Honda BrioVX,2015,"77,032kms",Petrol,Manual,₹3.06 Lakh,mumbai
Hyundai,Hyundai i20Sportz 1.2,2014,"42,721kms",Petrol,Manual,₹2.81 Lakh,mumbai
Maruti,Maruti Alto 800VXI,2022,"28,394kms",Petrol,Manual,₹3.57 Lakh,mumbai
Toyota,Toyota Corolla AltisPetrol LE,2015,"92,160kms",Petrol,Manual,₹5.18 Lakh,mumbai
Honda,Honda JazzZX,2021,"12,723kms",Petrol,Manual,₹8.02 Lakh,mumbai
Jeep,Jeep Compass2.0 Sport,2018,"1,00,566kms",Diesel,Manual,₹6.86 Lakh,mumbai
MG,MG Hector PlusSharp Hybrid MT,2021,"62,486kms",Petrol,Manual,₹11.18 Lakh,mumbai
Ford,Ford FigoTitanium Blu,2020,"71,297kms",Petrol,Manual,₹3.59 Lakh,mumbai
Renault,Renault KWIDRXT,2016,"62,857kms",Petrol,Manual,₹1.80 Lakh,mumbai
Maruti,Maruti CiazVXi,2015,"55,095kms",Petrol,Manual,₹4.29 Lakh,mumbai
Hyundai,Hyundai Grand i101.2 Kappa Sportz BSIV,2014,"38,927kms",Petrol,Manual,₹3.33 Lakh,mumbai
Tata,Tata NexonXMA Plus AMT S,2022,"19,848kms",Petrol,Automatic,₹8.35 Lakh,mumbai
Hyundai,Hyundai VenueSX Opt Turbo DCT Special Edition,2022,"87,804kms",Petrol,Automatic,₹8.27 Lakh,mumbai
Maruti,Maruti XL6Zeta AT,2022,"26,610kms",Petrol,Automatic,₹10.85 Lakh,mumbai
BMW,2019BMW 6 SeriesGT 630i Luxury Line  -2021,2018,"37,800kms",Petrol,Automatic,₹38.50 Lakh,mumbai
Toyota,Toyota Innova Crysta2.4 GX MT 8 STR,2017,"46,000kms",Diesel,Manual,₹13.90 Lakh,mumbai
Toyota,Toyota Corolla AltisVL AT,2015,"1,53,216kms",Petrol,Automatic,₹6.65 Lakh,mumbai
Hyundai,Hyundai Grand i10Magna,2017,"37,000kms",Petrol,Manual,₹4.85 Lakh,mumbai
Maruti,Maruti XL6Zeta AT,2022,"78,000kms",Petrol,Automatic,₹10.75 Lakh,mumbai
Mercedes-Benz,Mercedes-Benz GL-Class350 CDI Blue Efficiency,2016,"73,000kms",Diesel,Automatic,₹24.45 Lakh,mumbai
Mercedes-Benz,Mercedes-Benz E-ClassE250 CDI,2013,"27,875kms",Diesel,Automatic,₹10.11 Lakh,mumbai
Hyundai,Hyundai CretaSX Opt Diesel AT BSVI,2022,"78,000kms",Diesel,Automatic,₹16.45 Lakh,mumbai
Kia,Kia CarnivalLimousine Plus,2022,"36,000kms",Diesel,Automatic,₹33.50 Lakh,mumbai
Tata,Tata HexaXM,2019,"1,18,000kms",Diesel,Manual,₹7.95 Lakh,mumbai
Tata,Tata HarrierXZA AT BSVI,2021,"34,800kms",Diesel,Automatic,₹15.49 Lakh,mumbai
Volkswagen,Volkswagen VentoPetrol Highline,2014,"79,000kms",Petrol,Manual,₹3.85 Lakh,mumbai
Honda,Honda JazzVX,2022,"19,214kms",Petrol,Manual,₹6.85 Lakh,mumbai
Hyundai,Hyundai Creta1.6 VTVT SX Plus Dual Tone,2016,"55,629kms",Petrol,Manual,₹7.09 Lakh,mumbai
Mercedes-Benz,Mercedes-Benz GLE250d,2016,"79,000kms",Diesel,Automatic,₹23.99 Lakh,mumbai
Honda,Honda CityV MT,2022,"33,494kms",Petrol,Manual,₹9.50 Lakh,mumbai
Honda,Honda Jazz1.2 S AT i VTEC,2015,"58,248kms",Petrol,Automatic,₹4.45 Lakh,mumbai
Hyundai,Hyundai Creta1.6 VTVT S,2015,"57,000kms",Petrol,Manual,₹6.95 Lakh,mumbai
Maruti,Maruti Wagon RLXI BS IV,2019,"59,000kms",Petrol,Manual,₹4.57 Lakh,mumbai
Jeep,Jeep Compass2.0 Limited Option,2018,"64,000kms",Diesel,Manual,₹8.50 Lakh,mumbai
Honda,Honda MobilioS i-VTEC,2015,"70,374kms",Petrol,Manual,₹4.95 Lakh,mumbai
BMW,BMW 3 Series320d,2016,"57,724kms",Diesel,Automatic,₹13.50 Lakh,mumbai
Skoda,Skoda OctaviaElegance 1.8 TSI AT,2014,"77,000kms",Petrol,Automatic,₹4.55 Lakh,mumbai
Hyundai,Hyundai Verna1.6 SX VTVT AT,2012,"86,370kms",Petrol,Automatic,₹2.85 Lakh,mumbai
Toyota,Toyota Innova2.5 G (Diesel) 8 Seater BS IV,2014,"1,07,000kms",Diesel,Manual,₹6.15 Lakh,mumbai
Tata,Tata Nexon1.2 Revotron XZA Plus,2020,"37,869kms",Petrol,Automatic,₹6.65 Lakh,mumbai
BMW,BMW 3 Series320d,2016,"25,873kms",Diesel,Automatic,₹14.50 Lakh,mumbai
Skoda,Skoda Octavia2.0 TDI AT L K,2017,"52,000kms",Diesel,Automatic,₹12.95 Lakh,mumbai
Hyundai,Hyundai Creta1.6 SX Automatic Diesel,2019,"80,000kms",Diesel,Automatic,₹11 Lakh,mumbai
Maruti,Maruti ErtigaZXI AT,2021,"50,000kms",Petrol,Automatic,₹8.75 Lakh,mumbai
Mercedes-Benz,Mercedes-Benz C-ClassProgressive C 220d,2022,"22,300kms",Diesel,Automatic,₹38.99 Lakh,mumbai
Hyundai,Hyundai Alcazar1.5 Signature (O) 7-Seater Diesel AT,2022,"40,000kms",Diesel,Automatic,₹17.75 Lakh,mumbai
Mercedes-Benz,Mercedes-Benz GLE250d,2016,"79,000kms",Diesel,Automatic,₹23.99 Lakh,mumbai
Honda,Honda CityV MT,2022,"33,494kms",Petrol,Manual,₹9.50 Lakh,mumbai
Honda,Honda Jazz1.2 S AT i VTEC,2015,"58,248kms",Petrol,Automatic,₹4.45 Lakh,mumbai
Hyundai,Hyundai Creta1.6 VTVT S,2015,"57,000kms",Petrol,Manual,₹6.95 Lakh,mumbai
Maruti,Maruti Wagon RLXI BS IV,2019,"59,000kms",Petrol,Manual,₹4.57 Lakh,mumbai
Jeep,Jeep Compass2.0 Limited Option,2018,"64,000kms",Diesel,Manual,₹8.50 Lakh,mumbai
Skoda,Skoda OctaviaCorporate Edition Diesel,2014,"1,98,000kms",Diesel,Manual,₹5.99 Lakh,mumbai
Hyundai,Hyundai i10Sportz 1.1L,2017,"18,500kms",Petrol,Manual,₹4.75 Lakh,mumbai
BMW,BMW 7 Series730Ld Design Pure Excellence,2019,"30,000kms",Diesel,Automatic,₹59.95 Lakh,mumbai
Honda,Honda CityV MT,2022,"33,494kms",Petrol,Manual,₹9.50 Lakh,mumbai
Honda,Honda Jazz1.2 S AT i VTEC,2015,"58,248kms",Petrol,Automatic,₹4.45 Lakh,mumbai
Hyundai,Hyundai Creta1.6 VTVT S,2015,"57,000kms",Petrol,Manual,₹6.95 Lakh,mumbai
Maruti,Maruti Wagon RLXI BS IV,2019,"59,000kms",Petrol,Manual,₹4.57 Lakh,mumbai
Jeep,Jeep Compass2.0 Limited Option,2018,"64,000kms",Diesel,Manual,₹8.50 Lakh,mumbai
Hyundai,Hyundai i10Sportz 1.1L,2017,"18,500kms",Petrol,Manual,₹4.75 Lakh,mumbai
Hyundai,Hyundai Creta1.6 VTVT AT SX Plus,2018,"42,000kms",Petrol,Automatic,₹9.55 Lakh,mumbai
BMW,BMW 3 Series GTLuxury Line,2017,"52,000kms",Diesel,Automatic,₹19.50 Lakh,mumbai
Maruti,Maruti SwiftVDI BSIV,2014,"1,26,641kms",Diesel,Manual,₹4.85 Lakh,mumbai
Maruti,Maruti ErtigaVXI CNG,2018,"36,000kms",CNG,Manual,₹7.50 Lakh,mumbai
Audi,Audi A335 TDI Technology,2019,"25,500kms",Diesel,Automatic,₹16.50 Lakh,mumbai
Maruti,Maruti SwiftVXI,2013,"48,156kms",Petrol,Manual,₹3.20 Lakh,mumbai
Ford,Ford Ecosport1.5 DV5 MT Ambiente,2013,"60,000kms",Diesel,Manual,₹3.49 Lakh,mumbai
Hyundai,Hyundai Verna1.6 SX VTVT,2013,"90,000kms",Petrol,Manual,₹3.50 Lakh,mumbai
Maruti,Maruti Wagon RCNG LXI,2015,"76,000kms",CNG,Manual,₹3.25 Lakh,mumbai
Ford,Ford Figo1.5D Ambiente MT,2017,"91,022kms",Diesel,Manual,₹4.35 Lakh,mumbai
Hyundai,Hyundai TucsonPlatinum AT,2024,"18,400kms",Petrol,Automatic,₹25 Lakh,mumbai
Skoda,Skoda SuperbStyle 1.8 TSI AT,2018,"34,000kms",Petrol,Automatic,₹11.99 Lakh,mumbai
Tata,Tata HarrierXZA Plus AT BSVI,2021,"26,000kms",Diesel,Automatic,₹15.95 Lakh,mumbai
Maruti,Maruti ErtigaVXI,2013,"59,264kms",Petrol,Manual,₹4.94 Lakh,mumbai
Renault,Renault KWID1.0 RXT AMT Opt,2019,"24,683kms",Petrol,Automatic,₹3.19 Lakh,mumbai
Honda,Honda BrioVX,2015,"77,032kms",Petrol,Manual,₹3.06 Lakh,mumbai
Hyundai,Hyundai i20Sportz 1.2,2014,"42,721kms",Petrol,Manual,₹2.81 Lakh,mumbai
Maruti,Maruti Alto 800VXI,2022,"28,394kms",Petrol,Manual,₹3.57 Lakh,mumbai
Toyota,Toyota Corolla AltisPetrol LE,2015,"92,160kms",Petrol,Manual,₹5.18 Lakh,mumbai
Honda,Honda JazzZX,2021,"12,723kms",Petrol,Manual,₹8.02 Lakh,mumbai
Jeep,Jeep Compass2.0 Sport,2018,"1,00,566kms",Diesel,Manual,₹6.86 Lakh,mumbai
MG,MG Hector PlusSharp Hybrid MT,2021,"62,486kms",Petrol,Manual,₹11.18 Lakh,mumbai
Ford,Ford FigoTitanium Blu,2020,"71,297kms",Petrol,Manual,₹3.59 Lakh,mumbai
Renault,Renault KWIDRXT,2016,"62,857kms",Petrol,Manual,₹1.80 Lakh,mumbai
Maruti,Maruti CiazVXi,2015,"55,095kms",Petrol,Manual,₹4.29 Lakh,mumbai
Hyundai,Hyundai Grand i101.2 Kappa Sportz BSIV,2014,"38,927kms",Petrol,Manual,₹3.33 Lakh,mumbai
Tata,Tata NexonXMA Plus AMT S,2022,"19,848kms",Petrol,Automatic,₹8.35 Lakh,mumbai
Hyundai,Hyundai VenueSX Opt Turbo DCT Special Edition,2022,"87,804kms",Petrol,Automatic,₹8.27 Lakh,mumbai
Maruti,Maruti XL6Zeta AT,2022,"26,610kms",Petrol,Automatic,₹10.85 Lakh,mumbai
Maruti,Maruti BalenoZeta Diesel,2018,"72,540kms",Diesel,Manual,₹4.65 Lakh,mumbai
Tata,Tata TiagoXT CNG,2022,"32,696kms",CNG,Manual,₹5.53 Lakh,mumbai
Hyundai,Hyundai Grand i10Asta Option,2015,"41,896kms",Petrol,Manual,₹3.20 Lakh,mumbai
MG,MG AstorSharp EX BSVI,2022,"25,603kms",Petrol,Manual,₹8.70 Lakh,mumbai
Maruti,Maruti Ertiga1.5 VDI,2019,"1,32,000kms",Diesel,Manual,₹9.75 Lakh,mumbai
Mahindra,Mahindra XUV500W8 4WD,2013,"80,000kms",Diesel,Manual,₹5.15 Lakh,mumbai
Maruti,Maruti CiazAlpha AT BSVI,2022,"30,000kms",Petrol,Automatic,₹8.99 Lakh,mumbai
Mercedes-Benz,Mercedes-Benz GLS400d 4MATIC BSVI,2022,"44,500kms",Diesel,Automatic,₹99.45 Lakh,mumbai
Volvo,Volvo XC40T4 R-Design BSIV,2020,"29,000kms",Petrol,Automatic,₹25.95 Lakh,mumbai
BMW,BMW 7 Series730Ld Design Pure Excellence,2019,"30,000kms",Diesel,Automatic,₹59.95 Lakh,mumbai
Hyundai,Hyundai Creta1.6 VTVT E Plus,2017,"42,000kms",Petrol,Manual,₹6.95 Lakh,mumbai
Mercedes-Benz,Mercedes-Benz GLE250d,2016,"79,000kms",Diesel,Automatic,₹23.99 Lakh,mumbai
Skoda,Skoda OctaviaCorporate Edition Diesel,2014,"1,98,000kms",Diesel,Manual,₹5.99 Lakh,mumbai
Mercedes-Benz,Mercedes-Benz G-ClassG63 AMG,2016,"63,000kms",Petrol,Automatic,₹1.15 Crore,mumbai
Skoda,Skoda Slavia1.5 TSI Ambition DSG,2025,"2,148kms",Petrol,Automatic,₹18 Lakh,mumbai
Hyundai,Hyundai Verna1.4 VTVT,2015,"76,000kms",Petrol,Manual,₹4.35 Lakh,mumbai
Hyundai,Hyundai Grand i10Sportz,2014,"41,000kms",Petrol,Manual,₹3.35 Lakh,mumbai
Volkswagen,Volkswagen Polo1.0 MPI Highline Plus,2018,"67,300kms",Petrol,Manual,₹5.49 Lakh,mumbai
Ford,Ford FreestyleTitanium Plus,2018,"27,343kms",Petrol,Manual,₹4.95 Lakh,mumbai
Volkswagen,Volkswagen Vento1.2 TSI Highline AT,2015,"50,394kms",Petrol,Automatic,₹5.25 Lakh,mumbai
Hyundai,Hyundai Grand i10Magna,2017,"37,000kms",Petrol,Manual,₹4.85 Lakh,mumbai
Honda,Honda Jazz1.2 V i VTEC,2015,"49,000kms",Petrol,Manual,₹3.85 Lakh,mumbai
Hyundai,Hyundai Creta1.6 VTVT SX Plus,2016,"89,000kms",Petrol,Manual,₹6.75 Lakh,mumbai
Maruti,Maruti XL6Zeta AT,2022,"78,000kms",Petrol,Automatic,₹10.75 Lakh,mumbai
Ford,Ford Aspire1.2 Ti-VCT Titanium,2017,"40,626kms",Petrol,Manual,₹3.95 Lakh,mumbai
Kia,Kia SeltosHTK Plus D,2022,"42,000kms",Diesel,Manual,₹13.25 Lakh,mumbai
Maruti,Maruti Ciaz1.4 AT Alpha,2017,"74,000kms",Petrol,Automatic,₹5.99 Lakh,mumbai
Maruti,Maruti Baleno1.2 Delta,2017,"56,000kms",Petrol,Manual,₹4.55 Lakh,mumbai
Mahindra,Mahindra TharLX Hard Top AT RWD,2023,"6,000kms",Petrol,Automatic,₹12.95 Lakh,mumbai
Kia,Kia SeltosHTK Plus AT D,2021,"74,310kms",Diesel,Automatic,₹9.99 Lakh,mumbai
Mercedes-Benz,Mercedes-Benz GLE43 AMG Coupe,2018,"40,850kms",Petrol,Automatic,₹60 Lakh,mumbai
Volkswagen,Volkswagen Tiguan2.0 TDI Comfortline,2017,"54,500kms",Diesel,Automatic,₹12.99 Lakh,mumbai
Hyundai,Hyundai Elantra2.0 SX,2018,"75,000kms",Petrol,Manual,₹8.75 Lakh,mumbai
Maruti,Maruti Grand VitaraAlpha AT BSVI,2022,"41,000kms",Petrol,Automatic,₹15.25 Lakh,mumbai
Honda,Honda BrioVX AT,2015,"50,000kms",Petrol,Automatic,₹3.75 Lakh,mumbai
Kia,Kia SeltosGTX Plus Diesel AT,2022,"71,000kms",Diesel,Automatic,₹15.75 Lakh,mumbai
Maruti,Maruti Wagon RLXI CNG,2018,"74,813kms",CNG,Manual,₹3.90 Lakh,mumbai
Kia,Kia SeltosHTK Plus D,2020,"53,000kms",Diesel,Manual,₹10.99 Lakh,mumbai
Maruti,Maruti Grand VitaraAlpha Plus Hybrid CVT,2024,"9,000kms",Petrol,Automatic,₹18.65 Lakh,mumbai
Audi,Audi A62.0 TDI Premium Plus,2014,"47,500kms",Diesel,Automatic,₹8.49 Lakh,mumbai
Tata,Tata Tiago1.2 Revotron XZ,2017,"15,400kms",Petrol,Manual,₹3.95 Lakh,mumbai
Maruti,Maruti CelerioGreen VXI,2017,"48,062kms",CNG,Manual,₹3.79 Lakh,mumbai
Kia,Kia SeltosGTX Plus Diesel AT,2023,"25,000kms",Diesel,Automatic,₹18.75 Lakh,mumbai
Toyota,Toyota VellfireHi,2023,"33,000kms",Petrol,Automatic,₹1.14 Crore,mumbai
Maruti,Maruti Wagon R StingrayLXI,2013,"57,623kms",Petrol,Manual,₹3.25 Lakh,mumbai
Honda,Honda JazzVX CVT,2019,"16,000kms",Petrol,Automatic,₹6 Lakh,mumbai
Mercedes-Benz,Mercedes-Benz GLE250d,2017,"58,000kms",Diesel,Automatic,₹25.50 Lakh,mumbai
Ford,Ford Aspire1.2 Ti-VCT Titanium,2017,"40,626kms",Petrol,Manual,₹3.95 Lakh,mumbai
Skoda,Skoda Rapid1.6 MPI AT Elegance,2015,"54,000kms",Petrol,Automatic,₹3.95 Lakh,mumbai
Ford,Ford AspireAmbiente Diesel,2018,"57,000kms",Diesel,Manual,₹4.95 Lakh,mumbai
Toyota,Toyota Innova Crysta2.4 G 7 STR,2021,"56,000kms",Diesel,Manual,₹19.50 Lakh,mumbai
Hyundai,Hyundai VernaCRDi 1.6 AT SX Plus,2018,"70,000kms",Diesel,Automatic,₹8.51 Lakh,mumbai
Mercedes-Benz,Mercedes-Benz S-ClassS 350 CDIL,2014,"1,45,000kms",Diesel,Automatic,₹21 Lakh,mumbai
Hyundai,Hyundai Creta1.6 VTVT SX Plus,2018,"92,000kms",Petrol,Manual,₹9 Lakh,mumbai
Honda,Honda Cityi VTEC S,2014,"40,976kms",Petrol,Manual,₹4.45 Lakh,mumbai
Hyundai,Hyundai Creta1.6 VTVT AT SX Plus,2017,"32,500kms",Petrol,Automatic,₹7.71 Lakh,mumbai
Porsche,Porsche CayenneS Diesel,2014,"1,47,000kms",Diesel,Automatic,₹27 Lakh,mumbai
Honda,Honda JazzBasic,2012,"1,12,553kms",Petrol,Manual,₹2.65 Lakh,mumbai
Toyota,Toyota Innova Crysta2.4 G Plus MT BSIV,2019,"72,000kms",Diesel,Manual,₹17.75 Lakh,mumbai
Mercedes-Benz,Mercedes-Benz E-ClassE 350d,2020,"62,300kms",Diesel,Automatic,₹36.25 Lakh,mumbai
Maruti,Maruti Wagon RAMT VXI Option,2016,"63,000kms",Petrol,Automatic,₹3.75 Lakh,mumbai
Hyundai,Hyundai i20Asta Turbo iMT,2021,"53,000kms",Petrol,Manual,₹6.49 Lakh,mumbai
Audi,Audi Q535TDI,2018,"74,900kms",Diesel,Automatic,₹25.50 Lakh,mumbai
BMW,2019BMW 6 SeriesGT 630i Luxury Line  -2021,2018,"37,800kms",Petrol,Automatic,₹38.50 Lakh,mumbai
Mitsubishi,Mitsubishi Outlander2.4,2012,"52,000kms",Petrol,Automatic,₹8.15 Lakh,mumbai
Jaguar,Jaguar F-PacePrestige 2.0 AWD,2019,"65,000kms",Diesel,Automatic,₹31.49 Lakh,mumbai
BMW,BMW 5 Series520d Luxury Line,2022,"12,500kms",Diesel,Automatic,₹57.51 Lakh,mumbai
Hyundai,Hyundai i201.4 Asta AT with AVN,2011,"73,000kms",Petrol,Automatic,₹2.79 Lakh,mumbai
Mercedes-Benz,Mercedes-Benz E-ClassE250 CDI Avantgrade,2015,"48,000kms",Diesel,Automatic,₹21.75 Lakh,mumbai
BMW,BMW 3 Series GTLuxury Line,2017,"60,000kms",Diesel,Automatic,₹22.75 Lakh,mumbai
Honda,Honda Cityi-VTEC CVT V,2019,"35,171kms",Petrol,Automatic,₹8.25 Lakh,mumbai
Mahindra,Mahindra Bolero Power PlusSLE,2018,"82,000kms",Diesel,Manual,₹5.99 Lakh,mumbai
Ford,Ford Figo1.2P Ambiente MT,2017,"68,000kms",Petrol,Manual,₹4.50 Lakh,mumbai
Mercedes-Benz,Mercedes-Benz GLA Class200 CDI SPORT,2015,"97,941kms",Diesel,Automatic,₹11.45 Lakh,mumbai
Nissan,Nissan TerranoXV D Premium AMT,2017,"69,000kms",Diesel,Automatic,₹6.50 Lakh,mumbai
Toyota,Toyota Fortuner4x2 4 Speed AT,2013,"1,27,000kms",Diesel,Automatic,₹10.95 Lakh,mumbai
Maruti,Maruti ErtigaZXI,2012,"79,960kms",Petrol,Manual,₹3.99 Lakh,mumbai
Datsun,Datsun RediGO1.0 T Option Limited Edition,2019,"24,000kms",Petrol,Manual,₹2.70 Lakh,mumbai
Datsun,Datsun GOAnniversary Edition,2017,"63,000kms",Petrol,Manual,₹2.25 Lakh,mumbai
Datsun,Datsun RediGOA,2019,"37,000kms",Petrol,Manual,₹2.61 Lakh,mumbai
Renault,Renault KWIDRXT,2015,"63,000kms",Petrol,Manual,₹2.10 Lakh,mumbai
Maruti,Maruti BalenoAlpha,2024,"8,200kms",Petrol,Manual,₹8.70 Lakh,mumbai
Kia,Kia SeltosGTX Plus Diesel AT,2023,"32,467kms",Diesel,Automatic,₹17 Lakh,mumbai
Honda,Honda Cityi-VTEC S,2021,"27,170kms",Petrol,Manual,₹10.25 Lakh,mumbai
Mercedes-Benz,Mercedes-Benz M-ClassML 250 CDI,2014,"76,000kms",Diesel,Automatic,₹20 Lakh,mumbai
Maruti,Maruti CelerioZXI AMT BSIV,2018,"44,000kms",Petrol,Automatic,₹4.75 Lakh,mumbai
Mercedes-Benz,Mercedes-Benz GLA Class200 CDI,2015,"74,200kms",Diesel,Automatic,₹13 Lakh,mumbai
Ford,Ford Ecosport1.5 Petrol Titanium Plus AT BSIV,2018,"29,000kms",Petrol,Automatic,₹6.75 Lakh,mumbai
Mercedes-Benz,Mercedes-Benz E-ClassE 220 CDI Avantgarde,2012,"1,17,400kms",Diesel,Automatic,₹8 Lakh,mumbai
Tata,Tata Tiago1.2 Revotron XZ,2017,"15,400kms",Petrol,Manual,₹3.95 Lakh,mumbai
Honda,Honda New Accord2.4 A/T,2012,"84,000kms",Petrol,Automatic,₹3.95 Lakh,mumbai
Hyundai,Hyundai Creta1.6 VTVT SX Plus,2015,"76,000kms",Petrol,Manual,₹6.99 Lakh,mumbai
Mahindra,Mahindra XUV500W8 4WD,2013,"80,000kms",Diesel,Manual,₹5.15 Lakh,mumbai
Skoda,Skoda Kodiaq2.0 TDI Style,2018,"54,300kms",Diesel,Automatic,₹21.45 Lakh,mumbai
Skoda,Skoda KodiaqSportline BSVI,2023,"28,000kms",Petrol,Automatic,₹28.25 Lakh,mumbai
Maruti,Maruti SX4ZXI AT,2013,"90,000kms",Petrol,Manual,₹3.29 Lakh,mumbai
Hyundai,Hyundai Xcent1.2 Kappa S,2016,"39,000kms",Petrol,Manual,₹4.06 Lakh,mumbai
Honda,Honda Cityi VTEC CVT VX,2015,"65,000kms",Petrol,Automatic,₹4.30 Lakh,mumbai
Hyundai,Hyundai VenueSX Plus Turbo DCT,2021,"46,000kms",Petrol,Automatic,₹7.99 Lakh,mumbai
Maruti,Maruti Ignis1.2 Zeta BSIV,2019,"37,950kms",Petrol,Manual,₹4.70 Lakh,mumbai
Ford,Ford Figo1.5D Titanium MT,2018,"78,460kms",Diesel,Manual,₹4.70 Lakh,mumbai
Mercedes-Benz,Mercedes-Benz E-ClassE250 CDI Avantgarde,2016,"66,000kms",Diesel,Automatic,₹16.50 Lakh,mumbai
Honda,Honda CityV MT,2022,"33,494kms",Petrol,Manual,₹9.50 Lakh,mumbai
Honda,Honda Jazz1.2 S AT i VTEC,2015,"58,248kms",Petrol,Automatic,₹4.45 Lakh,mumbai
BMW,BMW X1sDrive 20d xLine,2020,"28,000kms",Diesel,Automatic,₹23.45 Lakh,mumbai
Toyota,Toyota Innova Crysta2.4 GX MT BSIV,2018,"72,000kms",Diesel,Manual,₹15.68 Lakh,mumbai
Volkswagen,Volkswagen CrossPolo1.2 MPI,2016,"39,803kms",Petrol,Manual,₹3.45 Lakh,mumbai
Maruti,Maruti CiazAT ZXi Plus,2016,"78,600kms",Petrol,Automatic,₹4.85 Lakh,mumbai
MG,MG HectorSavvy Pro CVT,2024,"9,000kms",Petrol,Automatic,₹18.90 Lakh,mumbai
Hyundai,Hyundai Grand i101.2 Kappa Sportz Option AT,2017,"62,187kms",Petrol,Automatic,₹4.30 Lakh,mumbai
BMW,BMW X4M Sport X xDrive20d,2022,"32,700kms",Diesel,Automatic,₹53.99 Lakh,mumbai
Maruti,Maruti CiazZeta Automatic BSIV,2018,"19,200kms",Petrol,Automatic,₹6.45 Lakh,mumbai
Hyundai,Hyundai CretaS (O) Diesel AT,2024,"21,000kms",Diesel,Automatic,₹18.98 Lakh,mumbai
Volkswagen,Volkswagen Tiguan2.0 TDI Highline,2019,"1,19,498kms",Diesel,Automatic,₹16.95 Lakh,mumbai
Hyundai,Hyundai Creta N LineN10 DCT Dual Tone,2024,"20,800kms",Petrol,Automatic,₹19 Lakh,mumbai
Hyundai,Hyundai i20Magna,2013,"29,000kms",Petrol,Manual,₹2.49 Lakh,mumbai
Hyundai,Hyundai i10Sportz,2011,"34,000kms",Petrol,Manual,₹1.99 Lakh,mumbai
BMW,BMW 3 Series320d Luxury Line,2013,"70,000kms",Diesel,Automatic,₹8.49 Lakh,mumbai
BMW,BMW X1sDrive20d Expedition,2017,"47,000kms",Diesel,Automatic,₹15.75 Lakh,mumbai
Tata,Tata NexonXM S Diesel BSVI,2021,"69,000kms",Diesel,Manual,₹6.70 Lakh,mumbai
Mercedes-Benz,Mercedes-Benz E-ClassE 200 CGI,2014,"62,000kms",Petrol,Automatic,₹10.75 Lakh,mumbai
Hyundai,Hyundai Verna1.6 VTVT SX Option,2017,"51,000kms",Petrol,Manual,₹5.95 Lakh,mumbai
Mahindra,Mahindra XUV 3XOAX7 L Turbo AT,2024,"6,900kms",Petrol,Automatic,₹14.20 Lakh,mumbai
Mahindra,Mahindra XUV300W8 Option Dual Tone Diesel BSIV,2019,"59,000kms",Diesel,Manual,₹7.35 Lakh,mumbai
MG,MG HectorSharp CVT,2021,"51,742kms",Petrol,Automatic,₹13.45 Lakh,mumbai
Kia,Kia SonetGTX Plus Turbo DCT DT,2020,"44,500kms",Petrol,Automatic,₹9.49 Lakh,mumbai
Maruti,Maruti Wagon RAMT VXI,2015,"51,000kms",Petrol,Automatic,₹3.75 Lakh,mumbai
Lexus,2021Lexus ES300h Luxury  -2022,2020,"30,800kms",Petrol,Automatic,₹36.75 Lakh,mumbai
Skoda,Skoda Octavia1.8 TSI AT L K,2019,"44,990kms",Petrol,Automatic,₹13.75 Lakh,mumbai
Kia,Kia SonetHTK,2023,"26,000kms",Petrol,Manual,₹7.75 Lakh,mumbai
Volkswagen,Volkswagen Taigun1.0 Topline Sound Edition,2023,"40,788kms",Petrol,Manual,₹8.90 Lakh,mumbai
Mercedes-Benz,Mercedes-Benz E-ClassE250 CDI Avantgrade,2015,"69,000kms",Diesel,Automatic,₹14.45 Lakh,mumbai
Maruti,Maruti CiazAT ZXi,2015,"55,000kms",Petrol,Automatic,₹4.35 Lakh,mumbai
Hyundai,Hyundai Creta1.6 VTVT AT SX Plus,2017,"41,908kms",Petrol,Automatic,₹7.10 Lakh,mumbai
Volkswagen,Volkswagen Vento1.2 TSI Highline AT,2015,"47,000kms",Petrol,Automatic,₹5.65 Lakh,mumbai
Toyota,Toyota CamryHybrid 2.5,2019,"58,800kms",Petrol,Automatic,₹22.75 Lakh,mumbai
Jeep,Jeep Compass2.0 Sport,2018,"35,501kms",Diesel,Manual,₹8.75 Lakh,mumbai
Ford,Ford Aspire1.2 Ti-VCT Trend,2015,"36,500kms",Petrol,Manual,₹2.65 Lakh,mumbai
BMW,BMW X1sDrive20d Expedition,2017,"47,000kms",Diesel,Automatic,₹15.75 Lakh,mumbai
Tata,Tata NexonXM S Diesel BSVI,2021,"69,000kms",Diesel,Manual,₹6.70 Lakh,mumbai
Mercedes-Benz,Mercedes-Benz E-ClassE 200 CGI,2014,"62,000kms",Petrol,Automatic,₹10.75 Lakh,mumbai
Mercedes-Benz,Mercedes-Benz GLA Class200 CDI SPORT,2015,"97,941kms",Diesel,Automatic,₹11.45 Lakh,mumbai
Nissan,Nissan TerranoXV D Premium AMT,2017,"69,000kms",Diesel,Automatic,₹6.50 Lakh,mumbai
Toyota,Toyota Fortuner4x2 4 Speed AT,2013,"1,27,000kms",Diesel,Automatic,₹10.95 Lakh,mumbai
Mahindra,Mahindra NuvoSportN8 AMT,2019,"46,000kms",Diesel,Automatic,₹5.50 Lakh,mumbai
Maruti,Maruti ErtigaVXI CNG,2018,"48,000kms",CNG,Manual,₹7.50 Lakh,mumbai
Mercedes-Benz,Mercedes-Benz GLA4MATIC,2019,"47,000kms",Petrol,Automatic,₹19.90 Lakh,mumbai
Mercedes-Benz,Mercedes-Benz S-ClassS 350d Connoisseurs Edition,2018,"53,000kms",Diesel,Automatic,₹69.90 Lakh,mumbai
Porsche,Porsche CayenneE-Hybrid,2020,"63,000kms",Petrol,Automatic,₹74.90 Lakh,mumbai
BMW,BMW X7xDrive40d M Sport,2024,"16,000kms",Diesel,Automatic,₹1.19 Crore,mumbai
BMW,BMW i7xDrive60 M Sport,2023,"19,000kms",Electric,Automatic,₹1.49 Crore,mumbai
BMW,BMW X5xDrive 30d xLine,2019,"66,000kms",Diesel,Automatic,₹54.90 Lakh,mumbai
Hyundai,Hyundai Verna1.6 SX VTVT,2011,"55,000kms",Petrol,Manual,₹3 Lakh,mumbai
Maruti,Maruti CelerioZXI AT,2016,"51,374kms",Petrol,Automatic,₹3.45 Lakh,mumbai
Hyundai,Hyundai VernaSX,2020,"75,650kms",Petrol,Manual,₹8.49 Lakh,mumbai
Toyota,Toyota Innova Crysta2.4 GX 7Str,2024,"35,000kms",Diesel,Manual,₹24.98 Lakh,mumbai
Volkswagen,Volkswagen Polo1.2 MPI Highline,2016,"65,000kms",Petrol,Manual,₹4.50 Lakh,mumbai
BMW,BMW 5 Series520d Sedan,2011,"1,30,657kms",Diesel,Automatic,₹8.75 Lakh,mumbai
MG,MG Hector Plus1.5 Turbo Savvy Pro CVT BSVI,2023,"5,800kms",Petrol,Automatic,₹19 Lakh,mumbai
Hyundai,Hyundai CretaSX Opt Diesel AT,2023,"40,600kms",Diesel,Automatic,₹17.45 Lakh,mumbai
Honda,Honda Jazz1.2 V AT i VTEC,2016,"45,200kms",Petrol,Automatic,₹4.35 Lakh,mumbai
Datsun,Datsun GO PlusT BSIV,2015,"88,000kms",Petrol,Manual,₹1.99 Lakh,mumbai
Volkswagen,Volkswagen Polo1.2 MPI Highline,2016,"41,000kms",Petrol,Manual,₹4.50 Lakh,mumbai
Skoda,Skoda Slavia1.5 TSI Style DSG,2023,"25,000kms",Petrol,Automatic,₹13.75 Lakh,mumbai
Honda,Honda BrioS MT,2014,"62,017kms",Petrol,Manual,₹2.45 Lakh,mumbai
Hyundai,Hyundai ExterSX Opt AMT,2024,"9,990kms",Petrol,Automatic,₹8.75 Lakh,mumbai
MG,MG HectorSavvy Pro CVT  -2025,2023,"11,700kms",Petrol,Automatic,₹17.89 Lakh,mumbai
Mercedes-Benz,Mercedes-Benz GLE250d,2018,"1,07,400kms",Diesel,Automatic,₹25 Lakh,mumbai
Hyundai,Hyundai Verna1.6 SX VTVT AT,2013,"45,000kms",Petrol,Automatic,₹3.21 Lakh,mumbai
Skoda,Skoda Octavia2.0 TDI AT L K,2019,"48,000kms",Diesel,Automatic,₹16.50 Lakh,mumbai
Hyundai,Hyundai Verna1.6 CRDi S,2017,"77,001kms",Diesel,Manual,₹4.90 Lakh,mumbai
Hyundai,Hyundai i10Asta,2011,"67,000kms",Petrol,Manual,₹2.20 Lakh,mumbai
Hyundai,Hyundai i10Sportz 1.1L,2017,"21,000kms",Petrol,Manual,₹4.95 Lakh,mumbai
Maruti,Maruti Ignis1.2 AMT Zeta BSIV,2018,"19,000kms",Petrol,Automatic,₹4.50 Lakh,mumbai
Audi,Audi A62.0 TDI,2013,"67,000kms",Diesel,Automatic,₹9.50 Lakh,mumbai
Hyundai,Hyundai VenueSX Plus Turbo DCT,2020,"45,001kms",Petrol,Automatic,₹7.45 Lakh,mumbai
Maruti,Maruti Baleno1.3 Delta,2017,"59,000kms",Diesel,Manual,₹4.99 Lakh,mumbai
Hyundai,Hyundai i10Magna 1.2,2008,"86,000kms",Petrol,Manual,₹1.38 Lakh,mumbai
Maruti,Maruti Swift DzireAMT ZDI,2016,"52,000kms",Diesel,Automatic,₹5.25 Lakh,mumbai
BMW,BMW X1sDrive20d Expedition,2017,"47,000kms",Diesel,Automatic,₹15.75 Lakh,mumbai
Tata,Tata NexonXM S Diesel BSVI,2021,"69,000kms",Diesel,Manual,₹6.70 Lakh,mumbai
Mercedes-Benz,Mercedes-Benz E-ClassE 200 CGI,2014,"62,000kms",Petrol,Automatic,₹10.75 Lakh,mumbai
Mercedes-Benz,Mercedes-Benz GLA Class200 CDI SPORT,2015,"97,941kms",Diesel,Automatic,₹11.45 Lakh,mumbai
Nissan,Nissan TerranoXV D Premium AMT,2017,"69,000kms",Diesel,Automatic,₹6.50 Lakh,mumbai
Mahindra,Mahindra XUV300W8 Option Dual Tone Diesel BSIV,2019,"59,000kms",Diesel,Manual,₹7.35 Lakh,mumbai
Maruti,Maruti Wagon R StingrayLXI Optional,2017,"57,551kms",Petrol,Manual,₹3.65 Lakh,mumbai
Hyundai,Hyundai i20Asta 1.2,2014,"1,07,839kms",Petrol,Manual,₹3.85 Lakh,mumbai
Jeep,Jeep MeridianLimited Opt AT BSVI,2022,"56,000kms",Diesel,Automatic,₹22.50 Lakh,mumbai
BYD,BYD Atto 3Superior,2024,"2,200kms",Electric,Automatic,₹27.50 Lakh,mumbai
Kia,Kia SonetGTX Plus Turbo DCT DT,2020,"44,500kms",Petrol,Automatic,₹9.49 Lakh,mumbai
Maruti,Maruti Wagon RAMT VXI,2015,"51,000kms",Petrol,Automatic,₹3.75 Lakh,mumbai
Lexus,2021Lexus ES300h Luxury  -2022,2020,"30,800kms",Petrol,Automatic,₹36.75 Lakh,mumbai
Skoda,Skoda Octavia1.8 TSI AT L K,2019,"44,990kms",Petrol,Automatic,₹13.75 Lakh,mumbai
Kia,Kia SonetHTK,2023,"26,000kms",Petrol,Manual,₹7.75 Lakh,mumbai
Volkswagen,Volkswagen Taigun1.0 Topline Sound Edition,2023,"40,788kms",Petrol,Manual,₹8.90 Lakh,mumbai
Mercedes-Benz,Mercedes-Benz E-ClassE250 CDI Avantgrade,2015,"69,000kms",Diesel,Automatic,₹14.45 Lakh,mumbai
Maruti,Maruti CiazAT ZXi,2015,"55,000kms",Petrol,Automatic,₹4.35 Lakh,mumbai
Hyundai,Hyundai Creta1.6 VTVT AT SX Plus,2017,"41,908kms",Petrol,Automatic,₹7.10 Lakh,mumbai
Volkswagen,Volkswagen Vento1.2 TSI Highline AT,2015,"47,000kms",Petrol,Automatic,₹5.65 Lakh,mumbai
Toyota,Toyota CamryHybrid 2.5,2019,"58,800kms",Petrol,Automatic,₹22.75 Lakh,mumbai
Jeep,Jeep Compass2.0 Sport,2018,"35,501kms",Diesel,Manual,₹8.75 Lakh,mumbai
Ford,Ford Aspire1.2 Ti-VCT Trend,2015,"36,500kms",Petrol,Manual,₹2.65 Lakh,mumbai
Maruti,Maruti CiazZXi,2015,"65,000kms",Petrol,Manual,₹4.75 Lakh,mumbai
Skoda,Skoda Kushaq1.0 TSI Style AT BSVI,2021,"29,000kms",Petrol,Automatic,₹9.75 Lakh,mumbai
Maruti,Maruti CiazZXi,2015,"65,000kms",Petrol,Manual,₹4.75 Lakh,mumbai
Skoda,Skoda Kushaq1.0 TSI Style AT BSVI,2021,"29,000kms",Petrol,Automatic,₹9.75 Lakh,mumbai
Volkswagen,Volkswagen Vento1.2 TSI Highline AT,2016,"1,05,708kms",Petrol,Automatic,₹3.95 Lakh,mumbai
Jeep,Jeep Compass1.4 Limited Option,2018,"53,866kms",Petrol,Automatic,₹6.45 Lakh,mumbai
Mahindra,Mahindra XUV500W10 AWD,2015,"63,227kms",Diesel,Manual,₹7.45 Lakh,mumbai
Mahindra,Mahindra XUV5001.99 FWD W8,2015,"70,000kms",Diesel,Manual,₹5.75 Lakh,mumbai
Tata,Tata HexaXTA,2017,"86,000kms",Diesel,Automatic,₹7.25 Lakh,mumbai
BMW,BMW X3xDrive20d xLine,2014,"88,485kms",Diesel,Automatic,₹10.25 Lakh,mumbai
Honda,Honda BrioVX AT,2014,"29,000kms",Petrol,Automatic,₹3.75 Lakh,mumbai
Hyundai,Hyundai i20Sportz Plus BSIV,2019,"25,000kms",Petrol,Manual,₹6.25 Lakh,mumbai
Hyundai,Hyundai Santro XingGL,2011,"49,471kms",Petrol,Manual,"₹99,000",mumbai
Maruti,Maruti XL6Alpha AT,2019,"37,000kms",Petrol,Automatic,₹8.45 Lakh,mumbai
Hyundai,Hyundai VernaSX IVT,2020,"29,000kms",Petrol,Automatic,₹9.45 Lakh,mumbai
Maruti,Maruti S CrossDDiS 320 Alpha,2016,"48,000kms",Diesel,Manual,₹6.75 Lakh,mumbai
Mahindra,Mahindra TharLX 4WD Convert Top AT BSVI,2021,"23,000kms",Petrol,Automatic,₹11.91 Lakh,mumbai
Hyundai,Hyundai Creta1.6 VTVT SX Plus,2017,"48,000kms",Petrol,Manual,₹7.49 Lakh,mumbai
Maruti,Maruti CiazZXi,2015,"80,165kms",Petrol,Manual,₹8.55 Lakh,mumbai
Honda,Honda WR-Vi-VTEC VX,2017,"30,545kms",Petrol,Manual,₹6.50 Lakh,mumbai
Maruti,Maruti ErtigaZXI,2012,"82,150kms",Petrol,Manual,₹4.75 Lakh,mumbai
Volkswagen,Volkswagen VentoPetrol Highline,2014,"78,039kms",Petrol,Manual,₹3.95 Lakh,mumbai
Tata,Tata HarrierXZ BSIV,2019,"55,000kms",Diesel,Manual,₹11.35 Lakh,mumbai
Mercedes-Benz,Mercedes-Benz S-ClassS 350d,2025,"1,663kms",Diesel,Automatic,₹1.75 Crore,mumbai
Maruti,Maruti Grand VitaraDelta AT,2024,"18,000kms",Petrol,Automatic,₹12.95 Lakh,mumbai
Hyundai,Hyundai Creta1.6 VTVT AT SX Plus,2017,"68,000kms",Petrol,Automatic,₹6.99 Lakh,mumbai
Maruti,Maruti RitzGenus VDi,2010,"1,25,000kms",Diesel,Manual,₹1.75 Lakh,mumbai
Maruti,Maruti SwiftVXi,2024,"21,000kms",Petrol,Manual,₹6.80 Lakh,mumbai
Mercedes-Benz,Mercedes-Benz GLC300,2023,"16,000kms",Petrol,Automatic,₹62.45 Lakh,mumbai
Renault,Renault KWID1.0 RXT Optional,2017,"33,867kms",Petrol,Manual,₹2.75 Lakh,mumbai
Tata,Tata NexonXZ Plus BSVI,2021,"81,319kms",Petrol,Manual,₹6.95 Lakh,mumbai
Toyota,Toyota Innova Crysta2.4 G Plus MT BSIV,2019,"63,165kms",Diesel,Manual,₹16.25 Lakh,mumbai
MG,MG Windsor EVExclusive,2024,"27,000kms",Electric,Automatic,₹14.14 Lakh,mumbai
Hyundai,Hyundai VernaCRDi 1.6 AT EX,2018,"98,043kms",Diesel,Automatic,₹6 Lakh,mumbai
MG,MG HectorSharp Diesel MT,2022,"30,000kms",Diesel,Manual,₹14.51 Lakh,mumbai
Hyundai,Hyundai i20Sportz Option 1.2,2015,"64,422kms",Petrol,Manual,₹4.50 Lakh,mumbai
Mercedes-Benz,Mercedes-Benz GLE250d,2016,"70,000kms",Diesel,Automatic,₹24.95 Lakh,mumbai
Maruti,Maruti CiazZXi,2015,"65,000kms",Petrol,Manual,₹4.75 Lakh,mumbai
Skoda,Skoda Kushaq1.0 TSI Style AT BSVI,2021,"29,000kms",Petrol,Automatic,₹9.75 Lakh,mumbai
Volkswagen,Volkswagen Vento1.2 TSI Highline AT,2016,"1,05,708kms",Petrol,Automatic,₹3.95 Lakh,mumbai
Jeep,Jeep Compass1.4 Limited Option,2018,"53,866kms",Petrol,Automatic,₹6.45 Lakh,mumbai
Mahindra,Mahindra XUV500W10 AWD,2015,"63,227kms",Diesel,Manual,₹7.45 Lakh,mumbai
