,car_brand,car_name,year,km_driven,fuel,transmission,price,city
0,Audi,Audi A4Technology,2021,"30,000kms",Petrol,Automatic,₹35 Lakh,Hyderabad
1,Honda,Honda CityS,2013,"74,638kms",Petrol,Manual,₹3.25 Lakh,Hyderabad
2,Toyota,Toyota Innova HycrossVX 7STR Hybrid,2023,"72,000kms",Petrol,Automatic,₹24.45 Lakh,Hyderabad
3,Maruti,Maruti ErtigaSHVS ZDI,2016,"81,000kms",Diesel,Manual,₹6.85 Lakh,Hyderabad
4,Tata,Tata NexonPure Diesel,2024,"22,000kms",Diesel,Manual,₹10.50 Lakh,Hyderabad
5,Ford,Ford Endeavour2.2 Titanium AT 4X2,2018,"1,06,000kms",Diesel,Automatic,₹19.95 Lakh,Hyderabad
6,MG,MG Hector PlusSharp CVT,2022,"53,000kms",Petrol,Automatic,₹15.45 Lakh,Hyderabad
7,MG,MG HectorSharp CVT,2023,"30,000kms",Petrol,Automatic,₹17.90 Lakh,Hyderabad
8,MG,MG Windsor EVEssence,2024,"30,000kms",Electric,Automatic,₹13.70 Lakh,Hyderabad
9,Maruti,Maruti S CrossDelta,2020,"96,121kms",Petrol,Manual,₹7.90 Lakh,Hyderabad
10,Maruti,Maruti S CrossZeta DDiS 200 SH,2018,"82,043kms",Diesel,Manual,₹6.71 Lakh,Hyderabad
11,Maruti,Maruti BrezzaZxi,2023,"48,000kms",Petrol,Manual,₹9.50 Lakh,Hyderabad
12,Hyundai,Hyundai VernaCRDi 1.6 AT SX Plus,2019,"55,000kms",Diesel,Automatic,₹10 Lakh,Hyderabad
13,Volkswagen,Volkswagen Vento1.0 TSI Highline Plus AT,2021,"83,961kms",Petrol,Automatic,₹8.32 Lakh,Hyderabad
14,Maruti,Maruti BalenoDelta,2019,"87,905kms",Petrol,Manual,₹6.95 Lakh,Hyderabad
15,Toyota,Toyota Innova2.5 G (Diesel) 7 Seater BS IV,2014,"2,28,580kms",Diesel,Manual,₹7.95 Lakh,Hyderabad
16,Nissan,Nissan MagniteTekna Plus,2024,"7,800kms",Petrol,Manual,₹8.50 Lakh,Hyderabad
17,Maruti,Maruti CiazAlpha AT BSVI,2022,"34,891kms",Petrol,Automatic,₹9 Lakh,Hyderabad
18,Maruti,Maruti CiazAlpha BSVI,2020,"25,000kms",Petrol,Manual,₹8.99 Lakh,Hyderabad
19,Maruti,Maruti Baleno1.2 Delta,2017,"72,169kms",Petrol,Manual,₹6.25 Lakh,Hyderabad
20,Hyundai,Hyundai VernaSX Diesel,2020,"1,07,300kms",Diesel,Manual,₹9.50 Lakh,Hyderabad
21,Hyundai,Hyundai Creta1.6 CRDi SX Option,2017,"84,000kms",Diesel,Manual,₹8.50 Lakh,Hyderabad
22,Skoda,Skoda SuperbElegance 2.0 TDI MT,2013,"1,08,611kms",Diesel,Manual,₹6.50 Lakh,Hyderabad
23,Maruti,Maruti BalenoDelta,2019,"87,905kms",Petrol,Manual,₹6.95 Lakh,Hyderabad
24,MG,MG Windsor EVEssence,2024,"30,000kms",Electric,Automatic,₹13.70 Lakh,Hyderabad
25,Maruti,Maruti CiazAlpha BSVI,2020,"25,000kms",Petrol,Manual,₹8.99 Lakh,Hyderabad
26,Hyundai,Hyundai Creta1.6 CRDi SX Plus,2017,"96,508kms",Diesel,Manual,₹8.50 Lakh,Hyderabad
27,Maruti,Maruti BalenoZeta,2020,"48,000kms",Petrol,Manual,₹6.55 Lakh,Hyderabad
28,Hyundai,Hyundai VernaCRDi 1.6 AT SX Plus,2019,"55,000kms",Diesel,Automatic,₹10 Lakh,Hyderabad
29,Maruti,Maruti Baleno1.2 Delta,2017,"72,169kms",Petrol,Manual,₹6.25 Lakh,Hyderabad
30,Hyundai,Hyundai Creta1.6 S Automatic,2018,"1,05,901kms",Diesel,Automatic,₹8.35 Lakh,Hyderabad
31,Maruti,Maruti Baleno1.2 Alpha,2018,"58,000kms",Petrol,Manual,₹5.45 Lakh,Hyderabad
32,Nissan,Nissan MagniteTekna Plus,2024,"7,800kms",Petrol,Manual,₹8.50 Lakh,Hyderabad
33,Maruti,Maruti BalenoAlpha,2020,"43,000kms",Petrol,Manual,₹6.50 Lakh,Hyderabad
34,Volkswagen,Volkswagen VirtusHighline AT,2023,"16,690kms",Petrol,Automatic,₹13.07 Lakh,Hyderabad
35,Tata,Tata SafariXZA Plus 6 Str AT BSVI,2021,"64,852kms",Diesel,Automatic,₹18.50 Lakh,Hyderabad
36,Nissan,Nissan MagniteTurbo CVT XV,2023,"27,000kms",Petrol,Automatic,₹8 Lakh,Hyderabad
37,Honda,Honda City HybridZX Sensing eHEV,2022,"39,234kms",Petrol,Automatic,₹18.90 Lakh,Hyderabad
38,Toyota,Toyota Innova2.5 G (Diesel) 7 Seater BS IV,2016,"1,32,403kms",Diesel,Manual,₹16.50 Lakh,Hyderabad
39,Toyota,Toyota Innova2.5 G (Diesel) 7 Seater BS IV,2016,"1,62,000kms",Diesel,Manual,₹16 Lakh,Hyderabad
40,Mahindra,Mahindra XUV500R W10 FWD,2016,"1,31,000kms",Diesel,Manual,₹8 Lakh,Hyderabad
41,Tata,Tata HarrierXZ Plus BSVI,2022,"1,19,000kms",Diesel,Manual,₹16.50 Lakh,Hyderabad
42,Hyundai,Hyundai AlcazarPrestige 7-Seater Diesel,2024,"57,219kms",Diesel,Manual,₹16.95 Lakh,Hyderabad
43,Maruti,Maruti BalenoZeta Diesel,2017,"39,723kms",Diesel,Manual,₹5.52 Lakh,Hyderabad
44,Hyundai,Hyundai CretaSX BSVI,2023,"15,500kms",Petrol,Manual,₹15 Lakh,Hyderabad
45,Maruti,Maruti BalenoZeta Diesel,2017,"7,391kms",Diesel,Manual,₹5.69 Lakh,Hyderabad
46,Maruti,Maruti Alto 800VXI,2020,"40,863kms",Petrol,Manual,₹3.20 Lakh,Hyderabad
47,Toyota,Toyota Innova Crysta2.4 ZX 7 STR,2020,"54,192kms",Diesel,Manual,₹23.50 Lakh,Hyderabad
48,Mercedes-Benz,Mercedes-Benz GLAAero Edition,2018,"44,000kms",Petrol,Automatic,₹23 Lakh,Hyderabad
49,Toyota,Toyota Innova Crysta2.4 VX 8 STR,2020,"89,622kms",Diesel,Manual,₹20.50 Lakh,Hyderabad
50,Toyota,Toyota Innova Crysta2.4 VX 8 STR,2020,"77,855kms",Diesel,Manual,₹23.50 Lakh,Hyderabad
51,Toyota,Toyota Innova Crysta2.4 G 7 STR,2021,"1,22,00,000kms",Diesel,Manual,₹21.50 Lakh,Hyderabad
52,Tata,Tata Nexon EVEmpowered Plus 45,2025,"10,000kms",Electric,Automatic,₹15 Lakh,Hyderabad
53,Toyota,Toyota Innova Crysta2.4 GX MT 8S BSIV,2020,"74,401kms",Diesel,Manual,₹21.50 Lakh,Hyderabad
54,Toyota,Toyota Innova Crysta2.4 GX 7 STR AT,2021,"79,885kms",Diesel,Automatic,₹22.50 Lakh,Hyderabad
55,Maruti,Maruti BalenoSigma,2023,"72,635kms",Petrol,Manual,₹4.92 Lakh,Hyderabad
56,Tata,Tata Tigor EVXZ Plus,2022,"1,20,000kms",Electric,Automatic,₹8.50 Lakh,Hyderabad
57,Hyundai,Hyundai Grand i101.2 Kappa Sportz BSIV,2018,"59,136kms",Petrol,Manual,₹4.46 Lakh,Hyderabad
58,Kia,Kia CarensPremium Opt,2024,"20,000kms",Petrol,Manual,₹10.49 Lakh,Hyderabad
59,Toyota,Toyota GlanzaG,2022,"60,000kms",Petrol,Manual,₹6.70 Lakh,Hyderabad
60,Mahindra,Mahindra Scorpio NZ8L Diesel 4x4 BSVI,2023,"70,000kms",Diesel,Manual,₹17.50 Lakh,Hyderabad
61,Hyundai,Hyundai i20Sportz 1.4 CRDi,2013,"75,917kms",Diesel,Manual,₹3.60 Lakh,Hyderabad
62,Honda,Honda AmazeS Diesel,2020,"1,15,246kms",Diesel,Manual,₹5.09 Lakh,Hyderabad
63,Maruti,Maruti BalenoZeta Diesel,2018,"34,616kms",Diesel,Manual,₹5.56 Lakh,Hyderabad
64,Tata,Tata SafariAdventure Plus A,2024,"40,000kms",Diesel,Manual,₹23 Lakh,Hyderabad
65,Maruti,Maruti Swift DzireVXI Optional,2016,"1,09,134kms",Petrol,Manual,₹3.65 Lakh,Hyderabad
66,Maruti,Maruti CiazVDi Plus SHVS,2016,"1,18,363kms",Diesel,Manual,₹4.65 Lakh,Hyderabad
67,Hyundai,Hyundai i20Sportz 1.2,2017,"95,523kms",Petrol,Manual,₹4.81 Lakh,Hyderabad
68,Jeep,Jeep Compass2.0 Sport,2018,"1,20,000kms",Diesel,Manual,₹7.50 Lakh,Hyderabad
69,Honda,Honda CityV MT Diesel,2015,"74,018kms",Diesel,Manual,₹5.65 Lakh,Hyderabad
70,Hyundai,Hyundai i20Asta 1.2,2016,"1,14,940kms",Petrol,Manual,₹4.12 Lakh,Hyderabad
71,Maruti,Maruti BalenoZeta Diesel,2017,"99,994kms",Diesel,Manual,₹4.98 Lakh,Hyderabad
72,Hyundai,Hyundai CretaS (O) Diesel AT,2025,"43,000kms",Diesel,Automatic,₹19.50 Lakh,Hyderabad
73,Maruti,Maruti Swift DzireVXI 1.2,2018,"40,523kms",Petrol,Manual,₹4.94 Lakh,Hyderabad
74,Maruti,Maruti CelerioVXI,2015,"56,775kms",Petrol,Manual,₹3.27 Lakh,Hyderabad
75,Maruti,Maruti Celerio XVXI BSIV,2018,"77,487kms",Petrol,Manual,₹4.35 Lakh,Hyderabad
76,Skoda,Skoda Kushaq1.5 TSI Style DSG,2022,"20,000kms",Petrol,Automatic,₹14 Lakh,Hyderabad
77,Maruti,Maruti Swift DzireVDI,2014,"92,000kms",Diesel,Manual,₹4.75 Lakh,Hyderabad
78,Hyundai,Hyundai i10Sportz,2013,"48,009kms",Petrol,Manual,₹3.49 Lakh,Hyderabad
79,Renault,Renault PulsePetrol RxL,2016,"59,006kms",Petrol,Manual,₹3.95 Lakh,Hyderabad
80,Skoda,Skoda Kushaq1.5 TSI Style DSG,2022,"20,000kms",Petrol,Automatic,₹14 Lakh,Hyderabad
81,Honda,Honda Cityi VTEC V,2016,"86,398kms",Petrol,Manual,₹4.95 Lakh,Hyderabad
82,Maruti,Maruti Celerio XVXI BSIV,2018,"77,487kms",Petrol,Manual,₹4.35 Lakh,Hyderabad
83,Maruti,Maruti Swift DzireVXI,2016,"76,000kms",Petrol,Manual,₹4.45 Lakh,Hyderabad
84,MG,MG Windsor EVEssence,2024,"20,000kms",Electric,Automatic,₹14 Lakh,Hyderabad
85,Hyundai,Hyundai Grand i10Asta,2016,"83,800kms",Petrol,Manual,₹3.95 Lakh,Hyderabad
86,Maruti,Maruti S CrossDDiS 200 Sigma,2016,"96,000kms",Diesel,Manual,₹5.50 Lakh,Hyderabad
87,Renault,Renault PulsePetrol RxL,2016,"59,006kms",Petrol,Manual,₹3.95 Lakh,Hyderabad
88,Mercedes-Benz,Mercedes-Benz GLC200,2022,"30,000kms",Petrol,Automatic,₹42 Lakh,Hyderabad
89,Maruti,Maruti RitzVXi,2015,"55,117kms",Petrol,Manual,₹3.60 Lakh,Hyderabad
90,Maruti,Maruti SwiftVXI BSIV,2018,"86,200kms",Petrol,Manual,₹5.25 Lakh,Hyderabad
91,Maruti,Maruti Swift DzireVDI,2014,"92,000kms",Diesel,Manual,₹4.75 Lakh,Hyderabad
92,Tata,Tata PunchAdventure AMT Rhythm BSVI,2021,"40,000kms",Petrol,Automatic,₹6.50 Lakh,Hyderabad
93,Hyundai,Hyundai i10Sportz,2013,"48,009kms",Petrol,Manual,₹3.49 Lakh,Hyderabad
94,Hyundai,Hyundai Grand i10CRDi Asta,2013,"79,000kms",Diesel,Manual,₹3.99 Lakh,Hyderabad
95,Hyundai,Hyundai Grand i10CRDi Sportz,2015,"85,000kms",Diesel,Manual,₹3.80 Lakh,Hyderabad
96,Maruti,Maruti BrezzaZxi Plus AT BSVI,2022,"17,000kms",Petrol,Automatic,₹10 Lakh,Hyderabad
97,Maruti,Maruti Alto 800LXI,2016,"61,060kms",Petrol,Manual,₹3.15 Lakh,Hyderabad
98,Toyota,Toyota Innova2.5 EV (Diesel) PS 8 Seater BS IV,2012,"1,90,000kms",Diesel,Manual,₹5.75 Lakh,Hyderabad
99,Hyundai,Hyundai i20Asta 1.4 CRDi,2016,"78,000kms",Diesel,Manual,₹5.75 Lakh,Hyderabad
100,Jeep,Jeep CompassModel S Diesel BSVI,2021,"34,600kms",Diesel,Manual,₹18.25 Lakh,Hyderabad
101,Hyundai,Hyundai VernaSX Turbo,2023,"42,511kms",Petrol,Manual,₹12.10 Lakh,Hyderabad
102,Honda,Honda CityZX MT,2022,"68,538kms",Petrol,Manual,₹11.32 Lakh,Hyderabad
103,Maruti,Maruti XL6Alpha,2022,"11,803kms",Petrol,Manual,₹10.69 Lakh,Hyderabad
104,Tata,Tata HarrierXZA AT BSVI,2022,"45,000kms",Diesel,Automatic,₹16 Lakh,Hyderabad
105,Volkswagen,Volkswagen VirtusHighline,2022,"12,241kms",Petrol,Manual,₹10.84 Lakh,Hyderabad
106,Skoda,Skoda Octavia1.8 TSI AT L K,2017,"66,323kms",Petrol,Automatic,₹11.75 Lakh,Hyderabad
107,Honda,Honda CityV CVT,2022,"46,587kms",Petrol,Automatic,₹10.95 Lakh,Hyderabad
108,BMW,BMW X1sDrive20d,2011,"1,60,000kms",Diesel,Automatic,₹7.20 Lakh,Hyderabad
109,Honda,Honda CityZX MT,2021,"28,000kms",Petrol,Manual,₹10.90 Lakh,Hyderabad
110,Volkswagen,Volkswagen VirtusTopline BSVI,2022,"49,000kms",Petrol,Manual,₹13.95 Lakh,Hyderabad
111,Honda,Honda CityZX CVT,2022,"58,716kms",Petrol,Automatic,₹13.90 Lakh,Hyderabad
112,Tata,Tata TigorXZA Plus AMT BSVI,2021,"23,000kms",Petrol,Automatic,₹6 Lakh,Hyderabad
113,MG,MG HectorSharp Diesel MT,2020,"84,755kms",Diesel,Manual,₹14.50 Lakh,Hyderabad
114,Hyundai,Hyundai Creta1.6 CRDi AT SX Plus,2019,"1,03,333kms",Diesel,Automatic,₹12.80 Lakh,Hyderabad
115,Maruti,Maruti XL6Zeta BSVI,2022,"18,566kms",Petrol,Manual,₹10.50 Lakh,Hyderabad
116,Maruti,Maruti Baleno1.2 Delta,2017,"30,000kms",Petrol,Manual,₹4.80 Lakh,Hyderabad
117,Toyota,Toyota Innova2.5 G (Diesel) 7 Seater BS IV,2016,"1,32,000kms",Diesel,Manual,₹13.85 Lakh,Hyderabad
118,Kia,Kia Sonet1.5 GTX Plus Diesel AT DT,2022,"93,000kms",Diesel,Automatic,₹10.30 Lakh,Hyderabad
119,MG,MG HectorSharp Diesel MT,2020,"81,000kms",Diesel,Manual,₹11.50 Lakh,Hyderabad
120,Maruti,Maruti Swift DzireZXI Plus BS IV,2018,"70,000kms",Petrol,Manual,₹6 Lakh,Hyderabad
121,Maruti,Maruti Alto 800VXI Plus,2021,"31,733kms",Petrol,Manual,₹3.52 Lakh,Hyderabad
122,Honda,Honda Cityi VTEC VX,2016,"1,02,341kms",Petrol,Manual,₹5.18 Lakh,Hyderabad
123,Maruti,Maruti BrezzaZxi DT BSVI,2023,"49,507kms",Petrol,Manual,₹9.37 Lakh,Hyderabad
124,Maruti,Maruti SwiftVXI,2020,"60,000kms",Petrol,Manual,₹5 Lakh,Hyderabad
125,Jeep,Jeep Compass2.0 Longitude Option BSIV,2018,"88,237kms",Diesel,Manual,₹9.50 Lakh,Hyderabad
126,Mini Cooper,Mini Cooper Countryman  -2015D,2013,"57,207kms",Diesel,Automatic,₹14.75 Lakh,Hyderabad
127,Maruti,Maruti SwiftVXI,2019,"98,709kms",Petrol,Manual,₹3.82 Lakh,Hyderabad
128,Renault,Renault Duster85PS Diesel RxL,2016,"93,000kms",Diesel,Manual,₹3.50 Lakh,Hyderabad
129,Maruti,Maruti BalenoAlpha Diesel,2017,"89,105kms",Diesel,Manual,₹5 Lakh,Hyderabad
130,Maruti,Maruti BalenoZeta Diesel,2017,"80,131kms",Diesel,Manual,₹5.17 Lakh,Hyderabad
131,Honda,Honda CityZX CVT,2022,"95,968kms",Petrol,Automatic,₹9.70 Lakh,Hyderabad
132,Honda,Honda WR-Vi-VTEC VX,2018,"1,32,000kms",Petrol,Manual,₹5 Lakh,Hyderabad
133,Ford,Ford EcosportSE Petrol,2020,"25,028kms",Petrol,Manual,₹8.06 Lakh,Hyderabad
134,Volkswagen,Volkswagen Vento1.0 TSI Highline Plus AT,2021,"79,696kms",Petrol,Automatic,₹7.05 Lakh,Hyderabad
135,Maruti,Maruti BalenoDelta Diesel,2018,"61,180kms",Diesel,Manual,₹5.48 Lakh,Hyderabad
136,Mahindra,Mahindra XUV500W8 FWD,2013,"2,45,000kms",Diesel,Manual,₹4.50 Lakh,Hyderabad
137,Hyundai,Hyundai Grand i10Magna,2014,"35,524kms",Petrol,Manual,₹3.23 Lakh,Hyderabad
138,Hyundai,Hyundai AlcazarPlatinum 6Str Diesel AT,2022,"64,908kms",Diesel,Automatic,₹16.58 Lakh,Hyderabad
139,Jeep,Jeep Compass2.0 Model S Opt 4x4 AT,2021,"80,600kms",Diesel,Automatic,₹15.90 Lakh,Hyderabad
140,Maruti,Maruti Wagon R tourH3 CNG,2024,"20,000kms",CNG,Manual,₹4.70 Lakh,Hyderabad
141,Maruti,Maruti BalenoAlpha CVT,2019,"44,000kms",Petrol,Automatic,₹6.25 Lakh,Hyderabad
142,Maruti,Maruti ErtigaVXI,2021,"83,000kms",Petrol,Manual,₹8.50 Lakh,Hyderabad
143,Hyundai,Hyundai Grand i101.2 Kappa Sportz Option,2017,"73,958kms",Petrol,Manual,₹4.02 Lakh,Hyderabad
144,Hyundai,Hyundai Grand i101.2 Kappa Sportz Option,2017,"20,776kms",Petrol,Manual,₹4.71 Lakh,Hyderabad
145,Hyundai,Hyundai i20Asta 1.4 CRDi,2016,"7,900kms",Diesel,Manual,₹5.75 Lakh,Hyderabad
146,MG,MG Hector Plus1.5 Turbo Sharp Pro 7 Str BSVI,2021,"26,236kms",Petrol,Manual,₹14.91 Lakh,Hyderabad
147,Kia,Kia SeltosGTX Plus,2019,"39,694kms",Petrol,Manual,₹11.50 Lakh,Hyderabad
148,Kia,Kia SonetGTX Plus Turbo DCT DT,2020,"34,610kms",Petrol,Automatic,₹8.62 Lakh,Hyderabad
149,Hyundai,Hyundai VenueS,2021,"68,826kms",Petrol,Manual,₹6.13 Lakh,Hyderabad
150,Hyundai,Hyundai Grand i101.2 Kappa Asta,2015,"1,39,093kms",Petrol,Manual,₹3.53 Lakh,Hyderabad
151,Tata,Tata NexonXZA Plus (O) AMT Diesel,2021,"38,740kms",Diesel,Automatic,₹10.09 Lakh,Hyderabad
152,Kia,Kia SeltosHTX,2022,"32,209kms",Petrol,Manual,₹10.45 Lakh,Hyderabad
153,Kia,Kia SonetHTX Diesel Anniversary Edition,2022,"51,463kms",Diesel,Manual,₹10.50 Lakh,Hyderabad
154,Kia,Kia SeltosGTX Plus Diesel AT,2019,"85,008kms",Diesel,Automatic,₹11.60 Lakh,Hyderabad
155,Tata,2021Tata HarrierXZA Plus Dark Edition AT  -2022,2020,"1,22,867kms",Diesel,Automatic,₹14.30 Lakh,Hyderabad
156,Kia,Kia SeltosGTX Plus DCT,2021,"71,998kms",Petrol,Automatic,₹13.73 Lakh,Hyderabad
157,Tata,Tata TiagoXZA AMT,2021,"71,695kms",Petrol,Automatic,₹5.27 Lakh,Hyderabad
158,Kia,Kia SonetGravity Diesel,2024,"47,980kms",Diesel,Manual,₹13.50 Lakh,Hyderabad
159,Toyota,Toyota Innova Crysta2.4 ZX 7 STR AT,2022,"55,275kms",Diesel,Automatic,₹29 Lakh,Hyderabad
160,Kia,Kia SeltosGTX Plus DCT,2021,"71,998kms",Petrol,Automatic,₹13.73 Lakh,Hyderabad
161,Tata,Tata TiagoXZA AMT,2021,"71,695kms",Petrol,Automatic,₹5.27 Lakh,Hyderabad
162,Kia,Kia SonetGravity Diesel,2024,"47,980kms",Diesel,Manual,₹13.50 Lakh,Hyderabad
163,Toyota,Toyota Innova Crysta2.4 ZX 7 STR AT,2022,"55,275kms",Diesel,Automatic,₹29 Lakh,Hyderabad
164,Maruti,Maruti Vitara BrezzaZXI Plus,2022,"61,084kms",Petrol,Manual,₹9.34 Lakh,Hyderabad
165,Honda,Honda CityZX CVT,2020,"60,811kms",Petrol,Automatic,₹8.61 Lakh,Hyderabad
166,Volkswagen,Volkswagen Vento1.0 TSI Highline Plus,2020,"75,662kms",Petrol,Manual,₹7.19 Lakh,Hyderabad
167,Tata,Tata AltrozXZ Plus Diesel,2023,"20,831kms",Diesel,Manual,₹8.29 Lakh,Hyderabad
168,Renault,Renault KigerRXZ Turbo CVT DT,2021,"63,651kms",Petrol,Automatic,₹6.95 Lakh,Hyderabad
169,Hyundai,Hyundai VenueSX Turbo Executive,2020,"26,501kms",Diesel,Manual,₹8.78 Lakh,Hyderabad
170,Honda,Honda CityZX CVT,2017,"60,704kms",Petrol,Automatic,₹9.42 Lakh,Hyderabad
171,Tata,Tata AltrozXZ Diesel,2022,"51,184kms",Diesel,Manual,₹8.07 Lakh,Hyderabad
172,Maruti,Maruti S CrossAlpha,2016,"99,957kms",Petrol,Manual,₹6.22 Lakh,Hyderabad
173,Hyundai,Hyundai VenueSX Opt Diesel,2022,"63,442kms",Diesel,Manual,₹9.73 Lakh,Hyderabad
174,Renault,Renault KigerRXZ AMT,2022,"17,798kms",Petrol,Automatic,₹7.11 Lakh,Hyderabad
175,MG,MG HectorSharp Diesel MT BSIV,2020,"64,147kms",Diesel,Manual,₹9.64 Lakh,Hyderabad
176,Renault,Renault KigerRXZ,2022,"51,591kms",Petrol,Manual,₹6.17 Lakh,Hyderabad
177,Maruti,Maruti Vitara BrezzaZXI Plus Dual Tone,2016,"78,384kms",Petrol,Manual,₹6.63 Lakh,Hyderabad
178,Honda,Honda Amaze 2nd GenVX,2023,"49,814kms",Petrol,Manual,₹6.24 Lakh,Hyderabad
179,Hyundai,Hyundai VenueSX Opt Turbo DCT Special Edition,2021,"54,830kms",Petrol,Automatic,₹8.89 Lakh,Hyderabad
180,Maruti,Maruti S CrossAlpha,2016,"99,957kms",Petrol,Manual,₹6.22 Lakh,Hyderabad
181,Maruti,Maruti Vitara BrezzaZXI Plus,2022,"61,084kms",Petrol,Manual,₹9.34 Lakh,Hyderabad
182,Hyundai,Hyundai VenueSX Opt Diesel,2022,"63,442kms",Diesel,Manual,₹9.73 Lakh,Hyderabad
183,Renault,Renault Captur1.5 Diesel RXL,2017,"94,975kms",Diesel,Manual,₹6.20 Lakh,Hyderabad
184,Maruti,Maruti Vitara BrezzaZXI Plus Dual Tone,2022,"1,22,637kms",Petrol,Manual,₹9.67 Lakh,Hyderabad
185,Honda,Honda CityZX MT,2021,"88,385kms",Petrol,Manual,₹9.61 Lakh,Hyderabad
186,Hyundai,Hyundai VenueSX Opt Turbo,2021,"40,670kms",Petrol,Manual,₹8.75 Lakh,Hyderabad
187,Maruti,Maruti XL6Alpha AT,2021,"1,12,796kms",Petrol,Automatic,₹9.71 Lakh,Hyderabad
188,Maruti,Maruti Vitara BrezzaZXI Plus AT Dual Tone,2021,"95,207kms",Petrol,Automatic,₹8.74 Lakh,Hyderabad
189,Audi,Audi A4 Technology,2021,"30,000 kms",Petrol,Automatic,₹35 Lakh,Hyderabad
190,Tata,Tata Nexon Pure Diesel,2024,"22,000 kms",Diesel,Manual,₹10.50 Lakh,Hyderabad
191,Volvo,Volvo XC90 D5 AWD,2014,"1,50,000 kms",Diesel,Manual,₹20 Lakh,Hyderabad
192,Skoda,Skoda Slavia 1.0 TSI Style,2024,"30,000 kms",Petrol,Manual,₹14.50 Lakh,Hyderabad
193,Maruti,Maruti Swift LXI BSIV,2014,"57,600 kms",Petrol,Manual,₹2.30 Lakh,Hyderabad
194,Audi,Audi Q3 35 TDI Quattro Premium Plus,2016,"30,000 kms",Diesel,Automatic,₹12 Lakh,Hyderabad
195,Skoda,Skoda Octavia 2.0 TDI AT Style Plus,2019,"87,000 kms",Diesel,Automatic,₹14 Lakh,Hyderabad
196,Hyundai,Hyundai Creta 1.6 CRDi SX Plus,2017,"86,000 kms",Diesel,Manual,₹8.50 Lakh,Hyderabad
197,Maruti,Maruti BalenoAlpha Diesel,2021,"89,276kms",Diesel,Manual,₹6.53 Lakh,Hyderabad
198,Maruti,Maruti ErtigaSHVS ZDI Plus,2017,"68,394kms",Diesel,Manual,₹7.15 Lakh,Hyderabad
199,Honda,Honda CityZX CVT,2020,"60,811kms",Petrol,Automatic,₹8.61 Lakh,Hyderabad
200,Volkswagen,Volkswagen Vento1.0 TSI Highline Plus,2020,"75,662kms",Petrol,Manual,₹7.19 Lakh,Hyderabad
201,Tata,Tata AltrozXZ Plus Diesel,2023,"20,831kms",Diesel,Manual,₹8.29 Lakh,Hyderabad
202,Renault,Renault KigerRXZ,2022,"51,591kms",Petrol,Manual,₹6.17 Lakh,Hyderabad
203,Maruti,Maruti Vitara BrezzaZXI Plus Dual Tone,2016,"78,384kms",Petrol,Manual,₹6.63 Lakh,Hyderabad
204,Mahindra,Mahindra Bolero NeoN8 BSVI,2022,"84,000kms",Diesel,Manual,₹9 Lakh,Hyderabad
205,Hyundai,Hyundai Creta1.6 VTVT E Plus,2018,"62,000kms",Petrol,Manual,₹8.30 Lakh,Hyderabad
206,Maruti,Maruti CiazZeta Automatic BSIV,2019,"54,000kms",Petrol,Automatic,₹7.99 Lakh,Hyderabad
207,Skoda,Skoda Rapid1.6 MPI Style BSIV,2018,"1,00,500kms",Petrol,Manual,₹7.99 Lakh,Hyderabad
208,Maruti,Maruti Vitara BrezzaZXI Plus Dual Tone,2022,"1,22,637kms",Petrol,Manual,₹9.67 Lakh,Hyderabad
209,Hyundai,Hyundai Creta1.6 CRDi AT SX Plus,2015,"1,36,806kms",Diesel,Automatic,₹7 Lakh,Hyderabad
210,Maruti,Maruti XL6Alpha,2020,"89,130kms",Petrol,Manual,₹9.90 Lakh,Hyderabad
211,Maruti,Maruti Vitara BrezzaZDi AMT,2019,"96,492kms",Diesel,Automatic,₹8.90 Lakh,Hyderabad
212,Hyundai,Hyundai VenueSX Diesel BSIV,2019,"89,213kms",Diesel,Manual,₹8.90 Lakh,Hyderabad
213,Maruti,Maruti Vitara BrezzaVXI AT,2021,"63,842kms",Petrol,Automatic,₹8.10 Lakh,Hyderabad
214,Honda,Honda Cityi DTec SV,2017,"94,723kms",Diesel,Manual,₹6.30 Lakh,Hyderabad
215,Maruti,Maruti Vitara BrezzaZDi Plus,2017,"72,000kms",Diesel,Manual,₹7.55 Lakh,Hyderabad
216,Hyundai,Hyundai Creta1.4 CRDi S,2017,"1,16,410kms",Diesel,Manual,₹8.25 Lakh,Hyderabad
217,Audi,Audi A4 Technology,2021,"30,000 kms",Petrol,Automatic,₹35 Lakh,Hyderabad
218,Tata,Tata Nexon Pure Diesel,2024,"22,000 kms",Diesel,Manual,₹10.50 Lakh,Hyderabad
219,Mahindra,Mahindra XUV500 R W10 FWD,2016,"1,31,000 kms",Diesel,Manual,₹8 Lakh,Hyderabad
220,Skoda,Skoda Slavia 1.0 TSI Style,2024,"30,000 kms",Petrol,Manual,₹14.50 Lakh,Hyderabad
221,Maruti,Maruti Swift LXI BSIV,2014,"57,600 kms",Petrol,Manual,₹2.30 Lakh,Hyderabad
222,Audi,Audi Q3 35 TDI Quattro Premium Plus,2016,"30,000 kms",Diesel,Automatic,₹12 Lakh,Hyderabad
223,Mercedes-Benz,Mercedes-Benz GLA Aero Edition,2018,"44,000 kms",Petrol,Automatic,₹23 Lakh,Hyderabad
224,MG,MG Windsor EV Essence,2024,"30,000 kms",Electric,Automatic,₹13.70 Lakh,Hyderabad
225,Tata,Tata HexaXM,2018,"50,000kms",Diesel,Manual,₹9.25 Lakh,Hyderabad
226,Maruti,Maruti CiazZeta Automatic BSIV,2019,"54,000kms",Petrol,Automatic,₹7.99 Lakh,Hyderabad
227,Hyundai,Hyundai i20Asta Opt,2023,"23,708kms",Petrol,Manual,₹8.80 Lakh,Hyderabad
228,Honda,Honda Cityi-VTEC CVT ZX,2019,"71,200kms",Petrol,Automatic,₹8.99 Lakh,Hyderabad
229,Hyundai,Hyundai Grand i10 NiosCorp Edition,2022,"26,217kms",Petrol,Manual,₹6.35 Lakh,Hyderabad
230,Maruti,Maruti ErtigaZXI,2019,"83,000kms",Petrol,Manual,₹8.99 Lakh,Hyderabad
231,Hyundai,Hyundai i20Asta Option 1.2,2023,"23,708kms",Petrol,Manual,₹8.80 Lakh,Hyderabad
232,Skoda,Skoda Rapid1.6 MPI Style BSIV,2018,"1,00,500kms",Petrol,Manual,₹7.99 Lakh,Hyderabad
233,Honda,Honda Amaze 2nd GenVX BSVI,2023,"72,600kms",Petrol,Manual,₹7.49 Lakh,Hyderabad
234,Hyundai,Hyundai Grand i10 NiosSportz,2023,"25,054kms",Petrol,Manual,₹6.40 Lakh,Hyderabad
235,Toyota,Toyota Innova2.5 E 8 STR,2012,"1,93,722kms",Diesel,Manual,₹6.95 Lakh,Hyderabad
236,Hyundai,Hyundai VenueS Plus Diesel BSVI,2023,"61,100kms",Diesel,Manual,₹9.75 Lakh,Hyderabad
237,Hyundai,Hyundai Creta1.4 CRDi Base,2016,"1,06,721kms",Diesel,Manual,₹7.25 Lakh,Hyderabad
238,Maruti,Maruti SwiftZXI,2024,"35,000kms",Petrol,Manual,₹8.50 Lakh,Hyderabad
239,Hyundai,Hyundai VenueSX Diesel BSIV,2019,"89,213kms",Diesel,Manual,₹8.90 Lakh,Hyderabad
240,Skoda,Skoda Kushaq1.0 TSI Ambition BSVI,2022,"98,000kms",Petrol,Manual,₹9.80 Lakh,Hyderabad
241,Hyundai,Hyundai VernaVTVT 1.6 AT SX Option,2019,"92,000kms",Petrol,Automatic,₹9.70 Lakh,Hyderabad
242,Maruti,Maruti Swift DzireZXI Plus BSVI,2022,"48,000kms",Petrol,Manual,₹7.50 Lakh,Hyderabad
243,Maruti,Maruti S CrossZeta DDiS 200 SH,2019,"64,000kms",Diesel,Manual,₹8.95 Lakh,Hyderabad
244,Toyota,Toyota Innova2.5 VX (Diesel) 7 Seater,2013,"2,94,000kms",Diesel,Manual,₹7.95 Lakh,Hyderabad
245,Audi,Audi A4 Technology,2021,"30,000 kms",Petrol,Automatic,₹35 Lakh,Hyderabad
246,Tata,Tata Nexon Pure Diesel,2024,"22,000 kms",Diesel,Manual,₹10.50 Lakh,Hyderabad
247,MG,MG Windsor EV Essence,2024,"30,000 kms",Electric,Automatic,₹13.70 Lakh,Hyderabad
248,Skoda,Skoda Slavia 1.0 TSI Style,2024,"30,000 kms",Petrol,Manual,₹14.50 Lakh,Hyderabad
249,Maruti,Maruti Swift LXI BSIV,2014,"57,600 kms",Petrol,Manual,₹2.30 Lakh,Hyderabad
250,Audi,Audi Q3 35 TDI Quattro Premium Plus,2016,"30,000 kms",Diesel,Automatic,₹12 Lakh,Hyderabad
251,Hyundai,Hyundai Verna CRDi 1.6 AT SX Plus,2019,"55,000 kms",Diesel,Automatic,₹10 Lakh,Hyderabad
252,Nissan,Nissan Magnite Tekna Plus,2024,"7,800 kms",Petrol,Manual,₹8.50 Lakh,Hyderabad
253,Hyundai,Hyundai VenueS Turbo,2020,"1,19,717kms",Petrol,Manual,₹6.90 Lakh,Hyderabad
254,Hyundai,Hyundai Creta1.6 CRDi SX,2015,"1,19,208kms",Diesel,Manual,₹8.50 Lakh,Hyderabad
255,Hyundai,Hyundai Creta1.6 VTVT E Plus,2018,"76,732kms",Petrol,Manual,₹7.95 Lakh,Hyderabad
256,Honda,Honda Cityi VTEC V,2017,"73,368kms",Petrol,Manual,₹7.80 Lakh,Hyderabad
257,Maruti,Maruti Baleno1.2 Alpha,2018,"93,258kms",Petrol,Manual,₹6.25 Lakh,Hyderabad
258,Hyundai,Hyundai Grand i10 NiosCorp Edition,2022,"26,217kms",Petrol,Manual,₹6.35 Lakh,Hyderabad
259,Honda,Honda Cityi-VTEC CVT ZX,2019,"71,200kms",Petrol,Automatic,₹8.99 Lakh,Hyderabad
260,Maruti,Maruti Vitara BrezzaVDi,2019,"90,016kms",Diesel,Manual,₹7.35 Lakh,Hyderabad
261,Maruti,Maruti ErtigaZXI,2019,"83,000kms",Petrol,Manual,₹8.99 Lakh,Hyderabad
262,Maruti,Maruti ErtigaSHVS VDI,2017,"76,703kms",Diesel,Manual,₹7.75 Lakh,Hyderabad
263,Hyundai,Hyundai Creta1.4 E Plus CRDi,2019,"89,932kms",Diesel,Manual,₹7.99 Lakh,Hyderabad
264,Maruti,Maruti Vitara BrezzaZDi Plus AMT,2019,"85,000kms",Diesel,Automatic,₹8.50 Lakh,Hyderabad
265,Maruti,Maruti SwiftZXI,2024,"35,000kms",Petrol,Manual,₹8.50 Lakh,Hyderabad
266,Maruti,Maruti CiazZeta Automatic BSIV,2019,"54,000kms",Petrol,Automatic,₹7.99 Lakh,Hyderabad
267,Skoda,Skoda Rapid1.6 MPI Style BSIV,2018,"1,00,500kms",Petrol,Manual,₹7.99 Lakh,Hyderabad
268,Hyundai,Hyundai VenueS Plus,2022,"27,052kms",Petrol,Manual,₹9.90 Lakh,Hyderabad
269,Hyundai,Hyundai VenueSX Diesel,2021,"98,467kms",Diesel,Manual,₹9.35 Lakh,Hyderabad
270,Maruti,Maruti Vitara BrezzaVDi,2019,"90,016kms",Diesel,Manual,₹7.35 Lakh,Hyderabad
271,Hyundai,Hyundai VenueSX Diesel BSIV,2019,"89,213kms",Diesel,Manual,₹8.90 Lakh,Hyderabad
272,Hyundai,Hyundai VernaVTVT 1.6 AT SX Option,2019,"92,000kms",Petrol,Automatic,₹9.70 Lakh,Hyderabad
273,Audi,Audi A4 Technology,2021,"30,000 kms",Petrol,Automatic,₹35 Lakh,Hyderabad
274,Tata,Tata Nexon Pure Diesel,2024,"22,000 kms",Diesel,Manual,₹10.50 Lakh,Hyderabad
275,Volvo,Volvo XC90 D5 AWD,2014,"1,50,000 kms",Diesel,Manual,₹20 Lakh,Hyderabad
276,Skoda,Skoda Slavia 1.0 TSI Style,2024,"30,000 kms",Petrol,Manual,₹14.50 Lakh,Hyderabad
277,Maruti,Maruti Swift LXI BSIV,2014,"57,600 kms",Petrol,Manual,₹2.30 Lakh,Hyderabad
278,Audi,Audi Q3 35 TDI Quattro Premium Plus,2016,"30,000 kms",Diesel,Automatic,₹12 Lakh,Hyderabad
279,Skoda,Skoda Octavia 2.0 TDI AT Style Plus,2019,"87,000 kms",Diesel,Automatic,₹14 Lakh,Hyderabad
280,Hyundai,Hyundai Creta 1.6 CRDi SX Plus,2017,"86,000 kms",Diesel,Manual,₹8.50 Lakh,Hyderabad
281,Maruti,Maruti Swift DzireZXI Plus BSVI,2022,"48,000kms",Petrol,Manual,₹7.50 Lakh,Hyderabad
282,Maruti,Maruti S CrossZeta DDiS 200 SH,2019,"64,000kms",Diesel,Manual,₹8.95 Lakh,Hyderabad
283,Toyota,Toyota Innova2.5 VX (Diesel) 7 Seater,2013,"2,94,000kms",Diesel,Manual,₹7.95 Lakh,Hyderabad
284,Hyundai,Hyundai i20Asta Opt,2023,"23,708kms",Petrol,Manual,₹8.80 Lakh,Hyderabad
285,Maruti,Maruti Vitara BrezzaZDi Plus,2017,"72,000kms",Diesel,Manual,₹7.55 Lakh,Hyderabad
286,Hyundai,Hyundai Creta1.4 CRDi S,2017,"1,16,410kms",Diesel,Manual,₹8.25 Lakh,Hyderabad
287,Hyundai,Hyundai Creta1.6 CRDi SX,2015,"1,19,208kms",Diesel,Manual,₹8.50 Lakh,Hyderabad
288,Hyundai,Hyundai Creta1.6 VTVT E Plus,2018,"76,732kms",Petrol,Manual,₹7.95 Lakh,Hyderabad
289,Honda,Honda Cityi VTEC V,2017,"73,368kms",Petrol,Manual,₹7.80 Lakh,Hyderabad
290,Maruti,Maruti Baleno1.2 Alpha,2018,"93,258kms",Petrol,Manual,₹6.25 Lakh,Hyderabad
291,Maruti,Maruti ErtigaSHVS VDI,2017,"76,703kms",Diesel,Manual,₹7.75 Lakh,Hyderabad
292,Ford,Ford Ecosport1.5 Diesel Titanium,2020,"1,12,500kms",Diesel,Manual,₹7.65 Lakh,Hyderabad
293,Maruti,Maruti S CrossAlpha DDiS 200 SH,2017,"82,469kms",Diesel,Manual,₹6.90 Lakh,Hyderabad
294,Hyundai,Hyundai Elantra2.0 SX Option AT,2018,"66,000kms",Petrol,Automatic,₹9.95 Lakh,Hyderabad
295,Hyundai,Hyundai VenueS BSVI,2023,"32,590kms",Petrol,Manual,₹8.95 Lakh,Hyderabad
296,Toyota,Toyota Innova2.5 G (Diesel) 7 Seater BS IV,2014,"1,60,579kms",Diesel,Manual,₹9.30 Lakh,Hyderabad
297,Mahindra,Mahindra Bolero NeoN10 Option BSVI,2022,"60,000kms",Diesel,Manual,₹9 Lakh,Hyderabad
298,Honda,Honda WR-Vi-DTEC VX,2018,"91,416kms",Diesel,Manual,₹6.75 Lakh,Hyderabad
299,Maruti,Maruti Baleno1.2 Alpha,2019,"95,565kms",Petrol,Manual,₹7.25 Lakh,Hyderabad
300,Maruti,Maruti BrezzaVXi BSVI,2023,"75,038kms",Petrol,Manual,₹9.50 Lakh,Hyderabad
301,Audi,Audi A4 Technology,2021,"30,000 kms",Petrol,Automatic,₹35 Lakh,Hyderabad
302,Tata,Tata Nexon Pure Diesel,2024,"22,000 kms",Diesel,Manual,₹10.50 Lakh,Hyderabad
303,MG,MG Windsor EV Essence,2024,"30,000 kms",Electric,Automatic,₹13.70 Lakh,Hyderabad
304,Skoda,Skoda Slavia 1.0 TSI Style,2024,"30,000 kms",Petrol,Manual,₹14.50 Lakh,Hyderabad
305,Maruti,Maruti Swift LXI BSIV,2014,"57,600 kms",Petrol,Manual,₹2.30 Lakh,Hyderabad
306,Audi,Audi Q3 35 TDI Quattro Premium Plus,2016,"30,000 kms",Diesel,Automatic,₹12 Lakh,Hyderabad
307,Hyundai,Hyundai Verna CRDi 1.6 AT SX Plus,2019,"55,000 kms",Diesel,Automatic,₹10 Lakh,Hyderabad
308,Nissan,Nissan Magnite Tekna Plus,2024,"7,800 kms",Petrol,Manual,₹8.50 Lakh,Hyderabad
309,Maruti,Maruti ErtigaVDI,2019,"89,000kms",Diesel,Manual,₹9.55 Lakh,Hyderabad
310,Maruti,Maruti Vitara BrezzaVDi,2019,"98,358kms",Diesel,Manual,₹7.95 Lakh,Hyderabad
311,Hyundai,Hyundai Creta1.6 CRDi SX Option,2018,"1,00,000kms",Diesel,Manual,₹9.20 Lakh,Hyderabad
312,Maruti,Maruti Vitara BrezzaVXI AT,2021,"63,842kms",Petrol,Automatic,₹8.10 Lakh,Hyderabad
313,Hyundai,Hyundai VenueSX Diesel BSIV,2020,"96,839kms",Diesel,Manual,₹8.50 Lakh,Hyderabad
314,Hyundai,Hyundai VenueSX Opt Turbo BSIV,2019,"92,000kms",Petrol,Manual,₹8.40 Lakh,Hyderabad
315,Maruti,Maruti Vitara BrezzaVDi Option,2018,"1,39,070kms",Diesel,Manual,₹6.95 Lakh,Hyderabad
316,Honda,Honda WR-VVX,2021,"25,000kms",Petrol,Manual,₹7.25 Lakh,Hyderabad
317,Toyota,Toyota Innova2.5 GX (Diesel) 8 Seater BS IV,2013,"82,000kms",Diesel,Manual,₹7.25 Lakh,Hyderabad
318,Maruti,Maruti SwiftVXI,2021,"45,000kms",Petrol,Manual,₹6.75 Lakh,Hyderabad
319,Jeep,Jeep Compass2.0 Sport,2018,"77,097kms",Diesel,Manual,₹8.75 Lakh,Hyderabad
320,Maruti,Maruti Vitara BrezzaVDi Option,2018,"1,39,070kms",Diesel,Manual,₹6.95 Lakh,Hyderabad
321,Honda,Honda WR-VVX,2021,"25,000kms",Petrol,Manual,₹7.25 Lakh,Hyderabad
322,Toyota,Toyota Innova2.5 GX (Diesel) 8 Seater BS IV,2013,"82,000kms",Diesel,Manual,₹7.25 Lakh,Hyderabad
323,Maruti,Maruti SwiftVXI,2021,"45,000kms",Petrol,Manual,₹6.75 Lakh,Hyderabad
324,Jeep,Jeep Compass2.0 Sport,2018,"77,097kms",Diesel,Manual,₹8.75 Lakh,Hyderabad
325,Hyundai,Hyundai VernaVTVT 1.6 SX Option,2018,"78,000kms",Petrol,Manual,₹8.35 Lakh,Hyderabad
326,Maruti,Maruti S CrossZeta DDiS 200 SH,2018,"84,000kms",Diesel,Manual,₹7.25 Lakh,Hyderabad
327,Honda,Honda Cityi VTEC VX,2017,"60,000kms",Petrol,Manual,₹7.90 Lakh,Hyderabad
328,Hyundai,Hyundai Creta1.6 CRDi SX Plus,2015,"1,32,000kms",Diesel,Manual,₹6.85 Lakh,Hyderabad
329,Audi,Audi A4 Technology,2021,"30,000 kms",Petrol,Automatic,₹35 Lakh,Hyderabad
330,Tata,Tata Nexon Pure Diesel,2024,"22,000 kms",Diesel,Manual,₹10.50 Lakh,Hyderabad
331,MG,MG Windsor EV Essence,2024,"30,000 kms",Electric,Automatic,₹13.70 Lakh,Hyderabad
332,Skoda,Skoda Slavia 1.0 TSI Style,2024,"30,000 kms",Petrol,Manual,₹14.50 Lakh,Hyderabad
333,Maruti,Maruti Swift LXI BSIV,2014,"57,600 kms",Petrol,Manual,₹2.30 Lakh,Hyderabad
334,Audi,Audi Q3 35 TDI Quattro Premium Plus,2016,"30,000 kms",Diesel,Automatic,₹12 Lakh,Hyderabad
335,Hyundai,Hyundai Verna CRDi 1.6 AT SX Plus,2019,"55,000 kms",Diesel,Automatic,₹10 Lakh,Hyderabad
336,Nissan,Nissan Magnite Tekna Plus,2024,"7,800 kms",Petrol,Manual,₹8.50 Lakh,Hyderabad
337,Maruti,Maruti ErtigaVDI,2019,"1,10,000kms",Diesel,Manual,₹9.80 Lakh,Hyderabad
338,Toyota,Toyota Fortuner2.8 2WD AT BSIV,2018,"1,18,451kms",Diesel,Automatic,₹28.25 Lakh,Hyderabad
339,Toyota,Toyota Innova Crysta2.4 GX 8 STR,2020,"27,262kms",Diesel,Manual,₹20.75 Lakh,Hyderabad
340,Toyota,Toyota Innova Crysta2.4 VX 7 STR,2022,"89,000kms",Diesel,Manual,₹24.50 Lakh,Hyderabad
341,Toyota,Toyota Innova Crysta2.4 ZX 7 STR,2022,"53,420kms",Diesel,Manual,₹28 Lakh,Hyderabad
342,Toyota,Toyota Fortuner2.8 2WD MT BSIV,2018,"91,000kms",Diesel,Manual,₹28.30 Lakh,Hyderabad
343,Toyota,Toyota Fortuner2.8 2WD AT BSIV,2019,"1,64,839kms",Diesel,Automatic,₹27.85 Lakh,Hyderabad
344,Toyota,Toyota Innova Crysta2.4 G 8 STR,2022,"70,000kms",Diesel,Manual,₹25.75 Lakh,Hyderabad
345,Volvo,Volvo XC90D5 Inscription BSIV,2017,"1,34,941kms",Diesel,Automatic,₹25 Lakh,Hyderabad
346,Hyundai,Hyundai Grand i10CRDi Sportz,2013,"88,000kms",Diesel,Manual,₹3.50 Lakh,Hyderabad
347,Maruti,Maruti BalenoZeta CVT,2019,"87,577kms",Petrol,Automatic,₹5.60 Lakh,Hyderabad
348,Toyota,Toyota Fortuner2.8 2WD AT BSIV,2019,"1,64,839kms",Diesel,Automatic,₹27.85 Lakh,Hyderabad
349,Toyota,Toyota Innova Crysta2.4 G 8 STR,2022,"70,000kms",Diesel,Manual,₹25.75 Lakh,Hyderabad
350,Volvo,Volvo XC90D5 Inscription BSIV,2017,"1,34,941kms",Diesel,Automatic,₹25 Lakh,Hyderabad
351,Hyundai,Hyundai Grand i10CRDi Sportz,2013,"88,000kms",Diesel,Manual,₹3.50 Lakh,Hyderabad
352,Maruti,Maruti BalenoZeta CVT,2019,"87,577kms",Petrol,Automatic,₹5.60 Lakh,Hyderabad
353,Hyundai,Hyundai CretaSX (O) Diesel AT,2023,"80,419kms",Diesel,Automatic,₹16.48 Lakh,Hyderabad
354,Kia,Kia SeltosGTX Plus S Diesel AT,2023,"1,18,562kms",Diesel,Automatic,₹15.57 Lakh,Hyderabad
355,Hyundai,Hyundai AlcazarSignature 6Str Diesel AT,2022,"46,501kms",Diesel,Automatic,₹16.95 Lakh,Hyderabad
356,Toyota,Toyota Innova Crysta2.8 ZX AT BSIV,2018,"1,39,574kms",Diesel,Automatic,₹19.50 Lakh,Hyderabad
357,Audi,Audi A4 Technology,2021,"30,000 kms",Petrol,Automatic,₹35 Lakh,Hyderabad
358,Tata,Tata Nexon Pure Diesel,2024,"22,000 kms",Diesel,Manual,₹10.50 Lakh,Hyderabad
359,Volvo,Volvo XC90 D5 AWD,2014,"1,50,000 kms",Diesel,Manual,₹20 Lakh,Hyderabad
360,Skoda,Skoda Slavia 1.0 TSI Style,2024,"30,000 kms",Petrol,Manual,₹14.50 Lakh,Hyderabad
361,Maruti,Maruti Swift LXI BSIV,2014,"57,600 kms",Petrol,Manual,₹2.30 Lakh,Hyderabad
362,Audi,Audi Q3 35 TDI Quattro Premium Plus,2016,"30,000 kms",Diesel,Automatic,₹12 Lakh,Hyderabad
363,Skoda,Skoda Octavia 2.0 TDI AT Style Plus,2019,"87,000 kms",Diesel,Automatic,₹14 Lakh,Hyderabad
364,Hyundai,Hyundai Creta 1.6 CRDi SX Plus,2017,"86,000 kms",Diesel,Manual,₹8.50 Lakh,Hyderabad
365,Toyota,Toyota Innova Crysta2.8 ZX AT BSIV,2018,"1,15,190kms",Diesel,Automatic,₹19.20 Lakh,Hyderabad
366,Hyundai,Hyundai AlcazarSignature (O) AT,2021,"59,104kms",Petrol,Automatic,₹15.50 Lakh,Hyderabad
367,Hyundai,Hyundai AlcazarSignature (O) Diesel AT BSVI,2022,"69,200kms",Diesel,Automatic,₹18.45 Lakh,Hyderabad
368,Toyota,Toyota Innova Crysta2.4 G MT BSIV,2018,"1,58,421kms",Diesel,Manual,₹19 Lakh,Hyderabad
369,Toyota,Toyota Innova Crysta2.4 GX MT BSIV,2019,"1,37,821kms",Diesel,Manual,₹17.25 Lakh,Hyderabad
370,Toyota,Toyota Innova Crysta2.4 VX MT,2020,"80,000kms",Diesel,Manual,₹19.95 Lakh,Hyderabad
371,Kia,Kia SeltosGTX Plus Diesel AT,2022,"97,000kms",Diesel,Automatic,₹16 Lakh,Hyderabad
372,Tata,Tata SafariXZ Plus 6 Str BSVI,2022,"38,040kms",Diesel,Manual,₹19.50 Lakh,Hyderabad
373,Tata,Tata SafariXZA Plus 6 Str AT BSVI,2022,"36,000kms",Diesel,Automatic,₹19.50 Lakh,Hyderabad
374,Tata,Tata SafariXZA Plus AT BSVI,2021,"55,703kms",Diesel,Automatic,₹16.50 Lakh,Hyderabad
375,Renault,Renault KigerRXZ Turbo CVT,2023,"35,700kms",Petrol,Automatic,₹8.75 Lakh,Hyderabad
376,Toyota,Toyota Innova Crysta2.4 G MT BSIV,2018,"1,58,421kms",Diesel,Manual,₹19 Lakh,Hyderabad
377,Toyota,Toyota Innova Crysta2.8 ZX AT BSIV,2018,"1,15,190kms",Diesel,Automatic,₹19.20 Lakh,Hyderabad
378,Hyundai,Hyundai AlcazarSignature (O) AT,2021,"59,104kms",Petrol,Automatic,₹15.50 Lakh,Hyderabad
379,Toyota,Toyota Innova Crysta2.8 ZX AT BSIV,2018,"1,39,574kms",Diesel,Automatic,₹19.50 Lakh,Hyderabad
380,Renault,Renault KigerRXZ Turbo CVT,2023,"35,700kms",Petrol,Automatic,₹8.75 Lakh,Hyderabad
381,MG,MG HectorSharp Diesel Dualtone,2020,"92,000kms",Diesel,Manual,₹12.55 Lakh,Hyderabad
382,Hyundai,Hyundai i20 Active1.2 SX,2016,"70,200kms",Petrol,Manual,₹6.20 Lakh,Hyderabad
383,Hyundai,Hyundai Grand i101.2 Kappa Asta,2017,"1,11,906kms",Petrol,Manual,₹3.86 Lakh,Hyderabad
384,Hyundai,Hyundai Grand i101.2 Kappa Sportz BSIV,2015,"67,301kms",Petrol,Manual,₹3.91 Lakh,Hyderabad
385,Audi,Audi A4 Technology,2021,"30,000 kms",Petrol,Automatic,₹35 Lakh,Hyderabad
386,Tata,Tata Nexon Pure Diesel,2024,"22,000 kms",Diesel,Manual,₹10.50 Lakh,Hyderabad
387,Mahindra,Mahindra XUV500 R W10 FWD,2016,"1,31,000 kms",Diesel,Manual,₹8 Lakh,Hyderabad
388,Skoda,Skoda Slavia 1.0 TSI Style,2024,"30,000 kms",Petrol,Manual,₹14.50 Lakh,Hyderabad
389,Maruti,Maruti Swift LXI BSIV,2014,"57,600 kms",Petrol,Manual,₹2.30 Lakh,Hyderabad
390,Audi,Audi Q3 35 TDI Quattro Premium Plus,2016,"30,000 kms",Diesel,Automatic,₹12 Lakh,Hyderabad
391,Mercedes-Benz,Mercedes-Benz GLA Aero Edition,2018,"44,000 kms",Petrol,Automatic,₹23 Lakh,Hyderabad
392,MG,MG Windsor EV Essence,2024,"30,000 kms",Electric,Automatic,₹13.70 Lakh,Hyderabad
393,Hyundai,Hyundai Grand i101.2 Kappa Sportz BSIV,2015,"1,31,868kms",Petrol,Manual,₹3.51 Lakh,Hyderabad
394,Honda,Honda Cityi DTec VX Option,2016,"94,708kms",Diesel,Manual,₹6.16 Lakh,Hyderabad
395,Maruti,Maruti DzireVXI,2018,"1,18,263kms",Petrol,Manual,₹5.60 Lakh,Hyderabad
396,Renault,Renault KigerRXZ AMT,2022,"88,615kms",Petrol,Automatic,₹5.92 Lakh,Hyderabad
397,Hyundai,Hyundai Grand i101.2 Kappa Asta,2015,"79,004kms",Petrol,Manual,₹4.03 Lakh,Hyderabad
398,Toyota,Toyota Etios LivaGD,2012,"84,000kms",Diesel,Manual,₹3.40 Lakh,Hyderabad
399,Maruti,Maruti CiazZeta AT BSVI,2023,"9,000kms",Petrol,Automatic,₹10.45 Lakh,Hyderabad
400,Hyundai,Hyundai VenueSX Opt Executive Diesel,2021,"95,744kms",Diesel,Manual,₹9.80 Lakh,Hyderabad
401,Hyundai,Hyundai Grand i10Sportz,2015,"62,969kms",Petrol,Manual,₹3.49 Lakh,Hyderabad
402,Honda,Honda AmazeS Petrol BSIV,2019,"1,14,792kms",Petrol,Manual,₹4.53 Lakh,Hyderabad
403,Hyundai,Hyundai Xcent1.2 Kappa SX,2015,"1,14,980kms",Petrol,Manual,₹3.57 Lakh,Hyderabad
404,Maruti,Maruti CiazZeta AT BSVI,2023,"9,000kms",Petrol,Automatic,₹10.45 Lakh,Hyderabad
405,Hyundai,Hyundai VenueSX Opt Executive Diesel,2021,"95,744kms",Diesel,Manual,₹9.80 Lakh,Hyderabad
406,Hyundai,Hyundai Grand i10Sportz,2015,"62,969kms",Petrol,Manual,₹3.49 Lakh,Hyderabad
407,Honda,Honda AmazeS Petrol BSIV,2019,"1,14,792kms",Petrol,Manual,₹4.53 Lakh,Hyderabad
408,Hyundai,Hyundai Xcent1.2 Kappa SX,2015,"1,14,980kms",Petrol,Manual,₹3.57 Lakh,Hyderabad
409,Nissan,Nissan Kicks1.5 XV,2020,"1,05,870kms",Petrol,Manual,₹5.52 Lakh,Hyderabad
410,Maruti,Maruti Swift DzireVXI,2017,"74,134kms",Petrol,Manual,₹4.49 Lakh,Hyderabad
411,Honda,Honda Jazz1.5 VX i DTEC,2017,"89,000kms",Diesel,Manual,₹5.99 Lakh,Hyderabad
412,Maruti,Maruti Grand VitaraAlpha Plus Hybrid CVT BSVI,2022,"28,000kms",Petrol,Automatic,₹16.40 Lakh,Hyderabad
413,Maruti,Maruti Vitara BrezzaVDi,2016,"84,172kms",Diesel,Manual,₹5.80 Lakh,Hyderabad
414,Hyundai,Hyundai Grand i10 NiosSportz,2022,"41,000kms",Petrol,Manual,₹5.95 Lakh,Hyderabad
415,Maruti,Maruti Vitara BrezzaZXI Plus Dual Tone,2023,"35,694kms",Petrol,Manual,₹12.01 Lakh,Hyderabad
416,Volkswagen,Volkswagen VirtusTopline,2023,"45,293kms",Petrol,Manual,₹12.15 Lakh,Hyderabad
417,Volkswagen,Volkswagen Taigun1.0 Highline AT,2022,"47,377kms",Petrol,Automatic,₹10.05 Lakh,Hyderabad
418,Hyundai,Hyundai AlcazarPlatinum AE 7Str Diesel,2022,"96,029kms",Diesel,Manual,₹14.29 Lakh,Hyderabad
419,Hyundai,Hyundai VernaSX Opt Turbo,2021,"33,881kms",Petrol,Automatic,₹11.93 Lakh,Hyderabad
420,Kia,Kia SeltosGTX Plus S Turbo DCT,2020,"92,417kms",Petrol,Automatic,₹12.61 Lakh,Hyderabad
421,Kia,Kia SeltosGTX Plus S Turbo DCT,2019,"1,05,475kms",Petrol,Automatic,₹11.48 Lakh,Hyderabad
422,Volkswagen,Volkswagen Taigun1.0 Topline,2022,"56,283kms",Petrol,Manual,₹10.73 Lakh,Hyderabad
423,Honda,Honda ElevateZX Non RF,2023,"14,754kms",Petrol,Manual,₹13.89 Lakh,Hyderabad
424,Kia,Kia SonetX-Line Diesel AT,2023,"34,567kms",Diesel,Automatic,₹13.45 Lakh,Hyderabad
425,Tata,Tata CurvvCreative Plus S Diesel,2024,"18,341kms",Diesel,Manual,₹14.96 Lakh,Hyderabad
426,Honda,Honda ElevateZX Non RF,2023,"14,754kms",Petrol,Manual,₹13.89 Lakh,Hyderabad
427,Tata,Tata CurvvCreative S Diesel,2024,"27,472kms",Diesel,Manual,₹13.95 Lakh,Hyderabad
428,Skoda,Skoda Slavia1.0 TSI Style AT BSVI,2022,"61,417kms",Petrol,Automatic,₹11.66 Lakh,Hyderabad
429,Maruti,Maruti Vitara BrezzaZXI Plus Dual Tone,2023,"35,694kms",Petrol,Manual,₹12.01 Lakh,Hyderabad
430,Honda,Honda CityZX MT,2022,"84,325kms",Petrol,Manual,₹11.28 Lakh,Hyderabad
431,Kia,Kia SeltosGTX Plus S Turbo DCT,2019,"1,05,475kms",Petrol,Automatic,₹11.48 Lakh,Hyderabad
432,Volkswagen,Volkswagen Taigun1.0 Topline,2022,"56,283kms",Petrol,Manual,₹10.73 Lakh,Hyderabad
433,Kia,Kia SeltosHTX,2022,"58,333kms",Petrol,Manual,₹11.36 Lakh,Hyderabad
434,Volkswagen,Volkswagen VirtusTopline,2023,"45,293kms",Petrol,Manual,₹12.15 Lakh,Hyderabad
435,Volkswagen,Volkswagen Taigun1.0 Highline AT,2022,"47,377kms",Petrol,Automatic,₹10.05 Lakh,Hyderabad
436,Honda,Honda CityZX MT,2022,"74,872kms",Petrol,Manual,₹10.88 Lakh,Hyderabad
437,Kia,Kia SeltosGTX Plus S Turbo DCT,2020,"66,772kms",Petrol,Automatic,₹13.19 Lakh,Hyderabad
438,Hyundai,Hyundai AlcazarPlatinum AE 7Str Diesel,2022,"96,029kms",Diesel,Manual,₹14.29 Lakh,Hyderabad
439,Hyundai,Hyundai VernaSX Opt Turbo,2021,"33,881kms",Petrol,Automatic,₹11.93 Lakh,Hyderabad
440,Kia,Kia SeltosGTX Plus S Turbo DCT,2020,"92,417kms",Petrol,Automatic,₹12.61 Lakh,Hyderabad
441,Honda,Honda CR-V2.0L 2WD AT,2016,"62,940kms",Petrol,Automatic,₹10.50 Lakh,Hyderabad
442,Hyundai,Hyundai CretaSX Diesel BSVI,2020,"1,16,000kms",Diesel,Manual,₹13 Lakh,Hyderabad
443,Maruti,Maruti ErtigaVDI,2019,"1,12,000kms",Diesel,Manual,₹10.80 Lakh,Hyderabad
444,Hyundai,Hyundai VernaSX Opt Turbo,2021,"33,881kms",Petrol,Automatic,₹11.93 Lakh,Hyderabad
445,Kia,Kia SeltosGTX Plus S Turbo DCT,2020,"92,417kms",Petrol,Automatic,₹12.61 Lakh,Hyderabad
446,Honda,Honda CR-V2.0L 2WD AT,2016,"62,940kms",Petrol,Automatic,₹10.50 Lakh,Hyderabad
447,Hyundai,Hyundai CretaSX Diesel BSVI,2020,"1,16,000kms",Diesel,Manual,₹13 Lakh,Hyderabad
448,Maruti,Maruti ErtigaVDI,2019,"1,12,000kms",Diesel,Manual,₹10.80 Lakh,Hyderabad
449,MG,MG Hector PlusSharp Diesel MT,2021,"84,771kms",Diesel,Manual,₹12.10 Lakh,Hyderabad
450,Hyundai,Hyundai Creta1.6 CRDi SX Option,2018,"1,18,837kms",Diesel,Manual,₹10.20 Lakh,Hyderabad
451,Maruti,Maruti BrezzaZxi Plus BSVI,2023,"56,000kms",Petrol,Manual,₹12.35 Lakh,Hyderabad
452,Maruti,Maruti ErtigaZDI Plus,2019,"70,000kms",Diesel,Manual,₹10.90 Lakh,Hyderabad
453,Kia,Kia CarensPrestige Diesel BSVI,2022,"82,644kms",Diesel,Manual,₹13.50 Lakh,Hyderabad
454,Hyundai,Hyundai i20Asta Turbo iMT,2023,"18,000kms",Petrol,Manual,₹10.80 Lakh,Hyderabad
455,Maruti,Maruti ErtigaZDI,2019,"1,28,410kms",Diesel,Manual,₹11.50 Lakh,Hyderabad
456,Kia,Kia SeltosHTK Plus G,2019,"85,000kms",Petrol,Manual,₹10.50 Lakh,Hyderabad
457,MG,MG HectorSharp Diesel MT,2020,"73,572kms",Diesel,Manual,₹11.50 Lakh,Hyderabad
458,Kia,Kia SeltosGTX Plus DCT,2020,"58,000kms",Petrol,Automatic,₹12.45 Lakh,Hyderabad
459,Tata,Tata HarrierXM BSVI,2021,"58,000kms",Diesel,Manual,₹12.90 Lakh,Hyderabad
460,Tata,Tata HarrierXT,2022,"69,294kms",Diesel,Manual,₹13.80 Lakh,Hyderabad
461,MG,MG HectorHybrid Sharp MT,2020,"83,681kms",Petrol,Manual,₹13.50 Lakh,Hyderabad
462,MG,MG Hector PlusSharp Diesel MT,2020,"96,000kms",Diesel,Manual,₹12.75 Lakh,Hyderabad
463,Hyundai,Hyundai Creta1.6 CRDi SX,2020,"1,18,000kms",Diesel,Manual,₹13.50 Lakh,Hyderabad
464,Maruti,Maruti ErtigaZDI,2019,"1,28,410kms",Diesel,Manual,₹11.50 Lakh,Hyderabad
465,Hyundai,Hyundai Creta1.6 CRDi SX Option,2018,"1,18,837kms",Diesel,Manual,₹10.20 Lakh,Hyderabad
466,Maruti,Maruti BrezzaZxi Plus BSVI,2023,"56,000kms",Petrol,Manual,₹12.35 Lakh,Hyderabad
467,Hyundai,Hyundai CretaSX Diesel BSVI,2020,"1,16,000kms",Diesel,Manual,₹13 Lakh,Hyderabad
468,Honda,Honda CR-V2.0L 2WD AT,2016,"62,940kms",Petrol,Automatic,₹10.50 Lakh,Hyderabad
469,Maruti,Maruti ErtigaZDI Plus,2019,"70,000kms",Diesel,Manual,₹10.90 Lakh,Hyderabad
470,Maruti,Maruti ErtigaVDI,2019,"1,12,000kms",Diesel,Manual,₹10.80 Lakh,Hyderabad
471,Tata,Tata HarrierXZ BSIV,2019,"1,00,000kms",Diesel,Manual,₹12.80 Lakh,Hyderabad
472,Maruti,Maruti ErtigaVxi (O) BSVI,2023,"51,000kms",Petrol,Manual,₹10.45 Lakh,Hyderabad
473,Toyota,Toyota RumionS,2025,167kms,Petrol,Manual,₹12 Lakh,Hyderabad
474,MG,MG HectorSharp Diesel MT BSIV,2019,"1,32,853kms",Diesel,Manual,₹10.50 Lakh,Hyderabad
475,Maruti,Maruti Grand VitaraAlpha DT BSVI,2022,"26,700kms",Petrol,Manual,₹11.90 Lakh,Hyderabad
476,Kia,Kia SonetHTX Diesel BSVI,2022,"71,490kms",Diesel,Manual,₹8.80 Lakh,Hyderabad
477,Maruti,Maruti ErtigaSHVS VDI,2016,"1,15,000kms",Diesel,Manual,₹6.95 Lakh,Hyderabad
478,Tata,Tata HarrierXZ BSIV,2019,"1,13,000kms",Diesel,Manual,₹9.50 Lakh,Hyderabad
479,Ford,Ford EndeavourTitanium Plus 4X4 AT,2020,"72,595kms",Diesel,Automatic,₹31.90 Lakh,Hyderabad
480,Mahindra,Mahindra XUV700AX7 AT Luxury Pack BSVI,2022,"96,000kms",Petrol,Automatic,₹19.50 Lakh,Hyderabad
481,Maruti,Maruti Vitara BrezzaZXI Plus,2020,"81,200kms",Petrol,Manual,₹7.80 Lakh,Hyderabad
482,Maruti,Maruti Vitara BrezzaZDi Plus AMT,2018,"1,18,000kms",Diesel,Automatic,₹7.65 Lakh,Hyderabad
483,Maruti,Maruti SwiftVXI,2021,"53,957kms",Petrol,Manual,₹6.50 Lakh,Hyderabad
484,Ford,Ford EndeavourTitanium Plus 4X4 AT,2020,"72,595kms",Diesel,Automatic,₹31.90 Lakh,Hyderabad
485,Mahindra,Mahindra XUV700AX7 AT Luxury Pack BSVI,2022,"96,000kms",Petrol,Automatic,₹19.50 Lakh,Hyderabad
486,Maruti,Maruti SwiftVXI BSVI,2021,"38,901kms",Petrol,Manual,₹6.50 Lakh,Hyderabad
487,Maruti,Maruti Vitara BrezzaZXI Plus,2020,"81,200kms",Petrol,Manual,₹7.80 Lakh,Hyderabad
488,Maruti,Maruti Vitara BrezzaZDi Plus AMT,2018,"1,18,000kms",Diesel,Automatic,₹7.65 Lakh,Hyderabad
489,Maruti,Maruti SwiftVXI,2021,"53,957kms",Petrol,Manual,₹6.50 Lakh,Hyderabad
490,Hyundai,Hyundai i20Asta Opt BSVI,2020,"1,00,000kms",Petrol,Manual,₹7.75 Lakh,Hyderabad
491,Tata,Tata SafariXZA Plus AT BSVI,2022,"24,058kms",Diesel,Automatic,₹21.50 Lakh,Hyderabad
492,Maruti,Maruti Swift DzireZXI,2024,"47,000kms",Petrol,Manual,₹7.45 Lakh,Hyderabad
493,Hyundai,Hyundai Creta1.6 SX Automatic,2018,"75,500kms",Petrol,Automatic,₹9.45 Lakh,Hyderabad
494,Volkswagen,Volkswagen Taigun1.5 TSI GT BSVI,2021,"4,214kms",Petrol,Manual,₹10.97 Lakh,Hyderabad
495,Hyundai,Hyundai Creta1.6 SX Automatic,2018,"36,350kms",Petrol,Automatic,₹8.59 Lakh,Hyderabad
496,Hyundai,Hyundai VenueSX Opt Turbo BSIV,2019,"63,227kms",Petrol,Manual,₹6.45 Lakh,Hyderabad
497,Hyundai,Hyundai Grand i10 NiosSportz AMT BSVI,2023,"31,253kms",Petrol,Automatic,₹6.95 Lakh,Hyderabad
498,Hyundai,Hyundai VenueSX Diesel,2021,"52,642kms",Diesel,Manual,₹9.75 Lakh,Hyderabad
499,Mahindra,Mahindra ScorpioS,2023,"83,000kms",Diesel,Manual,₹17.90 Lakh,Hyderabad
500,Hyundai,Hyundai Grand i101.2 Kappa Sportz BSIV,2019,"45,648kms",Petrol,Manual,₹4.30 Lakh,Hyderabad
501,Honda,Honda JazzVX,2016,"1,05,914kms",Petrol,Manual,₹4.59 Lakh,Hyderabad
502,Maruti,Maruti Alto 800VXI Plus,2022,"47,869kms",Petrol,Manual,₹3.57 Lakh,Hyderabad
503,Maruti,Maruti Alto 800LXi,2019,"31,654kms",Petrol,Manual,₹3.01 Lakh,Hyderabad
504,Mahindra,Mahindra ScorpioS,2023,"83,000kms",Diesel,Manual,₹17.90 Lakh,Hyderabad
505,Honda,Honda WR-Vi-VTEC S,2018,"67,821kms",Petrol,Manual,₹4.30 Lakh,Hyderabad
506,Hyundai,Hyundai i201.2 Asta Dual Tone,2017,"94,615kms",Petrol,Manual,₹4.06 Lakh,Hyderabad
507,Maruti,Maruti Wagon RVXI,2016,"50,241kms",Petrol,Manual,₹3.21 Lakh,Hyderabad
508,Hyundai,Hyundai Grand i101.2 Kappa Sportz BSIV,2014,"90,668kms",Petrol,Manual,₹3.39 Lakh,Hyderabad
509,Honda,Honda CityVX MT,2015,"1,27,271kms",Petrol,Manual,₹5.25 Lakh,Hyderabad
510,Hyundai,Hyundai Grand i10Sportz,2014,"28,456kms",Petrol,Manual,₹3.02 Lakh,Hyderabad
511,Tata,Tata Tigor1.2 Revotron XZ Option,2017,"1,34,427kms",Petrol,Manual,₹3.39 Lakh,Hyderabad
512,Maruti,Maruti Alto 800VXI Plus,2022,"20,535kms",Petrol,Manual,₹3.74 Lakh,Hyderabad
513,Hyundai,Hyundai Grand i10Sportz,2016,"87,020kms",Petrol,Manual,₹3.11 Lakh,Hyderabad
514,Honda,Honda BrioVX,2016,"79,204kms",Petrol,Manual,₹3.73 Lakh,Hyderabad
515,Maruti,Maruti Swift DzireVXI 1.2,2019,"46,580kms",Petrol,Manual,₹5.08 Lakh,Hyderabad
516,Hyundai,Hyundai i20Asta 1.4 CRDi,2017,"1,31,421kms",Diesel,Manual,₹4.35 Lakh,Hyderabad
517,Maruti,Maruti Wagon RVXI 1.2,2017,"84,675kms",Petrol,Manual,₹3.48 Lakh,Hyderabad
518,Maruti,Maruti Wagon RZXI Plus BSVI,2022,"29,359kms",Petrol,Manual,₹5.34 Lakh,Hyderabad
519,Ford,Ford Aspire1.5 TDCi Titanium,2015,"1,06,373kms",Diesel,Manual,₹3.58 Lakh,Hyderabad
520,Tata,Tata Nexon1.5 Revotorq XZ Plus,2019,"86,522kms",Diesel,Manual,₹6.16 Lakh,Hyderabad
521,Hyundai,Hyundai Grand i101.2 Kappa Sportz BSIV,2019,"45,648kms",Petrol,Manual,₹4.30 Lakh,Hyderabad
522,Honda,Honda JazzVX,2016,"1,05,914kms",Petrol,Manual,₹4.59 Lakh,Hyderabad
523,Maruti,Maruti Alto 800VXI Plus,2022,"47,869kms",Petrol,Manual,₹3.57 Lakh,Hyderabad
524,Honda,Honda AmazeE i-DTEC,2016,"92,676kms",Diesel,Manual,₹3.15 Lakh,Hyderabad
525,Maruti,Maruti Swift DzireVXI,2014,"34,273kms",Petrol,Manual,₹3.53 Lakh,Hyderabad
526,Hyundai,Hyundai i10Magna 1.1,2014,"54,689kms",Petrol,Manual,₹3.09 Lakh,Hyderabad
527,Maruti,Maruti Wagon RZXI Plus BSVI,2022,"29,359kms",Petrol,Manual,₹5.34 Lakh,Hyderabad
528,Honda,Honda WR-Vi-VTEC S,2018,"67,821kms",Petrol,Manual,₹4.30 Lakh,Hyderabad
529,Hyundai,Hyundai i201.2 Asta Dual Tone,2017,"94,615kms",Petrol,Manual,₹4.06 Lakh,Hyderabad
530,Maruti,Maruti Wagon RVXI,2016,"50,241kms",Petrol,Manual,₹3.21 Lakh,Hyderabad
531,Honda,Honda BrioVX,2016,"79,204kms",Petrol,Manual,₹3.73 Lakh,Hyderabad
532,Maruti,Maruti Swift DzireVXI 1.2,2019,"46,580kms",Petrol,Manual,₹5.08 Lakh,Hyderabad
533,Maruti,Maruti Wagon RVXI 1.2,2017,"84,675kms",Petrol,Manual,₹3.48 Lakh,Hyderabad
534,Hyundai,Hyundai i20Asta 1.4 CRDi,2015,"92,659kms",Diesel,Manual,₹4 Lakh,Hyderabad
535,Maruti,Maruti Alto 800VXI,2019,"45,829kms",Petrol,Manual,₹3.05 Lakh,Hyderabad
536,Maruti,Maruti Alto 800VXI,2023,"48,506kms",Petrol,Manual,₹3.39 Lakh,Hyderabad
537,Hyundai,Hyundai Grand i101.2 Kappa Sportz BSIV,2014,"90,668kms",Petrol,Manual,₹3.39 Lakh,Hyderabad
538,Honda,Honda CityVX MT,2015,"1,27,271kms",Petrol,Manual,₹5.25 Lakh,Hyderabad
539,Ford,Ford FreestyleTitanium,2020,"1,14,560kms",Petrol,Manual,₹3.81 Lakh,Hyderabad
540,Maruti,Maruti DzireZXI Plus,2017,"1,12,224kms",Petrol,Manual,₹5.37 Lakh,Hyderabad
541,Tata,Tata Tigor1.2 Revotron XZ Option,2017,"1,34,427kms",Petrol,Manual,₹3.39 Lakh,Hyderabad
542,Maruti,Maruti Alto 800VXI Plus,2022,"20,535kms",Petrol,Manual,₹3.74 Lakh,Hyderabad
543,Hyundai,Hyundai Grand i10Sportz,2016,"87,020kms",Petrol,Manual,₹3.11 Lakh,Hyderabad
544,Ford,Ford FreestyleTitanium,2020,"1,14,560kms",Petrol,Manual,₹3.81 Lakh,Hyderabad
545,Maruti,Maruti DzireZXI Plus,2017,"1,12,224kms",Petrol,Manual,₹5.37 Lakh,Hyderabad
546,Tata,Tata Tigor1.2 Revotron XZ Option,2017,"1,34,427kms",Petrol,Manual,₹3.39 Lakh,Hyderabad
547,Maruti,Maruti Alto 800VXI Plus,2022,"20,535kms",Petrol,Manual,₹3.74 Lakh,Hyderabad
548,Hyundai,Hyundai Grand i10Sportz,2016,"87,020kms",Petrol,Manual,₹3.11 Lakh,Hyderabad
549,Hyundai,Hyundai i20Asta 1.4 CRDi,2017,"1,31,421kms",Diesel,Manual,₹4.35 Lakh,Hyderabad
550,Toyota,Toyota Etios Cross1.4L VD,2014,"80,834kms",Diesel,Manual,₹3.66 Lakh,Hyderabad
551,Maruti,Maruti Alto 800VXI BSVI,2021,"60,029kms",Petrol,Manual,₹3.80 Lakh,Hyderabad
552,Tata,Tata Nexon1.5 Revotorq XZ Plus,2019,"86,522kms",Diesel,Manual,₹6.16 Lakh,Hyderabad
553,Toyota,Toyota EtiosGD,2013,"1,04,371kms",Diesel,Manual,₹4.50 Lakh,Hyderabad
554,Hyundai,Hyundai i201.2 Asta,2010,"80,000kms",Petrol,Manual,₹3.25 Lakh,Hyderabad
555,Hyundai,Hyundai i201.2 Asta,2011,"67,000kms",Petrol,Manual,₹3.10 Lakh,Hyderabad
556,Tata,Tata TiagoXZ Plus BSVI,2020,"38,214kms",Petrol,Manual,₹5.25 Lakh,Hyderabad
557,Maruti,Maruti CelerioVXI,2017,"78,000kms",Petrol,Manual,₹3.25 Lakh,Hyderabad
558,Hyundai,Hyundai i20Sportz 1.4 CRDi,2017,"79,203kms",Diesel,Manual,₹5.90 Lakh,Hyderabad
559,Hyundai,Hyundai Grand i10Sportz,2016,"70,989kms",Petrol,Manual,₹3.85 Lakh,Hyderabad
560,Hyundai,Hyundai i20Asta 1.2,2014,"1,22,011kms",Petrol,Manual,₹5.45 Lakh,Hyderabad
561,Maruti,Maruti CiazVDi Plus SHVS,2016,"93,000kms",Diesel,Manual,₹5.99 Lakh,Hyderabad
562,Maruti,Maruti ErtigaVDI,2014,"1,13,000kms",Diesel,Manual,₹5.80 Lakh,Hyderabad
563,Maruti,Maruti SwiftVXI,2019,"53,434kms",Petrol,Manual,₹4.44 Lakh,Hyderabad
564,Tata,Tata Tiago1.2 Revotron XZA,2017,"68,000kms",Petrol,Automatic,₹5.20 Lakh,Hyderabad
565,Maruti,Maruti RitzVDi,2014,"96,000kms",Diesel,Manual,₹3.60 Lakh,Hyderabad
566,Maruti,Maruti Wagon RLXI Optional,2018,"79,000kms",Petrol,Manual,₹4.45 Lakh,Hyderabad
567,Hyundai,Hyundai SantroMagna,2021,"76,753kms",Petrol,Manual,₹4.30 Lakh,Hyderabad
568,Maruti,Maruti RitzVDi,2014,"96,000kms",Diesel,Manual,₹3.90 Lakh,Hyderabad
569,Maruti,Maruti CelerioVXI,2017,"78,000kms",Petrol,Manual,₹3.25 Lakh,Hyderabad
570,Hyundai,Hyundai Grand i10Sportz,2016,"70,989kms",Petrol,Manual,₹3.85 Lakh,Hyderabad
571,Maruti,Maruti ErtigaVDI,2013,"95,223kms",Diesel,Manual,₹5.50 Lakh,Hyderabad
572,Maruti,Maruti Baleno1.2 Delta,2016,"76,240kms",Petrol,Manual,₹4.80 Lakh,Hyderabad
573,Toyota,Toyota EtiosGD,2013,"1,04,371kms",Diesel,Manual,₹4.50 Lakh,Hyderabad
574,Hyundai,Hyundai i201.2 Asta,2010,"80,000kms",Petrol,Manual,₹3.25 Lakh,Hyderabad
575,Hyundai,Hyundai i20Asta 1.2,2014,"1,22,011kms",Petrol,Manual,₹5.45 Lakh,Hyderabad
576,Maruti,Maruti ErtigaVDI,2014,"1,13,000kms",Diesel,Manual,₹5.80 Lakh,Hyderabad
577,Hyundai,Hyundai i201.2 Asta,2011,"67,000kms",Petrol,Manual,₹3.10 Lakh,Hyderabad
578,Hyundai,Hyundai Grand i101.2 Kappa Asta,2019,"39,317kms",Petrol,Manual,₹5.45 Lakh,Hyderabad
579,Hyundai,Hyundai i20Asta 1.2,2016,"75,000kms",Petrol,Manual,₹5.95 Lakh,Hyderabad
580,Honda,Honda AmazeVX i-DTEC,2013,"1,11,688kms",Diesel,Manual,₹4.45 Lakh,Hyderabad
581,Toyota,Toyota Etios Liva1.4 VD,2018,"1,23,630kms",Diesel,Manual,₹5.25 Lakh,Hyderabad
582,Honda,Honda Cityi VTEC V,2017,"1,04,200kms",Petrol,Manual,₹5.99 Lakh,Hyderabad
583,Toyota,Toyota GlanzaG CVT,2019,"77,000kms",Petrol,Automatic,₹5.95 Lakh,Hyderabad
584,Maruti,Maruti ErtigaVDI,2013,"95,223kms",Diesel,Manual,₹5.50 Lakh,Hyderabad
585,Maruti,Maruti Baleno1.2 Delta,2016,"76,240kms",Petrol,Manual,₹4.80 Lakh,Hyderabad
586,Tata,Tata TiagoXZ Plus BSVI,2020,"38,214kms",Petrol,Manual,₹5.25 Lakh,Hyderabad
587,Toyota,Toyota EtiosGD,2013,"1,04,371kms",Diesel,Manual,₹4.50 Lakh,Hyderabad
588,Hyundai,Hyundai i201.2 Asta,2010,"80,000kms",Petrol,Manual,₹3.25 Lakh,Hyderabad
589,Hyundai,Hyundai i201.2 Asta,2011,"67,000kms",Petrol,Manual,₹3.10 Lakh,Hyderabad
590,Maruti,Maruti RitzVDi,2014,"96,000kms",Diesel,Manual,₹3.90 Lakh,Hyderabad
591,Maruti,Maruti RitzVDi,2014,"96,000kms",Diesel,Manual,₹3.60 Lakh,Hyderabad
592,Maruti,Maruti Wagon RLXI Optional,2018,"79,000kms",Petrol,Manual,₹4.45 Lakh,Hyderabad
593,Maruti,Maruti CelerioVXI,2017,"78,000kms",Petrol,Manual,₹3.25 Lakh,Hyderabad
594,Hyundai,Hyundai i20Asta 1.2,2014,"1,22,011kms",Petrol,Manual,₹5.45 Lakh,Hyderabad
595,Maruti,Maruti ErtigaVDI,2014,"1,13,000kms",Diesel,Manual,₹5.80 Lakh,Hyderabad
596,Maruti,Maruti Alto 800VXI BSVI,2021,"60,029kms",Petrol,Manual,₹3.80 Lakh,Hyderabad
597,Maruti,Maruti SwiftZXI BSIV,2015,"81,000kms",Petrol,Manual,₹4.75 Lakh,Hyderabad
598,Maruti,Maruti Baleno1.2 Sigma,2017,"83,000kms",Petrol,Manual,₹4.98 Lakh,Hyderabad
599,Hyundai,Hyundai i20Sportz 1.4 CRDi,2017,"1,20,857kms",Diesel,Manual,₹4.95 Lakh,Hyderabad
600,Toyota,Toyota Innova2.5 G1 BSIV,2012,"1,90,000kms",Diesel,Manual,₹5.95 Lakh,Hyderabad
601,Toyota,Toyota Etios Liva1.4 VD,2018,"1,23,630kms",Diesel,Manual,₹5.25 Lakh,Hyderabad
602,Maruti,Maruti Wagon RVXI BS IV,2016,"20,000kms",Petrol,Manual,₹3.99 Lakh,Hyderabad
603,Maruti,Maruti SwiftVDI,2013,"1,00,000kms",Diesel,Manual,₹3.30 Lakh,Hyderabad
604,Toyota,Toyota Innova2.5 G1 BSIV,2012,"1,90,000kms",Diesel,Manual,₹5.95 Lakh,Hyderabad
605,Maruti,Maruti SwiftZXI BSIV,2015,"81,000kms",Petrol,Manual,₹4.75 Lakh,Hyderabad
606,Maruti,Maruti SwiftVDI,2013,"1,00,000kms",Diesel,Manual,₹3.30 Lakh,Hyderabad
607,Maruti,Maruti Baleno1.2 Sigma,2017,"83,000kms",Petrol,Manual,₹4.98 Lakh,Hyderabad
608,Tata,Tata TiagoXTA AMT,2024,"18,362kms",Petrol,Automatic,₹6.60 Lakh,Hyderabad
609,Toyota,Toyota Etios Liva1.4 VD,2018,"1,23,630kms",Diesel,Manual,₹5.25 Lakh,Hyderabad
610,Skoda,Skoda Rapid1.5 TDI AT Style BSIV,2017,"45,000kms",Diesel,Automatic,₹8.25 Lakh,Hyderabad
611,Maruti,Maruti DzireZXI,2017,"80,125kms",Petrol,Manual,₹5.32 Lakh,Hyderabad
612,Jeep,Jeep Compass2.0 Model S Opt,2021,"64,000kms",Diesel,Manual,₹21.99 Lakh,Hyderabad
613,Jeep,Jeep Compass2.0 Limited 4X4 Opt Diesel AT BSVI,2021,"51,606kms",Diesel,Automatic,₹23.80 Lakh,Hyderabad
614,Jaguar,Jaguar XF2.0 Diesel Prestige,2016,"51,832kms",Diesel,Automatic,₹23 Lakh,Hyderabad
615,Jaguar,Jaguar XF2.0 Diesel Prestige,2018,"62,400kms",Diesel,Automatic,₹25 Lakh,Hyderabad
616,Toyota,Toyota Fortuner4x2 AT,2016,"1,41,284kms",Diesel,Automatic,₹26.50 Lakh,Hyderabad
617,Toyota,Toyota Fortuner2.8 2WD AT BSIV,2019,"1,60,000kms",Diesel,Automatic,₹27.50 Lakh,Hyderabad
618,Tata,Tata HarrierXZA Plus AT BSVI,2022,"67,374kms",Diesel,Automatic,₹16.75 Lakh,Hyderabad
619,Hyundai,Hyundai i20Sportz 1.4 CRDi,2012,"1,34,374kms",Diesel,Manual,₹3.04 Lakh,Hyderabad
620,Honda,Honda Cityi DTEC VX,2015,"1,29,000kms",Diesel,Manual,₹5.60 Lakh,Hyderabad
621,Hyundai,Hyundai i20Sportz 1.2,2015,"53,378kms",Petrol,Manual,₹4.87 Lakh,Hyderabad
622,Hyundai,Hyundai Grand i101.2 Kappa Sportz BSIV,2018,"91,464kms",Petrol,Manual,₹4.20 Lakh,Hyderabad
623,Hyundai,Hyundai i20Magna 1.2,2015,"47,509kms",Petrol,Manual,₹4.72 Lakh,Hyderabad
624,Hyundai,Hyundai i20Sportz 1.4 CRDi,2012,"1,34,374kms",Diesel,Manual,₹3.04 Lakh,Hyderabad
625,Honda,Honda Cityi DTEC VX,2015,"1,29,000kms",Diesel,Manual,₹5.60 Lakh,Hyderabad
626,Hyundai,Hyundai i20Sportz 1.2,2015,"53,378kms",Petrol,Manual,₹4.87 Lakh,Hyderabad
627,Hyundai,Hyundai Grand i101.2 Kappa Sportz BSIV,2018,"91,464kms",Petrol,Manual,₹4.20 Lakh,Hyderabad
628,Hyundai,Hyundai i20Magna 1.2,2015,"47,509kms",Petrol,Manual,₹4.72 Lakh,Hyderabad
629,Kia,Kia CarensPrestige Plus Diesel BSVI,2022,"80,000kms",Diesel,Manual,₹13.50 Lakh,Hyderabad
630,Maruti,Maruti Grand VitaraAlpha BSVI,2022,"26,738kms",Petrol,Manual,₹12 Lakh,Hyderabad
631,MG,MG Hector Plus1.5 Turbo Sharp Pro 7 Str BSVI,2022,"25,273kms",Petrol,Manual,₹16.04 Lakh,Hyderabad
632,Mahindra,Mahindra XUV700AX5 7 Str Diesel,2023,"75,266kms",Diesel,Manual,₹18.35 Lakh,Hyderabad
633,Toyota,Toyota Innova Crysta2.4 ZX MT BSIV,2017,"2,69,678kms",Diesel,Manual,₹15.75 Lakh,Hyderabad
634,Tata,Tata HarrierXZA Plus AT BSVI,2022,"30,000kms",Diesel,Automatic,₹19.90 Lakh,Hyderabad
635,Tata,Tata HarrierXZ Plus BSVI,2022,"1,21,000kms",Diesel,Manual,₹16.50 Lakh,Hyderabad
636,Mahindra,Mahindra ScorpioS,2023,"62,000kms",Diesel,Manual,₹18.50 Lakh,Hyderabad
637,Maruti,Maruti Grand VitaraAlpha Plus Hybrid CVT BSVI,2022,"46,000kms",Petrol,Automatic,₹15.50 Lakh,Hyderabad
638,Hyundai,Hyundai CretaSX Opt IVT BSVI,2021,"20,000kms",Petrol,Automatic,₹15.95 Lakh,Hyderabad
639,Kia,Kia SeltosHTX IVT,2022,"28,086kms",Petrol,Automatic,₹13.63 Lakh,Hyderabad
640,Hyundai,Hyundai VernaSX Opt,2023,"8,659kms",Petrol,Manual,₹13.01 Lakh,Hyderabad
641,Toyota,Toyota Fortuner4X2 Diesel AT,2023,"1,04,500kms",Diesel,Automatic,₹39.95 Lakh,Hyderabad
642,Toyota,Toyota Fortuner4X2 Diesel AT BSVI,2021,"82,000kms",Diesel,Automatic,₹34.95 Lakh,Hyderabad
643,Toyota,Toyota Fortuner4X2 Diesel BSVI,2021,"84,366kms",Diesel,Manual,₹32.50 Lakh,Hyderabad
644,Kia,Kia SeltosHTX IVT,2022,"28,086kms",Petrol,Automatic,₹13.63 Lakh,Hyderabad
645,Hyundai,Hyundai VernaSX Opt,2023,"8,659kms",Petrol,Manual,₹13.01 Lakh,Hyderabad
646,Toyota,Toyota Fortuner4X2 Diesel BSVI,2021,"84,366kms",Diesel,Manual,₹32.50 Lakh,Hyderabad
647,Toyota,Toyota Fortuner4X2 Diesel BSVI,2022,"1,42,201kms",Diesel,Manual,₹32.50 Lakh,Hyderabad
648,Hyundai,Hyundai TucsonSignature AT BSVI,2023,"18,624kms",Petrol,Automatic,₹33.55 Lakh,Hyderabad
649,Citroen,Citroen C5 AircrossShine,2021,"46,900kms",Diesel,Automatic,₹30.80 Lakh,Hyderabad
650,Toyota,Toyota Fortuner4X2 Diesel AT,2023,"1,04,500kms",Diesel,Automatic,₹39.95 Lakh,Hyderabad
651,Toyota,Toyota Fortuner4X2 Diesel AT BSVI,2021,"82,000kms",Diesel,Automatic,₹34.95 Lakh,Hyderabad
652,Mahindra,Mahindra XUV300W8 Diesel Sunroof BSVI,2022,"70,000kms",Diesel,Manual,₹10.70 Lakh,Hyderabad
653,Tata,Tata TigorXZ CNG BSVI,2022,"51,500kms",CNG,Manual,₹5.48 Lakh,Hyderabad
654,Maruti,Maruti Ignis1.2 AMT Zeta BSIV,2018,"53,730kms",Petrol,Automatic,₹4.75 Lakh,Hyderabad
655,Maruti,Maruti SwiftVXI,2017,"71,736kms",Petrol,Manual,₹4.59 Lakh,Hyderabad
656,,Fiat Avventura Urban Cross1.3 Multijet Emotion,2018,"90,000kms",Diesel,Manual,₹3.85 Lakh,Hyderabad
657,Tata,Tata TiagoXT,2023,"38,000kms",Petrol,Manual,₹5.85 Lakh,Hyderabad
658,Maruti,Maruti BalenoAlpha Diesel,2021,"34,296kms",Diesel,Manual,₹6.09 Lakh,Hyderabad
659,Maruti,Maruti Vitara BrezzaZXI Plus Dual Tone,2020,"1,22,979kms",Petrol,Manual,₹6.37 Lakh,Hyderabad
660,Volkswagen,Volkswagen Vento1.2 Highline Plus AT 16 Alloy,2018,"67,039kms",Petrol,Automatic,₹6.09 Lakh,Hyderabad
661,Renault,Renault KigerRXZ Turbo CVT DT,2021,"41,952kms",Petrol,Automatic,₹7.28 Lakh,Hyderabad
662,Maruti,Maruti Vitara BrezzaZXI Plus,2022,"48,501kms",Petrol,Manual,₹9.95 Lakh,Hyderabad
663,Maruti,Maruti Vitara BrezzaZDi,2018,"75,591kms",Diesel,Manual,₹7.23 Lakh,Hyderabad
664,Maruti,Maruti Vitara BrezzaZXI Plus Dual Tone,2020,"1,22,979kms",Petrol,Manual,₹6.37 Lakh,Hyderabad
665,Volkswagen,Volkswagen Vento1.2 Highline Plus AT 16 Alloy,2018,"67,039kms",Petrol,Automatic,₹6.09 Lakh,Hyderabad
666,Renault,Renault KigerRXZ Turbo CVT DT,2021,"41,952kms",Petrol,Automatic,₹7.28 Lakh,Hyderabad
667,Maruti,Maruti Vitara BrezzaZXI Plus,2022,"48,501kms",Petrol,Manual,₹9.95 Lakh,Hyderabad
668,Maruti,Maruti Vitara BrezzaZDi,2018,"75,591kms",Diesel,Manual,₹7.23 Lakh,Hyderabad
669,Mahindra,Mahindra XUV300W8 AMT Optional Diesel BSVI,2019,"64,827kms",Diesel,Automatic,₹8.80 Lakh,Hyderabad
670,Maruti,Maruti Baleno1.2 CVT Alpha,2018,"60,641kms",Petrol,Automatic,₹6.02 Lakh,Hyderabad
671,Hyundai,Hyundai VenueSX Opt Diesel,2022,"64,865kms",Diesel,Manual,₹9.79 Lakh,Hyderabad
672,Hyundai,Hyundai Creta1.6 SX,2016,"98,273kms",Petrol,Manual,₹7.43 Lakh,Hyderabad
673,Maruti,Maruti Ciaz1.4 AT Alpha,2018,"1,04,851kms",Petrol,Automatic,₹6.23 Lakh,Hyderabad
674,Maruti,Maruti DzireZXI,2017,"69,411kms",Petrol,Manual,₹6.09 Lakh,Hyderabad
675,Honda,Honda WR-Vi-DTEC S,2021,"1,16,190kms",Diesel,Manual,₹6.83 Lakh,Hyderabad
676,Honda,Honda WR-Vi-VTEC VX,2022,"12,635kms",Petrol,Manual,₹7.81 Lakh,Hyderabad
677,Renault,Renault KigerRXZ Turbo DT,2022,"44,904kms",Petrol,Manual,₹7.42 Lakh,Hyderabad
678,Renault,Renault KigerRXZ,2022,"37,725kms",Petrol,Manual,₹6.44 Lakh,Hyderabad
679,Honda,Honda BR-VStyle Edition Diesel S,2018,"79,006kms",Diesel,Manual,₹6.59 Lakh,Hyderabad
680,Hyundai,Hyundai VenueSX Opt Diesel,2021,"52,318kms",Diesel,Manual,₹8.79 Lakh,Hyderabad
681,Hyundai,Hyundai AuraSX Plus AMT Diesel,2023,"34,520kms",Diesel,Automatic,₹7.20 Lakh,Hyderabad
682,Tata,Tata HarrierXZ BSIV,2019,"78,500kms",Diesel,Manual,₹7.80 Lakh,Hyderabad
683,Hyundai,Hyundai VernaCRDi 1.6 AT SX Plus,2018,"1,10,941kms",Diesel,Automatic,₹8.50 Lakh,Hyderabad
684,Honda,Honda BR-VStyle Edition Diesel S,2018,"79,006kms",Diesel,Manual,₹6.59 Lakh,Hyderabad
685,Hyundai,Hyundai VenueSX Opt Diesel,2021,"52,318kms",Diesel,Manual,₹8.79 Lakh,Hyderabad
686,Hyundai,Hyundai AuraSX Plus AMT Diesel,2023,"34,520kms",Diesel,Automatic,₹7.20 Lakh,Hyderabad
687,Tata,Tata HarrierXZ BSIV,2019,"78,500kms",Diesel,Manual,₹7.80 Lakh,Hyderabad
688,Hyundai,Hyundai VernaCRDi 1.6 AT SX Plus,2018,"1,10,941kms",Diesel,Automatic,₹8.50 Lakh,Hyderabad
689,Mahindra,Mahindra TUV 300mHAWK100 T8,2017,"98,215kms",Diesel,Manual,₹6.20 Lakh,Hyderabad
690,Maruti,Maruti Swift DzireAMT ZDI,2018,"72,344kms",Diesel,Automatic,₹6.30 Lakh,Hyderabad
691,Mahindra,Mahindra XUV300W8 Diesel BSIV,2019,"1,16,000kms",Diesel,Manual,₹8.50 Lakh,Hyderabad
692,Honda,Honda CityV MT,2020,"36,795kms",Petrol,Manual,₹9.95 Lakh,Hyderabad
693,Maruti,Maruti Vitara BrezzaZDi,2017,"86,800kms",Diesel,Manual,₹8.25 Lakh,Hyderabad
694,Honda,Honda WR-Vi-DTEC VX,2017,"86,051kms",Diesel,Manual,₹6.85 Lakh,Hyderabad
695,Maruti,Maruti Vitara BrezzaVXI,2021,"69,675kms",Petrol,Manual,₹7.20 Lakh,Hyderabad
696,Maruti,Maruti CiazAlpha Automatic BSIV,2017,"67,530kms",Petrol,Automatic,₹6.25 Lakh,Hyderabad
697,Maruti,Maruti Vitara BrezzaZXI Plus,2022,"43,600kms",Petrol,Manual,₹9.25 Lakh,Hyderabad
698,Maruti,Maruti Vitara BrezzaZXI,2021,"87,855kms",Petrol,Manual,₹8.49 Lakh,Hyderabad
699,Maruti,Maruti Vitara BrezzaVDi,2019,"98,000kms",Diesel,Manual,₹7.75 Lakh,Hyderabad
700,Nissan,Nissan SunnyXV CVT,2018,"8,20,009kms",Petrol,Automatic,₹6.99 Lakh,Hyderabad
701,Maruti,Maruti Vitara BrezzaZXI Plus,2020,"86,000kms",Petrol,Manual,₹7.75 Lakh,Hyderabad
702,Maruti,Maruti Swift DzireAMT VDI,2017,"95,644kms",Diesel,Automatic,₹6.80 Lakh,Hyderabad
703,Volkswagen,Volkswagen Vento1.5 TDI Highline AT,2016,"79,794kms",Diesel,Automatic,₹6.75 Lakh,Hyderabad
704,Hyundai,Hyundai VenueSX Diesel,2021,"47,258kms",Diesel,Manual,₹9.90 Lakh,Hyderabad
705,Maruti,Maruti CiazAlpha Automatic BSIV,2017,"67,530kms",Petrol,Automatic,₹6.25 Lakh,Hyderabad
706,Maruti,Maruti Vitara BrezzaZXI Plus,2022,"43,600kms",Petrol,Manual,₹9.25 Lakh,Hyderabad
707,Maruti,Maruti Vitara BrezzaVDi,2019,"98,000kms",Diesel,Manual,₹7.75 Lakh,Hyderabad
708,Honda,Honda CityV MT,2020,"36,795kms",Petrol,Manual,₹9.95 Lakh,Hyderabad
709,Maruti,Maruti Vitara BrezzaZDi,2017,"86,800kms",Diesel,Manual,₹8.25 Lakh,Hyderabad
710,Honda,Honda WR-Vi-DTEC VX,2017,"86,051kms",Diesel,Manual,₹6.85 Lakh,Hyderabad
711,Maruti,Maruti Vitara BrezzaVXI,2021,"69,675kms",Petrol,Manual,₹7.20 Lakh,Hyderabad
712,Maruti,Maruti Vitara BrezzaZXI Plus,2020,"86,000kms",Petrol,Manual,₹7.75 Lakh,Hyderabad
713,Maruti,Maruti Vitara BrezzaZXI,2021,"87,855kms",Petrol,Manual,₹8.49 Lakh,Hyderabad
714,Tata,Tata HarrierXZ BSIV,2019,"78,500kms",Diesel,Manual,₹7.80 Lakh,Hyderabad
715,Volkswagen,Volkswagen Vento1.5 TDI Highline AT,2016,"79,794kms",Diesel,Automatic,₹6.75 Lakh,Hyderabad
716,Honda,Honda Cityi-DTEC SV,2018,"98,500kms",Diesel,Manual,₹6.95 Lakh,Hyderabad
717,Hyundai,Hyundai i20Sportz Plus Diesel,2019,"1,02,500kms",Diesel,Manual,₹6.25 Lakh,Hyderabad
718,Skoda,Skoda Rapid1.5 TDI AT Style BSIV,2017,"87,227kms",Diesel,Automatic,₹8 Lakh,Hyderabad
719,Renault,Renault DusterPetrol RXS CVT,2019,"11,500kms",Petrol,Automatic,₹7.99 Lakh,Hyderabad
720,Hyundai,Hyundai i20Asta IVT,2021,"20,996kms",Petrol,Automatic,₹9.45 Lakh,Hyderabad
721,Hyundai,Hyundai i201.4 Asta,2017,"66,000kms",Diesel,Manual,₹7.50 Lakh,Hyderabad
722,Honda,Honda JazzZX CVT,2021,"55,000kms",Petrol,Automatic,₹7.90 Lakh,Hyderabad
723,Hyundai,Hyundai AuraSX Plus AMT,2020,"28,000kms",Petrol,Automatic,₹6.90 Lakh,Hyderabad
724,Honda,Honda WR-Vi-DTEC VX,2018,"87,000kms",Diesel,Manual,₹7.50 Lakh,Hyderabad
725,Hyundai,Hyundai i201.4 Asta,2017,"66,000kms",Diesel,Manual,₹7.50 Lakh,Hyderabad
726,Honda,Honda JazzZX CVT,2021,"55,000kms",Petrol,Automatic,₹7.90 Lakh,Hyderabad
727,Hyundai,Hyundai AuraSX Plus AMT,2020,"28,000kms",Petrol,Automatic,₹6.90 Lakh,Hyderabad
728,Maruti,Maruti Vitara BrezzaVXI AT,2021,"63,000kms",Petrol,Automatic,₹7.50 Lakh,Hyderabad
729,Volkswagen,Volkswagen Vento1.5 TDI Highline AT,2016,"1,08,000kms",Diesel,Automatic,₹6.50 Lakh,Hyderabad
730,Nissan,Nissan MagniteTurbo CVT XV BSVI,2022,"23,000kms",Petrol,Automatic,₹7.99 Lakh,Hyderabad
731,Maruti,Maruti ErtigaVXi (O),2024,"42,900kms",Petrol,Manual,₹10 Lakh,Hyderabad
732,Maruti,Maruti Vitara BrezzaZDi,2018,"91,000kms",Diesel,Manual,₹7.65 Lakh,Hyderabad
733,Skoda,Skoda Rapid1.5 TDI AT Style BSIV,2017,"87,227kms",Diesel,Automatic,₹8 Lakh,Hyderabad
734,Hyundai,Hyundai i20Sportz Plus Diesel,2019,"1,02,500kms",Diesel,Manual,₹6.25 Lakh,Hyderabad
735,Hyundai,Hyundai i20Asta IVT,2021,"20,996kms",Petrol,Automatic,₹9.45 Lakh,Hyderabad
736,Honda,Honda Cityi-DTEC SV,2018,"98,500kms",Diesel,Manual,₹6.95 Lakh,Hyderabad
737,Hyundai,Hyundai CretaSX IVT BSVI,2022,"63,000kms",Petrol,Automatic,₹13.90 Lakh,Hyderabad
738,Hyundai,Hyundai CretaSX Opt Turbo BSVI,2023,"35,529kms",Petrol,Automatic,₹14.50 Lakh,Hyderabad
739,Kia,Kia SeltosHTX Plus Diesel,2022,"1,10,313kms",Diesel,Manual,₹13.50 Lakh,Hyderabad
740,Maruti,Maruti SwiftVXI AMT,2018,"59,610kms",Petrol,Automatic,₹4.35 Lakh,Hyderabad
741,Tata,Tata TiagoXTA AMT,2021,"46,981kms",Petrol,Automatic,₹5.22 Lakh,Hyderabad
742,Toyota,Toyota Innova Crysta2.4 GX 8Str,2023,"1,59,000kms",Diesel,Manual,₹19.25 Lakh,Hyderabad
743,Maruti,Maruti XL6Zeta BSVI,2022,"41,343kms",Petrol,Manual,₹9.90 Lakh,Hyderabad
744,Kia,Kia SeltosHTX Plus Diesel,2022,"1,10,313kms",Diesel,Manual,₹13.50 Lakh,Hyderabad
745,Tata,Tata TiagoXTA AMT,2021,"46,981kms",Petrol,Automatic,₹5.22 Lakh,Hyderabad
746,Maruti,Maruti SwiftVXI AMT,2018,"59,610kms",Petrol,Automatic,₹4.35 Lakh,Hyderabad
747,Toyota,Toyota Innova Crysta2.4 GX 8Str,2023,"1,59,000kms",Diesel,Manual,₹19.25 Lakh,Hyderabad
748,Maruti,Maruti XL6Zeta BSVI,2022,"41,343kms",Petrol,Manual,₹9.90 Lakh,Hyderabad
749,Tata,Tata AltrozXZA Plus DCT,2022,"22,560kms",Petrol,Automatic,₹7.22 Lakh,Hyderabad
750,Ford,Ford Ecosport1.5 Ti VCT AT Titanium,2015,"53,741kms",Petrol,Automatic,₹5.68 Lakh,Hyderabad
751,Maruti,Maruti CiazVXi,2015,"1,30,800kms",Petrol,Manual,₹4.99 Lakh,Hyderabad
752,Hyundai,Hyundai Grand i101.2 Kappa Sportz BSIV,2019,"91,670kms",Petrol,Manual,₹4.49 Lakh,Hyderabad
753,Tata,Tata HexaXE,2017,"87,969kms",Diesel,Manual,₹7.80 Lakh,Hyderabad
754,Mahindra,Mahindra TUV 300 PlusP8 BSIV,2018,"1,08,000kms",Diesel,Manual,₹5.50 Lakh,Hyderabad
755,Maruti,Maruti Vitara BrezzaZXI Plus,2023,"36,265kms",Petrol,Manual,₹10.66 Lakh,Hyderabad
756,Kia,Kia SeltosGTX Plus Diesel AT,2020,"79,679kms",Diesel,Automatic,₹13.01 Lakh,Hyderabad
757,Honda,Honda ElevateVX Non RF,2023,"39,778kms",Petrol,Manual,₹12.07 Lakh,Hyderabad
758,Skoda,Skoda Kushaq1.0 TSI Style,2021,"50,988kms",Petrol,Manual,₹11.83 Lakh,Hyderabad
759,Skoda,Skoda Kushaq1.0 TSI Style,2022,"37,227kms",Petrol,Manual,₹13.82 Lakh,Hyderabad
760,Volkswagen,Volkswagen VirtusGT Plus DSG ES,2022,"92,438kms",Petrol,Automatic,₹12.76 Lakh,Hyderabad
761,Tata,Tata HarrierXZA Plus AT BSVI,2020,"83,214kms",Diesel,Automatic,₹14 Lakh,Hyderabad
762,Toyota,Toyota Fortuner4x4 MT,2013,"1,99,000kms",Diesel,Manual,₹13.95 Lakh,Hyderabad
763,Kia,Kia SeltosHTX Plus Diesel,2020,"90,203kms",Diesel,Manual,₹10.75 Lakh,Hyderabad
764,Volkswagen,Volkswagen VirtusGT Plus DSG ES,2022,"92,438kms",Petrol,Automatic,₹12.76 Lakh,Hyderabad
765,Skoda,Skoda Kushaq1.0 TSI Style,2021,"50,988kms",Petrol,Manual,₹11.83 Lakh,Hyderabad
766,Maruti,Maruti Vitara BrezzaZXI Plus AT,2022,"48,000kms",Petrol,Automatic,₹11.75 Lakh,Hyderabad
767,Tata,Tata HarrierXZA Plus AT BSVI,2020,"83,214kms",Diesel,Automatic,₹14 Lakh,Hyderabad
768,Hyundai,Hyundai CretaEX Diesel BSVI,2021,"90,880kms",Diesel,Manual,₹12.50 Lakh,Hyderabad
769,Toyota,Toyota Corolla AltisVL AT,2016,"1,01,000kms",Petrol,Automatic,₹10.99 Lakh,Hyderabad
770,Kia,Kia SeltosHTX Plus Diesel,2020,"90,203kms",Diesel,Manual,₹10.75 Lakh,Hyderabad
771,Toyota,Toyota Fortuner4x4 MT,2013,"1,99,000kms",Diesel,Manual,₹13.95 Lakh,Hyderabad
772,Tata,Tata NexonXZ Plus BSVI,2022,"73,000kms",Petrol,Manual,₹10.80 Lakh,Hyderabad
773,Kia,Kia SeltosHTK Plus iMT,2022,"37,000kms",Petrol,Manual,₹14.90 Lakh,Hyderabad
774,Kia,Kia SeltosHTX Plus AT D,2020,"1,03,591kms",Diesel,Automatic,₹11.95 Lakh,Hyderabad
775,Toyota,Toyota Fortuner4x4 MT,2012,"2,10,400kms",Diesel,Manual,₹12.25 Lakh,Hyderabad
776,Hyundai,Hyundai Creta1.4 E Plus,2020,"94,335kms",Diesel,Manual,₹10.90 Lakh,Hyderabad
777,Toyota,Toyota Fortuner4x4 AT,2014,"1,69,772kms",Diesel,Automatic,₹14.75 Lakh,Hyderabad
778,Mahindra,Mahindra XUV300W8 Diesel Sunroof BSVI,2022,"69,900kms",Diesel,Manual,₹10.50 Lakh,Hyderabad
779,Kia,Kia SeltosGTX Plus Diesel AT,2021,"96,609kms",Diesel,Automatic,₹13.50 Lakh,Hyderabad
780,Hyundai,Hyundai AlcazarSignature Diesel AT,2022,"88,000kms",Diesel,Automatic,₹14.90 Lakh,Hyderabad
781,Toyota,Toyota Corolla Altis1.8 VL CVT,2019,"58,000kms",Petrol,Automatic,₹12.45 Lakh,Hyderabad
782,Hyundai,Hyundai CretaE Diesel BSVI,2022,"67,000kms",Diesel,Manual,₹11.50 Lakh,Hyderabad
783,Toyota,Toyota Fortuner4x2 4 Speed AT,2012,"2,70,321kms",Diesel,Automatic,₹11.75 Lakh,Hyderabad
784,Kia,Kia SeltosGTX Plus Diesel AT,2021,"96,609kms",Diesel,Automatic,₹13.50 Lakh,Hyderabad
785,Hyundai,Hyundai AlcazarSignature Diesel AT,2022,"88,000kms",Diesel,Automatic,₹14.90 Lakh,Hyderabad
786,Toyota,Toyota Corolla Altis1.8 VL CVT,2019,"58,000kms",Petrol,Automatic,₹12.45 Lakh,Hyderabad
787,Hyundai,Hyundai CretaE Diesel BSVI,2022,"67,000kms",Diesel,Manual,₹11.50 Lakh,Hyderabad
788,Toyota,Toyota Fortuner4x2 4 Speed AT,2012,"2,70,321kms",Diesel,Automatic,₹11.75 Lakh,Hyderabad
789,Hyundai,Hyundai CretaE Diesel BSVI,2020,"67,000kms",Diesel,Manual,₹14.50 Lakh,Hyderabad
790,Toyota,Toyota RumionV,2024,"21,500kms",Petrol,Manual,₹10.75 Lakh,Hyderabad
791,Hyundai,Hyundai VernaSX Diesel,2021,"95,942kms",Diesel,Manual,₹10 Lakh,Hyderabad
792,Maruti,Maruti XL6Alpha Plus,2022,"32,082kms",Petrol,Manual,₹11.21 Lakh,Hyderabad
793,Maruti,Maruti Vitara BrezzaZXI Plus,2022,"48,279kms",Petrol,Manual,₹9.83 Lakh,Hyderabad
794,Kia,Kia SeltosX-Line Turbo DCT,2024,"15,500kms",Petrol,Automatic,₹20.45 Lakh,Hyderabad
795,Mahindra,Mahindra ScorpioS3 Plus,2021,"24,774kms",Diesel,Manual,₹10.26 Lakh,Hyderabad
796,Skoda,Skoda Slavia1.5 TSI Style BSVI,2022,"32,000kms",Petrol,Manual,₹11.90 Lakh,Hyderabad
797,Hyundai,Hyundai Creta1.6 SX Automatic,2018,"1,16,000kms",Petrol,Automatic,₹10.50 Lakh,Hyderabad
798,Maruti,Maruti XL6Alpha,2020,"76,493kms",Petrol,Manual,₹7.50 Lakh,Hyderabad
799,Kia,Kia SeltosHTX G,2020,"58,895kms",Petrol,Manual,₹8.90 Lakh,Hyderabad
800,Maruti,Maruti Vitara BrezzaZDi AMT,2018,"52,670kms",Diesel,Automatic,₹6.50 Lakh,Hyderabad
801,Maruti,Maruti SwiftZXI Plus AMT,2022,"47,731kms",Petrol,Automatic,₹7.17 Lakh,Hyderabad
802,Volkswagen,Volkswagen Tiguan2.0 TSI Elegance,2023,"2,600kms",Petrol,Automatic,₹32.90 Lakh,Hyderabad
803,Volvo,Volvo XC40D4 Inscription BSIV,2018,"71,700kms",Diesel,Automatic,₹23.90 Lakh,Hyderabad
804,Kia,Kia SeltosHTX G,2020,"58,895kms",Petrol,Manual,₹8.90 Lakh,Hyderabad
805,Maruti,Maruti Vitara BrezzaZDi AMT,2018,"52,670kms",Diesel,Automatic,₹6.50 Lakh,Hyderabad
806,Maruti,Maruti SwiftZXI Plus AMT,2022,"47,731kms",Petrol,Automatic,₹7.17 Lakh,Hyderabad
807,Volkswagen,Volkswagen Tiguan2.0 TSI Elegance,2023,"2,600kms",Petrol,Automatic,₹32.90 Lakh,Hyderabad
808,Volvo,Volvo XC40D4 Inscription BSIV,2018,"71,700kms",Diesel,Automatic,₹23.90 Lakh,Hyderabad
809,Kia,Kia CarnivalLimousine,2020,"65,222kms",Diesel,Automatic,₹29 Lakh,Hyderabad
810,Toyota,Toyota Innova Crysta2.4 GX 7 STR AT,2021,"45,987kms",Diesel,Automatic,₹24.50 Lakh,Hyderabad
811,Toyota,Toyota Innova Crysta2.8 GX AT BSIV,2016,"60,000kms",Diesel,Automatic,₹21.45 Lakh,Hyderabad
812,Maruti,Maruti Swift DzireAMT VDI,2017,"89,224kms",Diesel,Automatic,₹6.70 Lakh,Hyderabad
813,Ford,Ford FigoTitanium Plus AT,2021,"39,681kms",Petrol,Automatic,₹6.17 Lakh,Hyderabad
814,Tata,Tata HarrierXZ BSVI,2019,"40,781kms",Diesel,Manual,₹12.90 Lakh,Hyderabad
815,Volvo,Volvo XC60B5 Ultimate,2023,"44,000kms",Petrol,Automatic,₹52 Lakh,Hyderabad
816,Toyota,Toyota Innova Crysta2.4 VX MT 8S BSIV,2016,"2,40,000kms",Diesel,Manual,₹15.50 Lakh,Hyderabad
817,Hyundai,Hyundai Alcazar1.5 Signature (O) 7-Seater Diesel AT,2023,"33,000kms",Diesel,Automatic,₹17.65 Lakh,Hyderabad
818,Kia,Kia SeltosGTX Plus DCT,2020,"78,210kms",Petrol,Automatic,₹12.51 Lakh,Hyderabad
819,Mahindra,Mahindra XUV700AX3 Diesel AT BSVI,2022,"71,000kms",Diesel,Automatic,₹16.70 Lakh,Hyderabad
820,Isuzu,Isuzu MU-X2WD,2018,"75,000kms",Diesel,Automatic,₹18.25 Lakh,Hyderabad
821,Toyota,Toyota Fortuner4x4 MT,2014,"1,76,958kms",Diesel,Manual,₹16 Lakh,Hyderabad
822,Toyota,Toyota Innova Crysta2.4 ZX MT BSIV,2018,"1,66,938kms",Diesel,Manual,₹18 Lakh,Hyderabad
823,Skoda,Skoda OctaviaCorporate Edition Petrol,2018,"55,000kms",Petrol,Manual,₹17.50 Lakh,Hyderabad
824,Mahindra,Mahindra XUV700AX3 Diesel AT BSVI,2022,"71,000kms",Diesel,Automatic,₹16.70 Lakh,Hyderabad
825,Isuzu,Isuzu MU-X2WD,2018,"75,000kms",Diesel,Automatic,₹18.25 Lakh,Hyderabad
826,Toyota,Toyota Fortuner4x4 MT,2014,"1,76,958kms",Diesel,Manual,₹16 Lakh,Hyderabad
827,Toyota,Toyota Innova Crysta2.4 ZX MT BSIV,2018,"1,66,938kms",Diesel,Manual,₹18 Lakh,Hyderabad
828,Skoda,Skoda OctaviaCorporate Edition Petrol,2018,"55,000kms",Petrol,Manual,₹17.50 Lakh,Hyderabad
829,Kia,Kia SeltosGTX Plus S Turbo DCT,2023,"12,000kms",Petrol,Automatic,₹16.90 Lakh,Hyderabad
830,Hyundai,Hyundai Alcazar1.5 Signature (O) 7-Seater Diesel AT,2023,"33,000kms",Diesel,Automatic,₹18.50 Lakh,Hyderabad
831,Skoda,Skoda Kodiaq2.0 TDI Style,2018,"88,000kms",Diesel,Automatic,₹18.85 Lakh,Hyderabad
832,Toyota,Toyota Fortuner4X2 Diesel AT BSVI,2022,"47,190kms",Diesel,Automatic,₹37.50 Lakh,Hyderabad
833,Kia,Kia CarnivalLimousine Plus,2022,"88,795kms",Diesel,Automatic,₹34.50 Lakh,Hyderabad
834,Toyota,Toyota Fortuner4X2 Diesel AT BSVI,2022,"79,227kms",Diesel,Automatic,₹38.85 Lakh,Hyderabad
835,Toyota,Toyota Fortuner4X2 Diesel AT,2024,"65,945kms",Diesel,Automatic,₹42.50 Lakh,Hyderabad
836,Toyota,Toyota Fortuner4X2 Diesel AT,2024,"66,608kms",Diesel,Automatic,₹42 Lakh,Hyderabad
837,Toyota,Toyota VellfireExecutive Lounge BSVI,2020,"96,000kms",Petrol,Automatic,₹79.99 Lakh,Hyderabad
838,Hyundai,Hyundai i10Magna 1.1,2016,"1,08,310kms",Petrol,Manual,₹3.13 Lakh,Hyderabad
839,Honda,Honda Jazz1.2 SV i VTEC,2016,"52,777kms",Petrol,Manual,₹4.72 Lakh,Hyderabad
840,Honda,Honda MobilioV i-VTEC,2015,"1,08,300kms",Petrol,Manual,₹4.47 Lakh,Hyderabad
841,Hyundai,Hyundai i20Asta 1.2,2017,"1,03,531kms",Petrol,Manual,₹4.35 Lakh,Hyderabad
842,Maruti,Maruti Wagon RAMT VXI Option,2018,"89,121kms",Petrol,Automatic,₹3.41 Lakh,Hyderabad
843,Nissan,Nissan MagniteXV,2021,"41,990kms",Petrol,Manual,₹5.72 Lakh,Hyderabad
844,Hyundai,Hyundai i20Sportz 1.4 CRDi,2012,"97,744kms",Diesel,Manual,₹3.38 Lakh,Hyderabad
845,Honda,Honda BR-Vi-VTEC VX MT,2018,"69,152kms",Petrol,Manual,₹5.92 Lakh,Hyderabad
846,Maruti,Maruti Alto 800LXi,2021,"42,498kms",Petrol,Manual,₹3.33 Lakh,Hyderabad
847,Maruti,Maruti SwiftZXI,2013,"1,04,322kms",Petrol,Manual,₹3.36 Lakh,Hyderabad
848,Hyundai,Hyundai i10Magna 1.1,2016,"1,08,310kms",Petrol,Manual,₹3.13 Lakh,Hyderabad
849,Honda,Honda Cityi VTEC V,2015,"35,151kms",Petrol,Manual,₹4.55 Lakh,Hyderabad
850,Tata,Tata TigorXZ Plus CNG BSVI,2022,"84,637kms",CNG,Manual,₹5.50 Lakh,Hyderabad
851,Maruti,Maruti BalenoAlpha Diesel,2016,"68,224kms",Diesel,Manual,₹4.59 Lakh,Hyderabad
852,Honda,Honda AmazeV,2015,"68,939kms",Petrol,Manual,₹3.72 Lakh,Hyderabad
853,Maruti,Maruti Swift DzireVXI BSVI,2021,"1,03,873kms",Petrol,Manual,₹4.76 Lakh,Hyderabad
854,Renault,Renault KWID1.0 RXT,2023,"6,909kms",Petrol,Manual,₹4.70 Lakh,Hyderabad
855,Hyundai,Hyundai i20Asta 1.2,2017,"1,03,531kms",Petrol,Manual,₹4.35 Lakh,Hyderabad
856,Maruti,Maruti Wagon RAMT VXI Option,2018,"89,121kms",Petrol,Automatic,₹3.41 Lakh,Hyderabad
857,Honda,Honda AmazeS i-VTEC,2015,"72,184kms",Petrol,Manual,₹3.46 Lakh,Hyderabad
858,Maruti,Maruti Baleno1.2 Delta,2018,"89,538kms",Petrol,Manual,₹4.10 Lakh,Hyderabad
859,Honda,Honda AmazeVX i-VTEC,2013,"1,13,919kms",Petrol,Manual,₹3.60 Lakh,Hyderabad
860,Honda,Honda Jazz1.2 SV i VTEC,2016,"52,777kms",Petrol,Manual,₹4.72 Lakh,Hyderabad
861,Honda,Honda MobilioV i-VTEC,2015,"1,08,300kms",Petrol,Manual,₹4.47 Lakh,Hyderabad
862,Maruti,Maruti Ignis1.2 Zeta BSIV,2023,"24,218kms",Petrol,Manual,₹5.48 Lakh,Hyderabad
863,Nissan,Nissan MagniteXV,2021,"41,990kms",Petrol,Manual,₹5.72 Lakh,Hyderabad
864,Honda,Honda AmazeVX i-VTEC,2013,"1,13,919kms",Petrol,Manual,₹3.60 Lakh,Hyderabad
865,Honda,Honda Jazz1.2 SV i VTEC,2016,"52,777kms",Petrol,Manual,₹4.72 Lakh,Hyderabad
866,Honda,Honda MobilioV i-VTEC,2015,"1,08,300kms",Petrol,Manual,₹4.47 Lakh,Hyderabad
867,Maruti,Maruti Ignis1.2 Zeta BSIV,2023,"24,218kms",Petrol,Manual,₹5.48 Lakh,Hyderabad
868,Nissan,Nissan MagniteXV,2021,"41,990kms",Petrol,Manual,₹5.72 Lakh,Hyderabad
869,Maruti,Maruti Ignis1.2 Zeta BSIV,2017,"68,595kms",Petrol,Manual,₹4.01 Lakh,Hyderabad
870,Maruti,Maruti Ignis1.2 AMT Zeta BSIV,2017,"1,16,251kms",Petrol,Automatic,₹3.80 Lakh,Hyderabad
871,Maruti,Maruti SwiftVXI,2013,"36,500kms",Petrol,Manual,₹3.32 Lakh,Hyderabad
872,Maruti,Maruti Baleno1.2 Delta,2017,"75,352kms",Petrol,Manual,₹4.20 Lakh,Hyderabad
873,Ford,Ford AspireTitanium Plus Diesel,2020,"49,821kms",Diesel,Manual,₹4.70 Lakh,Hyderabad
874,Maruti,Maruti Ignis1.2 Zeta BSIV,2023,"20,544kms",Petrol,Manual,₹5.73 Lakh,Hyderabad
875,Hyundai,Hyundai Grand i101.2 Kappa Asta,2015,"1,14,039kms",Petrol,Manual,₹3.53 Lakh,Hyderabad
876,Ford,Ford Ecosport1.5 TDCi Titanium BSIV,2016,"1,19,045kms",Diesel,Manual,₹5.60 Lakh,Hyderabad
877,Nissan,Nissan SunnyXV CVT,2017,"84,171kms",Petrol,Automatic,₹5.80 Lakh,Hyderabad
878,Honda,Honda WR-Vi-VTEC VX,2019,"85,321kms",Petrol,Manual,₹5.99 Lakh,Hyderabad
879,Volkswagen,Volkswagen Vento1.5 TDI Comfortline,2015,"99,000kms",Diesel,Manual,₹4.50 Lakh,Hyderabad
880,Maruti,Maruti Wagon RAMT VXI,2017,"82,000kms",Petrol,Automatic,₹3.70 Lakh,Hyderabad
881,Honda,Honda Jazz1.2 V AT i VTEC,2017,"55,000kms",Petrol,Automatic,₹5.17 Lakh,Hyderabad
882,Maruti,Maruti Baleno1.2 Zeta,2017,"87,225kms",Petrol,Manual,₹5.50 Lakh,Hyderabad
883,,Fiat Linea1.4 Active,2014,"80,000kms",Petrol,Manual,₹3.65 Lakh,Hyderabad
884,Volkswagen,Volkswagen Vento1.5 TDI Comfortline,2015,"99,000kms",Diesel,Manual,₹4.50 Lakh,Hyderabad
885,Maruti,Maruti Wagon RAMT VXI,2017,"82,000kms",Petrol,Automatic,₹3.70 Lakh,Hyderabad
886,Honda,Honda Jazz1.2 V AT i VTEC,2017,"55,000kms",Petrol,Automatic,₹5.17 Lakh,Hyderabad
887,Maruti,Maruti Baleno1.2 Zeta,2017,"87,225kms",Petrol,Manual,₹5.50 Lakh,Hyderabad
888,,Fiat Linea1.4 Active,2014,"80,000kms",Petrol,Manual,₹3.65 Lakh,Hyderabad
889,Hyundai,Hyundai i20Sportz 1.2,2017,"1,08,000kms",Petrol,Manual,₹5.25 Lakh,Hyderabad
890,Honda,Honda Cityi DTec V,2016,"88,349kms",Diesel,Manual,₹5.75 Lakh,Hyderabad
891,Nissan,Nissan Micra ActiveXV,2015,"59,852kms",Petrol,Manual,₹3.90 Lakh,Hyderabad
892,Renault,Renault KWID1.0 RXT Opt,2021,"48,000kms",Petrol,Manual,₹4.15 Lakh,Hyderabad
893,Hyundai,Hyundai i20Asta 1.4 CRDi,2016,"1,10,000kms",Diesel,Manual,₹4.85 Lakh,Hyderabad
894,Honda,Honda AmazeVX i-DTEC,2013,"87,000kms",Diesel,Manual,₹3.99 Lakh,Hyderabad
895,Hyundai,Hyundai i20Petrol CVT Magna Executive,2018,"60,000kms",Petrol,Automatic,₹5.45 Lakh,Hyderabad
896,Maruti,Maruti Swift DzireVDI,2014,"60,000kms",Diesel,Manual,₹4.95 Lakh,Hyderabad
897,Maruti,Maruti SwiftVDI,2013,"1,48,000kms",Diesel,Manual,₹3.85 Lakh,Hyderabad
898,Maruti,Maruti SwiftZDI BSIV,2015,"85,000kms",Diesel,Manual,₹4.95 Lakh,Hyderabad
899,Volkswagen,Volkswagen Vento1.5 TDI Comfortline,2015,"92,000kms",Diesel,Manual,₹4.65 Lakh,Hyderabad
900,,Fiat LineaPower Up 1.3 Emotion,2018,"75,000kms",Diesel,Manual,₹4.20 Lakh,Hyderabad
901,Volkswagen,Volkswagen Ameo1.2 MPI Comfortline,2017,"1,82,523kms",Petrol,Manual,₹3.65 Lakh,Hyderabad
902,Honda,Honda AmazeE i-Dtech,2015,"82,632kms",Diesel,Manual,₹3.50 Lakh,Hyderabad
903,Hyundai,Hyundai Verna1.6 SX,2014,"1,05,000kms",Diesel,Manual,₹4.65 Lakh,Hyderabad
904,Maruti,Maruti SwiftVDI,2013,"1,48,000kms",Diesel,Manual,₹3.85 Lakh,Hyderabad
905,,Fiat LineaPower Up 1.3 Emotion,2018,"75,000kms",Diesel,Manual,₹4.20 Lakh,Hyderabad
906,Nissan,Nissan SunnyXV CVT,2017,"84,171kms",Petrol,Automatic,₹5.80 Lakh,Hyderabad
907,Honda,Honda Jazz1.2 V AT i VTEC,2017,"55,000kms",Petrol,Automatic,₹5.17 Lakh,Hyderabad
908,Maruti,Maruti Wagon RAMT VXI,2017,"82,000kms",Petrol,Automatic,₹3.70 Lakh,Hyderabad
909,Ford,Ford Ecosport1.5 TDCi Titanium BSIV,2016,"1,19,045kms",Diesel,Manual,₹5.60 Lakh,Hyderabad
910,Honda,Honda WR-Vi-VTEC VX,2019,"85,321kms",Petrol,Manual,₹5.99 Lakh,Hyderabad
911,Volkswagen,Volkswagen Vento1.5 TDI Comfortline,2015,"99,000kms",Diesel,Manual,₹4.50 Lakh,Hyderabad
912,Hyundai,Hyundai Grand i10CRDi Asta,2013,"1,16,000kms",Diesel,Manual,₹3.60 Lakh,Hyderabad
913,Renault,Renault KWID1.0 RXT,2018,"27,832kms",Petrol,Manual,₹3.20 Lakh,Hyderabad
914,Honda,Honda Jazz1.5 S i DTEC,2015,"10,90,000kms",Diesel,Manual,₹5.50 Lakh,Hyderabad
915,Hyundai,Hyundai i20Asta 1.2,2015,"71,925kms",Petrol,Manual,₹4.95 Lakh,Hyderabad
916,Maruti,Maruti ErtigaZDI,2013,"85,000kms",Diesel,Manual,₹5.60 Lakh,Hyderabad
917,Honda,Honda Cityi DTec V,2016,"91,000kms",Diesel,Manual,₹4.85 Lakh,Hyderabad
918,Maruti,Maruti Wagon RVXI Opt,2021,"63,000kms",Petrol,Manual,₹4.95 Lakh,Hyderabad
919,Hyundai,Hyundai Verna1.6 SX,2014,"1,44,946kms",Diesel,Manual,₹3.75 Lakh,Hyderabad
920,Mahindra,Mahindra XUV700AX5 AT BSVI,2022,"50,475kms",Petrol,Automatic,₹13.20 Lakh,Hyderabad
921,MG,MG Hector PlusSharp Pro 7 Str Diesel 2023-2025,2022,"43,936kms",Diesel,Manual,₹15.41 Lakh,Hyderabad
922,Nissan,Nissan MagniteXV,2022,"57,445kms",Petrol,Manual,₹5.70 Lakh,Hyderabad
923,Maruti,Maruti CelerioVXI AT,2014,"66,000kms",Petrol,Automatic,₹3.30 Lakh,Hyderabad
924,Hyundai,Hyundai Verna1.6 SX,2014,"1,44,946kms",Diesel,Manual,₹3.75 Lakh,Hyderabad
925,Mahindra,Mahindra XUV700AX5 AT BSVI,2022,"50,475kms",Petrol,Automatic,₹13.20 Lakh,Hyderabad
926,MG,MG Hector PlusSharp Pro 7 Str Diesel 2023-2025,2022,"43,936kms",Diesel,Manual,₹15.41 Lakh,Hyderabad
927,Nissan,Nissan MagniteXV,2022,"57,445kms",Petrol,Manual,₹5.70 Lakh,Hyderabad
928,Maruti,Maruti CelerioVXI AT,2014,"66,000kms",Petrol,Automatic,₹3.30 Lakh,Hyderabad
929,Honda,Honda AmazeV CVT Diesel BSIV,2018,"65,631kms",Diesel,Automatic,₹5.49 Lakh,Hyderabad
930,Renault,Renault TriberRXL BSIV,2020,"93,858kms",Petrol,Manual,₹3.75 Lakh,Hyderabad
931,Hyundai,Hyundai Grand i101.2 Kappa Sportz Option AT,2019,"82,938kms",Petrol,Automatic,₹4.87 Lakh,Hyderabad
932,Toyota,Toyota Innova Crysta2.4 G 7 STR,2022,"1,13,000kms",Diesel,Manual,₹23 Lakh,Hyderabad
933,Toyota,Toyota Fortuner2.8 2WD MT BSIV,2018,"91,755kms",Diesel,Manual,₹28.75 Lakh,Hyderabad
934,Ford,Ford EndeavourTitanium Plus 4X4,2019,"1,09,227kms",Diesel,Automatic,₹27.50 Lakh,Hyderabad
935,Mahindra,Mahindra XUV700AX7 Diesel AT Luxury Pack BSVI,2022,"57,469kms",Diesel,Automatic,₹22.50 Lakh,Hyderabad
936,Audi,Audi A5Sportback,2019,"45,000kms",Diesel,Automatic,₹28.90 Lakh,Hyderabad
937,Audi,Audi A5Sportback,2019,"35,000kms",Diesel,Automatic,₹29.90 Lakh,Hyderabad
938,Mahindra,Mahindra Alturas G44X4 AT,2021,"83,600kms",Diesel,Automatic,₹23 Lakh,Hyderabad
939,Kia,Kia SeltosGTX Plus DCT,2020,"88,565kms",Petrol,Automatic,₹11.79 Lakh,Hyderabad
940,Hyundai,Hyundai AlcazarSignature 6Str Diesel AT,2022,"81,630kms",Diesel,Automatic,₹14.87 Lakh,Hyderabad
941,Mahindra,Mahindra XUV700AX5 5Str AT,2021,"94,815kms",Petrol,Automatic,₹14.36 Lakh,Hyderabad
942,Kia,Kia SeltosGTX Plus S Turbo DCT,2019,"1,08,794kms",Petrol,Automatic,₹10.89 Lakh,Hyderabad
943,Maruti,Maruti XL6Alpha Plus,2023,"32,712kms",Petrol,Manual,₹11.26 Lakh,Hyderabad
944,Hyundai,Hyundai AlcazarSignature 6Str Diesel AT,2022,"81,630kms",Diesel,Automatic,₹14.87 Lakh,Hyderabad
945,Kia,Kia SeltosGTX Plus DCT,2020,"88,565kms",Petrol,Automatic,₹11.79 Lakh,Hyderabad
946,Mahindra,Mahindra XUV700AX5 5Str AT,2021,"94,815kms",Petrol,Automatic,₹14.36 Lakh,Hyderabad
947,Maruti,Maruti XL6Alpha Plus,2023,"32,712kms",Petrol,Manual,₹11.26 Lakh,Hyderabad
948,Kia,Kia CarensLuxury Plus Diesel AT 6 STR,2022,"50,643kms",Diesel,Automatic,₹14.68 Lakh,Hyderabad
949,Kia,Kia SeltosGTX Plus S Turbo DCT,2019,"1,08,794kms",Petrol,Automatic,₹10.89 Lakh,Hyderabad
950,Volkswagen,Volkswagen Tiguan2.0 TDI Comfortline,2017,"75,826kms",Diesel,Automatic,₹13.50 Lakh,Hyderabad
951,Volkswagen,Volkswagen VirtusHighline AT BSVI,2022,"86,893kms",Petrol,Automatic,₹11 Lakh,Hyderabad
952,Kia,Kia SeltosHTK Plus iMT,2022,"40,000kms",Petrol,Manual,₹14.50 Lakh,Hyderabad
953,Hyundai,Hyundai VernaSX Opt AT Diesel,2021,"82,000kms",Diesel,Automatic,₹13.80 Lakh,Hyderabad
954,Mahindra,Mahindra ScorpioAdventure Edition 2WD,2017,"1,43,586kms",Diesel,Manual,₹10.20 Lakh,Hyderabad
955,Kia,Kia SonetHTX Diesel AT BSVI,2022,"71,667kms",Diesel,Automatic,₹10.95 Lakh,Hyderabad
956,Toyota,Toyota Fortuner4x4 MT,2012,"2,11,465kms",Diesel,Manual,₹12.80 Lakh,Hyderabad
957,Hyundai,Hyundai Creta1.6 CRDi SX,2019,"80,000kms",Diesel,Manual,₹10.10 Lakh,Hyderabad
958,Toyota,Toyota Fortuner4x4 MT,2012,"1,43,256kms",Diesel,Manual,₹12.80 Lakh,Hyderabad
959,Kia,Kia SeltosX-Line Diesel AT,2022,"83,371kms",Diesel,Automatic,₹14.30 Lakh,Hyderabad
960,Kia,Kia SonetX-Line Turbo DCT BSVI,2022,"54,500kms",Petrol,Automatic,₹11.45 Lakh,Hyderabad
961,Hyundai,Hyundai Verna1.6 SX VTVT,2024,"10,341kms",Petrol,Manual,₹14.90 Lakh,Hyderabad
962,Maruti,Maruti DzireZXI Plus,2017,"85,606kms",Petrol,Manual,₹6.46 Lakh,Hyderabad
963,Maruti,Maruti Ciaz1.4 AT Alpha,2020,"92,379kms",Petrol,Automatic,₹7.29 Lakh,Hyderabad
964,Kia,Kia SeltosX-Line Diesel AT,2022,"83,371kms",Diesel,Automatic,₹14.30 Lakh,Hyderabad
965,Kia,Kia SonetX-Line Turbo DCT BSVI,2022,"54,500kms",Petrol,Automatic,₹11.45 Lakh,Hyderabad
966,Hyundai,Hyundai Verna1.6 SX VTVT,2024,"10,341kms",Petrol,Manual,₹14.90 Lakh,Hyderabad
967,Maruti,Maruti DzireZXI Plus,2017,"85,606kms",Petrol,Manual,₹6.46 Lakh,Hyderabad
968,Maruti,Maruti Baleno1.2 CVT Alpha,2018,"48,150kms",Petrol,Automatic,₹6.50 Lakh,Hyderabad
969,Maruti,Maruti ErtigaZXI AT,2019,"65,456kms",Petrol,Automatic,₹7.61 Lakh,Hyderabad
970,Kia,Kia SeltosGTX Plus,2021,"76,247kms",Petrol,Manual,₹9.56 Lakh,Hyderabad
971,Hyundai,Hyundai Grand i10 NiosSportz,2023,"13,955kms",Petrol,Manual,₹6.28 Lakh,Hyderabad
972,Hyundai,Hyundai VenueSX Opt iMT,2021,"68,193kms",Petrol,Manual,₹6.65 Lakh,Hyderabad
973,Maruti,Maruti Vitara BrezzaZXI Plus,2022,"28,443kms",Petrol,Manual,₹9.62 Lakh,Hyderabad
974,Maruti,Maruti Ciaz1.4 AT Alpha,2020,"92,379kms",Petrol,Automatic,₹7.29 Lakh,Hyderabad
975,Tata,Tata PunchAccomplished Dazzle,2024,"74,584kms",Petrol,Manual,₹7.83 Lakh,Hyderabad
976,Hyundai,Hyundai Verna1.6 CRDi S,2016,"78,549kms",Diesel,Manual,₹6.45 Lakh,Hyderabad
977,Tata,Tata TigorXZ Plus BSVI,2021,"50,000kms",Petrol,Manual,₹6.75 Lakh,Hyderabad
978,Maruti,Maruti S CrossSigma DDiS 200 SH,2018,"51,000kms",Diesel,Manual,₹7.25 Lakh,Hyderabad
979,Hyundai,Hyundai i20Asta Opt Turbo DCT BSVI,2021,"38,198kms",Petrol,Automatic,₹7.80 Lakh,Hyderabad
980,Toyota,Toyota Fortuner3.0 Diesel,2010,"2,73,663kms",Diesel,Manual,₹8.50 Lakh,Hyderabad
981,Skoda,Skoda Rapid1.5 TDI AT Ambition BSIV,2017,"86,000kms",Diesel,Automatic,₹6.80 Lakh,Hyderabad
982,Mahindra,Mahindra XUV300W8 Option Diesel BSVI,2020,"1,04,256kms",Diesel,Manual,₹9.95 Lakh,Hyderabad
983,Hyundai,Hyundai VernaCRDi 1.6 SX Option,2018,"90,546kms",Diesel,Manual,₹9.50 Lakh,Hyderabad
984,Hyundai,Hyundai VenueSX Opt iMT,2021,"68,193kms",Petrol,Manual,₹6.65 Lakh,Hyderabad
985,Maruti,Maruti Vitara BrezzaZXI Plus,2022,"28,443kms",Petrol,Manual,₹9.62 Lakh,Hyderabad
986,Skoda,Skoda Rapid1.5 TDI AT Ambition BSIV,2018,"1,01,950kms",Diesel,Automatic,₹6.85 Lakh,Hyderabad
987,Maruti,Maruti S CrossZeta DDiS 200 SH,2018,"90,595kms",Diesel,Manual,₹7.95 Lakh,Hyderabad
988,Ford,Ford Ecosport1.5 Diesel Titanium Plus,2020,"61,731kms",Diesel,Manual,₹9.75 Lakh,Hyderabad
989,Maruti,Maruti ErtigaZXI Petrol,2019,"41,657kms",Petrol,Manual,₹9.75 Lakh,Hyderabad
990,Mahindra,Mahindra XUV300W8 BSIV,2019,"45,000kms",Petrol,Manual,₹8.50 Lakh,Hyderabad
991,Mahindra,Mahindra XUV300W4 BSIV,2019,"82,121kms",Petrol,Manual,₹6.60 Lakh,Hyderabad
992,Kia,Kia SeltosHTK Plus G,2020,"65,000kms",Petrol,Manual,₹9.20 Lakh,Hyderabad
993,Maruti,Maruti ErtigaVXI CNG,2022,"1,04,000kms",CNG,Manual,₹9.75 Lakh,Hyderabad
994,Toyota,Toyota GlanzaS AMT,2024,"10,103kms",Petrol,Automatic,₹8 Lakh,Hyderabad
995,Jeep,Jeep Compass2.0 Limited,2018,"1,09,000kms",Diesel,Manual,₹9.50 Lakh,Hyderabad
996,Kia,Kia SeltosHTX Plus Diesel,2020,"1,28,949kms",Diesel,Manual,₹9.50 Lakh,Hyderabad
997,Nissan,Nissan KicksXV Premium Option D,2019,"72,065kms",Diesel,Manual,₹7.10 Lakh,Hyderabad
998,Toyota,Toyota Fortuner3.0 Diesel,2010,"2,73,663kms",Diesel,Manual,₹8.50 Lakh,Hyderabad
999,Skoda,Skoda Rapid1.5 TDI AT Ambition BSIV,2017,"86,000kms",Diesel,Automatic,₹6.80 Lakh,Hyderabad
1000,Hyundai,Hyundai i20Asta Opt Turbo DCT BSVI,2021,"38,198kms",Petrol,Automatic,₹7.80 Lakh,Hyderabad
1001,Maruti,Maruti S CrossSigma DDiS 200 SH,2018,"51,000kms",Diesel,Manual,₹7.25 Lakh,Hyderabad
1002,Maruti,Maruti Vitara BrezzaZDi Plus,2019,"85,000kms",Diesel,Manual,₹9.95 Lakh,Hyderabad
1003,Hyundai,Hyundai VernaVTVT 1.6 AT SX Plus,2019,"29,000kms",Petrol,Automatic,₹9.50 Lakh,Hyderabad
1004,Mahindra,Mahindra XUV300W8 Option Diesel BSVI,2020,"1,04,256kms",Diesel,Manual,₹9.95 Lakh,Hyderabad
1005,Hyundai,Hyundai VernaCRDi 1.6 SX Option,2018,"90,546kms",Diesel,Manual,₹9.50 Lakh,Hyderabad
1006,Skoda,Skoda Rapid1.5 TDI Ambition BSIV,2018,"96,009kms",Diesel,Manual,₹7.25 Lakh,Hyderabad
1007,Maruti,Maruti Vitara BrezzaZDi Plus,2019,"85,000kms",Diesel,Manual,₹9.95 Lakh,Hyderabad
1008,Hyundai,Hyundai VernaVTVT 1.6 AT SX Plus,2019,"29,000kms",Petrol,Automatic,₹9.50 Lakh,Hyderabad
1009,Hyundai,Hyundai i20Petrol CVT Magna Executive,2018,"76,098kms",Petrol,Automatic,₹6.90 Lakh,Hyderabad
1010,Skoda,Skoda Rapid1.5 TDI AT Ambition BSIV,2018,"1,01,950kms",Diesel,Automatic,₹6.85 Lakh,Hyderabad
1011,Toyota,Toyota GlanzaS AMT,2024,"10,103kms",Petrol,Automatic,₹8 Lakh,Hyderabad
1012,Kia,Kia SeltosHTK Plus G,2020,"65,000kms",Petrol,Manual,₹9.20 Lakh,Hyderabad
1013,Maruti,Maruti ErtigaVXI CNG,2022,"1,04,000kms",CNG,Manual,₹9.75 Lakh,Hyderabad
1014,Kia,Kia SeltosHTX Plus Diesel,2020,"1,28,949kms",Diesel,Manual,₹9.50 Lakh,Hyderabad
1015,Mahindra,Mahindra XUV300W4 BSIV,2019,"82,121kms",Petrol,Manual,₹6.60 Lakh,Hyderabad
1016,Mahindra,Mahindra XUV500W7 AT BSIV,2018,"1,35,000kms",Diesel,Automatic,₹8.70 Lakh,Hyderabad
1017,Hyundai,Hyundai i20Sportz Diesel,2022,"68,000kms",Diesel,Manual,₹7.75 Lakh,Hyderabad
1018,Maruti,Maruti Vitara BrezzaVXI,2021,"61,933kms",Petrol,Manual,₹7.90 Lakh,Hyderabad
1019,Hyundai,Hyundai CretaS (O) Diesel AT,2024,"34,000kms",Diesel,Automatic,₹21.50 Lakh,Hyderabad
1020,Maruti,Maruti ErtigaZXI AT,2022,"9,000kms",Petrol,Automatic,₹11.40 Lakh,Hyderabad
1021,Volvo,Volvo XC60Inscription D5,2020,"78,000kms",Diesel,Automatic,₹38.99 Lakh,Hyderabad
1022,Volvo,Volvo XC60B5 Inscripition,2022,"68,000kms",Petrol,Automatic,₹64.99 Lakh,Hyderabad
1023,Volvo,Volvo XC90D5 R-Design,2017,"1,26,000kms",Diesel,Automatic,₹37.50 Lakh,Hyderabad
1024,Hyundai,Hyundai CretaS (O) Diesel AT,2024,"34,000kms",Diesel,Automatic,₹21.50 Lakh,Hyderabad
1025,Maruti,Maruti ErtigaZXI AT,2022,"9,000kms",Petrol,Automatic,₹11.40 Lakh,Hyderabad
1026,Volvo,Volvo XC60B5 Inscripition,2022,"68,000kms",Petrol,Automatic,₹64.99 Lakh,Hyderabad
1027,Toyota,Toyota Fortuner4X2 Diesel BSVI,2021,"84,366kms",Diesel,Manual,₹32.50 Lakh,Hyderabad
1028,Volvo,Volvo XC60Inscription D5,2020,"78,000kms",Diesel,Automatic,₹38.99 Lakh,Hyderabad
1029,Volvo,Volvo XC90D5 Inscription BSIV,2017,"11,00,009kms",Diesel,Automatic,₹39.99 Lakh,Hyderabad
1030,Toyota,Toyota Fortuner2.8 4WD MT,2020,"1,30,000kms",Diesel,Manual,₹32.50 Lakh,Hyderabad
1031,Volvo,Volvo XC90D5 R-Design,2017,"1,26,000kms",Diesel,Automatic,₹37.50 Lakh,Hyderabad
1032,Hyundai,Hyundai AlcazarSignature Diesel AT,2022,"88,150kms",Diesel,Automatic,₹14.90 Lakh,Hyderabad
1033,MG,MG Hector PlusSharp Pro 7 Str Diesel  -2025,2023,"25,949kms",Diesel,Manual,₹19 Lakh,Hyderabad
1034,Jaguar,Jaguar XFS 2.2,2013,"72,000kms",Diesel,Automatic,₹15.99 Lakh,Hyderabad
1035,Toyota,Toyota Innova Crysta2.4 G MT 8S BSIV,2018,"1,69,660kms",Diesel,Manual,₹17.50 Lakh,Hyderabad
1036,Toyota,Toyota Innova Crysta2.4 G MT BSIV,2018,"67,569kms",Diesel,Manual,₹19 Lakh,Hyderabad
1037,Jaguar,Jaguar XF2.2 Litre Luxury,2015,"75,810kms",Diesel,Automatic,₹16.25 Lakh,Hyderabad
1038,Toyota,Toyota Innova Crysta2.4 VX MT BSIV,2019,"1,37,600kms",Diesel,Manual,₹17.80 Lakh,Hyderabad
1039,Mini Cooper,2014Mini Cooper Countryman  -2015D,2013,"77,030kms",Diesel,Automatic,₹16.50 Lakh,Hyderabad
1040,Volkswagen,Volkswagen Tiguan2.0 TDI Highline,2017,"73,000kms",Diesel,Automatic,₹17.99 Lakh,Hyderabad
1041,Mahindra,Mahindra ScorpioS,2024,"24,000kms",Diesel,Manual,₹15.25 Lakh,Hyderabad
1042,Toyota,Toyota Innova Crysta2.4 G MT BSIV,2017,"1,86,000kms",Diesel,Manual,₹15.95 Lakh,Hyderabad
1043,Mahindra,Mahindra XUV500W11 Option AWD,2019,"1,32,000kms",Diesel,Manual,₹11.50 Lakh,Hyderabad
1044,Mini Cooper,2014Mini Cooper Countryman  -2015D,2013,"77,030kms",Diesel,Automatic,₹16.50 Lakh,Hyderabad
1045,Volkswagen,Volkswagen Tiguan2.0 TDI Highline,2017,"73,000kms",Diesel,Automatic,₹17.99 Lakh,Hyderabad
1046,Mahindra,Mahindra ScorpioS,2024,"24,000kms",Diesel,Manual,₹15.25 Lakh,Hyderabad
1047,Toyota,Toyota Innova Crysta2.4 G MT BSIV,2017,"1,86,000kms",Diesel,Manual,₹15.95 Lakh,Hyderabad
1048,Mahindra,Mahindra XUV500W11 Option AWD,2019,"1,32,000kms",Diesel,Manual,₹11.50 Lakh,Hyderabad
1049,Toyota,Toyota Innova Crysta2.4 G 7 STR,2021,"1,23,000kms",Diesel,Manual,₹21.10 Lakh,Hyderabad
1050,Kia,Kia CarnivalLimousine,2020,"85,600kms",Diesel,Automatic,₹26.50 Lakh,Hyderabad
1051,Ford,Ford Endeavour3.2 Titanium AT 4X4,2019,"88,000kms",Diesel,Automatic,₹28 Lakh,Hyderabad
1052,Audi,Audi A635 TDI,2018,"79,000kms",Diesel,Automatic,₹22.45 Lakh,Hyderabad
1053,Mahindra,Mahindra TharLX Hard Top AT,2021,"29,038kms",Petrol,Automatic,₹11.93 Lakh,Hyderabad
1054,Maruti,Maruti SwiftZXI,2015,"65,429kms",Petrol,Manual,₹3.72 Lakh,Hyderabad
1055,Honda,Honda JazzV,2016,"74,597kms",Petrol,Manual,₹4.62 Lakh,Hyderabad
1056,Maruti,Maruti Alto 800LXi,2021,"22,037kms",Petrol,Manual,₹3.33 Lakh,Hyderabad
1057,Ford,Ford AspireTitanium Plus,2019,"63,356kms",Petrol,Manual,₹3.62 Lakh,Hyderabad
1058,Renault,Renault TriberRXZ BSVI,2022,"29,516kms",Petrol,Manual,₹5.58 Lakh,Hyderabad
1059,Renault,Renault KWID1.0 RXT Opt,2018,"23,997kms",Petrol,Manual,₹3.62 Lakh,Hyderabad
1060,Hyundai,Hyundai Grand i101.2 Kappa Sportz BSIV,2016,"1,43,840kms",Petrol,Manual,₹3.75 Lakh,Hyderabad
1061,Maruti,Maruti Ignis1.2 AMT Zeta BSIV,2017,"87,433kms",Petrol,Automatic,₹4.61 Lakh,Hyderabad
1062,Maruti,Maruti DzireZXI Plus,2020,"51,519kms",Petrol,Manual,₹5.98 Lakh,Hyderabad
1063,Honda,Honda AmazeVX CVT i-VTEC,2017,"74,617kms",Petrol,Automatic,₹5.19 Lakh,Hyderabad
1064,Renault,Renault KWID1.0 RXT Opt,2018,"23,997kms",Petrol,Manual,₹3.62 Lakh,Hyderabad
1065,Hyundai,Hyundai Grand i10Magna AT,2016,"80,179kms",Petrol,Automatic,₹3.20 Lakh,Hyderabad
1066,Maruti,Maruti SwiftZXI,2015,"65,429kms",Petrol,Manual,₹3.72 Lakh,Hyderabad
1067,Honda,Honda JazzV,2016,"74,597kms",Petrol,Manual,₹4.62 Lakh,Hyderabad
1068,Maruti,Maruti Ignis1.2 AMT Zeta BSIV,2017,"1,03,288kms",Petrol,Automatic,₹3.39 Lakh,Hyderabad
1069,Maruti,Maruti DzireVXI,2018,"74,699kms",Petrol,Manual,₹5.57 Lakh,Hyderabad
1070,Renault,Renault TriberRXZ BSVI,2022,"29,516kms",Petrol,Manual,₹5.58 Lakh,Hyderabad
1071,Honda,Honda CityVX CVT,2017,"1,41,210kms",Petrol,Automatic,₹5.78 Lakh,Hyderabad
1072,Maruti,Maruti Wagon RAMT VXI,2018,"80,284kms",Petrol,Automatic,₹3.20 Lakh,Hyderabad
1073,Hyundai,Hyundai Grand i101.2 Kappa Magna BSIV,2018,"13,977kms",Petrol,Manual,₹4.63 Lakh,Hyderabad
1074,Hyundai,Hyundai Grand i101.2 Kappa Sportz BSIV,2016,"1,43,840kms",Petrol,Manual,₹3.75 Lakh,Hyderabad
1075,Maruti,Maruti Ignis1.2 AMT Zeta BSIV,2017,"87,433kms",Petrol,Automatic,₹4.61 Lakh,Hyderabad
1076,Maruti,Maruti DzireZXI Plus,2020,"51,519kms",Petrol,Manual,₹5.98 Lakh,Hyderabad
1077,Honda,Honda AmazeVX CVT i-VTEC,2017,"74,617kms",Petrol,Automatic,₹5.19 Lakh,Hyderabad
1078,Hyundai,Hyundai i201.2 Spotz,2018,"70,303kms",Petrol,Manual,₹4.85 Lakh,Hyderabad
1079,Honda,Honda CitySV MT,2014,"86,729kms",Petrol,Manual,₹4.41 Lakh,Hyderabad
1080,Ford,Ford Ecosport1.5 TDCi Ambiente BSIV,2013,"1,16,483kms",Diesel,Manual,₹3.92 Lakh,Hyderabad
1081,Maruti,Maruti Alto K10VXI Plus,2023,"1,806kms",Petrol,Manual,₹4.58 Lakh,Hyderabad
1082,Maruti,Maruti Alto 800VXI,2021,"52,523kms",Petrol,Manual,₹3.25 Lakh,Hyderabad
1083,Maruti,Maruti Wagon RVXI,2016,"99,195kms",Petrol,Manual,₹3.26 Lakh,Hyderabad
1084,Honda,Honda CitySV MT,2014,"86,729kms",Petrol,Manual,₹4.41 Lakh,Hyderabad
1085,Ford,Ford Ecosport1.5 TDCi Ambiente BSIV,2013,"1,16,483kms",Diesel,Manual,₹3.92 Lakh,Hyderabad
1086,Maruti,Maruti Alto K10VXI Plus,2023,"1,806kms",Petrol,Manual,₹4.58 Lakh,Hyderabad
1087,Maruti,Maruti Alto 800VXI,2021,"52,523kms",Petrol,Manual,₹3.25 Lakh,Hyderabad
1088,Maruti,Maruti Wagon RVXI,2016,"99,195kms",Petrol,Manual,₹3.26 Lakh,Hyderabad
1089,Maruti,Maruti Ignis1.2 Sigma BSIV,2023,"40,498kms",Petrol,Manual,₹4.37 Lakh,Hyderabad
1090,Ford,Ford Ecosport1.5 Ti VCT AT Titanium BSIV,2016,"84,066kms",Petrol,Automatic,₹5.33 Lakh,Hyderabad
1091,Maruti,Maruti BalenoDelta Diesel,2017,"65,948kms",Diesel,Manual,₹4.91 Lakh,Hyderabad
1092,Volkswagen,Volkswagen Ameo1.5 TDI Highline,2016,"1,01,543kms",Diesel,Manual,₹3.25 Lakh,Hyderabad
1093,Maruti,Maruti SwiftVDI Optional,2017,"48,231kms",Diesel,Manual,₹4.35 Lakh,Hyderabad
1094,Ford,Ford FigoTitanium Diesel,2019,"1,21,543kms",Diesel,Manual,₹4.75 Lakh,Hyderabad
1095,Maruti,Maruti Wagon RVXI AMT Opt 1.2,2021,"53,371kms",Petrol,Automatic,₹4.73 Lakh,Hyderabad
1096,Toyota,Toyota EtiosGD,2016,"1,20,000kms",Diesel,Manual,₹4.50 Lakh,Hyderabad
1097,Renault,Renault KWID1.0 RXT,2023,"4,776kms",Petrol,Manual,₹4.70 Lakh,Hyderabad
1098,Ford,Ford Ecosport1.5 TDCi Titanium BSIV,2016,"80,000kms",Diesel,Manual,₹5.75 Lakh,Hyderabad
1099,Maruti,Maruti SwiftAMT ZXI Plus,2019,"76,000kms",Petrol,Automatic,₹5.80 Lakh,Hyderabad
1100,Hyundai,Hyundai i20Asta 1.4 CRDi,2014,"1,32,000kms",Diesel,Manual,₹3.95 Lakh,Hyderabad
1101,Mahindra,Mahindra Bolero Power PlusZLX,2017,"1,30,844kms",Diesel,Manual,₹5.95 Lakh,Hyderabad
1102,Hyundai,Hyundai Grand i10Asta,2016,"83,800kms",Petrol,Manual,₹3.95 Lakh,Hyderabad
1103,Honda,Honda JazzVX,2019,"21,904kms",Petrol,Manual,₹5.90 Lakh,Hyderabad
1104,Maruti,Maruti SwiftAMT ZXI Plus,2019,"76,000kms",Petrol,Automatic,₹5.80 Lakh,Hyderabad
1105,Hyundai,Hyundai i20Asta 1.4 CRDi,2014,"1,32,000kms",Diesel,Manual,₹3.95 Lakh,Hyderabad
1106,Mahindra,Mahindra Bolero Power PlusZLX,2017,"1,30,844kms",Diesel,Manual,₹5.95 Lakh,Hyderabad
1107,Hyundai,Hyundai Grand i10Asta,2016,"83,800kms",Petrol,Manual,₹3.95 Lakh,Hyderabad
1108,Honda,Honda JazzVX,2019,"21,904kms",Petrol,Manual,₹5.90 Lakh,Hyderabad
1109,Volkswagen,Volkswagen VentoDiesel Highline,2013,"59,000kms",Diesel,Manual,₹4.90 Lakh,Hyderabad
1110,Maruti,Maruti Wagon RAMT VXI Option,2019,"77,400kms",Petrol,Automatic,₹4.50 Lakh,Hyderabad
1111,Honda,Honda Cityi VTEC SV,2014,"65,000kms",Petrol,Manual,₹4.95 Lakh,Hyderabad
1112,Maruti,Maruti SwiftLDI BSIV,2016,"64,621kms",Diesel,Manual,₹4.80 Lakh,Hyderabad
1113,Maruti,Maruti SwiftZDi,2012,"40,000kms",Diesel,Manual,₹3.80 Lakh,Hyderabad
1114,Maruti,Maruti Swift DzireVDI,2018,"1,22,966kms",Diesel,Manual,₹5.85 Lakh,Hyderabad
1115,Toyota,Toyota Etios1.4 GXD,2018,"2,13,000kms",Diesel,Manual,₹4.95 Lakh,Hyderabad
1116,Honda,Honda WR-Vi-VTEC VX,2018,"62,900kms",Petrol,Manual,₹5.99 Lakh,Hyderabad
1117,Maruti,Maruti Wagon RAMT VXI,2017,"36,000kms",Petrol,Automatic,₹4.10 Lakh,Hyderabad
1118,Maruti,Maruti SwiftAMT VDI,2019,"88,000kms",Diesel,Automatic,₹5.75 Lakh,Hyderabad
1119,Nissan,Nissan MicraXL CVT,2018,"51,296kms",Petrol,Automatic,₹4.75 Lakh,Hyderabad
1120,Honda,Honda AmazeS i-Dtech,2013,"1,00,000kms",Diesel,Manual,₹3.60 Lakh,Hyderabad
1121,Hyundai,Hyundai Santro XingGL,2012,"55,000kms",Petrol,Manual,₹2.40 Lakh,Hyderabad
1122,Maruti,Maruti Celerio XZXI Option BSIV,2019,"78,265kms",Petrol,Manual,₹4.35 Lakh,Hyderabad
1123,Ford,Ford FreestyleTitanium Petrol BSIV,2018,"33,800kms",Petrol,Manual,₹4.25 Lakh,Hyderabad
1124,Nissan,Nissan MicraXL CVT,2018,"51,296kms",Petrol,Automatic,₹4.75 Lakh,Hyderabad
1125,Ford,Ford FreestyleTitanium Petrol BSIV,2018,"33,800kms",Petrol,Manual,₹4.25 Lakh,Hyderabad
1126,Toyota,Toyota Etios1.4 GXD,2018,"2,13,000kms",Diesel,Manual,₹4.95 Lakh,Hyderabad
1127,Hyundai,Hyundai Santro XingGL,2012,"55,000kms",Petrol,Manual,₹2.40 Lakh,Hyderabad
1128,Maruti,Maruti Celerio XZXI Option BSIV,2019,"78,265kms",Petrol,Manual,₹4.35 Lakh,Hyderabad
1129,Volkswagen,Volkswagen VirtusTopline,2022,"44,141kms",Petrol,Manual,₹11.29 Lakh,Hyderabad
1130,Kia,Kia SeltosGTX Plus S Turbo DCT,2019,"83,884kms",Petrol,Automatic,₹11.01 Lakh,Hyderabad
1131,Hyundai,Hyundai i20Asta Opt IVT,2023,"17,569kms",Petrol,Automatic,₹10.70 Lakh,Hyderabad
1132,Kia,Kia SonetGTX Plus Diesel BSVI,2023,"71,000kms",Diesel,Manual,₹14 Lakh,Hyderabad
1133,Toyota,Toyota Innova2.5 G (Diesel) 7 Seater BS IV,2015,"1,88,296kms",Diesel,Manual,₹10.95 Lakh,Hyderabad
1134,Hyundai,Hyundai VernaSX Diesel,2022,"74,000kms",Diesel,Manual,₹12.65 Lakh,Hyderabad
1135,Toyota,Toyota Fortuner4x2 AT,2014,"1,67,361kms",Diesel,Automatic,₹13.95 Lakh,Hyderabad
1136,Honda,Honda CivicZX,2020,"63,700kms",Petrol,Automatic,₹14.75 Lakh,Hyderabad
1137,Skoda,Skoda Slavia1.0 TSI Style,2024,"30,000kms",Petrol,Manual,₹14.50 Lakh,Hyderabad
1138,Kia,Kia SonetGTX Plus Turbo DCT,2025,"3,415kms",Petrol,Automatic,₹15 Lakh,Hyderabad
1139,Kia,Kia SeltosGTX Plus DCT,2019,"58,000kms",Petrol,Automatic,₹11.45 Lakh,Hyderabad
1140,Hyundai,Hyundai Verna1.6 SX VTVT (O) AT,2022,"49,772kms",Petrol,Automatic,₹11.83 Lakh,Hyderabad
1141,Audi,Audi A5Sportback,2018,"19,862kms",Diesel,Automatic,₹39 Lakh,Hyderabad
1142,Maruti,Maruti S CrossAlpha,2021,"57,190kms",Petrol,Manual,₹8.15 Lakh,Hyderabad
1143,Tata,Tata NexonXZ Plus (O) Dark Edition BSVI,2022,"51,538kms",Petrol,Manual,₹8.30 Lakh,Hyderabad
1144,Kia,Kia SeltosGTX Plus DCT,2019,"58,000kms",Petrol,Automatic,₹11.45 Lakh,Hyderabad
1145,Hyundai,Hyundai Verna1.6 SX VTVT (O) AT,2022,"49,772kms",Petrol,Automatic,₹11.83 Lakh,Hyderabad
1146,Audi,Audi A5Sportback,2018,"19,862kms",Diesel,Automatic,₹39 Lakh,Hyderabad
1147,Maruti,Maruti S CrossAlpha,2021,"57,190kms",Petrol,Manual,₹8.15 Lakh,Hyderabad
1148,Tata,Tata NexonXZ Plus (O) Dark Edition BSVI,2022,"51,538kms",Petrol,Manual,₹8.30 Lakh,Hyderabad
1149,Maruti,Maruti Vitara BrezzaVXI AT,2020,"60,281kms",Petrol,Automatic,₹6.79 Lakh,Hyderabad
1150,Tata,Tata NexonXZ Plus (O) Diesel,2017,"90,945kms",Diesel,Manual,₹6.41 Lakh,Hyderabad
1151,Volvo,Volvo XC60Momentum D4,2016,"53,837kms",Diesel,Automatic,₹19.09 Lakh,Hyderabad
1152,Mahindra,Mahindra XUV700AX7 AWD Diesel AT BSVI,2022,"96,000kms",Diesel,Automatic,₹19.80 Lakh,Hyderabad
1153,Hyundai,Hyundai AuraSX Plus AMT Diesel,2024,"12,523kms",Diesel,Automatic,₹7.42 Lakh,Hyderabad
1154,Hyundai,Hyundai AuraSX CNG,2023,"1,20,141kms",CNG,Manual,₹6.08 Lakh,Hyderabad
1155,Maruti,Maruti BalenoZeta Diesel,2021,"1,18,144kms",Diesel,Manual,₹6.04 Lakh,Hyderabad
1156,Kia,Kia SonetHTX Turbo DCT BSVI,2023,"26,170kms",Petrol,Automatic,₹9.41 Lakh,Hyderabad
1157,Maruti,Maruti DzireZXI Plus AMT,2022,"27,562kms",Petrol,Automatic,₹7.71 Lakh,Hyderabad
1158,Maruti,Maruti Vitara BrezzaVDi,2017,"1,04,573kms",Diesel,Manual,₹7.20 Lakh,Hyderabad
1159,Hyundai,Hyundai i20Petrol CVT Asta,2018,"72,293kms",Petrol,Automatic,₹7.25 Lakh,Hyderabad
1160,Tata,Tata Nexon1.5 Revotorq XZA Plus,2018,"60,000kms",Diesel,Automatic,₹8.30 Lakh,Hyderabad
1161,Hyundai,Hyundai i20Asta Option BSIV,2019,"60,995kms",Petrol,Manual,₹6.75 Lakh,Hyderabad
1162,Maruti,Maruti S CrossZeta DDiS 200 SH,2018,"99,715kms",Diesel,Manual,₹7.95 Lakh,Hyderabad
1163,Hyundai,Hyundai i20Sportz Plus BSIV,2020,"38,000kms",Petrol,Manual,₹6.95 Lakh,Hyderabad
1164,Hyundai,Hyundai i20Sportz Plus BSIV,2020,"38,000kms",Petrol,Manual,₹6.95 Lakh,Hyderabad
1165,Toyota,Toyota Innova2.5 VX (Diesel) 7 Seater,2013,"1,02,000kms",Diesel,Manual,₹8.90 Lakh,Hyderabad
1166,Skoda,Skoda Rapid1.5 TDI AT Ambition BSIV,2017,"1,17,999kms",Diesel,Automatic,₹6.70 Lakh,Hyderabad
1167,Hyundai,Hyundai i201.4 Asta Option,2018,"91,239kms",Diesel,Manual,₹6.50 Lakh,Hyderabad
1168,Maruti,Maruti Vitara BrezzaVDi,2017,"1,04,573kms",Diesel,Manual,₹7.20 Lakh,Hyderabad
1169,Hyundai,Hyundai i20Petrol CVT Asta,2018,"72,293kms",Petrol,Automatic,₹7.25 Lakh,Hyderabad
1170,Hyundai,Hyundai i20Asta IVT,2021,"62,000kms",Petrol,Automatic,₹6.70 Lakh,Hyderabad
1171,Tata,Tata Nexon1.5 Revotorq XZA Plus,2018,"60,000kms",Diesel,Automatic,₹8.30 Lakh,Hyderabad
1172,Hyundai,Hyundai i20Asta Option BSIV,2019,"60,995kms",Petrol,Manual,₹6.75 Lakh,Hyderabad
1173,Maruti,Maruti S CrossZeta DDiS 200 SH,2018,"99,715kms",Diesel,Manual,₹7.95 Lakh,Hyderabad
1174,Maruti,Maruti SwiftVDI,2019,"1,00,000kms",Diesel,Manual,₹6.20 Lakh,Hyderabad
1175,Land Rover,Land Rover Range Rover Evoque2.0 TD4 HSE Dynamic,2018,"88,000kms",Diesel,Automatic,₹30 Lakh,Hyderabad
1176,Land Rover,Land Rover Range Rover Evoque2.0 TD4 HSE Dynamic,2018,"88,000kms",Diesel,Automatic,₹30 Lakh,Hyderabad
1177,Land Rover,Land Rover Range Rover Sport2.0 Petrol SE,2020,"68,000kms",Petrol,Automatic,₹64.90 Lakh,Hyderabad
1178,Renault,Renault KWID1.0 AMT RXT,2018,"33,388kms",Petrol,Automatic,₹3.11 Lakh,Hyderabad
1179,Tata,Tata ZestRevotron 1.2 XT,2014,"77,853kms",Petrol,Manual,₹2.44 Lakh,Hyderabad
1180,Nissan,Nissan Micra ActiveXV,2017,"1,00,013kms",Petrol,Manual,₹2.98 Lakh,Hyderabad
1181,Maruti,Maruti Alto K10VXI,2019,"61,301kms",Petrol,Manual,₹2.79 Lakh,Hyderabad
1182,Maruti,Maruti CelerioVXI,2015,"1,44,723kms",Petrol,Manual,₹2.75 Lakh,Hyderabad
1183,Renault,Renault KWID1.0 RXT,2016,"72,000kms",Petrol,Manual,₹2.80 Lakh,Hyderabad
1184,Tata,Tata ZestRevotron 1.2 XT,2014,"77,853kms",Petrol,Manual,₹2.44 Lakh,Hyderabad
1185,Nissan,Nissan Micra ActiveXV,2017,"1,00,013kms",Petrol,Manual,₹2.98 Lakh,Hyderabad
1186,Maruti,Maruti CelerioVXI,2015,"1,44,723kms",Petrol,Manual,₹2.75 Lakh,Hyderabad
1187,Maruti,Maruti Alto K10VXI,2019,"61,301kms",Petrol,Manual,₹2.79 Lakh,Hyderabad
1188,Renault,Renault KWID1.0 RXT,2016,"72,000kms",Petrol,Manual,₹2.80 Lakh,Hyderabad
1189,Hyundai,Hyundai i201.2 Sportz,2011,"70,000kms",Petrol,Manual,₹2.79 Lakh,Hyderabad
1190,Maruti,Maruti Wagon RLXI BSII,2012,"73,000kms",Petrol,Manual,₹2.35 Lakh,Hyderabad
1191,Renault,Renault LodgyStepway Edition 7 Seater,2015,"76,493kms",Diesel,Manual,₹2.99 Lakh,Hyderabad
1192,Maruti,Maruti Alto 800LXI,2014,"1,45,000kms",Petrol,Manual,₹2.10 Lakh,Hyderabad
1193,Hyundai,Hyundai Verna1.6 CRDi SX,2013,"95,386kms",Diesel,Manual,₹3.93 Lakh,Hyderabad
1194,Maruti,Maruti BalenoDelta Diesel,2018,"77,047kms",Diesel,Manual,₹5 Lakh,Hyderabad
1195,Honda,Honda CitySV MT,2014,"76,062kms",Petrol,Manual,₹4.55 Lakh,Hyderabad
1196,Hyundai,Hyundai Grand i101.2 Kappa Sportz BSIV,2018,"47,481kms",Petrol,Manual,₹4.58 Lakh,Hyderabad
1197,Maruti,Maruti Vitara BrezzaVXI,2021,"21,293kms",Petrol,Manual,₹7.75 Lakh,Hyderabad
1198,Audi,Audi Q745 TDI Quattro Technology,2015,"74,080kms",Diesel,Automatic,₹35 Lakh,Hyderabad
1199,Mahindra,Mahindra XUV500W8 FWD,2014,"1,11,874kms",Diesel,Manual,₹5.80 Lakh,Hyderabad
1200,Maruti,Maruti Alto 800VXI,2014,"58,672kms",Petrol,Manual,₹2.27 Lakh,Hyderabad
1201,Maruti,Maruti Swift DzireVXI 1.2 BS IV,2011,"58,381kms",Petrol,Manual,₹2.99 Lakh,Hyderabad
1202,Hyundai,Hyundai Xcent1.2 Kappa S Option,2014,"57,011kms",Petrol,Manual,₹3.42 Lakh,Hyderabad
1203,Maruti,Maruti XL6Zeta,2023,"23,560kms",Petrol,Manual,₹10.55 Lakh,Hyderabad
1204,Mahindra,Mahindra XUV500W8 FWD,2014,"1,11,874kms",Diesel,Manual,₹5.80 Lakh,Hyderabad
1205,Maruti,Maruti Alto 800VXI,2014,"58,672kms",Petrol,Manual,₹2.27 Lakh,Hyderabad
1206,Maruti,Maruti Swift DzireVXI 1.2 BS IV,2011,"58,381kms",Petrol,Manual,₹2.99 Lakh,Hyderabad
1207,Hyundai,Hyundai Xcent1.2 Kappa S Option,2014,"57,011kms",Petrol,Manual,₹3.42 Lakh,Hyderabad
1208,Maruti,Maruti XL6Zeta,2023,"23,560kms",Petrol,Manual,₹10.55 Lakh,Hyderabad
1209,Maruti,Maruti Wagon RAMT VXI Option,2017,"20,927kms",Petrol,Automatic,₹3.73 Lakh,Hyderabad
1210,Renault,Renault TriberRXZ EASY-R AMT Dual Tone BSVI,2023,"48,000kms",Petrol,Automatic,₹5.85 Lakh,Hyderabad
1211,Maruti,Maruti Baleno1.2 Zeta,2019,"77,135kms",Petrol,Manual,₹5.20 Lakh,Hyderabad
1212,Kia,Kia SeltosGTX Plus Diesel AT,2020,"86,551kms",Diesel,Automatic,₹12.94 Lakh,Hyderabad
1213,Skoda,Skoda Slavia1.5 TSI Style DSG,2022,"37,535kms",Petrol,Automatic,₹14.10 Lakh,Hyderabad
1214,Toyota,Toyota Fortuner4x2 4 Speed AT,2013,"1,83,191kms",Diesel,Automatic,₹14.80 Lakh,Hyderabad
1215,Jaguar,Jaguar XF2.2 Litre Luxury,2014,"69,020kms",Diesel,Automatic,₹14.75 Lakh,Hyderabad
1216,Mahindra,Mahindra XUV500W11 FWD Diesel,2018,"1,25,000kms",Diesel,Manual,₹11.50 Lakh,Hyderabad
1217,Mahindra,Mahindra XUV500W9 AT BSIV,2017,"93,000kms",Diesel,Automatic,₹10.95 Lakh,Hyderabad
1218,Volvo,Volvo S60D4 SUMMUM,2014,"85,000kms",Diesel,Automatic,₹11.50 Lakh,Hyderabad
1219,Maruti,Maruti DzireZXI,2019,"41,891kms",Petrol,Manual,₹6.01 Lakh,Hyderabad
1220,Volkswagen,Volkswagen Tiguan2.0 TDI Highline,2017,"1,53,200kms",Diesel,Automatic,₹14 Lakh,Hyderabad
1221,Toyota,Toyota Etios LivaGD,2012,"86,480kms",Diesel,Manual,₹3.20 Lakh,Hyderabad
1222,Maruti,Maruti SwiftVXI,2013,"82,159kms",Petrol,Manual,₹3.41 Lakh,Hyderabad
1223,Skoda,Skoda Rapid1.0 TSI Ambition,2021,"68,300kms",Petrol,Manual,₹7.45 Lakh,Hyderabad
1224,Maruti,Maruti DzireZXI,2019,"41,891kms",Petrol,Manual,₹6.01 Lakh,Hyderabad
1225,Volkswagen,Volkswagen Tiguan2.0 TDI Highline,2017,"1,53,200kms",Diesel,Automatic,₹14 Lakh,Hyderabad
1226,Toyota,Toyota Etios LivaGD,2012,"86,480kms",Diesel,Manual,₹3.20 Lakh,Hyderabad
1227,Maruti,Maruti SwiftVXI,2013,"82,159kms",Petrol,Manual,₹3.41 Lakh,Hyderabad
1228,Skoda,Skoda Rapid1.0 TSI Ambition,2021,"68,300kms",Petrol,Manual,₹7.45 Lakh,Hyderabad
1229,Tata,Tata Nexon1.2 Revotron XZA Plus DualTone,2019,"84,643kms",Petrol,Automatic,₹5.42 Lakh,Hyderabad
1230,Maruti,Maruti Wagon RAMT VXI,2017,"41,037kms",Petrol,Automatic,₹3.50 Lakh,Hyderabad
1231,Mercedes-Benz,Mercedes-Benz GLE250d,2017,"96,000kms",Diesel,Automatic,₹28.95 Lakh,Hyderabad
1232,Honda,Honda BR-VStyle Edition Diesel V,2016,"1,42,481kms",Diesel,Manual,₹5.40 Lakh,Hyderabad
1233,Maruti,Maruti CelerioZXI Optional AMT BSIV,2017,"55,887kms",Petrol,Automatic,₹3.76 Lakh,Hyderabad
1234,Datsun,Datsun GOAnniversary Edition,2017,"16,584kms",Petrol,Manual,₹2.40 Lakh,Hyderabad
1235,Hyundai,Hyundai Grand i101.2 Kappa Sportz Dual Tone,2022,"33,379kms",Petrol,Manual,₹6.01 Lakh,Hyderabad
1236,Maruti,Maruti SwiftAMT ZDI,2018,"93,000kms",Diesel,Automatic,₹5.70 Lakh,Hyderabad
1237,Maruti,Maruti Alto K10VXI,2017,"59,977kms",Petrol,Manual,₹2.65 Lakh,Hyderabad
1238,Maruti,Maruti Baleno1.2 Delta,2018,"39,561kms",Petrol,Manual,₹4.80 Lakh,Hyderabad
1239,Honda,Honda AmazeV CVT Diesel,2018,"1,07,996kms",Diesel,Automatic,₹5.92 Lakh,Hyderabad
1240,Maruti,2022Maruti S-PressoVXI  -2022,2019,"10,683kms",Petrol,Manual,₹4.48 Lakh,Hyderabad
1241,Maruti,Maruti BalenoDelta,2020,"62,778kms",Petrol,Manual,₹4.93 Lakh,Hyderabad
1242,Honda,Honda JazzVX,2015,"70,479kms",Petrol,Manual,₹4.55 Lakh,Hyderabad
1243,Ford,Ford Aspire1.2 Ti-VCT Titanium,2019,"53,752kms",Petrol,Manual,₹4.51 Lakh,Hyderabad
1244,Ford,Ford Ecosport1.5 TDCi Titanium BSIV,2013,"68,338kms",Diesel,Manual,₹4.78 Lakh,Hyderabad
1245,Hyundai,Hyundai Grand i101.2 Kappa Sportz BSIV,2014,"1,10,485kms",Petrol,Manual,₹3.39 Lakh,Hyderabad
1246,Hyundai,Hyundai Grand i10 NiosAMT Sportz,2020,"1,01,840kms",Petrol,Automatic,₹4.20 Lakh,Hyderabad
1247,Maruti,Maruti CiazDelta BSIV,2019,"67,257kms",Petrol,Manual,₹5.70 Lakh,Hyderabad
1248,Ford,Ford Ecosport1.5 Ti VCT MT Titanium,2016,"43,545kms",Petrol,Manual,₹5.72 Lakh,Hyderabad
1249,Maruti,Maruti Ignis1.2 Zeta BSIV,2023,"15,055kms",Petrol,Manual,₹5.80 Lakh,Hyderabad
1250,Honda,Honda AmazeV CVT Diesel,2018,"1,07,996kms",Diesel,Automatic,₹5.92 Lakh,Hyderabad
1251,Maruti,2022Maruti S-PressoVXI  -2022,2019,"10,683kms",Petrol,Manual,₹4.48 Lakh,Hyderabad
1252,Nissan,Nissan MagniteTurbo XV BSVI,2021,"88,008kms",Petrol,Manual,₹4.96 Lakh,Hyderabad
1253,Ford,Ford Ecosport1.5 TDCi Trend Plus BSIV,2016,"1,14,002kms",Diesel,Manual,₹3.77 Lakh,Hyderabad
1254,Maruti,Maruti Wagon RVXI 1.2,2017,"57,139kms",Petrol,Manual,₹3.91 Lakh,Hyderabad
1255,Honda,Honda JazzV,2016,"55,418kms",Petrol,Manual,₹4.73 Lakh,Hyderabad
1256,Skoda,Skoda Rapid1.6 MPI Active BSIV,2019,"28,310kms",Petrol,Manual,₹5.97 Lakh,Hyderabad
1257,Maruti,Maruti Baleno1.2 Delta,2018,"39,561kms",Petrol,Manual,₹4.80 Lakh,Hyderabad
1258,Maruti,Maruti BalenoDelta,2020,"62,778kms",Petrol,Manual,₹4.93 Lakh,Hyderabad
1259,Ford,Ford Ecosport1.0 Ecoboost Titanium,2015,"78,009kms",Petrol,Manual,₹4.48 Lakh,Hyderabad
1260,Honda,Honda JazzVX,2015,"70,479kms",Petrol,Manual,₹4.55 Lakh,Hyderabad
1261,Ford,Ford Aspire1.2 Ti-VCT Titanium,2019,"53,752kms",Petrol,Manual,₹4.51 Lakh,Hyderabad
1262,Hyundai,Hyundai i20Magna Plus,2019,"96,905kms",Petrol,Manual,₹4.77 Lakh,Hyderabad
1263,Maruti,Maruti S-PressoVXi Plus BSVI,2022,"14,000kms",Petrol,Manual,₹5.20 Lakh,Hyderabad
1264,Ford,Ford Ecosport1.0 Ecoboost Titanium,2015,"78,009kms",Petrol,Manual,₹4.48 Lakh,Hyderabad
1265,Honda,Honda JazzVX,2015,"70,479kms",Petrol,Manual,₹4.55 Lakh,Hyderabad
1266,Ford,Ford Aspire1.2 Ti-VCT Titanium,2019,"53,752kms",Petrol,Manual,₹4.51 Lakh,Hyderabad
1267,Hyundai,Hyundai i20Magna Plus,2019,"96,905kms",Petrol,Manual,₹4.77 Lakh,Hyderabad
1268,Maruti,Maruti S-PressoVXi Plus BSVI,2022,"14,000kms",Petrol,Manual,₹5.20 Lakh,Hyderabad
1269,Honda,Honda Cityi DTEC SV,2015,"1,03,000kms",Diesel,Manual,₹4.65 Lakh,Hyderabad
1270,Ford,Ford Ecosport1.5 DV5 MT Titanium Optional,2014,"82,000kms",Diesel,Manual,₹4.40 Lakh,Hyderabad
1271,Maruti,Maruti Wagon RVXI,2014,"59,253kms",Petrol,Manual,₹3.30 Lakh,Hyderabad
1272,Maruti,Maruti Baleno1.2 CVT Delta,2016,"76,240kms",Petrol,Automatic,₹4.80 Lakh,Hyderabad
1273,Skoda,Skoda Rapid1.6 TDI Elegance,2014,"97,201kms",Diesel,Manual,₹4.80 Lakh,Hyderabad
1274,Honda,Honda BrioV AT,2013,"89,000kms",Petrol,Automatic,₹3.75 Lakh,Hyderabad
1275,Maruti,Maruti Swift DzireVXi,2012,"72,557kms",Petrol,Manual,₹3.80 Lakh,Hyderabad
1276,Toyota,Toyota Etios LivaGD,2013,"60,000kms",Diesel,Manual,₹3.50 Lakh,Hyderabad
1277,Volkswagen,Volkswagen Vento1.5 TDI Comfortline AT,2014,"70,000kms",Diesel,Automatic,₹5.50 Lakh,Hyderabad
1278,Hyundai,Hyundai i10Magna 1.1L,2013,"79,622kms",Petrol,Manual,₹3.50 Lakh,Hyderabad
1279,Maruti,Maruti SwiftVDI BSIV,2017,"90,000kms",Diesel,Manual,₹5.25 Lakh,Hyderabad
1280,Maruti,Maruti SwiftAMT VDI,2018,"80,000kms",Diesel,Automatic,₹5.50 Lakh,Hyderabad
1281,Skoda,Skoda Rapid1.5 TDI Ambition,2015,"1,03,300kms",Diesel,Manual,₹4.85 Lakh,Hyderabad
1282,Maruti,Maruti Celerio XAMT VXI Option BSIV,2019,"28,693kms",Petrol,Automatic,₹4.85 Lakh,Hyderabad
1283,Ford,Ford Figo1.2P Trend MT,2015,"67,000kms",Petrol,Manual,₹3.59 Lakh,Hyderabad
1284,Maruti,Maruti SwiftVDI BSIV,2017,"90,000kms",Diesel,Manual,₹5.25 Lakh,Hyderabad
1285,Maruti,Maruti SwiftAMT VDI,2018,"80,000kms",Diesel,Automatic,₹5.50 Lakh,Hyderabad
1286,Skoda,Skoda Rapid1.5 TDI Ambition,2015,"1,03,300kms",Diesel,Manual,₹4.85 Lakh,Hyderabad
1287,Maruti,Maruti Celerio XAMT VXI Option BSIV,2019,"28,693kms",Petrol,Automatic,₹4.85 Lakh,Hyderabad
1288,Ford,Ford Figo1.2P Trend MT,2015,"67,000kms",Petrol,Manual,₹3.59 Lakh,Hyderabad
1289,Mercedes-Benz,Mercedes-Benz E-ClassE 220D,2017,"1,01,000kms",Diesel,Automatic,₹29.99 Lakh,Hyderabad
1290,Land Rover,Land Rover Discovery SportTD4 HSE Luxury,2018,"69,100kms",Diesel,Automatic,₹25.50 Lakh,Hyderabad
1291,Land Rover,Land Rover Range Rover Evoque2.2L Dynamic,2015,"74,000kms",Diesel,Automatic,₹25 Lakh,Hyderabad
1292,Mercedes-Benz,Mercedes-Benz C-ClassPrime C 220d,2020,"52,000kms",Diesel,Automatic,₹29 Lakh,Hyderabad
1293,Mercedes-Benz,Mercedes-Benz GLC300 4MATIC Sport,2017,"80,000kms",Petrol,Automatic,₹26.99 Lakh,Hyderabad
1294,Mercedes-Benz,Mercedes-Benz C-ClassPrime C 220d,2019,"70,300kms",Diesel,Automatic,₹26.90 Lakh,Hyderabad
1295,Mahindra,Mahindra XUV700AX5 5Str,2022,"18,581kms",Petrol,Manual,₹15.34 Lakh,Hyderabad
1296,Hyundai,Hyundai EONMagna,2012,"59,035kms",Petrol,Manual,₹2.10 Lakh,Hyderabad
1297,Datsun,Datsun RediGO1.0 T Option,2018,"69,854kms",Petrol,Manual,₹2.22 Lakh,Hyderabad
1298,Land Rover,Land Rover Range Rover Evoque2.0 TD4 HSE,2020,"68,000kms",Diesel,Automatic,₹44.90 Lakh,Hyderabad
1299,Honda,Honda Amaze 2nd GenVX,2023,"33,645kms",Petrol,Manual,₹7.52 Lakh,Hyderabad
1300,Mahindra,Mahindra TharLX 4WD Hard Top AT BSVI,2021,"35,730kms",Petrol,Automatic,₹11.80 Lakh,Hyderabad
1301,Toyota,Toyota YarisG CVT,2020,"82,514kms",Petrol,Automatic,₹6.90 Lakh,Hyderabad
1302,Hyundai,Hyundai Creta1.6 CRDi AT S Plus,2016,"95,233kms",Diesel,Automatic,₹7.60 Lakh,Hyderabad
1303,Maruti,Maruti Swift DzireLXI,2013,"83,235kms",Petrol,Manual,₹2.77 Lakh,Hyderabad
1304,Honda,Honda Amaze 2nd GenVX,2023,"33,645kms",Petrol,Manual,₹7.52 Lakh,Hyderabad
1305,Mahindra,Mahindra TharLX 4WD Hard Top AT BSVI,2021,"35,730kms",Petrol,Automatic,₹11.80 Lakh,Hyderabad
1306,Toyota,Toyota YarisG CVT,2020,"82,514kms",Petrol,Automatic,₹6.90 Lakh,Hyderabad
1307,Hyundai,Hyundai Creta1.6 CRDi AT S Plus,2016,"95,233kms",Diesel,Automatic,₹7.60 Lakh,Hyderabad
1308,Maruti,Maruti Swift DzireLXI,2013,"83,235kms",Petrol,Manual,₹2.77 Lakh,Hyderabad
1309,Honda,Honda Jazz1.5 VX i DTEC,2015,"1,22,923kms",Diesel,Manual,₹2.62 Lakh,Hyderabad
1310,Maruti,Maruti Wagon RVXI BS IV,2017,"66,046kms",Petrol,Manual,₹2.92 Lakh,Hyderabad
1311,Maruti,Maruti Alto 800LXi,2014,"22,974kms",Petrol,Manual,₹2.29 Lakh,Hyderabad
1312,Audi,Audi Q535TDI,2018,"75,900kms",Diesel,Automatic,₹30.90 Lakh,Hyderabad
1313,Land Rover,Land Rover Discovery SportDynamic SE Diesel,2020,"52,427kms",Diesel,Automatic,₹49 Lakh,Hyderabad
1314,Mercedes-Benz,Mercedes-Benz S-ClassS 350 CDI,2018,"29,000kms",Diesel,Automatic,₹58 Lakh,Hyderabad
1315,Land Rover,Land Rover Range Rover SportHSE,2019,"75,000kms",Diesel,Automatic,₹65 Lakh,Hyderabad
1316,Nissan,Nissan SunnyDiesel XL,2013,"1,25,664kms",Diesel,Manual,₹2.89 Lakh,Hyderabad
1317,Hyundai,Hyundai i20Sportz Petrol,2012,"58,659kms",Petrol,Manual,₹2.71 Lakh,Hyderabad
1318,Hyundai,Hyundai i10Sportz 1.1L,2014,"1,06,453kms",Petrol,Manual,₹2.88 Lakh,Hyderabad
1319,Datsun,Datsun GO PlusT,2017,"65,431kms",Petrol,Manual,₹2.55 Lakh,Hyderabad
1320,Renault,Renault KWIDClimber 1.0 MT,2017,"1,09,018kms",Petrol,Manual,₹2.69 Lakh,Hyderabad
1321,Maruti,Maruti Alto 800LXi,2019,"75,729kms",Petrol,Manual,₹2.66 Lakh,Hyderabad
1322,Maruti,Maruti Alto 800LXi,2016,"1,10,691kms",Petrol,Manual,₹2.05 Lakh,Hyderabad
1323,Datsun,Datsun RediGOT Option,2018,"39,378kms",Petrol,Manual,₹2.32 Lakh,Hyderabad
1324,Datsun,Datsun GO PlusT,2017,"65,431kms",Petrol,Manual,₹2.55 Lakh,Hyderabad
1325,Renault,Renault KWIDClimber 1.0 MT,2017,"1,09,018kms",Petrol,Manual,₹2.69 Lakh,Hyderabad
1326,Maruti,Maruti Alto 800LXi,2019,"75,729kms",Petrol,Manual,₹2.66 Lakh,Hyderabad
1327,Maruti,Maruti Alto 800LXi,2016,"1,10,691kms",Petrol,Manual,₹2.05 Lakh,Hyderabad
1328,Datsun,Datsun RediGOT Option,2018,"39,378kms",Petrol,Manual,₹2.32 Lakh,Hyderabad
1329,Renault,Renault KWIDClimber 1.0 MT Opt BSIV,2020,"52,389kms",Petrol,Manual,₹2.86 Lakh,Hyderabad
1330,Honda,Honda AmazeS i-Vtech,2015,"1,09,469kms",Petrol,Manual,₹2.76 Lakh,Hyderabad
1331,Honda,Honda AmazeS i-Vtech,2015,"88,408kms",Petrol,Manual,₹3 Lakh,Hyderabad
1332,Maruti,Maruti Wagon RLXI BSVI,2015,"24,114kms",Petrol,Manual,₹2.87 Lakh,Hyderabad
1333,Hyundai,Hyundai Xcent1.2 Kappa SX Option,2014,"1,04,349kms",Petrol,Manual,₹2.90 Lakh,Hyderabad
1334,Maruti,Maruti Wagon RVXI BS IV,2014,"1,15,132kms",Petrol,Manual,₹2.08 Lakh,Hyderabad
1335,Tata,Tata Tiago1.2 Revotron XM Option,2018,"1,21,475kms",Petrol,Manual,₹2.91 Lakh,Hyderabad
1336,Honda,Honda BrioS MT,2014,"90,652kms",Petrol,Manual,₹2.24 Lakh,Hyderabad
1337,Nissan,Nissan MicraXV,2012,"83,033kms",Petrol,Manual,₹2.45 Lakh,Hyderabad
1338,Hyundai,Hyundai Santro XingGLS,2014,"57,000kms",Petrol,Manual,₹2.90 Lakh,Hyderabad
1339,Hyundai,Hyundai i10Magna,2011,"69,178kms",Petrol,Manual,₹2.45 Lakh,Hyderabad
1340,Honda,Honda AmazeS i-Dtech,2013,"83,000kms",Diesel,Manual,₹2.95 Lakh,Hyderabad
1341,Hyundai,Hyundai Grand i10CRDi Sportz,2013,"1,83,290kms",Diesel,Manual,₹3 Lakh,Hyderabad
1342,Datsun,Datsun RediGOT Option,2016,"38,000kms",Petrol,Manual,₹2.30 Lakh,Hyderabad
1343,Datsun,Datsun RediGOT Option,2018,"15,000kms",Petrol,Manual,₹2.70 Lakh,Hyderabad
1344,Hyundai,Hyundai i10Magna,2011,"69,178kms",Petrol,Manual,₹2.45 Lakh,Hyderabad
1345,Honda,Honda AmazeS i-Dtech,2013,"83,000kms",Diesel,Manual,₹2.95 Lakh,Hyderabad
1346,Hyundai,Hyundai Grand i10CRDi Sportz,2013,"1,83,290kms",Diesel,Manual,₹3 Lakh,Hyderabad
1347,Datsun,Datsun RediGOT Option,2016,"38,000kms",Petrol,Manual,₹2.30 Lakh,Hyderabad
1348,Datsun,Datsun RediGOT Option,2018,"15,000kms",Petrol,Manual,₹2.70 Lakh,Hyderabad
1349,Ford,Ford FigoDiesel ZXI,2014,"59,000kms",Diesel,Manual,₹3 Lakh,Hyderabad
1350,Datsun,Datsun GOT BSIV,2017,"47,710kms",Petrol,Manual,₹2.45 Lakh,Hyderabad
1351,Renault,Renault TriberRXZ EASY-R AMT,2024,"27,260kms",Petrol,Automatic,₹7.52 Lakh,Hyderabad
1352,Ford,Ford Ecosport1.5 Ti VCT AT Titanium,2017,"56,216kms",Petrol,Automatic,₹6.21 Lakh,Hyderabad
1353,Renault,Renault Duster110PS Diesel RxZ AMT,2017,"97,675kms",Diesel,Automatic,₹6.80 Lakh,Hyderabad
1354,Hyundai,Hyundai i20Sportz Plus BSIV,2020,"79,203kms",Petrol,Manual,₹6.95 Lakh,Hyderabad
1355,Hyundai,Hyundai i20Petrol Spotz,2019,"77,869kms",Petrol,Manual,₹6.45 Lakh,Hyderabad
1356,Mahindra,Mahindra XUV500R W10 FWD,2015,"1,48,932kms",Diesel,Manual,₹8.50 Lakh,Hyderabad
1357,Mahindra,Mahindra MarazzoM2 8Str BSIV,2019,"1,08,800kms",Diesel,Manual,₹7.50 Lakh,Hyderabad
1358,Volkswagen,Volkswagen Vento1.0 TSI Highline AT,2021,"52,000kms",Petrol,Automatic,₹8.75 Lakh,Hyderabad
1359,MG,MG HectorSmart Diesel MT BSIV,2019,"80,994kms",Diesel,Manual,₹9.95 Lakh,Hyderabad
1360,Hyundai,Hyundai i20Asta Turbo DCT DT,2021,"73,987kms",Petrol,Automatic,₹7.45 Lakh,Hyderabad
1361,Toyota,Toyota YarisG CVT,2020,"90,000kms",Petrol,Automatic,₹6.90 Lakh,Hyderabad
1362,Mahindra,Mahindra XUV500R W10 FWD,2016,"88,309kms",Diesel,Manual,₹9.50 Lakh,Hyderabad
1363,Maruti,Maruti Wagon RVXI 1.2,2018,"46,320kms",Petrol,Manual,₹4.22 Lakh,Hyderabad
1364,MG,MG HectorSmart Diesel MT BSIV,2019,"80,994kms",Diesel,Manual,₹9.95 Lakh,Hyderabad
1365,Hyundai,Hyundai i20Asta Turbo DCT DT,2021,"73,987kms",Petrol,Automatic,₹7.45 Lakh,Hyderabad
1366,Toyota,Toyota YarisG CVT,2020,"90,000kms",Petrol,Automatic,₹6.90 Lakh,Hyderabad
1367,Mahindra,Mahindra XUV500R W10 FWD,2016,"88,309kms",Diesel,Manual,₹9.50 Lakh,Hyderabad
1368,Maruti,Maruti Wagon RVXI 1.2,2018,"46,320kms",Petrol,Manual,₹4.22 Lakh,Hyderabad
1369,Renault,Renault KWID1.0 RXT,2016,"46,196kms",Petrol,Manual,₹2.49 Lakh,Hyderabad
1370,Maruti,Maruti Alto 800LXi,2018,"42,044kms",Petrol,Manual,₹2.74 Lakh,Hyderabad
1371,Mahindra,Mahindra TharLX 4WD Convert Top Diesel AT BSVI,2022,"63,000kms",Diesel,Automatic,₹14.90 Lakh,Hyderabad
1372,Hyundai,Hyundai i20Sportz Petrol,2011,"57,334kms",Petrol,Manual,₹2.54 Lakh,Hyderabad
1373,Maruti,2020Maruti S-PressoVXI Plus AT  -2022,2019,"58,127kms",Petrol,Automatic,₹3.57 Lakh,Hyderabad
1374,Maruti,Maruti SwiftVDI,2014,"67,960kms",Diesel,Manual,₹4.14 Lakh,Hyderabad
1375,Maruti,Maruti SwiftLDI BSIV,2016,"91,000kms",Diesel,Manual,₹3.65 Lakh,Hyderabad
1376,Maruti,Maruti Alto 800LXi,2014,"64,651kms",Petrol,Manual,₹2.15 Lakh,Hyderabad
1377,Renault,Renault KWIDClimber 1.0 MT,2017,"83,818kms",Petrol,Manual,₹2.77 Lakh,Hyderabad
1378,Skoda,Skoda Kushaq1.5 TSI Style DSG,2022,"1,02,304kms",Petrol,Automatic,₹12.85 Lakh,Hyderabad
1379,Volkswagen,Volkswagen Taigun1.0 Topline,2022,"49,046kms",Petrol,Manual,₹11.53 Lakh,Hyderabad
1380,Mahindra,Mahindra XUV500AT W9 2WD,2018,"62,323kms",Diesel,Automatic,₹10.25 Lakh,Hyderabad
1381,Mercedes-Benz,Mercedes-Benz GLE250d,2017,"1,01,000kms",Diesel,Automatic,₹30 Lakh,Hyderabad
1382,Honda,Honda CityS,2011,"79,000kms",Petrol,Manual,₹2.90 Lakh,Hyderabad
1383,Maruti,Maruti ErtigaSHVS VDI,2018,"70,000kms",Diesel,Manual,₹8.60 Lakh,Hyderabad
1384,Volkswagen,Volkswagen Taigun1.0 Topline,2022,"49,046kms",Petrol,Manual,₹11.53 Lakh,Hyderabad
1385,Mahindra,Mahindra XUV500AT W9 2WD,2018,"62,323kms",Diesel,Automatic,₹10.25 Lakh,Hyderabad
1386,Mercedes-Benz,Mercedes-Benz GLE250d,2017,"1,01,000kms",Diesel,Automatic,₹30 Lakh,Hyderabad
1387,Honda,Honda CityS,2011,"79,000kms",Petrol,Manual,₹2.90 Lakh,Hyderabad
1388,Maruti,Maruti ErtigaSHVS VDI,2018,"70,000kms",Diesel,Manual,₹8.60 Lakh,Hyderabad
1389,Skoda,Skoda Rapid1.5 TDI Ambition Plus,2015,"1,03,000kms",Diesel,Manual,₹4.99 Lakh,Hyderabad
1390,Hyundai,Hyundai i20Asta 1.4 CRDi,2016,"78,328kms",Diesel,Manual,₹4.99 Lakh,Hyderabad
1391,Ford,Ford FigoDiesel ZXI,2015,"92,000kms",Diesel,Manual,₹2.95 Lakh,Hyderabad
1392,Maruti,Maruti Alto 800LXi,2020,"78,567kms",Petrol,Manual,₹2.67 Lakh,Hyderabad
1393,Maruti,Maruti Alto 800LXi,2013,"46,496kms",Petrol,Manual,₹2.16 Lakh,Hyderabad
1394,Maruti,Maruti Alto 800LXi,2015,"53,702kms",Petrol,Manual,₹2.34 Lakh,Hyderabad
1395,Maruti,Maruti IgnisSigma BSVI,2017,"68,770kms",Petrol,Manual,₹2.40 Lakh,Hyderabad
1396,Audi,Audi Q330 TDI,2017,"77,500kms",Diesel,Manual,₹18.90 Lakh,Hyderabad
1397,Hyundai,Hyundai i20Asta 1.4 CRDi,2017,"68,595kms",Diesel,Manual,₹4.80 Lakh,Hyderabad
1398,Honda,Honda AmazeS i-Dtech,2013,"1,37,552kms",Diesel,Manual,₹2.40 Lakh,Hyderabad
1399,Hyundai,Hyundai i10Sportz 1.1L,2015,"49,938kms",Petrol,Manual,₹2.89 Lakh,Hyderabad
1400,Hyundai,Hyundai EONMagna,2013,"50,620kms",Petrol,Manual,₹2.38 Lakh,Hyderabad
1401,Hyundai,Hyundai Grand i101.2 Kappa Sportz BSIV,2019,"72,211kms",Petrol,Manual,₹4.40 Lakh,Hyderabad
1402,Maruti,Maruti Wagon RVXI,2011,"73,374kms",Petrol,Manual,₹2.30 Lakh,Hyderabad
1403,Maruti,Maruti Wagon RLXI BS IV,2011,"44,000kms",Petrol,Manual,₹2.45 Lakh,Hyderabad
1404,Hyundai,Hyundai EONMagna,2013,"50,620kms",Petrol,Manual,₹2.38 Lakh,Hyderabad
1405,Honda,Honda AmazeS i-Dtech,2013,"1,37,552kms",Diesel,Manual,₹2.40 Lakh,Hyderabad
1406,Hyundai,Hyundai Grand i101.2 Kappa Sportz BSIV,2019,"72,211kms",Petrol,Manual,₹4.40 Lakh,Hyderabad
1407,Maruti,Maruti Wagon RVXI,2011,"73,374kms",Petrol,Manual,₹2.30 Lakh,Hyderabad
1408,Maruti,Maruti Wagon RLXI BS IV,2011,"44,000kms",Petrol,Manual,₹2.45 Lakh,Hyderabad
1409,Land Rover,Land Rover Range Rover Sport3.0 D SE,2021,"57,000kms",Diesel,Automatic,₹80 Lakh,Hyderabad
1410,Mahindra,Mahindra MarazzoM2 BSIV,2019,"77,798kms",Diesel,Manual,₹5.65 Lakh,Hyderabad
1411,Maruti,Maruti RitzZXI,2011,"65,000kms",Petrol,Manual,₹2.40 Lakh,Hyderabad
1412,Honda,Honda BrioEX MT,2013,"73,352kms",Petrol,Manual,₹2.36 Lakh,Hyderabad
1413,Hyundai,Hyundai i10Era 1.1 iTech SE,2014,"44,779kms",Petrol,Manual,₹2.68 Lakh,Hyderabad
1414,Hyundai,Hyundai i10Magna 1.1,2012,"1,01,044kms",Petrol,Manual,₹2.45 Lakh,Hyderabad
1415,Datsun,Datsun RediGOT Option,2017,"50,325kms",Petrol,Manual,₹2.35 Lakh,Hyderabad
1416,Nissan,Nissan MicraDiesel XE,2012,"63,774kms",Diesel,Manual,₹2.29 Lakh,Hyderabad
1417,Hyundai,Hyundai i10Sportz,2013,"71,155kms",Petrol,Manual,₹2.54 Lakh,Hyderabad
1418,Toyota,Toyota EtiosG,2013,"1,29,839kms",Petrol,Manual,₹2.77 Lakh,Hyderabad
1419,Maruti,Maruti Alto 800VXI,2017,"43,617kms",Petrol,Manual,₹2.71 Lakh,Hyderabad
1420,Maruti,Maruti Swift1.2 VXI BSIV,2011,"66,703kms",Petrol,Manual,₹2.90 Lakh,Hyderabad
1421,Ford,Ford FigoTitanium Blu Diesel,2012,"71,934kms",Diesel,Manual,₹2.18 Lakh,Hyderabad
1422,Maruti,Maruti Alto 800LXI,2018,"43,070kms",Petrol,Manual,₹2.15 Lakh,Hyderabad
1423,Hyundai,Hyundai Grand i10Sportz,2014,"71,303kms",Petrol,Manual,₹2.79 Lakh,Hyderabad
1424,Hyundai,Hyundai i10Era 1.1 iTech SE,2014,"44,779kms",Petrol,Manual,₹2.68 Lakh,Hyderabad
1425,Hyundai,Hyundai i10Sportz,2013,"71,155kms",Petrol,Manual,₹2.54 Lakh,Hyderabad
1426,Toyota,Toyota EtiosG,2013,"1,29,839kms",Petrol,Manual,₹2.77 Lakh,Hyderabad
1427,Maruti,Maruti Alto 800VXI,2017,"43,617kms",Petrol,Manual,₹2.71 Lakh,Hyderabad
1428,Maruti,Maruti Swift1.2 VXI BSIV,2011,"66,703kms",Petrol,Manual,₹2.90 Lakh,Hyderabad
1429,Datsun,Datsun RediGOT Option,2017,"50,325kms",Petrol,Manual,₹2.35 Lakh,Hyderabad
1430,Ford,Ford FigoTitanium Blu Diesel,2012,"71,934kms",Diesel,Manual,₹2.18 Lakh,Hyderabad
1431,Hyundai,Hyundai EONSportz,2015,"70,000kms",Petrol,Manual,₹2.50 Lakh,Hyderabad
1432,Maruti,Maruti SwiftVDI,2012,"80,000kms",Diesel,Manual,₹2.99 Lakh,Hyderabad
1433,Maruti,Maruti SwiftVDI,2012,"81,000kms",Diesel,Manual,₹2.99 Lakh,Hyderabad
1434,Hyundai,Hyundai EONSportz,2015,"70,000kms",Petrol,Manual,₹2.70 Lakh,Hyderabad
1435,Maruti,Maruti Alto K10VXI,2014,"69,866kms",Petrol,Manual,₹2.45 Lakh,Hyderabad
1436,Maruti,Maruti Swift1.3 VXi,2008,"1,36,000kms",Petrol,Manual,₹2.25 Lakh,Hyderabad
1437,Maruti,Maruti RitzLDi,2012,"1,13,000kms",Diesel,Manual,₹2.99 Lakh,Hyderabad
1438,Maruti,Maruti SwiftVdi BSIII,2008,"1,46,000kms",Diesel,Manual,₹2.25 Lakh,Hyderabad
1439,Mahindra,Mahindra TharLX 4WD Hard Top Diesel AT BSVI,2021,"93,722kms",Diesel,Automatic,₹12.50 Lakh,Hyderabad
1440,Hyundai,Hyundai CretaSX Executive Diesel BSVI,2021,"68,354kms",Diesel,Manual,₹14.75 Lakh,Hyderabad
1441,Maruti,Maruti CelerioZXI AT Optional,2016,"71,185kms",Petrol,Automatic,₹3.06 Lakh,Hyderabad
1442,Maruti,Maruti Baleno1.2 Delta,2016,"69,577kms",Petrol,Manual,₹3.99 Lakh,Hyderabad
1443,Maruti,Maruti Ignis1.2 Alpha BSIV,2017,"82,341kms",Petrol,Manual,₹3.96 Lakh,Hyderabad
1444,Hyundai,Hyundai CretaSX Executive Diesel BSVI,2021,"68,354kms",Diesel,Manual,₹14.75 Lakh,Hyderabad
1445,Mahindra,Mahindra TharLX 4WD Hard Top Diesel AT BSVI,2021,"93,722kms",Diesel,Automatic,₹12.50 Lakh,Hyderabad
1446,Hyundai,Hyundai i20Sportz 1.2,2018,"94,972kms",Petrol,Manual,₹4.92 Lakh,Hyderabad
1447,Maruti,Maruti Baleno1.2 CVT Alpha,2021,"44,246kms",Petrol,Automatic,₹5.94 Lakh,Hyderabad
1448,Maruti,Maruti Wagon RVXI BS IV,2017,"35,880kms",Petrol,Manual,₹3.14 Lakh,Hyderabad
1449,Hyundai,Hyundai EONSportz,2018,"45,445kms",Petrol,Manual,₹3.29 Lakh,Hyderabad
1450,Hyundai,Hyundai Grand i10AT Asta,2015,"42,737kms",Petrol,Automatic,₹3.59 Lakh,Hyderabad
1451,Maruti,Maruti CelerioZXI Optional AMT BSIV,2018,"74,001kms",Petrol,Automatic,₹3.32 Lakh,Hyderabad
1452,Maruti,Maruti CelerioZXI AT Optional,2016,"71,185kms",Petrol,Automatic,₹3.06 Lakh,Hyderabad
1453,Maruti,Maruti Baleno1.2 Delta,2016,"69,577kms",Petrol,Manual,₹3.99 Lakh,Hyderabad
1454,Maruti,Maruti Ignis1.2 Alpha BSIV,2017,"82,341kms",Petrol,Manual,₹3.96 Lakh,Hyderabad
1455,Ford,Ford Ecosport1.5 Diesel Trend Plus BSIV,2018,"1,09,040kms",Diesel,Manual,₹4.74 Lakh,Hyderabad
1456,Ford,Ford Ecosport1.5 TDCi Titanium BSIV,2016,"1,42,699kms",Diesel,Manual,₹4.35 Lakh,Hyderabad
1457,Hyundai,Hyundai i10Sportz 1.1L,2015,"49,714kms",Petrol,Manual,₹3.41 Lakh,Hyderabad
1458,Maruti,Maruti CelerioZXI Optional AMT BSIV,2018,"79,246kms",Petrol,Automatic,₹4.90 Lakh,Hyderabad
1459,Tata,Tata NexonXZ Plus (O) Diesel,2017,"1,10,444kms",Diesel,Manual,₹5.51 Lakh,Hyderabad
1460,Toyota,Toyota EtiosVD,2014,"87,000kms",Diesel,Manual,₹3.90 Lakh,Hyderabad
1461,Skoda,Skoda Rapid1.5 TDI Style Plus,2015,"88,988kms",Diesel,Manual,₹4.95 Lakh,Hyderabad
1462,Maruti,Maruti Wagon RZXI 1.2,2020,"64,177kms",Petrol,Manual,₹5.50 Lakh,Hyderabad
1463,Ford,Ford Ecosport1.5 DV5 MT Titanium,2013,"83,000kms",Diesel,Manual,₹4.50 Lakh,Hyderabad
1464,Maruti,Maruti CelerioZXI Optional AMT BSIV,2018,"79,246kms",Petrol,Automatic,₹4.90 Lakh,Hyderabad
1465,Tata,Tata Tiago1.2 Revotron XZA,2017,"79,000kms",Petrol,Automatic,₹3.65 Lakh,Hyderabad
1466,Renault,Renault KWIDClimber 1.0 AMT,2018,"70,000kms",Petrol,Automatic,₹3.40 Lakh,Hyderabad
1467,Skoda,Skoda Rapid1.6 TDI Ambition,2012,"50,000kms",Diesel,Manual,₹3.35 Lakh,Hyderabad
1468,Hyundai,Hyundai SantroSportz AMT BSIV,2019,"48,000kms",Petrol,Automatic,₹4.85 Lakh,Hyderabad
1469,Skoda,Skoda Rapid1.5 TDI Elegance Plus,2015,"81,000kms",Diesel,Manual,₹4.90 Lakh,Hyderabad
1470,Hyundai,Hyundai i20Sportz 1.2,2013,"98,400kms",Petrol,Manual,₹3.25 Lakh,Hyderabad
1471,Toyota,Toyota EtiosVD,2014,"87,000kms",Diesel,Manual,₹3.90 Lakh,Hyderabad
1472,Skoda,Skoda Rapid1.5 TDI Style Plus,2015,"88,988kms",Diesel,Manual,₹4.95 Lakh,Hyderabad
1473,Ford,Ford Ecosport1.5 DV5 MT Titanium,2013,"83,000kms",Diesel,Manual,₹4.50 Lakh,Hyderabad
1474,Maruti,Maruti Wagon RZXI 1.2,2020,"64,177kms",Petrol,Manual,₹5.50 Lakh,Hyderabad
1475,Land Rover,Land Rover Discovery SportTD4 SE,2018,"83,000kms",Diesel,Automatic,₹19.90 Lakh,Hyderabad
1476,Hyundai,Hyundai EONSportz,2015,"58,516kms",Petrol,Manual,₹2.84 Lakh,Hyderabad
1477,Maruti,Maruti Alto 800LXi,2014,"46,371kms",Petrol,Manual,₹2.31 Lakh,Hyderabad
1478,Maruti,Maruti SwiftVDI,2012,"1,00,000kms",Diesel,Manual,₹2.90 Lakh,Hyderabad
1479,Maruti,Maruti Swift DzireVXI BSVI,2021,"16,127kms",Petrol,Manual,₹7.50 Lakh,Hyderabad
1480,Maruti,Maruti Swift DzireVXI AT,2018,"90,070kms",Petrol,Automatic,₹5.93 Lakh,Hyderabad
1481,Hyundai,Hyundai i20Sportz Petrol,2011,"62,896kms",Petrol,Manual,₹2.78 Lakh,Hyderabad
1482,Hyundai,Hyundai i201.4 CRDi Asta,2012,"1,37,000kms",Diesel,Manual,₹2.95 Lakh,Hyderabad
1483,Tata,Tata NexonXZ Plus (O) Diesel,2020,"75,437kms",Diesel,Manual,₹7.39 Lakh,Hyderabad
1484,Maruti,Maruti Swift DzireVXI BSVI,2021,"16,127kms",Petrol,Manual,₹7.50 Lakh,Hyderabad
1485,Maruti,Maruti Swift DzireVXI AT,2018,"90,070kms",Petrol,Automatic,₹5.93 Lakh,Hyderabad
1486,Hyundai,Hyundai i20Sportz Petrol,2011,"62,896kms",Petrol,Manual,₹2.78 Lakh,Hyderabad
1487,Hyundai,Hyundai i201.4 CRDi Asta,2012,"1,37,000kms",Diesel,Manual,₹2.95 Lakh,Hyderabad
1488,Tata,Tata NexonXZ Plus (O) Diesel,2020,"75,437kms",Diesel,Manual,₹7.39 Lakh,Hyderabad
1489,Mahindra,Mahindra XUV500W6 2WD,2014,"86,000kms",Diesel,Manual,₹6.80 Lakh,Hyderabad
1490,Mahindra,Mahindra XUV5001.99 FWD W8,2015,"74,154kms",Diesel,Manual,₹6.50 Lakh,Hyderabad
1491,Skoda,Skoda Kushaq1.0 TSI Ambition BSVI,2022,"99,000kms",Petrol,Manual,₹9.80 Lakh,Hyderabad
1492,Audi,Audi Q330 TDI,2015,"86,288kms",Diesel,Manual,₹12.50 Lakh,Hyderabad
1493,Toyota,Toyota Innova2.5 G (Diesel) 7 Seater BS IV,2013,"1,69,000kms",Diesel,Manual,₹8.35 Lakh,Hyderabad
1494,Mahindra,Mahindra XUV500W8 FWD,2013,"65,000kms",Diesel,Manual,₹6.95 Lakh,Hyderabad
1495,Toyota,Toyota Innova2.5 GX (Diesel) 8 Seater,2015,"1,88,000kms",Diesel,Manual,₹8.85 Lakh,Hyderabad
1496,Mahindra,Mahindra MarazzoM2 8Str BSIV,2018,"89,000kms",Diesel,Manual,₹7.90 Lakh,Hyderabad
1497,Mahindra,Mahindra Bolero NeoN10 BSVI,2022,"45,000kms",Diesel,Manual,₹9.50 Lakh,Hyderabad
1498,Tata,Tata NexonXMA AMT S,2023,"56,000kms",Petrol,Automatic,₹8.35 Lakh,Hyderabad
1499,Mercedes-Benz,Mercedes-Benz GLS350d 4MATIC,2018,"54,855kms",Diesel,Automatic,₹45 Lakh,Hyderabad
1500,Land Rover,Land Rover Range Rover4.4 Diesel LWB Autobiography,2018,"56,877kms",Diesel,Automatic,₹1.69 Crore,Hyderabad
1501,Audi,Audi Q5Technology BSVI,2022,"16,000kms",Petrol,Automatic,₹53 Lakh,Hyderabad
1502,Mercedes-Benz,Mercedes-Benz GL-Class350 CDI Blue Efficiency,2015,"74,000kms",Diesel,Automatic,₹39.99 Lakh,Hyderabad
1503,Mercedes-Benz,Mercedes-Benz GLS350d 4MATIC,2019,"1,06,880kms",Diesel,Automatic,₹44.45 Lakh,Hyderabad
1504,Mercedes-Benz,Mercedes-Benz GLS350d 4MATIC,2018,"54,855kms",Diesel,Automatic,₹45 Lakh,Hyderabad
1505,Land Rover,Land Rover Range Rover4.4 Diesel LWB Autobiography,2018,"56,877kms",Diesel,Automatic,₹1.69 Crore,Hyderabad
1506,Audi,Audi Q5Technology BSVI,2022,"16,000kms",Petrol,Automatic,₹53 Lakh,Hyderabad
1507,Mercedes-Benz,Mercedes-Benz GL-Class350 CDI Blue Efficiency,2015,"74,000kms",Diesel,Automatic,₹39.99 Lakh,Hyderabad
1508,Mercedes-Benz,Mercedes-Benz GLS350d 4MATIC,2019,"1,06,880kms",Diesel,Automatic,₹44.45 Lakh,Hyderabad
1509,Maruti,Maruti Alto 800LXi,2016,"57,123kms",Petrol,Manual,₹2.43 Lakh,Hyderabad
1510,Chevrolet,Chevrolet BeatDiesel LS,2012,"68,327kms",Diesel,Manual,₹2.80 Lakh,Hyderabad
1511,Maruti,Maruti SwiftLXi,2011,"63,548kms",Petrol,Manual,₹2.79 Lakh,Hyderabad
1512,Maruti,Maruti Alto 800LXI,2018,"38,693kms",Petrol,Manual,₹2.36 Lakh,Hyderabad
1513,Hyundai,Hyundai i10Magna 1.1,2016,"1,00,461kms",Petrol,Manual,₹3 Lakh,Hyderabad
1514,Hyundai,Hyundai i10Era 1.1 iTech SE,2011,"73,003kms",Petrol,Manual,₹2.27 Lakh,Hyderabad
1515,Maruti,Maruti Alto 800VXI,2015,"72,210kms",Petrol,Manual,₹2.43 Lakh,Hyderabad
1516,Maruti,Maruti Alto 800LXI,2020,"26,206kms",Petrol,Manual,₹2.30 Lakh,Hyderabad
1517,Maruti,Maruti Alto 800LXi,2017,"27,629kms",Petrol,Manual,₹2.81 Lakh,Hyderabad
1518,Maruti,Maruti SwiftVXI,2012,"77,620kms",Petrol,Manual,₹2.97 Lakh,Hyderabad
1519,Renault,Renault KWID1.0 RXT,2018,"51,232kms",Petrol,Manual,₹2.99 Lakh,Hyderabad
1520,Maruti,Maruti SwiftVDI,2011,"1,15,000kms",Diesel,Manual,₹2.30 Lakh,Hyderabad
1521,Maruti,Maruti RitzVXi (ABS) BS IV,2012,"72,000kms",Petrol,Manual,₹2.75 Lakh,Hyderabad
1522,Hyundai,Hyundai i201.4 CRDi Magna,2012,"94,604kms",Diesel,Manual,₹2.95 Lakh,Hyderabad
1523,Chevrolet,Chevrolet BeatLT,2011,"85,133kms",Petrol,Manual,₹2.10 Lakh,Hyderabad
1524,Renault,Renault KWID1.0 RXT,2018,"51,232kms",Petrol,Manual,₹2.99 Lakh,Hyderabad
1525,Maruti,Maruti SwiftVDI,2011,"1,15,000kms",Diesel,Manual,₹2.30 Lakh,Hyderabad
1526,Maruti,Maruti RitzVXi (ABS) BS IV,2012,"72,000kms",Petrol,Manual,₹2.75 Lakh,Hyderabad
1527,Hyundai,Hyundai i201.4 CRDi Magna,2012,"94,604kms",Diesel,Manual,₹2.95 Lakh,Hyderabad
1528,Chevrolet,Chevrolet BeatLT,2011,"85,133kms",Petrol,Manual,₹2.10 Lakh,Hyderabad
1529,Maruti,Maruti SwiftVDI BSIV,2010,"91,000kms",Diesel,Manual,₹2.25 Lakh,Hyderabad
1530,Renault,Renault KWID1.0 AMT RXT,2018,"93,865kms",Petrol,Automatic,₹2.84 Lakh,Hyderabad
1531,Maruti,Maruti RitzLXi,2012,"77,540kms",Petrol,Manual,₹2.18 Lakh,Hyderabad
1532,Skoda,Skoda Kodiaq2.0 TDI Style,2019,"60,026kms",Diesel,Automatic,₹22.50 Lakh,Hyderabad
1533,Ford,Ford Endeavour3.2 Titanium AT 4X4,2018,"99,000kms",Diesel,Automatic,₹22.95 Lakh,Hyderabad
1534,Volkswagen,Volkswagen Polo1.2 MPI Comfortline,2014,"59,971kms",Petrol,Manual,₹2.93 Lakh,Hyderabad
1535,Renault,Renault KWID1.0 RXT AMT,2019,"26,511kms",Petrol,Automatic,₹3.76 Lakh,Hyderabad
1536,Tata,Tata NexonXZA Plus (O) AMT,2021,"29,141kms",Petrol,Automatic,₹9.13 Lakh,Hyderabad
1537,Mercedes-Benz,Mercedes-Benz E-ClassE350 CDI Elegance,2010,"1,08,000kms",Diesel,Automatic,₹13.99 Lakh,Hyderabad
1538,Maruti,Maruti CelerioZXI AMT Optional,2017,"97,328kms",Petrol,Automatic,₹3.73 Lakh,Hyderabad
1539,Maruti,Maruti Wagon RVXI AMT Opt,2020,"86,495kms",Petrol,Automatic,₹3.95 Lakh,Hyderabad
1540,Maruti,Maruti Baleno1.2 CVT Zeta,2016,"47,932kms",Petrol,Automatic,₹4.37 Lakh,Hyderabad
1541,Maruti,Maruti SwiftVDI,2013,"84,230kms",Diesel,Manual,₹3.38 Lakh,Hyderabad
1542,Honda,Honda AmazeVX CVT i-VTEC,2016,"79,551kms",Petrol,Automatic,₹4.82 Lakh,Hyderabad
1543,Toyota,Toyota EtiosGD,2012,"1,05,000kms",Diesel,Manual,₹4.30 Lakh,Hyderabad
1544,Maruti,Maruti Baleno1.2 CVT Zeta,2016,"47,932kms",Petrol,Automatic,₹4.37 Lakh,Hyderabad
1545,Honda,Honda AmazeVX CVT i-VTEC,2016,"79,551kms",Petrol,Automatic,₹4.82 Lakh,Hyderabad
1546,Maruti,Maruti SwiftVDI,2013,"84,230kms",Diesel,Manual,₹3.38 Lakh,Hyderabad
1547,Maruti,Maruti CelerioZXI AMT Optional,2017,"97,328kms",Petrol,Automatic,₹3.73 Lakh,Hyderabad
1548,Maruti,Maruti CiazVDi Plus,2015,"99,000kms",Diesel,Manual,₹5.60 Lakh,Hyderabad
1549,Honda,Honda Cityi VTEC VX,2014,"84,852kms",Petrol,Manual,₹5.40 Lakh,Hyderabad
1550,Toyota,Toyota EtiosGD,2012,"1,05,000kms",Diesel,Manual,₹4.30 Lakh,Hyderabad
1551,Maruti,Maruti Ignis1.2 Sigma BSIV,2017,"79,708kms",Petrol,Manual,₹4.25 Lakh,Hyderabad
1552,Maruti,Maruti Swift DzireVXi AT,2012,"55,205kms",Petrol,Automatic,₹3.75 Lakh,Hyderabad
1553,Land Rover,Land Rover Range Rover Sport2.0 Petrol SE,2020,"38,621kms",Petrol,Automatic,₹79 Lakh,Hyderabad
1554,Mercedes-Benz,Mercedes-Benz GLS350d 4MATIC,2018,"67,000kms",Diesel,Automatic,₹46.99 Lakh,Hyderabad
1555,Mercedes-Benz,Mercedes-Benz GLS400d 4MATIC BSVI,2020,"1,50,000kms",Diesel,Automatic,₹73 Lakh,Hyderabad
1556,Audi,Audi Q73.0 TDI quattro,2011,"1,10,758kms",Diesel,Automatic,₹11.75 Lakh,Hyderabad
1557,Mahindra,Mahindra TharLX 4WD Convert Top AT BSVI,2021,"35,000kms",Petrol,Automatic,₹12 Lakh,Hyderabad
1558,Renault,Renault KWIDClimber 1.0 AMT,2018,"47,441kms",Petrol,Automatic,₹2.96 Lakh,Hyderabad
1559,Mercedes-Benz,Mercedes-Benz CLA200 CDI Style,2017,"93,000kms",Diesel,Automatic,₹19.99 Lakh,Hyderabad
1560,Mercedes-Benz,Mercedes-Benz CLA200 CGI Sport,2019,"58,000kms",Petrol,Automatic,₹18.90 Lakh,Hyderabad
1561,Hyundai,Hyundai i10Era 1.1 iTech SE,2012,"68,478kms",Petrol,Manual,₹2.35 Lakh,Hyderabad
1562,Maruti,Maruti Wagon RLXI CNG,2013,"97,021kms",CNG,Manual,₹2.71 Lakh,Hyderabad
1563,Maruti,Maruti Alto 800LXi,2017,"22,239kms",Petrol,Manual,₹2.88 Lakh,Hyderabad
1564,Mercedes-Benz,Mercedes-Benz CLA200 CGI Sport,2019,"58,000kms",Petrol,Automatic,₹18.90 Lakh,Hyderabad
1565,Mercedes-Benz,Mercedes-Benz CLA200 CDI Style,2017,"93,000kms",Diesel,Automatic,₹19.99 Lakh,Hyderabad
1566,Maruti,Maruti Wagon RLXI CNG,2013,"97,021kms",CNG,Manual,₹2.71 Lakh,Hyderabad
1567,Renault,Renault KWID1.0 RXT Optional,2018,"43,357kms",Petrol,Manual,₹2.38 Lakh,Hyderabad
1568,Maruti,Maruti Alto 800LXi,2017,"41,488kms",Petrol,Manual,₹2.38 Lakh,Hyderabad
1569,Hyundai,Hyundai i10Era 1.1 iTech SE,2012,"68,478kms",Petrol,Manual,₹2.35 Lakh,Hyderabad
1570,Maruti,Maruti Alto 800LXi,2017,"22,239kms",Petrol,Manual,₹2.88 Lakh,Hyderabad
1571,Renault,Renault KWIDRXT,2016,"73,243kms",Petrol,Manual,₹2.51 Lakh,Hyderabad
1572,Renault,Renault KWID1.0 RXT Opt,2018,"73,008kms",Petrol,Manual,₹2.97 Lakh,Hyderabad
1573,Maruti,Maruti Wagon RLXI CNG,2011,"76,135kms",CNG,Manual,₹2.63 Lakh,Hyderabad
1574,Hyundai,Hyundai i10Magna,2012,"64,000kms",Petrol,Manual,₹2.60 Lakh,Hyderabad
1575,Hyundai,Hyundai EONEra Plus,2015,"35,683kms",Petrol,Manual,₹2.75 Lakh,Hyderabad
1576,Maruti,Maruti Wagon RVXI BS IV,2013,"68,000kms",Petrol,Manual,₹2.75 Lakh,Hyderabad
1577,Maruti,Maruti SwiftVXI,2011,"76,000kms",Petrol,Manual,₹2.65 Lakh,Hyderabad
1578,Maruti,2021Maruti S-PressoVXI Plus AT  -2022,2019,"57,072kms",Petrol,Automatic,₹3.87 Lakh,Hyderabad
1579,Maruti,Maruti BrezzaZxi CNG,2023,"70,672kms",CNG,Manual,₹8.81 Lakh,Hyderabad
1580,Ford,Ford Ecosport1.5 Petrol Titanium AT,2020,"11,236kms",Petrol,Automatic,₹8.95 Lakh,Hyderabad
1581,Maruti,Maruti CiazZeta,2023,"53,675kms",Petrol,Manual,₹9.90 Lakh,Hyderabad
1582,Maruti,Maruti CiazAlpha BSIV,2018,"86,608kms",Petrol,Manual,₹6.90 Lakh,Hyderabad
1583,Volkswagen,Volkswagen Polo1.0 MPI Trendline,2019,"81,549kms",Petrol,Manual,₹6.45 Lakh,Hyderabad
1584,Maruti,Maruti BrezzaZxi CNG,2023,"70,672kms",CNG,Manual,₹8.81 Lakh,Hyderabad
1585,Ford,Ford Ecosport1.5 Petrol Titanium AT,2020,"11,236kms",Petrol,Automatic,₹8.95 Lakh,Hyderabad
1586,Maruti,Maruti CiazZeta,2023,"53,675kms",Petrol,Manual,₹9.90 Lakh,Hyderabad
1587,Maruti,Maruti CiazAlpha BSIV,2018,"86,608kms",Petrol,Manual,₹6.90 Lakh,Hyderabad
1588,Volkswagen,Volkswagen Polo1.0 MPI Trendline,2019,"81,549kms",Petrol,Manual,₹6.45 Lakh,Hyderabad
1589,Maruti,Maruti S CrossZeta DDiS 200 SH,2018,"86,000kms",Diesel,Manual,₹8 Lakh,Hyderabad
1590,Tata,Tata Nexon1.2 Revotron XZA Plus,2020,"49,000kms",Petrol,Automatic,₹8.90 Lakh,Hyderabad
1591,Hyundai,Hyundai EONSportz,2017,"34,318kms",Petrol,Manual,₹3.32 Lakh,Hyderabad
1592,Mercedes-Benz,Mercedes-Benz GLS350d 4MATIC,2017,"69,200kms",Diesel,Automatic,₹43.45 Lakh,Hyderabad
1593,Porsche,Porsche Cayenne CoupeV6 BSVI,2022,"53,000kms",Petrol,Automatic,₹1.35 Crore,Hyderabad
1594,Mercedes-Benz,Mercedes-Benz GLS350d 4MATIC,2019,"41,000kms",Diesel,Automatic,₹69.50 Lakh,Hyderabad
1595,Renault,Renault KWID1.0 AMT RXT,2017,"54,946kms",Petrol,Automatic,₹2.79 Lakh,Hyderabad
1596,Kia,Kia SeltosGTX Option,2021,"24,041kms",Petrol,Manual,₹12.96 Lakh,Hyderabad
1597,Maruti,Maruti Wagon RVXI BS IV,2015,"36,091kms",Petrol,Manual,₹2.66 Lakh,Hyderabad
1598,Maruti,Maruti CelerioVXI CNG BSIV,2018,"1,45,737kms",CNG,Manual,₹2.86 Lakh,Hyderabad
1599,Hyundai,Hyundai i10Magna 1.2,2011,"38,612kms",Petrol,Manual,₹2.55 Lakh,Hyderabad
1600,Maruti,Maruti Wagon RLXI CNG,2011,"78,000kms",CNG,Manual,₹2.40 Lakh,Hyderabad
1601,Skoda,Skoda LauraAmbition 2.0 TDI CR MT,2011,"1,38,000kms",Diesel,Manual,₹2.95 Lakh,Hyderabad
1602,Maruti,Maruti SwiftVXI,2014,"67,885kms",Petrol,Manual,₹2.60 Lakh,Hyderabad
1603,Hyundai,Hyundai i10Magna,2011,"79,000kms",Petrol,Manual,₹2.65 Lakh,Hyderabad
1604,Maruti,Maruti SwiftVXI,2014,"67,885kms",Petrol,Manual,₹2.60 Lakh,Hyderabad
1605,Maruti,Maruti CelerioVXI CNG BSIV,2018,"1,45,737kms",CNG,Manual,₹2.86 Lakh,Hyderabad
1606,Hyundai,Hyundai i10Magna,2011,"79,000kms",Petrol,Manual,₹2.65 Lakh,Hyderabad
1607,Maruti,Maruti Wagon RLXI CNG,2011,"78,000kms",CNG,Manual,₹2.40 Lakh,Hyderabad
1608,Skoda,Skoda LauraAmbition 2.0 TDI CR MT,2011,"1,38,000kms",Diesel,Manual,₹2.95 Lakh,Hyderabad
1609,Maruti,Maruti Wagon RLXI Minor,2009,"52,000kms",Petrol,Manual,₹2.10 Lakh,Hyderabad
1610,Mahindra,Mahindra TharLX Hard Top AT,2021,"66,016kms",Petrol,Automatic,₹11.74 Lakh,Hyderabad
1611,Mahindra,Mahindra TharLX 4WD Hard Top Diesel AT BSVI,2021,"93,432kms",Diesel,Automatic,₹12.75 Lakh,Hyderabad
1612,Mahindra,Mahindra TharLX 4WD Hard Top Diesel AT BSVI,2023,"26,797kms",Diesel,Automatic,₹16.95 Lakh,Hyderabad
1613,Mahindra,Mahindra TharLX Hard Top,2024,"37,000kms",Petrol,Manual,₹15.75 Lakh,Hyderabad
1614,Hyundai,Hyundai i201.2 Asta,2017,"88,611kms",Petrol,Manual,₹4.83 Lakh,Hyderabad
1615,Renault,Renault KWID1.0 CLIMBER AMT,2020,"1,16,991kms",Petrol,Automatic,₹3.45 Lakh,Hyderabad
1616,Tata,Tata NexonXM Diesel,2018,"58,076kms",Diesel,Manual,₹5.76 Lakh,Hyderabad
1617,Hyundai,Hyundai Grand i101.2 Kappa Asta,2015,"1,10,159kms",Petrol,Manual,₹4 Lakh,Hyderabad
1618,Honda,Honda BrioVX,2015,"90,434kms",Petrol,Manual,₹3.31 Lakh,Hyderabad
1619,Maruti,Maruti Wagon RVXI 1.2,2018,"53,251kms",Petrol,Manual,₹4.15 Lakh,Hyderabad
1620,Maruti,Maruti Alto 800VXI Plus,2022,"25,922kms",Petrol,Manual,₹3.79 Lakh,Hyderabad
1621,Hyundai,Hyundai Grand i101.2 Kappa Magna BSIV,2019,"53,697kms",Petrol,Manual,₹4.30 Lakh,Hyderabad
1622,Maruti,Maruti Swift DzireVXi AT,2016,"62,000kms",Petrol,Automatic,₹4.95 Lakh,Hyderabad
1623,Maruti,Maruti S CrossDDiS 200 Delta,2016,"96,000kms",Diesel,Manual,₹5.50 Lakh,Hyderabad
1624,Hyundai,Hyundai i201.2 Asta,2017,"88,611kms",Petrol,Manual,₹4.83 Lakh,Hyderabad
1625,Maruti,Maruti Alto 800VXI Plus,2022,"25,922kms",Petrol,Manual,₹3.79 Lakh,Hyderabad
1626,Hyundai,Hyundai Grand i101.2 Kappa Magna BSIV,2019,"53,697kms",Petrol,Manual,₹4.30 Lakh,Hyderabad
1627,Maruti,Maruti S CrossDDiS 200 Delta,2016,"96,000kms",Diesel,Manual,₹5.50 Lakh,Hyderabad
1628,Maruti,Maruti CelerioZXI AT,2016,"18,000kms",Petrol,Automatic,₹4.65 Lakh,Hyderabad
1629,Volkswagen,Volkswagen VentoPetrol Highline,2012,"80,000kms",Petrol,Manual,₹5.60 Lakh,Hyderabad
1630,Maruti,Maruti Swift DzireVXi AT,2016,"62,000kms",Petrol,Automatic,₹4.95 Lakh,Hyderabad
1631,Honda,Honda CityV AT,2011,"73,000kms",Petrol,Automatic,₹3.50 Lakh,Hyderabad
1632,Volkswagen,Volkswagen Polo1.0 TSI Highline Plus AT,2020,"35,505kms",Petrol,Automatic,₹6.79 Lakh,Hyderabad
1633,BMW,BMW 5 Series520d Luxury Line,2015,"46,399kms",Diesel,Automatic,₹22.50 Lakh,Hyderabad
1634,Maruti,Maruti Ciaz1.4 Alpha,2022,"39,598kms",Petrol,Manual,₹8.73 Lakh,Hyderabad
1635,Maruti,Maruti DzireZXI Plus,2017,"58,784kms",Petrol,Manual,₹6.30 Lakh,Hyderabad
1636,Maruti,Maruti DzireZXI Plus,2017,"1,03,211kms",Petrol,Manual,₹6.38 Lakh,Hyderabad
1637,Volkswagen,Volkswagen PoloGT TSI,2017,"75,362kms",Petrol,Automatic,₹6.75 Lakh,Hyderabad
1638,Maruti,Maruti BalenoAlpha,2018,"60,755kms",Petrol,Manual,₹6.90 Lakh,Hyderabad
1639,Hyundai,Hyundai i20Sportz Plus BSIV,2020,"45,824kms",Petrol,Manual,₹7.20 Lakh,Hyderabad
1640,Mahindra,Mahindra ScorpioIntelli Hybrid S6 Plus,2017,"1,69,152kms",Diesel,Manual,₹8.50 Lakh,Hyderabad
1641,Volvo,Volvo XC60D3 Kinetic,2012,"1,49,345kms",Diesel,Automatic,₹6.95 Lakh,Hyderabad
1642,Audi,Audi A62.0 TDI,2011,"93,389kms",Diesel,Automatic,₹8.75 Lakh,Hyderabad
1643,Hyundai,Hyundai i10Magna 1.2,2012,"43,710kms",Petrol,Manual,₹2.83 Lakh,Hyderabad
1644,Mahindra,Mahindra ScorpioIntelli Hybrid S6 Plus,2017,"1,69,152kms",Diesel,Manual,₹8.50 Lakh,Hyderabad
1645,Volvo,Volvo XC60D3 Kinetic,2012,"1,49,345kms",Diesel,Automatic,₹6.95 Lakh,Hyderabad
1646,Volkswagen,Volkswagen PoloGT TSI,2017,"75,362kms",Petrol,Automatic,₹6.75 Lakh,Hyderabad
1647,Audi,Audi A62.0 TDI,2011,"93,389kms",Diesel,Automatic,₹8.75 Lakh,Hyderabad
1648,Hyundai,Hyundai i10Magna 1.2,2012,"43,710kms",Petrol,Manual,₹2.83 Lakh,Hyderabad
1649,Renault,Renault TriberRXT EASY-R AMT BSVI,2021,"48,169kms",Petrol,Automatic,₹4.72 Lakh,Hyderabad
1650,Skoda,Skoda SuperbL&K,2021,"85,768kms",Petrol,Automatic,₹20.99 Lakh,Hyderabad
1651,Mahindra,Mahindra TharLX 4WD Hard Top BSVI,2023,"38,234kms",Petrol,Manual,₹12.97 Lakh,Hyderabad
1652,Honda,Honda CityZX CVT,2020,"50,406kms",Petrol,Automatic,₹10.95 Lakh,Hyderabad
1653,Mahindra,Mahindra TharLX 4WD Hard Top BSVI,2023,"61,293kms",Petrol,Manual,₹12.45 Lakh,Hyderabad
1654,Mahindra,Mahindra TharLX 4WD Hard Top Diesel AT BSVI,2022,"56,000kms",Diesel,Automatic,₹14.50 Lakh,Hyderabad
1655,Mahindra,Mahindra TharLX 4WD Convert Top Diesel BSVI,2022,"50,000kms",Diesel,Manual,₹14.95 Lakh,Hyderabad
1656,Maruti,Maruti CelerioZXI AMT,2021,"79,138kms",Petrol,Automatic,₹4.78 Lakh,Hyderabad
1657,Hyundai,Hyundai i20Sportz 1.2,2018,"57,344kms",Petrol,Manual,₹5.77 Lakh,Hyderabad
1658,BMW,BMW X3xDrive 30i Luxury Line,2020,"47,000kms",Petrol,Automatic,₹40 Lakh,Hyderabad
1659,Skoda,Skoda Slavia1.0 TSI Style,2022,"64,618kms",Petrol,Manual,₹11.43 Lakh,Hyderabad
1660,Honda,Honda JazzV,2016,"1,38,791kms",Petrol,Manual,₹3.81 Lakh,Hyderabad
1661,Hyundai,Hyundai i20Asta 1.2,2016,"1,28,578kms",Petrol,Manual,₹4.52 Lakh,Hyderabad
1662,Hyundai,Hyundai Grand i101.2 Kappa Asta,2014,"80,180kms",Petrol,Manual,₹3.48 Lakh,Hyderabad
1663,Maruti,Maruti Baleno1.2 CVT Delta,2018,"66,971kms",Petrol,Automatic,₹4.42 Lakh,Hyderabad
1664,Skoda,Skoda Slavia1.0 TSI Style,2022,"64,618kms",Petrol,Manual,₹11.43 Lakh,Hyderabad
1665,Maruti,Maruti BalenoZeta AMT,2018,"1,21,009kms",Petrol,Automatic,₹4.91 Lakh,Hyderabad
1666,Volkswagen,Volkswagen Polo1.0 TSI Highline Plus,2020,"1,26,127kms",Petrol,Manual,₹5.80 Lakh,Hyderabad
1667,Hyundai,Hyundai i20Sportz 1.2,2016,"1,00,655kms",Petrol,Manual,₹4.19 Lakh,Hyderabad
1668,Hyundai,Hyundai Grand i101.2 Kappa Asta,2014,"80,180kms",Petrol,Manual,₹3.48 Lakh,Hyderabad
1669,Maruti,Maruti Baleno1.2 CVT Delta,2018,"66,971kms",Petrol,Automatic,₹4.42 Lakh,Hyderabad
1670,Honda,Honda JazzV,2016,"1,38,791kms",Petrol,Manual,₹3.81 Lakh,Hyderabad
1671,Hyundai,Hyundai i20Asta 1.2,2016,"1,28,578kms",Petrol,Manual,₹4.52 Lakh,Hyderabad
1672,Renault,Renault KWIDCLIMBER AMT BSVI,2023,"29,679kms",Petrol,Automatic,₹4.97 Lakh,Hyderabad
1673,Renault,Renault KWIDCLIMBER AMT BSVI,2022,"31,621kms",Petrol,Automatic,₹4.92 Lakh,Hyderabad
1674,Tata,Tata Nexon1.2 Revotron XM,2018,"77,098kms",Petrol,Manual,₹4.65 Lakh,Hyderabad
1675,Hyundai,Hyundai Grand i10 NiosAsta,2019,"1,05,170kms",Petrol,Manual,₹4.03 Lakh,Hyderabad
1676,Volkswagen,Volkswagen Polo1.2 MPI Highline,2013,"84,419kms",Petrol,Manual,₹3.50 Lakh,Hyderabad
1677,Volkswagen,Volkswagen PoloGT TDI,2014,"88,000kms",Diesel,Manual,₹3.75 Lakh,Hyderabad
1678,Volkswagen,Volkswagen Polo1.0 MPI Highline,2019,"94,736kms",Petrol,Manual,₹5.90 Lakh,Hyderabad
1679,Volkswagen,Volkswagen PoloExquisite 1.2 MPI Highline,2015,"72,000kms",Petrol,Manual,₹5.45 Lakh,Hyderabad
1680,Volkswagen,Volkswagen Polo1.2 MPI Highline,2016,"83,000kms",Petrol,Manual,₹4.80 Lakh,Hyderabad
1681,Hyundai,Hyundai i20Magna,2013,"45,000kms",Petrol,Manual,₹3.80 Lakh,Hyderabad
1682,Maruti,Maruti Swift DzireVXi AT,2014,"37,315kms",Petrol,Automatic,₹4.90 Lakh,Hyderabad
1683,Volkswagen,Volkswagen Polo1.2 MPI Highline,2013,"90,000kms",Petrol,Manual,₹3.50 Lakh,Hyderabad
1684,Hyundai,Hyundai i20Magna,2013,"45,000kms",Petrol,Manual,₹3.80 Lakh,Hyderabad
1685,Volkswagen,Volkswagen Polo1.2 MPI Highline,2013,"84,419kms",Petrol,Manual,₹3.50 Lakh,Hyderabad
1686,Volkswagen,Volkswagen PoloGT TDI,2014,"88,000kms",Diesel,Manual,₹3.75 Lakh,Hyderabad
1687,Maruti,Maruti Swift DzireVXi AT,2014,"37,315kms",Petrol,Automatic,₹4.90 Lakh,Hyderabad
1688,Volkswagen,Volkswagen Polo1.2 MPI Highline,2013,"90,000kms",Petrol,Manual,₹3.50 Lakh,Hyderabad
1689,Maruti,Maruti Swift1.2 VXI BSIV,2011,"72,125kms",Petrol,Manual,₹2.88 Lakh,Hyderabad
1690,Volkswagen,Volkswagen Polo1.2 MPI Comfortline,2013,"1,03,000kms",Petrol,Manual,₹2.99 Lakh,Hyderabad
1691,Maruti,Maruti XL6Zeta,2022,"53,585kms",Petrol,Manual,₹9.49 Lakh,Hyderabad
1692,Maruti,Maruti S CrossZeta,2018,"70,419kms",Petrol,Manual,₹7.42 Lakh,Hyderabad
1693,Volkswagen,Volkswagen PoloGT TSI,2019,"34,000kms",Petrol,Automatic,₹8.50 Lakh,Hyderabad
1694,Audi,Audi Q32.0 TDI,2013,"1,03,000kms",Diesel,Automatic,₹8.85 Lakh,Hyderabad
1695,Volkswagen,Volkswagen Polo1.0 TSI Highline Plus AT,2021,"37,000kms",Petrol,Automatic,₹8 Lakh,Hyderabad
1696,Volkswagen,Volkswagen PoloGT TSI,2017,"57,099kms",Petrol,Automatic,₹6.75 Lakh,Hyderabad
1697,Volkswagen,Volkswagen PoloGT TSI,2018,"41,670kms",Petrol,Automatic,₹6.85 Lakh,Hyderabad
1698,Volkswagen,Volkswagen PoloGT TSI,2019,"85,979kms",Petrol,Automatic,₹7.85 Lakh,Hyderabad
1699,Land Rover,Land Rover Range Rover Evoque2.2L Dynamic,2012,"91,000kms",Diesel,Automatic,₹19.90 Lakh,Hyderabad
1700,Volkswagen,Volkswagen PoloGT TDI,2013,"90,000kms",Diesel,Manual,₹4 Lakh,Hyderabad
1701,Volkswagen,Volkswagen PoloPetrol Comfortline 1.2L,2018,"1,03,231kms",Petrol,Manual,₹4.39 Lakh,Hyderabad
1702,BMW,BMW 5 Series530d M Sport,2019,"58,000kms",Diesel,Automatic,₹36.95 Lakh,Hyderabad
1703,BMW,BMW X5xDrive 30d Design Pure Experience 5 Seater,2017,"73,000kms",Diesel,Automatic,₹38 Lakh,Hyderabad
1704,Volkswagen,Volkswagen PoloGT TSI,2019,"85,979kms",Petrol,Automatic,₹7.85 Lakh,Hyderabad
1705,Volkswagen,Volkswagen PoloGT TDI,2013,"90,000kms",Diesel,Manual,₹4 Lakh,Hyderabad
1706,Volkswagen,Volkswagen PoloPetrol Comfortline 1.2L,2018,"1,03,231kms",Petrol,Manual,₹4.39 Lakh,Hyderabad
1707,BMW,BMW 5 Series530d M Sport,2019,"58,000kms",Diesel,Automatic,₹36.95 Lakh,Hyderabad
1708,BMW,BMW X5xDrive 30d Design Pure Experience 5 Seater,2017,"73,000kms",Diesel,Automatic,₹38 Lakh,Hyderabad
1709,BMW,2020BMW 6 SeriesGT 630d M Sport  -2021,2018,"39,900kms",Diesel,Automatic,₹50 Lakh,Hyderabad
1710,Mercedes-Benz,Mercedes-Benz GLS400d 4MATIC BSVI,2023,"24,000kms",Diesel,Automatic,₹1.19 Crore,Hyderabad
1711,,Force Gurkha2.6 Diesel,2025,"29,673kms",Diesel,Manual,₹15.50 Lakh,Hyderabad
1712,Hyundai,Hyundai Grand i10 NiosSportz,2022,"35,137kms",Petrol,Manual,₹5.61 Lakh,Hyderabad
1713,Maruti,Maruti 800Std,1999,"97,214kms",Petrol,Manual,₹2.10 Lakh,Hyderabad
1714,Maruti,Maruti CelerioVXI AMT,2016,"1,05,686kms",Petrol,Automatic,₹2.99 Lakh,Hyderabad
1715,Tata,Tata Nexon1.2 Revotron XMA,2019,"1,10,000kms",Petrol,Automatic,₹4.99 Lakh,Hyderabad
1716,Maruti,Maruti S-PressoVXI CNG,2022,"35,294kms",CNG,Manual,₹4.60 Lakh,Hyderabad
1717,Volkswagen,Volkswagen PoloPetrol Comfortline 1.2L,2017,"29,961kms",Petrol,Manual,₹5.21 Lakh,Hyderabad
1718,Hyundai,Hyundai Grand i10CRDi Sportz,2013,"85,000kms",Diesel,Manual,₹3.25 Lakh,Hyderabad
1719,Volkswagen,Volkswagen Polo1.2 MPI Highline,2016,"68,639kms",Petrol,Manual,₹4.95 Lakh,Hyderabad
1720,Volkswagen,Volkswagen PoloPetrol Comfortline 1.2L,2010,"87,000kms",Petrol,Manual,₹3.10 Lakh,Hyderabad
1721,Volkswagen,Volkswagen VentoPetrol Highline AT,2013,"81,000kms",Petrol,Automatic,₹4.25 Lakh,Hyderabad
1722,Mercedes-Benz,Mercedes-Benz AMG GLE 53Coupe BSVI,2022,"31,200kms",Petrol,Automatic,₹1.30 Crore,Hyderabad
1723,BMW,BMW 5 Series530d M Sport,2018,"78,500kms",Diesel,Automatic,₹33.95 Lakh,Hyderabad
1724,Volkswagen,Volkswagen Polo1.2 MPI Highline,2016,"68,639kms",Petrol,Manual,₹4.95 Lakh,Hyderabad
1725,Volkswagen,Volkswagen PoloPetrol Comfortline 1.2L,2010,"87,000kms",Petrol,Manual,₹3.10 Lakh,Hyderabad
1726,Volkswagen,Volkswagen VentoPetrol Highline AT,2013,"81,000kms",Petrol,Automatic,₹4.25 Lakh,Hyderabad
1727,Mercedes-Benz,Mercedes-Benz AMG GLE 53Coupe BSVI,2022,"31,200kms",Petrol,Automatic,₹1.30 Crore,Hyderabad
1728,BMW,BMW 5 Series530d M Sport,2018,"78,500kms",Diesel,Automatic,₹33.95 Lakh,Hyderabad
1729,Tata,Tata HarrierXT Plus BSVI,2022,"40,405kms",Diesel,Manual,₹14.49 Lakh,Hyderabad
1730,Mahindra,Mahindra TharLX Convert Top Diesel,2024,"44,224kms",Diesel,Manual,₹13.95 Lakh,Hyderabad
1731,Renault,Renault KigerRXZ Turbo CVT DT,2022,"28,761kms",Petrol,Automatic,₹8.08 Lakh,Hyderabad
1732,Maruti,Maruti XL6Alpha,2022,"68,469kms",Petrol,Manual,₹9.95 Lakh,Hyderabad
1733,Audi,Audi A42.0 TDI,2013,"78,956kms",Diesel,Automatic,₹8.75 Lakh,Hyderabad
1734,BMW,BMW X7xDrive30d DPE Signature,2020,"1,09,553kms",Diesel,Automatic,₹95 Lakh,Hyderabad
1735,Hyundai,Hyundai i20Sportz 1.4 CRDi,2015,"1,37,739kms",Diesel,Manual,₹4.53 Lakh,Hyderabad
1736,BMW,BMW X3xDrive20d,2013,"1,29,848kms",Diesel,Automatic,₹14.75 Lakh,Hyderabad
1737,Mercedes-Benz,Mercedes-Benz C-ClassC 220 CDI Avantgarde,2015,"85,000kms",Diesel,Automatic,₹14.50 Lakh,Hyderabad
1738,Hyundai,Hyundai Grand i101.2 Kappa Sportz BSIV,2016,"85,979kms",Petrol,Manual,₹3.77 Lakh,Hyderabad
1739,Renault,Renault KWIDClimber 1.0 AMT,2017,"1,01,118kms",Petrol,Automatic,₹2.52 Lakh,Hyderabad
1740,Tata,Tata ZestQuadrajet 1.3 XT,2015,"82,783kms",Diesel,Manual,₹3.62 Lakh,Hyderabad
1741,Mahindra,Mahindra BoleroZLX,2018,"1,31,076kms",Diesel,Manual,₹5.50 Lakh,Hyderabad
1742,Honda,Honda BrioV MT,2013,"63,987kms",Petrol,Manual,₹3.50 Lakh,Hyderabad
1743,Honda,Honda Jazz1.2 V i VTEC,2017,"60,832kms",Petrol,Manual,₹5.50 Lakh,Hyderabad
1744,Tata,Tata ZestQuadrajet 1.3 XT,2015,"82,783kms",Diesel,Manual,₹3.62 Lakh,Hyderabad
1745,Renault,Renault KWIDClimber 1.0 AMT,2017,"1,01,118kms",Petrol,Automatic,₹2.52 Lakh,Hyderabad
1746,Honda,Honda Jazz1.2 V i VTEC,2017,"60,832kms",Petrol,Manual,₹5.50 Lakh,Hyderabad
1747,Maruti,Maruti Swift Dzire TourLDI,2017,"79,832kms",Diesel,Manual,₹5.35 Lakh,Hyderabad
1748,Honda,Honda BrioV MT,2013,"63,987kms",Petrol,Manual,₹3.50 Lakh,Hyderabad
1749,Mahindra,Mahindra BoleroZLX,2018,"1,31,076kms",Diesel,Manual,₹5.50 Lakh,Hyderabad
1750,BMW,BMW 3 Series Long Wheelbase320Ld Luxury Line,2023,"20,000kms",Diesel,Automatic,₹54 Lakh,Hyderabad
1751,Mahindra,Mahindra TharCRDe,2018,"1,03,000kms",Diesel,Manual,₹7.85 Lakh,Hyderabad
1752,Maruti,Maruti Alto 800LXi,2020,"86,606kms",Petrol,Manual,₹2.86 Lakh,Hyderabad
1753,Mahindra,Mahindra ScorpioVLX 2WD AIRBAG BSIV,2012,"1,13,000kms",Diesel,Manual,₹4.50 Lakh,Hyderabad
1754,Datsun,Datsun RediGOAMT 1.0 S,2019,"73,399kms",Petrol,Automatic,₹2.28 Lakh,Hyderabad
1755,Renault,Renault KWIDClimber 1.0 AMT,2017,"33,884kms",Petrol,Automatic,₹2.65 Lakh,Hyderabad
1756,Mercedes-Benz,Mercedes-Benz GLA Class200 CDI,2014,"60,000kms",Diesel,Automatic,₹11.50 Lakh,Hyderabad
1757,Renault,Renault Lodgy85PS RxL,2015,"88,555kms",Diesel,Manual,₹3.29 Lakh,Hyderabad
1758,Honda,Honda Jazz1.2 SV i VTEC,2016,"1,13,503kms",Petrol,Manual,₹4.32 Lakh,Hyderabad
1759,Maruti,Maruti S-PressoVXi Plus Opt AT,2023,"36,469kms",Petrol,Automatic,₹4.40 Lakh,Hyderabad
1760,Volkswagen,Volkswagen Vento1.5 TDI Comfortline AT,2014,"90,000kms",Diesel,Automatic,₹4.45 Lakh,Hyderabad
1761,Maruti,Maruti ErtigaCNG VXI,2021,"80,434kms",CNG,Manual,₹8.98 Lakh,Hyderabad
1762,BMW,BMW X5xDrive 30d,2011,"1,55,000kms",Diesel,Automatic,₹12.99 Lakh,Hyderabad
1763,Ford,Ford Ecosport1.5 Diesel Titanium BSIV,2020,"76,631kms",Diesel,Manual,₹7.46 Lakh,Hyderabad
1764,Maruti,Maruti S-PressoVXi Plus Opt AT,2023,"36,469kms",Petrol,Automatic,₹4.40 Lakh,Hyderabad
1765,Volkswagen,Volkswagen Vento1.5 TDI Comfortline AT,2014,"90,000kms",Diesel,Automatic,₹4.45 Lakh,Hyderabad
1766,Maruti,Maruti ErtigaCNG VXI,2021,"80,434kms",CNG,Manual,₹8.98 Lakh,Hyderabad
1767,BMW,BMW X5xDrive 30d,2011,"1,55,000kms",Diesel,Automatic,₹12.99 Lakh,Hyderabad
1768,Ford,Ford Ecosport1.5 Diesel Titanium BSIV,2020,"76,631kms",Diesel,Manual,₹7.46 Lakh,Hyderabad
1769,BMW,BMW 5 Series520d Luxury Line,2015,"73,000kms",Diesel,Automatic,₹15.99 Lakh,Hyderabad
1770,BMW,BMW X1sDrive 20d xLine,2016,"1,01,600kms",Diesel,Automatic,₹15.95 Lakh,Hyderabad
1771,BMW,BMW X1sDrive 20d xLine,2017,"67,000kms",Diesel,Automatic,₹17.50 Lakh,Hyderabad
1772,Maruti,Maruti Wagon RVXI 1.2,2018,"68,382kms",Petrol,Manual,₹4.13 Lakh,Hyderabad
1773,Hyundai,Hyundai i201.2 Asta,2012,"75,000kms",Petrol,Manual,₹3.40 Lakh,Hyderabad
1774,Renault,Renault KWIDRXT,2016,"1,47,009kms",Petrol,Manual,₹2.16 Lakh,Hyderabad
1775,BMW,BMW X1sDrive20d Expedition,2016,"60,400kms",Diesel,Automatic,₹13.90 Lakh,Hyderabad
1776,Renault,Renault KWID1.0 RXT AMT Opt,2018,"61,382kms",Petrol,Automatic,₹3.02 Lakh,Hyderabad
1777,Honda,Honda AmazeS i-Vtech,2015,"93,955kms",Petrol,Manual,₹3.03 Lakh,Hyderabad
1778,BMW,BMW X1sDrive20d Expedition,2018,"1,08,000kms",Diesel,Automatic,₹15.90 Lakh,Hyderabad
1779,Hyundai,Hyundai Creta1.6 VTVT SX Plus,2018,"50,473kms",Petrol,Manual,₹9.49 Lakh,Hyderabad
1780,Maruti,Maruti CelerioVXI AT,2016,"71,000kms",Petrol,Automatic,₹3.85 Lakh,Hyderabad
1781,Kia,Kia SeltosHTX Diesel,2022,"52,000kms",Diesel,Manual,₹15.99 Lakh,Hyderabad
1782,Renault,Renault KWIDRXL,2018,"80,000kms",Petrol,Manual,₹3.10 Lakh,Hyderabad
1783,Hyundai,Hyundai i20Asta Opt Diesel,2022,"96,000kms",Diesel,Manual,₹8.90 Lakh,Hyderabad
1784,Hyundai,Hyundai Creta1.6 VTVT SX Plus,2018,"50,473kms",Petrol,Manual,₹9.49 Lakh,Hyderabad
1785,Maruti,Maruti CelerioVXI AT,2016,"71,000kms",Petrol,Automatic,₹3.85 Lakh,Hyderabad
1786,Kia,Kia SeltosHTX Diesel,2022,"52,000kms",Diesel,Manual,₹15.99 Lakh,Hyderabad
1787,Renault,Renault KWIDRXL,2018,"80,000kms",Petrol,Manual,₹3.10 Lakh,Hyderabad
1788,Hyundai,Hyundai i20Asta Opt Diesel,2022,"96,000kms",Diesel,Manual,₹8.90 Lakh,Hyderabad
1789,Maruti,Maruti SwiftVXI,2016,"59,872kms",Petrol,Manual,₹3.49 Lakh,Hyderabad
1790,Toyota,Toyota Innova Crysta2.4 ZX 7 STR,2021,"1,52,689kms",Diesel,Manual,₹22 Lakh,Hyderabad
1791,Maruti,Maruti Alto 800VXI,2022,"23,775kms",Petrol,Manual,₹3.56 Lakh,Hyderabad
1792,Volvo,Volvo S60D3,2012,"90,000kms",Diesel,Automatic,₹4.85 Lakh,Hyderabad
1793,Maruti,Maruti Alto 800LXi,2020,"31,133kms",Petrol,Manual,₹3.18 Lakh,Hyderabad
1794,Maruti,Maruti Vitara BrezzaZDi Plus AMT,2019,"62,836kms",Diesel,Automatic,₹7.78 Lakh,Hyderabad
1795,Honda,Honda JazzS,2016,"50,035kms",Petrol,Manual,₹4.21 Lakh,Hyderabad
1796,BMW,BMW 5 Series530d Highline Sedan,2011,"54,323kms",Diesel,Automatic,₹13 Lakh,Hyderabad
1797,Hyundai,Hyundai i20Asta Option BSIV,2019,"81,000kms",Petrol,Manual,₹6.70 Lakh,Hyderabad
1798,Honda,Honda Amaze 2nd GenVX BSVI,2022,"41,770kms",Petrol,Manual,₹7.80 Lakh,Hyderabad
1799,Mercedes-Benz,Mercedes-Benz GLS350d 4MATIC,2019,"62,000kms",Diesel,Automatic,₹59.75 Lakh,Hyderabad
1800,Volkswagen,Volkswagen Tiguan2.0 TSI Elegance BSVI,2021,"36,000kms",Petrol,Automatic,₹26.50 Lakh,Hyderabad
1801,BMW,BMW 3 Series320d Prestige,2013,"85,000kms",Diesel,Automatic,₹10.50 Lakh,Hyderabad
1802,Maruti,Maruti SwiftVXI,2012,"62,747kms",Petrol,Manual,₹3.38 Lakh,Hyderabad
1803,Hyundai,Hyundai Grand i101.2 Kappa Sportz BSIV,2019,"1,18,915kms",Petrol,Manual,₹3.95 Lakh,Hyderabad
1804,Mercedes-Benz,Mercedes-Benz GLS350d 4MATIC,2019,"62,000kms",Diesel,Automatic,₹59.75 Lakh,Hyderabad
1805,Volkswagen,Volkswagen Tiguan2.0 TSI Elegance BSVI,2021,"36,000kms",Petrol,Automatic,₹26.50 Lakh,Hyderabad
1806,BMW,BMW 3 Series320d Prestige,2013,"85,000kms",Diesel,Automatic,₹10.50 Lakh,Hyderabad
1807,Maruti,Maruti SwiftVXI,2012,"62,747kms",Petrol,Manual,₹3.38 Lakh,Hyderabad
1808,Hyundai,Hyundai Grand i101.2 Kappa Sportz BSIV,2019,"1,18,915kms",Petrol,Manual,₹3.95 Lakh,Hyderabad
1809,Maruti,Maruti Wagon RVXI 1.2,2017,"1,18,770kms",Petrol,Manual,₹3.23 Lakh,Hyderabad
1810,Renault,Renault KWID1.0 RXT Opt,2019,"58,782kms",Petrol,Manual,₹3.04 Lakh,Hyderabad
1811,Maruti,Maruti Alto 800VXI Plus,2020,"57,649kms",Petrol,Manual,₹3.27 Lakh,Hyderabad
1812,Maruti,Maruti BalenoDelta,2020,"53,000kms",Petrol,Manual,₹5.50 Lakh,Hyderabad
1813,Hyundai,Hyundai i10Sportz 1.1L,2016,"70,000kms",Petrol,Manual,₹3.85 Lakh,Hyderabad
1814,Mercedes-Benz,Mercedes-Benz C-Class220 CDI AT,2010,"89,449kms",Diesel,Automatic,₹7.50 Lakh,Hyderabad
1815,Kia,Kia SeltosX-Line DCT,2022,"71,323kms",Petrol,Automatic,₹15.45 Lakh,Hyderabad
1816,Hyundai,Hyundai Creta1.6 SX,2019,"91,470kms",Petrol,Manual,₹10.34 Lakh,Hyderabad
1817,Maruti,Maruti Grand VitaraAlpha Plus Hybrid CVT DT BSVI,2022,"19,000kms",Petrol,Automatic,₹17.99 Lakh,Hyderabad
1818,Maruti,Maruti CelerioZXI MT BSIV,2019,"56,074kms",Petrol,Manual,₹4.60 Lakh,Hyderabad
1819,Kia,Kia SeltosHTX Diesel,2022,"71,355kms",Diesel,Manual,₹10.75 Lakh,Hyderabad
1820,MG,MG Hector PlusSharp Diesel MT,2021,"66,000kms",Diesel,Manual,₹12.50 Lakh,Hyderabad
1821,Hyundai,Hyundai i20Asta Option CVT BSIV,2019,"63,630kms",Petrol,Automatic,₹7.20 Lakh,Hyderabad
1822,BYD,BYD SealPremium Range,2024,"28,000kms",Electric,Automatic,₹36 Lakh,Hyderabad
1823,Maruti,Maruti SwiftVXI,2016,"81,713kms",Petrol,Manual,₹4.04 Lakh,Hyderabad
1824,Kia,Kia SeltosHTX Diesel,2022,"71,355kms",Diesel,Manual,₹10.75 Lakh,Hyderabad
1825,MG,MG Hector PlusSharp Diesel MT,2021,"66,000kms",Diesel,Manual,₹12.50 Lakh,Hyderabad
1826,Hyundai,Hyundai i20Asta Option CVT BSIV,2019,"63,630kms",Petrol,Automatic,₹7.20 Lakh,Hyderabad
1827,BYD,BYD SealPremium Range,2024,"28,000kms",Electric,Automatic,₹36 Lakh,Hyderabad
1828,Maruti,Maruti SwiftVXI,2016,"81,713kms",Petrol,Manual,₹4.04 Lakh,Hyderabad
1829,Maruti,Maruti SwiftVXI,2016,"82,548kms",Petrol,Manual,₹4.07 Lakh,Hyderabad
1830,Hyundai,Hyundai i20Magna 1.4 CRDi,2012,"93,878kms",Diesel,Manual,₹3.31 Lakh,Hyderabad
1831,Maruti,Maruti SwiftZXI,2012,"57,817kms",Petrol,Manual,₹3.57 Lakh,Hyderabad
1832,Maruti,Maruti SwiftVXI,2012,"51,162kms",Petrol,Manual,₹3.54 Lakh,Hyderabad
1833,Maruti,Maruti SwiftLDI BSIV,2016,"70,000kms",Diesel,Manual,₹3.20 Lakh,Hyderabad
1834,Maruti,Maruti CiazVXi,2016,"69,000kms",Petrol,Manual,₹4.85 Lakh,Hyderabad
1835,Maruti,Maruti Alto K10VXI,2015,"72,000kms",Petrol,Manual,₹2.20 Lakh,Hyderabad
1836,Hyundai,Hyundai i10Magna 1.2,2010,"70,134kms",Petrol,Manual,₹2.14 Lakh,Hyderabad
1837,Kia,Kia SeltosGTX Plus,2021,"1,22,142kms",Petrol,Manual,₹12.33 Lakh,Hyderabad
1838,Kia,Kia SeltosGTX Plus Diesel AT,2022,"44,000kms",Diesel,Automatic,₹18 Lakh,Hyderabad
1839,Nissan,Nissan Micra ActiveXV,2015,"64,801kms",Petrol,Manual,₹2.83 Lakh,Hyderabad
1840,Datsun,Datsun RediGOT Option,2018,"1,25,063kms",Petrol,Manual,₹2.75 Lakh,Hyderabad
1841,Hyundai,Hyundai VenueSX Opt Turbo,2022,"31,406kms",Petrol,Manual,₹8 Lakh,Hyderabad
1842,Hyundai,Hyundai Creta1.6 SX Diesel,2016,"1,09,192kms",Diesel,Manual,₹7.43 Lakh,Hyderabad
1843,Skoda,Skoda Kushaq1.5 TSI Ambition,2021,"1,11,707kms",Petrol,Manual,₹9.79 Lakh,Hyderabad
1844,Nissan,Nissan Micra ActiveXV,2015,"64,801kms",Petrol,Manual,₹2.83 Lakh,Hyderabad
1845,Datsun,Datsun RediGOT Option,2018,"1,25,063kms",Petrol,Manual,₹2.75 Lakh,Hyderabad
1846,Hyundai,Hyundai VenueSX Opt Turbo,2022,"31,406kms",Petrol,Manual,₹8 Lakh,Hyderabad
1847,Hyundai,Hyundai Creta1.6 SX Diesel,2016,"1,09,192kms",Diesel,Manual,₹7.43 Lakh,Hyderabad
1848,Skoda,Skoda Kushaq1.5 TSI Ambition,2021,"1,11,707kms",Petrol,Manual,₹9.79 Lakh,Hyderabad
1849,Hyundai,Hyundai Creta1.6 SX,2018,"1,06,022kms",Petrol,Manual,₹8.02 Lakh,Hyderabad
1850,Hyundai,Hyundai VenueS BSIV,2019,"60,196kms",Petrol,Manual,₹7 Lakh,Hyderabad
1851,Honda,Honda Cityi-VTEC V,2018,"49,100kms",Petrol,Manual,₹6.99 Lakh,Hyderabad
1852,Honda,Honda AmazeVX i-VTEC,2013,"93,579kms",Petrol,Manual,₹3.92 Lakh,Hyderabad
1853,Maruti,Maruti RitzVDi,2014,"1,21,563kms",Diesel,Manual,₹3.75 Lakh,Hyderabad
1854,Honda,Honda CitySV MT,2015,"1,23,641kms",Petrol,Manual,₹5.65 Lakh,Hyderabad
1855,Hyundai,Hyundai Grand i101.2 Kappa Sportz BSIV,2018,"44,268kms",Petrol,Manual,₹5 Lakh,Hyderabad
1856,Maruti,Maruti Swift DzireVXI 1.2,2020,"61,000kms",Petrol,Manual,₹5.50 Lakh,Hyderabad
1857,Hyundai,Hyundai Creta1.6 SX Automatic,2016,"1,00,664kms",Petrol,Automatic,₹7 Lakh,Hyderabad
1858,Kia,Kia SeltosHTX Diesel,2020,"40,669kms",Diesel,Manual,₹11.30 Lakh,Hyderabad
1859,Hyundai,Hyundai Elite i20  Diesel Asta Option,2018,"79,000kms",Diesel,Manual,₹6.20 Lakh,Hyderabad
1860,Maruti,Maruti Alto 800VXI,2017,"96,121kms",Petrol,Manual,₹2.55 Lakh,Hyderabad
1861,Hyundai,Hyundai i20Sportz Petrol,2011,"97,176kms",Petrol,Manual,₹2.29 Lakh,Hyderabad
1862,Maruti,Maruti Alto 800LXi,2016,"89,903kms",Petrol,Manual,₹2.17 Lakh,Hyderabad
1863,Ford,Ford FigoDiesel EXI,2013,"1,34,712kms",Diesel,Manual,₹2.38 Lakh,Hyderabad
1864,Hyundai,Hyundai Elite i20  Diesel Asta Option,2018,"79,000kms",Diesel,Manual,₹6.20 Lakh,Hyderabad
1865,Maruti,Maruti Alto 800VXI,2015,"94,760kms",Petrol,Manual,₹2.35 Lakh,Hyderabad
1866,Maruti,Maruti Alto 800VXI,2017,"96,121kms",Petrol,Manual,₹2.55 Lakh,Hyderabad
1867,Hyundai,Hyundai i20Sportz Petrol,2011,"97,176kms",Petrol,Manual,₹2.29 Lakh,Hyderabad
1868,Maruti,Maruti Alto 800LXi,2016,"89,903kms",Petrol,Manual,₹2.17 Lakh,Hyderabad
1869,Ford,Ford FigoDiesel EXI,2013,"1,34,712kms",Diesel,Manual,₹2.38 Lakh,Hyderabad
1870,Hyundai,Hyundai i20Magna 1.4 CRDi,2011,"1,02,510kms",Diesel,Manual,₹3 Lakh,Hyderabad
1871,MG,MG Hector1.5 Turbo Savvy Pro CVT BSVI,2023,"47,587kms",Petrol,Automatic,₹18.02 Lakh,Hyderabad
1872,Kia,Kia SeltosGTX Plus Diesel AT,2022,"1,10,000kms",Diesel,Automatic,₹17.50 Lakh,Hyderabad
1873,Honda,Honda City HybridZX Sensing eHEV,2024,"28,607kms",Petrol,Automatic,₹20.90 Lakh,Hyderabad
1874,Skoda,Skoda Kushaq1.5 TSI Ambition,2023,"24,968kms",Petrol,Manual,₹11.19 Lakh,Hyderabad
1875,Kia,Kia SeltosGTX Plus Diesel AT,2021,"58,000kms",Diesel,Automatic,₹13.50 Lakh,Hyderabad
1876,Honda,Honda WR-Vi-VTEC VX,2019,"46,483kms",Petrol,Manual,₹6.51 Lakh,Hyderabad
1877,Maruti,Maruti SwiftZXI Plus AMT,2021,"95,666kms",Petrol,Automatic,₹6.29 Lakh,Hyderabad
1878,Hyundai,Hyundai Creta1.4 S,2019,"63,869kms",Diesel,Manual,₹9.16 Lakh,Hyderabad
1879,Honda,Honda AmazeVX Petrol,2022,"41,771kms",Petrol,Manual,₹7.80 Lakh,Hyderabad
1880,Ford,Ford FigoTitanium Diesel,2012,"1,03,454kms",Diesel,Manual,₹2.22 Lakh,Hyderabad
1881,Hyundai,Hyundai i20Sportz Petrol,2012,"54,715kms",Petrol,Manual,₹2.76 Lakh,Hyderabad
1882,Hyundai,Hyundai i201.2 Magna,2010,"50,306kms",Petrol,Manual,₹2.25 Lakh,Hyderabad
1883,Maruti,Maruti Alto K10VXI,2018,"1,23,429kms",Petrol,Manual,₹2.58 Lakh,Hyderabad
1884,Honda,Honda AmazeVX Petrol,2022,"41,771kms",Petrol,Manual,₹7.80 Lakh,Hyderabad
1885,Ford,Ford FigoTitanium Diesel,2012,"1,03,454kms",Diesel,Manual,₹2.22 Lakh,Hyderabad
1886,Hyundai,Hyundai i20Sportz Petrol,2012,"54,715kms",Petrol,Manual,₹2.76 Lakh,Hyderabad
1887,Maruti,Maruti Alto K10VXI,2018,"1,23,429kms",Petrol,Manual,₹2.58 Lakh,Hyderabad
1888,Hyundai,Hyundai i201.2 Magna,2010,"50,306kms",Petrol,Manual,₹2.25 Lakh,Hyderabad
1889,Hyundai,Hyundai EONMagna,2018,"30,533kms",Petrol,Manual,₹3.09 Lakh,Hyderabad
1890,Maruti,Maruti Alto 800VXI,2021,"29,192kms",Petrol,Manual,₹3.47 Lakh,Hyderabad
1891,Maruti,Maruti Alto 800VXI,2022,"44,509kms",Petrol,Manual,₹3.31 Lakh,Hyderabad
1892,Hyundai,Hyundai Xcent1.2 CRDi E,2017,"76,000kms",Diesel,Manual,₹3.99 Lakh,Hyderabad
1893,Toyota,Toyota Etios1.4 VXD,2018,"1,20,000kms",Diesel,Manual,₹5.50 Lakh,Hyderabad
1894,Honda,Honda Cityi DTec V,2016,"91,000kms",Diesel,Manual,₹5.50 Lakh,Hyderabad
1895,Kia,Kia SeltosGTX Plus Diesel AT,2022,"47,380kms",Diesel,Automatic,₹15.41 Lakh,Hyderabad
1896,Hyundai,Hyundai Creta1.6 SX,2020,"75,446kms",Petrol,Manual,₹11.17 Lakh,Hyderabad
1897,Maruti,Maruti RitzVXi,2014,"1,09,784kms",Petrol,Manual,₹2.43 Lakh,Hyderabad
1898,Hyundai,Hyundai i10Sportz 1.1L,2014,"91,204kms",Petrol,Manual,₹2.93 Lakh,Hyderabad
1899,Ford,Ford FigoTitanium Blu Diesel,2012,"93,114kms",Diesel,Manual,₹2.45 Lakh,Hyderabad
1900,Hyundai,Hyundai i10Sportz,2012,"70,000kms",Petrol,Manual,₹2.20 Lakh,Hyderabad
1901,Ford,Ford EndeavourTitanium Plus 4X4,2019,"1,06,000kms",Diesel,Automatic,₹24.90 Lakh,Hyderabad
1902,Renault,Renault KWID1.0 RXT Opt,2018,"53,446kms",Petrol,Manual,₹2.90 Lakh,Hyderabad
1903,Ford,Ford Ecosport1.5 TDCi Titanium BSIV,2016,"1,48,786kms",Diesel,Manual,₹4.65 Lakh,Hyderabad
1904,Hyundai,Hyundai i10Sportz 1.1L,2014,"91,204kms",Petrol,Manual,₹2.93 Lakh,Hyderabad
1905,Hyundai,Hyundai i10Sportz,2012,"70,000kms",Petrol,Manual,₹2.20 Lakh,Hyderabad
1906,Ford,Ford EndeavourTitanium Plus 4X4,2019,"1,06,000kms",Diesel,Automatic,₹24.90 Lakh,Hyderabad
1907,Renault,Renault KWID1.0 RXT Opt,2018,"53,446kms",Petrol,Manual,₹2.90 Lakh,Hyderabad
1908,Ford,Ford Ecosport1.5 TDCi Titanium BSIV,2016,"1,48,786kms",Diesel,Manual,₹4.65 Lakh,Hyderabad
1909,Skoda,Skoda Kushaq1.0 TSI Style,2021,"78,718kms",Petrol,Manual,₹10.04 Lakh,Hyderabad
1910,Lexus,Lexus ES300h,2019,"40,000kms",Petrol,Automatic,₹39.99 Lakh,Hyderabad
1911,Kia,Kia SeltosHTK Plus D,2020,"46,000kms",Diesel,Manual,₹11.50 Lakh,Hyderabad
1912,Toyota,Toyota Innova Crysta2.4 ZX 7 STR AT,2020,"1,12,734kms",Diesel,Automatic,₹24.50 Lakh,Hyderabad
1913,Volkswagen,Volkswagen Tiguan Allspace4Motion,2020,"14,500kms",Petrol,Automatic,₹25 Lakh,Hyderabad
1914,Jeep,Jeep Compass2.0 Sport,2023,"47,098kms",Diesel,Manual,₹30 Lakh,Hyderabad
1915,Honda,Honda ElevateZX CVT,2024,"40,987kms",Petrol,Automatic,₹17.50 Lakh,Hyderabad
1916,Maruti,Maruti CiazZeta AT,2018,"95,989kms",Petrol,Automatic,₹6.27 Lakh,Hyderabad
1917,Maruti,Maruti Vitara BrezzaZDi,2018,"1,24,897kms",Diesel,Manual,₹6.54 Lakh,Hyderabad
1918,Maruti,Maruti Vitara BrezzaZXI Plus AT Dual Tone,2022,"51,633kms",Petrol,Automatic,₹9.49 Lakh,Hyderabad
1919,Maruti,Maruti BrezzaZxi,2023,"81,628kms",Petrol,Manual,₹9.20 Lakh,Hyderabad
1920,Hyundai,Hyundai VenueS Turbo BSIV,2021,"39,022kms",Petrol,Manual,₹7.95 Lakh,Hyderabad
1921,Maruti,Maruti BalenoDelta,2024,"30,000kms",Petrol,Manual,₹7.75 Lakh,Hyderabad
1922,Maruti,Maruti Alto 800VXI Plus,2022,"40,769kms",Petrol,Manual,₹3.63 Lakh,Hyderabad
1923,Maruti,Maruti Alto 800VXI,2022,"18,091kms",Petrol,Manual,₹3.67 Lakh,Hyderabad
1924,Maruti,Maruti BrezzaZxi,2023,"81,628kms",Petrol,Manual,₹9.20 Lakh,Hyderabad
1925,Hyundai,Hyundai VenueS Turbo BSIV,2021,"39,022kms",Petrol,Manual,₹7.95 Lakh,Hyderabad
1926,Maruti,Maruti BalenoDelta,2024,"30,000kms",Petrol,Manual,₹7.75 Lakh,Hyderabad
1927,Maruti,Maruti Alto 800VXI Plus,2022,"40,769kms",Petrol,Manual,₹3.63 Lakh,Hyderabad
1928,Maruti,Maruti Alto 800VXI,2022,"18,091kms",Petrol,Manual,₹3.67 Lakh,Hyderabad
1929,Maruti,Maruti SwiftLXI,2020,"1,21,832kms",Petrol,Manual,₹3.86 Lakh,Hyderabad
1930,Maruti,Maruti Alto 800VXI,2021,"29,567kms",Petrol,Manual,₹3.32 Lakh,Hyderabad
1931,Maruti,Maruti Baleno1.2 CVT Alpha,2018,"22,000kms",Petrol,Automatic,₹5.85 Lakh,Hyderabad
1932,Maruti,Maruti Wagon RVXI,2020,"22,457kms",Petrol,Manual,₹4.90 Lakh,Hyderabad
1933,Maruti,Maruti Wagon RVXI BS IV,2014,"59,253kms",Petrol,Manual,₹3.25 Lakh,Hyderabad
1934,Maruti,Maruti SwiftVDI,2013,"1,24,496kms",Diesel,Manual,₹3.95 Lakh,Hyderabad
1935,Toyota,Toyota EtiosGD,2016,"2,00,663kms",Diesel,Manual,₹4.50 Lakh,Hyderabad
1936,Maruti,Maruti SwiftVXI,2023,"32,026kms",Petrol,Manual,₹5.80 Lakh,Hyderabad
1937,Volkswagen,Volkswagen VirtusHighline,2023,"16,532kms",Petrol,Manual,₹12.37 Lakh,Hyderabad
1938,Honda,Honda ElevateZX CVT Non RF,2024,"26,211kms",Petrol,Automatic,₹16.90 Lakh,Hyderabad
1939,Hyundai,Hyundai Alcazar1.5 Signature (O) 7-Seater Diesel AT,2023,"33,000kms",Diesel,Automatic,₹18.50 Lakh,Hyderabad
1940,Maruti,Maruti Alto K10VXI,2013,"43,262kms",Petrol,Manual,₹2.27 Lakh,Hyderabad
1941,Hyundai,Hyundai i10Magna 1.2,2013,"47,715kms",Petrol,Manual,₹2.69 Lakh,Hyderabad
1942,Maruti,Maruti Alto 800LXi,2018,"63,233kms",Petrol,Manual,₹2.54 Lakh,Hyderabad
1943,Maruti,Maruti S CrossAlpha AT,2021,"50,294kms",Petrol,Automatic,₹9.73 Lakh,Hyderabad
1944,Hyundai,Hyundai Alcazar1.5 Signature (O) 7-Seater Diesel AT,2023,"33,000kms",Diesel,Automatic,₹18.50 Lakh,Hyderabad
1945,Hyundai,Hyundai i10Magna 1.2,2013,"47,715kms",Petrol,Manual,₹2.69 Lakh,Hyderabad
1946,Maruti,Maruti Alto K10VXI,2013,"43,262kms",Petrol,Manual,₹2.27 Lakh,Hyderabad
1947,Maruti,Maruti Alto 800LXi,2018,"63,233kms",Petrol,Manual,₹2.54 Lakh,Hyderabad
1948,Maruti,Maruti S CrossAlpha AT,2021,"50,294kms",Petrol,Automatic,₹9.73 Lakh,Hyderabad
1949,Jeep,Jeep Compass2.0 Limited 4X4,2021,"51,541kms",Diesel,Manual,₹23.80 Lakh,Hyderabad
1950,Toyota,Toyota Innova Crysta2.7 ZX 7 STR AT,2022,"60,000kms",Petrol,Automatic,₹21.45 Lakh,Hyderabad
1951,Toyota,Toyota Innova Crysta2.4 ZX 7 STR,2021,"63,902kms",Diesel,Manual,₹22.50 Lakh,Hyderabad
1952,Maruti,Maruti BalenoAlpha Diesel,2018,"1,16,890kms",Diesel,Manual,₹5.26 Lakh,Hyderabad
1953,Maruti,Maruti SwiftVXI AMT,2019,"72,472kms",Petrol,Automatic,₹4.60 Lakh,Hyderabad
1954,Maruti,Maruti Alto 800LXi,2020,"40,309kms",Petrol,Manual,₹3.04 Lakh,Hyderabad
1955,Maruti,Maruti Swift DzireVDI,2014,"67,000kms",Diesel,Manual,₹4.85 Lakh,Hyderabad
1956,Maruti,Maruti S CrossDDiS 200 Zeta,2016,"79,612kms",Diesel,Manual,₹5.95 Lakh,Hyderabad
1957,Honda,Honda AmazeS Option i-VTEC,2018,"55,252kms",Petrol,Manual,₹4.70 Lakh,Hyderabad
1958,Maruti,Maruti Vitara BrezzaZXI Plus AT Dual Tone,2023,"19,609kms",Petrol,Automatic,₹12.38 Lakh,Hyderabad
1959,Skoda,Skoda Slavia1.5 TSI Style AT,2022,"78,359kms",Petrol,Automatic,₹14.26 Lakh,Hyderabad
1960,Skoda,Skoda Kushaq1.5 TSI Ambition,2022,"36,735kms",Petrol,Manual,₹11.83 Lakh,Hyderabad
1961,Skoda,Skoda Kushaq1.0 TSI Style AT,2022,"36,517kms",Petrol,Automatic,₹12.17 Lakh,Hyderabad
1962,Tata,Tata CurvvCreative Diesel,2024,"13,544kms",Diesel,Manual,₹12.36 Lakh,Hyderabad
1963,Maruti,Maruti BrezzaZxi AT DT,2022,"37,421kms",Petrol,Automatic,₹10.06 Lakh,Hyderabad
1964,Skoda,Skoda Slavia1.5 TSI Style AT,2022,"78,359kms",Petrol,Automatic,₹14.26 Lakh,Hyderabad
1965,Skoda,Skoda Kushaq1.0 TSI Style AT,2021,"56,522kms",Petrol,Automatic,₹11.42 Lakh,Hyderabad
1966,Maruti,Maruti BrezzaZxi AT DT,2022,"37,421kms",Petrol,Automatic,₹10.06 Lakh,Hyderabad
1967,Kia,Kia SeltosHTX,2022,"46,582kms",Petrol,Manual,₹10.29 Lakh,Hyderabad
1968,Skoda,Skoda Kushaq1.5 TSI Ambition,2022,"36,735kms",Petrol,Manual,₹11.83 Lakh,Hyderabad
1969,Skoda,Skoda Kushaq1.0 TSI Style AT,2022,"36,517kms",Petrol,Automatic,₹12.17 Lakh,Hyderabad
1970,Tata,Tata CurvvCreative Diesel,2024,"13,544kms",Diesel,Manual,₹12.36 Lakh,Hyderabad
1971,Hyundai,Hyundai Creta1.6 SX Automatic Diesel,2019,"80,000kms",Diesel,Automatic,₹10.10 Lakh,Hyderabad
1972,Hyundai,Hyundai AlcazarSignature 6Str DCT,2023,"29,349kms",Petrol,Automatic,₹18.53 Lakh,Hyderabad
1973,Toyota,Toyota Fortuner4X4 Diesel AT BSVI,2022,"82,100kms",Diesel,Automatic,₹38.40 Lakh,Hyderabad
1974,Audi,Audi S53.0 TFSIq Tiptronic,2018,"52,000kms",Petrol,Automatic,₹45 Lakh,Hyderabad
1975,Toyota,Toyota Fortuner2.8 2WD AT BSIV,2018,"1,33,000kms",Diesel,Automatic,₹29.30 Lakh,Hyderabad
1976,Renault,Renault TriberRXL BSVI,2020,"53,232kms",Petrol,Manual,₹4.99 Lakh,Hyderabad
1977,Toyota,Toyota Innova Crysta2.4 GX Plus 7Str,2024,"28,000kms",Diesel,Manual,₹25.50 Lakh,Hyderabad
1978,Renault,Renault DusterPetrol RXS CVT,2020,"46,109kms",Petrol,Automatic,₹7.60 Lakh,Hyderabad
1979,Maruti,Maruti BrezzaZxi DT BSVI,2023,"36,585kms",Petrol,Manual,₹9.69 Lakh,Hyderabad
1980,Volkswagen,Volkswagen Vento1.0 TSI Highline Plus AT,2021,"1,19,592kms",Petrol,Automatic,₹8.22 Lakh,Hyderabad
1981,Renault,Renault KigerRXZ AMT DT,2022,"50,470kms",Petrol,Automatic,₹6.83 Lakh,Hyderabad
1982,Hyundai,Hyundai VenueS BSVI,2022,"50,000kms",Petrol,Manual,₹6.50 Lakh,Hyderabad
1983,Hyundai,Hyundai Creta1.6 SX Automatic Diesel,2018,"94,217kms",Diesel,Automatic,₹9.30 Lakh,Hyderabad
1984,Volkswagen,Volkswagen Vento1.0 TSI Highline Plus AT,2021,"1,19,592kms",Petrol,Automatic,₹8.22 Lakh,Hyderabad
1985,Renault,Renault KigerRXZ AMT DT,2022,"50,470kms",Petrol,Automatic,₹6.83 Lakh,Hyderabad
1986,Renault,Renault DusterPetrol RXS CVT,2020,"46,109kms",Petrol,Automatic,₹7.60 Lakh,Hyderabad
1987,Hyundai,Hyundai Creta1.6 SX Automatic Diesel,2018,"94,217kms",Diesel,Automatic,₹9.30 Lakh,Hyderabad
1988,Hyundai,Hyundai VenueS BSVI,2022,"50,000kms",Petrol,Manual,₹6.50 Lakh,Hyderabad
1989,Hyundai,Hyundai Grand i10 NiosSportz,2024,"5,391kms",Petrol,Manual,₹6.45 Lakh,Hyderabad
1990,Toyota,Toyota Innova Crysta2.4 GX MT BSIV,2018,"64,000kms",Diesel,Manual,₹17.99 Lakh,Hyderabad
1991,Toyota,Toyota Innova Crysta2.4 G MT BSIV,2018,"66,000kms",Diesel,Manual,₹15.99 Lakh,Hyderabad
1992,Tata,Tata AltrozXE BSVI,2021,"55,699kms",Petrol,Manual,₹4.19 Lakh,Hyderabad
1993,Honda,Honda Cityi VTEC V,2014,"91,007kms",Petrol,Manual,₹4.74 Lakh,Hyderabad
1994,Renault,Renault KWIDClimber 1.0 AMT,2017,"55,000kms",Petrol,Automatic,₹3.45 Lakh,Hyderabad
1995,Honda,Honda CityS,2013,"89,997kms",Petrol,Manual,₹4.35 Lakh,Hyderabad
1996,Hyundai,Hyundai Santa Fe4x4 AT,2012,"90,000kms",Diesel,Automatic,₹5.50 Lakh,Hyderabad
1997,Maruti,Maruti Alto 800VXI,2019,"92,102kms",Petrol,Manual,₹2.38 Lakh,Hyderabad
1998,Toyota,Toyota Innova Crysta2.4 GX 7Str,2024,"1,00,000kms",Diesel,Manual,₹23 Lakh,Hyderabad
1999,Hyundai,Hyundai VernaSX IVT Opt,2021,"17,426kms",Petrol,Automatic,₹15 Lakh,Hyderabad
2000,Honda,Honda ElevateVX CVT,2024,"20,841kms",Petrol,Automatic,₹16.50 Lakh,Hyderabad
2001,Honda,Honda ElevateZX CVT Non RF,2024,"10,380kms",Petrol,Automatic,₹17.50 Lakh,Hyderabad
2002,Audi,Audi Q73.0 TDI Quattro Technology,2013,"95,000kms",Diesel,Automatic,₹15.99 Lakh,Hyderabad
2003,Hyundai,Hyundai Verna1.6 SX VTVT (O) AT,2020,"53,228kms",Petrol,Automatic,₹11 Lakh,Hyderabad
2004,Hyundai,Hyundai VernaSX IVT Opt,2021,"17,426kms",Petrol,Automatic,₹15 Lakh,Hyderabad
2005,Honda,Honda ElevateVX CVT,2024,"20,841kms",Petrol,Automatic,₹16.50 Lakh,Hyderabad
2006,Honda,Honda ElevateZX CVT Non RF,2024,"10,380kms",Petrol,Automatic,₹17.50 Lakh,Hyderabad
2007,Audi,Audi Q73.0 TDI Quattro Technology,2013,"95,000kms",Diesel,Automatic,₹15.99 Lakh,Hyderabad
2008,Hyundai,Hyundai Verna1.6 SX VTVT (O) AT,2020,"53,228kms",Petrol,Automatic,₹11 Lakh,Hyderabad
2009,Skoda,Skoda Kushaq1.0 TSI Style AT,2022,"33,826kms",Petrol,Automatic,₹13.19 Lakh,Hyderabad
2010,Kia,Kia SeltosGTX Plus Diesel AT,2022,"30,219kms",Diesel,Automatic,₹14.86 Lakh,Hyderabad
2011,Maruti,Maruti Alto 800LXi,2018,"82,837kms",Petrol,Manual,₹2.44 Lakh,Hyderabad
2012,Renault,Renault KigerRXZ,2023,"20,377kms",Petrol,Manual,₹6.81 Lakh,Hyderabad
2013,Hyundai,Hyundai Creta1.6 VTVT AT SX Plus,2018,"73,868kms",Petrol,Automatic,₹9.26 Lakh,Hyderabad
2014,Hyundai,Hyundai VernaVTVT 1.6 AT SX Option,2018,"64,000kms",Petrol,Automatic,₹8.50 Lakh,Hyderabad
2015,Maruti,Maruti ErtigaVXI,2021,"80,536kms",Petrol,Manual,₹8 Lakh,Hyderabad
2016,Maruti,Maruti ErtigaVXI AT,2020,"70,291kms",Petrol,Automatic,₹8.80 Lakh,Hyderabad
2017,Hyundai,Hyundai i20Sportz BSVI,2023,"18,876kms",Petrol,Manual,₹7.25 Lakh,Hyderabad
2018,Mahindra,Mahindra TUV 300T6 Plus,2018,"88,000kms",Diesel,Manual,₹6.85 Lakh,Hyderabad
2019,Kia,Kia SonetHTX Turbo iMT BSVI,2020,"71,317kms",Petrol,Manual,₹6 Lakh,Hyderabad
2020,Skoda,Skoda Rapid1.6 MPI Ambition Plus,2015,"1,03,000kms",Petrol,Manual,₹4.75 Lakh,Hyderabad
2021,Toyota,Toyota Fortuner4X4 Diesel,2023,"48,687kms",Diesel,Manual,₹39.50 Lakh,Hyderabad
2022,Audi,Audi Q855 TFSI Quattro BSVI,2022,"30,381kms",Petrol,Automatic,₹1.05 Crore,Hyderabad
2023,Audi,Audi Q855 TFSI Quattro BSVI,2022,"30,381kms",Petrol,Automatic,₹1.09 Crore,Hyderabad
2024,Kia,Kia SonetHTX Turbo iMT BSVI,2020,"71,317kms",Petrol,Manual,₹6 Lakh,Hyderabad
2025,Skoda,Skoda Rapid1.6 MPI Ambition Plus,2015,"1,03,000kms",Petrol,Manual,₹4.75 Lakh,Hyderabad
2026,Audi,Audi Q855 TFSI Quattro BSVI,2022,"30,381kms",Petrol,Automatic,₹1.09 Crore,Hyderabad
2027,Toyota,Toyota Fortuner4X4 Diesel,2023,"48,687kms",Diesel,Manual,₹39.50 Lakh,Hyderabad
2028,Audi,Audi Q855 TFSI Quattro BSVI,2022,"30,381kms",Petrol,Automatic,₹1.05 Crore,Hyderabad
2029,Toyota,Toyota Innova Crysta2.4 Zx 7Str,2024,"27,000kms",Diesel,Manual,₹29.30 Lakh,Hyderabad
2030,Toyota,Toyota Innova Crysta2.4 GX 8 STR AT,2021,"82,651kms",Diesel,Automatic,₹23.50 Lakh,Hyderabad
2031,Hyundai,Hyundai CretaSX Opt Diesel AT,2023,"44,000kms",Diesel,Automatic,₹18.75 Lakh,Hyderabad
2032,Kia,Kia SeltosGTX Plus Diesel AT,2024,"39,622kms",Diesel,Automatic,₹19.50 Lakh,Hyderabad
2033,Maruti,Maruti Alto 800Utsav Edition,2018,"79,077kms",Petrol,Manual,₹2.44 Lakh,Hyderabad
2034,Volkswagen,Volkswagen Taigun1.0 Topline AT,2022,"60,003kms",Petrol,Automatic,₹12.36 Lakh,Hyderabad
2035,Honda,Honda ElevateZX Non RF,2023,"9,627kms",Petrol,Manual,₹13.82 Lakh,Hyderabad
2036,Hyundai,Hyundai CretaSX Opt Turbo BSVI,2020,"49,160kms",Petrol,Automatic,₹11.52 Lakh,Hyderabad
2037,Maruti,Maruti BrezzaZxi AT,2022,"28,374kms",Petrol,Automatic,₹10.39 Lakh,Hyderabad
2038,Hyundai,Hyundai VenueSX,2023,"14,512kms",Petrol,Manual,₹10.95 Lakh,Hyderabad
2039,Hyundai,Hyundai VenueSX Opt Turbo DT,2023,"7,830kms",Petrol,Manual,₹13 Lakh,Hyderabad
2040,Maruti,Maruti BrezzaZxi,2023,"20,940kms",Petrol,Manual,₹9.90 Lakh,Hyderabad
2041,Renault,Renault KigerRXZ Turbo CVT DT,2022,"44,479kms",Petrol,Automatic,₹8.31 Lakh,Hyderabad
2042,Kia,Kia SonetHTX Turbo iMT,2023,"23,104kms",Petrol,Manual,₹9.25 Lakh,Hyderabad
2043,Nissan,Nissan Kicks1.5 XV,2021,"30,541kms",Petrol,Manual,₹7.50 Lakh,Hyderabad
2044,Volkswagen,Volkswagen Taigun1.0 Topline AT,2022,"60,003kms",Petrol,Automatic,₹12.36 Lakh,Hyderabad
2045,Honda,Honda ElevateZX Non RF,2023,"9,627kms",Petrol,Manual,₹13.82 Lakh,Hyderabad
2046,Hyundai,Hyundai CretaSX Opt Turbo BSVI,2020,"49,160kms",Petrol,Automatic,₹11.52 Lakh,Hyderabad
2047,Maruti,Maruti BrezzaZxi AT,2022,"28,374kms",Petrol,Automatic,₹10.39 Lakh,Hyderabad
2048,Hyundai,Hyundai VenueSX,2023,"14,512kms",Petrol,Manual,₹10.95 Lakh,Hyderabad
2049,Hyundai,Hyundai VenueSX Opt Turbo DT,2023,"7,830kms",Petrol,Manual,₹13 Lakh,Hyderabad
2050,Maruti,Maruti BrezzaZxi,2023,"20,940kms",Petrol,Manual,₹9.90 Lakh,Hyderabad
2051,Renault,Renault KigerRXZ Turbo CVT DT,2022,"44,479kms",Petrol,Automatic,₹8.31 Lakh,Hyderabad
2052,Kia,Kia SonetHTX Turbo iMT,2023,"23,104kms",Petrol,Manual,₹9.25 Lakh,Hyderabad
2053,Mahindra,Mahindra XUV300W8,2019,"72,000kms",Petrol,Manual,₹7.50 Lakh,Hyderabad
2054,Volkswagen,Volkswagen Polo1.0 TSI Highline Plus,2021,"57,500kms",Petrol,Manual,₹7.15 Lakh,Hyderabad
2055,Tata,Tata AltrozXZ Option Diesel,2022,"34,200kms",Diesel,Manual,₹8.35 Lakh,Hyderabad
2056,Maruti,Maruti SwiftVXI AMT BSVI,2022,"16,000kms",Petrol,Automatic,₹7.75 Lakh,Hyderabad
2057,Ford,Ford Ecosport1.5 Petrol Titanium BSIV,2019,"54,300kms",Petrol,Manual,₹6.99 Lakh,Hyderabad
2058,Ford,Ford Ecosport1.5 Diesel Titanium BSIV,2018,"69,306kms",Diesel,Manual,₹6.99 Lakh,Hyderabad
2059,Nissan,Nissan Kicks1.5 XV,2021,"30,541kms",Petrol,Manual,₹7.50 Lakh,Hyderabad
2060,Mahindra,Mahindra XUV700AX5 5Str AT,2023,"17,316kms",Petrol,Automatic,₹17.58 Lakh,Hyderabad
2061,Mahindra,Mahindra XUV700AX5 7 Str Diesel BSVI,2023,"27,182kms",Diesel,Manual,₹17.25 Lakh,Hyderabad
2062,Renault,2018Renault KWID1.0 RXT Optional AT  -2019,2016,"51,940kms",Petrol,Automatic,₹3.22 Lakh,Hyderabad
2063,Tata,Tata TiagoXZ  -2022,2020,"1,39,031kms",Petrol,Manual,₹3.17 Lakh,Hyderabad
2064,Volkswagen,Volkswagen Taigun1.0 Topline AT,2022,"60,003kms",Petrol,Automatic,₹12.36 Lakh,Hyderabad
2065,Honda,Honda ElevateZX Non RF,2023,"9,627kms",Petrol,Manual,₹13.82 Lakh,Hyderabad
2066,Hyundai,Hyundai CretaSX Opt Turbo BSVI,2020,"49,160kms",Petrol,Automatic,₹11.52 Lakh,Hyderabad
2067,Maruti,Maruti BrezzaZxi AT,2022,"28,374kms",Petrol,Automatic,₹10.39 Lakh,Hyderabad
2068,Hyundai,Hyundai VenueSX,2023,"14,512kms",Petrol,Manual,₹10.95 Lakh,Hyderabad
2069,Hyundai,Hyundai VenueSX Opt Turbo DT,2023,"7,830kms",Petrol,Manual,₹13 Lakh,Hyderabad
2070,Maruti,Maruti BrezzaZxi,2023,"20,940kms",Petrol,Manual,₹9.90 Lakh,Hyderabad
2071,Renault,Renault KigerRXZ Turbo CVT DT,2022,"44,479kms",Petrol,Automatic,₹8.31 Lakh,Hyderabad
2072,Kia,Kia SonetHTX Turbo iMT,2023,"23,104kms",Petrol,Manual,₹9.25 Lakh,Hyderabad
2073,Nissan,Nissan Kicks1.5 XV,2021,"30,541kms",Petrol,Manual,₹7.50 Lakh,Hyderabad
2074,Tata,Tata AltrozXZ Option Diesel,2022,"34,200kms",Diesel,Manual,₹8.35 Lakh,Hyderabad
2075,Maruti,Maruti SwiftVXI AMT BSVI,2022,"16,000kms",Petrol,Automatic,₹7.75 Lakh,Hyderabad
2076,Ford,Ford Ecosport1.5 Diesel Titanium BSIV,2018,"69,306kms",Diesel,Manual,₹6.99 Lakh,Hyderabad
2077,Ford,Ford Ecosport1.5 Petrol Titanium BSIV,2019,"54,300kms",Petrol,Manual,₹6.99 Lakh,Hyderabad
2078,Volkswagen,Volkswagen Polo1.0 TSI Highline Plus,2021,"57,500kms",Petrol,Manual,₹7.15 Lakh,Hyderabad
2079,Mahindra,Mahindra XUV300W8,2019,"72,000kms",Petrol,Manual,₹7.50 Lakh,Hyderabad
2080,Mahindra,Mahindra XUV700AX5 5Str AT,2023,"17,316kms",Petrol,Automatic,₹17.58 Lakh,Hyderabad
2081,Mahindra,Mahindra XUV700AX5 7 Str Diesel BSVI,2023,"27,182kms",Diesel,Manual,₹17.25 Lakh,Hyderabad
2082,Renault,2018Renault KWID1.0 RXT Optional AT  -2019,2016,"51,940kms",Petrol,Automatic,₹3.22 Lakh,Hyderabad
2083,Tata,Tata TiagoXZ  -2022,2020,"1,39,031kms",Petrol,Manual,₹3.17 Lakh,Hyderabad
2084,Volkswagen,Volkswagen Taigun1.0 Topline AT,2022,"60,003kms",Petrol,Automatic,₹12.36 Lakh,Hyderabad
2085,Honda,Honda ElevateZX Non RF,2023,"9,627kms",Petrol,Manual,₹13.82 Lakh,Hyderabad
2086,Hyundai,Hyundai CretaSX Opt Turbo BSVI,2020,"49,160kms",Petrol,Automatic,₹11.52 Lakh,Hyderabad
2087,Maruti,Maruti BrezzaZxi AT,2022,"28,374kms",Petrol,Automatic,₹10.39 Lakh,Hyderabad
2088,Hyundai,Hyundai VenueSX,2023,"14,512kms",Petrol,Manual,₹10.95 Lakh,Hyderabad
2089,Hyundai,Hyundai VenueSX Opt Turbo DT,2023,"7,830kms",Petrol,Manual,₹13 Lakh,Hyderabad
2090,Maruti,Maruti BrezzaZxi,2023,"20,940kms",Petrol,Manual,₹9.90 Lakh,Hyderabad
2091,Mahindra,Mahindra XUV300W8,2019,"72,000kms",Petrol,Manual,₹7.50 Lakh,Hyderabad
2092,Ford,Ford Ecosport1.5 Diesel Titanium BSIV,2018,"69,306kms",Diesel,Manual,₹6.99 Lakh,Hyderabad
2093,Volkswagen,Volkswagen Polo1.0 TSI Highline Plus,2021,"57,500kms",Petrol,Manual,₹7.15 Lakh,Hyderabad
2094,Tata,Tata AltrozXZ Option Diesel,2022,"34,200kms",Diesel,Manual,₹8.35 Lakh,Hyderabad
2095,Maruti,Maruti SwiftVXI AMT BSVI,2022,"16,000kms",Petrol,Automatic,₹7.75 Lakh,Hyderabad
2096,Renault,Renault KigerRXZ Turbo CVT DT,2022,"44,479kms",Petrol,Automatic,₹8.31 Lakh,Hyderabad
2097,Kia,Kia SonetHTX Turbo iMT,2023,"23,104kms",Petrol,Manual,₹9.25 Lakh,Hyderabad
2098,Nissan,Nissan Kicks1.5 XV,2021,"30,541kms",Petrol,Manual,₹7.50 Lakh,Hyderabad
2099,Ford,Ford Ecosport1.5 Petrol Titanium BSIV,2019,"54,300kms",Petrol,Manual,₹6.99 Lakh,Hyderabad
2100,Mahindra,Mahindra XUV700AX5 5Str AT,2023,"17,316kms",Petrol,Automatic,₹17.58 Lakh,Hyderabad
2101,Mahindra,Mahindra XUV700AX5 7 Str Diesel BSVI,2023,"27,182kms",Diesel,Manual,₹17.25 Lakh,Hyderabad
2102,Maruti,Maruti S-PressoVXi Plus,2022,"32,889kms",Petrol,Manual,₹4.06 Lakh,Hyderabad
2103,Renault,2018Renault KWID1.0 RXT Optional AT  -2019,2016,"51,940kms",Petrol,Automatic,₹3.22 Lakh,Hyderabad
2104,Volkswagen,Volkswagen Taigun1.0 Topline AT,2022,"60,003kms",Petrol,Automatic,₹12.36 Lakh,Hyderabad
2105,Honda,Honda ElevateZX Non RF,2023,"9,627kms",Petrol,Manual,₹13.82 Lakh,Hyderabad
2106,Hyundai,Hyundai CretaSX Opt Turbo BSVI,2020,"49,160kms",Petrol,Automatic,₹11.52 Lakh,Hyderabad
2107,Maruti,Maruti BrezzaZxi AT,2022,"28,374kms",Petrol,Automatic,₹10.39 Lakh,Hyderabad
2108,Hyundai,Hyundai VenueSX,2023,"14,512kms",Petrol,Manual,₹10.95 Lakh,Hyderabad
2109,Hyundai,Hyundai VenueSX Opt Turbo DT,2023,"7,830kms",Petrol,Manual,₹13 Lakh,Hyderabad
2110,Maruti,Maruti BrezzaZxi,2023,"20,940kms",Petrol,Manual,₹9.90 Lakh,Hyderabad
2111,Mahindra,Mahindra XUV300W8,2019,"72,000kms",Petrol,Manual,₹7.50 Lakh,Hyderabad
2112,Ford,Ford Ecosport1.5 Diesel Titanium BSIV,2018,"69,306kms",Diesel,Manual,₹6.99 Lakh,Hyderabad
2113,Volkswagen,Volkswagen Polo1.0 TSI Highline Plus,2021,"57,500kms",Petrol,Manual,₹7.15 Lakh,Hyderabad
2114,Tata,Tata AltrozXZ Option Diesel,2022,"34,200kms",Diesel,Manual,₹8.35 Lakh,Hyderabad
2115,Maruti,Maruti SwiftVXI AMT BSVI,2022,"16,000kms",Petrol,Automatic,₹7.75 Lakh,Hyderabad
2116,Renault,Renault KigerRXZ Turbo CVT DT,2022,"44,479kms",Petrol,Automatic,₹8.31 Lakh,Hyderabad
2117,Kia,Kia SonetHTX Turbo iMT,2023,"23,104kms",Petrol,Manual,₹9.25 Lakh,Hyderabad
2118,Nissan,Nissan Kicks1.5 XV,2021,"30,541kms",Petrol,Manual,₹7.50 Lakh,Hyderabad
2119,Ford,Ford Ecosport1.5 Petrol Titanium BSIV,2019,"54,300kms",Petrol,Manual,₹6.99 Lakh,Hyderabad
2120,Mahindra,Mahindra XUV700AX5 5Str AT,2023,"17,316kms",Petrol,Automatic,₹17.58 Lakh,Hyderabad
2121,Mahindra,Mahindra XUV700AX5 7 Str Diesel BSVI,2023,"27,182kms",Diesel,Manual,₹17.25 Lakh,Hyderabad
2122,Maruti,Maruti S-PressoVXi Plus,2022,"32,889kms",Petrol,Manual,₹4.06 Lakh,Hyderabad
2123,Renault,2018Renault KWID1.0 RXT Optional AT  -2019,2016,"51,940kms",Petrol,Automatic,₹3.22 Lakh,Hyderabad
2124,Volkswagen,Volkswagen Taigun1.0 Topline AT,2022,"60,003kms",Petrol,Automatic,₹12.36 Lakh,Hyderabad
2125,Honda,Honda ElevateZX Non RF,2023,"9,627kms",Petrol,Manual,₹13.82 Lakh,Hyderabad
2126,Hyundai,Hyundai CretaSX Opt Turbo BSVI,2020,"49,160kms",Petrol,Automatic,₹11.52 Lakh,Hyderabad
2127,Maruti,Maruti BrezzaZxi AT,2022,"28,374kms",Petrol,Automatic,₹10.39 Lakh,Hyderabad
2128,Hyundai,Hyundai VenueSX,2023,"14,512kms",Petrol,Manual,₹10.95 Lakh,Hyderabad
2129,Hyundai,Hyundai VenueSX Opt Turbo DT,2023,"7,830kms",Petrol,Manual,₹13 Lakh,Hyderabad
2130,Maruti,Maruti BrezzaZxi,2023,"20,940kms",Petrol,Manual,₹9.90 Lakh,Hyderabad
2131,Renault,Renault KigerRXZ Turbo CVT DT,2022,"44,479kms",Petrol,Automatic,₹8.31 Lakh,Hyderabad
2132,Kia,Kia SonetHTX Turbo iMT,2023,"23,104kms",Petrol,Manual,₹9.25 Lakh,Hyderabad
2133,Nissan,Nissan Kicks1.5 XV,2021,"30,541kms",Petrol,Manual,₹7.50 Lakh,Hyderabad
2134,Tata,Tata AltrozXZ Option Diesel,2022,"34,200kms",Diesel,Manual,₹8.35 Lakh,Hyderabad
2135,Maruti,Maruti SwiftVXI AMT BSVI,2022,"16,000kms",Petrol,Automatic,₹7.75 Lakh,Hyderabad
2136,Ford,Ford Ecosport1.5 Diesel Titanium BSIV,2018,"69,306kms",Diesel,Manual,₹6.99 Lakh,Hyderabad
2137,Ford,Ford Ecosport1.5 Petrol Titanium BSIV,2019,"54,300kms",Petrol,Manual,₹6.99 Lakh,Hyderabad
2138,Volkswagen,Volkswagen Polo1.0 TSI Highline Plus,2021,"57,500kms",Petrol,Manual,₹7.15 Lakh,Hyderabad
2139,Mahindra,Mahindra XUV300W8,2019,"72,000kms",Petrol,Manual,₹7.50 Lakh,Hyderabad
2140,Mahindra,Mahindra XUV700AX5 5Str AT,2023,"17,316kms",Petrol,Automatic,₹17.58 Lakh,Hyderabad
2141,Mahindra,Mahindra XUV700AX5 7 Str Diesel BSVI,2023,"27,182kms",Diesel,Manual,₹17.25 Lakh,Hyderabad
2142,Renault,2018Renault KWID1.0 RXT Optional AT  -2019,2016,"51,940kms",Petrol,Automatic,₹3.22 Lakh,Hyderabad
2143,Tata,Tata TiagoXZ  -2022,2020,"1,39,031kms",Petrol,Manual,₹3.17 Lakh,Hyderabad
2144,Volkswagen,Volkswagen Taigun1.0 Topline AT,2022,"60,003kms",Petrol,Automatic,₹12.36 Lakh,Hyderabad
2145,Honda,Honda ElevateZX Non RF,2023,"9,627kms",Petrol,Manual,₹13.82 Lakh,Hyderabad
2146,Hyundai,Hyundai CretaSX Opt Turbo BSVI,2020,"49,160kms",Petrol,Automatic,₹11.52 Lakh,Hyderabad
2147,Maruti,Maruti BrezzaZxi AT,2022,"28,374kms",Petrol,Automatic,₹10.39 Lakh,Hyderabad
2148,Hyundai,Hyundai VenueSX,2023,"14,512kms",Petrol,Manual,₹10.95 Lakh,Hyderabad
2149,Hyundai,Hyundai VenueSX Opt Turbo DT,2023,"7,830kms",Petrol,Manual,₹13 Lakh,Hyderabad
2150,Maruti,Maruti BrezzaZxi,2023,"20,940kms",Petrol,Manual,₹9.90 Lakh,Hyderabad
2151,Renault,Renault KigerRXZ Turbo CVT DT,2022,"44,479kms",Petrol,Automatic,₹8.31 Lakh,Hyderabad
2152,Kia,Kia SonetHTX Turbo iMT,2023,"23,104kms",Petrol,Manual,₹9.25 Lakh,Hyderabad
2153,Mahindra,Mahindra XUV300W8,2019,"72,000kms",Petrol,Manual,₹7.50 Lakh,Hyderabad
2154,Volkswagen,Volkswagen Polo1.0 TSI Highline Plus,2021,"57,500kms",Petrol,Manual,₹7.15 Lakh,Hyderabad
2155,Tata,Tata AltrozXZ Option Diesel,2022,"34,200kms",Diesel,Manual,₹8.35 Lakh,Hyderabad
2156,Maruti,Maruti SwiftVXI AMT BSVI,2022,"16,000kms",Petrol,Automatic,₹7.75 Lakh,Hyderabad
2157,Ford,Ford Ecosport1.5 Petrol Titanium BSIV,2019,"54,300kms",Petrol,Manual,₹6.99 Lakh,Hyderabad
2158,Ford,Ford Ecosport1.5 Diesel Titanium BSIV,2018,"69,306kms",Diesel,Manual,₹6.99 Lakh,Hyderabad
2159,Nissan,Nissan Kicks1.5 XV,2021,"30,541kms",Petrol,Manual,₹7.50 Lakh,Hyderabad
2160,Mahindra,Mahindra XUV700AX5 5Str AT,2023,"17,316kms",Petrol,Automatic,₹17.58 Lakh,Hyderabad
2161,Mahindra,Mahindra XUV700AX5 7 Str Diesel BSVI,2023,"27,182kms",Diesel,Manual,₹17.25 Lakh,Hyderabad
2162,Renault,2018Renault KWID1.0 RXT Optional AT  -2019,2016,"51,940kms",Petrol,Automatic,₹3.22 Lakh,Hyderabad
2163,Tata,Tata TiagoXZ  -2022,2020,"1,39,031kms",Petrol,Manual,₹3.17 Lakh,Hyderabad
2164,Volkswagen,Volkswagen Taigun1.0 Topline AT,2022,"60,003kms",Petrol,Automatic,₹12.36 Lakh,Hyderabad
2165,Honda,Honda ElevateZX Non RF,2023,"9,627kms",Petrol,Manual,₹13.82 Lakh,Hyderabad
2166,Hyundai,Hyundai CretaSX Opt Turbo BSVI,2020,"49,160kms",Petrol,Automatic,₹11.52 Lakh,Hyderabad
2167,Maruti,Maruti BrezzaZxi AT,2022,"28,374kms",Petrol,Automatic,₹10.39 Lakh,Hyderabad
2168,Hyundai,Hyundai VenueSX,2023,"14,512kms",Petrol,Manual,₹10.95 Lakh,Hyderabad
2169,Hyundai,Hyundai VenueSX Opt Turbo DT,2023,"7,830kms",Petrol,Manual,₹13 Lakh,Hyderabad
2170,Maruti,Maruti BrezzaZxi,2023,"20,940kms",Petrol,Manual,₹9.90 Lakh,Hyderabad
2171,Renault,Renault KigerRXZ Turbo CVT DT,2022,"44,479kms",Petrol,Automatic,₹8.31 Lakh,Hyderabad
2172,Kia,Kia SonetHTX Turbo iMT,2023,"23,104kms",Petrol,Manual,₹9.25 Lakh,Hyderabad
2173,Nissan,Nissan Kicks1.5 XV,2021,"30,541kms",Petrol,Manual,₹7.50 Lakh,Hyderabad
2174,Tata,Tata AltrozXZ Option Diesel,2022,"34,200kms",Diesel,Manual,₹8.35 Lakh,Hyderabad
2175,Maruti,Maruti SwiftVXI AMT BSVI,2022,"16,000kms",Petrol,Automatic,₹7.75 Lakh,Hyderabad
2176,Ford,Ford Ecosport1.5 Diesel Titanium BSIV,2018,"69,306kms",Diesel,Manual,₹6.99 Lakh,Hyderabad
2177,Ford,Ford Ecosport1.5 Petrol Titanium BSIV,2019,"54,300kms",Petrol,Manual,₹6.99 Lakh,Hyderabad
2178,Volkswagen,Volkswagen Polo1.0 TSI Highline Plus,2021,"57,500kms",Petrol,Manual,₹7.15 Lakh,Hyderabad
2179,Mahindra,Mahindra XUV300W8,2019,"72,000kms",Petrol,Manual,₹7.50 Lakh,Hyderabad
2180,Mahindra,Mahindra XUV700AX5 5Str AT,2023,"17,316kms",Petrol,Automatic,₹17.58 Lakh,Hyderabad
2181,Mahindra,Mahindra XUV700AX5 7 Str Diesel BSVI,2023,"27,182kms",Diesel,Manual,₹17.25 Lakh,Hyderabad
2182,Renault,2018Renault KWID1.0 RXT Optional AT  -2019,2016,"51,940kms",Petrol,Automatic,₹3.22 Lakh,Hyderabad
2183,Tata,Tata TiagoXZ  -2022,2020,"1,39,031kms",Petrol,Manual,₹3.17 Lakh,Hyderabad
2184,Volkswagen,Volkswagen Taigun1.0 Topline AT,2022,"60,003kms",Petrol,Automatic,₹12.36 Lakh,Hyderabad
2185,Honda,Honda ElevateZX Non RF,2023,"9,627kms",Petrol,Manual,₹13.82 Lakh,Hyderabad
2186,Hyundai,Hyundai CretaSX Opt Turbo BSVI,2020,"49,160kms",Petrol,Automatic,₹11.52 Lakh,Hyderabad
2187,Maruti,Maruti BrezzaZxi AT,2022,"28,374kms",Petrol,Automatic,₹10.39 Lakh,Hyderabad
2188,Hyundai,Hyundai VenueSX,2023,"14,512kms",Petrol,Manual,₹10.95 Lakh,Hyderabad
2189,Hyundai,Hyundai VenueSX Opt Turbo DT,2023,"7,830kms",Petrol,Manual,₹13 Lakh,Hyderabad
2190,Maruti,Maruti BrezzaZxi,2023,"20,940kms",Petrol,Manual,₹9.90 Lakh,Hyderabad
2191,Renault,Renault KigerRXZ Turbo CVT DT,2022,"44,479kms",Petrol,Automatic,₹8.31 Lakh,Hyderabad
2192,Kia,Kia SonetHTX Turbo iMT,2023,"23,104kms",Petrol,Manual,₹9.25 Lakh,Hyderabad
2193,Nissan,Nissan Kicks1.5 XV,2021,"30,541kms",Petrol,Manual,₹7.50 Lakh,Hyderabad
2194,Tata,Tata AltrozXZ Option Diesel,2022,"34,200kms",Diesel,Manual,₹8.35 Lakh,Hyderabad
2195,Maruti,Maruti SwiftVXI AMT BSVI,2022,"16,000kms",Petrol,Automatic,₹7.75 Lakh,Hyderabad
2196,Ford,Ford Ecosport1.5 Diesel Titanium BSIV,2018,"69,306kms",Diesel,Manual,₹6.99 Lakh,Hyderabad
2197,Ford,Ford Ecosport1.5 Petrol Titanium BSIV,2019,"54,300kms",Petrol,Manual,₹6.99 Lakh,Hyderabad
2198,Volkswagen,Volkswagen Polo1.0 TSI Highline Plus,2021,"57,500kms",Petrol,Manual,₹7.15 Lakh,Hyderabad
2199,Mahindra,Mahindra XUV300W8,2019,"72,000kms",Petrol,Manual,₹7.50 Lakh,Hyderabad
2200,Mahindra,Mahindra XUV700AX5 5Str AT,2023,"17,316kms",Petrol,Automatic,₹17.58 Lakh,Hyderabad
2201,Mahindra,Mahindra XUV700AX5 7 Str Diesel BSVI,2023,"27,182kms",Diesel,Manual,₹17.25 Lakh,Hyderabad
2202,Renault,2018Renault KWID1.0 RXT Optional AT  -2019,2016,"51,940kms",Petrol,Automatic,₹3.22 Lakh,Hyderabad
2203,Tata,Tata TiagoXZ  -2022,2020,"1,39,031kms",Petrol,Manual,₹3.17 Lakh,Hyderabad
2204,Volkswagen,Volkswagen Taigun1.0 Topline AT,2022,"60,003kms",Petrol,Automatic,₹12.36 Lakh,Hyderabad
2205,Honda,Honda ElevateZX Non RF,2023,"9,627kms",Petrol,Manual,₹13.82 Lakh,Hyderabad
2206,Hyundai,Hyundai CretaSX Opt Turbo BSVI,2020,"49,160kms",Petrol,Automatic,₹11.52 Lakh,Hyderabad
2207,Maruti,Maruti BrezzaZxi AT,2022,"28,374kms",Petrol,Automatic,₹10.39 Lakh,Hyderabad
2208,Hyundai,Hyundai VenueSX,2023,"14,512kms",Petrol,Manual,₹10.95 Lakh,Hyderabad
2209,Hyundai,Hyundai VenueSX Opt Turbo DT,2023,"7,830kms",Petrol,Manual,₹13 Lakh,Hyderabad
2210,Maruti,Maruti BrezzaZxi,2023,"20,940kms",Petrol,Manual,₹9.90 Lakh,Hyderabad
2211,Mahindra,Mahindra XUV300W8,2019,"72,000kms",Petrol,Manual,₹7.50 Lakh,Hyderabad
2212,Ford,Ford Ecosport1.5 Diesel Titanium BSIV,2018,"69,306kms",Diesel,Manual,₹6.99 Lakh,Hyderabad
2213,Volkswagen,Volkswagen Polo1.0 TSI Highline Plus,2021,"57,500kms",Petrol,Manual,₹7.15 Lakh,Hyderabad
2214,Tata,Tata AltrozXZ Option Diesel,2022,"34,200kms",Diesel,Manual,₹8.35 Lakh,Hyderabad
2215,Maruti,Maruti SwiftVXI AMT BSVI,2022,"16,000kms",Petrol,Automatic,₹7.75 Lakh,Hyderabad
2216,Renault,Renault KigerRXZ Turbo CVT DT,2022,"44,479kms",Petrol,Automatic,₹8.31 Lakh,Hyderabad
2217,Kia,Kia SonetHTX Turbo iMT,2023,"23,104kms",Petrol,Manual,₹9.25 Lakh,Hyderabad
2218,Nissan,Nissan Kicks1.5 XV,2021,"30,541kms",Petrol,Manual,₹7.50 Lakh,Hyderabad
2219,Ford,Ford Ecosport1.5 Petrol Titanium BSIV,2019,"54,300kms",Petrol,Manual,₹6.99 Lakh,Hyderabad
2220,Mahindra,Mahindra XUV700AX5 5Str AT,2023,"17,316kms",Petrol,Automatic,₹17.58 Lakh,Hyderabad
2221,Mahindra,Mahindra XUV700AX5 7 Str Diesel BSVI,2023,"27,182kms",Diesel,Manual,₹17.25 Lakh,Hyderabad
2222,Maruti,Maruti S-PressoVXi Plus,2022,"32,889kms",Petrol,Manual,₹4.06 Lakh,Hyderabad
2223,Renault,2018Renault KWID1.0 RXT Optional AT  -2019,2016,"51,940kms",Petrol,Automatic,₹3.22 Lakh,Hyderabad
2224,Volkswagen,Volkswagen Taigun1.0 Topline AT,2022,"60,003kms",Petrol,Automatic,₹12.36 Lakh,Hyderabad
2225,Honda,Honda ElevateZX Non RF,2023,"9,627kms",Petrol,Manual,₹13.82 Lakh,Hyderabad
2226,Hyundai,Hyundai CretaSX Opt Turbo BSVI,2020,"49,160kms",Petrol,Automatic,₹11.52 Lakh,Hyderabad
2227,Maruti,Maruti BrezzaZxi AT,2022,"28,374kms",Petrol,Automatic,₹10.39 Lakh,Hyderabad
2228,Hyundai,Hyundai VenueSX,2023,"14,512kms",Petrol,Manual,₹10.95 Lakh,Hyderabad
2229,Hyundai,Hyundai VenueSX Opt Turbo DT,2023,"7,830kms",Petrol,Manual,₹13 Lakh,Hyderabad
2230,Maruti,Maruti BrezzaZxi,2023,"20,940kms",Petrol,Manual,₹9.90 Lakh,Hyderabad
2231,Renault,Renault KigerRXZ Turbo CVT DT,2022,"44,479kms",Petrol,Automatic,₹8.31 Lakh,Hyderabad
2232,Kia,Kia SonetHTX Turbo iMT,2023,"23,104kms",Petrol,Manual,₹9.25 Lakh,Hyderabad
2233,Nissan,Nissan Kicks1.5 XV,2021,"30,541kms",Petrol,Manual,₹7.50 Lakh,Hyderabad
2234,Tata,Tata AltrozXZ Option Diesel,2022,"34,200kms",Diesel,Manual,₹8.35 Lakh,Hyderabad
2235,Maruti,Maruti SwiftVXI AMT BSVI,2022,"16,000kms",Petrol,Automatic,₹7.75 Lakh,Hyderabad
2236,Ford,Ford Ecosport1.5 Diesel Titanium BSIV,2018,"69,306kms",Diesel,Manual,₹6.99 Lakh,Hyderabad
2237,Ford,Ford Ecosport1.5 Petrol Titanium BSIV,2019,"54,300kms",Petrol,Manual,₹6.99 Lakh,Hyderabad
2238,Volkswagen,Volkswagen Polo1.0 TSI Highline Plus,2021,"57,500kms",Petrol,Manual,₹7.15 Lakh,Hyderabad
2239,Mahindra,Mahindra XUV300W8,2019,"72,000kms",Petrol,Manual,₹7.50 Lakh,Hyderabad
2240,Mahindra,Mahindra XUV700AX5 5Str AT,2023,"17,316kms",Petrol,Automatic,₹17.58 Lakh,Hyderabad
2241,Mahindra,Mahindra XUV700AX5 7 Str Diesel BSVI,2023,"27,182kms",Diesel,Manual,₹17.25 Lakh,Hyderabad
2242,Renault,2018Renault KWID1.0 RXT Optional AT  -2019,2016,"51,940kms",Petrol,Automatic,₹3.22 Lakh,Hyderabad
2243,Tata,Tata TiagoXZ  -2022,2020,"1,39,031kms",Petrol,Manual,₹3.17 Lakh,Hyderabad
2244,Volkswagen,Volkswagen Taigun1.0 Topline AT,2022,"60,003kms",Petrol,Automatic,₹12.36 Lakh,Hyderabad
2245,Honda,Honda ElevateZX Non RF,2023,"9,627kms",Petrol,Manual,₹13.82 Lakh,Hyderabad
2246,Hyundai,Hyundai CretaSX Opt Turbo BSVI,2020,"49,160kms",Petrol,Automatic,₹11.52 Lakh,Hyderabad
2247,Maruti,Maruti BrezzaZxi AT,2022,"28,374kms",Petrol,Automatic,₹10.39 Lakh,Hyderabad
2248,Hyundai,Hyundai VenueSX,2023,"14,512kms",Petrol,Manual,₹10.95 Lakh,Hyderabad
2249,Hyundai,Hyundai VenueSX Opt Turbo DT,2023,"7,830kms",Petrol,Manual,₹13 Lakh,Hyderabad
2250,Maruti,Maruti BrezzaZxi,2023,"20,940kms",Petrol,Manual,₹9.90 Lakh,Hyderabad
2251,Renault,Renault KigerRXZ Turbo CVT DT,2022,"44,479kms",Petrol,Automatic,₹8.31 Lakh,Hyderabad
2252,Kia,Kia SonetHTX Turbo iMT,2023,"23,104kms",Petrol,Manual,₹9.25 Lakh,Hyderabad
2253,Mahindra,Mahindra XUV300W8,2019,"72,000kms",Petrol,Manual,₹7.50 Lakh,Hyderabad
2254,Volkswagen,Volkswagen Polo1.0 TSI Highline Plus,2021,"57,500kms",Petrol,Manual,₹7.15 Lakh,Hyderabad
2255,Tata,Tata AltrozXZ Option Diesel,2022,"34,200kms",Diesel,Manual,₹8.35 Lakh,Hyderabad
2256,Maruti,Maruti SwiftVXI AMT BSVI,2022,"16,000kms",Petrol,Automatic,₹7.75 Lakh,Hyderabad
2257,Ford,Ford Ecosport1.5 Petrol Titanium BSIV,2019,"54,300kms",Petrol,Manual,₹6.99 Lakh,Hyderabad
2258,Ford,Ford Ecosport1.5 Diesel Titanium BSIV,2018,"69,306kms",Diesel,Manual,₹6.99 Lakh,Hyderabad
2259,Nissan,Nissan Kicks1.5 XV,2021,"30,541kms",Petrol,Manual,₹7.50 Lakh,Hyderabad
2260,Mahindra,Mahindra XUV700AX5 5Str AT,2023,"17,316kms",Petrol,Automatic,₹17.58 Lakh,Hyderabad
2261,Mahindra,Mahindra XUV700AX5 7 Str Diesel BSVI,2023,"27,182kms",Diesel,Manual,₹17.25 Lakh,Hyderabad
2262,Renault,2018Renault KWID1.0 RXT Optional AT  -2019,2016,"51,940kms",Petrol,Automatic,₹3.22 Lakh,Hyderabad
2263,Tata,Tata TiagoXZ  -2022,2020,"1,39,031kms",Petrol,Manual,₹3.17 Lakh,Hyderabad
2264,Volkswagen,Volkswagen Taigun1.0 Topline AT,2022,"60,003kms",Petrol,Automatic,₹12.36 Lakh,Hyderabad
2265,Honda,Honda ElevateZX Non RF,2023,"9,627kms",Petrol,Manual,₹13.82 Lakh,Hyderabad
2266,Hyundai,Hyundai CretaSX Opt Turbo BSVI,2020,"49,160kms",Petrol,Automatic,₹11.52 Lakh,Hyderabad
2267,Maruti,Maruti BrezzaZxi AT,2022,"28,374kms",Petrol,Automatic,₹10.39 Lakh,Hyderabad
2268,Hyundai,Hyundai VenueSX,2023,"14,512kms",Petrol,Manual,₹10.95 Lakh,Hyderabad
2269,Hyundai,Hyundai VenueSX Opt Turbo DT,2023,"7,830kms",Petrol,Manual,₹13 Lakh,Hyderabad
2270,Maruti,Maruti BrezzaZxi,2023,"20,940kms",Petrol,Manual,₹9.90 Lakh,Hyderabad
2271,Mahindra,Mahindra XUV300W8,2019,"72,000kms",Petrol,Manual,₹7.50 Lakh,Hyderabad
2272,Ford,Ford Ecosport1.5 Diesel Titanium BSIV,2018,"69,306kms",Diesel,Manual,₹6.99 Lakh,Hyderabad
2273,Volkswagen,Volkswagen Polo1.0 TSI Highline Plus,2021,"57,500kms",Petrol,Manual,₹7.15 Lakh,Hyderabad
2274,Tata,Tata AltrozXZ Option Diesel,2022,"34,200kms",Diesel,Manual,₹8.35 Lakh,Hyderabad
2275,Maruti,Maruti SwiftVXI AMT BSVI,2022,"16,000kms",Petrol,Automatic,₹7.75 Lakh,Hyderabad
2276,Renault,Renault KigerRXZ Turbo CVT DT,2022,"44,479kms",Petrol,Automatic,₹8.31 Lakh,Hyderabad
2277,Kia,Kia SonetHTX Turbo iMT,2023,"23,104kms",Petrol,Manual,₹9.25 Lakh,Hyderabad
2278,Nissan,Nissan Kicks1.5 XV,2021,"30,541kms",Petrol,Manual,₹7.50 Lakh,Hyderabad
2279,Ford,Ford Ecosport1.5 Petrol Titanium BSIV,2019,"54,300kms",Petrol,Manual,₹6.99 Lakh,Hyderabad
2280,Mahindra,Mahindra XUV700AX5 5Str AT,2023,"17,316kms",Petrol,Automatic,₹17.58 Lakh,Hyderabad
2281,Mahindra,Mahindra XUV700AX5 7 Str Diesel BSVI,2023,"27,182kms",Diesel,Manual,₹17.25 Lakh,Hyderabad
2282,Maruti,Maruti S-PressoVXi Plus,2022,"32,889kms",Petrol,Manual,₹4.06 Lakh,Hyderabad
2283,Renault,2018Renault KWID1.0 RXT Optional AT  -2019,2016,"51,940kms",Petrol,Automatic,₹3.22 Lakh,Hyderabad
2284,Volkswagen,Volkswagen Taigun1.0 Topline AT,2022,"60,003kms",Petrol,Automatic,₹12.36 Lakh,Hyderabad
2285,Honda,Honda ElevateZX Non RF,2023,"9,627kms",Petrol,Manual,₹13.82 Lakh,Hyderabad
2286,Hyundai,Hyundai CretaSX Opt Turbo BSVI,2020,"49,160kms",Petrol,Automatic,₹11.52 Lakh,Hyderabad
2287,Maruti,Maruti BrezzaZxi AT,2022,"28,374kms",Petrol,Automatic,₹10.39 Lakh,Hyderabad
2288,Hyundai,Hyundai VenueSX,2023,"14,512kms",Petrol,Manual,₹10.95 Lakh,Hyderabad
2289,Hyundai,Hyundai VenueSX Opt Turbo DT,2023,"7,830kms",Petrol,Manual,₹13 Lakh,Hyderabad
2290,Maruti,Maruti BrezzaZxi,2023,"20,940kms",Petrol,Manual,₹9.90 Lakh,Hyderabad
2291,Renault,Renault KigerRXZ Turbo CVT DT,2022,"44,479kms",Petrol,Automatic,₹8.31 Lakh,Hyderabad
2292,Kia,Kia SonetHTX Turbo iMT,2023,"23,104kms",Petrol,Manual,₹9.25 Lakh,Hyderabad
2293,Mahindra,Mahindra XUV300W8,2019,"72,000kms",Petrol,Manual,₹7.50 Lakh,Hyderabad
2294,Volkswagen,Volkswagen Polo1.0 TSI Highline Plus,2021,"57,500kms",Petrol,Manual,₹7.15 Lakh,Hyderabad
2295,Tata,Tata AltrozXZ Option Diesel,2022,"34,200kms",Diesel,Manual,₹8.35 Lakh,Hyderabad
2296,Maruti,Maruti SwiftVXI AMT BSVI,2022,"16,000kms",Petrol,Automatic,₹7.75 Lakh,Hyderabad
2297,Ford,Ford Ecosport1.5 Petrol Titanium BSIV,2019,"54,300kms",Petrol,Manual,₹6.99 Lakh,Hyderabad
2298,Ford,Ford Ecosport1.5 Diesel Titanium BSIV,2018,"69,306kms",Diesel,Manual,₹6.99 Lakh,Hyderabad
2299,Nissan,Nissan Kicks1.5 XV,2021,"30,541kms",Petrol,Manual,₹7.50 Lakh,Hyderabad
2300,Mahindra,Mahindra XUV700AX5 5Str AT,2023,"17,316kms",Petrol,Automatic,₹17.58 Lakh,Hyderabad
2301,Mahindra,Mahindra XUV700AX5 7 Str Diesel BSVI,2023,"27,182kms",Diesel,Manual,₹17.25 Lakh,Hyderabad
2302,Renault,2018Renault KWID1.0 RXT Optional AT  -2019,2016,"51,940kms",Petrol,Automatic,₹3.22 Lakh,Hyderabad
2303,Tata,Tata TiagoXZ  -2022,2020,"1,39,031kms",Petrol,Manual,₹3.17 Lakh,Hyderabad
2304,Volkswagen,Volkswagen Taigun1.0 Topline AT,2022,"60,003kms",Petrol,Automatic,₹12.36 Lakh,Hyderabad
2305,Honda,Honda ElevateZX Non RF,2023,"9,627kms",Petrol,Manual,₹13.82 Lakh,Hyderabad
2306,Hyundai,Hyundai CretaSX Opt Turbo BSVI,2020,"49,160kms",Petrol,Automatic,₹11.52 Lakh,Hyderabad
2307,Maruti,Maruti BrezzaZxi AT,2022,"28,374kms",Petrol,Automatic,₹10.39 Lakh,Hyderabad
2308,Hyundai,Hyundai VenueSX,2023,"14,512kms",Petrol,Manual,₹10.95 Lakh,Hyderabad
2309,Hyundai,Hyundai VenueSX Opt Turbo DT,2023,"7,830kms",Petrol,Manual,₹13 Lakh,Hyderabad
2310,Maruti,Maruti BrezzaZxi,2023,"20,940kms",Petrol,Manual,₹9.90 Lakh,Hyderabad
2311,Mahindra,Mahindra XUV300W8,2019,"72,000kms",Petrol,Manual,₹7.50 Lakh,Hyderabad
2312,Ford,Ford Ecosport1.5 Diesel Titanium BSIV,2018,"69,306kms",Diesel,Manual,₹6.99 Lakh,Hyderabad
2313,Volkswagen,Volkswagen Polo1.0 TSI Highline Plus,2021,"57,500kms",Petrol,Manual,₹7.15 Lakh,Hyderabad
2314,Tata,Tata AltrozXZ Option Diesel,2022,"34,200kms",Diesel,Manual,₹8.35 Lakh,Hyderabad
2315,Maruti,Maruti SwiftVXI AMT BSVI,2022,"16,000kms",Petrol,Automatic,₹7.75 Lakh,Hyderabad
2316,Renault,Renault KigerRXZ Turbo CVT DT,2022,"44,479kms",Petrol,Automatic,₹8.31 Lakh,Hyderabad
2317,Kia,Kia SonetHTX Turbo iMT,2023,"23,104kms",Petrol,Manual,₹9.25 Lakh,Hyderabad
2318,Nissan,Nissan Kicks1.5 XV,2021,"30,541kms",Petrol,Manual,₹7.50 Lakh,Hyderabad
2319,Ford,Ford Ecosport1.5 Petrol Titanium BSIV,2019,"54,300kms",Petrol,Manual,₹6.99 Lakh,Hyderabad
2320,Mahindra,Mahindra XUV700AX5 5Str AT,2023,"17,316kms",Petrol,Automatic,₹17.58 Lakh,Hyderabad
2321,Mahindra,Mahindra XUV700AX5 7 Str Diesel BSVI,2023,"27,182kms",Diesel,Manual,₹17.25 Lakh,Hyderabad
2322,Maruti,Maruti S-PressoVXi Plus,2022,"32,889kms",Petrol,Manual,₹4.06 Lakh,Hyderabad
2323,Renault,2018Renault KWID1.0 RXT Optional AT  -2019,2016,"51,940kms",Petrol,Automatic,₹3.22 Lakh,Hyderabad
2324,Volkswagen,Volkswagen Taigun1.0 Topline AT,2022,"60,003kms",Petrol,Automatic,₹12.36 Lakh,Hyderabad
2325,Honda,Honda ElevateZX Non RF,2023,"9,627kms",Petrol,Manual,₹13.82 Lakh,Hyderabad
2326,Hyundai,Hyundai CretaSX Opt Turbo BSVI,2020,"49,160kms",Petrol,Automatic,₹11.52 Lakh,Hyderabad
2327,Maruti,Maruti BrezzaZxi AT,2022,"28,374kms",Petrol,Automatic,₹10.39 Lakh,Hyderabad
2328,Hyundai,Hyundai VenueSX,2023,"14,512kms",Petrol,Manual,₹10.95 Lakh,Hyderabad
2329,Hyundai,Hyundai VenueSX Opt Turbo DT,2023,"7,830kms",Petrol,Manual,₹13 Lakh,Hyderabad
2330,Maruti,Maruti BrezzaZxi,2023,"20,940kms",Petrol,Manual,₹9.90 Lakh,Hyderabad
2331,Renault,Renault KigerRXZ Turbo CVT DT,2022,"44,479kms",Petrol,Automatic,₹8.31 Lakh,Hyderabad
2332,Kia,Kia SonetHTX Turbo iMT,2023,"23,104kms",Petrol,Manual,₹9.25 Lakh,Hyderabad
2333,Mahindra,Mahindra XUV300W8,2019,"72,000kms",Petrol,Manual,₹7.50 Lakh,Hyderabad
2334,Volkswagen,Volkswagen Polo1.0 TSI Highline Plus,2021,"57,500kms",Petrol,Manual,₹7.15 Lakh,Hyderabad
2335,Tata,Tata AltrozXZ Option Diesel,2022,"34,200kms",Diesel,Manual,₹8.35 Lakh,Hyderabad
2336,Maruti,Maruti SwiftVXI AMT BSVI,2022,"16,000kms",Petrol,Automatic,₹7.75 Lakh,Hyderabad
2337,Ford,Ford Ecosport1.5 Petrol Titanium BSIV,2019,"54,300kms",Petrol,Manual,₹6.99 Lakh,Hyderabad
2338,Ford,Ford Ecosport1.5 Diesel Titanium BSIV,2018,"69,306kms",Diesel,Manual,₹6.99 Lakh,Hyderabad
2339,Nissan,Nissan Kicks1.5 XV,2021,"30,541kms",Petrol,Manual,₹7.50 Lakh,Hyderabad
2340,Mahindra,Mahindra XUV700AX5 5Str AT,2023,"17,316kms",Petrol,Automatic,₹17.58 Lakh,Hyderabad
2341,Mahindra,Mahindra XUV700AX5 7 Str Diesel BSVI,2023,"27,182kms",Diesel,Manual,₹17.25 Lakh,Hyderabad
2342,Renault,2018Renault KWID1.0 RXT Optional AT  -2019,2016,"51,940kms",Petrol,Automatic,₹3.22 Lakh,Hyderabad
2343,Tata,Tata TiagoXZ  -2022,2020,"1,39,031kms",Petrol,Manual,₹3.17 Lakh,Hyderabad
2344,Volkswagen,Volkswagen Taigun1.0 Topline AT,2022,"60,003kms",Petrol,Automatic,₹12.36 Lakh,Hyderabad
2345,Honda,Honda ElevateZX Non RF,2023,"9,627kms",Petrol,Manual,₹13.82 Lakh,Hyderabad
2346,Hyundai,Hyundai CretaSX Opt Turbo BSVI,2020,"49,160kms",Petrol,Automatic,₹11.52 Lakh,Hyderabad
2347,Maruti,Maruti BrezzaZxi AT,2022,"28,374kms",Petrol,Automatic,₹10.39 Lakh,Hyderabad
2348,Hyundai,Hyundai VenueSX,2023,"14,512kms",Petrol,Manual,₹10.95 Lakh,Hyderabad
2349,Hyundai,Hyundai VenueSX Opt Turbo DT,2023,"7,830kms",Petrol,Manual,₹13 Lakh,Hyderabad
2350,Maruti,Maruti BrezzaZxi,2023,"20,940kms",Petrol,Manual,₹9.90 Lakh,Hyderabad
2351,Mahindra,Mahindra XUV300W8,2019,"72,000kms",Petrol,Manual,₹7.50 Lakh,Hyderabad
2352,Ford,Ford Ecosport1.5 Diesel Titanium BSIV,2018,"69,306kms",Diesel,Manual,₹6.99 Lakh,Hyderabad
2353,Volkswagen,Volkswagen Polo1.0 TSI Highline Plus,2021,"57,500kms",Petrol,Manual,₹7.15 Lakh,Hyderabad
2354,Tata,Tata AltrozXZ Option Diesel,2022,"34,200kms",Diesel,Manual,₹8.35 Lakh,Hyderabad
2355,Maruti,Maruti SwiftVXI AMT BSVI,2022,"16,000kms",Petrol,Automatic,₹7.75 Lakh,Hyderabad
2356,Renault,Renault KigerRXZ Turbo CVT DT,2022,"44,479kms",Petrol,Automatic,₹8.31 Lakh,Hyderabad
2357,Kia,Kia SonetHTX Turbo iMT,2023,"23,104kms",Petrol,Manual,₹9.25 Lakh,Hyderabad
2358,Nissan,Nissan Kicks1.5 XV,2021,"30,541kms",Petrol,Manual,₹7.50 Lakh,Hyderabad
2359,Ford,Ford Ecosport1.5 Petrol Titanium BSIV,2019,"54,300kms",Petrol,Manual,₹6.99 Lakh,Hyderabad
2360,Mahindra,Mahindra XUV700AX5 5Str AT,2023,"17,316kms",Petrol,Automatic,₹17.58 Lakh,Hyderabad
2361,Mahindra,Mahindra XUV700AX5 7 Str Diesel BSVI,2023,"27,182kms",Diesel,Manual,₹17.25 Lakh,Hyderabad
2362,Maruti,Maruti S-PressoVXi Plus,2022,"32,889kms",Petrol,Manual,₹4.06 Lakh,Hyderabad
2363,Renault,2018Renault KWID1.0 RXT Optional AT  -2019,2016,"51,940kms",Petrol,Automatic,₹3.22 Lakh,Hyderabad
2364,Volkswagen,Volkswagen Taigun1.0 Topline AT,2022,"60,003kms",Petrol,Automatic,₹12.36 Lakh,Hyderabad
2365,Honda,Honda ElevateZX Non RF,2023,"9,627kms",Petrol,Manual,₹13.82 Lakh,Hyderabad
2366,Hyundai,Hyundai CretaSX Opt Turbo BSVI,2020,"49,160kms",Petrol,Automatic,₹11.52 Lakh,Hyderabad
2367,Maruti,Maruti BrezzaZxi AT,2022,"28,374kms",Petrol,Automatic,₹10.39 Lakh,Hyderabad
2368,Hyundai,Hyundai VenueSX,2023,"14,512kms",Petrol,Manual,₹10.95 Lakh,Hyderabad
2369,Hyundai,Hyundai VenueSX Opt Turbo DT,2023,"7,830kms",Petrol,Manual,₹13 Lakh,Hyderabad
2370,Maruti,Maruti BrezzaZxi,2023,"20,940kms",Petrol,Manual,₹9.90 Lakh,Hyderabad
2371,Renault,Renault KigerRXZ Turbo CVT DT,2022,"44,479kms",Petrol,Automatic,₹8.31 Lakh,Hyderabad
2372,Kia,Kia SonetHTX Turbo iMT,2023,"23,104kms",Petrol,Manual,₹9.25 Lakh,Hyderabad
2373,Nissan,Nissan Kicks1.5 XV,2021,"30,541kms",Petrol,Manual,₹7.50 Lakh,Hyderabad
2374,Tata,Tata AltrozXZ Option Diesel,2022,"34,200kms",Diesel,Manual,₹8.35 Lakh,Hyderabad
2375,Maruti,Maruti SwiftVXI AMT BSVI,2022,"16,000kms",Petrol,Automatic,₹7.75 Lakh,Hyderabad
2376,Ford,Ford Ecosport1.5 Diesel Titanium BSIV,2018,"69,306kms",Diesel,Manual,₹6.99 Lakh,Hyderabad
2377,Ford,Ford Ecosport1.5 Petrol Titanium BSIV,2019,"54,300kms",Petrol,Manual,₹6.99 Lakh,Hyderabad
2378,Volkswagen,Volkswagen Polo1.0 TSI Highline Plus,2021,"57,500kms",Petrol,Manual,₹7.15 Lakh,Hyderabad
2379,Mahindra,Mahindra XUV300W8,2019,"72,000kms",Petrol,Manual,₹7.50 Lakh,Hyderabad
2380,Mahindra,Mahindra XUV700AX5 5Str AT,2023,"17,316kms",Petrol,Automatic,₹17.58 Lakh,Hyderabad
2381,Mahindra,Mahindra XUV700AX5 7 Str Diesel BSVI,2023,"27,182kms",Diesel,Manual,₹17.25 Lakh,Hyderabad
2382,Renault,2018Renault KWID1.0 RXT Optional AT  -2019,2016,"51,940kms",Petrol,Automatic,₹3.22 Lakh,Hyderabad
2383,Tata,Tata TiagoXZ  -2022,2020,"1,39,031kms",Petrol,Manual,₹3.17 Lakh,Hyderabad
