car_brand,car_name,year,km_driven,fuel,transmission,price,city
BMW,BMW 3 Series Long Wheelbase330Li M Sport First Edition,2021,"9,690kms",Petrol,Automatic,₹38 Lakh,delhi-ncr
Mahindra,Mahindra XUV500AT W10 FWD,2017,"1,20,000kms",Diesel,Automatic,₹4.10 Lakh,delhi-ncr
BMW,BMW 2 Series Gran Coupe220i M Sport,2025,"3,000kms",Petrol,Automatic,₹39.50 Lakh,delhi-ncr
Renault,Renault TriberRXT BSVI,2021,"22,000kms",Petrol,Manual,₹3.50 Lakh,delhi-ncr
Maruti,Maruti CelerioZXI BSVI,2022,"24,000kms",Petrol,Manual,₹4.25 Lakh,delhi-ncr
Renault,Renault DusterRXZ AWD,2016,"70,000kms",Diesel,Manual,₹3.40 Lakh,delhi-ncr
BMW,BMW 2 Series Gran Coupe218 M Sport Pro,2025,"3,000kms",Petrol,Automatic,₹38.90 Lakh,delhi-ncr
Land Rover,Land Rover DiscoveryHSE 2.0 SD4,2018,"32,000kms",Petrol,Automatic,₹26.50 Lakh,delhi-ncr
Mahindra,Mahindra TharLX Hard Top AT RWD,2024,"10,000kms",Petrol,Automatic,₹13.35 Lakh,delhi-ncr
MG,MG GlosterSuper 7-Str,2022,"60,000kms",Diesel,Automatic,₹20 Lakh,delhi-ncr
Hyundai,Hyundai VenueS,2022,"42,919kms",Petrol,Manual,₹5.88 Lakh,delhi-ncr
Maruti,Maruti Baleno1.2 Alpha,2018,"54,952kms",Petrol,Manual,₹4.42 Lakh,delhi-ncr
Maruti,Maruti Baleno1.2 Sigma,2017,"54,849kms",Petrol,Manual,₹3.46 Lakh,delhi-ncr
Hyundai,Hyundai CretaE,2024,"8,000kms",Petrol,Manual,₹11.50 Lakh,delhi-ncr
Honda,Honda WR-Vi-VTEC VX,2018,"50,054kms",Petrol,Manual,₹4.65 Lakh,delhi-ncr
Maruti,Maruti SwiftVXI AMT BSVI,2022,"39,745kms",Petrol,Automatic,₹5.53 Lakh,delhi-ncr
Maruti,Maruti BalenoZeta Diesel,2021,"4,702kms",Diesel,Manual,₹6.27 Lakh,delhi-ncr
Kia,Kia SeltosHTX,2024,"6,000kms",Petrol,Manual,₹15.75 Lakh,delhi-ncr
Jeep,Jeep Compass1.4 Limited Opt DCT BSVI,2022,"47,295kms",Petrol,Automatic,₹16.42 Lakh,delhi-ncr
Tata,Tata Tiago1.2 Revotron XZA,2017,"66,559kms",Petrol,Automatic,₹3.16 Lakh,delhi-ncr
MG,MG GlosterSavvy 6-Str,2021,"80,000kms",Diesel,Automatic,₹24.50 Lakh,delhi-ncr
Renault,Renault KigerRXZ,2021,"62,445kms",Petrol,Manual,₹5.26 Lakh,delhi-ncr
Maruti,Maruti Wagon RVXI 1.2,2017,"23,270kms",Petrol,Manual,₹3.64 Lakh,delhi-ncr
Maruti,Maruti CelerioZXI,2015,"1,00,298kms",Petrol,Manual,₹3.05 Lakh,delhi-ncr
Porsche,Porsche 911Turbo S  -2025,2023,"4,500kms",Petrol,Automatic,₹2.31 Crore,delhi-ncr
Hyundai,Hyundai Grand i101.2 Kappa Magna BSIV,2013,"43,400kms",Petrol,Manual,₹2.82 Lakh,delhi-ncr
Mahindra,Mahindra KUV 100 NXTG80 K8 6Str,2016,"52,025kms",Petrol,Manual,₹3.11 Lakh,delhi-ncr
Maruti,Maruti Alto K10VXI,2018,"27,148kms",Petrol,Manual,₹3.08 Lakh,delhi-ncr
Mercedes-Benz,Mercedes-Benz GLA Class200 Sport,2020,"60,000kms",Petrol,Automatic,₹23.50 Lakh,delhi-ncr
Maruti,Maruti SwiftVXI,2013,"84,364kms",Petrol,Manual,₹2.55 Lakh,delhi-ncr
Kia,Kia SeltosHTK G,2021,"66,115kms",Petrol,Manual,₹7.32 Lakh,delhi-ncr
Tata,Tata AltrozXZ,2023,"24,290kms",Petrol,Manual,₹6.78 Lakh,delhi-ncr
Jeep,Jeep Compass1.4 Limited Plus BSIV,2019,"86,000kms",Petrol,Automatic,₹10.90 Lakh,delhi-ncr
Honda,Honda AmazeV Petrol BSIV,2019,"53,602kms",Petrol,Manual,₹5.11 Lakh,delhi-ncr
Hyundai,Hyundai CretaSX BSVI,2021,"74,935kms",Petrol,Manual,₹9.48 Lakh,delhi-ncr
Tata,Tata TigorXZ Plus CNG BSVI,2022,"70,473kms",CNG,Manual,₹5.36 Lakh,delhi-ncr
Mercedes-Benz,Mercedes-Benz GLA200,2024,"8,000kms",Petrol,Automatic,₹44.50 Lakh,delhi-ncr
Honda,Honda Cityi VTEC S,2014,"70,800kms",Petrol,Manual,₹3.81 Lakh,delhi-ncr
Renault,Renault DusterPetrol RxL,2013,"1,35,055kms",Petrol,Manual,₹2.07 Lakh,delhi-ncr
Volkswagen,Volkswagen Ameo1.2 MPI Comfortline,2017,"87,143kms",Petrol,Manual,₹3.30 Lakh,delhi-ncr
Ford,Ford Endeavour3.2 Titanium AT 4X4,2017,"1,00,000kms",Diesel,Automatic,₹16.50 Lakh,delhi-ncr
Maruti,Maruti SwiftVXI,2016,"64,708kms",Petrol,Manual,₹3.13 Lakh,delhi-ncr
Maruti,Maruti Vitara BrezzaVXI,2022,"44,506kms",Petrol,Manual,₹6.45 Lakh,delhi-ncr
Honda,Honda Cityi-VTEC CVT VX,2019,"44,350kms",Petrol,Automatic,₹6.83 Lakh,delhi-ncr
BMW,BMW 3 Series Long Wheelbase330Li M Sport First Edition,2021,"9,690kms",Petrol,Automatic,₹38 Lakh,delhi-ncr
Hyundai,Hyundai Grand i10 NiosMagna,2021,"42,914kms",Petrol,Manual,₹3.92 Lakh,delhi-ncr
Tata,Tata AltrozXZ Plus Dark Edition BSVI,2022,"54,561kms",Petrol,Manual,₹5.38 Lakh,delhi-ncr
Tata,Tata SafariXZA Plus AT BSVI,2021,"71,206kms",Diesel,Automatic,₹11.82 Lakh,delhi-ncr
Renault,Renault KWIDRXL,2018,"41,000kms",Petrol,Manual,₹2.75 Lakh,delhi-ncr
Honda,Honda AmazeS i-Vtech,2016,"88,804kms",Petrol,Manual,₹2.88 Lakh,delhi-ncr
Tata,Tata TiagoXZ Plus BSVI,2021,"69,220kms",Petrol,Manual,₹3.82 Lakh,delhi-ncr
Maruti,Maruti Wagon RVXI BS IV,2014,"75,577kms",Petrol,Manual,₹1.98 Lakh,delhi-ncr
Maruti,Maruti Baleno1.2 Delta,2016,"68,000kms",Petrol,Manual,₹3.85 Lakh,delhi-ncr
Hyundai,Hyundai Verna1.6 VTVT S Option,2015,"59,569kms",Petrol,Manual,₹3.62 Lakh,delhi-ncr
Maruti,Maruti CelerioVXI Optional MT BSIV,2018,"40,717kms",Petrol,Manual,₹3.26 Lakh,delhi-ncr
Maruti,Maruti CiazZXi,2015,"92,229kms",Petrol,Manual,₹3.50 Lakh,delhi-ncr
Hyundai,Hyundai Creta1.6 CRDi AT SX Plus,2018,"85,000kms",Diesel,Automatic,₹7.25 Lakh,delhi-ncr
Hyundai,Hyundai Xcent1.2 Kappa S,2016,"84,129kms",Petrol,Manual,₹2.57 Lakh,delhi-ncr
Hyundai,Hyundai Grand i101.2 Kappa Era,2017,"62,175kms",Petrol,Manual,₹2.54 Lakh,delhi-ncr
Kia,Kia CarnivalLimousine Plus,2021,"1,00,000kms",Diesel,Automatic,₹24.25 Lakh,delhi-ncr
Jaguar,Jaguar XE2.0L Diesel Prestige,2018,"25,000kms",Diesel,Automatic,₹27 Lakh,delhi-ncr
Toyota,Toyota Innova Crysta2.4 GX 7 STR AT,2022,"55,000kms",Diesel,Automatic,₹16.50 Lakh,delhi-ncr
Ford,Ford Ecosport1.5 TDCi Titanium BSIV,2016,"60,000kms",Diesel,Manual,₹2.90 Lakh,delhi-ncr
Maruti,Maruti CiazSigma BSIV,2020,"52,000kms",Petrol,Manual,₹6.25 Lakh,delhi-ncr
Ford,Ford EndeavourTitanium Plus 4X2 AT,2021,"86,000kms",Diesel,Automatic,₹25.75 Lakh,delhi-ncr
Honda,Honda AmazeS i-Vtech,2016,"43,584kms",Petrol,Manual,₹3.15 Lakh,delhi-ncr
Maruti,Maruti Ciaz1.4 Sigma,2018,"55,000kms",Petrol,Manual,₹4.65 Lakh,delhi-ncr
Honda,Honda AmazeSX i VTEC,2017,"71,000kms",Petrol,Manual,₹3.55 Lakh,delhi-ncr
Jeep,Jeep Grand CherokeeLimited Opt,2024,"60,000kms",Petrol,Automatic,₹55 Lakh,delhi-ncr
Tata,Tata Tiago1.2 Revotron XZ,2019,"68,882kms",Petrol,Manual,₹3.75 Lakh,delhi-ncr
Honda,Honda Jazz1.2 VX i VTEC,2016,"67,006kms",Petrol,Manual,₹3.75 Lakh,delhi-ncr
Tata,Tata TigorXZ Plus CNG BSVI,2022,"55,000kms",CNG,Manual,₹4.85 Lakh,delhi-ncr
Mercedes-Benz,Mercedes-Benz GLS350d Grand Edition,2019,"54,000kms",Diesel,Automatic,₹42 Lakh,delhi-ncr
Toyota,Toyota Innova Crysta2.4 VX MT BSIV,2018,"1,44,000kms",Diesel,Manual,₹14.25 Lakh,delhi-ncr
MG,MG HectorSmart DCT,2019,"31,000kms",Petrol,Automatic,₹9.90 Lakh,delhi-ncr
Hyundai,Hyundai CretaEX BSVI,2021,"58,000kms",Petrol,Manual,₹8.50 Lakh,delhi-ncr
Maruti,Maruti BrezzaLxi CNG,2025,"20,000kms",CNG,Manual,₹9 Lakh,delhi-ncr
Maruti,Maruti ErtigaBSIV ZXI,2016,"71,000kms",Petrol,Manual,₹4.95 Lakh,delhi-ncr
Kia,Kia SonetHTX Turbo DCT,2023,"30,000kms",Petrol,Automatic,₹9.90 Lakh,delhi-ncr
Hyundai,Hyundai Verna1.6 VTVT,2014,"58,000kms",Petrol,Manual,₹2.80 Lakh,delhi-ncr
Hyundai,Hyundai Creta1.6 VTVT SX Plus,2017,"68,000kms",Petrol,Manual,₹5.70 Lakh,delhi-ncr
MG,MG HectorSharp DCT,2020,"47,000kms",Petrol,Automatic,₹9.92 Lakh,delhi-ncr
BMW,BMW X1sDrive20i xLine,2017,"61,000kms",Petrol,Automatic,₹16.50 Lakh,delhi-ncr
Hyundai,Hyundai VenueS BSIV,2020,"65,000kms",Petrol,Manual,₹5.80 Lakh,delhi-ncr
Toyota,Toyota Corolla AltisG AT,2015,"1,20,000kms",Petrol,Automatic,₹5.95 Lakh,delhi-ncr
Ford,Ford Ecosport1.5 Petrol Titanium Plus BSIV,2019,"42,000kms",Petrol,Manual,₹5.80 Lakh,delhi-ncr
Toyota,Toyota Etios LivaG,2014,"63,000kms",Petrol,Manual,₹2.70 Lakh,delhi-ncr
Mahindra,Mahindra TharLX Hard Top,2023,"32,000kms",Petrol,Manual,₹12.75 Lakh,delhi-ncr
Hyundai,Hyundai i20Asta 1.2,2015,"65,000kms",Petrol,Manual,₹3.85 Lakh,delhi-ncr
Maruti,Maruti Alto 800LXI,2020,"30,000kms",Petrol,Manual,₹2.60 Lakh,delhi-ncr
Tata,Tata TiagoXT BSVI,2022,"22,000kms",Petrol,Manual,₹4.60 Lakh,delhi-ncr
Hyundai,Hyundai Creta1.6 VTVT AT SX Plus,2016,"59,861kms",Petrol,Automatic,₹6.75 Lakh,delhi-ncr
Skoda,Skoda Octavia1.8 TSI AT L K,2017,"50,000kms",Petrol,Automatic,₹7.50 Lakh,delhi-ncr
Kia,Kia SonetGTX Plus Turbo DCT DT,2020,"1,11,598kms",Petrol,Automatic,₹7.95 Lakh,delhi-ncr
Toyota,Toyota Etios1.5 VX,2017,"67,320kms",Petrol,Manual,₹4.95 Lakh,delhi-ncr
Hyundai,Hyundai CretaS BSVI,2020,"61,281kms",Petrol,Manual,₹9.50 Lakh,delhi-ncr
Volkswagen,Volkswagen Polo1.2 MPI Comfortline,2014,"61,000kms",Petrol,Manual,₹2.99 Lakh,delhi-ncr
Ford,Ford Ecosport1.5 Petrol Titanium BSIV,2018,"65,000kms",Petrol,Manual,₹5.15 Lakh,delhi-ncr
Hyundai,Hyundai Xcent1.2 VTVT E Plus,2017,"60,000kms",Petrol,Manual,₹3.25 Lakh,delhi-ncr
Hyundai,Hyundai Creta1.6 VTVT SX Plus,2017,"70,000kms",Petrol,Manual,₹6.50 Lakh,delhi-ncr
Maruti,Maruti CiazVXi Plus,2015,"64,000kms",Petrol,Manual,₹4.65 Lakh,delhi-ncr
Maruti,Maruti Wagon RCNG LXI,2022,"35,000kms",CNG,Manual,₹4.85 Lakh,delhi-ncr
Hyundai,Hyundai AlcazarSignature DCT,2024,"1,682kms",Petrol,Automatic,₹19.90 Lakh,delhi-ncr
Maruti,Maruti Swift DzireVXI BSVI,2020,"50,000kms",Petrol,Manual,₹5.40 Lakh,delhi-ncr
Ford,Ford MustangV8,2017,"24,000kms",Petrol,Automatic,₹76.75 Lakh,delhi-ncr
Hyundai,Hyundai Verna1.4 VTVT,2016,"20,000kms",Petrol,Manual,₹4.95 Lakh,delhi-ncr
Kia,Kia CarnivalLimousine Plus,2021,"1,00,000kms",Diesel,Automatic,₹24.25 Lakh,delhi-ncr
MG,MG GlosterSavvy 7-Str,2022,"8,200kms",Diesel,Automatic,₹31 Lakh,delhi-ncr
Mercedes-Benz,Mercedes-Benz S-ClassS 350 CDI,2016,"8,300kms",Diesel,Automatic,₹22.50 Lakh,delhi-ncr
Honda,Honda AmazeS Petrol BSIV,2018,"53,000kms",Petrol,Manual,₹3.90 Lakh,delhi-ncr
Hyundai,Hyundai i20Magna Diesel,2021,"57,000kms",Diesel,Manual,₹6.85 Lakh,delhi-ncr
Hyundai,Hyundai i20Sportz 1.2,2014,"52,000kms",Petrol,Manual,₹2.20 Lakh,delhi-ncr
Honda,Honda CivicZX BSIV,2019,"50,000kms",Petrol,Automatic,₹11.25 Lakh,delhi-ncr
Mahindra,Mahindra TharLX 4WD Hard Top AT BSVI,2023,"31,000kms",Petrol,Automatic,₹12.50 Lakh,delhi-ncr
Maruti,Maruti CiazAlpha Automatic BSIV,2017,"75,000kms",Petrol,Automatic,₹5.35 Lakh,delhi-ncr
Mercedes-Benz,Mercedes-Benz E-ClassE 220D,2017,"58,000kms",Diesel,Automatic,₹22.90 Lakh,delhi-ncr
BMW,BMW 5 Series530Li,2024,"27,000kms",Petrol,Automatic,₹64 Lakh,delhi-ncr
Hyundai,Hyundai Creta1.6 E Plus,2020,"28,000kms",Petrol,Manual,₹7.50 Lakh,delhi-ncr
Toyota,Toyota Innova Crysta2.4 GX 7 STR AT,2020,"25,000kms",Diesel,Automatic,₹17.50 Lakh,delhi-ncr
Audi,Audi A430 TFSI Technology,2017,"65,000kms",Petrol,Automatic,₹17.50 Lakh,delhi-ncr
Volvo,Volvo XC60B5 Inscripition,2022,"33,254kms",Petrol,Automatic,₹41 Lakh,delhi-ncr
Ford,Ford Figo1.5D Titanium MT,2019,"72,000kms",Diesel,Manual,₹4.10 Lakh,delhi-ncr
Hyundai,Hyundai CretaSX BSVI,2022,"50,000kms",Petrol,Manual,₹12 Lakh,delhi-ncr
Maruti,Maruti SwiftLXI,2020,"65,000kms",Petrol,Manual,₹4.50 Lakh,delhi-ncr
Hyundai,Hyundai Grand i10Asta Option,2013,"69,000kms",Petrol,Manual,₹2.99 Lakh,delhi-ncr
Kia,Kia CarensLuxury Plus iMT BSVI,2023,"7,000kms",Petrol,Automatic,₹15.50 Lakh,delhi-ncr
Hyundai,Hyundai TucsonGLS Diesel AT,2021,"75,000kms",Diesel,Automatic,₹15 Lakh,delhi-ncr
MG,MG HectorSharp AT BSIV,2021,"38,000kms",Petrol,Automatic,₹13.50 Lakh,delhi-ncr
Honda,Honda BR-Vi-DTEC VX MT,2019,"72,000kms",Diesel,Manual,₹6.75 Lakh,delhi-ncr
Toyota,Toyota Innova Crysta2.4 G MT 8S BSIV,2018,"1,45,000kms",Diesel,Manual,₹10.50 Lakh,delhi-ncr
Skoda,Skoda OctaviaStyle,2022,"43,000kms",Petrol,Automatic,₹8.85 Lakh,delhi-ncr
Hyundai,Hyundai AuraS,2020,"55,000kms",Petrol,Manual,₹4.75 Lakh,delhi-ncr
Honda,Honda Jazz1.2 SV i VTEC,2015,"52,000kms",Petrol,Manual,₹4.25 Lakh,delhi-ncr
Hyundai,Hyundai TucsonGLS 4WD Diesel AT,2021,"95,000kms",Diesel,Automatic,₹15 Lakh,delhi-ncr
Maruti,Maruti BalenoZeta CVT,2021,"31,000kms",Petrol,Automatic,₹6.10 Lakh,delhi-ncr
Volkswagen,Volkswagen Taigun1.0 TSI Highline AT BSVI,2022,"60,000kms",Petrol,Automatic,₹9.75 Lakh,delhi-ncr
Maruti,Maruti CelerioLXI Optional MT BSIV,2019,"57,000kms",Petrol,Manual,₹3.60 Lakh,delhi-ncr
Hyundai,Hyundai Creta1.4 E Plus,2019,"68,000kms",Diesel,Manual,₹6.90 Lakh,delhi-ncr
Kia,Kia SeltosHTE Diesel,2020,"70,000kms",Diesel,Manual,₹6.75 Lakh,delhi-ncr
Mahindra,Mahindra Bolero Power PlusSLX,2019,"80,000kms",Diesel,Manual,₹5.55 Lakh,delhi-ncr
Ford,Ford Aspire1.2 Ti-VCT Titanium,2017,"66,000kms",Petrol,Manual,₹3.55 Lakh,delhi-ncr
Hyundai,Hyundai VenueS Turbo BSIV,2019,"60,000kms",Petrol,Manual,₹5.80 Lakh,delhi-ncr
Hyundai,Hyundai Creta1.6 VTVT E Plus,2017,"82,000kms",Petrol,Manual,₹5.90 Lakh,delhi-ncr
Ford,Ford Ecosport1.5 Petrol Titanium Plus BSIV,2016,"50,000kms",Petrol,Manual,₹4.30 Lakh,delhi-ncr
Mercedes-Benz,Mercedes-Benz CLA200 Sport Edition,2016,"55,000kms",Petrol,Automatic,₹12.50 Lakh,delhi-ncr
Hyundai,Hyundai VenueSX Plus Turbo DCT,2020,"42,000kms",Petrol,Automatic,₹7.50 Lakh,delhi-ncr
Skoda,Skoda Slavia1.0 TSI Style BSVI,2022,"60,000kms",Petrol,Manual,₹8.75 Lakh,delhi-ncr
Honda,Honda AmazeVX CVT i-VTEC,2016,"70,000kms",Petrol,Automatic,₹3.75 Lakh,delhi-ncr
BMW,BMW 3 SeriesM340i xDrive BSVI,2023,"3,650kms",Petrol,Automatic,₹70 Lakh,delhi-ncr
Land Rover,Land Rover Range Rover VelarR-Dynamic S Petrol,2020,"31,000kms",Petrol,Automatic,₹52 Lakh,delhi-ncr
BMW,BMW X4xDrive30i M Sport Black Shadow edition,2022,"32,000kms",Petrol,Automatic,₹55 Lakh,delhi-ncr
BMW,BMW 3 Series330i M Sport,2020,"49,000kms",Petrol,Automatic,₹29.75 Lakh,delhi-ncr
Audi,Audi A335 TFSI Premium,2019,"21,000kms",Petrol,Automatic,₹18.60 Lakh,delhi-ncr
BMW,2020BMW 6 SeriesGT 630i Luxury Line  -2021,2018,"36,000kms",Petrol,Automatic,₹39.90 Lakh,delhi-ncr
Toyota,Toyota Innova Crysta2.8 GX AT BSIV,2019,"89,000kms",Diesel,Automatic,₹13.90 Lakh,delhi-ncr
Volvo,Volvo S60 Cross CountryD4 AWD BSIV,2017,"55,000kms",Diesel,Automatic,₹12.90 Lakh,delhi-ncr
Mercedes-Benz,Mercedes-Benz GLA Class200 d Sport,2018,"1,00,000kms",Diesel,Automatic,₹12 Lakh,delhi-ncr
Audi,Audi Q855 TFSI Quattro BSVI,2021,"32,000kms",Petrol,Automatic,₹63 Lakh,delhi-ncr
Volkswagen,Volkswagen Tiguan2.0 TSI Elegance BSVI,2022,"35,000kms",Petrol,Automatic,₹25.75 Lakh,delhi-ncr
Mercedes-Benz,Mercedes-Benz GLA Class200,2015,"65,000kms",Petrol,Automatic,₹14.90 Lakh,delhi-ncr
Skoda,Skoda Kushaq1.0 TSI Ambition,2023,"79,400kms",Petrol,Manual,₹9 Lakh,delhi-ncr
Audi,Audi Q7Technology,2022,"25,000kms",Petrol,Automatic,₹63 Lakh,delhi-ncr
Mercedes-Benz,Mercedes-Benz GLC200,2023,"24,000kms",Petrol,Automatic,₹45 Lakh,delhi-ncr
Hyundai,Hyundai VenueS BSVI,2023,"25,000kms",Petrol,Manual,₹7.50 Lakh,delhi-ncr
Renault,Renault DusterPetrol RXS CVT,2017,"34,000kms",Petrol,Automatic,₹3.50 Lakh,delhi-ncr
Mercedes-Benz,Mercedes-Benz GLC200,2022,"19,000kms",Petrol,Automatic,₹45 Lakh,delhi-ncr
Toyota,Toyota Corolla AltisG AT,2016,"68,000kms",Petrol,Automatic,₹6.90 Lakh,delhi-ncr
Audi,Audi Q52.0 TFSI Quattro,2011,"1,05,680kms",Petrol,Automatic,₹3.95 Lakh,delhi-ncr
Ford,Ford Endeavour3.2 Titanium AT 4X4,2017,"1,00,000kms",Diesel,Automatic,₹25 Lakh,delhi-ncr
Mahindra,Mahindra XUV500W4,2016,"91,000kms",Diesel,Manual,₹4.25 Lakh,delhi-ncr
Mercedes-Benz,Mercedes-Benz GLC200,2022,"24,000kms",Petrol,Automatic,₹46.90 Lakh,delhi-ncr
Mercedes-Benz,Mercedes-Benz GLC300 4MATIC Sport,2018,"52,000kms",Petrol,Automatic,₹28 Lakh,delhi-ncr
Hyundai,Hyundai i20Magna Optional 1.2,2014,"62,000kms",Petrol,Manual,₹3.25 Lakh,delhi-ncr
Hyundai,Hyundai i201.2 Magna Executive,2018,"45,000kms",Petrol,Manual,₹4.50 Lakh,delhi-ncr
MG,2024MG Hector PlusSharp Pro CVT  -2025,2023,"9,900kms",Petrol,Automatic,₹18.90 Lakh,delhi-ncr
Toyota,Toyota RumionS CNG,2023,"15,400kms",CNG,Manual,₹10 Lakh,delhi-ncr
Honda,Honda Jazz1.2 S i VTEC,2015,"64,000kms",Petrol,Manual,₹3.60 Lakh,delhi-ncr
Mercedes-Benz,Mercedes-Benz GLC300 4MATIC Sport,2017,"43,000kms",Petrol,Automatic,₹25.75 Lakh,delhi-ncr
Mercedes-Benz,Mercedes-Benz E-ClassExpression E 220 d BSIV,2018,"45,000kms",Diesel,Automatic,₹28.50 Lakh,delhi-ncr
Mercedes-Benz,Mercedes-Benz C-ClassProgressive C 200,2019,"40,000kms",Petrol,Automatic,₹31.50 Lakh,delhi-ncr
Honda,Honda AmazeS AT i-Vtech,2014,"86,000kms",Petrol,Automatic,₹2.95 Lakh,delhi-ncr
BMW,BMW X1sDrive 20d xLine,2017,"77,000kms",Diesel,Automatic,₹13.50 Lakh,delhi-ncr
Honda,Honda AmazeS CVT Petrol,2021,"29,000kms",Petrol,Automatic,₹6.50 Lakh,delhi-ncr
Mahindra,Mahindra Thar ROXXMX5 RWD Diesel AT,2024,"8,500kms",Diesel,Automatic,₹17.95 Lakh,delhi-ncr
Hyundai,Hyundai Verna1.6 VTVT AT SX,2016,"58,000kms",Petrol,Automatic,₹6.15 Lakh,delhi-ncr
Mercedes-Benz,Mercedes-Benz GLA220d,2023,"14,000kms",Diesel,Automatic,₹36 Lakh,delhi-ncr
Audi,Audi Q330 TFSI Premium FWD,2018,"93,000kms",Petrol,Automatic,₹16.90 Lakh,delhi-ncr
Mahindra,Mahindra TharLX 4WD Hard Top Diesel AT BSVI,2021,"71,000kms",Diesel,Automatic,₹12.50 Lakh,delhi-ncr
Honda,Honda AmazeS i-VTEC,2017,"50,000kms",Petrol,Manual,₹3.75 Lakh,delhi-ncr
Mahindra,Mahindra XUV500W7 AT BSIV,2018,"26,000kms",Diesel,Automatic,₹8.35 Lakh,delhi-ncr
Maruti,Maruti Vitara BrezzaZDi Plus,2019,"85,000kms",Diesel,Manual,₹6.25 Lakh,delhi-ncr
Mercedes-Benz,Mercedes-Benz A-Class LimousineA 200 BSVI,2023,"14,000kms",Petrol,Automatic,₹34 Lakh,delhi-ncr
Hyundai,Hyundai Xcent1.2 Kappa S,2014,"48,000kms",Petrol,Manual,₹3.15 Lakh,delhi-ncr
Audi,Audi Q745 TDI Quattro Premium Plus,2019,"1,57,000kms",Diesel,Automatic,₹27.75 Lakh,delhi-ncr
Mercedes-Benz,Mercedes-Benz GLE250d,2016,"97,000kms",Diesel,Automatic,₹19.90 Lakh,delhi-ncr
Maruti,Maruti Vitara BrezzaZDi Plus AMT,2018,"8,50,000kms",Diesel,Automatic,₹6.35 Lakh,delhi-ncr
Tata,Tata Nexon1.2 Revotron XM,2017,"66,000kms",Petrol,Manual,₹4.55 Lakh,delhi-ncr
Hyundai,Hyundai Grand i10 NiosMagna,2021,"40,000kms",Petrol,Manual,₹5.40 Lakh,delhi-ncr
Mercedes-Benz,Mercedes-Benz C-ClassC 200,2023,"29,000kms",Petrol,Automatic,₹42 Lakh,delhi-ncr
Land Rover,2021Land Rover Range Rover Evoque2.0 R-Dynamic SE diesel  -2021,2020,"45,000kms",Diesel,Automatic,₹46.50 Lakh,delhi-ncr
Maruti,Maruti ErtigaBSIV VXI,2018,"70,000kms",Petrol,Manual,₹6.40 Lakh,delhi-ncr
Hyundai,Hyundai CretaSX IVT BSVI,2021,"12,757kms",Petrol,Automatic,₹10.70 Lakh,delhi-ncr
Mercedes-Benz,Mercedes-Benz C-ClassC 200,2025,"1,900kms",Petrol,Automatic,₹52.50 Lakh,delhi-ncr
Mercedes-Benz,Mercedes-Benz GLS400 4MATIC,2018,"59,00,000kms",Petrol,Automatic,₹36 Lakh,delhi-ncr
Lexus,Lexus NX300h,2018,"58,398kms",Petrol,Automatic,₹28 Lakh,delhi-ncr
Tata,Tata HarrierXT Plus BSVI,2023,"28,670kms",Diesel,Manual,₹10.55 Lakh,delhi-ncr
Ford,Ford EndeavourTitanium 4X2 AT,2021,"45,000kms",Diesel,Automatic,₹29.75 Lakh,delhi-ncr
Toyota,Toyota Innova HycrossZX Hybrid BSVI,2023,"12,790kms",Petrol,Automatic,₹27.50 Lakh,delhi-ncr
BMW,BMW i7xDrive60 M Sport,2024,"8,066kms",Electric,Automatic,₹1.36 Crore,delhi-ncr
Hyundai,Hyundai Grand i10 NiosMagna,2021,"55,000kms",Petrol,Manual,₹4.80 Lakh,delhi-ncr
Maruti,Maruti ErtigaVXI,2022,"46,300kms",Petrol,Manual,₹6.90 Lakh,delhi-ncr
Tata,Tata HarrierCamo XT Plus,2020,"33,500kms",Diesel,Manual,₹10.75 Lakh,delhi-ncr
Toyota,Toyota Innova HycrossZX Hybrid,2024,"40,000kms",Petrol,Automatic,₹30.70 Lakh,delhi-ncr
Mahindra,Mahindra ScorpioS9,2020,"64,500kms",Diesel,Manual,₹10.95 Lakh,delhi-ncr
Hyundai,Hyundai i10Era 1.1,2011,"1,22,055kms",Petrol,Manual,"₹65,000",delhi-ncr
Jaguar,Jaguar XF2.0 Petrol Portfolio,2016,"29,000kms",Petrol,Automatic,₹22 Lakh,delhi-ncr
BMW,BMW X5xDrive 30d M Sport,2018,"1,00,000kms",Diesel,Automatic,₹23 Lakh,delhi-ncr
Hyundai,Hyundai Creta1.6 E Plus,2018,"67,900kms",Petrol,Manual,₹5.40 Lakh,delhi-ncr
Maruti,Maruti Swift Dzire Tour1.2 S STD,2021,"75,200kms",Petrol,Manual,₹4.50 Lakh,delhi-ncr
Honda,Honda AmazeS Diesel,2020,"90,899kms",Diesel,Manual,₹4.10 Lakh,delhi-ncr
Volkswagen,Volkswagen Ameo1.2 MPI Comfortline,2017,"2,00,000kms",Petrol,Manual,₹2.50 Lakh,delhi-ncr
Maruti,Maruti ErtigaVXI CNG,2018,"83,500kms",CNG,Manual,₹5.80 Lakh,delhi-ncr
Mahindra,Mahindra ScorpioS 11 BSVI,2022,"32,000kms",Diesel,Manual,₹15.70 Lakh,delhi-ncr
Mahindra,Mahindra ScorpioS9 BSIV,2019,"38,000kms",Diesel,Manual,₹10.85 Lakh,delhi-ncr
Tata,2022Tata NexonXZ  -2022,2020,"36,000kms",Petrol,Manual,₹7.70 Lakh,delhi-ncr
Volkswagen,Volkswagen VirtusGT Plus DSG,2023,"29,300kms",Petrol,Automatic,₹12.25 Lakh,delhi-ncr
Maruti,Maruti Swift DzireVXI,2016,"1,13,500kms",Petrol,Manual,₹2.95 Lakh,delhi-ncr
Honda,Honda Cityi-VTEC V,2018,"60,000kms",Petrol,Manual,₹5.56 Lakh,delhi-ncr
Jeep,Jeep Compass2.0 Limited,2018,"59,250kms",Diesel,Manual,₹7.30 Lakh,delhi-ncr
Maruti,Maruti ErtigaVXI CNG,2022,"72,300kms",CNG,Manual,₹8.75 Lakh,delhi-ncr
Honda,Honda Brio1.2 E MT,2017,"69,200kms",Petrol,Manual,₹2.75 Lakh,delhi-ncr
Honda,Honda CityV MT,2020,"69,500kms",Petrol,Manual,₹6.75 Lakh,delhi-ncr
Hyundai,Hyundai i20Sportz 1.2,2016,"61,000kms",Petrol,Manual,₹3.70 Lakh,delhi-ncr
Honda,Honda JazzVX CVT,2017,"65,218kms",Petrol,Automatic,₹3.55 Lakh,delhi-ncr
Mahindra,Mahindra Alturas G44X2 AT BSIV,2018,"78,000kms",Diesel,Automatic,₹12.25 Lakh,delhi-ncr
Kia,Kia SonetHTK Plus BSVI,2020,"78,000kms",Petrol,Manual,₹6.75 Lakh,delhi-ncr
Skoda,Skoda SuperbLK 2.0 TDI AT,2018,"1,16,000kms",Diesel,Automatic,₹12.50 Lakh,delhi-ncr
Hyundai,Hyundai Grand i10Magna,2017,"56,000kms",Petrol,Manual,₹3.35 Lakh,delhi-ncr
Toyota,Toyota Innova Crysta2.7 ZX AT BSIV,2016,"1,51,000kms",Petrol,Automatic,₹8.99 Lakh,delhi-ncr
Toyota,Toyota Fortuner4x2 Manual,2016,"1,20,000kms",Diesel,Manual,₹17 Lakh,delhi-ncr
Honda,Honda Cityi-VTEC CVT VX,2018,"90,000kms",Petrol,Automatic,₹8 Lakh,delhi-ncr
Toyota,Toyota YarisG CVT BSIV,2018,"58,500kms",Petrol,Automatic,₹6.25 Lakh,delhi-ncr
Hyundai,Hyundai i20Sportz 1.2,2016,"69,000kms",Petrol,Manual,₹3.85 Lakh,delhi-ncr
Maruti,Maruti CelerioVXI MT BSIV,2019,"34,000kms",Petrol,Manual,₹3.75 Lakh,delhi-ncr
Maruti,Maruti ErtigaVXI,2015,"1,40,000kms",Petrol,Manual,₹4.40 Lakh,delhi-ncr
MG,MG HectorSharp DCT,2020,"47,000kms",Petrol,Automatic,₹9.92 Lakh,delhi-ncr
BMW,BMW X1sDrive20i xLine,2017,"61,000kms",Petrol,Automatic,₹16.50 Lakh,delhi-ncr
Hyundai,Hyundai VenueS BSIV,2020,"65,000kms",Petrol,Manual,₹5.80 Lakh,delhi-ncr
Hyundai,Hyundai VernaSX Turbo DCT,2023,"40,000kms",Petrol,Automatic,₹12.50 Lakh,delhi-ncr
Ford,Ford Ecosport1.5 Petrol Titanium Plus BSIV,2019,"42,000kms",Petrol,Manual,₹5.80 Lakh,delhi-ncr
Toyota,Toyota Etios LivaG,2014,"63,000kms",Petrol,Manual,₹2.70 Lakh,delhi-ncr
Mahindra,Mahindra TharLX Hard Top,2023,"32,000kms",Petrol,Manual,₹12.75 Lakh,delhi-ncr
Toyota,Toyota Corolla AltisVL AT,2017,"56,873kms",Petrol,Automatic,₹7.45 Lakh,delhi-ncr
Maruti,Maruti Alto 800LXI,2020,"30,000kms",Petrol,Manual,₹2.60 Lakh,delhi-ncr
Tata,Tata TiagoXT BSVI,2022,"22,000kms",Petrol,Manual,₹4.60 Lakh,delhi-ncr
Hyundai,Hyundai Creta1.6 VTVT AT SX Plus,2016,"59,861kms",Petrol,Automatic,₹6.75 Lakh,delhi-ncr
Mercedes-Benz,Mercedes-Benz GLC200,2020,"55,000kms",Petrol,Automatic,₹34 Lakh,delhi-ncr
Kia,Kia SonetGTX Plus Turbo DCT DT,2020,"1,11,598kms",Petrol,Automatic,₹7.95 Lakh,delhi-ncr
Toyota,Toyota Etios1.5 VX,2017,"67,320kms",Petrol,Manual,₹4.95 Lakh,delhi-ncr
Hyundai,Hyundai CretaS BSVI,2020,"61,281kms",Petrol,Manual,₹9.50 Lakh,delhi-ncr
Citroen,Citroen C3Feel,2023,"10,000kms",Petrol,Manual,₹4.07 Lakh,delhi-ncr
Ford,Ford Ecosport1.5 Petrol Titanium BSIV,2018,"65,000kms",Petrol,Manual,₹5.15 Lakh,delhi-ncr
Hyundai,Hyundai Xcent1.2 VTVT E Plus,2017,"60,000kms",Petrol,Manual,₹3.25 Lakh,delhi-ncr
Hyundai,Hyundai Creta1.6 VTVT SX Plus,2017,"70,000kms",Petrol,Manual,₹6.50 Lakh,delhi-ncr
Hyundai,Hyundai VenueS Plus,2021,"70,000kms",Petrol,Manual,₹6.40 Lakh,delhi-ncr
Maruti,Maruti Wagon RCNG LXI,2022,"35,000kms",CNG,Manual,₹4.85 Lakh,delhi-ncr
Hyundai,Hyundai AlcazarSignature DCT,2024,"1,682kms",Petrol,Automatic,₹19.90 Lakh,delhi-ncr
Maruti,Maruti Swift DzireVXI BSVI,2020,"50,000kms",Petrol,Manual,₹5.40 Lakh,delhi-ncr
Tata,Tata Tiago EVXE MR,2024,"40,000kms",Electric,Automatic,₹8 Lakh,delhi-ncr
Hyundai,Hyundai Verna1.4 VTVT,2016,"20,000kms",Petrol,Manual,₹4.95 Lakh,delhi-ncr
Maruti,Maruti CiazDelta BSIV,2019,"24,000kms",Petrol,Manual,₹5.80 Lakh,delhi-ncr
Maruti,Maruti BalenoAlpha,2023,"81,000kms",Petrol,Manual,₹7.25 Lakh,delhi-ncr
Mahindra,Mahindra XUV700MX Diesel BSVI,2022,"70,000kms",Diesel,Manual,₹12 Lakh,delhi-ncr
Maruti,Maruti Ciaz1.4 AT Alpha,2018,"68,000kms",Petrol,Automatic,₹5.80 Lakh,delhi-ncr
Mercedes-Benz,Mercedes-Benz GLE300d BSVI,2021,"75,000kms",Diesel,Automatic,₹58.49 Lakh,delhi-ncr
Maruti,Maruti SwiftVXI,2019,"66,000kms",Petrol,Manual,₹4.49 Lakh,delhi-ncr
MG,MG HectorSharp CVT,2023,"30,000kms",Petrol,Automatic,₹14 Lakh,delhi-ncr
Maruti,Maruti SwiftVXI,2021,"41,000kms",Petrol,Manual,₹4.50 Lakh,delhi-ncr
Maruti,Maruti CelerioZXI BSVI,2022,"24,000kms",Petrol,Manual,₹4.25 Lakh,delhi-ncr
BMW,BMW 2 Series Gran Coupe218 M Sport Pro,2025,"3,000kms",Petrol,Automatic,₹38.90 Lakh,delhi-ncr
Mahindra,Mahindra XUV700AX5 7 Str BSVI,2022,"18,000kms",Petrol,Manual,₹16 Lakh,delhi-ncr
Land Rover,Land Rover DiscoveryHSE 2.0 SD4,2018,"32,000kms",Petrol,Automatic,₹26.50 Lakh,delhi-ncr
Mahindra,Mahindra TharLX Hard Top AT RWD,2024,"10,000kms",Petrol,Automatic,₹13.35 Lakh,delhi-ncr
BMW,BMW 2 Series Gran Coupe220i M Sport,2025,"3,000kms",Petrol,Automatic,₹39.50 Lakh,delhi-ncr
Ford,Ford Endeavour3.2 Titanium AT 4X4,2016,"1,71,000kms",Diesel,Automatic,₹11.70 Lakh,delhi-ncr
Renault,Renault TriberRXT BSVI,2021,"22,000kms",Petrol,Manual,₹3.50 Lakh,delhi-ncr
Ford,Ford Ecosport1.5 Petrol Titanium BSIV,2018,"38,205kms",Petrol,Manual,₹4.77 Lakh,delhi-ncr
Maruti,Maruti ErtigaVXI,2015,"54,714kms",Petrol,Manual,₹4.50 Lakh,delhi-ncr
Hyundai,Hyundai Tucson2.0 e-VGT 2WD AT GLS,2017,"82,000kms",Diesel,Automatic,₹11 Lakh,delhi-ncr
Maruti,Maruti Vitara BrezzaZXI Plus Dual Tone,2021,"72,507kms",Petrol,Manual,₹7.36 Lakh,delhi-ncr
Ford,Ford EcosportTitanium,2018,"28,240kms",Petrol,Manual,₹5.98 Lakh,delhi-ncr
Maruti,Maruti CelerioZXI AMT,2023,"12,873kms",Petrol,Automatic,₹5.52 Lakh,delhi-ncr
Hyundai,Hyundai i20 Active1.2 S,2015,"89,000kms",Petrol,Manual,₹3.25 Lakh,delhi-ncr
Honda,Honda CitySV MT,2014,"57,776kms",Petrol,Manual,₹4.24 Lakh,delhi-ncr
Honda,Honda BrioS MT,2012,"55,556kms",Petrol,Manual,₹2.05 Lakh,delhi-ncr
Tata,Tata TiagoXZ Plus,2021,"30,326kms",Petrol,Manual,₹4.81 Lakh,delhi-ncr
Maruti,Maruti Ertiga1.5 VDI,2019,"1,46,000kms",Diesel,Manual,₹8.30 Lakh,delhi-ncr
Honda,Honda Jazz1.2 S i VTEC,2016,"1,41,338kms",Petrol,Manual,₹2.58 Lakh,delhi-ncr
Maruti,Maruti Vitara BrezzaVXI,2022,"32,627kms",Petrol,Manual,₹7.10 Lakh,delhi-ncr
Maruti,Maruti Wagon RVXI,2021,"26,091kms",Petrol,Manual,₹3.85 Lakh,delhi-ncr
BMW,BMW X5xDrive 30d Design Pure Experience 5 Seater,2016,"1,20,000kms",Diesel,Automatic,₹20 Lakh,delhi-ncr
Hyundai,Hyundai Grand i101.2 Kappa Asta,2015,"61,710kms",Petrol,Manual,₹3.40 Lakh,delhi-ncr
Nissan,Nissan MagniteXE BSVI,2022,"26,952kms",Petrol,Manual,₹4.21 Lakh,delhi-ncr
MG,MG HectorSmart DCT,2019,"32,506kms",Petrol,Automatic,₹8.61 Lakh,delhi-ncr
Toyota,Toyota Innova Crysta2.4 VX MT BSIV,2016,"1,27,000kms",Diesel,Manual,₹12 Lakh,delhi-ncr
Honda,Honda AmazeV,2020,"38,027kms",Petrol,Manual,₹4.92 Lakh,delhi-ncr
Maruti,Maruti SwiftVXI,2022,"22,819kms",Petrol,Manual,₹5.45 Lakh,delhi-ncr
Maruti,Maruti SwiftVXI,2019,"68,096kms",Petrol,Manual,₹4.37 Lakh,delhi-ncr
BMW,BMW X5xDrive 40i M Sport,2022,"30,000kms",Petrol,Automatic,₹69 Lakh,delhi-ncr
Maruti,Maruti Ignis1.2 Zeta BSIV,2023,"44,645kms",Petrol,Manual,₹5.23 Lakh,delhi-ncr
Mahindra,Mahindra XUV700AX7 AT Luxury Pack BSVI,2023,"30,642kms",Petrol,Automatic,₹19.71 Lakh,delhi-ncr
Honda,Honda City1.5 V MT Exclusive,2022,"91,170kms",Petrol,Manual,₹8.73 Lakh,delhi-ncr
Hyundai,Hyundai Creta1.4 CRDi Base,2016,"87,000kms",Diesel,Manual,₹4.70 Lakh,delhi-ncr
Volkswagen,Volkswagen PoloPetrol Highline 1.2L,2016,"78,425kms",Petrol,Manual,₹4.04 Lakh,delhi-ncr
Skoda,Skoda Slavia1.0 TSI Ambition BSVI,2022,"78,412kms",Petrol,Manual,₹11.13 Lakh,delhi-ncr
Tata,Tata Tiago1.2 Revotron XZA,2018,"68,178kms",Petrol,Automatic,₹3.41 Lakh,delhi-ncr
Mahindra,Mahindra XUV700AX5 7 Str BSVI,2022,"18,000kms",Petrol,Manual,₹16 Lakh,delhi-ncr
Honda,Honda AmazeS i-Vtech,2014,"91,353kms",Petrol,Manual,₹1.61 Lakh,delhi-ncr
Renault,Renault KWIDRXL,2017,"75,770kms",Petrol,Manual,₹1.60 Lakh,delhi-ncr
Maruti,Maruti SwiftVXI,2018,"55,775kms",Petrol,Manual,₹4.26 Lakh,delhi-ncr
Toyota,Toyota Innova Crysta2.4 VX MT BSIV,2016,"1,27,000kms",Diesel,Manual,₹12 Lakh,delhi-ncr
Maruti,Maruti CiazVXi,2015,"83,773kms",Petrol,Manual,₹3.11 Lakh,delhi-ncr
Honda,Honda Cityi VTEC V,2014,"52,843kms",Petrol,Manual,₹3.46 Lakh,delhi-ncr
Honda,Honda Jazz1.2 S i VTEC,2016,"1,41,338kms",Petrol,Manual,₹2.58 Lakh,delhi-ncr
BMW,BMW X5xDrive 40i M Sport,2022,"30,000kms",Petrol,Automatic,₹69 Lakh,delhi-ncr
Maruti,Maruti Vitara BrezzaVXI,2022,"32,627kms",Petrol,Manual,₹7.10 Lakh,delhi-ncr
Maruti,Maruti Wagon RVXI,2021,"26,091kms",Petrol,Manual,₹3.85 Lakh,delhi-ncr
Maruti,Maruti CiazVXi,2017,"94,660kms",Petrol,Manual,₹4.04 Lakh,delhi-ncr
Hyundai,Hyundai Creta1.4 CRDi Base,2016,"87,000kms",Diesel,Manual,₹4.70 Lakh,delhi-ncr
Maruti,Maruti Grand VitaraSigma,2024,"25,818kms",Petrol,Manual,₹10.19 Lakh,delhi-ncr
Maruti,Maruti Ciaz1.4 AT Alpha,2018,"60,510kms",Petrol,Automatic,₹5.61 Lakh,delhi-ncr
Hyundai,Hyundai i20Magna 1.2,2015,"64,232kms",Petrol,Manual,₹3.02 Lakh,delhi-ncr
Mahindra,Mahindra XUV700AX5 7 Str BSVI,2022,"18,000kms",Petrol,Manual,₹16 Lakh,delhi-ncr
Honda,Honda AmazeS Petrol BSIV,2017,"41,403kms",Petrol,Manual,₹3.71 Lakh,delhi-ncr
Maruti,Maruti CelerioVXI,2017,"20,300kms",Petrol,Manual,₹2.82 Lakh,delhi-ncr
Hyundai,Hyundai i201.2 Magna,2011,"72,000kms",Petrol,Manual,₹1.55 Lakh,delhi-ncr
Ford,Ford Endeavour3.2 Titanium AT 4X4,2016,"1,71,000kms",Diesel,Automatic,₹11.70 Lakh,delhi-ncr
BMW,BMW 7 Series740Li DPE Signature,2016,"58,000kms",Petrol,Automatic,₹37.90 Lakh,delhi-ncr
Maruti,Maruti Baleno1.2 CVT Alpha,2019,"17,000kms",Petrol,Automatic,₹5.25 Lakh,delhi-ncr
MG,MG HectorSharp Pro CVT  -2025,2023,"35,000kms",Petrol,Automatic,₹15.50 Lakh,delhi-ncr
MG,MG HectorSharp CVT,2023,"40,000kms",Petrol,Automatic,₹13.75 Lakh,delhi-ncr
Maruti,Maruti CelerioVXI CNG,2020,"65,000kms",CNG,Manual,₹4.25 Lakh,delhi-ncr
Maruti,Maruti ErtigaVXI CNG,2022,"42,000kms",CNG,Manual,₹9.50 Lakh,delhi-ncr
Ford,Ford FreestyleTitanium Diesel BSIV,2018,"90,000kms",Diesel,Manual,₹4 Lakh,delhi-ncr
BMW,BMW X5xDrive 30d Design Pure Experience 5 Seater,2016,"1,20,000kms",Diesel,Automatic,₹20 Lakh,delhi-ncr
Tata,Tata Nexon EVXZ Plus Lux,2023,"79,000kms",Electric,Automatic,₹7.85 Lakh,delhi-ncr
Honda,Honda Cityi VTEC CVT VX,2014,"72,000kms",Petrol,Automatic,₹4.25 Lakh,delhi-ncr
Toyota,Toyota Fortuner2.8 4WD AT BSIV,2018,"1,32,000kms",Diesel,Automatic,₹21 Lakh,delhi-ncr
Toyota,Toyota Innova Crysta2.4 VX MT BSIV,2016,"1,27,000kms",Diesel,Manual,₹12 Lakh,delhi-ncr
Mercedes-Benz,Mercedes-Benz C-ClassC 200 BE Classic,2012,"1,10,000kms",Petrol,Automatic,₹5.25 Lakh,delhi-ncr
Renault,Renault DusterSANDSTORM RXS 85 PS,2018,"72,000kms",Diesel,Manual,₹4.25 Lakh,delhi-ncr
Land Rover,Land Rover Range Rover Evoque2.0 TD4 SE,2019,"40,000kms",Diesel,Automatic,₹24.95 Lakh,delhi-ncr
BMW,BMW X5xDrive 40i M Sport,2022,"30,000kms",Petrol,Automatic,₹69 Lakh,delhi-ncr
Hyundai,Hyundai VenueSX Plus Turbo DCT BSIV,2019,"42,000kms",Petrol,Automatic,₹6.50 Lakh,delhi-ncr
BMW,BMW 3 Series320d Sport,2020,"13,700kms",Diesel,Automatic,₹24.95 Lakh,delhi-ncr
Jaguar,Jaguar XF2.0 Diesel Prestige,2017,"43,000kms",Diesel,Automatic,₹17 Lakh,delhi-ncr
MG,MG HectorSharp CVT,2023,"30,000kms",Petrol,Automatic,₹14 Lakh,delhi-ncr
Maruti,Maruti Wagon R StingrayVXI,2014,"80,000kms",Petrol,Manual,₹1.95 Lakh,delhi-ncr
Toyota,Toyota Innova Crysta2.4 GX MT BSIV,2019,"1,50,000kms",Diesel,Manual,₹13.50 Lakh,delhi-ncr
Maruti,Maruti Swift DzireLXI Optional-O,2016,"70,000kms",Petrol,Manual,₹3.50 Lakh,delhi-ncr
Maruti,Maruti CiazDelta BSIV,2018,"80,000kms",Petrol,Manual,₹4.95 Lakh,delhi-ncr
MG,MG Hector Plus1.5 Turbo Sharp Pro CVT BSVI,2023,"37,000kms",Petrol,Automatic,₹15.50 Lakh,delhi-ncr
Kia,Kia SeltosGTX Plus Turbo DCT,2023,"36,000kms",Petrol,Automatic,₹16 Lakh,delhi-ncr
Hyundai,Hyundai Grand i10Sportz,2016,"66,000kms",Petrol,Manual,₹3.65 Lakh,delhi-ncr
Toyota,Toyota CamryHybrid,2016,"1,20,000kms",Petrol,Automatic,₹11 Lakh,delhi-ncr
Mercedes-Benz,Mercedes-Benz C-ClassC 220 CDI Style,2018,"43,000kms",Diesel,Automatic,₹24 Lakh,delhi-ncr
Mahindra,Mahindra XUV700AX7 Diesel BSVI,2022,"75,000kms",Diesel,Manual,₹15.50 Lakh,delhi-ncr
Mahindra,Mahindra XUV500AT W9 2WD,2018,"77,000kms",Diesel,Automatic,₹8.25 Lakh,delhi-ncr
Toyota,Toyota Innova Crysta2.8 GX AT BSIV,2018,"1,24,000kms",Diesel,Automatic,₹12.75 Lakh,delhi-ncr
Mahindra,Mahindra ScorpioS5,2022,"27,000kms",Diesel,Manual,₹12 Lakh,delhi-ncr
Ford,Ford Ecosport1.5 Ti VCT MT Ambiente,2015,"65,000kms",Petrol,Manual,₹4.50 Lakh,delhi-ncr
Honda,Honda CityVX CVT,2022,"13,000kms",Petrol,Automatic,₹12 Lakh,delhi-ncr
Kia,Kia SeltosHTK Plus AT D,2020,"1,03,000kms",Diesel,Automatic,₹8 Lakh,delhi-ncr
Mahindra,Mahindra XUV700AX7 6Str AT,2024,"22,000kms",Petrol,Automatic,₹20.25 Lakh,delhi-ncr
Ford,Ford Ecosport1.5 Petrol Titanium Plus BSIV,2016,"1,00,000kms",Petrol,Manual,₹4.50 Lakh,delhi-ncr
Hyundai,Hyundai CretaSX (O) Turbo DCT,2024,"6,015kms",Petrol,Automatic,₹18.75 Lakh,delhi-ncr
Ford,Ford Ecosport1.5 Petrol Titanium Plus BSIV,2016,"60,000kms",Petrol,Manual,₹4.10 Lakh,delhi-ncr
Mahindra,Mahindra XUV700AX5 7 Str Diesel AT,2024,"14,000kms",Diesel,Automatic,₹22 Lakh,delhi-ncr
Honda,Honda WR-Vi-DTEC S,2017,"75,000kms",Diesel,Manual,₹3.75 Lakh,delhi-ncr
Kia,Kia SonetGTX Plus Turbo iMT BSVI,2023,"28,613kms",Petrol,Manual,₹11.50 Lakh,delhi-ncr
Kia,Kia SonetHTX Turbo iMT BSVI,2021,"80,000kms",Petrol,Manual,₹8 Lakh,delhi-ncr
Tata,Tata CurvvCreative Plus S Diesel DCA,2024,"6,000kms",Diesel,Automatic,₹13.50 Lakh,delhi-ncr
Hyundai,Hyundai Grand i10 NiosAMT Asta,2020,"21,000kms",Petrol,Automatic,₹5.15 Lakh,delhi-ncr
Tata,Tata SafariXZA AT BSVI,2022,"42,000kms",Diesel,Automatic,₹13.50 Lakh,delhi-ncr
Mahindra,Mahindra XUV400 EVEL Pro 394 kWh,2025,"13,000kms",Electric,Automatic,₹15 Lakh,delhi-ncr
Honda,Honda City1.5 V MT Exclusive,2015,"1,60,100kms",Petrol,Manual,₹2.20 Lakh,delhi-ncr
Maruti,Maruti Wagon RVXI,2018,"1,13,879kms",Petrol,Manual,₹2.65 Lakh,delhi-ncr
Volkswagen,Volkswagen Vento1.2 TSI Comfortline AT,2015,"78,000kms",Petrol,Automatic,₹3.49 Lakh,delhi-ncr
BMW,BMW iXxDrive50,2024,"4,002kms",Electric,Automatic,₹92 Lakh,delhi-ncr
Honda,Honda Amaze 2nd GenS BSVI,2022,"35,000kms",Petrol,Manual,₹5.70 Lakh,delhi-ncr
Toyota,Toyota HyryderE,2023,"48,000kms",Petrol,Manual,₹9.15 Lakh,delhi-ncr
Maruti,Maruti JimnyAlpha,2023,"34,000kms",Petrol,Manual,₹9.97 Lakh,delhi-ncr
Maruti,Maruti BalenoZeta,2019,"55,000kms",Petrol,Manual,₹4.48 Lakh,delhi-ncr
Hyundai,Hyundai Creta1.6 VTVT Base,2016,"25,000kms",Petrol,Manual,₹6 Lakh,delhi-ncr
Maruti,Maruti BrezzaZxi BSVI,2022,"59,000kms",Petrol,Manual,₹8.45 Lakh,delhi-ncr
Tata,Tata NexonCreative Plus AMT,2024,"19,000kms",Petrol,Automatic,₹8.95 Lakh,delhi-ncr
BMW,BMW 7 Series740Li M Sport,2022,"16,000kms",Petrol,Automatic,₹77 Lakh,delhi-ncr
Kia,Kia CarensPrestige BSVI,2022,"47,000kms",Petrol,Manual,₹10.95 Lakh,delhi-ncr
MG,2024MG HectorSavvy Pro CVT  -2025,2023,"12,500kms",Petrol,Automatic,₹15.95 Lakh,delhi-ncr
Maruti,Maruti Alto 800LXi,2011,"75,252kms",Petrol,Manual,"₹79,000",delhi-ncr
BMW,BMW 7 Series740Li M Sport,2022,"16,000kms",Petrol,Automatic,₹77 Lakh,delhi-ncr
MG,MG HectorSharp DCT,2019,"1,06,000kms",Petrol,Automatic,₹8.55 Lakh,delhi-ncr
Hyundai,Hyundai Xcent1.2 VTVT E Plus,2017,"61,000kms",Petrol,Manual,₹3.45 Lakh,delhi-ncr
Mahindra,Mahindra TharLX 4WD Hard Top AT BSVI,2023,"48,000kms",Petrol,Automatic,₹11.90 Lakh,delhi-ncr
Jaguar,Jaguar XEPortfolio,2018,"72,738kms",Petrol,Automatic,₹20 Lakh,delhi-ncr
Maruti,Maruti Ignis1.2 AMT Zeta BSIV,2017,"70,000kms",Petrol,Automatic,₹3.90 Lakh,delhi-ncr
Maruti,Maruti SwiftVXI,2019,"41,000kms",Petrol,Manual,₹4.70 Lakh,delhi-ncr
Hyundai,Hyundai EONEra Plus,2017,"44,000kms",Petrol,Manual,₹2.10 Lakh,delhi-ncr
Mercedes-Benz,Mercedes-Benz EQE SUV500 4MATIC,2023,"19,000kms",Electric,Automatic,₹85 Lakh,delhi-ncr
Land Rover,Land Rover Range Rover VelarDynamic HSE,2024,"14,000kms",Petrol,Automatic,₹75.75 Lakh,delhi-ncr
Mercedes-Benz,2019Mercedes-Benz AMG G 634MATIC  -2023,2018,"42,000kms",Petrol,Automatic,₹2.20 Crore,delhi-ncr
Jeep,Jeep Compass2.0 Limited Plus,2021,"65,000kms",Diesel,Manual,₹11.75 Lakh,delhi-ncr
BMW,BMW 5 Series520d Luxury Line,2017,"70,000kms",Diesel,Automatic,₹14 Lakh,delhi-ncr
Maruti,Maruti CelerioVXI CNG,2020,"65,000kms",CNG,Manual,₹4.25 Lakh,delhi-ncr
Maruti,Maruti ErtigaVXI CNG,2022,"42,000kms",CNG,Manual,₹9.50 Lakh,delhi-ncr
Ford,Ford FreestyleTitanium Diesel BSIV,2018,"90,000kms",Diesel,Manual,₹4 Lakh,delhi-ncr
Tata,Tata Nexon EVXZ Plus Lux,2023,"37,000kms",Electric,Automatic,₹14 Lakh,delhi-ncr
Tata,Tata Nexon EVXZ Plus Lux,2023,"79,000kms",Electric,Automatic,₹7.85 Lakh,delhi-ncr
Honda,Honda Cityi VTEC CVT VX,2014,"72,000kms",Petrol,Automatic,₹4.25 Lakh,delhi-ncr
Toyota,Toyota Fortuner2.8 4WD AT BSIV,2018,"1,32,000kms",Diesel,Automatic,₹21 Lakh,delhi-ncr
Jaguar,Jaguar XEPortfolio,2018,"72,738kms",Petrol,Automatic,₹20 Lakh,delhi-ncr
Renault,Renault KWID1.0 RXT AMT Opt,2020,"60,000kms",Petrol,Automatic,₹3.25 Lakh,delhi-ncr
Hyundai,Hyundai Grand i10 NiosSportz,2023,"15,500kms",Petrol,Manual,₹6.49 Lakh,delhi-ncr
Maruti,Maruti Baleno1.2 Delta,2016,"32,000kms",Petrol,Manual,₹3.65 Lakh,delhi-ncr
Mercedes-Benz,Mercedes-Benz EQE SUV500 4MATIC,2023,"19,000kms",Electric,Automatic,₹85 Lakh,delhi-ncr
Mahindra,Mahindra Scorpio NZ8 Diesel AT,2024,"79,000kms",Diesel,Automatic,₹19.21 Lakh,delhi-ncr
Hyundai,Hyundai Verna1.6 VTVT SX,2016,"57,000kms",Petrol,Manual,₹3.49 Lakh,delhi-ncr
Hyundai,Hyundai i10Magna 1.1L,2015,"48,000kms",Petrol,Manual,₹3.50 Lakh,delhi-ncr
BMW,BMW 5 Series520d Luxury Line,2017,"70,000kms",Diesel,Automatic,₹14 Lakh,delhi-ncr
Tata,Tata NexonXM Plus S BSVI,2022,"47,000kms",Petrol,Manual,₹6.45 Lakh,delhi-ncr
BMW,BMW X5xDrive40i M Sport,2024,"51,000kms",Petrol,Automatic,₹84 Lakh,delhi-ncr
Land Rover,Land Rover Range Rover3.0 I LWB Autobiography,2025,"17,000kms",Petrol,Automatic,₹2.67 Crore,delhi-ncr
Tata,Tata Nexon EVXZ Plus Lux,2023,"37,000kms",Electric,Automatic,₹14 Lakh,delhi-ncr
Honda,Honda Cityi VTEC CVT VX,2016,"58,000kms",Petrol,Automatic,₹4.95 Lakh,delhi-ncr
Mahindra,Mahindra XUV700AX7 Diesel BSVI,2022,"65,000kms",Diesel,Manual,₹17.25 Lakh,delhi-ncr
Audi,Audi A635 TDI Premium,2015,"55,000kms",Diesel,Automatic,₹11.90 Lakh,delhi-ncr
Mahindra,Mahindra XUV300W8 Opt Turbo,2023,"20,000kms",Petrol,Manual,₹7.50 Lakh,delhi-ncr
Audi,Audi Q330 TDI,2017,"48,000kms",Diesel,Manual,₹16.90 Lakh,delhi-ncr
Honda,Honda CityZX CVT,2022,"72,000kms",Petrol,Automatic,₹10.25 Lakh,delhi-ncr
Audi,Audi Q330 TDI,2017,"48,000kms",Diesel,Manual,₹16.90 Lakh,delhi-ncr
Land Rover,Land Rover Range Rover3.0 Diesel LWB Vogue,2021,"48,554kms",Diesel,Automatic,₹1.40 Crore,delhi-ncr
Hyundai,Hyundai Creta1.4 E Plus,2019,"70,000kms",Diesel,Manual,₹7.25 Lakh,delhi-ncr
Maruti,Maruti Baleno1.2 Delta,2015,"28,000kms",Petrol,Manual,₹3.49 Lakh,delhi-ncr
Hyundai,Hyundai Creta1.6 VTVT AT SX Plus,2016,"65,000kms",Petrol,Automatic,₹6.75 Lakh,delhi-ncr
Kia,Kia SonetGTX Plus Turbo DCT DT,2020,"90,000kms",Petrol,Automatic,₹7.50 Lakh,delhi-ncr
Hyundai,Hyundai Creta1.6 VTVT S,2016,"49,000kms",Petrol,Manual,₹5.49 Lakh,delhi-ncr
Honda,Honda Cityi VTEC V,2017,"77,000kms",Petrol,Manual,₹5.26 Lakh,delhi-ncr
Maruti,Maruti Baleno1.2 CVT Zeta,2017,"73,000kms",Petrol,Automatic,₹4.25 Lakh,delhi-ncr
Tata,Tata Tiago1.2 Revotron XZ,2019,"38,000kms",Petrol,Manual,₹3.80 Lakh,delhi-ncr
Hyundai,Hyundai VernaVTVT 1.6 SX,2019,"36,000kms",Petrol,Manual,₹7.75 Lakh,delhi-ncr
Maruti,Maruti Wagon RLXI CNG,2016,"58,000kms",CNG,Manual,₹2.60 Lakh,delhi-ncr
Renault,Renault KWID1.0 RXT AMT Opt,2020,"60,000kms",Petrol,Automatic,₹3.25 Lakh,delhi-ncr
Maruti,Maruti CiazAlpha BSIV,2019,"60,000kms",Petrol,Manual,₹6.30 Lakh,delhi-ncr
Hyundai,Hyundai Grand i10 NiosSportz,2023,"15,500kms",Petrol,Manual,₹6.49 Lakh,delhi-ncr
Maruti,Maruti Baleno1.2 Delta,2016,"32,000kms",Petrol,Manual,₹3.65 Lakh,delhi-ncr
Mahindra,Mahindra Scorpio NZ8 Diesel AT,2024,"79,000kms",Diesel,Automatic,₹19.21 Lakh,delhi-ncr
Skoda,Skoda Kushaq1.0 TSI Ambition,2023,"20,000kms",Petrol,Manual,₹10.50 Lakh,delhi-ncr
Hyundai,Hyundai Verna1.6 VTVT SX,2016,"57,000kms",Petrol,Manual,₹3.49 Lakh,delhi-ncr
Hyundai,Hyundai i10Magna 1.1L,2015,"48,000kms",Petrol,Manual,₹3.50 Lakh,delhi-ncr
Tata,Tata NexonXM Plus S BSVI,2022,"47,000kms",Petrol,Manual,₹6.45 Lakh,delhi-ncr
Skoda,Skoda Kushaq1.0 TSI Ambition,2023,"20,000kms",Petrol,Manual,₹10.50 Lakh,delhi-ncr
Maruti,Maruti RitzZXi,2012,"70,000kms",Petrol,Manual,₹1.90 Lakh,delhi-ncr
Ford,Ford Ecosport1.5 Petrol Trend Plus AT BSIV,2018,"85,000kms",Petrol,Automatic,₹5.25 Lakh,delhi-ncr
Honda,Honda AmazeE i-Vtech,2015,"68,000kms",Petrol,Manual,₹2.35 Lakh,delhi-ncr
MG,MG HectorSharp CVT,2021,"44,000kms",Petrol,Automatic,₹11.50 Lakh,delhi-ncr
Hyundai,Hyundai VenueS BSIV,2020,"58,000kms",Petrol,Manual,₹5.25 Lakh,delhi-ncr
Honda,Honda JazzX,2012,"68,000kms",Petrol,Manual,₹1.45 Lakh,delhi-ncr
Mahindra,Mahindra XUV300W8 Diesel BSVI,2022,"35,000kms",Diesel,Manual,₹7.91 Lakh,delhi-ncr
Hyundai,Hyundai CretaS (O) Knight,2024,"52,000kms",Petrol,Manual,₹12 Lakh,delhi-ncr
Hyundai,Hyundai Creta1.6 CRDi SX,2016,"85,000kms",Diesel,Manual,₹6.35 Lakh,delhi-ncr
Maruti,Maruti FRONXDelta CNG,2025,"2,000kms",CNG,Manual,₹9.20 Lakh,delhi-ncr
Hyundai,Hyundai CretaEX BSVI,2022,"28,000kms",Petrol,Manual,₹8.95 Lakh,delhi-ncr
Hyundai,Hyundai CretaSX Diesel BSVI,2021,"1,40,000kms",Diesel,Manual,₹9.99 Lakh,delhi-ncr
Hyundai,Hyundai Creta1.6 CRDi AT SX Plus,2018,"88,000kms",Diesel,Automatic,₹7.95 Lakh,delhi-ncr
Tata,Tata Nexon EVXZ Plus,2021,"1,62,000kms",Electric,Automatic,₹7.50 Lakh,delhi-ncr
Maruti,Maruti BrezzaVxi CNG,2023,"42,000kms",CNG,Manual,₹9.10 Lakh,delhi-ncr
Maruti,Maruti SwiftZXI,2013,"32,000kms",Petrol,Manual,₹3.40 Lakh,delhi-ncr
Kia,Kia SeltosGTX Plus Diesel AT,2020,"71,000kms",Diesel,Automatic,₹9.45 Lakh,delhi-ncr
Honda,Honda MobilioV i-VTEC,2014,"65,000kms",Petrol,Manual,₹3.75 Lakh,delhi-ncr
Hyundai,Hyundai Creta1.4 E Plus,2019,"70,000kms",Diesel,Manual,₹7.25 Lakh,delhi-ncr
MG,MG HectorSharp CVT,2021,"44,000kms",Petrol,Automatic,₹11.50 Lakh,delhi-ncr
Kia,Kia SeltosGTX Plus Turbo DCT,2023,"36,000kms",Petrol,Automatic,₹16 Lakh,delhi-ncr
Hyundai,Hyundai Grand i10Sportz,2016,"66,000kms",Petrol,Manual,₹3.65 Lakh,delhi-ncr
Mercedes-Benz,Mercedes-Benz C-ClassC 220 CDI Style,2018,"43,000kms",Diesel,Automatic,₹24 Lakh,delhi-ncr
Hyundai,Hyundai CretaS (O) Knight,2024,"52,000kms",Petrol,Manual,₹12 Lakh,delhi-ncr
Mahindra,Mahindra XUV700AX7 Diesel BSVI,2022,"75,000kms",Diesel,Manual,₹15.50 Lakh,delhi-ncr
Mahindra,Mahindra XUV500AT W9 2WD,2018,"77,000kms",Diesel,Automatic,₹8.25 Lakh,delhi-ncr
Mahindra,Mahindra ScorpioS5,2022,"27,000kms",Diesel,Manual,₹12 Lakh,delhi-ncr
Hyundai,Hyundai CretaSX Diesel BSVI,2021,"1,40,000kms",Diesel,Manual,₹9.99 Lakh,delhi-ncr
Ford,Ford Ecosport1.5 Ti VCT MT Ambiente,2015,"65,000kms",Petrol,Manual,₹4.50 Lakh,delhi-ncr
Honda,Honda CityVX CVT,2022,"13,000kms",Petrol,Automatic,₹12 Lakh,delhi-ncr
Mahindra,Mahindra XUV700AX7 6Str AT,2024,"22,000kms",Petrol,Automatic,₹20.25 Lakh,delhi-ncr
Maruti,Maruti SwiftZXI,2013,"32,000kms",Petrol,Manual,₹3.40 Lakh,delhi-ncr
Ford,Ford Ecosport1.5 Petrol Titanium Plus BSIV,2016,"1,00,000kms",Petrol,Manual,₹4.50 Lakh,delhi-ncr
Ford,Ford Ecosport1.5 Petrol Titanium BSIV,2017,"68,000kms",Petrol,Manual,₹3.90 Lakh,delhi-ncr
Hyundai,Hyundai Xcent1.2 VTVT E Plus,2017,"68,000kms",Petrol,Manual,₹3.30 Lakh,delhi-ncr
Mahindra,Mahindra XUV300W6 Diesel BSIV,2019,"9,300kms",Diesel,Manual,₹6.80 Lakh,delhi-ncr
Ford,Ford Ecosport1.0 Ecoboost Titanium,2015,"72,000kms",Petrol,Manual,₹2.75 Lakh,delhi-ncr
Hyundai,Hyundai CretaSX IVT BSVI,2022,"60,000kms",Petrol,Automatic,₹13.50 Lakh,delhi-ncr
Kia,Kia CarnivalPrestige,2021,"89,000kms",Diesel,Automatic,₹19 Lakh,delhi-ncr
Mahindra,Mahindra XUV500W10 2WD,2016,"60,000kms",Diesel,Manual,₹7.24 Lakh,delhi-ncr
Jeep,Jeep Compass1.4 Longitude Plus AT,2021,"29,000kms",Petrol,Automatic,₹14.50 Lakh,delhi-ncr
Mahindra,Mahindra Scorpio NZ8 Select AT,2025,"5,000kms",Petrol,Automatic,₹19.75 Lakh,delhi-ncr
Volkswagen,Volkswagen Taigun1.0 Highline AT,2023,"12,000kms",Petrol,Automatic,₹12.50 Lakh,delhi-ncr
BMW,BMW X5xDrive 40i M Sport,2023,"17,064kms",Petrol,Automatic,₹83 Lakh,delhi-ncr
Jeep,Jeep Compass1.4 Limited Opt DCT BSVI,2022,"32,000kms",Petrol,Automatic,₹16.75 Lakh,delhi-ncr
Mahindra,Mahindra KUV 100 NXTG80 K2,2019,"70,000kms",Petrol,Manual,₹3.50 Lakh,delhi-ncr
Maruti,Maruti RitzZXi,2012,"70,000kms",Petrol,Manual,₹1.90 Lakh,delhi-ncr
Mercedes-Benz,Mercedes-Benz GLC220d,2025,"20,000kms",Diesel,Automatic,₹64 Lakh,delhi-ncr
Ford,Ford Ecosport1.5 Petrol Trend Plus AT BSIV,2018,"85,000kms",Petrol,Automatic,₹5.25 Lakh,delhi-ncr
Honda,Honda AmazeE i-Vtech,2015,"68,000kms",Petrol,Manual,₹2.35 Lakh,delhi-ncr
Hyundai,Hyundai VenueS BSIV,2020,"58,000kms",Petrol,Manual,₹5.25 Lakh,delhi-ncr
Toyota,Toyota VellfireHi,2025,"5,900kms",Petrol,Automatic,₹1.19 Crore,delhi-ncr
Honda,Honda JazzX,2012,"68,000kms",Petrol,Manual,₹1.45 Lakh,delhi-ncr
Mahindra,Mahindra XUV300W8 Diesel BSVI,2022,"35,000kms",Diesel,Manual,₹7.91 Lakh,delhi-ncr
Hyundai,Hyundai Creta1.6 CRDi SX,2016,"85,000kms",Diesel,Manual,₹6.35 Lakh,delhi-ncr
Hyundai,Hyundai Grand i10Asta Option AT,2016,"62,000kms",Petrol,Automatic,₹3.65 Lakh,delhi-ncr
Maruti,Maruti FRONXDelta CNG,2025,"2,000kms",CNG,Manual,₹9.20 Lakh,delhi-ncr
Hyundai,Hyundai CretaEX BSVI,2022,"28,000kms",Petrol,Manual,₹8.95 Lakh,delhi-ncr
Hyundai,Hyundai Creta1.6 CRDi AT SX Plus,2018,"88,000kms",Diesel,Automatic,₹7.95 Lakh,delhi-ncr
MG,MG HectorSharp CVT,2022,"1,02,000kms",Petrol,Automatic,₹14 Lakh,delhi-ncr
Ford,Ford Ecosport1.5 Ti VCT MT Trend BSIV,2016,"80,000kms",Petrol,Manual,₹3.90 Lakh,delhi-ncr
BMW,BMW X1sDrive 20d Sportline,2019,"42,000kms",Diesel,Automatic,₹22.75 Lakh,delhi-ncr
Maruti,Maruti CelerioVXI CNG,2020,"65,000kms",CNG,Manual,₹4.10 Lakh,delhi-ncr
Mercedes-Benz,Mercedes-Benz GLS450 4MATIC BSVI,2022,"30,000kms",Petrol,Automatic,₹1 Crore,delhi-ncr
Land Rover,Land Rover Discovery SportSi4 HSE,2017,"69,000kms",Petrol,Automatic,₹24.90 Lakh,delhi-ncr
Land Rover,Land Rover Discovery SportSi4 HSE,2017,"69,000kms",Petrol,Automatic,₹24.90 Lakh,delhi-ncr
Renault,Renault KWID1.0 AMT RXT,2017,"33,000kms",Petrol,Automatic,₹2.75 Lakh,delhi-ncr
Honda,Honda WR-Vi-VTEC VX,2019,"80,000kms",Petrol,Manual,₹6.50 Lakh,delhi-ncr
Hyundai,Hyundai Xcent1.2 VTVT E Plus,2017,"61,000kms",Petrol,Manual,₹3.65 Lakh,delhi-ncr
MG,MG HectorSharp DCT,2019,"1,06,000kms",Petrol,Automatic,₹8.55 Lakh,delhi-ncr
Hyundai,Hyundai Xcent1.2 VTVT E Plus,2017,"61,000kms",Petrol,Manual,₹3.45 Lakh,delhi-ncr
Audi,Audi Q8Celebration Edition BSVI,2022,"32,000kms",Petrol,Automatic,₹71 Lakh,delhi-ncr
Mahindra,Mahindra TharLX 4WD Hard Top AT BSVI,2023,"48,000kms",Petrol,Automatic,₹11.90 Lakh,delhi-ncr
Maruti,Maruti Ignis1.2 AMT Zeta BSIV,2017,"70,000kms",Petrol,Automatic,₹3.90 Lakh,delhi-ncr
Maruti,Maruti SwiftVXI,2019,"41,000kms",Petrol,Manual,₹4.70 Lakh,delhi-ncr
Audi,Audi Q7Technology  -,2022,"18,000kms",Petrol,Automatic,₹64 Lakh,delhi-ncr
Maruti,Maruti Ignis1.2 Delta BSIV,2019,"52,700kms",Petrol,Manual,₹4.30 Lakh,delhi-ncr
Mahindra,Mahindra XUV700AX5 7 Str Diesel AT BSVI,2022,"50,000kms",Diesel,Automatic,₹16.75 Lakh,delhi-ncr
Maruti,Maruti ErtigaZXI Petrol,2018,"68,000kms",Petrol,Manual,₹6.70 Lakh,delhi-ncr
Audi,Audi Q7Technology  -,2022,"18,000kms",Petrol,Automatic,₹64 Lakh,delhi-ncr
Hyundai,Hyundai Verna1.6 VTVT SX,2016,"57,000kms",Petrol,Manual,₹3.49 Lakh,delhi-ncr
Hyundai,Hyundai i10Magna 1.1L,2015,"48,000kms",Petrol,Manual,₹3.50 Lakh,delhi-ncr
Tata,Tata NexonXM Plus S BSVI,2022,"47,000kms",Petrol,Manual,₹6.45 Lakh,delhi-ncr
Honda,Honda AmazeVX CVT Petrol BSIV,2018,"67,000kms",Petrol,Automatic,₹3.95 Lakh,delhi-ncr
BMW,BMW X5xDrive40i M Sport,2024,"51,000kms",Petrol,Automatic,₹84 Lakh,delhi-ncr
Land Rover,Land Rover Range Rover3.0 I LWB Autobiography,2025,"17,000kms",Petrol,Automatic,₹2.67 Crore,delhi-ncr
Honda,Honda Cityi VTEC CVT VX,2016,"58,000kms",Petrol,Automatic,₹4.95 Lakh,delhi-ncr
Maruti,Maruti SwiftVDI BSIV,2016,"97,000kms",Diesel,Manual,₹3.25 Lakh,delhi-ncr
Mahindra,Mahindra XUV700AX7 Diesel BSVI,2022,"65,000kms",Diesel,Manual,₹17.25 Lakh,delhi-ncr
Audi,Audi A635 TDI Premium,2015,"55,000kms",Diesel,Automatic,₹11.90 Lakh,delhi-ncr
Audi,Audi Q330 TDI,2017,"48,000kms",Diesel,Manual,₹16.90 Lakh,delhi-ncr
Tata,Tata SafariXZA AT BSVI,2021,"28,000kms",Diesel,Automatic,₹13.50 Lakh,delhi-ncr
Honda,Honda CityZX CVT,2022,"72,000kms",Petrol,Automatic,₹10.25 Lakh,delhi-ncr
Audi,Audi Q330 TDI,2017,"48,000kms",Diesel,Manual,₹16.90 Lakh,delhi-ncr
Toyota,Toyota CamryHybrid,2017,"81,000kms",Petrol,Automatic,₹11.25 Lakh,delhi-ncr
Maruti,Maruti Wagon RLXI CNG,2016,"1,30,000kms",CNG,Manual,₹2.50 Lakh,delhi-ncr
Mercedes-Benz,Mercedes-Benz GLA Class200 CDI,2017,"34,000kms",Diesel,Automatic,₹17.75 Lakh,delhi-ncr
BMW,BMW 5 Series520i Luxury Line,2016,"55,000kms",Petrol,Automatic,₹22.90 Lakh,delhi-ncr
Hyundai,Hyundai VernaVTVT 1.6 SX,2018,"75,000kms",Petrol,Manual,₹6.25 Lakh,delhi-ncr
Honda,Honda AmazeVX CVT Petrol BSIV,2018,"67,000kms",Petrol,Automatic,₹3.95 Lakh,delhi-ncr
Honda,Honda MobilioS i-VTEC,2017,"63,000kms",Petrol,Manual,₹4.50 Lakh,delhi-ncr
Renault,Renault Captur1.5 Petrol RXE,2018,"56,000kms",Petrol,Manual,₹4.50 Lakh,delhi-ncr
Tata,Tata Tiago1.2 Revotron XZ,2020,"41,000kms",Petrol,Manual,₹3.75 Lakh,delhi-ncr
Maruti,Maruti SwiftVDI BSIV,2016,"97,000kms",Diesel,Manual,₹3.25 Lakh,delhi-ncr
MG,MG GlosterSavvy 4x4 6Str,2022,"55,000kms",Diesel,Automatic,₹27.50 Lakh,delhi-ncr
Hyundai,Hyundai VernaSX IVT,2020,"21,000kms",Petrol,Automatic,₹9.50 Lakh,delhi-ncr
Jeep,Jeep Compass2.0 Anniversary Edition 4X4 AT BSVI,2022,"35,000kms",Diesel,Automatic,₹17.99 Lakh,delhi-ncr
Tata,Tata SafariXZA AT BSVI,2021,"28,000kms",Diesel,Automatic,₹13.50 Lakh,delhi-ncr
Tata,Tata TigorXZ Plus CNG,2023,"87,514kms",CNG,Manual,₹5.75 Lakh,delhi-ncr
Mahindra,Mahindra TharLX Hard Top Diesel AT,2022,"44,401kms",Diesel,Automatic,₹12.07 Lakh,delhi-ncr
Honda,Honda Amaze 2nd GenS,2016,"55,899kms",Petrol,Manual,₹3.34 Lakh,delhi-ncr
Maruti,Maruti Wagon RLXI CNG,2016,"1,30,000kms",CNG,Manual,₹2.50 Lakh,delhi-ncr
Maruti,Maruti Alto 800LXI,2016,"52,137kms",Petrol,Manual,₹1.92 Lakh,delhi-ncr
Tata,Tata TiagoXT BSVI,2020,"77,018kms",Petrol,Manual,₹3.21 Lakh,delhi-ncr
Hyundai,Hyundai i20Sportz IVT DT,2021,"37,096kms",Petrol,Automatic,₹5.61 Lakh,delhi-ncr
BMW,BMW X1sDrive18i M Sport,2025,"2,000kms",Petrol,Automatic,₹47.50 Lakh,delhi-ncr
Renault,Renault KWID1.0 RXT AMT Opt,2017,"75,434kms",Petrol,Automatic,₹2.97 Lakh,delhi-ncr
Maruti,Maruti Alto 800LXi,2013,"50,825kms",Petrol,Manual,₹2.02 Lakh,delhi-ncr
Hyundai,Hyundai Grand i101.2 Kappa Asta,2013,"44,756kms",Petrol,Manual,₹2.77 Lakh,delhi-ncr
Maruti,Maruti Vitara BrezzaLDi,2018,"1,30,000kms",Diesel,Manual,₹4.75 Lakh,delhi-ncr
Maruti,Maruti Vitara BrezzaZXI Plus Dual Tone,2020,"70,656kms",Petrol,Manual,₹6.68 Lakh,delhi-ncr
Honda,Honda AmazeV CVT,2019,"56,011kms",Petrol,Automatic,₹5.22 Lakh,delhi-ncr
Maruti,Maruti BalenoDelta Diesel,2019,"66,064kms",Diesel,Manual,₹4.67 Lakh,delhi-ncr
Audi,Audi Q3Premium Plus BSVI,2023,"32,882kms",Petrol,Automatic,₹32 Lakh,delhi-ncr
Tata,Tata Tigor1.2 Revotron XZ,2022,"70,073kms",Petrol,Manual,₹5.81 Lakh,delhi-ncr
Ford,Ford Ecosport1.5 Ti VCT MT Titanium,2016,"99,027kms",Petrol,Manual,₹4.54 Lakh,delhi-ncr
Honda,Honda Amaze 2nd GenS,2016,"41,476kms",Petrol,Manual,₹3.86 Lakh,delhi-ncr
Mini Cooper,Mini Cooper SClassic Pack,2025,"6,201kms",Petrol,Automatic,₹44 Lakh,delhi-ncr
Ford,Ford FigoTitanium AT 2019-2020,2018,"66,221kms",Petrol,Automatic,₹3.61 Lakh,delhi-ncr
Maruti,Maruti Alto 800LXi,2014,"54,505kms",Petrol,Manual,₹1.92 Lakh,delhi-ncr
Maruti,2021Maruti S-PressoVXI Opt  -2022,2019,"39,303kms",Petrol,Manual,₹2.89 Lakh,delhi-ncr
Honda,Honda JazzVX CVT,2018,"63,000kms",Petrol,Automatic,₹3.85 Lakh,delhi-ncr
Maruti,Maruti BalenoAlpha Diesel,2016,"94,777kms",Diesel,Manual,₹4.19 Lakh,delhi-ncr
Tata,Tata PunchAdventure AMT,2024,"18,920kms",Petrol,Automatic,₹7.32 Lakh,delhi-ncr
Honda,Honda AmazeVX,2019,"13,645kms",Petrol,Manual,₹5.20 Lakh,delhi-ncr
BMW,BMW X5xDrive 30d xLine,2022,"44,266kms",Diesel,Automatic,₹64 Lakh,delhi-ncr
Hyundai,Hyundai Grand i10 NiosSportz,2023,"35,566kms",Petrol,Manual,₹5.23 Lakh,delhi-ncr
Maruti,Maruti Wagon RLXI BS IV,2014,"87,492kms",Petrol,Manual,₹1.85 Lakh,delhi-ncr
Mercedes-Benz,Mercedes-Benz GLA Class200 Sport,2016,"78,751kms",Petrol,Automatic,₹14.04 Lakh,delhi-ncr
BMW,BMW X4xDrive30i M Sport Black Shadow edition,2022,"33,017kms",Petrol,Automatic,₹55 Lakh,delhi-ncr
Tata,Tata PunchAdventure AMT,2024,"18,920kms",Petrol,Automatic,₹7.32 Lakh,delhi-ncr
Honda,Honda AmazeVX,2019,"13,645kms",Petrol,Manual,₹5.20 Lakh,delhi-ncr
Hyundai,Hyundai Grand i10 NiosSportz,2023,"35,566kms",Petrol,Manual,₹5.23 Lakh,delhi-ncr
Mercedes-Benz,Mercedes-Benz GLS450 4matic,2024,"12,500kms",Petrol,Automatic,₹1.22 Crore,delhi-ncr
Maruti,Maruti Wagon RLXI BS IV,2014,"87,492kms",Petrol,Manual,₹1.85 Lakh,delhi-ncr
Maruti,Maruti ErtigaVXI,2016,"25,159kms",Petrol,Manual,₹5.26 Lakh,delhi-ncr
Honda,Honda Amaze 2nd GenVX CVT,2023,"36,870kms",Petrol,Automatic,₹7.20 Lakh,delhi-ncr
Mercedes-Benz,Mercedes-Benz EQE SUV500 4MATIC,2025,"8,500kms",Electric,Automatic,₹90 Lakh,delhi-ncr
Hyundai,Hyundai ExterSX,2023,"70,585kms",Petrol,Manual,₹6.67 Lakh,delhi-ncr
Tata,Tata Tiago1.2 Revotron XZ Plus Dual Tone,2016,"68,873kms",Petrol,Manual,₹2.82 Lakh,delhi-ncr
Maruti,Maruti Wagon RAMT VXI,2016,"64,867kms",Petrol,Automatic,₹2.55 Lakh,delhi-ncr
Mercedes-Benz,Mercedes-Benz EQE SUV500 4MATIC,2024,"7,554kms",Electric,Automatic,₹90 Lakh,delhi-ncr
Maruti,Maruti Swift DzireVXI,2015,"70,934kms",Petrol,Manual,₹2.82 Lakh,delhi-ncr
Nissan,Nissan MagniteXV Red Edition BSVI,2022,"36,561kms",Petrol,Manual,₹5.29 Lakh,delhi-ncr
Maruti,Maruti Wagon RVXI Optional,2019,"53,988kms",Petrol,Manual,₹3.44 Lakh,delhi-ncr
Hyundai,Hyundai Creta1.6 SX Automatic,2018,"60,200kms",Petrol,Automatic,₹8.40 Lakh,delhi-ncr
Nissan,Nissan Micra ActiveXV S,2018,"50,586kms",Petrol,Manual,₹3.05 Lakh,delhi-ncr
Hyundai,Hyundai Creta1.6 SX Automatic,2019,"49,264kms",Petrol,Automatic,₹7.74 Lakh,delhi-ncr
Honda,Honda AmazeS CVT Petrol BSIV,2019,"55,491kms",Petrol,Automatic,₹4.89 Lakh,delhi-ncr
Mercedes-Benz,Mercedes-Benz C-ClassC 200 CGI Elegance,2011,"73,000kms",Petrol,Automatic,₹5.95 Lakh,delhi-ncr
Tata,Tata SafariXZA Plus AT BSVI,2021,"87,308kms",Diesel,Automatic,₹10.82 Lakh,delhi-ncr
Honda,Honda AmazeS Petrol BSIV,2020,"45,447kms",Petrol,Manual,₹4.48 Lakh,delhi-ncr
Renault,Renault DusterRXZ Turbo,2020,"29,050kms",Petrol,Manual,₹5.70 Lakh,delhi-ncr
Honda,Honda CityCorporate Edition,2012,"1,20,000kms",Petrol,Manual,₹1.90 Lakh,delhi-ncr
Honda,Honda Cityi-VTEC CVT V,2018,"74,770kms",Petrol,Automatic,₹5.91 Lakh,delhi-ncr
Maruti,Maruti CiazDelta BSVI,2020,"47,925kms",Petrol,Manual,₹6.36 Lakh,delhi-ncr
Hyundai,Hyundai i10Magna 1.1L,2015,"64,473kms",Petrol,Manual,₹2.23 Lakh,delhi-ncr
Ford,Ford Ecosport1.5 Petrol Titanium Plus BSIV,2020,"60,700kms",Petrol,Manual,₹6.50 Lakh,delhi-ncr
Honda,Honda CityV MT,2020,"57,142kms",Petrol,Manual,₹6.65 Lakh,delhi-ncr
Tata,Tata PunchPure BSVI,2022,"56,413kms",Petrol,Manual,₹4.09 Lakh,delhi-ncr
Maruti,Maruti Wagon RLXI CNG,2014,"89,518kms",CNG,Manual,₹1.74 Lakh,delhi-ncr
Ford,Ford Ecosport1.5 TDCi Trend Plus BSIV,2016,"80,000kms",Diesel,Manual,₹3.03 Lakh,delhi-ncr
Hyundai,Hyundai CretaSX Opt Turbo BSVI,2021,"97,337kms",Petrol,Automatic,₹10.80 Lakh,delhi-ncr
MG,MG HectorSuper MT,2020,"39,412kms",Petrol,Manual,₹8.10 Lakh,delhi-ncr
Tata,Tata HarrierXE BSIV,2020,"92,436kms",Diesel,Manual,₹8.24 Lakh,delhi-ncr
Ford,Ford MustangV8,2019,"15,000kms",Petrol,Automatic,₹89 Lakh,delhi-ncr
Tata,Tata NexonXZ Plus Dark Edition BSVI,2022,"25,066kms",Petrol,Manual,₹8.20 Lakh,delhi-ncr
Maruti,Maruti XL6Alpha,2019,"29,872kms",Petrol,Manual,₹7.19 Lakh,delhi-ncr
Maruti,Maruti Baleno1.2 Delta,2019,"57,024kms",Petrol,Manual,₹4.18 Lakh,delhi-ncr
Jaguar,Jaguar F-PacePrestige 2.0 Petrol,2019,"98,000kms",Petrol,Automatic,₹26.80 Lakh,delhi-ncr
Maruti,Maruti Baleno1.2 Delta,2019,"57,024kms",Petrol,Manual,₹4.18 Lakh,delhi-ncr
Maruti,Maruti Vitara BrezzaVDi Option,2018,"65,000kms",Diesel,Manual,₹4.90 Lakh,delhi-ncr
Honda,Honda CityV MT AVN,2018,"65,180kms",Petrol,Manual,₹5.50 Lakh,delhi-ncr
Mercedes-Benz,Mercedes-Benz GLS350d Grand Edition,2020,"60,000kms",Diesel,Automatic,₹60 Lakh,delhi-ncr
Hyundai,Hyundai VenueSX Turbo,2021,"75,085kms",Petrol,Manual,₹6 Lakh,delhi-ncr
Hyundai,Hyundai i10Magna,2014,"82,000kms",Petrol,Manual,₹1.52 Lakh,delhi-ncr
Toyota,Toyota GlanzaV,2019,"4,500kms",Petrol,Manual,₹4.95 Lakh,delhi-ncr
Maruti,Maruti CelerioLXI,2025,"1,200kms",Petrol,Manual,₹5.10 Lakh,delhi-ncr
Maruti,Maruti Baleno1.2 CVT Zeta,2017,"51,000kms",Petrol,Automatic,₹4.50 Lakh,delhi-ncr
Tata,Tata Tiago1.2 Revotron XZ,2019,"32,000kms",Petrol,Manual,₹4.25 Lakh,delhi-ncr
Hyundai,Hyundai VernaSX IVT,2023,"12,000kms",Petrol,Automatic,₹13.50 Lakh,delhi-ncr
Volkswagen,Volkswagen Polo1.5 TDI Trendline,2015,"56,000kms",Diesel,Manual,₹2.50 Lakh,delhi-ncr
Maruti,Maruti ErtigaZXI Petrol,2018,"69,000kms",Petrol,Manual,₹6.75 Lakh,delhi-ncr
Hyundai,Hyundai AlcazarPlatinum 7-Seater Diesel BSVI,2022,"65,000kms",Diesel,Manual,₹13.75 Lakh,delhi-ncr
Hyundai,Hyundai VernaSX Turbo DCT,2023,"51,000kms",Petrol,Automatic,₹13.40 Lakh,delhi-ncr
Maruti,Maruti Swift DzireVXi,2010,"90,000kms",Petrol,Manual,₹1.35 Lakh,delhi-ncr
Hyundai,Hyundai CretaSX Tech iVT,2024,"32,000kms",Petrol,Automatic,₹16.80 Lakh,delhi-ncr
Kia,Kia SeltosHTK Plus G,2020,"53,000kms",Petrol,Manual,₹8.75 Lakh,delhi-ncr
Hyundai,Hyundai i20Magna BSVI,2020,"70,000kms",Petrol,Manual,₹4.95 Lakh,delhi-ncr
Mercedes-Benz,Mercedes-Benz GLE450 BSVI,2022,"27,000kms",Petrol,Automatic,₹85 Lakh,delhi-ncr
Hyundai,Hyundai VenueSX Turbo,2021,"75,085kms",Petrol,Manual,₹6 Lakh,delhi-ncr
Hyundai,Hyundai i10Magna,2014,"82,000kms",Petrol,Manual,₹1.52 Lakh,delhi-ncr
Toyota,Toyota GlanzaV,2019,"4,500kms",Petrol,Manual,₹4.95 Lakh,delhi-ncr
Hyundai,Hyundai VenueS BSVI,2022,"34,000kms",Petrol,Manual,₹6.50 Lakh,delhi-ncr
Maruti,Maruti Baleno1.2 CVT Zeta,2017,"51,000kms",Petrol,Automatic,₹4.50 Lakh,delhi-ncr
Tata,Tata Tiago1.2 Revotron XZ,2019,"32,000kms",Petrol,Manual,₹4.25 Lakh,delhi-ncr
Hyundai,Hyundai VernaSX IVT,2023,"12,000kms",Petrol,Automatic,₹13.50 Lakh,delhi-ncr
Maruti,Maruti XL6Alpha,2019,"55,000kms",Petrol,Manual,₹7.75 Lakh,delhi-ncr
Maruti,Maruti ErtigaZXI Petrol,2018,"69,000kms",Petrol,Manual,₹6.75 Lakh,delhi-ncr
Hyundai,Hyundai AlcazarPlatinum 7-Seater Diesel BSVI,2022,"65,000kms",Diesel,Manual,₹13.75 Lakh,delhi-ncr
Hyundai,Hyundai VernaSX Turbo DCT,2023,"51,000kms",Petrol,Automatic,₹13.40 Lakh,delhi-ncr
Tata,Tata Nexon EVEmpowered 45,2025,"10,000kms",Electric,Automatic,₹15.25 Lakh,delhi-ncr
Hyundai,Hyundai CretaSX Tech iVT,2024,"32,000kms",Petrol,Automatic,₹16.80 Lakh,delhi-ncr
Kia,Kia SeltosHTK Plus G,2020,"53,000kms",Petrol,Manual,₹8.75 Lakh,delhi-ncr
Hyundai,Hyundai i20Magna BSVI,2020,"70,000kms",Petrol,Manual,₹4.95 Lakh,delhi-ncr
Mercedes-Benz,Mercedes-Benz GLC300,2024,"28,743kms",Petrol,Automatic,₹60 Lakh,delhi-ncr
Honda,Honda Amazei-VTEC Privilege Edition,2018,"78,000kms",Petrol,Manual,₹3.90 Lakh,delhi-ncr
Honda,Honda AmazeS CVT Petrol,2020,"42,000kms",Petrol,Automatic,₹5.35 Lakh,delhi-ncr
Tata,Tata TigorXZ,2017,"1,00,390kms",Petrol,Manual,₹2.35 Lakh,delhi-ncr
Mini Cooper,Mini Cooper Countryman  -2021Cooper S,2018,"28,000kms",Petrol,Automatic,₹34 Lakh,delhi-ncr
Hyundai,Hyundai Grand i10 NiosMagna,2022,"68,000kms",Petrol,Manual,₹5.45 Lakh,delhi-ncr
Hyundai,Hyundai AuraS CNG,2021,"68,000kms",CNG,Manual,₹5.65 Lakh,delhi-ncr
Hyundai,Hyundai Venue N LineN8 turbo DCT,2023,"35,000kms",Petrol,Automatic,₹9.70 Lakh,delhi-ncr
Maruti,Maruti Wagon RCNG LXI,2021,"46,000kms",CNG,Manual,₹4.55 Lakh,delhi-ncr
Ford,Ford Endeavour3.2 Titanium AT 4X4,2018,"84,000kms",Diesel,Automatic,₹19.25 Lakh,delhi-ncr
Mahindra,Mahindra TharLX Hard Top Diesel,2023,"29,000kms",Diesel,Manual,₹13.25 Lakh,delhi-ncr
Kia,Kia SeltosHTK Plus G,2020,"62,000kms",Petrol,Manual,₹8.45 Lakh,delhi-ncr
Hyundai,Hyundai i201.4 Asta Option,2018,"91,000kms",Diesel,Manual,₹5.75 Lakh,delhi-ncr
Kia,Kia SeltosGTX DCT,2020,"46,000kms",Petrol,Automatic,₹10.50 Lakh,delhi-ncr
Maruti,Maruti Swift DzireLXI,2014,"81,000kms",Petrol,Manual,₹2.75 Lakh,delhi-ncr
Skoda,Skoda Kushaq1.5 TSI Style BSVI,2022,"13,000kms",Petrol,Manual,₹12.50 Lakh,delhi-ncr
Audi,Audi Q3Premium Plus,2024,"29,000kms",Petrol,Automatic,₹35.75 Lakh,delhi-ncr
Tata,Tata TigorXZ Plus CNG BSVI,2022,"52,000kms",CNG,Manual,₹5.55 Lakh,delhi-ncr
Maruti,Maruti SwiftAMT ZXI,2018,"37,000kms",Petrol,Automatic,₹4.65 Lakh,delhi-ncr
Maruti,Maruti Swift DzireVXI 1.2,2019,"60,000kms",Petrol,Manual,₹4.85 Lakh,delhi-ncr
BMW,BMW 6 SeriesGT,2018,"22,500kms",Petrol,Automatic,₹34.50 Lakh,delhi-ncr
Maruti,Maruti SwiftAMT VXI,2020,"41,000kms",Petrol,Automatic,₹4.95 Lakh,delhi-ncr
Renault,Renault KWIDRXL,2016,"36,000kms",Petrol,Manual,₹1.85 Lakh,delhi-ncr
Maruti,Maruti SwiftLXI BSVI,2021,"45,000kms",Petrol,Manual,₹5.25 Lakh,delhi-ncr
Ford,Ford MustangV8,2017,"22,000kms",Petrol,Automatic,₹73 Lakh,delhi-ncr
Mercedes-Benz,Mercedes-Benz GLA200 BSVI,2023,"28,000kms",Petrol,Automatic,₹35 Lakh,delhi-ncr
BMW,BMW X1sDrive20i xLine,2021,"51,000kms",Petrol,Automatic,₹27 Lakh,delhi-ncr
Hyundai,Hyundai i201.2 Asta Option,2018,"62,000kms",Petrol,Manual,₹5.25 Lakh,delhi-ncr
Mahindra,Mahindra XUV700AX7 AT Luxury Pack BSVI,2022,"53,000kms",Petrol,Automatic,₹18.50 Lakh,delhi-ncr
Hyundai,Hyundai CretaSX,2024,"43,000kms",Petrol,Manual,₹13.75 Lakh,delhi-ncr
Hyundai,Hyundai CretaSX Opt Diesel AT BSVI,2020,"78,000kms",Diesel,Automatic,₹11.75 Lakh,delhi-ncr
Honda,Honda Cityi VTEC VX Option,2016,"50,680kms",Petrol,Manual,₹5.25 Lakh,delhi-ncr
Hyundai,Hyundai CretaSX IVT BSVI,2022,"48,000kms",Petrol,Automatic,₹11.50 Lakh,delhi-ncr
Volkswagen,Volkswagen Polo1.2 MPI Highline,2015,"28,587kms",Petrol,Manual,₹3.75 Lakh,delhi-ncr
Maruti,Maruti SwiftVXI,2019,"92,295kms",Petrol,Manual,₹3.10 Lakh,delhi-ncr
Maruti,Maruti CiazDelta BSVI,2017,"86,645kms",Petrol,Manual,₹3.25 Lakh,delhi-ncr
Mahindra,Mahindra TharLX Hard Top AT RWD,2024,"7,000kms",Petrol,Automatic,₹13.25 Lakh,delhi-ncr
Hyundai,Hyundai VenueSX Plus Turbo DCT BSIV,2019,"36,500kms",Petrol,Automatic,₹8.45 Lakh,delhi-ncr
Hyundai,Hyundai Creta1.6 VTVT S,2016,"68,000kms",Petrol,Manual,₹5.65 Lakh,delhi-ncr
Hyundai,Hyundai SantroAsta BSIV,2019,"48,000kms",Petrol,Manual,₹4.25 Lakh,delhi-ncr
Land Rover,Land Rover Range Rover VelarR-Dynamic S Petrol MY21,2020,"45,000kms",Petrol,Automatic,₹51.75 Lakh,delhi-ncr
Tata,Tata Tiago1.2 Revotron XM,2017,"68,000kms",Petrol,Manual,₹2.50 Lakh,delhi-ncr
Honda,Honda Jazz1.2 S i VTEC,2017,"58,000kms",Petrol,Manual,₹3.75 Lakh,delhi-ncr
Hyundai,Hyundai i201.4 Asta,2017,"78,000kms",Diesel,Manual,₹3.95 Lakh,delhi-ncr
Mercedes-Benz,Mercedes-Benz CLA200 CGI Sport,2016,"16,000kms",Petrol,Automatic,₹20 Lakh,delhi-ncr
Mahindra,Mahindra XUV700AX5 BSVI,2022,"58,000kms",Petrol,Manual,₹14.75 Lakh,delhi-ncr
Hyundai,Hyundai CretaSX BSVI,2021,"39,000kms",Petrol,Manual,₹10.50 Lakh,delhi-ncr
Maruti,Maruti CelerioVXI AT,2016,"50,000kms",Petrol,Automatic,₹2.95 Lakh,delhi-ncr
Mercedes-Benz,Mercedes-Benz CLA200 CGI Sport,2019,"25,000kms",Petrol,Automatic,₹25.50 Lakh,delhi-ncr
Honda,Honda BR-Vi-VTEC V MT,2016,"79,150kms",Petrol,Manual,₹4.75 Lakh,delhi-ncr
Maruti,Maruti SwiftVXI,2019,"42,000kms",Petrol,Manual,₹4.65 Lakh,delhi-ncr
Toyota,Toyota Fortuner4X2 Diesel BSVI,2021,"1,13,000kms",Diesel,Manual,₹26.50 Lakh,delhi-ncr
Mercedes-Benz,Mercedes-Benz GLA Class200,2016,"70,000kms",Petrol,Automatic,₹17.75 Lakh,delhi-ncr
Mahindra,Mahindra TharLX 4WD Hard Top Diesel AT BSVI,2022,"40,000kms",Diesel,Automatic,₹13.75 Lakh,delhi-ncr
Toyota,Toyota Fortuner2.8 2WD MT,2020,"1,14,000kms",Diesel,Manual,₹24.50 Lakh,delhi-ncr
Hyundai,Hyundai VernaVTVT 1.6 AT SX Option,2018,"47,000kms",Petrol,Automatic,₹7.75 Lakh,delhi-ncr
Skoda,Skoda SuperbLaurin & klement BSVI,2021,"38,000kms",Petrol,Automatic,₹25.75 Lakh,delhi-ncr
Volkswagen,Volkswagen Ameo1.2 MPI Comfortline,2016,"78,000kms",Petrol,Manual,₹2.65 Lakh,delhi-ncr
Ford,Ford Ecosport1.5 TDCi Trend BSIV,2016,"99,723kms",Diesel,Manual,₹3.25 Lakh,delhi-ncr
Mercedes-Benz,Mercedes-Benz C-ClassC 200 AVANTGARDE,2015,"70,000kms",Petrol,Automatic,₹18.90 Lakh,delhi-ncr
Tata,Tata TiagoXT CNG BSVI,2022,"42,000kms",CNG,Manual,₹4.95 Lakh,delhi-ncr
Honda,Honda Amazei-VTEC Privilege Edition,2018,"78,000kms",Petrol,Manual,₹3.90 Lakh,delhi-ncr
Honda,Honda AmazeS CVT Petrol,2020,"42,000kms",Petrol,Automatic,₹5.35 Lakh,delhi-ncr
Tata,Tata TigorXZ,2017,"1,00,390kms",Petrol,Manual,₹2.35 Lakh,delhi-ncr
Toyota,Toyota Innova Crysta2.7 GX 7 STR AT,2022,"40,000kms",Petrol,Automatic,₹19 Lakh,delhi-ncr
Hyundai,Hyundai Grand i10 NiosMagna,2022,"68,000kms",Petrol,Manual,₹5.45 Lakh,delhi-ncr
Hyundai,Hyundai AuraS CNG,2021,"68,000kms",CNG,Manual,₹5.65 Lakh,delhi-ncr
Hyundai,Hyundai Venue N LineN8 turbo DCT,2023,"35,000kms",Petrol,Automatic,₹9.70 Lakh,delhi-ncr
Maruti,Maruti SwiftLXI,2012,"95,000kms",Petrol,Manual,₹2.50 Lakh,delhi-ncr
Ford,Ford Endeavour3.2 Titanium AT 4X4,2018,"84,000kms",Diesel,Automatic,₹19.25 Lakh,delhi-ncr
Mahindra,Mahindra TharLX Hard Top Diesel,2023,"29,000kms",Diesel,Manual,₹13.25 Lakh,delhi-ncr
Kia,Kia SeltosHTK Plus G,2020,"62,000kms",Petrol,Manual,₹8.45 Lakh,delhi-ncr
Maruti,Maruti InvictoZeta Plus 7Str,2024,"45,000kms",Petrol,Automatic,₹23 Lakh,delhi-ncr
Kia,Kia SeltosGTX DCT,2020,"46,000kms",Petrol,Automatic,₹10.50 Lakh,delhi-ncr
Maruti,Maruti Swift DzireLXI,2014,"81,000kms",Petrol,Manual,₹2.75 Lakh,delhi-ncr
Skoda,Skoda Kushaq1.5 TSI Style BSVI,2022,"13,000kms",Petrol,Manual,₹12.50 Lakh,delhi-ncr
Maruti,Maruti CiazZXi,2017,"80,000kms",Petrol,Manual,₹4.60 Lakh,delhi-ncr
Tata,Tata TigorXZ Plus CNG BSVI,2022,"52,000kms",CNG,Manual,₹5.55 Lakh,delhi-ncr
Maruti,Maruti SwiftAMT ZXI,2018,"37,000kms",Petrol,Automatic,₹4.65 Lakh,delhi-ncr
Maruti,Maruti Swift DzireVXI 1.2,2019,"60,000kms",Petrol,Manual,₹4.85 Lakh,delhi-ncr
Mahindra,Mahindra XUV500AT W10 FWD,2018,"1,00,000kms",Diesel,Automatic,₹9.25 Lakh,delhi-ncr
Maruti,Maruti SwiftAMT VXI,2020,"41,000kms",Petrol,Automatic,₹4.95 Lakh,delhi-ncr
Renault,Renault KWIDRXL,2016,"36,000kms",Petrol,Manual,₹1.85 Lakh,delhi-ncr
Maruti,Maruti SwiftLXI BSVI,2021,"45,000kms",Petrol,Manual,₹5.25 Lakh,delhi-ncr
Mahindra,Mahindra Alturas G44X4 AT BSIV,2019,"70,000kms",Diesel,Automatic,₹17.75 Lakh,delhi-ncr
Maruti,Maruti Swift DzireVXI 1.2,2019,"60,000kms",Petrol,Manual,₹4.85 Lakh,delhi-ncr
Maruti,Maruti SwiftAMT VXI,2020,"41,000kms",Petrol,Automatic,₹4.95 Lakh,delhi-ncr
Renault,Renault KWIDRXL,2016,"36,000kms",Petrol,Manual,₹1.85 Lakh,delhi-ncr
Land Rover,Land Rover Discovery SportTD4 SE 7S,2019,"36,000kms",Diesel,Automatic,₹24.75 Lakh,delhi-ncr
Maruti,Maruti SwiftLXI BSVI,2021,"45,000kms",Petrol,Manual,₹5.25 Lakh,delhi-ncr
Maruti,Maruti SwiftAMT ZXI Plus,2018,"68,000kms",Petrol,Automatic,₹4.50 Lakh,delhi-ncr
Mahindra,Mahindra TharLX 4WD Hard Top BSVI,2021,"24,000kms",Petrol,Manual,₹10.85 Lakh,delhi-ncr
Audi,Audi Q745 TDI Quattro Premium Plus,2016,"80,000kms",Diesel,Automatic,₹24.75 Lakh,delhi-ncr
Mahindra,Mahindra XUV700AX7L 7Str AT,2024,"36,000kms",Petrol,Automatic,₹19.80 Lakh,delhi-ncr
Hyundai,Hyundai i20Asta IVT,2022,"35,000kms",Petrol,Automatic,₹7.50 Lakh,delhi-ncr
Hyundai,Hyundai Creta1.6 VTVT S,2016,"65,000kms",Petrol,Manual,₹6.50 Lakh,delhi-ncr
Hyundai,Hyundai VernaSX Turbo DCT,2023,"43,000kms",Petrol,Automatic,₹13.75 Lakh,delhi-ncr
Hyundai,Hyundai CretaSX Tech iVT,2024,"32,000kms",Petrol,Automatic,₹16.80 Lakh,delhi-ncr
Tata,Tata NexonSmart Plus AMT,2025,"9,500kms",Petrol,Automatic,₹7.95 Lakh,delhi-ncr
MG,MG HectorSharp DCT,2020,"47,000kms",Petrol,Automatic,₹10.95 Lakh,delhi-ncr
Jaguar,Jaguar XF2.0 Diesel Prestige,2018,"16,000kms",Diesel,Automatic,₹25.75 Lakh,delhi-ncr
BMW,BMW X1sDrive 20d xLine,2017,"35,000kms",Diesel,Automatic,₹13.50 Lakh,delhi-ncr
Renault,Renault TriberRXL BSVI,2023,"53,000kms",Petrol,Manual,₹5.25 Lakh,delhi-ncr
Mercedes-Benz,Mercedes-Benz E-ClassExpression E 200 BSIV,2019,"28,000kms",Petrol,Automatic,₹33 Lakh,delhi-ncr
Land Rover,Land Rover Discovery SportTD4 SE 7S,2019,"36,000kms",Diesel,Automatic,₹24.75 Lakh,delhi-ncr
Mahindra,Mahindra TharLX 4WD Hard Top Diesel AT BSVI,2023,"42,000kms",Diesel,Automatic,₹14.75 Lakh,delhi-ncr
Hyundai,Hyundai i20 N-LineN6 iMT BSVI,2021,"66,000kms",Petrol,Manual,₹6.25 Lakh,delhi-ncr
Hyundai,Hyundai i201.2 Spotz,2018,"55,000kms",Petrol,Manual,₹3.95 Lakh,delhi-ncr
Audi,Audi Q745 TDI Quattro Premium Plus,2016,"80,000kms",Diesel,Automatic,₹24.75 Lakh,delhi-ncr
Hyundai,Hyundai i10Era,2015,"77,000kms",Petrol,Manual,₹2.10 Lakh,delhi-ncr
Skoda,Skoda Slavia1.5 TSI Style DSG,2023,"47,678kms",Petrol,Automatic,₹13.95 Lakh,delhi-ncr
Tata,Tata NexonXZA Plus P Dark Edition AMT Diesel,2022,"58,255kms",Diesel,Automatic,₹7.92 Lakh,delhi-ncr
Hyundai,Hyundai VernaSX Turbo DCT,2023,"43,000kms",Petrol,Automatic,₹13.75 Lakh,delhi-ncr
Maruti,Maruti CelerioZXI,2019,"30,351kms",Petrol,Manual,₹4.06 Lakh,delhi-ncr
Hyundai,Hyundai Grand i101.2 Kappa Sportz BSIV,2022,"45,111kms",Petrol,Manual,₹5.51 Lakh,delhi-ncr
Maruti,Maruti CelerioVXI,2015,"85,920kms",Petrol,Manual,₹2.66 Lakh,delhi-ncr
Jaguar,Jaguar XF2.0 Diesel Prestige,2018,"16,000kms",Diesel,Automatic,₹25.75 Lakh,delhi-ncr
Renault,Renault KWIDRXT,2016,"97,487kms",Petrol,Manual,₹1.93 Lakh,delhi-ncr
Hyundai,Hyundai Grand i101.2 Kappa Sportz BSIV,2015,"74,420kms",Petrol,Manual,₹2.96 Lakh,delhi-ncr
Maruti,Maruti BalenoZeta Diesel,2016,"50,256kms",Diesel,Manual,₹4.38 Lakh,delhi-ncr
Renault,Renault Duster110PS Diesel RxL,2015,"67,000kms",Diesel,Manual,₹2.85 Lakh,delhi-ncr
Skoda,Skoda Slavia1.0 TSI Ambition AT,2022,"35,345kms",Petrol,Automatic,₹10.73 Lakh,delhi-ncr
Toyota,Toyota Corolla AltisPetrol LE,2017,"90,221kms",Petrol,Manual,₹8.98 Lakh,delhi-ncr
Maruti,Maruti BalenoZeta Diesel,2021,"39,039kms",Diesel,Manual,₹5.92 Lakh,delhi-ncr
BMW,BMW 5 Series520d Luxury Line,2022,"25,000kms",Diesel,Automatic,₹42 Lakh,delhi-ncr
Hyundai,Hyundai Grand i101.2 Kappa Sportz BSIV,2015,"74,420kms",Petrol,Manual,₹2.96 Lakh,delhi-ncr
Maruti,Maruti BalenoZeta Diesel,2016,"50,256kms",Diesel,Manual,₹4.38 Lakh,delhi-ncr
Skoda,Skoda Slavia1.0 TSI Ambition AT,2022,"35,345kms",Petrol,Automatic,₹10.73 Lakh,delhi-ncr
BMW,BMW 5 Series530i M Sport BSVI,2022,"35,000kms",Petrol,Automatic,₹53 Lakh,delhi-ncr
Toyota,Toyota Corolla AltisPetrol LE,2017,"90,221kms",Petrol,Manual,₹8.98 Lakh,delhi-ncr
Maruti,Maruti BalenoZeta Diesel,2021,"39,039kms",Diesel,Manual,₹5.92 Lakh,delhi-ncr
Maruti,Maruti BalenoZeta Diesel,2019,"36,980kms",Diesel,Manual,₹5.36 Lakh,delhi-ncr
Mercedes-Benz,Mercedes-Benz C-ClassProgressive C 200,2021,"30,000kms",Petrol,Automatic,₹34 Lakh,delhi-ncr
Renault,Renault KWIDRXT,2016,"38,681kms",Petrol,Manual,₹2.28 Lakh,delhi-ncr
Honda,Honda Jazz1.2 V AT i VTEC,2018,"73,114kms",Petrol,Automatic,₹4.54 Lakh,delhi-ncr
Maruti,Maruti Ciaz1.4 Alpha,2019,"64,987kms",Petrol,Manual,₹6.57 Lakh,delhi-ncr
Mercedes-Benz,Mercedes-Benz C-ClassProgressive C 200,2020,"32,000kms",Petrol,Automatic,₹31 Lakh,delhi-ncr
Hyundai,Hyundai VenueS Opt,2025,"3,166kms",Petrol,Manual,₹8.81 Lakh,delhi-ncr
Mahindra,Mahindra XUV700AX5 5Str,2021,"38,992kms",Petrol,Manual,₹13.01 Lakh,delhi-ncr
Mahindra,Mahindra KUV 100mFALCON G80 K4,2016,"51,935kms",Petrol,Manual,₹1.94 Lakh,delhi-ncr
Mercedes-Benz,Mercedes-Benz E-ClassExclusive E 200,2023,"40,000kms",Petrol,Automatic,₹55 Lakh,delhi-ncr
Maruti,Maruti SwiftZXI,2021,"30,386kms",Petrol,Manual,₹5.30 Lakh,delhi-ncr
Jeep,Jeep Compass1.4 Limited,2019,"64,924kms",Petrol,Automatic,₹8.36 Lakh,delhi-ncr
Hyundai,Hyundai i20Sportz Plus,2020,"99,016kms",Petrol,Manual,₹5 Lakh,delhi-ncr
Hyundai,Hyundai VernaSX IVT,2022,"46,000kms",Petrol,Automatic,₹10.95 Lakh,delhi-ncr
Renault,Renault KWID1.0 RXT Opt,2021,"21,089kms",Petrol,Manual,₹3 Lakh,delhi-ncr
Tata,Tata NexonXMA AMT S BSVI,2021,"86,573kms",Petrol,Automatic,₹5.16 Lakh,delhi-ncr
Maruti,Maruti SwiftLXI Optional-O,2016,"23,163kms",Petrol,Manual,₹3.27 Lakh,delhi-ncr
Hyundai,Hyundai AlcazarPlatinum (O) Turbo DCT,2022,"40,000kms",Petrol,Automatic,₹14.45 Lakh,delhi-ncr
Tata,Tata AltrozXZ Diesel,2020,"27,436kms",Diesel,Manual,₹5.50 Lakh,delhi-ncr
Maruti,Maruti BalenoDelta Diesel,2017,"38,504kms",Diesel,Manual,₹4.41 Lakh,delhi-ncr
Mahindra,Mahindra Scorpio NZ8L Diesel 4x4 AT,2023,"32,864kms",Diesel,Automatic,₹21.73 Lakh,delhi-ncr
Audi,Audi Q53.0 TDI Quattro Technology,2015,"60,000kms",Diesel,Automatic,₹7.50 Lakh,delhi-ncr
Ford,Ford EcosportTitanium Plus AT,2018,"49,426kms",Petrol,Automatic,₹6.79 Lakh,delhi-ncr
Renault,Renault KWIDRXL,2019,"63,301kms",Petrol,Manual,₹1.98 Lakh,delhi-ncr
Honda,Honda Cityi VTEC V,2015,"83,292kms",Petrol,Manual,₹3.91 Lakh,delhi-ncr
Mercedes-Benz,Mercedes-Benz E-ClassE 200 CGI Elegance,2011,"40,000kms",Petrol,Automatic,₹6.75 Lakh,delhi-ncr
Hyundai,Hyundai Creta1.6 SX Automatic,2018,"74,475kms",Petrol,Automatic,₹7.15 Lakh,delhi-ncr
Maruti,Maruti Swift DzireVXI 1.2,2018,"49,715kms",Petrol,Manual,₹4.10 Lakh,delhi-ncr
Hyundai,Hyundai VenueSX Turbo,2021,"57,535kms",Petrol,Manual,₹6.66 Lakh,delhi-ncr
Renault,Renault KigerRXT,2022,"40,000kms",Petrol,Manual,₹3.60 Lakh,delhi-ncr
Maruti,Maruti Baleno1.2 Delta,2018,"61,767kms",Petrol,Manual,₹3.75 Lakh,delhi-ncr
Tata,Tata Tiago1.2 Revotron XT,2016,"60,689kms",Petrol,Manual,₹2.43 Lakh,delhi-ncr
Skoda,Skoda Octavia1.8 TSI AT L K,2019,"86,569kms",Petrol,Automatic,₹11.50 Lakh,delhi-ncr
Hyundai,Hyundai AlcazarPlatinum (O) Turbo DCT,2022,"40,000kms",Petrol,Automatic,₹14.45 Lakh,delhi-ncr
Honda,Honda CityZX MT,2020,"78,966kms",Petrol,Manual,₹7.97 Lakh,delhi-ncr
Tata,Tata TigorXZ Plus CNG BSVI,2022,"70,690kms",CNG,Manual,₹5.12 Lakh,delhi-ncr
Mahindra,Mahindra XUV700AX5 BSVI,2022,"52,998kms",Petrol,Manual,₹12.40 Lakh,delhi-ncr
Audi,Audi Q53.0 TDI Quattro Technology,2015,"60,000kms",Diesel,Automatic,₹7.50 Lakh,delhi-ncr
Maruti,Maruti Swift DzireVXI,2017,"81,419kms",Petrol,Manual,₹3.03 Lakh,delhi-ncr
Tata,Tata Tigor1.2 Revotron XZ Option,2017,"54,681kms",Petrol,Manual,₹3.15 Lakh,delhi-ncr
Tata,Tata Tiago1.05 Revotorq XZ,2016,"77,558kms",Diesel,Manual,₹2.60 Lakh,delhi-ncr
Mercedes-Benz,Mercedes-Benz E-ClassE 200 CGI Elegance,2011,"40,000kms",Petrol,Automatic,₹6.75 Lakh,delhi-ncr
Toyota,Toyota GlanzaE,2024,"13,172kms",Petrol,Manual,₹5.29 Lakh,delhi-ncr
Tata,Tata TiagoXZ Plus BSVI,2022,"83,247kms",Petrol,Manual,₹3.41 Lakh,delhi-ncr
Volkswagen,Volkswagen Polo1.2 MPI Trendline,2015,"44,879kms",Petrol,Manual,₹2.78 Lakh,delhi-ncr
Renault,Renault KigerRXT,2022,"40,000kms",Petrol,Manual,₹3.60 Lakh,delhi-ncr
Renault,Renault KWIDRXT,2017,"41,654kms",Petrol,Manual,₹2.22 Lakh,delhi-ncr
Honda,Honda AmazeS i-Vtech,2015,"30,000kms",Petrol,Manual,₹2.95 Lakh,delhi-ncr
MG,MG HectorSharp DCT,2021,"38,000kms",Petrol,Automatic,₹11.50 Lakh,delhi-ncr
Maruti,Maruti CiazAlpha BSVI,2019,"58,000kms",Petrol,Manual,₹6.75 Lakh,delhi-ncr
Jeep,Jeep Compass1.4 Limited Opt DCT BSVI,2021,"29,000kms",Petrol,Automatic,₹14.95 Lakh,delhi-ncr
BMW,BMW X7xDrive30d DPE Signature,2021,"65,000kms",Diesel,Automatic,₹65.99 Lakh,delhi-ncr
Maruti,Maruti SwiftVXI BSVI,2021,"57,000kms",Petrol,Manual,₹5.25 Lakh,delhi-ncr
Renault,Renault Duster110PS Diesel RxL AMT,2017,"1,50,000kms",Diesel,Automatic,₹2.95 Lakh,delhi-ncr
Toyota,Toyota VellfireExecutive Lounge BSVI,2020,"1,25,000kms",Petrol,Automatic,₹63.90 Lakh,delhi-ncr
Tata,Tata NexonXZA Plus AMT,2023,"20,000kms",Petrol,Automatic,₹8.49 Lakh,delhi-ncr
Maruti,Maruti Wagon RCNG LXI,2022,"37,000kms",CNG,Manual,₹4.95 Lakh,delhi-ncr
Hyundai,Hyundai VenueS BSVI,2022,"73,000kms",Petrol,Manual,₹6.25 Lakh,delhi-ncr
Volkswagen,Volkswagen Ameo1.2 MPI Highline,2016,"51,000kms",Petrol,Manual,₹3.90 Lakh,delhi-ncr
Hyundai,Hyundai VenueSX Opt Executive Diesel,2022,"9,000kms",Diesel,Manual,₹9.49 Lakh,delhi-ncr
Maruti,Maruti Alto K10LXI CNG Optional,2019,"66,000kms",CNG,Manual,₹3.10 Lakh,delhi-ncr
Maruti,2012Maruti Alto K10 -2014 VXI,2010,"42,500kms",Petrol,Manual,₹1.60 Lakh,delhi-ncr
Honda,Honda CivicZX BSIV,2019,"50,000kms",Petrol,Automatic,₹11.99 Lakh,delhi-ncr
Hyundai,Hyundai Creta1.6 CRDi SX,2017,"47,000kms",Diesel,Manual,₹6.99 Lakh,delhi-ncr
Lexus,Lexus NX300h,2018,"61,000kms",Petrol,Automatic,₹29.90 Lakh,delhi-ncr
Tata,Tata NexonXZA Plus LUX Diesel AMT,2023,"72,000kms",Diesel,Automatic,₹9.50 Lakh,delhi-ncr
Mahindra,Mahindra TharLX 4WD Hard Top AT BSVI,2022,"40,000kms",Petrol,Automatic,₹12.50 Lakh,delhi-ncr
Mahindra,Mahindra TharLX 4WD Hard Top AT BSVI,2022,"38,000kms",Petrol,Automatic,₹12.90 Lakh,delhi-ncr
Mahindra,Mahindra MarazzoM4,2019,"54,000kms",Diesel,Manual,₹6.99 Lakh,delhi-ncr
Mercedes-Benz,Mercedes-Benz CLA200 CGI Sport,2019,"29,684kms",Petrol,Automatic,₹25 Lakh,delhi-ncr
Mercedes-Benz,Mercedes-Benz E-ClassE 200 CGI,2016,"61,000kms",Petrol,Automatic,₹13.99 Lakh,delhi-ncr
Tata,Tata Nexon EVXZ Plus LUX,2022,"32,000kms",Electric,Automatic,₹9.99 Lakh,delhi-ncr
Maruti,Maruti Swift DzireAMT ZXI Plus,2018,"65,000kms",Petrol,Automatic,₹5.29 Lakh,delhi-ncr
Hyundai,Hyundai VenueS BSVI,2022,"73,000kms",Petrol,Manual,₹6.25 Lakh,delhi-ncr
Mahindra,Mahindra TharLX Hard Top AT RWD,2024,"12,000kms",Petrol,Automatic,₹13.90 Lakh,delhi-ncr
Toyota,Toyota Innova HycrossG 7STR,2024,"5,000kms",Petrol,Automatic,₹22.90 Lakh,delhi-ncr
Honda,Honda AmazeS i-VTEC,2016,"72,000kms",Petrol,Manual,₹2.90 Lakh,delhi-ncr
Maruti,2012Maruti Alto K10 -2014 VXI,2010,"42,500kms",Petrol,Manual,₹1.60 Lakh,delhi-ncr
Toyota,Toyota GlanzaG,2019,"81,000kms",Petrol,Manual,₹4.70 Lakh,delhi-ncr
Maruti,Maruti ErtigaVXi (O) CNG,2023,"24,000kms",CNG,Manual,₹10.50 Lakh,delhi-ncr
Hyundai,Hyundai VernaSX IVT,2023,"54,000kms",Petrol,Automatic,₹11 Lakh,delhi-ncr
Tata,Tata NexonXZA Plus LUX Diesel AMT,2023,"72,000kms",Diesel,Automatic,₹9.50 Lakh,delhi-ncr
Maruti,Maruti CiazVXi,2016,"51,543kms",Petrol,Manual,₹3.55 Lakh,delhi-ncr
Kia,Kia SonetGTX Plus Turbo DCT,2023,"20,000kms",Petrol,Automatic,₹11 Lakh,delhi-ncr
BMW,BMW 5 Series520d Luxury Line,2020,"26,000kms",Diesel,Automatic,₹34.75 Lakh,delhi-ncr
Mercedes-Benz,Mercedes-Benz CLA200 CGI Sport,2019,"29,684kms",Petrol,Automatic,₹25 Lakh,delhi-ncr
Hyundai,Hyundai CretaSX IVT BSVI,2020,"72,700kms",Petrol,Automatic,₹10.90 Lakh,delhi-ncr
Kia,Kia SonetHTX Diesel AT,2024,"17,000kms",Diesel,Automatic,₹11.85 Lakh,delhi-ncr
Volvo,Volvo XC90B5 AWD Mild hybrid Ultra,2025,"3,000kms",Petrol,Automatic,₹92 Lakh,delhi-ncr
Toyota,Toyota Urban cruiserPremium,2022,"41,000kms",Petrol,Manual,₹7.75 Lakh,delhi-ncr
Mahindra,Mahindra XUV700AX7 Diesel Luxury Pack BSVI,2022,"52,000kms",Diesel,Manual,₹17.90 Lakh,delhi-ncr
Mahindra,Mahindra XUV700AX7 Diesel AT BSVI,2022,"60,000kms",Diesel,Automatic,₹16.75 Lakh,delhi-ncr
BMW,BMW X1sDrive18i M Sport,2024,"16,000kms",Petrol,Automatic,₹42.50 Lakh,delhi-ncr
Mercedes-Benz,Mercedes-Benz GLE450 BSVI,2022,"27,000kms",Petrol,Automatic,₹85 Lakh,delhi-ncr
MG,MG AstorSavvy CVT BSVI,2022,"49,000kms",Petrol,Automatic,₹9.75 Lakh,delhi-ncr
Hyundai,Hyundai Grand i10Sportz,2015,"65,000kms",Petrol,Manual,₹3.25 Lakh,delhi-ncr
Honda,Honda AmazeVX Petrol,2021,"75,000kms",Petrol,Manual,₹5.75 Lakh,delhi-ncr
Hyundai,Hyundai VenueS BSVI,2022,"34,000kms",Petrol,Manual,₹6.50 Lakh,delhi-ncr
Mahindra,Mahindra TharLX 4WD Hard Top AT BSVI,2022,"27,000kms",Petrol,Automatic,₹11.99 Lakh,delhi-ncr
Mercedes-Benz,Mercedes-Benz GLA200 BSVI,2022,"53,000kms",Petrol,Automatic,₹31 Lakh,delhi-ncr
Hyundai,Hyundai Grand i10 NiosSportz,2022,"68,000kms",Petrol,Manual,₹5.50 Lakh,delhi-ncr
Maruti,Maruti XL6Alpha,2019,"55,000kms",Petrol,Manual,₹7.75 Lakh,delhi-ncr
Kia,Kia SeltosHTK G,2023,"19,000kms",Petrol,Manual,₹10.49 Lakh,delhi-ncr
Toyota,Toyota Corolla Altis1.8 G,2019,"77,000kms",Petrol,Manual,₹8.99 Lakh,delhi-ncr
Maruti,Maruti BalenoSigma BSVI,2022,"18,000kms",Petrol,Manual,₹5.60 Lakh,delhi-ncr
Tata,Tata Nexon EVEmpowered 45,2025,"10,000kms",Electric,Automatic,₹15.25 Lakh,delhi-ncr
Hyundai,Hyundai Grand i10 NiosSportz,2022,"68,000kms",Petrol,Manual,₹5.40 Lakh,delhi-ncr
Honda,Honda AmazeS Option i-VTEC,2018,"53,000kms",Petrol,Manual,₹3.95 Lakh,delhi-ncr
Hyundai,Hyundai i20Sportz Plus Diesel,2018,"69,357kms",Diesel,Manual,₹4.50 Lakh,delhi-ncr
Mercedes-Benz,Mercedes-Benz GLC300,2024,"28,743kms",Petrol,Automatic,₹60 Lakh,delhi-ncr
Maruti,Maruti ErtigaVXI CNG,2016,"68,324kms",CNG,Manual,₹5 Lakh,delhi-ncr
Mahindra,Mahindra Scorpio NZ4 Diesel 4x4,2023,"42,000kms",Diesel,Manual,₹13.49 Lakh,delhi-ncr
Maruti,Maruti Vitara BrezzaVDi Option,2018,"91,000kms",Diesel,Manual,₹4.15 Lakh,delhi-ncr
Mahindra,Mahindra MarazzoM2 8Str BSIV,2018,"65,000kms",Diesel,Manual,₹3.25 Lakh,delhi-ncr
Nissan,Nissan MagniteXE BSVI,2021,"24,000kms",Petrol,Manual,₹3.99 Lakh,delhi-ncr
Renault,Renault KWIDRXL BSIV,2020,"48,000kms",Petrol,Manual,₹2.75 Lakh,delhi-ncr
Hyundai,Hyundai CretaEX,2024,"24,000kms",Petrol,Manual,₹11.90 Lakh,delhi-ncr
Mahindra,Mahindra ScorpioS5 BSIV,2018,"71,000kms",Diesel,Manual,₹6.95 Lakh,delhi-ncr
Honda,Honda BR-Vi-VTEC VX MT,2016,"45,000kms",Petrol,Manual,₹5.50 Lakh,delhi-ncr
MG,MG AstorSavvy CVT BSVI,2022,"49,000kms",Petrol,Automatic,₹9.75 Lakh,delhi-ncr
Hyundai,Hyundai Grand i10Sportz,2015,"65,000kms",Petrol,Manual,₹3.25 Lakh,delhi-ncr
Hyundai,Hyundai Santro XingGLS,2011,"65,000kms",Petrol,Manual,"₹82,000",delhi-ncr
Honda,Honda AmazeVX Petrol,2021,"75,000kms",Petrol,Manual,₹5.75 Lakh,delhi-ncr
Mahindra,Mahindra TharLX 4WD Hard Top AT BSVI,2022,"27,000kms",Petrol,Automatic,₹11.99 Lakh,delhi-ncr
Mercedes-Benz,Mercedes-Benz GLA200 BSVI,2022,"53,000kms",Petrol,Automatic,₹31 Lakh,delhi-ncr
Renault,Renault Duster85PS Diesel RxE,2016,"62,000kms",Diesel,Manual,₹2.87 Lakh,delhi-ncr
Hyundai,Hyundai Grand i10 NiosSportz,2022,"68,000kms",Petrol,Manual,₹5.50 Lakh,delhi-ncr
Kia,Kia SeltosHTK G,2023,"19,000kms",Petrol,Manual,₹10.49 Lakh,delhi-ncr
Toyota,Toyota Corolla Altis1.8 G,2019,"77,000kms",Petrol,Manual,₹8.99 Lakh,delhi-ncr
Toyota,Toyota Etios LivaPetrol TRD Sportivo,2014,"62,000kms",Petrol,Manual,₹2.25 Lakh,delhi-ncr
Maruti,Maruti BalenoSigma BSVI,2022,"18,000kms",Petrol,Manual,₹5.60 Lakh,delhi-ncr
Hyundai,Hyundai Grand i10 NiosSportz,2022,"68,000kms",Petrol,Manual,₹5.40 Lakh,delhi-ncr
Honda,Honda AmazeS Option i-VTEC,2018,"53,000kms",Petrol,Manual,₹3.95 Lakh,delhi-ncr
Ford,Ford Ecosport1.0 Ecoboost Titanium,2013,"65,000kms",Petrol,Manual,₹2.83 Lakh,delhi-ncr
Hyundai,Hyundai i20Sportz Plus Diesel,2018,"69,357kms",Diesel,Manual,₹4.50 Lakh,delhi-ncr
Maruti,Maruti ErtigaVXI CNG,2016,"68,324kms",CNG,Manual,₹5 Lakh,delhi-ncr
Tata,Tata SafariPure Plus S Dark AT,2024,"24,000kms",Diesel,Automatic,₹19.75 Lakh,delhi-ncr
Ford,Ford Ecosport1.5 Ti VCT MT Titanium,2015,"63,000kms",Petrol,Manual,₹2.90 Lakh,delhi-ncr
Mahindra,Mahindra TharLX Hard Top AT RWD,2024,"12,000kms",Petrol,Automatic,₹13.90 Lakh,delhi-ncr
Toyota,Toyota Innova HycrossG 7STR,2024,"5,000kms",Petrol,Automatic,₹22.90 Lakh,delhi-ncr
Honda,Honda AmazeS i-VTEC,2016,"72,000kms",Petrol,Manual,₹2.90 Lakh,delhi-ncr
Maruti,Maruti RitzLXi,2013,"59,000kms",Petrol,Manual,₹1.55 Lakh,delhi-ncr
Toyota,Toyota GlanzaG,2019,"81,000kms",Petrol,Manual,₹4.70 Lakh,delhi-ncr
Maruti,Maruti ErtigaVXi (O) CNG,2023,"24,000kms",CNG,Manual,₹10.50 Lakh,delhi-ncr
Hyundai,Hyundai VernaSX IVT,2023,"54,000kms",Petrol,Automatic,₹11 Lakh,delhi-ncr
Maruti,Maruti Wagon RLXI BS IV,2011,"72,000kms",Petrol,Manual,₹1.60 Lakh,delhi-ncr
Maruti,Maruti CiazVXi,2016,"51,543kms",Petrol,Manual,₹3.55 Lakh,delhi-ncr
Kia,Kia SonetGTX Plus Turbo DCT,2023,"20,000kms",Petrol,Automatic,₹11 Lakh,delhi-ncr
Mahindra,Mahindra Scorpio NZ4 Diesel 4x4,2023,"42,000kms",Diesel,Manual,₹13.49 Lakh,delhi-ncr
Ford,Ford Ecosport1.0 Ecoboost Titanium,2014,"72,001kms",Petrol,Manual,₹2.85 Lakh,delhi-ncr
Maruti,Maruti Vitara BrezzaVDi Option,2018,"91,000kms",Diesel,Manual,₹4.15 Lakh,delhi-ncr
Mahindra,Mahindra XUV300W8 BSVI,2020,"75,000kms",Petrol,Manual,₹6.75 Lakh,delhi-ncr
Honda,Honda Cityi-VTEC CVT V,2017,"80,000kms",Petrol,Automatic,₹4.85 Lakh,delhi-ncr
Maruti,Maruti CiazVDi Option SHVS,2016,"72,002kms",Diesel,Manual,₹3.58 Lakh,delhi-ncr
Tata,Tata Tiago1.2 Revotron XZ,2019,"67,000kms",Petrol,Manual,₹3.75 Lakh,delhi-ncr
Honda,Honda Cityi VTEC VX,2016,"80,000kms",Petrol,Manual,₹4.95 Lakh,delhi-ncr
Honda,Honda CityS,2013,"67,245kms",Petrol,Manual,₹2.19 Lakh,delhi-ncr
Hyundai,Hyundai i201.2 Asta,2011,"66,006kms",Petrol,Manual,₹1.55 Lakh,delhi-ncr
Honda,Honda AmazeS Option CVT i-VTEC,2017,"87,000kms",Petrol,Automatic,₹3.25 Lakh,delhi-ncr
Toyota,Toyota Fortuner4X2 AT,2024,"15,000kms",Petrol,Automatic,₹34 Lakh,delhi-ncr
BMW,BMW 5 Series520d Luxury Line,2020,"26,000kms",Diesel,Automatic,₹34.75 Lakh,delhi-ncr
Maruti,Maruti Alto 800CNG LXI,2014,"57,000kms",CNG,Manual,₹1.75 Lakh,delhi-ncr
Hyundai,Hyundai CretaSX IVT BSVI,2020,"72,700kms",Petrol,Automatic,₹10.90 Lakh,delhi-ncr
Kia,Kia SonetHTX Diesel AT,2024,"17,000kms",Diesel,Automatic,₹11.85 Lakh,delhi-ncr
Volvo,Volvo XC90B5 AWD Mild hybrid Ultra,2025,"3,000kms",Petrol,Automatic,₹92 Lakh,delhi-ncr
Volkswagen,Volkswagen PoloPetrol Trendline 1.2L,2012,"6,53,000kms",Petrol,Manual,₹1.85 Lakh,delhi-ncr
Mahindra,Mahindra XUV700AX7 Diesel Luxury Pack BSVI,2022,"52,000kms",Diesel,Manual,₹17.90 Lakh,delhi-ncr
Mahindra,Mahindra XUV700AX7 Diesel AT BSVI,2022,"60,000kms",Diesel,Automatic,₹16.75 Lakh,delhi-ncr
BMW,BMW X1sDrive18i M Sport,2024,"16,000kms",Petrol,Automatic,₹42.50 Lakh,delhi-ncr
Maruti,Maruti ErtigaVXI CNG,2018,"48,000kms",CNG,Manual,₹5.25 Lakh,delhi-ncr
Maruti,Maruti Grand VitaraDelta CNG 2 Airbag,2023,"50,000kms",CNG,Manual,₹11.50 Lakh,delhi-ncr
Maruti,Maruti Wagon RLXI CNG,2019,"40,000kms",CNG,Manual,₹3.75 Lakh,delhi-ncr
Maruti,Maruti Wagon RLXI CNG,2018,"40,000kms",CNG,Manual,₹3.75 Lakh,delhi-ncr
Maruti,Maruti S CrossDDiS 200 Delta,2017,"70,000kms",Diesel,Manual,₹3.50 Lakh,delhi-ncr
Toyota,Toyota VellfireExecutive Lounge,2023,"52,000kms",Petrol,Automatic,₹79.50 Lakh,delhi-ncr
Toyota,Toyota Innova Crysta2.8 ZX AT BSIV,2016,"98,000kms",Diesel,Automatic,₹12.80 Lakh,delhi-ncr
Skoda,Skoda Octavia1.8 TSI AT Onyx,2020,"65,000kms",Petrol,Automatic,₹11.75 Lakh,delhi-ncr
Maruti,Maruti ErtigaSHVS VDI,2016,"62,000kms",Diesel,Manual,₹4.75 Lakh,delhi-ncr
Toyota,Toyota Innova Crysta2.7 GX AT BSIV,2017,"85,000kms",Petrol,Automatic,₹9.75 Lakh,delhi-ncr
Mahindra,Mahindra ScorpioS 11,2025,"16,000kms",Diesel,Manual,₹16.75 Lakh,delhi-ncr
BMW,BMW 3 Series GTLuxury Line,2020,"60,000kms",Diesel,Automatic,₹18.90 Lakh,delhi-ncr
MG,MG HectorSharp Diesel MT BSIV,2019,"94,900kms",Diesel,Manual,₹8.95 Lakh,delhi-ncr
Mercedes-Benz,Mercedes-Benz B ClassB180 Sport,2017,"60,000kms",Petrol,Automatic,₹13.50 Lakh,delhi-ncr
Tata,Tata SafariXZ Plus BSVI,2022,"75,000kms",Diesel,Manual,₹12.90 Lakh,delhi-ncr
Hyundai,Hyundai Grand i10Sportz,2015,"51,234kms",Petrol,Manual,₹2.69 Lakh,delhi-ncr
Tata,Tata HexaXM,2018,"74,000kms",Diesel,Manual,₹4.95 Lakh,delhi-ncr
Maruti,Maruti Ciaz1.4 Sigma,2018,"31,758kms",Petrol,Manual,₹4.50 Lakh,delhi-ncr
Honda,Honda AmazeS i-Vtech,2014,"71,263kms",Petrol,Manual,₹2.59 Lakh,delhi-ncr
Hyundai,Hyundai Grand i10Sportz,2015,"55,078kms",Petrol,Manual,₹2.70 Lakh,delhi-ncr
Tata,Tata HexaXM,2017,"54,000kms",Diesel,Manual,₹4.75 Lakh,delhi-ncr
Tata,Tata TigorXZ CNG,2023,"25,490kms",CNG,Manual,₹5.51 Lakh,delhi-ncr
Hyundai,Hyundai Creta1.6 VTVT AT SX Plus,2017,"62,301kms",Petrol,Automatic,₹6.15 Lakh,delhi-ncr
Ford,Ford Ecosport1.5 TDCi Trend BSIV,2021,"39,048kms",Diesel,Manual,₹5.94 Lakh,delhi-ncr
Kia,Kia SonetHTX Diesel BSVI,2020,"1,05,000kms",Diesel,Manual,₹6.30 Lakh,delhi-ncr
Maruti,Maruti BalenoDelta Diesel,2022,"32,098kms",Diesel,Manual,₹5.80 Lakh,delhi-ncr
Maruti,Maruti BalenoAlpha Diesel,2021,"49,544kms",Diesel,Manual,₹6.32 Lakh,delhi-ncr
Maruti,Maruti SwiftVXI,2014,"89,695kms",Petrol,Manual,₹2.94 Lakh,delhi-ncr
Maruti,Maruti SwiftVXI AMT BSVI,2021,"5,700kms",Petrol,Automatic,₹6.55 Lakh,delhi-ncr
Tata,Tata AltrozXZ Plus Dark Edition,2022,"22,387kms",Petrol,Manual,₹6.98 Lakh,delhi-ncr
Mahindra,Mahindra TharLX Hard Top,2021,"20,146kms",Petrol,Manual,₹11.05 Lakh,delhi-ncr
Honda,Honda AmazeVX i-VTEC,2015,"51,298kms",Petrol,Manual,₹3.73 Lakh,delhi-ncr
Citroen,Citroen C3Feel,2023,"45,000kms",Petrol,Manual,₹4.50 Lakh,delhi-ncr
Hyundai,Hyundai VenueSX Diesel,2022,"73,678kms",Diesel,Manual,₹7.73 Lakh,delhi-ncr
Maruti,Maruti BalenoZeta Diesel,2016,"71,115kms",Diesel,Manual,₹4.09 Lakh,delhi-ncr
Maruti,Maruti BalenoDelta Diesel,2017,"64,411kms",Diesel,Manual,₹4.03 Lakh,delhi-ncr
Toyota,Toyota EtiosVX,2011,"1,60,000kms",Petrol,Manual,₹1.45 Lakh,delhi-ncr
Maruti,Maruti CelerioVXI AMT,2015,"33,540kms",Petrol,Automatic,₹3.26 Lakh,delhi-ncr
Honda,Honda JazzVX,2016,"53,811kms",Petrol,Manual,₹3.49 Lakh,delhi-ncr
Kia,Kia SonetGTX Plus Turbo iMT DT,2021,"44,609kms",Petrol,Manual,₹8.60 Lakh,delhi-ncr
Hyundai,Hyundai Creta1.4 CRDi S,2018,"64,769kms",Diesel,Manual,₹8 Lakh,delhi-ncr
Volkswagen,Volkswagen Vento1.2 TSI Highline BSIV,2016,"83,038kms",Petrol,Automatic,₹4.91 Lakh,delhi-ncr
Honda,Honda WR-Vi-VTEC VX,2019,"34,660kms",Petrol,Manual,₹5.99 Lakh,delhi-ncr
Renault,Renault KWID1.0 RXT Opt,2016,"54,711kms",Petrol,Manual,₹2.25 Lakh,delhi-ncr
Honda,Honda AmazeVX i-VTEC,2016,"52,000kms",Petrol,Manual,₹3.25 Lakh,delhi-ncr
Hyundai,Hyundai i201.2 Magna Executive,2017,"49,733kms",Petrol,Manual,₹3.60 Lakh,delhi-ncr
Hyundai,Hyundai Grand i10Sportz,2015,"51,234kms",Petrol,Manual,₹2.69 Lakh,delhi-ncr
Maruti,Maruti Ciaz1.4 Sigma,2018,"31,758kms",Petrol,Manual,₹4.50 Lakh,delhi-ncr
Audi,Audi Q740 TFSI Quattro Technology,2019,"59,000kms",Petrol,Automatic,₹35.75 Lakh,delhi-ncr
Honda,Honda AmazeS i-Vtech,2014,"71,263kms",Petrol,Manual,₹2.59 Lakh,delhi-ncr
Hyundai,Hyundai Grand i10Sportz,2015,"55,078kms",Petrol,Manual,₹2.70 Lakh,delhi-ncr
Tata,Tata TigorXZ CNG,2023,"25,490kms",CNG,Manual,₹5.51 Lakh,delhi-ncr
Maruti,Maruti CelerioZXI BSVI,2022,"60,000kms",Petrol,Manual,₹3.80 Lakh,delhi-ncr
Hyundai,Hyundai Creta1.6 VTVT AT SX Plus,2017,"62,301kms",Petrol,Automatic,₹6.15 Lakh,delhi-ncr
Ford,Ford Ecosport1.5 TDCi Trend BSIV,2021,"39,048kms",Diesel,Manual,₹5.94 Lakh,delhi-ncr
Hyundai,Hyundai Grand i10Magna,2015,"37,293kms",Petrol,Manual,₹2.59 Lakh,delhi-ncr
Ford,Ford Ecosport1.5 Petrol Trend Plus AT BSIV,2019,"39,000kms",Petrol,Automatic,₹4.75 Lakh,delhi-ncr
Hyundai,Hyundai Grand i10Sportz,2015,"71,943kms",Petrol,Manual,₹2.75 Lakh,delhi-ncr
Honda,Honda AmazeS Petrol BSIV,2018,"70,902kms",Petrol,Manual,₹3.48 Lakh,delhi-ncr
Hyundai,Hyundai VernaVTVT 1.6 SX,2018,"78,038kms",Petrol,Manual,₹5.50 Lakh,delhi-ncr
Honda,Honda WR-Vi-DTEC VX,2017,"56,000kms",Diesel,Manual,₹3.25 Lakh,delhi-ncr
MG,MG HectorHybrid Sharp MT BSIV,2020,"80,149kms",Petrol,Manual,₹8.88 Lakh,delhi-ncr
Tata,Tata TiagoXZ Plus CNG,2023,"34,587kms",CNG,Manual,₹5.47 Lakh,delhi-ncr
Ford,Ford Ecosport1.5 Petrol Titanium Plus AT BSIV,2018,"58,642kms",Petrol,Automatic,₹5.47 Lakh,delhi-ncr
Mercedes-Benz,Mercedes-Benz G-ClassAMG G 63,2025,743kms,Petrol,Automatic,₹3.95 Crore,delhi-ncr
Hyundai,Hyundai i20Asta Option 1.2,2017,"68,000kms",Petrol,Manual,₹4.90 Lakh,delhi-ncr
Ford,Ford Endeavour3.2 Titanium AT 4X4,2018,"84,000kms",Diesel,Automatic,₹19.50 Lakh,delhi-ncr
Hyundai,Hyundai i20Asta BSVI,2021,"57,370kms",Petrol,Manual,₹6.25 Lakh,delhi-ncr
BMW,BMW X1sDrive18i M Sport,2024,"20,196kms",Petrol,Automatic,₹44 Lakh,delhi-ncr
Tata,Tata Tigor1.2 Revotron XT,2017,"68,000kms",Petrol,Manual,₹3.45 Lakh,delhi-ncr
Maruti,Maruti Swift DzireVXI,2012,"95,000kms",Petrol,Manual,₹2.45 Lakh,delhi-ncr
Tata,Tata Tiago EVXT MR,2024,"37,000kms",Electric,Automatic,₹5.89 Lakh,delhi-ncr
Mahindra,Mahindra Scorpio NZ8L BSVI,2022,"60,000kms",Petrol,Manual,₹12.80 Lakh,delhi-ncr
Nissan,Nissan MagniteTurbo CVT XV Premium,2023,"7,000kms",Petrol,Automatic,₹6.97 Lakh,delhi-ncr
MG,MG Windsor EVEssence,2024,"25,000kms",Electric,Automatic,₹14.50 Lakh,delhi-ncr
Hyundai,Hyundai Grand i10 NiosMagna,2024,"18,000kms",Petrol,Manual,₹5.75 Lakh,delhi-ncr
Jeep,Jeep Compass2.0 Limited,2017,"1,17,000kms",Diesel,Manual,₹6.75 Lakh,delhi-ncr
Maruti,Maruti Swift DzireVXI CNG BSVI,2022,"63,000kms",CNG,Manual,₹6.40 Lakh,delhi-ncr
Mercedes-Benz,Mercedes-Benz EQA250 Plus,2024,"12,000kms",Electric,Automatic,₹46.50 Lakh,delhi-ncr
Mercedes-Benz,Mercedes-Benz GLC200,2020,"32,000kms",Petrol,Automatic,₹38 Lakh,delhi-ncr
Toyota,Toyota EtiosVX,2011,"66,000kms",Petrol,Manual,₹1.50 Lakh,delhi-ncr
Ford,Ford Ecosport1.5 Petrol Titanium Plus BSIV,2018,"65,000kms",Petrol,Manual,₹5.25 Lakh,delhi-ncr
Maruti,Maruti IgnisDelta BSVI,2022,"24,000kms",Petrol,Manual,₹4.90 Lakh,delhi-ncr
Toyota,Toyota VellfireVIP Executive Lounge,2023,"16,900kms",Petrol,Automatic,₹88 Lakh,delhi-ncr
BMW,BMW iXxDrive50,2024,"19,864kms",Electric,Automatic,₹89 Lakh,delhi-ncr
Honda,Honda BR-Vi-VTEC S MT,2016,"84,000kms",Petrol,Manual,₹5.40 Lakh,delhi-ncr
Mini Cooper,Mini Cooper Countryman  -2021Cooper S,2018,"49,000kms",Petrol,Automatic,₹22 Lakh,delhi-ncr
Audi,Audi Q7Bold Edition,2024,"13,000kms",Petrol,Automatic,₹79 Lakh,delhi-ncr
Datsun,Datsun RediGO1.0 S,2018,"98,000kms",Petrol,Manual,₹1.80 Lakh,delhi-ncr
Tata,Tata BoltRevotron XMS,2015,"94,964kms",Petrol,Manual,₹1.35 Lakh,delhi-ncr
Maruti,Maruti Swift DzireAMT ZXI,2018,"54,000kms",Petrol,Automatic,₹5.25 Lakh,delhi-ncr
Hyundai,Hyundai i20Magna Plus BSIV,2020,"72,000kms",Petrol,Manual,₹4.90 Lakh,delhi-ncr
Mercedes-Benz,Mercedes-Benz GLE250d,2018,"80,000kms",Diesel,Automatic,₹28 Lakh,delhi-ncr
Hyundai,Hyundai Creta1.6 CRDi AT SX Plus,2018,"65,400kms",Diesel,Automatic,₹7.75 Lakh,delhi-ncr
Maruti,Maruti CelerioLXI,2017,"65,000kms",Petrol,Manual,₹2.99 Lakh,delhi-ncr
Maruti,Maruti XL6Zeta,2021,"37,500kms",Petrol,Manual,₹8.25 Lakh,delhi-ncr
Maruti,Maruti Wagon RCNG LXI Opt,2021,"20,000kms",CNG,Manual,₹4.70 Lakh,delhi-ncr
Maruti,Maruti ErtigaBSIV VXI,2017,"72,000kms",Petrol,Manual,₹6.10 Lakh,delhi-ncr
Maruti,Maruti Wagon RLXI BS IV,2015,"72,480kms",Petrol,Manual,₹2 Lakh,delhi-ncr
Skoda,Skoda KodiaqL & K,2024,"65,000kms",Petrol,Automatic,₹29.90 Lakh,delhi-ncr
Maruti,Maruti Wagon RLXI CNG,2011,"1,28,000kms",CNG,Manual,₹1.32 Lakh,delhi-ncr
Maruti,Maruti Wagon RVXI Optional,2018,"36,000kms",Petrol,Manual,₹3.35 Lakh,delhi-ncr
Hyundai,Hyundai Verna1.6 SX VTVT,2013,"78,000kms",Petrol,Manual,₹2.75 Lakh,delhi-ncr
Maruti,Maruti CelerioVXI CNG BSIV,2018,"57,000kms",CNG,Manual,₹3.49 Lakh,delhi-ncr
Mercedes-Benz,Mercedes-Benz GLA Class200,2016,"70,000kms",Petrol,Automatic,₹17.75 Lakh,delhi-ncr
Ford,Ford Endeavour3.2 Titanium AT 4X4,2018,"84,000kms",Diesel,Automatic,₹19.50 Lakh,delhi-ncr
Hyundai,Hyundai i20Asta BSVI,2021,"57,370kms",Petrol,Manual,₹6.25 Lakh,delhi-ncr
Tata,Tata Tigor1.2 Revotron XT,2017,"68,000kms",Petrol,Manual,₹3.45 Lakh,delhi-ncr
Skoda,Skoda SuperbLaurin & klement BSVI,2021,"38,000kms",Petrol,Automatic,₹25.75 Lakh,delhi-ncr
Maruti,Maruti Swift DzireVXI,2012,"95,000kms",Petrol,Manual,₹2.45 Lakh,delhi-ncr
Tata,Tata Tiago EVXT MR,2024,"37,000kms",Electric,Automatic,₹5.89 Lakh,delhi-ncr
Nissan,Nissan MagniteTurbo CVT XV Premium,2023,"7,000kms",Petrol,Automatic,₹6.97 Lakh,delhi-ncr
Tata,Tata TiagoXT CNG BSVI,2022,"42,000kms",CNG,Manual,₹4.95 Lakh,delhi-ncr
MG,MG Windsor EVEssence,2024,"25,000kms",Electric,Automatic,₹14.50 Lakh,delhi-ncr
Kia,Kia SeltosHTK Plus G,2021,"50,806kms",Petrol,Manual,₹9.25 Lakh,delhi-ncr
Mahindra,Mahindra TharLX 4WD Hard Top Diesel BSVI,2022,"65,000kms",Diesel,Manual,₹11.95 Lakh,delhi-ncr
Ford,Ford EndeavourTitanium Plus 4X2 AT,2021,"80,000kms",Diesel,Automatic,₹27.95 Lakh,delhi-ncr
MG,MG GlosterSavvy 4x4 6Str,2023,"25,000kms",Diesel,Automatic,₹31.50 Lakh,delhi-ncr
Tata,Tata HarrierXM BSIV,2019,"82,002kms",Diesel,Manual,₹7.85 Lakh,delhi-ncr
Maruti,Maruti ErtigaZXI,2013,"72,000kms",Petrol,Manual,₹4 Lakh,delhi-ncr
Audi,Audi A62.8 FSI,2011,"69,000kms",Petrol,Automatic,₹6 Lakh,delhi-ncr
MG,MG HectorSuper MT,2020,"22,000kms",Petrol,Manual,₹7.99 Lakh,delhi-ncr
Kia,Kia SeltosGTX Plus,2020,"85,000kms",Petrol,Manual,₹10.25 Lakh,delhi-ncr
Hyundai,Hyundai Creta N LineN8,2018,"70,000kms",Petrol,Manual,₹7.65 Lakh,delhi-ncr
Ford,Ford Ecosport1.0 Ecoboost Titanium,2014,"72,001kms",Petrol,Manual,₹2.85 Lakh,delhi-ncr
Skoda,Skoda KodiaqL & K,2024,"65,000kms",Petrol,Automatic,₹29.90 Lakh,delhi-ncr
Maruti,Maruti Wagon RVXI Optional,2018,"36,000kms",Petrol,Manual,₹3.35 Lakh,delhi-ncr
Hyundai,Hyundai Verna1.6 SX VTVT,2013,"78,000kms",Petrol,Manual,₹2.75 Lakh,delhi-ncr
Maruti,Maruti CiazVDi Option SHVS,2016,"72,002kms",Diesel,Manual,₹3.58 Lakh,delhi-ncr
Maruti,Maruti CelerioVXI CNG BSIV,2018,"57,000kms",CNG,Manual,₹3.49 Lakh,delhi-ncr
Kia,Kia SeltosHTK Plus G,2021,"50,806kms",Petrol,Manual,₹9.25 Lakh,delhi-ncr
Mahindra,Mahindra TharLX 4WD Hard Top Diesel BSVI,2022,"65,000kms",Diesel,Manual,₹11.95 Lakh,delhi-ncr
Hyundai,Hyundai i201.2 Asta,2011,"66,006kms",Petrol,Manual,₹1.55 Lakh,delhi-ncr
MG,MG GlosterSavvy 4x4 6Str,2023,"25,000kms",Diesel,Automatic,₹31.50 Lakh,delhi-ncr
Tata,Tata HarrierXM BSIV,2019,"82,002kms",Diesel,Manual,₹7.85 Lakh,delhi-ncr
Maruti,Maruti ErtigaZXI,2013,"72,000kms",Petrol,Manual,₹4 Lakh,delhi-ncr
Maruti,Maruti Alto 800CNG LXI,2014,"57,000kms",CNG,Manual,₹1.75 Lakh,delhi-ncr
MG,MG HectorSuper MT,2020,"22,000kms",Petrol,Manual,₹7.99 Lakh,delhi-ncr
Kia,Kia SeltosGTX Plus,2020,"85,000kms",Petrol,Manual,₹10.25 Lakh,delhi-ncr
Hyundai,Hyundai Creta N LineN8,2018,"70,000kms",Petrol,Manual,₹7.65 Lakh,delhi-ncr
Volkswagen,Volkswagen PoloPetrol Trendline 1.2L,2012,"6,53,000kms",Petrol,Manual,₹1.85 Lakh,delhi-ncr
Mahindra,Mahindra TharLX 4WD Hard Top BSVI,2021,"90,000kms",Petrol,Manual,₹10 Lakh,delhi-ncr
Nissan,Nissan Micra ActiveXL Petrol,2016,"77,000kms",Petrol,Manual,₹2.95 Lakh,delhi-ncr
Tata,Tata SafariXZA AT BSVI,2022,"86,701kms",Diesel,Automatic,₹12.75 Lakh,delhi-ncr
Audi,Audi Q740 TFSI Quattro Technology,2019,"59,000kms",Petrol,Automatic,₹35.75 Lakh,delhi-ncr
Mahindra,Mahindra TharLX 4WD Hard Top Diesel BSVI,2022,"65,000kms",Diesel,Manual,₹11.95 Lakh,delhi-ncr
MG,MG GlosterSavvy 4x4 6Str,2023,"25,000kms",Diesel,Automatic,₹31.50 Lakh,delhi-ncr
Tata,Tata HarrierXM BSIV,2019,"82,002kms",Diesel,Manual,₹7.85 Lakh,delhi-ncr
Maruti,Maruti CelerioZXI BSVI,2022,"60,000kms",Petrol,Manual,₹3.80 Lakh,delhi-ncr
Maruti,Maruti ErtigaZXI,2013,"72,000kms",Petrol,Manual,₹4 Lakh,delhi-ncr
MG,MG HectorSuper MT,2020,"22,000kms",Petrol,Manual,₹7.99 Lakh,delhi-ncr
Kia,Kia SeltosGTX Plus,2020,"85,000kms",Petrol,Manual,₹10.25 Lakh,delhi-ncr
Ford,Ford Ecosport1.5 Petrol Trend Plus AT BSIV,2019,"39,000kms",Petrol,Automatic,₹4.75 Lakh,delhi-ncr
Hyundai,Hyundai Creta N LineN8,2018,"70,000kms",Petrol,Manual,₹7.65 Lakh,delhi-ncr
Mahindra,Mahindra TharLX 4WD Hard Top BSVI,2021,"90,000kms",Petrol,Manual,₹10 Lakh,delhi-ncr
Nissan,Nissan Micra ActiveXL Petrol,2016,"77,000kms",Petrol,Manual,₹2.95 Lakh,delhi-ncr
Honda,Honda WR-Vi-DTEC VX,2017,"56,000kms",Diesel,Manual,₹3.25 Lakh,delhi-ncr
Tata,Tata SafariXZA AT BSVI,2022,"86,701kms",Diesel,Automatic,₹12.75 Lakh,delhi-ncr
Ford,Ford Ecosport1.5 Diesel Titanium BSIV,2017,"1,05,000kms",Diesel,Manual,₹4.50 Lakh,delhi-ncr
Mahindra,Mahindra ScorpioS5 BSIV,2018,"63,000kms",Diesel,Manual,₹8.75 Lakh,delhi-ncr
Honda,Honda AmazeV CVT Diesel BSIV,2018,"92,000kms",Diesel,Automatic,₹4 Lakh,delhi-ncr
Tata,Tata HarrierXZ BSIV,2019,"85,000kms",Diesel,Manual,₹8.75 Lakh,delhi-ncr
Honda,Honda New Accord2.4 A/T,2013,"1,15,000kms",Petrol,Automatic,₹3.95 Lakh,delhi-ncr
Toyota,Toyota Innova Crysta2.4 G MT,2020,"1,20,000kms",Diesel,Manual,₹14.50 Lakh,delhi-ncr
Hyundai,Hyundai VernaSX Turbo DCT,2023,"43,000kms",Petrol,Automatic,₹13.75 Lakh,delhi-ncr
Hyundai,Hyundai i20Magna Plus BSIV,2020,"72,000kms",Petrol,Manual,₹4.90 Lakh,delhi-ncr
Hyundai,Hyundai Creta1.6 CRDi AT SX Plus,2018,"65,400kms",Diesel,Automatic,₹7.75 Lakh,delhi-ncr
Maruti,Maruti CelerioLXI,2017,"65,000kms",Petrol,Manual,₹2.99 Lakh,delhi-ncr
Jaguar,Jaguar XF2.0 Diesel Prestige,2018,"16,000kms",Diesel,Automatic,₹25.75 Lakh,delhi-ncr
Toyota,Toyota Innova2.5 G (Diesel) 7 Seater BS IV,2016,"1,70,000kms",Diesel,Manual,₹12.50 Lakh,delhi-ncr
Toyota,Toyota Fortuner2.7 2WD MT BSIV,2017,"1,26,000kms",Petrol,Manual,₹20.50 Lakh,delhi-ncr
Maruti,Maruti Vitara BrezzaVDi,2018,"1,10,000kms",Diesel,Manual,₹5 Lakh,delhi-ncr
Renault,Renault Duster110PS Diesel RxL,2015,"67,000kms",Diesel,Manual,₹2.85 Lakh,delhi-ncr
Honda,Honda BrioS MT,2012,"26,000kms",Petrol,Manual,₹1.90 Lakh,delhi-ncr
Toyota,Toyota EtiosGD,2016,"74,000kms",Diesel,Manual,₹4.50 Lakh,delhi-ncr
Toyota,Toyota TaisorS Plus AMT,2024,"10,000kms",Petrol,Automatic,₹7.73 Lakh,delhi-ncr
Hyundai,Hyundai i20 Active1.2,2016,"60,000kms",Petrol,Manual,₹3.12 Lakh,delhi-ncr
Maruti,Maruti Baleno1.2 Alpha,2015,"29,012kms",Petrol,Manual,₹4.45 Lakh,delhi-ncr
Mahindra,Mahindra TharLX 4WD Hard Top AT BSVI,2023,"17,000kms",Petrol,Automatic,₹11.50 Lakh,delhi-ncr
Honda,Honda Cityi VTEC V,2016,"75,000kms",Petrol,Manual,₹4.25 Lakh,delhi-ncr
Hyundai,Hyundai CretaSX (O),2024,"30,000kms",Petrol,Manual,₹14.95 Lakh,delhi-ncr
Toyota,Toyota Etios Liva1.2 G,2019,"60,000kms",Petrol,Manual,₹4 Lakh,delhi-ncr
Mahindra,Mahindra MarazzoM4,2018,"1,10,000kms",Diesel,Manual,₹3.95 Lakh,delhi-ncr
Kia,Kia SeltosHTK Plus D,2020,"57,000kms",Diesel,Manual,₹8.95 Lakh,delhi-ncr
Mahindra,Mahindra MarazzoM2 8Str BSIV,2018,"65,000kms",Diesel,Manual,₹3.25 Lakh,delhi-ncr
Toyota,Toyota TaisorS Plus AMT,2024,"10,000kms",Petrol,Automatic,₹7.73 Lakh,delhi-ncr
Maruti,Maruti Baleno1.2 Alpha,2015,"29,012kms",Petrol,Manual,₹4.45 Lakh,delhi-ncr
Mahindra,Mahindra TharLX 4WD Hard Top AT BSVI,2023,"17,000kms",Petrol,Automatic,₹11.50 Lakh,delhi-ncr
Mahindra,Mahindra ScorpioS5 BSIV,2018,"71,000kms",Diesel,Manual,₹6.95 Lakh,delhi-ncr
Honda,Honda Cityi VTEC V,2016,"75,000kms",Petrol,Manual,₹4.25 Lakh,delhi-ncr
Toyota,Toyota Etios Liva1.2 G,2019,"60,000kms",Petrol,Manual,₹4 Lakh,delhi-ncr
Mahindra,Mahindra MarazzoM4,2018,"1,10,000kms",Diesel,Manual,₹3.95 Lakh,delhi-ncr
Hyundai,Hyundai Santro XingGLS,2011,"65,000kms",Petrol,Manual,"₹82,000",delhi-ncr
Kia,Kia SeltosHTK Plus D,2020,"57,000kms",Diesel,Manual,₹8.95 Lakh,delhi-ncr
Maruti,Maruti Swift DzireZXI AT BSVI,2021,"53,351kms",Petrol,Automatic,₹5.50 Lakh,delhi-ncr
Maruti,Maruti Swift DzireZXI AT BSVI,2021,"59,000kms",Petrol,Automatic,₹5.85 Lakh,delhi-ncr
Renault,Renault Duster85PS Diesel RxE,2016,"62,000kms",Diesel,Manual,₹2.87 Lakh,delhi-ncr
Maruti,Maruti Baleno1.2 Zeta,2016,"81,986kms",Petrol,Manual,₹3.45 Lakh,delhi-ncr
Honda,Honda CityVX MT,2020,"47,000kms",Petrol,Manual,₹7.75 Lakh,delhi-ncr
Tata,Tata NexonXZA Plus Kaziranga Edition AMT,2022,"47,000kms",Petrol,Automatic,₹8.15 Lakh,delhi-ncr
Toyota,Toyota Etios LivaPetrol TRD Sportivo,2014,"62,000kms",Petrol,Manual,₹2.25 Lakh,delhi-ncr
BMW,BMW 3 Series Long Wheelbase330Li M Sport First Edition,2022,"48,000kms",Petrol,Automatic,₹38.75 Lakh,delhi-ncr
Mercedes-Benz,Mercedes-Benz GLAAero Edition,2017,"35,000kms",Petrol,Automatic,₹15.75 Lakh,delhi-ncr
Mercedes-Benz,Mercedes-Benz EQS580 4Matic,2023,"25,000kms",Electric,Automatic,₹79.75 Lakh,delhi-ncr
Mercedes-Benz,Mercedes-Benz C-ClassProgressive C 200,2020,"32,000kms",Petrol,Automatic,₹31 Lakh,delhi-ncr
Maruti,Maruti XL6Zeta,2021,"37,500kms",Petrol,Manual,₹8.25 Lakh,delhi-ncr
Maruti,Maruti ErtigaBSIV VXI,2017,"72,000kms",Petrol,Manual,₹6.10 Lakh,delhi-ncr
Maruti,Maruti Wagon RLXI BS IV,2015,"72,480kms",Petrol,Manual,₹2 Lakh,delhi-ncr
Mercedes-Benz,Mercedes-Benz E-ClassExclusive E 200,2023,"40,000kms",Petrol,Automatic,₹55 Lakh,delhi-ncr
Skoda,Skoda KodiaqL & K,2024,"65,000kms",Petrol,Automatic,₹29.90 Lakh,delhi-ncr
Maruti,Maruti Wagon RVXI Optional,2018,"36,000kms",Petrol,Manual,₹3.35 Lakh,delhi-ncr
Hyundai,Hyundai Verna1.6 SX VTVT,2013,"78,000kms",Petrol,Manual,₹2.75 Lakh,delhi-ncr
Hyundai,Hyundai VernaSX IVT,2022,"46,000kms",Petrol,Automatic,₹10.95 Lakh,delhi-ncr
Maruti,Maruti CelerioVXI CNG BSIV,2018,"57,000kms",CNG,Manual,₹3.49 Lakh,delhi-ncr
Mahindra,Mahindra XUV300W8 BSVI,2020,"62,000kms",Petrol,Manual,₹6.25 Lakh,delhi-ncr
Mercedes-Benz,Mercedes-Benz E-ClassExclusive E 200 BSIV,2019,"1,04,000kms",Petrol,Automatic,₹27.90 Lakh,delhi-ncr
Hyundai,Hyundai AlcazarPlatinum (O) Turbo DCT,2022,"40,000kms",Petrol,Automatic,₹14.45 Lakh,delhi-ncr
Mercedes-Benz,Mercedes-Benz CLA200 CGI Sport,2016,"38,000kms",Petrol,Automatic,₹15.75 Lakh,delhi-ncr
Toyota,Toyota Innova Crysta2.7 GX 7 STR AT,2022,"30,000kms",Petrol,Automatic,₹17.50 Lakh,delhi-ncr
Hyundai,Hyundai SantroSportz CNG BSIV,2019,"60,000kms",CNG,Manual,₹3.75 Lakh,delhi-ncr
Audi,Audi Q53.0 TDI Quattro Technology,2015,"60,000kms",Diesel,Automatic,₹7.50 Lakh,delhi-ncr
Mercedes-Benz,Mercedes-Benz E-ClassE 200 CGI,2016,"1,00,000kms",Petrol,Automatic,₹15.75 Lakh,delhi-ncr
Hyundai,Hyundai i10Sportz 1.1L,2015,"54,000kms",Petrol,Manual,₹2.55 Lakh,delhi-ncr
Volkswagen,Volkswagen VirtusTopline AT BSVI,2022,"30,500kms",Petrol,Automatic,₹12.90 Lakh,delhi-ncr
Volkswagen,Volkswagen Taigun1.5 TSI GT Plus DSG,2022,"57,200kms",Petrol,Automatic,₹14 Lakh,delhi-ncr
Maruti,Maruti CiazDelta BSIV,2020,"27,000kms",Petrol,Manual,₹5.75 Lakh,delhi-ncr
Honda,Honda BrioS MT,2014,"60,371kms",Petrol,Manual,₹1.92 Lakh,delhi-ncr
Ford,Ford Ecosport1.5 Petrol Trend,2020,"50,622kms",Petrol,Manual,₹5.28 Lakh,delhi-ncr
Toyota,Toyota Innova Crysta2.4 G 7 STR,2021,"94,644kms",Diesel,Manual,₹18 Lakh,delhi-ncr
Kia,Kia SonetHTX Turbo iMT BSVI,2021,"39,789kms",Petrol,Manual,₹6.98 Lakh,delhi-ncr
Skoda,Skoda Slavia1.0 TSI Ambition,2022,"30,882kms",Petrol,Manual,₹9.98 Lakh,delhi-ncr
Maruti,Maruti BalenoZeta AMT,2022,"22,756kms",Petrol,Automatic,₹6.84 Lakh,delhi-ncr
Maruti,Maruti Swift1.2 VXi BSII,2010,"40,000kms",Petrol,Manual,₹1.82 Lakh,delhi-ncr
Renault,Renault KWID1.0 RXT AMT Opt,2018,"49,810kms",Petrol,Automatic,₹3.03 Lakh,delhi-ncr
Hyundai,Hyundai Grand i101.2 Kappa Asta,2014,"52,172kms",Petrol,Manual,₹3.15 Lakh,delhi-ncr
Maruti,Maruti S-PressoVXi Plus,2022,"57,366kms",Petrol,Manual,₹3.78 Lakh,delhi-ncr
Toyota,Toyota Innova Crysta2.7 GX 8 STR,2022,"32,000kms",Petrol,Manual,₹15.50 Lakh,delhi-ncr
Maruti,Maruti Alto K10VXI,2017,"98,184kms",Petrol,Manual,₹2.64 Lakh,delhi-ncr
MG,MG Hector Plus1.5 Turbo Sharp Pro 7 Str BSVI,2021,"58,053kms",Petrol,Manual,₹11.22 Lakh,delhi-ncr
Tata,Tata PunchAdventure Rhythm,2021,"29,036kms",Petrol,Manual,₹5.01 Lakh,delhi-ncr
Hyundai,Hyundai Grand i10Sportz,2014,"43,000kms",Petrol,Manual,₹2.50 Lakh,delhi-ncr
Maruti,Maruti CiazVXi,2016,"50,887kms",Petrol,Manual,₹4.45 Lakh,delhi-ncr
Hyundai,Hyundai Grand i101.2 Kappa Asta,2015,"1,00,153kms",Petrol,Manual,₹3.15 Lakh,delhi-ncr
Hyundai,Hyundai Grand i101.2 Kappa Magna AT,2018,"35,606kms",Petrol,Automatic,₹4.22 Lakh,delhi-ncr
Honda,Honda AmazeE i-Vtech,2014,"90,000kms",Petrol,Manual,₹2.90 Lakh,delhi-ncr
Renault,Renault KWID1.0 AMT RXT,2016,"57,503kms",Petrol,Automatic,₹2.40 Lakh,delhi-ncr
Renault,Renault KWIDRXT,2017,"80,363kms",Petrol,Manual,₹2.14 Lakh,delhi-ncr
Maruti,Maruti DzireZXI AMT,2022,"74,688kms",Petrol,Automatic,₹6.24 Lakh,delhi-ncr
Mahindra,Mahindra TUV 300mHAWK100 T8,2018,"60,000kms",Diesel,Manual,₹4.15 Lakh,delhi-ncr
Maruti,Maruti Baleno1.2 Alpha,2016,"94,575kms",Petrol,Manual,₹3.61 Lakh,delhi-ncr
Nissan,Nissan SunnyXV,2012,"74,805kms",Petrol,Manual,₹2.69 Lakh,delhi-ncr
Renault,Renault TriberRXT,2020,"1,06,647kms",Petrol,Manual,₹3.83 Lakh,delhi-ncr
Hyundai,Hyundai Santro XingGL Plus,2013,"90,000kms",Petrol,Manual,₹1.40 Lakh,delhi-ncr
Maruti,Maruti CiazDelta Diesel,2018,"91,809kms",Diesel,Automatic,₹4.64 Lakh,delhi-ncr
Hyundai,Hyundai Creta1.6 SX Automatic,2018,"60,320kms",Petrol,Automatic,₹6.12 Lakh,delhi-ncr
Maruti,Maruti Wagon RLXI BS IV,2018,"56,700kms",Petrol,Manual,₹2.58 Lakh,delhi-ncr
Ford,Ford Ecosport1.5 Diesel Titanium BSIV,2017,"60,000kms",Diesel,Manual,₹4.20 Lakh,delhi-ncr
Hyundai,Hyundai Grand i10Sportz,2016,"89,264kms",Petrol,Manual,₹2.36 Lakh,delhi-ncr
Maruti,Maruti Swift DzireVXI,2014,"54,963kms",Petrol,Manual,₹2.53 Lakh,delhi-ncr
Honda,Honda AmazeS Petrol BSIV,2020,"57,465kms",Petrol,Manual,₹4.41 Lakh,delhi-ncr
Tata,Tata NexonXM S BSVI,2022,"30,000kms",Petrol,Manual,₹7 Lakh,delhi-ncr
Hyundai,Hyundai Grand i10Sportz,2015,"43,553kms",Petrol,Manual,₹2.66 Lakh,delhi-ncr
Hyundai,Hyundai CretaE Diesel BSVI,2020,"88,094kms",Diesel,Manual,₹7.40 Lakh,delhi-ncr
Hyundai,Hyundai Xcent1.2 Kappa S,2014,"42,216kms",Petrol,Manual,₹2.23 Lakh,delhi-ncr
Tata,Tata NexonXZA Plus LUX Diesel AMT,2023,"72,000kms",Diesel,Automatic,₹9.50 Lakh,delhi-ncr
Renault,Renault KigerRXT AMT Opt,2021,"49,934kms",Petrol,Automatic,₹4.66 Lakh,delhi-ncr
Tata,Tata NexonXZ Plus BSVI,2021,"90,829kms",Petrol,Manual,₹5.60 Lakh,delhi-ncr
Hyundai,Hyundai Creta1.6 SX Option,2018,"53,082kms",Petrol,Manual,₹7.60 Lakh,delhi-ncr
Mercedes-Benz,Mercedes-Benz CLA200 CGI Sport,2019,"29,684kms",Petrol,Automatic,₹25 Lakh,delhi-ncr
MG,MG HectorSharp DCT,2020,"47,000kms",Petrol,Automatic,₹11.25 Lakh,delhi-ncr
MG,MG Hector Plus1.5 Turbo Sharp Pro CVT 7 Str BSVI,2023,"25,000kms",Petrol,Automatic,₹17.50 Lakh,delhi-ncr
MG,MG Hector PlusSharp DCT,2020,"61,000kms",Petrol,Automatic,₹11.25 Lakh,delhi-ncr
Toyota,Toyota Urban cruiserPremium,2022,"41,000kms",Petrol,Manual,₹7.75 Lakh,delhi-ncr
MG,MG HectorSharp DCT,2019,"26,000kms",Petrol,Automatic,₹10.75 Lakh,delhi-ncr
MG,MG AstorSavvy CVT BSVI,2021,"29,000kms",Petrol,Automatic,₹9.75 Lakh,delhi-ncr
Tata,Tata HarrierXZA AT BSVI,2021,"68,000kms",Diesel,Automatic,₹11.99 Lakh,delhi-ncr
Maruti,Maruti Baleno1.2 Delta,2018,"1,20,000kms",Petrol,Manual,₹5 Lakh,delhi-ncr
Tata,Tata HarrierXZ BSIV,2019,"60,000kms",Diesel,Manual,₹8.90 Lakh,delhi-ncr
Kia,Kia CarnivalLimousine,2022,"49,000kms",Diesel,Automatic,₹29.50 Lakh,delhi-ncr
Kia,Kia CarensLuxury Plus Turbo DCT 6 STR  -2023,2022,"39,000kms",Petrol,Automatic,₹14.50 Lakh,delhi-ncr
Hyundai,Hyundai Grand i10Asta Option AT,2017,"50,000kms",Petrol,Automatic,₹3 Lakh,delhi-ncr
Kia,Kia SeltosGTX,2019,"65,000kms",Petrol,Manual,₹9.50 Lakh,delhi-ncr
Hyundai,Hyundai CretaSX (O) iVT,2024,"12,000kms",Petrol,Automatic,₹17.50 Lakh,delhi-ncr
Hyundai,Hyundai Creta1.6 VTVT SX Plus,2018,"65,000kms",Petrol,Manual,₹7.50 Lakh,delhi-ncr
Honda,Honda CityV MT,2019,"62,000kms",Petrol,Manual,₹7 Lakh,delhi-ncr
Maruti,Maruti SwiftLXI,2020,"27,000kms",Petrol,Manual,₹4.50 Lakh,delhi-ncr
Hyundai,Hyundai Creta1.6 CRDi AT SX Plus,2018,"62,000kms",Diesel,Automatic,₹7.50 Lakh,delhi-ncr
Hyundai,Hyundai Creta1.6 CRDi SX Option,2017,"85,000kms",Diesel,Manual,₹6.50 Lakh,delhi-ncr
Mahindra,Mahindra XUV500W9 1.99,2017,"67,000kms",Diesel,Manual,₹7 Lakh,delhi-ncr
Honda,Honda AmazeS Option i-VTEC,2018,"78,000kms",Petrol,Manual,₹3.90 Lakh,delhi-ncr
Volkswagen,Volkswagen Polo1.0 MPI Highline Plus,2019,"67,000kms",Petrol,Manual,₹4.50 Lakh,delhi-ncr
Volkswagen,Volkswagen VentoPetrol Highline,2011,"75,000kms",Petrol,Manual,₹2.15 Lakh,delhi-ncr
Kia,Kia SonetGTX Plus Turbo DCT BSVI,2020,"27,747kms",Petrol,Automatic,₹10.50 Lakh,delhi-ncr
Honda,Honda AmazeS CVT Petrol,2020,"42,000kms",Petrol,Automatic,₹5.35 Lakh,delhi-ncr
Audi,Audi Q7Technology  -,2022,"60,000kms",Petrol,Automatic,₹59.49 Lakh,delhi-ncr
Mahindra,Mahindra KUV 100mFALCON G80 K8 Dual Tone,2017,"72,000kms",Petrol,Manual,₹2.40 Lakh,delhi-ncr
Mercedes-Benz,2021Mercedes-Benz AMG G 634MATIC  -2023,2018,"45,000kms",Petrol,Automatic,₹2.58 Crore,delhi-ncr
Honda,Honda CityS,2012,"82,000kms",Petrol,Manual,₹2.10 Lakh,delhi-ncr
Hyundai,Hyundai i20Petrol Asta,2019,"62,000kms",Petrol,Manual,₹5.35 Lakh,delhi-ncr
Hyundai,Hyundai i10Magna,2012,"65,000kms",Petrol,Manual,₹1.40 Lakh,delhi-ncr
Toyota,Toyota GlanzaV,2022,"30,000kms",Petrol,Manual,₹6 Lakh,delhi-ncr
Hyundai,Hyundai Creta1.6 VTVT SX Plus,2017,"44,000kms",Petrol,Manual,₹6.75 Lakh,delhi-ncr
Renault,Renault KWID1.0 RXT Opt,2021,"15,000kms",Petrol,Manual,₹3.50 Lakh,delhi-ncr
BMW,BMW 5 Series520d Luxury Line,2017,"1,10,000kms",Diesel,Automatic,₹16.50 Lakh,delhi-ncr
Hyundai,Hyundai VenueSX Turbo,2021,"1,00,000kms",Petrol,Manual,₹7 Lakh,delhi-ncr
Honda,Honda AmazeS Petrol,2013,"34,551kms",Petrol,Manual,₹1.80 Lakh,delhi-ncr
Honda,Honda AmazeS Petrol,2015,"1,08,707kms",Petrol,Manual,₹1.78 Lakh,delhi-ncr
Volvo,Volvo XC60Inscription D5,2021,"57,000kms",Diesel,Automatic,₹37 Lakh,delhi-ncr
Mahindra,Mahindra KUV 100mFALCON G80 K6 Plus,2017,"62,000kms",Petrol,Manual,₹2.55 Lakh,delhi-ncr
Toyota,Toyota Innova Crysta2.7 GX AT BSIV,2019,"74,000kms",Petrol,Automatic,₹11.50 Lakh,delhi-ncr
Toyota,Toyota HyryderE,2023,"21,000kms",Petrol,Manual,₹10.50 Lakh,delhi-ncr
Toyota,Toyota Corolla AltisGL MT,2015,"80,000kms",Petrol,Manual,₹4.60 Lakh,delhi-ncr
Volvo,Volvo XC60D5 Summum,2014,"87,000kms",Diesel,Automatic,₹6.50 Lakh,delhi-ncr
Mahindra,Mahindra Scorpio NZ8L AT  -2025,2023,"25,000kms",Petrol,Automatic,₹19.50 Lakh,delhi-ncr
Mahindra,Mahindra Alturas G44X4 AT BSIV,2019,"72,000kms",Diesel,Automatic,₹17.90 Lakh,delhi-ncr
Mahindra,Mahindra XUV700AX5 AT BSVI,2023,"24,000kms",Petrol,Automatic,₹17.50 Lakh,delhi-ncr
BMW,BMW X1sDrive20d Expedition,2017,"33,000kms",Diesel,Automatic,₹13 Lakh,delhi-ncr
Mahindra,Mahindra XUV700MX 5Str,2024,"15,000kms",Petrol,Manual,₹13.75 Lakh,delhi-ncr
Audi,Audi A62.0 TFSI Premium Plus,2011,"69,000kms",Petrol,Automatic,₹6.90 Lakh,delhi-ncr
BYD,BYD Atto 3Electric,2023,"59,000kms",Electric,Automatic,₹21 Lakh,delhi-ncr
Volkswagen,Volkswagen Taigun1.5 TSI GT Plus DSG,2022,"57,200kms",Petrol,Automatic,₹14 Lakh,delhi-ncr
Mahindra,Mahindra Bolero NeoN10 R BSVI,2023,"49,000kms",Diesel,Manual,₹8.50 Lakh,delhi-ncr
Land Rover,Land Rover Range Rover VelarDynamic HSE,2023,"40,000kms",Petrol,Automatic,₹63 Lakh,delhi-ncr
Honda,Honda Jazz1.2 V AT i VTEC,2017,"72,000kms",Petrol,Automatic,₹4.90 Lakh,delhi-ncr
Toyota,Toyota Innova Crysta2.4 G 7 STR,2021,"94,644kms",Diesel,Manual,₹18 Lakh,delhi-ncr
Porsche,Porsche MacanS BSVI,2021,"14,000kms",Petrol,Automatic,₹58 Lakh,delhi-ncr
Hyundai,Hyundai CretaEX BSVI,2023,"9,500kms",Petrol,Manual,₹10.45 Lakh,delhi-ncr
Hyundai,Hyundai Xcent1.2 Kappa AT SX Option,2014,"1,02,838kms",Petrol,Automatic,₹2.20 Lakh,delhi-ncr
Maruti,Maruti Swift1.2 VXi BSII,2010,"40,000kms",Petrol,Manual,₹1.82 Lakh,delhi-ncr
,Mini CountrymanS JCW Inspired,2024,"13,000kms",Petrol,Automatic,₹44.50 Lakh,delhi-ncr
Hyundai,Hyundai CretaSX Opt IVT BSVI,2021,"56,000kms",Petrol,Automatic,₹11.50 Lakh,delhi-ncr
Honda,Honda CityS,2012,"82,000kms",Petrol,Manual,₹2.10 Lakh,delhi-ncr
Toyota,Toyota Innova Crysta2.7 GX 8 STR,2022,"32,000kms",Petrol,Manual,₹15.50 Lakh,delhi-ncr
Hyundai,Hyundai i20Petrol Asta,2019,"62,000kms",Petrol,Manual,₹5.35 Lakh,delhi-ncr
Hyundai,Hyundai i10Magna,2012,"65,000kms",Petrol,Manual,₹1.40 Lakh,delhi-ncr
Hyundai,Hyundai Creta1.6 VTVT SX Plus,2017,"44,000kms",Petrol,Manual,₹6.75 Lakh,delhi-ncr
Hyundai,Hyundai Grand i10Sportz,2014,"43,000kms",Petrol,Manual,₹2.50 Lakh,delhi-ncr
Renault,Renault KWID1.0 RXT Opt,2021,"15,000kms",Petrol,Manual,₹3.50 Lakh,delhi-ncr
BMW,BMW 5 Series520d Luxury Line,2017,"1,10,000kms",Diesel,Automatic,₹16.50 Lakh,delhi-ncr
Volkswagen,Volkswagen Vento1.2 TSI Highline AT,2017,"1,11,000kms",Petrol,Automatic,₹5.85 Lakh,delhi-ncr
Honda,Honda AmazeE i-Vtech,2014,"90,000kms",Petrol,Manual,₹2.90 Lakh,delhi-ncr
Hyundai,Hyundai i20Sportz 1.2,2016,"65,000kms",Petrol,Manual,₹4.25 Lakh,delhi-ncr
Hyundai,Hyundai Grand i10Sportz,2016,"75,000kms",Petrol,Manual,₹2.90 Lakh,delhi-ncr
Honda,Honda AmazeS Option i-VTEC,2017,"75,000kms",Petrol,Manual,₹3.85 Lakh,delhi-ncr
Mahindra,Mahindra TUV 300mHAWK100 T8,2018,"60,000kms",Diesel,Manual,₹4.15 Lakh,delhi-ncr
Land Rover,Land Rover Range Rover VelarDynamic HSE,2023,"40,000kms",Petrol,Automatic,₹63 Lakh,delhi-ncr
Honda,Honda Jazz1.2 V AT i VTEC,2017,"72,000kms",Petrol,Automatic,₹4.90 Lakh,delhi-ncr
Porsche,Porsche MacanS BSVI,2021,"14,000kms",Petrol,Automatic,₹58 Lakh,delhi-ncr
Hyundai,Hyundai Santro XingGL Plus,2013,"90,000kms",Petrol,Manual,₹1.40 Lakh,delhi-ncr
Hyundai,Hyundai CretaEX BSVI,2023,"9,500kms",Petrol,Manual,₹10.45 Lakh,delhi-ncr
Hyundai,Hyundai Xcent1.2 Kappa AT SX Option,2014,"1,02,838kms",Petrol,Automatic,₹2.20 Lakh,delhi-ncr
,Mini CountrymanS JCW Inspired,2024,"13,000kms",Petrol,Automatic,₹44.50 Lakh,delhi-ncr
Ford,Ford Ecosport1.5 Diesel Titanium BSIV,2017,"60,000kms",Diesel,Manual,₹4.20 Lakh,delhi-ncr
Hyundai,Hyundai CretaSX Opt IVT BSVI,2021,"56,000kms",Petrol,Automatic,₹11.50 Lakh,delhi-ncr
Honda,Honda CityS,2012,"82,000kms",Petrol,Manual,₹2.10 Lakh,delhi-ncr
Hyundai,Hyundai i20Petrol Asta,2019,"62,000kms",Petrol,Manual,₹5.35 Lakh,delhi-ncr
Tata,Tata NexonXM S BSVI,2022,"30,000kms",Petrol,Manual,₹7 Lakh,delhi-ncr
Hyundai,Hyundai i10Magna,2012,"65,000kms",Petrol,Manual,₹1.40 Lakh,delhi-ncr
Hyundai,Hyundai Creta1.6 VTVT SX Plus,2017,"44,000kms",Petrol,Manual,₹6.75 Lakh,delhi-ncr
Renault,Renault KWID1.0 RXT Opt,2021,"15,000kms",Petrol,Manual,₹3.50 Lakh,delhi-ncr
Audi,Audi A635 TDI Technology,2015,"70,000kms",Diesel,Automatic,₹13 Lakh,delhi-ncr
BMW,BMW 5 Series520d Luxury Line,2017,"1,10,000kms",Diesel,Automatic,₹16.50 Lakh,delhi-ncr
Volkswagen,Volkswagen Vento1.2 TSI Highline AT,2017,"1,11,000kms",Petrol,Automatic,₹5.85 Lakh,delhi-ncr
Hyundai,Hyundai i20Sportz 1.2,2016,"65,000kms",Petrol,Manual,₹4.25 Lakh,delhi-ncr
Hyundai,Hyundai VenueS Plus,2021,"40,000kms",Petrol,Manual,₹5.75 Lakh,delhi-ncr
Kia,Kia SeltosGTX Plus Turbo DCT,2024,"30,469kms",Petrol,Automatic,₹16.50 Lakh,delhi-ncr
Mahindra,Mahindra XUV300W6 Diesel BSIV,2019,"47,498kms",Diesel,Manual,₹6.25 Lakh,delhi-ncr
Honda,Honda WR-Vi-VTEC VX,2018,"54,000kms",Petrol,Manual,₹5.49 Lakh,delhi-ncr
Hyundai,Hyundai i10Magna 1.1L,2014,"78,000kms",Petrol,Manual,₹1.90 Lakh,delhi-ncr
Hyundai,Hyundai AlcazarSignature (O) Diesel AT BSVI,2021,"69,534kms",Diesel,Automatic,₹11.95 Lakh,delhi-ncr
Jeep,Jeep Compass1.4 Limited Option,2018,"62,200kms",Petrol,Automatic,₹9.95 Lakh,delhi-ncr
Mercedes-Benz,Mercedes-Benz GLA200 BSVI,2023,"21,000kms",Petrol,Automatic,₹40.50 Lakh,delhi-ncr
Toyota,Toyota YarisVX BSIV,2018,"60,000kms",Petrol,Manual,₹5.65 Lakh,delhi-ncr
Audi,Audi Q745 TDI Quattro Technology,2018,"73,000kms",Diesel,Automatic,₹31.75 Lakh,delhi-ncr
Audi,Audi A645 TFSI Premium Plus BSVI,2021,"85,000kms",Petrol,Automatic,₹30.50 Lakh,delhi-ncr
Hyundai,Hyundai i10Magna,2015,"75,503kms",Petrol,Manual,₹1.85 Lakh,delhi-ncr
Kia,Kia SeltosHTK Plus G,2019,"1,00,000kms",Petrol,Manual,₹7.35 Lakh,delhi-ncr
Maruti,Maruti Wagon RZXI 1.2,2019,"32,000kms",Petrol,Manual,₹4.35 Lakh,delhi-ncr
Renault,Renault KigerRXE,2022,"41,000kms",Petrol,Manual,₹4.65 Lakh,delhi-ncr
Skoda,Skoda SuperbLK 1.8 TSI AT,2016,"76,000kms",Petrol,Automatic,₹11.75 Lakh,delhi-ncr
Honda,Honda CityV MT,2019,"62,000kms",Petrol,Manual,₹7 Lakh,delhi-ncr
Maruti,Maruti Vitara BrezzaLXI,2021,"46,000kms",Petrol,Manual,₹6.55 Lakh,delhi-ncr
Maruti,Maruti Baleno1.2 Sigma,2019,"54,000kms",Petrol,Manual,₹3.99 Lakh,delhi-ncr
MG,MG GlosterSavvy 6-Str,2021,"45,000kms",Diesel,Automatic,₹26.50 Lakh,delhi-ncr
Mahindra,Mahindra XUV500W9 1.99,2017,"67,000kms",Diesel,Manual,₹7 Lakh,delhi-ncr
Honda,Honda WR-Vi-VTEC VX,2018,"50,000kms",Petrol,Manual,₹5.45 Lakh,delhi-ncr
Hyundai,Hyundai Creta1.6 SX Option,2019,"65,000kms",Petrol,Manual,₹7 Lakh,delhi-ncr
Kia,Kia SeltosGTX Plus,2020,"50,100kms",Petrol,Manual,₹8.75 Lakh,delhi-ncr
Kia,Kia SonetGTX Plus Turbo DCT BSVI,2020,"27,747kms",Petrol,Automatic,₹10.50 Lakh,delhi-ncr
Tata,Tata Tiago1.2 Revotron XZ,2019,"32,000kms",Petrol,Manual,₹4.20 Lakh,delhi-ncr
Toyota,Toyota Innova Crysta2.4 VX MT 8S BSIV,2018,"1,10,000kms",Diesel,Manual,₹14.50 Lakh,delhi-ncr
Ford,Ford Endeavour3.2 Titanium AT 4X4,2019,"94,000kms",Diesel,Automatic,₹21.49 Lakh,delhi-ncr
Mercedes-Benz,2021Mercedes-Benz AMG G 634MATIC  -2023,2018,"45,000kms",Petrol,Automatic,₹2.58 Crore,delhi-ncr
Hyundai,Hyundai Creta1.6 SX Option,2019,"68,000kms",Petrol,Manual,₹8.75 Lakh,delhi-ncr
Mercedes-Benz,Mercedes-Benz GLE250d,2016,"50,000kms",Diesel,Automatic,₹25 Lakh,delhi-ncr
Tata,Tata SafariXZ Plus 6 Str Adventure Edition BSVI,2022,"63,000kms",Diesel,Manual,₹13.45 Lakh,delhi-ncr
Toyota,Toyota GlanzaV,2022,"30,000kms",Petrol,Manual,₹6 Lakh,delhi-ncr
Tata,Tata HarrierCamo XZA Plus AT,2021,"52,500kms",Diesel,Automatic,₹12.75 Lakh,delhi-ncr
Mercedes-Benz,Mercedes-Benz GLS350d 4MATIC,2016,"55,000kms",Diesel,Automatic,₹30 Lakh,delhi-ncr
Mahindra,Mahindra XUV700AX7L Blaze Edition AT,2024,"18,963kms",Petrol,Manual,₹20.75 Lakh,delhi-ncr
Tata,Tata HarrierXZ Plus BSVI,2022,"41,000kms",Diesel,Manual,₹14.75 Lakh,delhi-ncr
Honda,Honda CityV MT,2019,"34,000kms",Petrol,Manual,₹7.25 Lakh,delhi-ncr
Kia,Kia CarnivalLimousine,2022,"53,000kms",Diesel,Automatic,₹31.50 Lakh,delhi-ncr
Toyota,Toyota Fortuner4X2 AT BSVI,2022,"74,000kms",Petrol,Automatic,₹32.90 Lakh,delhi-ncr
Maruti,Maruti CiazZXi,2017,"80,000kms",Petrol,Manual,₹4.60 Lakh,delhi-ncr
Ford,Ford Ecosport1.5 Diesel Titanium BSIV,2017,"65,000kms",Diesel,Manual,₹4.65 Lakh,delhi-ncr
Hyundai,Hyundai Grand i10 NiosAMT Sportz,2021,"13,500kms",Petrol,Automatic,₹5.40 Lakh,delhi-ncr
Hyundai,Hyundai Grand i10Sportz,2015,"78,647kms",Petrol,Manual,₹3.45 Lakh,delhi-ncr
Mercedes-Benz,Mercedes-Benz GLE450 BSVI,2022,"27,000kms",Petrol,Automatic,₹85 Lakh,delhi-ncr
Hyundai,Hyundai VenueSX,2023,"25,300kms",Petrol,Manual,₹8.95 Lakh,delhi-ncr
Kia,Kia SeltosGTX Plus Turbo DCT,2024,"30,469kms",Petrol,Automatic,₹16.50 Lakh,delhi-ncr
Mahindra,Mahindra XUV300W6 Diesel BSIV,2019,"47,498kms",Diesel,Manual,₹6.25 Lakh,delhi-ncr
Hyundai,Hyundai VenueS BSVI,2022,"34,000kms",Petrol,Manual,₹6.50 Lakh,delhi-ncr
Honda,Honda WR-Vi-VTEC VX,2018,"54,000kms",Petrol,Manual,₹5.49 Lakh,delhi-ncr
Hyundai,Hyundai AlcazarSignature (O) Diesel AT BSVI,2021,"69,534kms",Diesel,Automatic,₹11.95 Lakh,delhi-ncr
Jeep,Jeep Compass1.4 Limited Option,2018,"62,200kms",Petrol,Automatic,₹9.95 Lakh,delhi-ncr
Maruti,Maruti XL6Alpha,2019,"55,000kms",Petrol,Manual,₹7.75 Lakh,delhi-ncr
Mercedes-Benz,Mercedes-Benz GLA200 BSVI,2023,"21,000kms",Petrol,Automatic,₹40.50 Lakh,delhi-ncr
Audi,Audi Q745 TDI Quattro Technology,2018,"73,000kms",Diesel,Automatic,₹31.75 Lakh,delhi-ncr
Audi,Audi A645 TFSI Premium Plus BSVI,2021,"85,000kms",Petrol,Automatic,₹30.50 Lakh,delhi-ncr
Tata,Tata Nexon EVEmpowered 45,2025,"10,000kms",Electric,Automatic,₹15.25 Lakh,delhi-ncr
Hyundai,Hyundai i10Magna,2015,"75,503kms",Petrol,Manual,₹1.85 Lakh,delhi-ncr
MG,MG HectorSharp DCT,2020,"72,067kms",Petrol,Automatic,₹9.76 Lakh,delhi-ncr
Maruti,Maruti CiazDelta BSIV,2018,"91,969kms",Petrol,Manual,₹4.42 Lakh,delhi-ncr
Mercedes-Benz,Mercedes-Benz GLC300,2024,"28,743kms",Petrol,Automatic,₹60 Lakh,delhi-ncr
Maruti,Maruti CiazSigma BSIV,2018,"45,657kms",Petrol,Manual,₹4.26 Lakh,delhi-ncr
Maruti,Maruti SwiftVXI,2014,"77,371kms",Petrol,Manual,₹2.84 Lakh,delhi-ncr
Hyundai,Hyundai Grand i101.2 Kappa Magna BSIV,2014,"95,675kms",Petrol,Manual,₹2.71 Lakh,delhi-ncr
Hyundai,Hyundai Creta1.6 CRDi AT SX Plus,2017,"1,00,000kms",Diesel,Automatic,₹6.50 Lakh,delhi-ncr
Maruti,Maruti SwiftVXI,2013,"65,465kms",Petrol,Manual,₹2.59 Lakh,delhi-ncr
Maruti,Maruti SwiftVXI,2021,"21,764kms",Petrol,Manual,₹5.17 Lakh,delhi-ncr
Renault,Renault KWID1.0 RXT AMT Opt,2018,"46,802kms",Petrol,Automatic,₹2.75 Lakh,delhi-ncr
Mahindra,Mahindra XUV400 EVEL Fast Charger,2023,"9,000kms",Electric,Automatic,₹14.50 Lakh,delhi-ncr
Maruti,Maruti Alto K10VXI,2017,"21,441kms",Petrol,Manual,₹2.96 Lakh,delhi-ncr
Renault,Renault KWID1.0 RXT Opt,2018,"59,986kms",Petrol,Manual,₹2.65 Lakh,delhi-ncr
Maruti,Maruti BalenoZeta Diesel,2021,"63,553kms",Diesel,Manual,₹5.95 Lakh,delhi-ncr
Tata,Tata AltrozXZ CNG,2024,"10,000kms",CNG,Manual,₹7.50 Lakh,delhi-ncr
Hyundai,Hyundai i20Sportz Plus,2019,"38,793kms",Petrol,Manual,₹5.35 Lakh,delhi-ncr
Kia,Kia CarensPrestige Plus Diesel,2022,"42,925kms",Diesel,Manual,₹10.83 Lakh,delhi-ncr
Renault,Renault KWID1.0 RXT Opt BSIV,2020,"72,000kms",Petrol,Manual,₹2.50 Lakh,delhi-ncr
Mahindra,Mahindra XUV500W11 AT BSIV,2018,"57,000kms",Diesel,Automatic,₹9.50 Lakh,delhi-ncr
Tata,Tata TiagoXT BSVI,2018,"91,885kms",Petrol,Manual,₹3.20 Lakh,delhi-ncr
Hyundai,Hyundai Grand i10Magna,2017,"50,000kms",Petrol,Manual,₹5 Lakh,delhi-ncr
Toyota,Toyota RumionS CNG,2023,"15,000kms",CNG,Manual,₹10 Lakh,delhi-ncr
Honda,Honda Cityi VTEC CVT VX,2017,"79,000kms",Petrol,Automatic,₹5.49 Lakh,delhi-ncr
Tata,Tata TiagoXT BSVI,2018,"91,885kms",Petrol,Manual,₹3.20 Lakh,delhi-ncr
Maruti,Maruti Wagon RLXI BS IV,2015,"25,712kms",Petrol,Manual,₹2.08 Lakh,delhi-ncr
Renault,Renault KWIDRXT 02 Anniversary Edition,2017,"59,543kms",Petrol,Manual,₹2.38 Lakh,delhi-ncr
Volkswagen,Volkswagen PoloPetrol Comfortline 1.2L,2016,"86,858kms",Petrol,Manual,₹3.71 Lakh,delhi-ncr
Maruti,Maruti Alto 800VXI,2019,"15,169kms",Petrol,Manual,₹3.09 Lakh,delhi-ncr
Hyundai,Hyundai VenueSX Opt Turbo DCT,2023,"45,387kms",Petrol,Automatic,₹9.66 Lakh,delhi-ncr
Renault,Renault KWID1.0 RXT,2022,"14,672kms",Petrol,Manual,₹3.86 Lakh,delhi-ncr
Honda,Honda CityZX MT,2021,"30,377kms",Petrol,Manual,₹10.37 Lakh,delhi-ncr
Maruti,Maruti BalenoZeta AMT,2017,"71,861kms",Petrol,Automatic,₹3.93 Lakh,delhi-ncr
Maruti,Maruti BalenoAlpha Diesel,2016,"1,10,568kms",Diesel,Manual,₹3.70 Lakh,delhi-ncr
Maruti,Maruti BalenoDelta Diesel,2016,"74,248kms",Diesel,Manual,₹3.91 Lakh,delhi-ncr
Honda,Honda AmazeS i-VTEC,2014,"47,398kms",Petrol,Manual,₹2.98 Lakh,delhi-ncr
Maruti,Maruti DzireVXI,2019,"71,115kms",Petrol,Manual,₹4.02 Lakh,delhi-ncr
Maruti,Maruti Alto K10VXI,2017,"59,099kms",Petrol,Manual,₹2.70 Lakh,delhi-ncr
Kia,Kia SeltosGTX Plus,2022,"1,00,017kms",Petrol,Manual,₹8.49 Lakh,delhi-ncr
Maruti,Maruti BalenoZeta AMT,2017,"69,849kms",Petrol,Automatic,₹4.76 Lakh,delhi-ncr
Hyundai,Hyundai VernaVTVT 1.6 SX,2018,"52,177kms",Petrol,Manual,₹5.42 Lakh,delhi-ncr
Hyundai,Hyundai i20Sportz 1.2,2016,"63,634kms",Petrol,Manual,₹3.68 Lakh,delhi-ncr
Renault,Renault KWID1.0 AMT RXT,2016,"35,740kms",Petrol,Automatic,₹2.35 Lakh,delhi-ncr
Honda,Honda AmazeS i-VTEC,2014,"47,398kms",Petrol,Manual,₹2.98 Lakh,delhi-ncr
Maruti,Maruti DzireVXI,2019,"71,115kms",Petrol,Manual,₹4.02 Lakh,delhi-ncr
Maruti,Maruti Alto K10VXI,2017,"59,099kms",Petrol,Manual,₹2.70 Lakh,delhi-ncr
Kia,Kia SeltosGTX Plus,2022,"1,00,017kms",Petrol,Manual,₹8.49 Lakh,delhi-ncr
Maruti,Maruti BalenoZeta AMT,2017,"69,849kms",Petrol,Automatic,₹4.76 Lakh,delhi-ncr
Hyundai,Hyundai VernaVTVT 1.6 SX,2018,"52,177kms",Petrol,Manual,₹5.42 Lakh,delhi-ncr
Hyundai,Hyundai i20Sportz 1.2,2016,"63,634kms",Petrol,Manual,₹3.68 Lakh,delhi-ncr
Renault,Renault KWID1.0 AMT RXT,2016,"35,740kms",Petrol,Automatic,₹2.35 Lakh,delhi-ncr
Renault,Renault TriberRXT,2020,"67,527kms",Petrol,Manual,₹4.03 Lakh,delhi-ncr
Maruti,Maruti Alto 800LXI,2015,"55,706kms",Petrol,Manual,₹1.70 Lakh,delhi-ncr
Maruti,Maruti SwiftVXI,2015,"32,329kms",Petrol,Manual,₹2.82 Lakh,delhi-ncr
Maruti,Maruti Wagon RVXI BS IV,2014,"19,205kms",Petrol,Manual,₹1.93 Lakh,delhi-ncr
Volkswagen,Volkswagen Vento1.6 MPI ALL STAR,2016,"94,776kms",Petrol,Manual,₹3.60 Lakh,delhi-ncr
Hyundai,Hyundai i20Asta 1.2,2015,"78,784kms",Petrol,Manual,₹3.68 Lakh,delhi-ncr
Hyundai,Hyundai Verna1.6 VTVT SX Option,2017,"74,214kms",Petrol,Manual,₹5.60 Lakh,delhi-ncr
Honda,Honda Cityi VTEC VX,2014,"49,020kms",Petrol,Manual,₹3.40 Lakh,delhi-ncr
Tata,Tata Tiago1.2 Revotron XT,2018,"88,249kms",Petrol,Manual,₹3.24 Lakh,delhi-ncr
Maruti,Maruti Alto 800LXi,2018,"50,805kms",Petrol,Manual,₹2.41 Lakh,delhi-ncr
Renault,Renault KWIDRXL,2020,"94,786kms",Petrol,Manual,₹2.30 Lakh,delhi-ncr
Honda,Honda Cityi VTEC CVT SV,2016,"40,121kms",Petrol,Automatic,₹4.95 Lakh,delhi-ncr
Renault,Renault KWIDRXL,2020,"94,786kms",Petrol,Manual,₹2.30 Lakh,delhi-ncr
Kia,Kia SeltosHTX G,2020,"57,921kms",Petrol,Manual,₹8 Lakh,delhi-ncr
Maruti,Maruti CiazVXi Plus,2014,"91,723kms",Petrol,Manual,₹2.85 Lakh,delhi-ncr
Kia,Kia SeltosGTX DCT,2020,"79,439kms",Petrol,Automatic,₹9.35 Lakh,delhi-ncr
Honda,Honda Cityi VTEC CVT SV,2016,"40,121kms",Petrol,Automatic,₹4.95 Lakh,delhi-ncr
Mahindra,Mahindra XUV 3XOMX3 AT,2024,"4,634kms",Petrol,Automatic,₹9.45 Lakh,delhi-ncr
Jeep,Jeep Compass1.4 Limited,2017,"54,278kms",Petrol,Automatic,₹8.75 Lakh,delhi-ncr
Kia,Kia CarensLuxury Plus 6STR Diesel BSVI,2022,"63,621kms",Diesel,Manual,₹13.45 Lakh,delhi-ncr
Jeep,Jeep Compass1.4 Longitude Plus AT,2020,"32,218kms",Petrol,Automatic,₹12.50 Lakh,delhi-ncr
Toyota,Toyota HyryderV HYBRID,2025,"19,000kms",Petrol,Automatic,₹19.50 Lakh,delhi-ncr
Mahindra,Mahindra XUV500W5 BSIV,2018,"62,000kms",Diesel,Manual,₹7.45 Lakh,delhi-ncr
Mahindra,Mahindra XUV500AT W10 FWD,2017,"1,13,700kms",Diesel,Automatic,₹7.95 Lakh,delhi-ncr
Mahindra,Mahindra TharLX 4WD Hard Top Diesel BSVI,2021,"26,520kms",Diesel,Manual,₹11.70 Lakh,delhi-ncr
Maruti,Maruti ErtigaVXI,2012,"1,15,630kms",Petrol,Manual,₹2.80 Lakh,delhi-ncr
Ford,Ford Ecosport1.5 Petrol Titanium Plus AT BSIV,2018,"32,832kms",Petrol,Automatic,₹6.75 Lakh,delhi-ncr
Maruti,Maruti Grand VitaraZeta BSVI,2022,"82,000kms",Petrol,Manual,₹9.75 Lakh,delhi-ncr
Jeep,Jeep Compass1.4 Limited Option,2017,"2,70,000kms",Petrol,Automatic,₹5.75 Lakh,delhi-ncr
Maruti,Maruti Swift DzireVXI BSVI,2022,"19,809kms",Petrol,Manual,₹6.45 Lakh,delhi-ncr
Tata,Tata Tiago1.2 Revotron XZ,2018,"56,000kms",Petrol,Manual,₹3.55 Lakh,delhi-ncr
Tata,Tata Nexon1.5 Revotorq XZ Plus,2020,"41,000kms",Diesel,Manual,₹5.45 Lakh,delhi-ncr
Maruti,Maruti Grand VitaraZeta BSVI,2022,"82,000kms",Petrol,Manual,₹9.75 Lakh,delhi-ncr
Jeep,Jeep Compass1.4 Limited Option,2017,"2,70,000kms",Petrol,Automatic,₹5.75 Lakh,delhi-ncr
Maruti,Maruti Swift DzireVXI BSVI,2022,"19,809kms",Petrol,Manual,₹6.45 Lakh,delhi-ncr
Tata,Tata Tiago1.2 Revotron XZ,2018,"56,000kms",Petrol,Manual,₹3.55 Lakh,delhi-ncr
Tata,Tata Nexon1.5 Revotorq XZ Plus,2020,"41,000kms",Diesel,Manual,₹5.45 Lakh,delhi-ncr
Tata,Tata Nexon1.2 Revotron XZA Plus,2019,"60,000kms",Petrol,Automatic,₹5.20 Lakh,delhi-ncr
MG,MG GlosterSavvy 4x2 6Str,2022,"64,000kms",Diesel,Automatic,₹26.90 Lakh,delhi-ncr
Honda,Honda CityV MT,2022,"76,000kms",Petrol,Manual,₹7.49 Lakh,delhi-ncr
Honda,Honda Cityi VTEC V,2015,"58,000kms",Petrol,Manual,₹3.67 Lakh,delhi-ncr
Maruti,Maruti Swift DzireVXI CNG,2023,"50,000kms",CNG,Manual,₹6.49 Lakh,delhi-ncr
Kia,Kia SeltosHTK Plus D,2020,"57,000kms",Diesel,Manual,₹8.75 Lakh,delhi-ncr
Kia,Kia SeltosHTK Plus AT D,2021,"64,000kms",Diesel,Automatic,₹9.75 Lakh,delhi-ncr
Audi,Audi A645 TFSI Premium Plus,2025,235kms,Petrol,Automatic,₹49.50 Lakh,delhi-ncr
Mahindra,Mahindra TharLX 4WD Convert Top AT BSVI,2021,"15,000kms",Petrol,Automatic,₹10.50 Lakh,delhi-ncr
Toyota,Toyota Innova Crysta2.8 GX AT BSIV,2020,"4,90,000kms",Diesel,Automatic,₹15.90 Lakh,delhi-ncr
Honda,Honda CityV CVT,2022,"46,000kms",Petrol,Automatic,₹9.75 Lakh,delhi-ncr
Honda,Honda CityV MT,2022,"51,000kms",Petrol,Manual,₹8.50 Lakh,delhi-ncr
MG,MG HectorSharp EX CVT,2022,"25,000kms",Petrol,Automatic,₹13.25 Lakh,delhi-ncr
MG,MG HectorSharp CVT,2022,"15,000kms",Petrol,Automatic,₹12.50 Lakh,delhi-ncr
Mercedes-Benz,Mercedes-Benz E-ClassExclusive E 220 d BSIV,2019,"39,000kms",Diesel,Automatic,₹27 Lakh,delhi-ncr
Hyundai,Hyundai i20Sportz,2024,"18,000kms",Petrol,Manual,₹6.75 Lakh,delhi-ncr
Toyota,Toyota HyryderV HYBRID,2024,"21,000kms",Petrol,Automatic,₹17.75 Lakh,delhi-ncr
Maruti,Maruti CelerioVXI,2020,"13,953kms",Petrol,Manual,₹3 Lakh,delhi-ncr
MG,MG HectorSharp DCT,2019,"31,000kms",Petrol,Automatic,₹9.90 Lakh,delhi-ncr
MG,MG Windsor EVExclusive,2025,"1,900kms",Electric,Automatic,₹14.95 Lakh,delhi-ncr
Kia,Kia SeltosHTX Diesel,2023,"9,000kms",Diesel,Manual,₹16 Lakh,delhi-ncr
Toyota,Toyota HyryderV HYBRID,2023,"51,000kms",Petrol,Automatic,₹17.25 Lakh,delhi-ncr
Hyundai,Hyundai Verna1.6 VTVT SX,2015,"66,500kms",Petrol,Manual,₹5.45 Lakh,delhi-ncr
Mahindra,Mahindra TharLX 4WD Convert Top AT BSVI,2022,"30,000kms",Petrol,Automatic,₹10.90 Lakh,delhi-ncr
Volkswagen,Volkswagen VirtusComfortline BSVI,2022,"68,622kms",Petrol,Manual,₹8.45 Lakh,delhi-ncr
Hyundai,Hyundai Grand i10Magna,2015,"51,139kms",Petrol,Manual,₹3.95 Lakh,delhi-ncr
Hyundai,Hyundai i20Asta Option 1.2,2015,"39,000kms",Petrol,Manual,₹3.75 Lakh,delhi-ncr
Honda,Honda Jazz1.2 V i VTEC,2016,"31,000kms",Petrol,Manual,₹3.49 Lakh,delhi-ncr
Maruti,Maruti Swift DzireVXI CNG,2023,"50,000kms",CNG,Manual,₹6.49 Lakh,delhi-ncr
Kia,Kia SeltosHTK Plus D,2020,"57,000kms",Diesel,Manual,₹8.75 Lakh,delhi-ncr
Kia,Kia SeltosHTK Plus AT D,2021,"64,000kms",Diesel,Automatic,₹9.75 Lakh,delhi-ncr
Audi,Audi A645 TFSI Premium Plus,2025,235kms,Petrol,Automatic,₹49.50 Lakh,delhi-ncr
Mahindra,Mahindra TharLX 4WD Convert Top AT BSVI,2021,"15,000kms",Petrol,Automatic,₹10.50 Lakh,delhi-ncr
Toyota,Toyota Innova Crysta2.8 GX AT BSIV,2020,"4,90,000kms",Diesel,Automatic,₹15.90 Lakh,delhi-ncr
Honda,Honda CityV CVT,2022,"46,000kms",Petrol,Automatic,₹9.75 Lakh,delhi-ncr
Honda,Honda Jazz1.2 V AT i VTEC,2015,"59,000kms",Petrol,Automatic,₹3.35 Lakh,delhi-ncr
Maruti,Maruti JimnyAlpha,2023,"29,000kms",Petrol,Manual,₹11.35 Lakh,delhi-ncr
Toyota,Toyota HyryderV HYBRID,2024,"21,000kms",Petrol,Automatic,₹17.75 Lakh,delhi-ncr
Hyundai,Hyundai i20Sportz,2024,"18,000kms",Petrol,Manual,₹6.75 Lakh,delhi-ncr
Toyota,Toyota HyryderV HYBRID,2024,"21,000kms",Petrol,Automatic,₹17.75 Lakh,delhi-ncr
Maruti,Maruti CelerioVXI,2020,"13,953kms",Petrol,Manual,₹3 Lakh,delhi-ncr
MG,MG HectorSharp DCT,2019,"31,000kms",Petrol,Automatic,₹9.90 Lakh,delhi-ncr
MG,MG Windsor EVExclusive,2025,"1,900kms",Electric,Automatic,₹14.95 Lakh,delhi-ncr
Kia,Kia SeltosHTX Diesel,2023,"9,000kms",Diesel,Manual,₹16 Lakh,delhi-ncr
Toyota,Toyota HyryderV HYBRID,2023,"51,000kms",Petrol,Automatic,₹17.25 Lakh,delhi-ncr
MG,MG AstorSmart Blackstorm CVT,2023,"28,660kms",Petrol,Automatic,₹11.47 Lakh,delhi-ncr
Mercedes-Benz,Mercedes-Benz GLE300d 4Matic AMG Line,2025,"8,000kms",Diesel,Automatic,₹91 Lakh,delhi-ncr
Jeep,Jeep Compass1.4 Limited,2018,"62,000kms",Petrol,Automatic,₹7.50 Lakh,delhi-ncr
Maruti,Maruti Swift DzireVXI 1.2,2020,"56,000kms",Petrol,Manual,₹5.50 Lakh,delhi-ncr
BMW,BMW 3 Series330i GT Luxury Line,2017,"56,000kms",Petrol,Automatic,₹17 Lakh,delhi-ncr
Kia,Kia SonetGTX Plus Turbo DCT DT,2022,"35,000kms",Petrol,Automatic,₹10.50 Lakh,delhi-ncr
Honda,Honda Cityi VTEC CVT VX,2016,"77,000kms",Petrol,Automatic,₹5.25 Lakh,delhi-ncr
Mercedes-Benz,Mercedes-Benz E-ClassE 200 CGI,2013,"33,000kms",Petrol,Manual,₹12 Lakh,delhi-ncr
Kia,Kia SeltosHTX IVT G,2021,"28,000kms",Petrol,Automatic,₹11.65 Lakh,delhi-ncr
Toyota,Toyota CamryHybrid,2017,"1,39,000kms",Petrol,Automatic,₹11.90 Lakh,delhi-ncr
Kia,Kia SonetGTX Plus Turbo DCT DT,2022,"35,000kms",Petrol,Automatic,₹10.50 Lakh,delhi-ncr
Honda,Honda Cityi VTEC CVT VX,2016,"77,000kms",Petrol,Automatic,₹5.25 Lakh,delhi-ncr
Mercedes-Benz,Mercedes-Benz E-ClassE 200 CGI,2013,"33,000kms",Petrol,Manual,₹12 Lakh,delhi-ncr
Kia,Kia SeltosHTX IVT G,2021,"28,000kms",Petrol,Automatic,₹11.65 Lakh,delhi-ncr
Toyota,Toyota CamryHybrid,2017,"1,39,000kms",Petrol,Automatic,₹11.90 Lakh,delhi-ncr
Toyota,Toyota CamryHybrid,2017,"13,90,000kms",Petrol,Automatic,₹12.90 Lakh,delhi-ncr
Hyundai,Hyundai i10Era,2012,"88,000kms",Petrol,Manual,₹1.55 Lakh,delhi-ncr
Hyundai,Hyundai Verna1.6 VTVT SX,2015,"66,500kms",Petrol,Manual,₹5.45 Lakh,delhi-ncr
Mahindra,Mahindra TharLX 4WD Convert Top AT BSVI,2022,"30,000kms",Petrol,Automatic,₹10.90 Lakh,delhi-ncr
Volkswagen,Volkswagen VirtusComfortline BSVI,2022,"68,622kms",Petrol,Manual,₹8.45 Lakh,delhi-ncr
Hyundai,Hyundai Grand i10Magna,2015,"51,139kms",Petrol,Manual,₹3.95 Lakh,delhi-ncr
Hyundai,Hyundai i20Asta Option 1.2,2015,"39,000kms",Petrol,Manual,₹3.75 Lakh,delhi-ncr
Honda,Honda Jazz1.2 V i VTEC,2016,"31,000kms",Petrol,Manual,₹3.49 Lakh,delhi-ncr
Hyundai,Hyundai VernaSX IVT,2023,"35,000kms",Petrol,Automatic,₹11.99 Lakh,delhi-ncr
Maruti,Maruti BrezzaZxi CNG,2024,"9,000kms",CNG,Manual,₹12.25 Lakh,delhi-ncr
Maruti,Maruti Wagon RZXI 1.2,2019,"61,108kms",Petrol,Manual,₹3.94 Lakh,delhi-ncr
Honda,Honda Amaze 2nd GenS,2017,"31,204kms",Petrol,Manual,₹4.08 Lakh,delhi-ncr
Tata,Tata Tiago1.2 Revotron XZA,2018,"28,718kms",Petrol,Automatic,₹4.40 Lakh,delhi-ncr
Hyundai,Hyundai i20Asta 1.2,2023,"39,126kms",Petrol,Manual,₹7.26 Lakh,delhi-ncr
Mahindra,Mahindra TharLX Convert Top Diesel AT,2022,"28,597kms",Diesel,Automatic,₹12.75 Lakh,delhi-ncr
Maruti,Maruti Wagon RZXI 1.2,2019,"61,108kms",Petrol,Manual,₹3.94 Lakh,delhi-ncr
Honda,Honda Amaze 2nd GenS,2017,"31,204kms",Petrol,Manual,₹4.08 Lakh,delhi-ncr
Tata,Tata Tiago1.2 Revotron XZA,2018,"28,718kms",Petrol,Automatic,₹4.40 Lakh,delhi-ncr
Hyundai,Hyundai i20Asta 1.2,2023,"39,126kms",Petrol,Manual,₹7.26 Lakh,delhi-ncr
Mahindra,Mahindra TharLX Convert Top Diesel AT,2022,"28,597kms",Diesel,Automatic,₹12.75 Lakh,delhi-ncr
Mahindra,Mahindra KUV 100 NXTG80 K4 Plus 6Str,2016,"41,693kms",Petrol,Manual,₹2.66 Lakh,delhi-ncr
Maruti,Maruti BalenoAlpha Diesel,2018,"8,564kms",Diesel,Manual,₹5.38 Lakh,delhi-ncr
Maruti,Maruti Wagon RLXI,2022,"32,139kms",Petrol,Manual,₹4.16 Lakh,delhi-ncr
Renault,Renault KWIDRXT,2016,"1,06,617kms",Petrol,Manual,₹2.04 Lakh,delhi-ncr
Hyundai,Hyundai Grand i101.2 Kappa Asta,2013,"58,250kms",Petrol,Manual,₹2.74 Lakh,delhi-ncr
Kia,Kia SeltosGTX Plus DCT,2021,"57,961kms",Petrol,Automatic,₹12.82 Lakh,delhi-ncr
Honda,Honda AmazeVX,2019,"31,707kms",Petrol,Manual,₹5.49 Lakh,delhi-ncr
Maruti,Maruti Baleno1.2 Delta,2018,"72,925kms",Petrol,Manual,₹3.46 Lakh,delhi-ncr
Maruti,Maruti SwiftVXI CNG,2015,"59,530kms",CNG,Manual,₹3.43 Lakh,delhi-ncr
Hyundai,Hyundai Creta1.6 VTVT AT SX Plus,2018,"55,657kms",Petrol,Automatic,₹6.30 Lakh,delhi-ncr
Maruti,Maruti ErtigaZXI,2019,"52,652kms",Petrol,Manual,₹7.28 Lakh,delhi-ncr
Maruti,Maruti Baleno1.2 Delta,2016,"32,115kms",Petrol,Manual,₹3.37 Lakh,delhi-ncr
Tata,Tata Nexon1.2 Revotron XM,2018,"70,917kms",Petrol,Manual,₹4.46 Lakh,delhi-ncr
Renault,Renault KWIDRXL,2019,"46,915kms",Petrol,Manual,₹2.12 Lakh,delhi-ncr
Maruti,Maruti ErtigaVXI,2015,"16,811kms",Petrol,Manual,₹4.36 Lakh,delhi-ncr
Maruti,Maruti ErtigaZXI,2019,"52,652kms",Petrol,Manual,₹7.28 Lakh,delhi-ncr
Maruti,Maruti Baleno1.2 Delta,2016,"32,115kms",Petrol,Manual,₹3.37 Lakh,delhi-ncr
Tata,Tata Nexon1.2 Revotron XM,2018,"70,917kms",Petrol,Manual,₹4.46 Lakh,delhi-ncr
Renault,Renault KWIDRXL,2019,"46,915kms",Petrol,Manual,₹2.12 Lakh,delhi-ncr
Maruti,Maruti ErtigaVXI,2015,"16,811kms",Petrol,Manual,₹4.36 Lakh,delhi-ncr
Maruti,Maruti Swift DzireLXI,2015,"35,987kms",Petrol,Manual,₹2.60 Lakh,delhi-ncr
Honda,Honda AmazeS i-Vtech,2014,"42,045kms",Petrol,Manual,₹2.59 Lakh,delhi-ncr
Renault,Renault KWIDRXT,2016,"41,281kms",Petrol,Manual,₹1.56 Lakh,delhi-ncr
Jeep,Jeep Compass2.0 Model S Opt 4x4 AT,2022,"65,823kms",Diesel,Automatic,₹15.98 Lakh,delhi-ncr
Maruti,Maruti Wagon RLXI BS IV,2014,"60,043kms",Petrol,Manual,₹2.01 Lakh,delhi-ncr
Mahindra,Mahindra XUV700AX3 BSVI,2021,"15,831kms",Petrol,Manual,₹11.06 Lakh,delhi-ncr
Ford,Ford Ecosport1.5 Diesel Trend Plus BSIV,2018,"77,151kms",Diesel,Manual,₹4.16 Lakh,delhi-ncr
Kia,Kia SeltosGTX Plus DCT,2023,"40,000kms",Petrol,Automatic,₹16.95 Lakh,delhi-ncr
Kia,Kia SeltosHTX Diesel AT,2024,"41,000kms",Diesel,Automatic,₹16.99 Lakh,delhi-ncr
Hyundai,Hyundai Creta1.6 E Plus,2019,"42,000kms",Petrol,Manual,₹7.50 Lakh,delhi-ncr
Audi,Audi Q330 TDI,2017,"68,000kms",Diesel,Manual,₹12.49 Lakh,delhi-ncr
Jeep,Jeep Compass2.0 Longitude Opt Diesel BSVI,2022,"45,000kms",Diesel,Manual,₹11.99 Lakh,delhi-ncr
Mercedes-Benz,Mercedes-Benz GLC300,2024,"6,000kms",Petrol,Automatic,₹62.90 Lakh,delhi-ncr
Ford,Ford Ecosport1.5 Ti VCT MT Titanium BSIV,2015,"77,000kms",Petrol,Manual,₹4.25 Lakh,delhi-ncr
Hyundai,Hyundai Xcent1.2 VTVT E,2017,"61,500kms",Petrol,Manual,₹3.75 Lakh,delhi-ncr
Maruti,Maruti Alto K10VXI,2015,"60,000kms",Petrol,Manual,₹2 Lakh,delhi-ncr
Maruti,Maruti Alto K10VXI,2015,"56,000kms",Petrol,Manual,₹2 Lakh,delhi-ncr
Maruti,Maruti ErtigaVXI,2020,"38,000kms",Petrol,Manual,₹7.90 Lakh,delhi-ncr
Honda,Honda AmazeVX CVT Petrol,2016,"1,39,425kms",Petrol,Automatic,₹2.50 Lakh,delhi-ncr
Maruti,Maruti XL6Zeta,2020,"40,000kms",Petrol,Manual,₹8.75 Lakh,delhi-ncr
Kia,Kia SeltosGTX Plus DCT,2023,"40,000kms",Petrol,Automatic,₹16.95 Lakh,delhi-ncr
Kia,Kia SeltosHTX Diesel AT,2024,"41,000kms",Diesel,Automatic,₹16.99 Lakh,delhi-ncr
Hyundai,Hyundai Creta1.6 E Plus,2019,"42,000kms",Petrol,Manual,₹7.50 Lakh,delhi-ncr
Audi,Audi Q330 TDI,2017,"68,000kms",Diesel,Manual,₹12.49 Lakh,delhi-ncr
Jeep,Jeep Compass2.0 Longitude Opt Diesel BSVI,2022,"45,000kms",Diesel,Manual,₹11.99 Lakh,delhi-ncr
Mercedes-Benz,Mercedes-Benz GLC300,2024,"6,000kms",Petrol,Automatic,₹62.90 Lakh,delhi-ncr
Ford,Ford Ecosport1.5 Ti VCT MT Titanium BSIV,2015,"77,000kms",Petrol,Manual,₹4.25 Lakh,delhi-ncr
Maruti,Maruti Alto 800LXI,2019,"16,000kms",Petrol,Manual,₹2.90 Lakh,delhi-ncr
Hyundai,Hyundai Xcent1.2 VTVT E,2017,"61,500kms",Petrol,Manual,₹3.75 Lakh,delhi-ncr
Maruti,Maruti DzireVXI AMT,2024,"4,900kms",Petrol,Automatic,₹7.65 Lakh,delhi-ncr
Honda,Honda AmazeVX Opt Petrol BSIV,2019,"41,545kms",Petrol,Manual,₹5.25 Lakh,delhi-ncr
Maruti,Maruti BrezzaVxi,2024,"21,000kms",Petrol,Manual,₹8.95 Lakh,delhi-ncr
Honda,Honda AmazeS Petrol BSIV,2017,"47,000kms",Petrol,Manual,₹3.85 Lakh,delhi-ncr
Hyundai,Hyundai EON1.0 Era Plus,2017,"40,000kms",Petrol,Manual,₹2.65 Lakh,delhi-ncr
Hyundai,Hyundai Grand i101.2 Kappa Magna BSIV,2019,"44,000kms",Petrol,Manual,₹4.45 Lakh,delhi-ncr
Honda,Honda AmazeVX Opt Petrol BSIV,2019,"41,545kms",Petrol,Manual,₹5.25 Lakh,delhi-ncr
Maruti,Maruti BrezzaVxi,2024,"21,000kms",Petrol,Manual,₹8.95 Lakh,delhi-ncr
Honda,Honda AmazeS Petrol BSIV,2017,"47,000kms",Petrol,Manual,₹3.85 Lakh,delhi-ncr
Hyundai,Hyundai EON1.0 Era Plus,2017,"40,000kms",Petrol,Manual,₹2.65 Lakh,delhi-ncr
Hyundai,Hyundai Grand i101.2 Kappa Magna BSIV,2019,"44,000kms",Petrol,Manual,₹4.45 Lakh,delhi-ncr
Hyundai,Hyundai VenueS BSIV,2020,"75,000kms",Petrol,Manual,₹5.30 Lakh,delhi-ncr
Renault,Renault TriberRXT BSVI,2022,"47,000kms",Petrol,Manual,₹5.25 Lakh,delhi-ncr
Tata,Tata ZestRevotron 1.2T XE,2020,"48,000kms",Petrol,Manual,₹3.95 Lakh,delhi-ncr
Volkswagen,Volkswagen PoloPetrol Comfortline 1.2L,2013,"79,000kms",Petrol,Manual,₹2.20 Lakh,delhi-ncr
Mahindra,Mahindra BoleroZLX,2018,"55,000kms",Diesel,Manual,₹5.75 Lakh,delhi-ncr
Maruti,Maruti Vitara BrezzaVDi,2018,"80,000kms",Diesel,Manual,₹5.90 Lakh,delhi-ncr
Maruti,Maruti CelerioVXI,2015,"50,000kms",Petrol,Manual,₹2.70 Lakh,delhi-ncr
Maruti,Maruti Wagon RLXI CNG,2023,"50,000kms",CNG,Manual,₹4.80 Lakh,delhi-ncr
Maruti,Maruti CiazZeta BSIV,2019,"73,000kms",Petrol,Manual,₹5.75 Lakh,delhi-ncr
Kia,Kia SeltosGTX Plus Turbo DCT,2023,"24,075kms",Petrol,Automatic,₹16.25 Lakh,delhi-ncr
Hyundai,Hyundai Creta1.6 Gamma SX Plus,2016,"62,488kms",Petrol,Manual,₹5.49 Lakh,delhi-ncr
Audi,Audi A335 TFSI Technology,2019,"21,000kms",Petrol,Automatic,₹18.50 Lakh,delhi-ncr
Tata,Tata SafariXZ BSVI,2022,"65,000kms",Diesel,Manual,₹13.50 Lakh,delhi-ncr
Mahindra,Mahindra TharLX 4WD Hard Top AT BSVI,2023,"9,085kms",Petrol,Automatic,₹12.75 Lakh,delhi-ncr
Mercedes-Benz,Mercedes-Benz E-ClassE 200,2025,"6,000kms",Petrol,Automatic,₹78 Lakh,delhi-ncr
Honda,Honda AmazeEX i-Vtech,2014,"1,04,061kms",Petrol,Manual,₹1.80 Lakh,delhi-ncr
Renault,Renault KWIDRXL,2017,"21,000kms",Petrol,Manual,₹2.15 Lakh,delhi-ncr
Tata,Tata Tiago1.2 Revotron XZ,2017,"68,000kms",Petrol,Manual,₹2.25 Lakh,delhi-ncr
Volkswagen,Volkswagen VirtusTopline ES,2025,"6,000kms",Petrol,Manual,₹15.50 Lakh,delhi-ncr
Kia,Kia SeltosHTX IVT G,2021,"45,000kms",Petrol,Automatic,₹10.75 Lakh,delhi-ncr
Hyundai,Hyundai Creta1.6 CRDi AT SX Plus,2017,"57,000kms",Diesel,Automatic,₹5.65 Lakh,delhi-ncr
Maruti,Maruti Alto K10VXI,2015,"60,000kms",Petrol,Manual,₹2 Lakh,delhi-ncr
Maruti,Maruti Alto K10VXI,2015,"56,000kms",Petrol,Manual,₹2 Lakh,delhi-ncr
Maruti,Maruti ErtigaVXI,2020,"38,000kms",Petrol,Manual,₹7.90 Lakh,delhi-ncr
Honda,Honda AmazeVX CVT Petrol,2016,"1,39,425kms",Petrol,Automatic,₹2.50 Lakh,delhi-ncr
Maruti,Maruti XL6Zeta,2020,"40,000kms",Petrol,Manual,₹8.75 Lakh,delhi-ncr
Kia,Kia SeltosGTX Plus DCT,2023,"40,000kms",Petrol,Automatic,₹16.95 Lakh,delhi-ncr
Kia,Kia SeltosHTX Diesel AT,2024,"41,000kms",Diesel,Automatic,₹16.99 Lakh,delhi-ncr
Hyundai,Hyundai Creta1.6 E Plus,2019,"42,000kms",Petrol,Manual,₹7.50 Lakh,delhi-ncr
Audi,Audi Q330 TDI,2017,"68,000kms",Diesel,Manual,₹12.49 Lakh,delhi-ncr
Jeep,Jeep Compass2.0 Longitude Opt Diesel BSVI,2022,"45,000kms",Diesel,Manual,₹11.99 Lakh,delhi-ncr
Mercedes-Benz,Mercedes-Benz GLC300,2024,"6,000kms",Petrol,Automatic,₹62.90 Lakh,delhi-ncr
Ford,Ford Ecosport1.5 Ti VCT MT Titanium BSIV,2015,"77,000kms",Petrol,Manual,₹4.25 Lakh,delhi-ncr
Mahindra,Mahindra XUV700AX7 AT Luxury Pack BSVI,2022,"62,985kms",Petrol,Automatic,₹17.03 Lakh,delhi-ncr
Renault,Renault DusterRXZ,2021,"48,731kms",Petrol,Manual,₹4.90 Lakh,delhi-ncr
Renault,Renault KWIDRXL,2017,"21,000kms",Petrol,Manual,₹2.15 Lakh,delhi-ncr
Tata,Tata Tiago1.2 Revotron XZ,2017,"68,000kms",Petrol,Manual,₹2.25 Lakh,delhi-ncr
Hyundai,Hyundai Grand i10Sportz,2016,"66,000kms",Petrol,Manual,₹3.25 Lakh,delhi-ncr
Ford,Ford FigoTitanium AT  -2020,2019,"53,875kms",Petrol,Automatic,₹4.38 Lakh,delhi-ncr
Hyundai,Hyundai Grand i101.2 Kappa Magna BSIV,2018,"37,659kms",Petrol,Manual,₹3.88 Lakh,delhi-ncr
MG,MG HectorSharp DCT,2019,"46,624kms",Petrol,Automatic,₹10.85 Lakh,delhi-ncr
Maruti,Maruti BalenoZeta Diesel,2016,"86,796kms",Diesel,Manual,₹4.07 Lakh,delhi-ncr
Mahindra,Mahindra TharLX Hard Top AT,2021,"25,308kms",Petrol,Automatic,₹12.14 Lakh,delhi-ncr
MG,MG HectorSharp DCT,2020,"57,967kms",Petrol,Automatic,₹9.97 Lakh,delhi-ncr
Volkswagen,Volkswagen Vento1.2 TSI Highline AT,2016,"83,034kms",Petrol,Automatic,₹3.68 Lakh,delhi-ncr
Tata,Tata Tiago1.2 Revotron XT,2021,"1,01,943kms",Petrol,Manual,₹3.94 Lakh,delhi-ncr
Maruti,Maruti Ciaz1.4 AT Alpha,2021,"1,04,567kms",Petrol,Automatic,₹7.68 Lakh,delhi-ncr
Kia,Kia SeltosGTX Plus DCT,2020,"75,763kms",Petrol,Automatic,₹9.29 Lakh,delhi-ncr
Maruti,Maruti SwiftVDI BSIV,2016,"69,519kms",Diesel,Manual,₹3.36 Lakh,delhi-ncr
Maruti,Maruti Wagon RLXI BS IV,2017,"63,218kms",Petrol,Manual,₹2.27 Lakh,delhi-ncr
Tata,Tata Tiago1.2 Revotron XZA,2017,"49,959kms",Petrol,Automatic,₹2.92 Lakh,delhi-ncr
Honda,Honda MobilioV i-VTEC,2015,"71,551kms",Petrol,Manual,₹3.89 Lakh,delhi-ncr
Honda,Honda CityZX MT,2021,"24,839kms",Petrol,Manual,₹10.64 Lakh,delhi-ncr
Mahindra,Mahindra XUV700AX7 AT Luxury Pack BSVI,2022,"62,985kms",Petrol,Automatic,₹17.03 Lakh,delhi-ncr
Renault,Renault DusterRXZ,2021,"48,731kms",Petrol,Manual,₹4.90 Lakh,delhi-ncr
Maruti,Maruti SwiftVXI,2016,"88,883kms",Petrol,Manual,₹3 Lakh,delhi-ncr
Hyundai,Hyundai Creta1.6 VTVT AT SX Plus,2018,"62,033kms",Petrol,Automatic,₹7.78 Lakh,delhi-ncr
Tata,Tata AltrozXZ Diesel,2023,"26,458kms",Diesel,Manual,₹6.86 Lakh,delhi-ncr
Hyundai,Hyundai XcentPetrol,2017,"97,355kms",Petrol,Manual,₹3.75 Lakh,delhi-ncr
Maruti,Maruti BalenoDelta Diesel,2017,"69,485kms",Diesel,Manual,₹4.04 Lakh,delhi-ncr
Tata,Tata CurvvAccomplished S Diesel,2025,"9,601kms",Diesel,Manual,₹15.57 Lakh,delhi-ncr
Mercedes-Benz,Mercedes-Benz E-ClassE200 Edition E,2018,"15,983kms",Petrol,Automatic,₹32.22 Lakh,delhi-ncr
Tata,Tata NexonXM Diesel,2019,"54,830kms",Diesel,Manual,₹5.29 Lakh,delhi-ncr
Honda,Honda WR-Vi-VTEC S,2017,"1,11,413kms",Petrol,Manual,₹3.92 Lakh,delhi-ncr
Maruti,Maruti BalenoZeta Diesel,2019,"84,489kms",Diesel,Manual,₹4.43 Lakh,delhi-ncr
Volkswagen,Volkswagen Taigun1.0 Topline AT,2021,"1,10,674kms",Petrol,Automatic,₹10.82 Lakh,delhi-ncr
Tata,Tata Tiago1.2 Revotron XZA,2019,"1,07,088kms",Petrol,Automatic,₹3.68 Lakh,delhi-ncr
Hyundai,Hyundai CretaSX (O) Diesel AT,2022,"44,825kms",Diesel,Automatic,₹13.56 Lakh,delhi-ncr
Toyota,Toyota Corolla AltisPetrol LE,2017,"1,03,754kms",Petrol,Manual,₹7.02 Lakh,delhi-ncr
Kia,Kia SeltosHTX IVT,2020,"65,590kms",Petrol,Automatic,₹10.69 Lakh,delhi-ncr
Honda,Honda BR-VStyle Edition Diesel S,2016,"54,714kms",Diesel,Manual,₹5.06 Lakh,delhi-ncr
Toyota,Toyota Corolla AltisPetrol LE,2019,"81,030kms",Petrol,Manual,₹10.09 Lakh,delhi-ncr
Honda,Honda CityZX MT,2022,"27,026kms",Petrol,Manual,₹11.52 Lakh,delhi-ncr
Maruti,Maruti BalenoDelta Diesel,2018,"52,834kms",Diesel,Manual,₹4.30 Lakh,delhi-ncr
Tata,Tata AltrozXZ Turbo,2021,"36,129kms",Petrol,Manual,₹5.95 Lakh,delhi-ncr
Honda,Honda BR-VStyle Edition Diesel S,2016,"54,714kms",Diesel,Manual,₹5.06 Lakh,delhi-ncr
Toyota,Toyota Corolla AltisPetrol LE,2019,"81,030kms",Petrol,Manual,₹10.09 Lakh,delhi-ncr
Honda,Honda CityZX MT,2022,"27,026kms",Petrol,Manual,₹11.52 Lakh,delhi-ncr
Maruti,Maruti BalenoDelta Diesel,2018,"52,834kms",Diesel,Manual,₹4.30 Lakh,delhi-ncr
Tata,Tata AltrozXZ Turbo,2021,"36,129kms",Petrol,Manual,₹5.95 Lakh,delhi-ncr
Honda,Honda Jazz1.2 S AT i VTEC,2015,"92,434kms",Petrol,Automatic,₹2.95 Lakh,delhi-ncr
Honda,Honda CityZX MT,2021,"53,699kms",Petrol,Manual,₹11.03 Lakh,delhi-ncr
Toyota,Toyota Innova Crysta2.7 VX 7 STR,2022,"26,939kms",Petrol,Manual,₹16.73 Lakh,delhi-ncr
Honda,Honda CityEdge Edition Diesel SV,2018,"84,225kms",Diesel,Manual,₹5.82 Lakh,delhi-ncr
Renault,Renault KWID1.0 RXT Opt,2019,"41,293kms",Petrol,Manual,₹2.92 Lakh,delhi-ncr
Hyundai,Hyundai VenueSX Turbo iMT,2022,"78,722kms",Petrol,Manual,₹5.87 Lakh,delhi-ncr
Ford,Ford Ecosport1.5 Petrol Titanium Plus AT BSIV,2018,"84,876kms",Petrol,Automatic,₹4.75 Lakh,delhi-ncr
Hyundai,Hyundai i20Petrol CVT Asta,2018,"61,568kms",Petrol,Automatic,₹5.61 Lakh,delhi-ncr
Honda,Honda CityZX CVT,2018,"1,24,173kms",Petrol,Automatic,₹6.29 Lakh,delhi-ncr
Hyundai,Hyundai Grand i101.2 Kappa Magna BSIV,2018,"18,298kms",Petrol,Manual,₹3.66 Lakh,delhi-ncr
Maruti,Maruti Wagon RVXI Optional,2019,"74,374kms",Petrol,Manual,₹3.24 Lakh,delhi-ncr
Hyundai,Hyundai i20Asta 1.2,2015,"85,226kms",Petrol,Manual,₹2.91 Lakh,delhi-ncr
MG,MG HectorSharp Diesel MT BSIV,2021,"47,308kms",Diesel,Manual,₹10.11 Lakh,delhi-ncr
Skoda,Skoda Slavia1.5 TSI Style BSVI,2022,"41,251kms",Petrol,Manual,₹10.29 Lakh,delhi-ncr
Maruti,Maruti BalenoZeta Diesel,2018,"1,09,793kms",Diesel,Manual,₹4.63 Lakh,delhi-ncr
Maruti,Maruti Wagon RVXI Optional,2019,"74,374kms",Petrol,Manual,₹3.24 Lakh,delhi-ncr
Hyundai,Hyundai i20Asta 1.2,2015,"85,226kms",Petrol,Manual,₹2.91 Lakh,delhi-ncr
MG,MG HectorSharp Diesel MT BSIV,2021,"47,308kms",Diesel,Manual,₹10.11 Lakh,delhi-ncr
Skoda,Skoda Slavia1.5 TSI Style BSVI,2022,"41,251kms",Petrol,Manual,₹10.29 Lakh,delhi-ncr
Maruti,Maruti BalenoZeta Diesel,2018,"1,09,793kms",Diesel,Manual,₹4.63 Lakh,delhi-ncr
MG,MG AstorSharp BSVI,2023,"27,978kms",Petrol,Manual,₹11.12 Lakh,delhi-ncr
Maruti,Maruti CiazDelta Diesel,2018,"63,110kms",Diesel,Automatic,₹5.44 Lakh,delhi-ncr
Ford,Ford FigoTitanium,2021,"21,674kms",Petrol,Manual,₹4.05 Lakh,delhi-ncr
Hyundai,Hyundai Xcent1.2 Kappa SX Option AT,2016,"28,909kms",Petrol,Automatic,₹4.45 Lakh,delhi-ncr
Hyundai,Hyundai Grand i101.2 Kappa Sportz BSIV,2017,"83,901kms",Petrol,Manual,₹2.78 Lakh,delhi-ncr
MG,MG Hector1.5 Turbo Shine,2022,"30,929kms",Petrol,Manual,₹11.34 Lakh,delhi-ncr
Honda,Honda CityVX MT,2016,"98,537kms",Petrol,Manual,₹5.01 Lakh,delhi-ncr
Maruti,Maruti DzireZXI Plus,2020,"88,155kms",Petrol,Manual,₹5.33 Lakh,delhi-ncr
Hyundai,Hyundai SantroSportz AMT,2020,"76,904kms",Petrol,Automatic,₹3.53 Lakh,delhi-ncr
Kia,Kia SeltosGTX Plus,2019,"80,177kms",Petrol,Manual,₹8.55 Lakh,delhi-ncr
Honda,Honda CityV,2023,"21,018kms",Petrol,Manual,₹10.32 Lakh,delhi-ncr
Maruti,Maruti CiazPetrol,2017,"63,059kms",Diesel,Manual,₹5.01 Lakh,delhi-ncr
Hyundai,Hyundai Grand i101.2 Kappa Magna BSIV,2018,"1,12,068kms",Petrol,Manual,₹3.21 Lakh,delhi-ncr
Honda,Honda AmazeS i-VTEC,2016,"1,00,188kms",Petrol,Manual,₹2.96 Lakh,delhi-ncr
Hyundai,Hyundai Grand i101.2 Kappa Sportz BSIV,2016,"89,923kms",Petrol,Manual,₹3.02 Lakh,delhi-ncr
Hyundai,Hyundai Xcent1.2 Kappa S Option,2014,"71,613kms",Petrol,Manual,₹1.98 Lakh,delhi-ncr
Maruti,Maruti CiazAlpha Automatic BSIV,2019,"85,255kms",Petrol,Automatic,₹5.24 Lakh,delhi-ncr
Maruti,Maruti SwiftZXI AMT,2022,"32,607kms",Petrol,Automatic,₹5.73 Lakh,delhi-ncr
Hyundai,Hyundai Grand i101.2 Kappa Sportz BSIV,2016,"45,626kms",Petrol,Manual,₹3.66 Lakh,delhi-ncr
Maruti,Maruti S-PressoVXI,2022,"55,722kms",Petrol,Manual,₹3.50 Lakh,delhi-ncr
Renault,Renault TriberRXL,2020,"1,10,526kms",Petrol,Manual,₹3.42 Lakh,delhi-ncr
Tata,Tata Tiago1.2 Revotron XZ Plus,2019,"44,718kms",Petrol,Manual,₹4.05 Lakh,delhi-ncr
Kia,Kia CarensLuxury Plus Diesel AT 6 STR,2022,"46,200kms",Diesel,Automatic,₹14.36 Lakh,delhi-ncr
Ford,Ford Ecosport1.5 Petrol Titanium Plus AT BSIV,2018,"93,259kms",Petrol,Automatic,₹4.35 Lakh,delhi-ncr
Honda,Honda Cityi VTEC CVT VX,2016,"91,696kms",Petrol,Automatic,₹3.87 Lakh,delhi-ncr
Hyundai,Hyundai i20Asta Opt IVT,2023,"9,132kms",Petrol,Automatic,₹7.62 Lakh,delhi-ncr
Nissan,Nissan MagniteXL,2022,"31,507kms",Petrol,Manual,₹4.89 Lakh,delhi-ncr
Hyundai,Hyundai AlcazarSignature 6Str Diesel AT,2021,"41,460kms",Diesel,Automatic,₹12.15 Lakh,delhi-ncr
Tata,Tata Nexon1.2 Revotron XE,2018,"72,470kms",Petrol,Manual,₹3.37 Lakh,delhi-ncr
Datsun,Datsun GOT Option,2020,"70,667kms",Petrol,Manual,₹2.39 Lakh,delhi-ncr
Maruti,Maruti SwiftVXI,2018,"64,451kms",Petrol,Manual,₹3.61 Lakh,delhi-ncr
Hyundai,Hyundai Creta1.6 VTVT E Plus,2017,"72,611kms",Petrol,Manual,₹4.25 Lakh,delhi-ncr
Honda,Honda AmazeS Petrol BSIV,2019,"42,525kms",Petrol,Manual,₹4.33 Lakh,delhi-ncr
Hyundai,Hyundai VenueSX Plus Turbo DCT BSIV,2019,"42,736kms",Petrol,Automatic,₹6.38 Lakh,delhi-ncr
Tata,Tata TigorXM BSVI,2021,"37,084kms",Petrol,Manual,₹3.75 Lakh,delhi-ncr
Maruti,Maruti BalenoDelta Diesel,2019,"47,029kms",Diesel,Manual,₹4.64 Lakh,delhi-ncr
Hyundai,Hyundai Grand i101.2 Kappa Asta,2014,"42,431kms",Petrol,Manual,₹3.10 Lakh,delhi-ncr
Maruti,Maruti SwiftVXI,2021,"77,819kms",Petrol,Manual,₹4.11 Lakh,delhi-ncr
Hyundai,Hyundai i20Asta 1.2,2017,"74,204kms",Petrol,Manual,₹3.36 Lakh,delhi-ncr
Maruti,Maruti SwiftVXI,2017,"59,181kms",Petrol,Manual,₹3.67 Lakh,delhi-ncr
Tata,Tata AltrozXM plus BSVI,2022,"58,361kms",Petrol,Manual,₹4.52 Lakh,delhi-ncr
Toyota,Toyota Innova Crysta2.7 ZX AT BSIV,2017,"61,710kms",Petrol,Automatic,₹10.13 Lakh,delhi-ncr
Maruti,Maruti Swift DzireVXI 1.2,2018,"37,426kms",Petrol,Manual,₹3.95 Lakh,delhi-ncr
BMW,BMW 3 Series320i Luxury Line,2016,"45,829kms",Petrol,Automatic,₹18.68 Lakh,delhi-ncr
Kia,Kia SeltosGTX Plus S Turbo DCT,2019,"35,030kms",Petrol,Automatic,₹11.86 Lakh,delhi-ncr
Hyundai,Hyundai Grand i10Sportz Petrol BSIV,2015,"90,749kms",Petrol,Manual,₹2.67 Lakh,delhi-ncr
Tata,Tata AltrozXZ Diesel BSVI,2021,"37,476kms",Diesel,Manual,₹4.92 Lakh,delhi-ncr
MG,MG HectorSharp Diesel MT BSIV,2020,"72,238kms",Diesel,Manual,₹9.44 Lakh,delhi-ncr
Jeep,Jeep Compass1.4 Limited,2017,"72,808kms",Petrol,Automatic,₹6.39 Lakh,delhi-ncr
Mahindra,Mahindra XUV700AX5 5Str AT,2022,"81,114kms",Petrol,Automatic,₹14.16 Lakh,delhi-ncr
Tata,Tata AltrozXT,2021,"68,794kms",Petrol,Manual,₹4.68 Lakh,delhi-ncr
Hyundai,Hyundai Grand i10 NiosSportz,2023,"5,230kms",Petrol,Manual,₹6.22 Lakh,delhi-ncr
Hyundai,Hyundai Grand i101.2 Kappa Sportz BSIV,2015,"1,14,074kms",Petrol,Manual,₹2.82 Lakh,delhi-ncr
Kia,Kia CarensPrestige Plus Diesel,2022,"17,321kms",Diesel,Manual,₹11.22 Lakh,delhi-ncr
Hyundai,Hyundai Grand i101.2 Kappa Sportz BSIV,2018,"62,916kms",Petrol,Manual,₹3 Lakh,delhi-ncr
Tata,Tata AltrozXT,2021,"68,794kms",Petrol,Manual,₹4.68 Lakh,delhi-ncr
Hyundai,Hyundai Grand i10 NiosSportz,2023,"5,230kms",Petrol,Manual,₹6.22 Lakh,delhi-ncr
Hyundai,Hyundai Grand i101.2 Kappa Sportz BSIV,2015,"1,14,074kms",Petrol,Manual,₹2.82 Lakh,delhi-ncr
Kia,Kia CarensPrestige Plus Diesel,2022,"17,321kms",Diesel,Manual,₹11.22 Lakh,delhi-ncr
Hyundai,Hyundai Grand i101.2 Kappa Sportz BSIV,2018,"62,916kms",Petrol,Manual,₹3 Lakh,delhi-ncr
Hyundai,Hyundai i20Sportz BSVI,2022,"19,259kms",Petrol,Manual,₹5.41 Lakh,delhi-ncr
Maruti,Maruti CiazZXi,2015,"76,085kms",Petrol,Manual,₹4.31 Lakh,delhi-ncr
Hyundai,Hyundai AlcazarSignature (O) AE 7Str Diesel AT,2022,"34,534kms",Diesel,Automatic,₹15.40 Lakh,delhi-ncr
Hyundai,Hyundai VernaVTVT 1.6 AT SX Plus,2019,"62,444kms",Petrol,Automatic,₹8.53 Lakh,delhi-ncr
Maruti,Maruti BalenoZeta Diesel,2019,"60,526kms",Diesel,Manual,₹4.73 Lakh,delhi-ncr
Maruti,Maruti BalenoZeta Diesel,2016,"93,308kms",Diesel,Manual,₹4 Lakh,delhi-ncr
Hyundai,Hyundai i20Sportz 1.2,2017,"77,475kms",Petrol,Manual,₹3.46 Lakh,delhi-ncr
Hyundai,Hyundai Creta1.6 SX,2019,"88,207kms",Petrol,Manual,₹6.05 Lakh,delhi-ncr
Maruti,Maruti Wagon RVXI BS IV,2017,"39,175kms",Petrol,Manual,₹2.55 Lakh,delhi-ncr
Maruti,Maruti SwiftVXI,2015,"39,861kms",Petrol,Manual,₹2.85 Lakh,delhi-ncr
Tata,Tata NexonXZA Plus (O) AMT Diesel,2022,"60,715kms",Diesel,Automatic,₹7.56 Lakh,delhi-ncr
Maruti,Maruti BalenoZeta Diesel,2016,"38,057kms",Diesel,Manual,₹4.45 Lakh,delhi-ncr
Hyundai,Hyundai Grand i101.2 Kappa Sportz BSIV,2016,"57,335kms",Petrol,Manual,₹3.40 Lakh,delhi-ncr
Maruti,Maruti CiazPetrol,2017,"71,801kms",Diesel,Manual,₹5.57 Lakh,delhi-ncr
Maruti,Maruti Wagon RVXI BS IV,2018,"57,338kms",Petrol,Manual,₹2.31 Lakh,delhi-ncr
Hyundai,Hyundai Grand i101.2 Kappa Magna BSIV,2014,"50,674kms",Petrol,Manual,₹2.93 Lakh,delhi-ncr
Hyundai,Hyundai Creta1.6 SX,2019,"88,207kms",Petrol,Manual,₹6.05 Lakh,delhi-ncr
Maruti,Maruti Wagon RVXI BS IV,2017,"39,175kms",Petrol,Manual,₹2.55 Lakh,delhi-ncr
Maruti,Maruti SwiftVXI,2015,"39,861kms",Petrol,Manual,₹2.85 Lakh,delhi-ncr
Tata,Tata NexonXZA Plus (O) AMT Diesel,2022,"60,715kms",Diesel,Automatic,₹7.56 Lakh,delhi-ncr
Maruti,Maruti BalenoZeta Diesel,2016,"38,057kms",Diesel,Manual,₹4.45 Lakh,delhi-ncr
Hyundai,Hyundai Grand i101.2 Kappa Sportz BSIV,2016,"57,335kms",Petrol,Manual,₹3.40 Lakh,delhi-ncr
Maruti,Maruti CiazPetrol,2017,"71,801kms",Diesel,Manual,₹5.57 Lakh,delhi-ncr
Maruti,Maruti Wagon RVXI BS IV,2018,"57,338kms",Petrol,Manual,₹2.31 Lakh,delhi-ncr
Renault,2018Renault KWID1.0 RXT Optional AT  -2019,2016,"62,125kms",Petrol,Automatic,₹2.52 Lakh,delhi-ncr
Maruti,Maruti Wagon RVXI,2014,"51,992kms",Petrol,Manual,₹2.49 Lakh,delhi-ncr
Hyundai,Hyundai VernaSX Turbo DCT,2023,"27,506kms",Petrol,Automatic,₹14.26 Lakh,delhi-ncr
Maruti,Maruti CiazAlpha BSIV,2018,"82,251kms",Petrol,Manual,₹4.90 Lakh,delhi-ncr
Toyota,Toyota EtiosG,2015,"65,292kms",Petrol,Manual,₹2.26 Lakh,delhi-ncr
Renault,Renault DusterRXZ,2021,"38,842kms",Petrol,Manual,₹5.67 Lakh,delhi-ncr
Hyundai,Hyundai i10Sportz 1.1L,2015,"75,430kms",Petrol,Manual,₹2.03 Lakh,delhi-ncr
Honda,Honda AmazeS i-Vtech,2015,"74,628kms",Petrol,Manual,₹2.25 Lakh,delhi-ncr
Hyundai,Hyundai i20Sportz 1.2,2017,"71,613kms",Petrol,Manual,₹3.66 Lakh,delhi-ncr
Toyota,Toyota EtiosG,2014,"63,797kms",Petrol,Manual,₹2.14 Lakh,delhi-ncr
Renault,Renault KWID1.0 RXT,2023,"43,629kms",Petrol,Manual,₹2.98 Lakh,delhi-ncr
Hyundai,Hyundai i10Sportz 1.1L,2015,"75,430kms",Petrol,Manual,₹2.03 Lakh,delhi-ncr
Honda,Honda AmazeS i-Vtech,2015,"74,628kms",Petrol,Manual,₹2.25 Lakh,delhi-ncr
Hyundai,Hyundai i20Sportz 1.2,2017,"71,613kms",Petrol,Manual,₹3.66 Lakh,delhi-ncr
Toyota,Toyota EtiosG,2014,"63,797kms",Petrol,Manual,₹2.14 Lakh,delhi-ncr
Renault,Renault KWID1.0 RXT,2023,"43,629kms",Petrol,Manual,₹2.98 Lakh,delhi-ncr
Maruti,Maruti Baleno1.2 Delta,2018,"61,750kms",Petrol,Manual,₹3.68 Lakh,delhi-ncr
Honda,Honda Cityi VTEC SV,2015,"55,331kms",Petrol,Manual,₹3.08 Lakh,delhi-ncr
Maruti,Maruti Swift DzireVXI 1.2,2019,"70,875kms",Petrol,Manual,₹4.32 Lakh,delhi-ncr
Maruti,Maruti Baleno1.2 Alpha,2018,"51,393kms",Petrol,Manual,₹3.97 Lakh,delhi-ncr
Renault,Renault KWID1.0 RXT Opt,2019,"27,720kms",Petrol,Manual,₹2.91 Lakh,delhi-ncr
Maruti,Maruti SwiftVXI,2018,"95,444kms",Petrol,Manual,₹4.13 Lakh,delhi-ncr
Maruti,Maruti ErtigaVXI,2017,"57,397kms",Petrol,Manual,₹5.88 Lakh,delhi-ncr
Maruti,Maruti Ciaz1.4 Alpha,2019,"61,358kms",Petrol,Manual,₹6.06 Lakh,delhi-ncr
Maruti,Maruti Grand VitaraDelta,2024,"23,538kms",Petrol,Manual,₹9.64 Lakh,delhi-ncr
Renault,Renault KWID1.0 RXT AMT,2017,"43,891kms",Petrol,Automatic,₹2.23 Lakh,delhi-ncr
Honda,Honda Cityi VTEC CVT SV,2014,"80,285kms",Petrol,Automatic,₹2.81 Lakh,delhi-ncr
Tata,Tata TiagoXZ Plus,2019,"77,161kms",Petrol,Manual,₹3.21 Lakh,delhi-ncr
Hyundai,Hyundai Grand i10Magna,2015,"50,351kms",Petrol,Manual,₹2.32 Lakh,delhi-ncr
Maruti,Maruti Wagon RLXI CNG,2017,"70,839kms",CNG,Manual,₹2.90 Lakh,delhi-ncr
Maruti,Maruti Alto K10VXI AMT,2014,"48,947kms",Petrol,Automatic,₹1.92 Lakh,delhi-ncr
Honda,Honda BR-VStyle Edition Diesel V,2018,"1,21,325kms",Diesel,Manual,₹6 Lakh,delhi-ncr
Maruti,Maruti BrezzaZxi,2022,"26,729kms",Petrol,Manual,₹8.86 Lakh,delhi-ncr
Maruti,Maruti SwiftVXI,2021,"14,321kms",Petrol,Manual,₹5.26 Lakh,delhi-ncr
Hyundai,Hyundai Grand i101.2 Kappa Sportz BSIV,2014,"19,436kms",Petrol,Manual,₹2.90 Lakh,delhi-ncr
Volkswagen,Volkswagen VirtusHighline,2022,"52,653kms",Petrol,Manual,₹9.32 Lakh,delhi-ncr
Skoda,Skoda Slavia1.0 TSI Style AT BSVI,2022,"69,585kms",Petrol,Automatic,₹11.44 Lakh,delhi-ncr
Hyundai,Hyundai EONMagna,2015,"56,121kms",Petrol,Manual,₹2.49 Lakh,delhi-ncr
Hyundai,Hyundai Verna1.6 VTVT AT SX,2014,"83,366kms",Petrol,Automatic,₹3.90 Lakh,delhi-ncr
Kia,Kia SonetGTX Plus Turbo DCT DT,2020,"29,298kms",Petrol,Automatic,₹7.36 Lakh,delhi-ncr
Renault,Renault TriberRXT,2023,"48,055kms",Petrol,Manual,₹4.43 Lakh,delhi-ncr
Nissan,Nissan MagniteTurbo CVT XV BSVI,2021,"76,368kms",Petrol,Automatic,₹4.72 Lakh,delhi-ncr
Kia,Kia SonetHTX Turbo iMT BSVI,2021,"30,923kms",Petrol,Manual,₹6.56 Lakh,delhi-ncr
Honda,Honda AmazeS i-VTEC,2015,"61,637kms",Petrol,Manual,₹3.21 Lakh,delhi-ncr
Maruti,Maruti Wagon RVXI 1.2,2020,"23,151kms",Petrol,Manual,₹4.17 Lakh,delhi-ncr
Kia,Kia CarensPrestige Plus Diesel,2022,"13,918kms",Diesel,Manual,₹11.38 Lakh,delhi-ncr
Kia,Kia SeltosHTX,2021,"16,456kms",Petrol,Manual,₹7.63 Lakh,delhi-ncr
Honda,Honda AmazeS i-Vtech,2015,"74,730kms",Petrol,Manual,₹2.59 Lakh,delhi-ncr
Maruti,Maruti Wagon RVXI,2014,"49,371kms",Petrol,Manual,₹2.19 Lakh,delhi-ncr
Maruti,Maruti Wagon RLXI BS IV,2015,"47,105kms",Petrol,Manual,₹1.98 Lakh,delhi-ncr
Maruti,Maruti Vitara BrezzaVXI,2022,"28,865kms",Petrol,Manual,₹7.38 Lakh,delhi-ncr
Hyundai,Hyundai Xcent1.2 VTVT S,2014,"43,698kms",Petrol,Manual,₹2.86 Lakh,delhi-ncr
Hyundai,Hyundai Grand i101.2 Kappa Asta,2015,"55,034kms",Petrol,Manual,₹3.22 Lakh,delhi-ncr
Maruti,Maruti Wagon RVXI 1.2,2016,"46,779kms",Petrol,Manual,₹3.04 Lakh,delhi-ncr
Maruti,Maruti SwiftLXI,2019,"47,053kms",Petrol,Manual,₹3.75 Lakh,delhi-ncr
Maruti,Maruti SwiftVXI,2014,"38,370kms",Petrol,Manual,₹2.38 Lakh,delhi-ncr
Hyundai,Hyundai Grand i101.2 Kappa Sportz BSIV,2014,"47,823kms",Petrol,Manual,₹3.12 Lakh,delhi-ncr
Tata,Tata TiagoXZ CNG,2022,"40,116kms",CNG,Manual,₹5.59 Lakh,delhi-ncr
Hyundai,Hyundai Grand i101.2 Kappa Magna BSIV,2014,"88,536kms",Petrol,Manual,₹2.79 Lakh,delhi-ncr
Honda,Honda CitySV MT,2017,"1,03,399kms",Petrol,Manual,₹4.67 Lakh,delhi-ncr
Ford,Ford Ecosport1.5 Ti VCT AT Titanium BSIV,2015,"83,407kms",Petrol,Automatic,₹3.27 Lakh,delhi-ncr
Maruti,Maruti CelerioZXI,2022,"38,808kms",Petrol,Manual,₹4.02 Lakh,delhi-ncr
Kia,Kia SeltosHTX IVT,2021,"41,092kms",Petrol,Automatic,₹8.69 Lakh,delhi-ncr
Hyundai,Hyundai i20 Active1.2 S,2017,"46,270kms",Petrol,Manual,₹3.70 Lakh,delhi-ncr
Hyundai,Hyundai i10Sportz,2014,"35,672kms",Petrol,Manual,₹1.69 Lakh,delhi-ncr
Hyundai,Hyundai Creta1.6 SX Automatic,2018,"63,746kms",Petrol,Automatic,₹6.28 Lakh,delhi-ncr
Maruti,Maruti CiazAT ZXi Plus,2016,"80,669kms",Petrol,Automatic,₹3.93 Lakh,delhi-ncr
Tata,Tata TiagoXZ Plus,2020,"41,031kms",Petrol,Manual,₹3.40 Lakh,delhi-ncr
Maruti,Maruti SwiftLXI Option,2016,"1,18,260kms",Petrol,Manual,₹2.85 Lakh,delhi-ncr
Hyundai,Hyundai Grand i101.2 Kappa Sportz BSIV,2018,"27,977kms",Petrol,Manual,₹3.83 Lakh,delhi-ncr
Maruti,Maruti CelerioVXI CNG,2022,"57,610kms",CNG,Manual,₹4.76 Lakh,delhi-ncr
Honda,Honda CityVX MT,2016,"98,537kms",Petrol,Manual,₹5.01 Lakh,delhi-ncr
Ford,Ford FigoTitanium,2021,"21,674kms",Petrol,Manual,₹4.05 Lakh,delhi-ncr
Hyundai,Hyundai Xcent1.2 Kappa SX Option AT,2016,"28,909kms",Petrol,Automatic,₹4.45 Lakh,delhi-ncr
Hyundai,Hyundai Grand i101.2 Kappa Sportz BSIV,2017,"83,901kms",Petrol,Manual,₹2.78 Lakh,delhi-ncr
MG,MG HectorSharp DCT,2019,"43,767kms",Petrol,Automatic,₹9.02 Lakh,delhi-ncr
Tata,Tata Tiago1.2 Revotron XZA,2019,"1,17,146kms",Petrol,Automatic,₹3.28 Lakh,delhi-ncr
Nissan,Nissan MicraXV CVT,2016,"65,636kms",Petrol,Automatic,₹3.31 Lakh,delhi-ncr
Volkswagen,Volkswagen Taigun1.0 Highline,2022,"77,531kms",Petrol,Manual,₹7.83 Lakh,delhi-ncr
Maruti,Maruti SwiftVXI,2023,"23,528kms",Petrol,Manual,₹5.85 Lakh,delhi-ncr
Honda,Honda JazzZX,2022,"13,929kms",Petrol,Manual,₹7.99 Lakh,delhi-ncr
Ford,Ford Ecosport1.0 Ecoboost Titanium,2016,"92,056kms",Petrol,Manual,₹4.70 Lakh,delhi-ncr
Hyundai,Hyundai Grand i101.2 Kappa Asta,2017,"40,451kms",Petrol,Manual,₹4.39 Lakh,delhi-ncr
Hyundai,Hyundai Grand i10 NiosAMT Sportz CRDi,2021,"56,632kms",Diesel,Automatic,₹5.95 Lakh,delhi-ncr
Tata,Tata AltrozXZ Diesel,2021,"37,275kms",Diesel,Manual,₹6.74 Lakh,delhi-ncr
Honda,Honda WR-VSV Diesel,2021,"68,250kms",Diesel,Manual,₹5.07 Lakh,delhi-ncr
Maruti,Maruti Grand VitaraZeta BSVI,2022,"34,476kms",Petrol,Manual,₹10.30 Lakh,delhi-ncr
Maruti,Maruti DzireVXI,2019,"1,20,485kms",Petrol,Manual,₹4.06 Lakh,delhi-ncr
Honda,Honda CityZX MT,2021,"1,11,510kms",Petrol,Manual,₹8.90 Lakh,delhi-ncr
MG,MG Hector2.0 Sharp Pro Diesel BSVI,2022,"40,580kms",Diesel,Manual,₹13.43 Lakh,delhi-ncr
Maruti,Maruti Grand VitaraZeta BSVI,2022,"23,746kms",Petrol,Manual,₹10.69 Lakh,delhi-ncr
Nissan,Nissan MagniteTurbo CVT XV BSVI,2021,"76,368kms",Petrol,Automatic,₹4.72 Lakh,delhi-ncr
Kia,Kia SonetHTX Turbo iMT BSVI,2021,"30,923kms",Petrol,Manual,₹6.56 Lakh,delhi-ncr
Honda,Honda AmazeS i-VTEC,2015,"61,637kms",Petrol,Manual,₹3.21 Lakh,delhi-ncr
Maruti,Maruti Wagon RVXI 1.2,2020,"23,151kms",Petrol,Manual,₹4.17 Lakh,delhi-ncr
Kia,Kia CarensPrestige Plus Diesel,2022,"13,918kms",Diesel,Manual,₹11.38 Lakh,delhi-ncr
Kia,Kia SeltosHTX,2021,"16,456kms",Petrol,Manual,₹7.63 Lakh,delhi-ncr
Honda,Honda AmazeS i-Vtech,2015,"74,730kms",Petrol,Manual,₹2.59 Lakh,delhi-ncr
Maruti,Maruti Wagon RVXI,2014,"49,371kms",Petrol,Manual,₹2.19 Lakh,delhi-ncr
Maruti,Maruti Wagon RLXI BS IV,2015,"47,105kms",Petrol,Manual,₹1.98 Lakh,delhi-ncr
Maruti,Maruti Vitara BrezzaVXI,2022,"28,865kms",Petrol,Manual,₹7.38 Lakh,delhi-ncr
Honda,Honda AmazeS i-VTEC,2016,"64,967kms",Petrol,Manual,₹3.17 Lakh,delhi-ncr
Maruti,Maruti Alto 800LXi,2013,"36,617kms",Petrol,Manual,₹1.87 Lakh,delhi-ncr
Mahindra,Mahindra TharLX Hard Top,2022,"25,315kms",Petrol,Manual,₹11.77 Lakh,delhi-ncr
Maruti,Maruti CelerioZXI AMT,2016,"86,564kms",Petrol,Automatic,₹2.51 Lakh,delhi-ncr
Renault,Renault KWIDRXT,2016,"51,234kms",Petrol,Manual,₹1.64 Lakh,delhi-ncr
Honda,Honda WR-VVX,2020,"60,453kms",Petrol,Manual,₹5.09 Lakh,delhi-ncr
Renault,Renault TriberRXL BSVI,2021,"52,312kms",Petrol,Manual,₹3.77 Lakh,delhi-ncr
Maruti,Maruti SwiftVXI,2016,"43,067kms",Petrol,Manual,₹3.20 Lakh,delhi-ncr
Maruti,Maruti SwiftLXI Option,2017,"71,291kms",Petrol,Manual,₹3.66 Lakh,delhi-ncr
Honda,Honda JazzZX,2021,"34,594kms",Petrol,Manual,₹6.74 Lakh,delhi-ncr
Honda,Honda WR-VVX,2020,"60,453kms",Petrol,Manual,₹5.09 Lakh,delhi-ncr
Renault,Renault TriberRXL BSVI,2021,"52,312kms",Petrol,Manual,₹3.77 Lakh,delhi-ncr
Maruti,Maruti SwiftVXI,2016,"43,067kms",Petrol,Manual,₹3.20 Lakh,delhi-ncr
Maruti,Maruti SwiftLXI Option,2017,"71,291kms",Petrol,Manual,₹3.66 Lakh,delhi-ncr
Honda,Honda JazzZX,2021,"34,594kms",Petrol,Manual,₹6.74 Lakh,delhi-ncr
Volkswagen,Volkswagen PoloPetrol Comfortline 1.2L,2015,"69,349kms",Petrol,Manual,₹3.59 Lakh,delhi-ncr
Maruti,Maruti CelerioZXI,2017,"79,120kms",Petrol,Manual,₹2.92 Lakh,delhi-ncr
Maruti,Maruti BalenoZeta AMT,2018,"55,504kms",Petrol,Automatic,₹4.73 Lakh,delhi-ncr
Maruti,Maruti CelerioVXI,2019,"23,808kms",Petrol,Manual,₹3.15 Lakh,delhi-ncr
Honda,Honda AmazeS i-Vtech,2016,"67,123kms",Petrol,Manual,₹2.72 Lakh,delhi-ncr
Ford,Ford Ecosport1.0 Ecoboost Titanium,2015,"94,965kms",Petrol,Manual,₹3.59 Lakh,delhi-ncr
Toyota,Toyota Corolla AltisPetrol LE,2014,"74,560kms",Petrol,Manual,₹5.09 Lakh,delhi-ncr
Tata,Tata Tiago1.2 Revotron XZ,2019,"89,443kms",Petrol,Manual,₹3.57 Lakh,delhi-ncr
Maruti,Maruti CiazZXi,2016,"71,542kms",Petrol,Manual,₹4.76 Lakh,delhi-ncr
Honda,Honda Cityi-VTEC CVT V,2019,"99,677kms",Petrol,Automatic,₹5.45 Lakh,delhi-ncr
Tata,Tata Tigor1.2 Revotron XT,2017,"56,510kms",Petrol,Manual,₹2.98 Lakh,delhi-ncr
Honda,Honda AmazeS i-Vtech,2014,"73,012kms",Petrol,Manual,₹2.26 Lakh,delhi-ncr
Maruti,Maruti Wagon RLXI CNG BSVI,2022,"53,797kms",CNG,Manual,₹4.20 Lakh,delhi-ncr
Kia,Kia CarensLuxury Plus Turbo  -2023,2022,"37,117kms",Petrol,Manual,₹12 Lakh,delhi-ncr
Hyundai,Hyundai Grand i10Asta,2014,"62,932kms",Petrol,Manual,₹2.52 Lakh,delhi-ncr
Maruti,Maruti DzireVXI,2018,"69,575kms",Petrol,Manual,₹4.21 Lakh,delhi-ncr
Hyundai,Hyundai VenueSX Opt Turbo DCT Special Edition,2022,"41,082kms",Petrol,Automatic,₹9.34 Lakh,delhi-ncr
Hyundai,Hyundai VernaVTVT 1.6 AT SX Option,2017,"54,792kms",Petrol,Automatic,₹6.53 Lakh,delhi-ncr
Maruti,Maruti Alto K10VXI,2016,"32,205kms",Petrol,Manual,₹2.40 Lakh,delhi-ncr
Maruti,Maruti SwiftZXI Plus AMT,2019,"86,981kms",Petrol,Automatic,₹4.59 Lakh,delhi-ncr
Hyundai,Hyundai TucsonGLS Diesel AT,2017,"65,027kms",Diesel,Automatic,₹10.08 Lakh,delhi-ncr
Hyundai,Hyundai Verna1.6 SX VTVT AT,2017,"65,800kms",Petrol,Automatic,₹7.74 Lakh,delhi-ncr
Maruti,Maruti BalenoZeta Diesel,2017,"55,896kms",Diesel,Manual,₹4.62 Lakh,delhi-ncr
Toyota,Toyota Etios Cross1.2L G,2015,"72,936kms",Petrol,Manual,₹2.91 Lakh,delhi-ncr
Hyundai,Hyundai Xcent1.2 Kappa S,2015,"40,327kms",Petrol,Manual,₹2.46 Lakh,delhi-ncr
Renault,Renault DusterRXS 85PS BSIV,2019,"75,947kms",Diesel,Manual,₹4 Lakh,delhi-ncr
MG,MG HectorSharp DCT,2021,"55,082kms",Petrol,Automatic,₹9.23 Lakh,delhi-ncr
Maruti,Maruti Baleno1.2 Delta,2017,"54,837kms",Petrol,Manual,₹3.68 Lakh,delhi-ncr
Tata,Tata Nexon1.2 Revotron XZ Plus,2019,"40,741kms",Petrol,Manual,₹4.46 Lakh,delhi-ncr
Skoda,Skoda Kushaq1.0 TSI Style,2022,"60,178kms",Petrol,Manual,₹11.83 Lakh,delhi-ncr
Maruti,Maruti DzireZXI,2018,"25,596kms",Petrol,Manual,₹4.91 Lakh,delhi-ncr
Hyundai,Hyundai Grand i101.2 Kappa Sportz BSIV,2018,"94,364kms",Petrol,Manual,₹3.48 Lakh,delhi-ncr
Maruti,Maruti Grand VitaraAlpha AT,2022,"60,343kms",Petrol,Automatic,₹11.57 Lakh,delhi-ncr
Ford,Ford FreestyleTitanium,2019,"1,13,033kms",Petrol,Manual,₹3.42 Lakh,delhi-ncr
Maruti,Maruti CiazDelta Diesel,2017,"61,518kms",Diesel,Automatic,₹4.51 Lakh,delhi-ncr
Hyundai,Hyundai Grand i101.2 Kappa Sportz BSIV,2017,"47,840kms",Petrol,Manual,₹3.91 Lakh,delhi-ncr
Volkswagen,Volkswagen VirtusTopline AT,2023,"32,801kms",Petrol,Automatic,₹13.45 Lakh,delhi-ncr
Maruti,Maruti Wagon RLXI BSVI,2018,"20,816kms",Petrol,Manual,₹3.28 Lakh,delhi-ncr
Honda,Honda CityZX MT,2022,"59,691kms",Petrol,Manual,₹11.62 Lakh,delhi-ncr
Honda,Honda AmazeS i-VTEC,2014,"39,753kms",Petrol,Manual,₹3 Lakh,delhi-ncr
Honda,Honda CityV MT,2016,"1,21,935kms",Petrol,Manual,₹4.50 Lakh,delhi-ncr
Ford,Ford Ecosport1.5 Ti VCT MT Titanium,2016,"1,25,253kms",Petrol,Manual,₹4.30 Lakh,delhi-ncr
Tata,Tata PunchAdventure Rhythm,2022,"59,741kms",Petrol,Manual,₹5.28 Lakh,delhi-ncr
Mahindra,Mahindra KUV 100 NXTG80 K4 Plus 6Str,2016,"88,941kms",Petrol,Manual,₹2.69 Lakh,delhi-ncr
Honda,Honda CityVX MT,2015,"59,788kms",Petrol,Manual,₹5.58 Lakh,delhi-ncr
Hyundai,Hyundai Creta1.6 VTVT AT SX Plus,2017,"59,366kms",Petrol,Automatic,₹5.46 Lakh,delhi-ncr
Hyundai,Hyundai Xcent1.2 Kappa S Option,2014,"71,613kms",Petrol,Manual,₹1.98 Lakh,delhi-ncr
Maruti,Maruti CiazAlpha Automatic BSIV,2019,"85,255kms",Petrol,Automatic,₹5.24 Lakh,delhi-ncr
Maruti,Maruti SwiftZXI AMT,2022,"32,607kms",Petrol,Automatic,₹5.73 Lakh,delhi-ncr
Hyundai,Hyundai Grand i101.2 Kappa Sportz BSIV,2016,"45,626kms",Petrol,Manual,₹3.66 Lakh,delhi-ncr
Maruti,Maruti S-PressoVXI,2022,"55,722kms",Petrol,Manual,₹3.50 Lakh,delhi-ncr
Renault,Renault TriberRXL,2020,"1,10,526kms",Petrol,Manual,₹3.42 Lakh,delhi-ncr
Tata,Tata Tiago1.2 Revotron XZ Plus,2019,"44,718kms",Petrol,Manual,₹4.05 Lakh,delhi-ncr
Kia,Kia CarensLuxury Plus Diesel AT 6 STR,2022,"46,200kms",Diesel,Automatic,₹14.36 Lakh,delhi-ncr
Ford,Ford Ecosport1.5 Petrol Titanium Plus AT BSIV,2018,"93,259kms",Petrol,Automatic,₹4.35 Lakh,delhi-ncr
Hyundai,Hyundai Grand i101.2 Kappa Sportz BSIV,2015,"67,048kms",Petrol,Manual,₹3.03 Lakh,delhi-ncr
Hyundai,Hyundai i20Magna 1.2,2014,"96,827kms",Petrol,Manual,₹3.14 Lakh,delhi-ncr
Ford,Ford EcosportTitanium Plus AT,2018,"1,16,893kms",Petrol,Automatic,₹4.91 Lakh,delhi-ncr
Ford,Ford EcosportTitanium,2019,"67,455kms",Petrol,Manual,₹6.11 Lakh,delhi-ncr
Hyundai,Hyundai VenueSX BSVI,2022,"52,997kms",Petrol,Manual,₹7.22 Lakh,delhi-ncr
Maruti,Maruti Grand VitaraAlpha Plus Hybrid CVT BSVI,2022,"70,133kms",Petrol,Automatic,₹14.09 Lakh,delhi-ncr
Kia,Kia SeltosGTX Plus,2019,"65,618kms",Petrol,Manual,₹9.22 Lakh,delhi-ncr
Tata,Tata Tiago1.2 Revotron XZ,2016,"89,207kms",Petrol,Manual,₹3.14 Lakh,delhi-ncr
Maruti,Maruti Grand VitaraZeta BSVI,2022,"34,476kms",Petrol,Manual,₹10.30 Lakh,delhi-ncr
Maruti,Maruti DzireVXI,2019,"1,20,485kms",Petrol,Manual,₹4.06 Lakh,delhi-ncr
Honda,Honda CityZX MT,2021,"1,11,510kms",Petrol,Manual,₹8.90 Lakh,delhi-ncr
MG,MG Hector2.0 Sharp Pro Diesel BSVI,2022,"40,580kms",Diesel,Manual,₹13.43 Lakh,delhi-ncr
Maruti,Maruti Grand VitaraZeta BSVI,2022,"23,746kms",Petrol,Manual,₹10.69 Lakh,delhi-ncr
Maruti,Maruti CiazPetrol,2018,"86,385kms",Diesel,Manual,₹5.15 Lakh,delhi-ncr
Renault,Renault DusterPetrol RXS CVT,2018,"1,19,487kms",Petrol,Automatic,₹4.66 Lakh,delhi-ncr
Ford,Ford Ecosport1.5 Ti VCT AT Titanium,2018,"70,007kms",Petrol,Automatic,₹5.68 Lakh,delhi-ncr
Hyundai,Hyundai Grand i101.2 Kappa Sportz BSIV,2021,"82,673kms",Petrol,Manual,₹4.55 Lakh,delhi-ncr
MG,MG Hector1.5 Turbo Sharp pro BSVI,2023,"56,832kms",Petrol,Manual,₹13.58 Lakh,delhi-ncr
Maruti,Maruti DzireVXI,2018,"1,11,362kms",Petrol,Manual,₹4.26 Lakh,delhi-ncr
Maruti,Maruti Ciaz1.4 AT Alpha,2019,"62,552kms",Petrol,Automatic,₹5.85 Lakh,delhi-ncr
Hyundai,Hyundai Creta1.6 VTVT AT SX Plus,2017,"59,366kms",Petrol,Automatic,₹5.46 Lakh,delhi-ncr
Hyundai,Hyundai Xcent1.2 Kappa S Option,2014,"71,613kms",Petrol,Manual,₹1.98 Lakh,delhi-ncr
Maruti,Maruti CiazAlpha Automatic BSIV,2019,"85,255kms",Petrol,Automatic,₹5.24 Lakh,delhi-ncr
Maruti,Maruti SwiftZXI AMT,2022,"32,607kms",Petrol,Automatic,₹5.73 Lakh,delhi-ncr
Hyundai,Hyundai Grand i101.2 Kappa Sportz BSIV,2016,"45,626kms",Petrol,Manual,₹3.66 Lakh,delhi-ncr
Maruti,Maruti S-PressoVXI,2022,"55,722kms",Petrol,Manual,₹3.50 Lakh,delhi-ncr
Renault,Renault TriberRXL,2020,"1,10,526kms",Petrol,Manual,₹3.42 Lakh,delhi-ncr
Tata,Tata Tiago1.2 Revotron XZ Plus,2019,"44,718kms",Petrol,Manual,₹4.05 Lakh,delhi-ncr
Kia,Kia CarensLuxury Plus Diesel AT 6 STR,2022,"46,200kms",Diesel,Automatic,₹14.36 Lakh,delhi-ncr
Ford,Ford Ecosport1.5 Petrol Titanium Plus AT BSIV,2018,"93,259kms",Petrol,Automatic,₹4.35 Lakh,delhi-ncr
Honda,Honda Cityi VTEC CVT VX,2016,"91,696kms",Petrol,Automatic,₹3.87 Lakh,delhi-ncr
Hyundai,Hyundai i20Asta Opt IVT,2023,"9,132kms",Petrol,Automatic,₹7.62 Lakh,delhi-ncr
Maruti,Maruti Alto 800LXI,2019,"45,382kms",Petrol,Manual,₹2.45 Lakh,delhi-ncr
Maruti,Maruti Wagon RVXI BS IV,2014,"32,154kms",Petrol,Manual,₹1.80 Lakh,delhi-ncr
Maruti,Maruti SwiftLXI,2014,"44,131kms",Petrol,Manual,₹2.03 Lakh,delhi-ncr
Maruti,Maruti CelerioZXI,2016,"72,944kms",Petrol,Manual,₹2.89 Lakh,delhi-ncr
Renault,Renault KWIDCLIMBER BSVI,2022,"21,008kms",Petrol,Manual,₹3.77 Lakh,delhi-ncr
Renault,Renault KWIDRXT,2016,"46,413kms",Petrol,Manual,₹2.20 Lakh,delhi-ncr
Mahindra,Mahindra XUV700AX5 7 Str,2022,"23,578kms",Petrol,Manual,₹15.30 Lakh,delhi-ncr
Kia,Kia SeltosGTX DCT,2020,"48,378kms",Petrol,Automatic,₹6.95 Lakh,delhi-ncr
Toyota,Toyota GlanzaV,2021,"39,544kms",Petrol,Manual,₹4.79 Lakh,delhi-ncr
Hyundai,Hyundai VernaSX Diesel,2022,"53,236kms",Diesel,Manual,₹9.16 Lakh,delhi-ncr
Honda,Honda Cityi-VTEC CVT ZX,2019,"68,365kms",Petrol,Automatic,₹7.15 Lakh,delhi-ncr
Kia,Kia SeltosHTX G,2022,"38,780kms",Petrol,Manual,₹9.84 Lakh,delhi-ncr
Kia,Kia SeltosHTK Plus G,2020,"95,397kms",Petrol,Manual,₹6.43 Lakh,delhi-ncr
Hyundai,Hyundai i10Sportz 1.1L,2014,"35,058kms",Petrol,Manual,₹1.93 Lakh,delhi-ncr
Honda,Honda Cityi VTEC SV,2014,"64,542kms",Petrol,Manual,₹3.08 Lakh,delhi-ncr
Maruti,Maruti Swift DzireVXI,2015,"60,805kms",Petrol,Manual,₹2.77 Lakh,delhi-ncr
MG,MG HectorSharp DCT,2019,"55,723kms",Petrol,Automatic,₹8.60 Lakh,delhi-ncr
Maruti,Maruti SwiftLXI Option,2015,"60,280kms",Petrol,Manual,₹3.05 Lakh,delhi-ncr
MG,MG HectorSharp DCT,2020,"21,627kms",Petrol,Automatic,₹8.84 Lakh,delhi-ncr
Skoda,Skoda Slavia1.0 TSI Style,2022,"44,743kms",Petrol,Manual,₹10.12 Lakh,delhi-ncr
Honda,Honda Amaze 2nd GenS,2018,"46,777kms",Petrol,Manual,₹4.23 Lakh,delhi-ncr
MG,MG Hector PlusSharp CVT,2022,"57,165kms",Petrol,Automatic,₹10.94 Lakh,delhi-ncr
Maruti,Maruti SwiftLXI Optional-O,2017,"29,091kms",Petrol,Manual,₹2.87 Lakh,delhi-ncr
Honda,Honda Cityi VTEC CVT VX,2015,"78,070kms",Petrol,Automatic,₹3.62 Lakh,delhi-ncr
Maruti,Maruti Alto 800LXI,2017,"18,673kms",Petrol,Manual,₹2.05 Lakh,delhi-ncr
Maruti,Maruti SwiftVXI,2015,"28,712kms",Petrol,Manual,₹3.19 Lakh,delhi-ncr
Hyundai,Hyundai Grand i10Asta,2014,"72,415kms",Petrol,Manual,₹2.59 Lakh,delhi-ncr
Toyota,Toyota Etios Cross1.2L G,2015,"64,189kms",Petrol,Manual,₹2.59 Lakh,delhi-ncr
Toyota,Toyota GlanzaV,2021,"39,544kms",Petrol,Manual,₹4.79 Lakh,delhi-ncr
Hyundai,Hyundai VernaSX Diesel,2022,"53,236kms",Diesel,Manual,₹9.16 Lakh,delhi-ncr
Honda,Honda Cityi-VTEC CVT ZX,2019,"68,365kms",Petrol,Automatic,₹7.15 Lakh,delhi-ncr
Kia,Kia SeltosHTX G,2022,"38,780kms",Petrol,Manual,₹9.84 Lakh,delhi-ncr
Kia,Kia SeltosHTK Plus G,2020,"95,397kms",Petrol,Manual,₹6.43 Lakh,delhi-ncr
Hyundai,Hyundai i10Sportz 1.1L,2014,"35,058kms",Petrol,Manual,₹1.93 Lakh,delhi-ncr
Honda,Honda Cityi VTEC SV,2014,"64,542kms",Petrol,Manual,₹3.08 Lakh,delhi-ncr
Maruti,Maruti Swift DzireVXI,2015,"60,805kms",Petrol,Manual,₹2.77 Lakh,delhi-ncr
MG,MG HectorSharp DCT,2019,"55,723kms",Petrol,Automatic,₹8.60 Lakh,delhi-ncr
Maruti,Maruti SwiftLXI Option,2015,"60,280kms",Petrol,Manual,₹3.05 Lakh,delhi-ncr
MG,MG HectorSharp DCT,2020,"21,627kms",Petrol,Automatic,₹8.84 Lakh,delhi-ncr
Skoda,Skoda Slavia1.0 TSI Style,2022,"44,743kms",Petrol,Manual,₹10.12 Lakh,delhi-ncr
Honda,Honda Amaze 2nd GenS,2018,"46,777kms",Petrol,Manual,₹4.23 Lakh,delhi-ncr
MG,MG Hector PlusSharp CVT,2022,"57,165kms",Petrol,Automatic,₹10.94 Lakh,delhi-ncr
Maruti,Maruti SwiftLXI Optional-O,2017,"29,091kms",Petrol,Manual,₹2.87 Lakh,delhi-ncr
Honda,Honda Cityi VTEC CVT VX,2015,"78,070kms",Petrol,Automatic,₹3.62 Lakh,delhi-ncr
Maruti,Maruti Alto 800LXI,2017,"18,673kms",Petrol,Manual,₹2.05 Lakh,delhi-ncr
Maruti,Maruti SwiftVXI,2015,"28,712kms",Petrol,Manual,₹3.19 Lakh,delhi-ncr
Hyundai,Hyundai Grand i10Asta,2014,"72,415kms",Petrol,Manual,₹2.59 Lakh,delhi-ncr
Toyota,Toyota Etios Cross1.2L G,2015,"64,189kms",Petrol,Manual,₹2.59 Lakh,delhi-ncr
Hyundai,Hyundai Grand i101.2 Kappa Sportz BSIV,2015,"67,048kms",Petrol,Manual,₹3.03 Lakh,delhi-ncr
Hyundai,Hyundai i20Magna 1.2,2014,"96,827kms",Petrol,Manual,₹3.14 Lakh,delhi-ncr
Ford,Ford EcosportTitanium Plus AT,2018,"1,16,893kms",Petrol,Automatic,₹4.91 Lakh,delhi-ncr
Ford,Ford EcosportTitanium,2019,"67,455kms",Petrol,Manual,₹6.11 Lakh,delhi-ncr
Hyundai,Hyundai VenueSX BSVI,2022,"52,997kms",Petrol,Manual,₹7.22 Lakh,delhi-ncr
Maruti,Maruti Grand VitaraAlpha Plus Hybrid CVT BSVI,2022,"70,133kms",Petrol,Automatic,₹14.09 Lakh,delhi-ncr
Kia,Kia SeltosGTX Plus,2019,"65,618kms",Petrol,Manual,₹9.22 Lakh,delhi-ncr
Tata,Tata Tiago1.2 Revotron XZ,2016,"89,207kms",Petrol,Manual,₹3.14 Lakh,delhi-ncr
Maruti,Maruti Grand VitaraZeta BSVI,2022,"34,476kms",Petrol,Manual,₹10.30 Lakh,delhi-ncr
Maruti,Maruti DzireVXI,2019,"1,20,485kms",Petrol,Manual,₹4.06 Lakh,delhi-ncr
Honda,Honda CityZX MT,2021,"1,11,510kms",Petrol,Manual,₹8.90 Lakh,delhi-ncr
MG,MG Hector2.0 Sharp Pro Diesel BSVI,2022,"40,580kms",Diesel,Manual,₹13.43 Lakh,delhi-ncr
Maruti,Maruti Grand VitaraZeta BSVI,2022,"23,746kms",Petrol,Manual,₹10.69 Lakh,delhi-ncr
Maruti,Maruti CiazPetrol,2018,"86,385kms",Diesel,Manual,₹5.15 Lakh,delhi-ncr
Renault,Renault DusterPetrol RXS CVT,2018,"1,19,487kms",Petrol,Automatic,₹4.66 Lakh,delhi-ncr
Ford,Ford Ecosport1.5 Ti VCT AT Titanium,2018,"70,007kms",Petrol,Automatic,₹5.68 Lakh,delhi-ncr
Hyundai,Hyundai Grand i101.2 Kappa Sportz BSIV,2021,"82,673kms",Petrol,Manual,₹4.55 Lakh,delhi-ncr
MG,MG Hector1.5 Turbo Sharp pro BSVI,2023,"56,832kms",Petrol,Manual,₹13.58 Lakh,delhi-ncr
Maruti,Maruti DzireVXI,2018,"1,11,362kms",Petrol,Manual,₹4.26 Lakh,delhi-ncr
Maruti,Maruti Ciaz1.4 AT Alpha,2019,"62,552kms",Petrol,Automatic,₹5.85 Lakh,delhi-ncr
Toyota,Toyota GlanzaV,2021,"39,544kms",Petrol,Manual,₹4.79 Lakh,delhi-ncr
Hyundai,Hyundai VernaSX Diesel,2022,"53,236kms",Diesel,Manual,₹9.16 Lakh,delhi-ncr
Honda,Honda Cityi-VTEC CVT ZX,2019,"68,365kms",Petrol,Automatic,₹7.15 Lakh,delhi-ncr
Kia,Kia SeltosHTX G,2022,"38,780kms",Petrol,Manual,₹9.84 Lakh,delhi-ncr
Kia,Kia SeltosHTK Plus G,2020,"95,397kms",Petrol,Manual,₹6.43 Lakh,delhi-ncr
Hyundai,Hyundai i10Sportz 1.1L,2014,"35,058kms",Petrol,Manual,₹1.93 Lakh,delhi-ncr
Honda,Honda Cityi VTEC SV,2014,"64,542kms",Petrol,Manual,₹3.08 Lakh,delhi-ncr
Maruti,Maruti Swift DzireVXI,2015,"60,805kms",Petrol,Manual,₹2.77 Lakh,delhi-ncr
MG,MG HectorSharp DCT,2019,"55,723kms",Petrol,Automatic,₹8.60 Lakh,delhi-ncr
Maruti,Maruti SwiftLXI Option,2015,"60,280kms",Petrol,Manual,₹3.05 Lakh,delhi-ncr
MG,MG HectorSharp DCT,2020,"21,627kms",Petrol,Automatic,₹8.84 Lakh,delhi-ncr
Skoda,Skoda Slavia1.0 TSI Style,2022,"44,743kms",Petrol,Manual,₹10.12 Lakh,delhi-ncr
Honda,Honda Amaze 2nd GenS,2018,"46,777kms",Petrol,Manual,₹4.23 Lakh,delhi-ncr
MG,MG Hector PlusSharp CVT,2022,"57,165kms",Petrol,Automatic,₹10.94 Lakh,delhi-ncr
Maruti,Maruti SwiftLXI Optional-O,2017,"29,091kms",Petrol,Manual,₹2.87 Lakh,delhi-ncr
Honda,Honda Cityi VTEC CVT VX,2015,"78,070kms",Petrol,Automatic,₹3.62 Lakh,delhi-ncr
Maruti,Maruti Alto 800LXI,2017,"18,673kms",Petrol,Manual,₹2.05 Lakh,delhi-ncr
Maruti,Maruti SwiftVXI,2015,"28,712kms",Petrol,Manual,₹3.19 Lakh,delhi-ncr
Hyundai,Hyundai Grand i10Asta,2014,"72,415kms",Petrol,Manual,₹2.59 Lakh,delhi-ncr
Toyota,Toyota Etios Cross1.2L G,2015,"64,189kms",Petrol,Manual,₹2.59 Lakh,delhi-ncr
Hyundai,Hyundai Creta1.6 VTVT AT SX Plus,2017,"59,366kms",Petrol,Automatic,₹5.46 Lakh,delhi-ncr
Hyundai,Hyundai Xcent1.2 Kappa S Option,2014,"71,613kms",Petrol,Manual,₹1.98 Lakh,delhi-ncr
Maruti,Maruti CiazAlpha Automatic BSIV,2019,"85,255kms",Petrol,Automatic,₹5.24 Lakh,delhi-ncr
Maruti,Maruti SwiftZXI AMT,2022,"32,607kms",Petrol,Automatic,₹5.73 Lakh,delhi-ncr
Hyundai,Hyundai Grand i101.2 Kappa Sportz BSIV,2016,"45,626kms",Petrol,Manual,₹3.66 Lakh,delhi-ncr
Maruti,Maruti S-PressoVXI,2022,"55,722kms",Petrol,Manual,₹3.50 Lakh,delhi-ncr
Renault,Renault TriberRXL,2020,"1,10,526kms",Petrol,Manual,₹3.42 Lakh,delhi-ncr
Tata,Tata Tiago1.2 Revotron XZ Plus,2019,"44,718kms",Petrol,Manual,₹4.05 Lakh,delhi-ncr
Kia,Kia CarensLuxury Plus Diesel AT 6 STR,2022,"46,200kms",Diesel,Automatic,₹14.36 Lakh,delhi-ncr
Ford,Ford Ecosport1.5 Petrol Titanium Plus AT BSIV,2018,"93,259kms",Petrol,Automatic,₹4.35 Lakh,delhi-ncr
Honda,Honda Cityi VTEC CVT VX,2016,"91,696kms",Petrol,Automatic,₹3.87 Lakh,delhi-ncr
Hyundai,Hyundai i20Asta Opt IVT,2023,"9,132kms",Petrol,Automatic,₹7.62 Lakh,delhi-ncr
Maruti,Maruti Alto 800LXI,2019,"45,382kms",Petrol,Manual,₹2.45 Lakh,delhi-ncr
Maruti,Maruti Wagon RVXI BS IV,2014,"32,154kms",Petrol,Manual,₹1.80 Lakh,delhi-ncr
Maruti,Maruti SwiftLXI,2014,"44,131kms",Petrol,Manual,₹2.03 Lakh,delhi-ncr
Maruti,Maruti CelerioZXI,2016,"72,944kms",Petrol,Manual,₹2.89 Lakh,delhi-ncr
Renault,Renault KWIDCLIMBER BSVI,2022,"21,008kms",Petrol,Manual,₹3.77 Lakh,delhi-ncr
Renault,Renault KWIDRXT,2016,"46,413kms",Petrol,Manual,₹2.20 Lakh,delhi-ncr
Mahindra,Mahindra XUV700AX5 7 Str,2022,"23,578kms",Petrol,Manual,₹15.30 Lakh,delhi-ncr
Kia,Kia SeltosGTX DCT,2020,"48,378kms",Petrol,Automatic,₹6.95 Lakh,delhi-ncr
Maruti,Maruti Wagon RAMT VXI,2018,"22,259kms",Petrol,Automatic,₹2.58 Lakh,delhi-ncr
Honda,Honda AmazeS i-VTEC,2015,"81,491kms",Petrol,Manual,₹2.76 Lakh,delhi-ncr
Maruti,Maruti Grand VitaraAlpha AT,2022,"68,398kms",Petrol,Automatic,₹12.05 Lakh,delhi-ncr
Maruti,Maruti Wagon RLXI BSVI,2018,"20,816kms",Petrol,Manual,₹3.28 Lakh,delhi-ncr
Honda,Honda CityZX MT,2022,"59,691kms",Petrol,Manual,₹11.62 Lakh,delhi-ncr
Honda,Honda AmazeS i-VTEC,2014,"39,753kms",Petrol,Manual,₹3 Lakh,delhi-ncr
Maruti,Maruti Wagon RLXI CNG,2012,"83,972kms",CNG,Manual,₹2.12 Lakh,delhi-ncr
Hyundai,Hyundai VenueSX BSVI,2021,"37,535kms",Petrol,Manual,₹5.90 Lakh,delhi-ncr
Honda,Honda CityV MT,2016,"1,21,935kms",Petrol,Manual,₹4.50 Lakh,delhi-ncr
Tata,Tata PunchAdventure Rhythm,2022,"59,741kms",Petrol,Manual,₹5.28 Lakh,delhi-ncr
Mahindra,Mahindra KUV 100 NXTG80 K4 Plus 6Str,2016,"88,941kms",Petrol,Manual,₹2.69 Lakh,delhi-ncr
Renault,Renault KWID1.0 AMT RXT,2018,"64,189kms",Petrol,Automatic,₹2.56 Lakh,delhi-ncr
Hyundai,Hyundai Creta1.6 VTVT AT SX Plus,2017,"59,366kms",Petrol,Automatic,₹5.46 Lakh,delhi-ncr
Hyundai,Hyundai Xcent1.2 Kappa S Option,2014,"71,613kms",Petrol,Manual,₹1.98 Lakh,delhi-ncr
Hyundai,Hyundai Grand i10Asta,2014,"72,675kms",Petrol,Manual,₹2.44 Lakh,delhi-ncr
Maruti,Maruti CiazAlpha Automatic BSIV,2019,"85,255kms",Petrol,Automatic,₹5.24 Lakh,delhi-ncr
Tata,Tata TigorBuzz Petrol,2019,"43,277kms",Petrol,Manual,₹3.13 Lakh,delhi-ncr
Maruti,Maruti SwiftZXI AMT,2022,"32,607kms",Petrol,Automatic,₹5.73 Lakh,delhi-ncr
Hyundai,Hyundai Grand i101.2 Kappa Sportz BSIV,2016,"45,626kms",Petrol,Manual,₹3.66 Lakh,delhi-ncr
Renault,Renault KWID1.0 RXT Opt,2018,"75,719kms",Petrol,Manual,₹2.55 Lakh,delhi-ncr
Tata,Tata Tiago1.2 Revotron XT,2016,"42,612kms",Petrol,Manual,₹3.26 Lakh,delhi-ncr
Hyundai,Hyundai Grand i101.2 Kappa Sportz BSIV,2016,"56,098kms",Petrol,Manual,₹3.24 Lakh,delhi-ncr
Honda,Honda CityV MT,2023,"54,223kms",Petrol,Manual,₹10.42 Lakh,delhi-ncr
Jeep,Jeep Compass1.4 Sport,2021,"74,645kms",Petrol,Manual,₹10.60 Lakh,delhi-ncr
Maruti,Maruti Wagon RVXI,2015,"81,484kms",Petrol,Manual,₹2.63 Lakh,delhi-ncr
Maruti,Maruti Wagon RCNG LXI,2014,"80,321kms",CNG,Manual,₹2.44 Lakh,delhi-ncr
Toyota,Toyota GlanzaV,2021,"39,544kms",Petrol,Manual,₹4.79 Lakh,delhi-ncr
Hyundai,Hyundai VernaSX Diesel,2022,"53,236kms",Diesel,Manual,₹9.16 Lakh,delhi-ncr
Kia,Kia SeltosHTX G,2022,"38,780kms",Petrol,Manual,₹9.84 Lakh,delhi-ncr
Kia,Kia SeltosHTK Plus G,2020,"95,397kms",Petrol,Manual,₹6.43 Lakh,delhi-ncr
Maruti,Maruti Swift DzireVXI,2015,"60,805kms",Petrol,Manual,₹2.77 Lakh,delhi-ncr
Maruti,Maruti SwiftLXI Option,2015,"60,280kms",Petrol,Manual,₹3.05 Lakh,delhi-ncr
MG,MG HectorSharp DCT,2020,"21,627kms",Petrol,Automatic,₹8.84 Lakh,delhi-ncr
Maruti,Maruti SwiftVXI,2020,"94,422kms",Petrol,Manual,₹3.93 Lakh,delhi-ncr
Skoda,Skoda Slavia1.0 TSI Style,2022,"44,743kms",Petrol,Manual,₹10.12 Lakh,delhi-ncr
Honda,Honda Amaze 2nd GenS,2018,"46,777kms",Petrol,Manual,₹4.23 Lakh,delhi-ncr
Hyundai,Hyundai Grand i101.2 Kappa Sportz BSIV,2018,"38,379kms",Petrol,Manual,₹3.97 Lakh,delhi-ncr
MG,MG Hector PlusSharp CVT,2022,"57,165kms",Petrol,Automatic,₹10.94 Lakh,delhi-ncr
Maruti,Maruti SwiftLXI Optional-O,2017,"29,091kms",Petrol,Manual,₹2.87 Lakh,delhi-ncr
Honda,Honda Cityi VTEC CVT VX,2015,"78,070kms",Petrol,Automatic,₹3.62 Lakh,delhi-ncr
Maruti,Maruti Wagon RAMT VXI,2018,"22,259kms",Petrol,Automatic,₹2.58 Lakh,delhi-ncr
Honda,Honda AmazeS i-VTEC,2015,"81,491kms",Petrol,Manual,₹2.76 Lakh,delhi-ncr
Maruti,Maruti Grand VitaraAlpha AT,2022,"68,398kms",Petrol,Automatic,₹12.05 Lakh,delhi-ncr
Maruti,Maruti Wagon RLXI BSVI,2018,"20,816kms",Petrol,Manual,₹3.28 Lakh,delhi-ncr
Honda,Honda CityZX MT,2022,"59,691kms",Petrol,Manual,₹11.62 Lakh,delhi-ncr
Honda,Honda AmazeS i-VTEC,2014,"39,753kms",Petrol,Manual,₹3 Lakh,delhi-ncr
Maruti,Maruti Wagon RLXI CNG,2012,"83,972kms",CNG,Manual,₹2.12 Lakh,delhi-ncr
Hyundai,Hyundai VenueSX BSVI,2021,"37,535kms",Petrol,Manual,₹5.90 Lakh,delhi-ncr
Honda,Honda CityV MT,2016,"1,21,935kms",Petrol,Manual,₹4.50 Lakh,delhi-ncr
Tata,Tata PunchAdventure Rhythm,2022,"59,741kms",Petrol,Manual,₹5.28 Lakh,delhi-ncr
Mahindra,Mahindra KUV 100 NXTG80 K4 Plus 6Str,2016,"88,941kms",Petrol,Manual,₹2.69 Lakh,delhi-ncr
Renault,Renault KWID1.0 AMT RXT,2018,"64,189kms",Petrol,Automatic,₹2.56 Lakh,delhi-ncr
Hyundai,Hyundai Creta1.6 VTVT AT SX Plus,2017,"59,366kms",Petrol,Automatic,₹5.46 Lakh,delhi-ncr
Hyundai,Hyundai Xcent1.2 Kappa S Option,2014,"71,613kms",Petrol,Manual,₹1.98 Lakh,delhi-ncr
Hyundai,Hyundai Grand i10Asta,2014,"72,675kms",Petrol,Manual,₹2.44 Lakh,delhi-ncr
Maruti,Maruti CiazAlpha Automatic BSIV,2019,"85,255kms",Petrol,Automatic,₹5.24 Lakh,delhi-ncr
Tata,Tata TigorBuzz Petrol,2019,"43,277kms",Petrol,Manual,₹3.13 Lakh,delhi-ncr
Maruti,Maruti SwiftZXI AMT,2022,"32,607kms",Petrol,Automatic,₹5.73 Lakh,delhi-ncr
Hyundai,Hyundai Grand i101.2 Kappa Sportz BSIV,2016,"45,626kms",Petrol,Manual,₹3.66 Lakh,delhi-ncr
Renault,Renault KWID1.0 RXT Opt,2018,"75,719kms",Petrol,Manual,₹2.55 Lakh,delhi-ncr
Tata,Tata Tiago1.2 Revotron XT,2016,"42,612kms",Petrol,Manual,₹3.26 Lakh,delhi-ncr
Hyundai,Hyundai Grand i101.2 Kappa Sportz BSIV,2016,"56,098kms",Petrol,Manual,₹3.24 Lakh,delhi-ncr
Honda,Honda CityV MT,2023,"54,223kms",Petrol,Manual,₹10.42 Lakh,delhi-ncr
Jeep,Jeep Compass1.4 Sport,2021,"74,645kms",Petrol,Manual,₹10.60 Lakh,delhi-ncr
Maruti,Maruti Wagon RVXI,2015,"81,484kms",Petrol,Manual,₹2.63 Lakh,delhi-ncr
Maruti,Maruti Wagon RCNG LXI,2014,"80,321kms",CNG,Manual,₹2.44 Lakh,delhi-ncr
Toyota,Toyota GlanzaV,2021,"39,544kms",Petrol,Manual,₹4.79 Lakh,delhi-ncr
Hyundai,Hyundai VernaSX Diesel,2022,"53,236kms",Diesel,Manual,₹9.16 Lakh,delhi-ncr
Kia,Kia SeltosHTX G,2022,"38,780kms",Petrol,Manual,₹9.84 Lakh,delhi-ncr
Kia,Kia SeltosHTK Plus G,2020,"95,397kms",Petrol,Manual,₹6.43 Lakh,delhi-ncr
Maruti,Maruti Swift DzireVXI,2015,"60,805kms",Petrol,Manual,₹2.77 Lakh,delhi-ncr
Maruti,Maruti SwiftLXI Option,2015,"60,280kms",Petrol,Manual,₹3.05 Lakh,delhi-ncr
MG,MG HectorSharp DCT,2020,"21,627kms",Petrol,Automatic,₹8.84 Lakh,delhi-ncr
Maruti,Maruti SwiftVXI,2020,"94,422kms",Petrol,Manual,₹3.93 Lakh,delhi-ncr
Skoda,Skoda Slavia1.0 TSI Style,2022,"44,743kms",Petrol,Manual,₹10.12 Lakh,delhi-ncr
Honda,Honda Amaze 2nd GenS,2018,"46,777kms",Petrol,Manual,₹4.23 Lakh,delhi-ncr
Hyundai,Hyundai Grand i101.2 Kappa Sportz BSIV,2018,"38,379kms",Petrol,Manual,₹3.97 Lakh,delhi-ncr
MG,MG Hector PlusSharp CVT,2022,"57,165kms",Petrol,Automatic,₹10.94 Lakh,delhi-ncr
Maruti,Maruti SwiftLXI Optional-O,2017,"29,091kms",Petrol,Manual,₹2.87 Lakh,delhi-ncr
Honda,Honda Cityi VTEC CVT VX,2015,"78,070kms",Petrol,Automatic,₹3.62 Lakh,delhi-ncr
Maruti,Maruti Wagon RAMT VXI,2018,"22,259kms",Petrol,Automatic,₹2.58 Lakh,delhi-ncr
Honda,Honda AmazeS i-VTEC,2015,"81,491kms",Petrol,Manual,₹2.76 Lakh,delhi-ncr
Maruti,Maruti Grand VitaraAlpha AT,2022,"68,398kms",Petrol,Automatic,₹12.05 Lakh,delhi-ncr
Maruti,Maruti Wagon RLXI BSVI,2018,"20,816kms",Petrol,Manual,₹3.28 Lakh,delhi-ncr
Honda,Honda CityZX MT,2022,"59,691kms",Petrol,Manual,₹11.62 Lakh,delhi-ncr
Honda,Honda AmazeS i-VTEC,2014,"39,753kms",Petrol,Manual,₹3 Lakh,delhi-ncr
Maruti,Maruti Wagon RLXI CNG,2012,"83,972kms",CNG,Manual,₹2.12 Lakh,delhi-ncr
Hyundai,Hyundai VenueSX BSVI,2021,"37,535kms",Petrol,Manual,₹5.90 Lakh,delhi-ncr
Honda,Honda CityV MT,2016,"1,21,935kms",Petrol,Manual,₹4.50 Lakh,delhi-ncr
Tata,Tata PunchAdventure Rhythm,2022,"59,741kms",Petrol,Manual,₹5.28 Lakh,delhi-ncr
Mahindra,Mahindra KUV 100 NXTG80 K4 Plus 6Str,2016,"88,941kms",Petrol,Manual,₹2.69 Lakh,delhi-ncr
Renault,Renault KWID1.0 AMT RXT,2018,"64,189kms",Petrol,Automatic,₹2.56 Lakh,delhi-ncr
Hyundai,Hyundai Creta1.6 VTVT AT SX Plus,2017,"59,366kms",Petrol,Automatic,₹5.46 Lakh,delhi-ncr
Hyundai,Hyundai Xcent1.2 Kappa S Option,2014,"71,613kms",Petrol,Manual,₹1.98 Lakh,delhi-ncr
Hyundai,Hyundai Grand i10Asta,2014,"72,675kms",Petrol,Manual,₹2.44 Lakh,delhi-ncr
Maruti,Maruti CiazAlpha Automatic BSIV,2019,"85,255kms",Petrol,Automatic,₹5.24 Lakh,delhi-ncr
Tata,Tata TigorBuzz Petrol,2019,"43,277kms",Petrol,Manual,₹3.13 Lakh,delhi-ncr
Maruti,Maruti SwiftZXI AMT,2022,"32,607kms",Petrol,Automatic,₹5.73 Lakh,delhi-ncr
Hyundai,Hyundai Grand i101.2 Kappa Sportz BSIV,2016,"45,626kms",Petrol,Manual,₹3.66 Lakh,delhi-ncr
Renault,Renault KWID1.0 RXT Opt,2018,"75,719kms",Petrol,Manual,₹2.55 Lakh,delhi-ncr
Maruti,Maruti CiazDelta Diesel,2017,"61,518kms",Diesel,Automatic,₹4.51 Lakh,delhi-ncr
Tata,Tata AltrozXZ Diesel,2023,"38,148kms",Diesel,Manual,₹6.99 Lakh,delhi-ncr
Skoda,Skoda Kushaq1.0 TSI Style,2021,"59,540kms",Petrol,Manual,₹10.48 Lakh,delhi-ncr
Ford,Ford EcosportTitanium,2018,"74,147kms",Petrol,Manual,₹6.62 Lakh,delhi-ncr
Skoda,Skoda Kushaq1.0 TSI Style,2022,"31,366kms",Petrol,Manual,₹10.75 Lakh,delhi-ncr
Hyundai,Hyundai Grand i101.2 Kappa Sportz BSIV,2015,"67,048kms",Petrol,Manual,₹3.03 Lakh,delhi-ncr
Hyundai,Hyundai i20Magna 1.2,2014,"96,827kms",Petrol,Manual,₹3.14 Lakh,delhi-ncr
Ford,Ford EcosportTitanium Plus AT,2018,"1,16,893kms",Petrol,Automatic,₹4.91 Lakh,delhi-ncr
Hyundai,Hyundai VenueSX BSVI,2022,"52,997kms",Petrol,Manual,₹7.22 Lakh,delhi-ncr
Kia,Kia SeltosGTX Plus,2019,"65,618kms",Petrol,Manual,₹9.22 Lakh,delhi-ncr
Kia,Kia SeltosGTX Plus Diesel AT,2020,"1,03,165kms",Diesel,Automatic,₹11.32 Lakh,delhi-ncr
Honda,Honda CityZX MT,2020,"28,991kms",Petrol,Manual,₹8.69 Lakh,delhi-ncr
Kia,Kia SeltosGTX Plus DCT,2020,"1,17,888kms",Petrol,Automatic,₹9.97 Lakh,delhi-ncr
Tata,Tata Tiago1.2 Revotron XZ,2016,"89,207kms",Petrol,Manual,₹3.14 Lakh,delhi-ncr
Maruti,Maruti DzireVXI,2019,"1,20,485kms",Petrol,Manual,₹4.06 Lakh,delhi-ncr
Honda,Honda CityZX MT,2021,"1,11,510kms",Petrol,Manual,₹8.90 Lakh,delhi-ncr
MG,MG Hector2.0 Sharp Pro Diesel BSVI,2022,"40,580kms",Diesel,Manual,₹13.43 Lakh,delhi-ncr
Maruti,Maruti Grand VitaraZeta BSVI,2022,"23,746kms",Petrol,Manual,₹10.69 Lakh,delhi-ncr
Maruti,Maruti CiazPetrol,2018,"86,385kms",Diesel,Manual,₹5.15 Lakh,delhi-ncr
Renault,Renault DusterPetrol RXS CVT,2018,"1,19,487kms",Petrol,Automatic,₹4.66 Lakh,delhi-ncr
Maruti,Maruti Wagon RAMT VXI,2018,"22,259kms",Petrol,Automatic,₹2.58 Lakh,delhi-ncr
Honda,Honda AmazeS i-VTEC,2015,"81,491kms",Petrol,Manual,₹2.76 Lakh,delhi-ncr
Maruti,Maruti Grand VitaraAlpha AT,2022,"68,398kms",Petrol,Automatic,₹12.05 Lakh,delhi-ncr
Maruti,Maruti Wagon RLXI BSVI,2018,"20,816kms",Petrol,Manual,₹3.28 Lakh,delhi-ncr
Honda,Honda CityZX MT,2022,"59,691kms",Petrol,Manual,₹11.62 Lakh,delhi-ncr
Honda,Honda AmazeS i-VTEC,2014,"39,753kms",Petrol,Manual,₹3 Lakh,delhi-ncr
Maruti,Maruti Wagon RLXI CNG,2012,"83,972kms",CNG,Manual,₹2.12 Lakh,delhi-ncr
Hyundai,Hyundai VenueSX BSVI,2021,"37,535kms",Petrol,Manual,₹5.90 Lakh,delhi-ncr
Honda,Honda CityV MT,2016,"1,21,935kms",Petrol,Manual,₹4.50 Lakh,delhi-ncr
Tata,Tata PunchAdventure Rhythm,2022,"59,741kms",Petrol,Manual,₹5.28 Lakh,delhi-ncr
Mahindra,Mahindra KUV 100 NXTG80 K4 Plus 6Str,2016,"88,941kms",Petrol,Manual,₹2.69 Lakh,delhi-ncr
Renault,Renault KWID1.0 AMT RXT,2018,"64,189kms",Petrol,Automatic,₹2.56 Lakh,delhi-ncr
Hyundai,Hyundai Creta1.6 VTVT AT SX Plus,2017,"59,366kms",Petrol,Automatic,₹5.46 Lakh,delhi-ncr
Hyundai,Hyundai Xcent1.2 Kappa S Option,2014,"71,613kms",Petrol,Manual,₹1.98 Lakh,delhi-ncr
Hyundai,Hyundai Grand i10Asta,2014,"72,675kms",Petrol,Manual,₹2.44 Lakh,delhi-ncr
Maruti,Maruti CiazAlpha Automatic BSIV,2019,"85,255kms",Petrol,Automatic,₹5.24 Lakh,delhi-ncr
Tata,Tata TigorBuzz Petrol,2019,"43,277kms",Petrol,Manual,₹3.13 Lakh,delhi-ncr
Maruti,Maruti SwiftZXI AMT,2022,"32,607kms",Petrol,Automatic,₹5.73 Lakh,delhi-ncr
Hyundai,Hyundai Grand i101.2 Kappa Sportz BSIV,2016,"45,626kms",Petrol,Manual,₹3.66 Lakh,delhi-ncr
Renault,Renault KWID1.0 RXT Opt,2018,"75,719kms",Petrol,Manual,₹2.55 Lakh,delhi-ncr
Maruti,Maruti CiazDelta Diesel,2017,"61,518kms",Diesel,Automatic,₹4.51 Lakh,delhi-ncr
Tata,Tata AltrozXZ Diesel,2023,"38,148kms",Diesel,Manual,₹6.99 Lakh,delhi-ncr
Skoda,Skoda Kushaq1.0 TSI Style,2021,"59,540kms",Petrol,Manual,₹10.48 Lakh,delhi-ncr
Ford,Ford EcosportTitanium,2018,"74,147kms",Petrol,Manual,₹6.62 Lakh,delhi-ncr
Skoda,Skoda Kushaq1.0 TSI Style,2022,"31,366kms",Petrol,Manual,₹10.75 Lakh,delhi-ncr
Hyundai,Hyundai Grand i101.2 Kappa Sportz BSIV,2015,"67,048kms",Petrol,Manual,₹3.03 Lakh,delhi-ncr
Hyundai,Hyundai i20Magna 1.2,2014,"96,827kms",Petrol,Manual,₹3.14 Lakh,delhi-ncr
Ford,Ford EcosportTitanium Plus AT,2018,"1,16,893kms",Petrol,Automatic,₹4.91 Lakh,delhi-ncr
Hyundai,Hyundai VenueSX BSVI,2022,"52,997kms",Petrol,Manual,₹7.22 Lakh,delhi-ncr
Kia,Kia SeltosGTX Plus,2019,"65,618kms",Petrol,Manual,₹9.22 Lakh,delhi-ncr
Kia,Kia SeltosGTX Plus Diesel AT,2020,"1,03,165kms",Diesel,Automatic,₹11.32 Lakh,delhi-ncr
Honda,Honda CityZX MT,2020,"28,991kms",Petrol,Manual,₹8.69 Lakh,delhi-ncr
Kia,Kia SeltosGTX Plus DCT,2020,"1,17,888kms",Petrol,Automatic,₹9.97 Lakh,delhi-ncr
Tata,Tata Tiago1.2 Revotron XZ,2016,"89,207kms",Petrol,Manual,₹3.14 Lakh,delhi-ncr
Maruti,Maruti DzireVXI,2019,"1,20,485kms",Petrol,Manual,₹4.06 Lakh,delhi-ncr
Honda,Honda CityZX MT,2021,"1,11,510kms",Petrol,Manual,₹8.90 Lakh,delhi-ncr
MG,MG Hector2.0 Sharp Pro Diesel BSVI,2022,"40,580kms",Diesel,Manual,₹13.43 Lakh,delhi-ncr
Maruti,Maruti Grand VitaraZeta BSVI,2022,"23,746kms",Petrol,Manual,₹10.69 Lakh,delhi-ncr
Maruti,Maruti CiazPetrol,2018,"86,385kms",Diesel,Manual,₹5.15 Lakh,delhi-ncr
Renault,Renault DusterPetrol RXS CVT,2018,"1,19,487kms",Petrol,Automatic,₹4.66 Lakh,delhi-ncr
Tata,Tata Tiago1.2 Revotron XT,2016,"42,612kms",Petrol,Manual,₹3.26 Lakh,delhi-ncr
Hyundai,Hyundai Grand i101.2 Kappa Sportz BSIV,2016,"56,098kms",Petrol,Manual,₹3.24 Lakh,delhi-ncr
Honda,Honda CityV MT,2023,"54,223kms",Petrol,Manual,₹10.42 Lakh,delhi-ncr
Jeep,Jeep Compass1.4 Sport,2021,"74,645kms",Petrol,Manual,₹10.60 Lakh,delhi-ncr
Maruti,Maruti Wagon RVXI,2015,"81,484kms",Petrol,Manual,₹2.63 Lakh,delhi-ncr
Maruti,Maruti Wagon RCNG LXI,2014,"80,321kms",CNG,Manual,₹2.44 Lakh,delhi-ncr
Toyota,Toyota GlanzaV,2021,"39,544kms",Petrol,Manual,₹4.79 Lakh,delhi-ncr
Hyundai,Hyundai VernaSX Diesel,2022,"53,236kms",Diesel,Manual,₹9.16 Lakh,delhi-ncr
Kia,Kia SeltosHTX G,2022,"38,780kms",Petrol,Manual,₹9.84 Lakh,delhi-ncr
Kia,Kia SeltosHTK Plus G,2020,"95,397kms",Petrol,Manual,₹6.43 Lakh,delhi-ncr
Maruti,Maruti Swift DzireVXI,2015,"60,805kms",Petrol,Manual,₹2.77 Lakh,delhi-ncr
Maruti,Maruti SwiftLXI Option,2015,"60,280kms",Petrol,Manual,₹3.05 Lakh,delhi-ncr
MG,MG HectorSharp DCT,2020,"21,627kms",Petrol,Automatic,₹8.84 Lakh,delhi-ncr
Maruti,Maruti SwiftVXI,2020,"94,422kms",Petrol,Manual,₹3.93 Lakh,delhi-ncr
Skoda,Skoda Slavia1.0 TSI Style,2022,"44,743kms",Petrol,Manual,₹10.12 Lakh,delhi-ncr
Honda,Honda Amaze 2nd GenS,2018,"46,777kms",Petrol,Manual,₹4.23 Lakh,delhi-ncr
Hyundai,Hyundai Grand i101.2 Kappa Sportz BSIV,2018,"38,379kms",Petrol,Manual,₹3.97 Lakh,delhi-ncr
MG,MG Hector PlusSharp CVT,2022,"57,165kms",Petrol,Automatic,₹10.94 Lakh,delhi-ncr
Maruti,Maruti SwiftLXI Optional-O,2017,"29,091kms",Petrol,Manual,₹2.87 Lakh,delhi-ncr
Honda,Honda Cityi VTEC CVT VX,2015,"78,070kms",Petrol,Automatic,₹3.62 Lakh,delhi-ncr
Tata,Tata Tiago1.2 Revotron XT,2016,"42,612kms",Petrol,Manual,₹3.26 Lakh,delhi-ncr
Hyundai,Hyundai Grand i101.2 Kappa Sportz BSIV,2016,"56,098kms",Petrol,Manual,₹3.24 Lakh,delhi-ncr
Honda,Honda CityV MT,2023,"54,223kms",Petrol,Manual,₹10.42 Lakh,delhi-ncr
Jeep,Jeep Compass1.4 Sport,2021,"74,645kms",Petrol,Manual,₹10.60 Lakh,delhi-ncr
Maruti,Maruti Wagon RVXI,2015,"81,484kms",Petrol,Manual,₹2.63 Lakh,delhi-ncr
Maruti,Maruti Wagon RCNG LXI,2014,"80,321kms",CNG,Manual,₹2.44 Lakh,delhi-ncr
Toyota,Toyota GlanzaV,2021,"39,544kms",Petrol,Manual,₹4.79 Lakh,delhi-ncr
Hyundai,Hyundai VernaSX Diesel,2022,"53,236kms",Diesel,Manual,₹9.16 Lakh,delhi-ncr
Kia,Kia SeltosHTX G,2022,"38,780kms",Petrol,Manual,₹9.84 Lakh,delhi-ncr
Kia,Kia SeltosHTK Plus G,2020,"95,397kms",Petrol,Manual,₹6.43 Lakh,delhi-ncr
Maruti,Maruti Swift DzireVXI,2015,"60,805kms",Petrol,Manual,₹2.77 Lakh,delhi-ncr
Maruti,Maruti SwiftLXI Option,2015,"60,280kms",Petrol,Manual,₹3.05 Lakh,delhi-ncr
MG,MG HectorSharp DCT,2020,"21,627kms",Petrol,Automatic,₹8.84 Lakh,delhi-ncr
Maruti,Maruti SwiftVXI,2020,"94,422kms",Petrol,Manual,₹3.93 Lakh,delhi-ncr
Skoda,Skoda Slavia1.0 TSI Style,2022,"44,743kms",Petrol,Manual,₹10.12 Lakh,delhi-ncr
Honda,Honda Amaze 2nd GenS,2018,"46,777kms",Petrol,Manual,₹4.23 Lakh,delhi-ncr
Hyundai,Hyundai Grand i101.2 Kappa Sportz BSIV,2018,"38,379kms",Petrol,Manual,₹3.97 Lakh,delhi-ncr
MG,MG Hector PlusSharp CVT,2022,"57,165kms",Petrol,Automatic,₹10.94 Lakh,delhi-ncr
Maruti,Maruti SwiftLXI Optional-O,2017,"29,091kms",Petrol,Manual,₹2.87 Lakh,delhi-ncr
Honda,Honda Cityi VTEC CVT VX,2015,"78,070kms",Petrol,Automatic,₹3.62 Lakh,delhi-ncr
Maruti,Maruti CiazDelta Diesel,2017,"61,518kms",Diesel,Automatic,₹4.51 Lakh,delhi-ncr
Tata,Tata AltrozXZ Diesel,2023,"38,148kms",Diesel,Manual,₹6.99 Lakh,delhi-ncr
Skoda,Skoda Kushaq1.0 TSI Style,2021,"59,540kms",Petrol,Manual,₹10.48 Lakh,delhi-ncr
Ford,Ford EcosportTitanium,2018,"74,147kms",Petrol,Manual,₹6.62 Lakh,delhi-ncr
Skoda,Skoda Kushaq1.0 TSI Style,2022,"31,366kms",Petrol,Manual,₹10.75 Lakh,delhi-ncr
Hyundai,Hyundai Grand i101.2 Kappa Sportz BSIV,2015,"67,048kms",Petrol,Manual,₹3.03 Lakh,delhi-ncr
Hyundai,Hyundai i20Magna 1.2,2014,"96,827kms",Petrol,Manual,₹3.14 Lakh,delhi-ncr
Ford,Ford EcosportTitanium Plus AT,2018,"1,16,893kms",Petrol,Automatic,₹4.91 Lakh,delhi-ncr
Hyundai,Hyundai VenueSX BSVI,2022,"52,997kms",Petrol,Manual,₹7.22 Lakh,delhi-ncr
Kia,Kia SeltosGTX Plus,2019,"65,618kms",Petrol,Manual,₹9.22 Lakh,delhi-ncr
Kia,Kia SeltosGTX Plus Diesel AT,2020,"1,03,165kms",Diesel,Automatic,₹11.32 Lakh,delhi-ncr
Honda,Honda CityZX MT,2020,"28,991kms",Petrol,Manual,₹8.69 Lakh,delhi-ncr
Kia,Kia SeltosGTX Plus DCT,2020,"1,17,888kms",Petrol,Automatic,₹9.97 Lakh,delhi-ncr
Tata,Tata Tiago1.2 Revotron XZ,2016,"89,207kms",Petrol,Manual,₹3.14 Lakh,delhi-ncr
Maruti,Maruti DzireVXI,2019,"1,20,485kms",Petrol,Manual,₹4.06 Lakh,delhi-ncr
Honda,Honda CityZX MT,2021,"1,11,510kms",Petrol,Manual,₹8.90 Lakh,delhi-ncr
MG,MG Hector2.0 Sharp Pro Diesel BSVI,2022,"40,580kms",Diesel,Manual,₹13.43 Lakh,delhi-ncr
Maruti,Maruti Grand VitaraZeta BSVI,2022,"23,746kms",Petrol,Manual,₹10.69 Lakh,delhi-ncr
Maruti,Maruti CiazPetrol,2018,"86,385kms",Diesel,Manual,₹5.15 Lakh,delhi-ncr
Renault,Renault DusterPetrol RXS CVT,2018,"1,19,487kms",Petrol,Automatic,₹4.66 Lakh,delhi-ncr
Maruti,Maruti Wagon RAMT VXI,2018,"22,259kms",Petrol,Automatic,₹2.58 Lakh,delhi-ncr
Honda,Honda AmazeS i-VTEC,2015,"81,491kms",Petrol,Manual,₹2.76 Lakh,delhi-ncr
Maruti,Maruti Grand VitaraAlpha AT,2022,"68,398kms",Petrol,Automatic,₹12.05 Lakh,delhi-ncr
Maruti,Maruti Wagon RLXI BSVI,2018,"20,816kms",Petrol,Manual,₹3.28 Lakh,delhi-ncr
Honda,Honda CityZX MT,2022,"59,691kms",Petrol,Manual,₹11.62 Lakh,delhi-ncr
Honda,Honda AmazeS i-VTEC,2014,"39,753kms",Petrol,Manual,₹3 Lakh,delhi-ncr
Maruti,Maruti Wagon RLXI CNG,2012,"83,972kms",CNG,Manual,₹2.12 Lakh,delhi-ncr
Hyundai,Hyundai VenueSX BSVI,2021,"37,535kms",Petrol,Manual,₹5.90 Lakh,delhi-ncr
Honda,Honda CityV MT,2016,"1,21,935kms",Petrol,Manual,₹4.50 Lakh,delhi-ncr
Tata,Tata PunchAdventure Rhythm,2022,"59,741kms",Petrol,Manual,₹5.28 Lakh,delhi-ncr
Mahindra,Mahindra KUV 100 NXTG80 K4 Plus 6Str,2016,"88,941kms",Petrol,Manual,₹2.69 Lakh,delhi-ncr
Renault,Renault KWID1.0 AMT RXT,2018,"64,189kms",Petrol,Automatic,₹2.56 Lakh,delhi-ncr
Hyundai,Hyundai Creta1.6 VTVT AT SX Plus,2017,"59,366kms",Petrol,Automatic,₹5.46 Lakh,delhi-ncr
Hyundai,Hyundai Xcent1.2 Kappa S Option,2014,"71,613kms",Petrol,Manual,₹1.98 Lakh,delhi-ncr
Hyundai,Hyundai Grand i10Asta,2014,"72,675kms",Petrol,Manual,₹2.44 Lakh,delhi-ncr
Maruti,Maruti CiazAlpha Automatic BSIV,2019,"85,255kms",Petrol,Automatic,₹5.24 Lakh,delhi-ncr
Tata,Tata TigorBuzz Petrol,2019,"43,277kms",Petrol,Manual,₹3.13 Lakh,delhi-ncr
Maruti,Maruti SwiftZXI AMT,2022,"32,607kms",Petrol,Automatic,₹5.73 Lakh,delhi-ncr
Hyundai,Hyundai Grand i101.2 Kappa Sportz BSIV,2016,"45,626kms",Petrol,Manual,₹3.66 Lakh,delhi-ncr
Renault,Renault KWID1.0 RXT Opt,2018,"75,719kms",Petrol,Manual,₹2.55 Lakh,delhi-ncr
Maruti,Maruti Wagon RAMT VXI,2018,"22,259kms",Petrol,Automatic,₹2.58 Lakh,delhi-ncr
Honda,Honda AmazeS i-VTEC,2015,"81,491kms",Petrol,Manual,₹2.76 Lakh,delhi-ncr
Maruti,Maruti Grand VitaraAlpha AT,2022,"68,398kms",Petrol,Automatic,₹12.05 Lakh,delhi-ncr
Maruti,Maruti Wagon RLXI BSVI,2018,"20,816kms",Petrol,Manual,₹3.28 Lakh,delhi-ncr
Honda,Honda CityZX MT,2022,"59,691kms",Petrol,Manual,₹11.62 Lakh,delhi-ncr
Honda,Honda AmazeS i-VTEC,2014,"39,753kms",Petrol,Manual,₹3 Lakh,delhi-ncr
Maruti,Maruti Wagon RLXI CNG,2012,"83,972kms",CNG,Manual,₹2.12 Lakh,delhi-ncr
Hyundai,Hyundai VenueSX BSVI,2021,"37,535kms",Petrol,Manual,₹5.90 Lakh,delhi-ncr
Honda,Honda CityV MT,2016,"1,21,935kms",Petrol,Manual,₹4.50 Lakh,delhi-ncr
Tata,Tata PunchAdventure Rhythm,2022,"59,741kms",Petrol,Manual,₹5.28 Lakh,delhi-ncr
Mahindra,Mahindra KUV 100 NXTG80 K4 Plus 6Str,2016,"88,941kms",Petrol,Manual,₹2.69 Lakh,delhi-ncr
Renault,Renault KWID1.0 AMT RXT,2018,"64,189kms",Petrol,Automatic,₹2.56 Lakh,delhi-ncr
Hyundai,Hyundai Creta1.6 VTVT AT SX Plus,2017,"59,366kms",Petrol,Automatic,₹5.46 Lakh,delhi-ncr
Hyundai,Hyundai Xcent1.2 Kappa S Option,2014,"71,613kms",Petrol,Manual,₹1.98 Lakh,delhi-ncr
Hyundai,Hyundai Grand i10Asta,2014,"72,675kms",Petrol,Manual,₹2.44 Lakh,delhi-ncr
Maruti,Maruti CiazAlpha Automatic BSIV,2019,"85,255kms",Petrol,Automatic,₹5.24 Lakh,delhi-ncr
Tata,Tata TigorBuzz Petrol,2019,"43,277kms",Petrol,Manual,₹3.13 Lakh,delhi-ncr
Maruti,Maruti SwiftZXI AMT,2022,"32,607kms",Petrol,Automatic,₹5.73 Lakh,delhi-ncr
Hyundai,Hyundai Grand i101.2 Kappa Sportz BSIV,2016,"45,626kms",Petrol,Manual,₹3.66 Lakh,delhi-ncr
Renault,Renault KWID1.0 RXT Opt,2018,"75,719kms",Petrol,Manual,₹2.55 Lakh,delhi-ncr
Maruti,Maruti Wagon RAMT VXI,2018,"22,259kms",Petrol,Automatic,₹2.58 Lakh,delhi-ncr
Honda,Honda AmazeS i-VTEC,2015,"81,491kms",Petrol,Manual,₹2.76 Lakh,delhi-ncr
Maruti,Maruti Grand VitaraAlpha AT,2022,"68,398kms",Petrol,Automatic,₹12.05 Lakh,delhi-ncr
Maruti,Maruti Wagon RLXI BSVI,2018,"20,816kms",Petrol,Manual,₹3.28 Lakh,delhi-ncr
Honda,Honda CityZX MT,2022,"59,691kms",Petrol,Manual,₹11.62 Lakh,delhi-ncr
Honda,Honda AmazeS i-VTEC,2014,"39,753kms",Petrol,Manual,₹3 Lakh,delhi-ncr
Maruti,Maruti Wagon RLXI CNG,2012,"83,972kms",CNG,Manual,₹2.12 Lakh,delhi-ncr
Hyundai,Hyundai VenueSX BSVI,2021,"37,535kms",Petrol,Manual,₹5.90 Lakh,delhi-ncr
Honda,Honda CityV MT,2016,"1,21,935kms",Petrol,Manual,₹4.50 Lakh,delhi-ncr
Tata,Tata PunchAdventure Rhythm,2022,"59,741kms",Petrol,Manual,₹5.28 Lakh,delhi-ncr
Mahindra,Mahindra KUV 100 NXTG80 K4 Plus 6Str,2016,"88,941kms",Petrol,Manual,₹2.69 Lakh,delhi-ncr
Renault,Renault KWID1.0 AMT RXT,2018,"64,189kms",Petrol,Automatic,₹2.56 Lakh,delhi-ncr
Hyundai,Hyundai Creta1.6 VTVT AT SX Plus,2017,"59,366kms",Petrol,Automatic,₹5.46 Lakh,delhi-ncr
Hyundai,Hyundai Xcent1.2 Kappa S Option,2014,"71,613kms",Petrol,Manual,₹1.98 Lakh,delhi-ncr
Hyundai,Hyundai Grand i10Asta,2014,"72,675kms",Petrol,Manual,₹2.44 Lakh,delhi-ncr
Maruti,Maruti CiazAlpha Automatic BSIV,2019,"85,255kms",Petrol,Automatic,₹5.24 Lakh,delhi-ncr
Tata,Tata TigorBuzz Petrol,2019,"43,277kms",Petrol,Manual,₹3.13 Lakh,delhi-ncr
Maruti,Maruti SwiftZXI AMT,2022,"32,607kms",Petrol,Automatic,₹5.73 Lakh,delhi-ncr
Hyundai,Hyundai Grand i101.2 Kappa Sportz BSIV,2016,"45,626kms",Petrol,Manual,₹3.66 Lakh,delhi-ncr
Renault,Renault KWID1.0 RXT Opt,2018,"75,719kms",Petrol,Manual,₹2.55 Lakh,delhi-ncr
Tata,Tata Tiago1.2 Revotron XT,2016,"42,612kms",Petrol,Manual,₹3.26 Lakh,delhi-ncr
Hyundai,Hyundai Grand i101.2 Kappa Sportz BSIV,2016,"56,098kms",Petrol,Manual,₹3.24 Lakh,delhi-ncr
Honda,Honda CityV MT,2023,"54,223kms",Petrol,Manual,₹10.42 Lakh,delhi-ncr
Jeep,Jeep Compass1.4 Sport,2021,"74,645kms",Petrol,Manual,₹10.60 Lakh,delhi-ncr
Maruti,Maruti Wagon RVXI,2015,"81,484kms",Petrol,Manual,₹2.63 Lakh,delhi-ncr
Maruti,Maruti Wagon RCNG LXI,2014,"80,321kms",CNG,Manual,₹2.44 Lakh,delhi-ncr
Toyota,Toyota GlanzaV,2021,"39,544kms",Petrol,Manual,₹4.79 Lakh,delhi-ncr
Hyundai,Hyundai VernaSX Diesel,2022,"53,236kms",Diesel,Manual,₹9.16 Lakh,delhi-ncr
Kia,Kia SeltosHTX G,2022,"38,780kms",Petrol,Manual,₹9.84 Lakh,delhi-ncr
Kia,Kia SeltosHTK Plus G,2020,"95,397kms",Petrol,Manual,₹6.43 Lakh,delhi-ncr
Maruti,Maruti Swift DzireVXI,2015,"60,805kms",Petrol,Manual,₹2.77 Lakh,delhi-ncr
Maruti,Maruti SwiftLXI Option,2015,"60,280kms",Petrol,Manual,₹3.05 Lakh,delhi-ncr
MG,MG HectorSharp DCT,2020,"21,627kms",Petrol,Automatic,₹8.84 Lakh,delhi-ncr
Maruti,Maruti SwiftVXI,2020,"94,422kms",Petrol,Manual,₹3.93 Lakh,delhi-ncr
Skoda,Skoda Slavia1.0 TSI Style,2022,"44,743kms",Petrol,Manual,₹10.12 Lakh,delhi-ncr
Honda,Honda Amaze 2nd GenS,2018,"46,777kms",Petrol,Manual,₹4.23 Lakh,delhi-ncr
Hyundai,Hyundai Grand i101.2 Kappa Sportz BSIV,2018,"38,379kms",Petrol,Manual,₹3.97 Lakh,delhi-ncr
MG,MG Hector PlusSharp CVT,2022,"57,165kms",Petrol,Automatic,₹10.94 Lakh,delhi-ncr
Maruti,Maruti SwiftLXI Optional-O,2017,"29,091kms",Petrol,Manual,₹2.87 Lakh,delhi-ncr
Honda,Honda Cityi VTEC CVT VX,2015,"78,070kms",Petrol,Automatic,₹3.62 Lakh,delhi-ncr
Tata,Tata Tiago1.2 Revotron XT,2016,"42,612kms",Petrol,Manual,₹3.26 Lakh,delhi-ncr
Hyundai,Hyundai Grand i101.2 Kappa Sportz BSIV,2016,"56,098kms",Petrol,Manual,₹3.24 Lakh,delhi-ncr
Honda,Honda CityV MT,2023,"54,223kms",Petrol,Manual,₹10.42 Lakh,delhi-ncr
Jeep,Jeep Compass1.4 Sport,2021,"74,645kms",Petrol,Manual,₹10.60 Lakh,delhi-ncr
Maruti,Maruti Wagon RVXI,2015,"81,484kms",Petrol,Manual,₹2.63 Lakh,delhi-ncr
Maruti,Maruti Wagon RCNG LXI,2014,"80,321kms",CNG,Manual,₹2.44 Lakh,delhi-ncr
Toyota,Toyota GlanzaV,2021,"39,544kms",Petrol,Manual,₹4.79 Lakh,delhi-ncr
Hyundai,Hyundai VernaSX Diesel,2022,"53,236kms",Diesel,Manual,₹9.16 Lakh,delhi-ncr
Kia,Kia SeltosHTX G,2022,"38,780kms",Petrol,Manual,₹9.84 Lakh,delhi-ncr
Kia,Kia SeltosHTK Plus G,2020,"95,397kms",Petrol,Manual,₹6.43 Lakh,delhi-ncr
Maruti,Maruti Swift DzireVXI,2015,"60,805kms",Petrol,Manual,₹2.77 Lakh,delhi-ncr
Maruti,Maruti SwiftLXI Option,2015,"60,280kms",Petrol,Manual,₹3.05 Lakh,delhi-ncr
MG,MG HectorSharp DCT,2020,"21,627kms",Petrol,Automatic,₹8.84 Lakh,delhi-ncr
Maruti,Maruti SwiftVXI,2020,"94,422kms",Petrol,Manual,₹3.93 Lakh,delhi-ncr
Skoda,Skoda Slavia1.0 TSI Style,2022,"44,743kms",Petrol,Manual,₹10.12 Lakh,delhi-ncr
Honda,Honda Amaze 2nd GenS,2018,"46,777kms",Petrol,Manual,₹4.23 Lakh,delhi-ncr
Hyundai,Hyundai Grand i101.2 Kappa Sportz BSIV,2018,"38,379kms",Petrol,Manual,₹3.97 Lakh,delhi-ncr
MG,MG Hector PlusSharp CVT,2022,"57,165kms",Petrol,Automatic,₹10.94 Lakh,delhi-ncr
Maruti,Maruti SwiftLXI Optional-O,2017,"29,091kms",Petrol,Manual,₹2.87 Lakh,delhi-ncr
Honda,Honda Cityi VTEC CVT VX,2015,"78,070kms",Petrol,Automatic,₹3.62 Lakh,delhi-ncr
Tata,Tata Tiago1.2 Revotron XT,2016,"42,612kms",Petrol,Manual,₹3.26 Lakh,delhi-ncr
Hyundai,Hyundai Grand i101.2 Kappa Sportz BSIV,2016,"56,098kms",Petrol,Manual,₹3.24 Lakh,delhi-ncr
Honda,Honda CityV MT,2023,"54,223kms",Petrol,Manual,₹10.42 Lakh,delhi-ncr
Jeep,Jeep Compass1.4 Sport,2021,"74,645kms",Petrol,Manual,₹10.60 Lakh,delhi-ncr
Maruti,Maruti Wagon RVXI,2015,"81,484kms",Petrol,Manual,₹2.63 Lakh,delhi-ncr
Maruti,Maruti Wagon RCNG LXI,2014,"80,321kms",CNG,Manual,₹2.44 Lakh,delhi-ncr
Toyota,Toyota GlanzaV,2021,"39,544kms",Petrol,Manual,₹4.79 Lakh,delhi-ncr
Hyundai,Hyundai VernaSX Diesel,2022,"53,236kms",Diesel,Manual,₹9.16 Lakh,delhi-ncr
Kia,Kia SeltosHTX G,2022,"38,780kms",Petrol,Manual,₹9.84 Lakh,delhi-ncr
Kia,Kia SeltosHTK Plus G,2020,"95,397kms",Petrol,Manual,₹6.43 Lakh,delhi-ncr
Maruti,Maruti Swift DzireVXI,2015,"60,805kms",Petrol,Manual,₹2.77 Lakh,delhi-ncr
Maruti,Maruti SwiftLXI Option,2015,"60,280kms",Petrol,Manual,₹3.05 Lakh,delhi-ncr
MG,MG HectorSharp DCT,2020,"21,627kms",Petrol,Automatic,₹8.84 Lakh,delhi-ncr
Maruti,Maruti SwiftVXI,2020,"94,422kms",Petrol,Manual,₹3.93 Lakh,delhi-ncr
Skoda,Skoda Slavia1.0 TSI Style,2022,"44,743kms",Petrol,Manual,₹10.12 Lakh,delhi-ncr
Honda,Honda Amaze 2nd GenS,2018,"46,777kms",Petrol,Manual,₹4.23 Lakh,delhi-ncr
Hyundai,Hyundai Grand i101.2 Kappa Sportz BSIV,2018,"38,379kms",Petrol,Manual,₹3.97 Lakh,delhi-ncr
MG,MG Hector PlusSharp CVT,2022,"57,165kms",Petrol,Automatic,₹10.94 Lakh,delhi-ncr
Maruti,Maruti SwiftLXI Optional-O,2017,"29,091kms",Petrol,Manual,₹2.87 Lakh,delhi-ncr
Honda,Honda Cityi VTEC CVT VX,2015,"78,070kms",Petrol,Automatic,₹3.62 Lakh,delhi-ncr
Maruti,Maruti CiazDelta Diesel,2017,"61,518kms",Diesel,Automatic,₹4.51 Lakh,delhi-ncr
Tata,Tata AltrozXZ Diesel,2023,"38,148kms",Diesel,Manual,₹6.99 Lakh,delhi-ncr
Skoda,Skoda Kushaq1.0 TSI Style,2021,"59,540kms",Petrol,Manual,₹10.48 Lakh,delhi-ncr
Ford,Ford EcosportTitanium,2018,"74,147kms",Petrol,Manual,₹6.62 Lakh,delhi-ncr
Skoda,Skoda Kushaq1.0 TSI Style,2022,"31,366kms",Petrol,Manual,₹10.75 Lakh,delhi-ncr
Hyundai,Hyundai Grand i101.2 Kappa Sportz BSIV,2015,"67,048kms",Petrol,Manual,₹3.03 Lakh,delhi-ncr
Hyundai,Hyundai i20Magna 1.2,2014,"96,827kms",Petrol,Manual,₹3.14 Lakh,delhi-ncr
Ford,Ford EcosportTitanium Plus AT,2018,"1,16,893kms",Petrol,Automatic,₹4.91 Lakh,delhi-ncr
Hyundai,Hyundai VenueSX BSVI,2022,"52,997kms",Petrol,Manual,₹7.22 Lakh,delhi-ncr
Kia,Kia SeltosGTX Plus,2019,"65,618kms",Petrol,Manual,₹9.22 Lakh,delhi-ncr
Kia,Kia SeltosGTX Plus Diesel AT,2020,"1,03,165kms",Diesel,Automatic,₹11.32 Lakh,delhi-ncr
Honda,Honda CityZX MT,2020,"28,991kms",Petrol,Manual,₹8.69 Lakh,delhi-ncr
Kia,Kia SeltosGTX Plus DCT,2020,"1,17,888kms",Petrol,Automatic,₹9.97 Lakh,delhi-ncr
Tata,Tata Tiago1.2 Revotron XZ,2016,"89,207kms",Petrol,Manual,₹3.14 Lakh,delhi-ncr
Maruti,Maruti DzireVXI,2019,"1,20,485kms",Petrol,Manual,₹4.06 Lakh,delhi-ncr
Honda,Honda CityZX MT,2021,"1,11,510kms",Petrol,Manual,₹8.90 Lakh,delhi-ncr
MG,MG Hector2.0 Sharp Pro Diesel BSVI,2022,"40,580kms",Diesel,Manual,₹13.43 Lakh,delhi-ncr
Maruti,Maruti Grand VitaraZeta BSVI,2022,"23,746kms",Petrol,Manual,₹10.69 Lakh,delhi-ncr
Maruti,Maruti CiazPetrol,2018,"86,385kms",Diesel,Manual,₹5.15 Lakh,delhi-ncr
Renault,Renault DusterPetrol RXS CVT,2018,"1,19,487kms",Petrol,Automatic,₹4.66 Lakh,delhi-ncr
Honda,Honda AmazeS i-Vtech,2014,"35,055kms",Petrol,Manual,₹2.52 Lakh,delhi-ncr
Honda,Honda AmazeS Option i-VTEC,2017,"52,149kms",Petrol,Manual,₹3.05 Lakh,delhi-ncr
Hyundai,Hyundai AlcazarSignature 6Str Diesel AT,2021,"41,460kms",Diesel,Automatic,₹12.15 Lakh,delhi-ncr
Tata,Tata Nexon1.2 Revotron XE,2018,"72,470kms",Petrol,Manual,₹3.37 Lakh,delhi-ncr
MG,MG HectorSharp DCT,2020,"41,633kms",Petrol,Automatic,₹9.58 Lakh,delhi-ncr
Datsun,Datsun GOT Option,2020,"70,667kms",Petrol,Manual,₹2.39 Lakh,delhi-ncr
Hyundai,Hyundai VenueSX Plus Turbo DCT BSIV,2019,"42,736kms",Petrol,Automatic,₹6.38 Lakh,delhi-ncr
Tata,Tata TigorXM BSVI,2021,"37,084kms",Petrol,Manual,₹3.75 Lakh,delhi-ncr
Kia,Kia SeltosGTX Plus S Turbo DCT,2020,"43,210kms",Petrol,Automatic,₹11.53 Lakh,delhi-ncr
Mahindra,Mahindra TharLX Hard Top Diesel,2022,"32,561kms",Diesel,Manual,₹11.40 Lakh,delhi-ncr
Maruti,Maruti CiazZXi,2015,"76,085kms",Petrol,Manual,₹4.31 Lakh,delhi-ncr
Hyundai,Hyundai VenueSX Opt Turbo,2021,"75,961kms",Petrol,Manual,₹7.72 Lakh,delhi-ncr
Maruti,Maruti SwiftLXI Option,2016,"33,959kms",Petrol,Manual,₹3.30 Lakh,delhi-ncr
Hyundai,Hyundai VernaVTVT 1.6 AT SX Plus,2019,"62,444kms",Petrol,Automatic,₹8.53 Lakh,delhi-ncr
Kia,Kia SeltosGTX Plus,2019,"30,033kms",Petrol,Manual,₹9.45 Lakh,delhi-ncr
Kia,Kia SonetHTX Diesel Anniversary Edition,2022,"17,161kms",Diesel,Manual,₹7.37 Lakh,delhi-ncr
Maruti,Maruti Vitara BrezzaZXI Plus Dual Tone,2021,"82,149kms",Petrol,Manual,₹5.92 Lakh,delhi-ncr
Honda,Honda AmazeV Petrol BSIV,2020,"28,816kms",Petrol,Manual,₹4.54 Lakh,delhi-ncr
Renault,Renault KWID1.0 RXT AMT,2017,"41,041kms",Petrol,Automatic,₹2.58 Lakh,delhi-ncr
BMW,BMW X1sDrive20i SportX,2020,"43,114kms",Petrol,Automatic,₹23.13 Lakh,delhi-ncr
Hyundai,Hyundai VernaVTVT 1.6 AT SX Plus,2019,"62,444kms",Petrol,Automatic,₹8.53 Lakh,delhi-ncr
Kia,Kia SeltosGTX Plus,2019,"30,033kms",Petrol,Manual,₹9.45 Lakh,delhi-ncr
Kia,Kia SonetHTX Diesel Anniversary Edition,2022,"17,161kms",Diesel,Manual,₹7.37 Lakh,delhi-ncr
Maruti,Maruti Vitara BrezzaZXI Plus Dual Tone,2021,"82,149kms",Petrol,Manual,₹5.92 Lakh,delhi-ncr
Honda,Honda AmazeV Petrol BSIV,2020,"28,816kms",Petrol,Manual,₹4.54 Lakh,delhi-ncr
MG,MG HectorSharp DCT,2019,"46,523kms",Petrol,Automatic,₹10.94 Lakh,delhi-ncr
Hyundai,Hyundai VenueSX Opt Turbo DCT Special Edition,2022,"41,082kms",Petrol,Automatic,₹9.34 Lakh,delhi-ncr
Hyundai,Hyundai Grand i10Magna,2013,"75,236kms",Petrol,Manual,₹1.44 Lakh,delhi-ncr
Hyundai,Hyundai TucsonGLS Diesel AT,2017,"65,027kms",Diesel,Automatic,₹10.08 Lakh,delhi-ncr
Hyundai,Hyundai Xcent1.2 Kappa S,2015,"40,327kms",Petrol,Manual,₹2.46 Lakh,delhi-ncr
MG,MG HectorSharp DCT,2021,"55,082kms",Petrol,Automatic,₹9.23 Lakh,delhi-ncr
Maruti,Maruti Ciaz1.4 Alpha,2019,"64,240kms",Petrol,Manual,₹5.92 Lakh,delhi-ncr
Maruti,Maruti Ciaz1.4 Zeta,2022,"98,339kms",Petrol,Manual,₹6.85 Lakh,delhi-ncr
Maruti,Maruti Swift DzireVXI AT,2022,"1,09,864kms",Petrol,Automatic,₹4.89 Lakh,delhi-ncr
Hyundai,Hyundai VernaSX,2021,"37,722kms",Petrol,Manual,₹7.80 Lakh,delhi-ncr
Hyundai,Hyundai Grand i10Sportz,2015,"38,574kms",Petrol,Manual,₹2.69 Lakh,delhi-ncr
Maruti,Maruti CiazAT ZXi,2016,"36,932kms",Petrol,Automatic,₹4.69 Lakh,delhi-ncr
Maruti,Maruti CiazPetrol,2017,"54,261kms",Diesel,Manual,₹5.67 Lakh,delhi-ncr
Maruti,Maruti CiazPetrol,2017,"83,975kms",Diesel,Manual,₹5.09 Lakh,delhi-ncr
Maruti,Maruti SwiftVXI,2021,"77,819kms",Petrol,Manual,₹4.11 Lakh,delhi-ncr
Tata,Tata NexonXZ Plus BSVI,2021,"90,829kms",Petrol,Manual,₹5.60 Lakh,delhi-ncr
Maruti,Maruti BalenoZeta AMT,2017,"71,861kms",Petrol,Automatic,₹3.93 Lakh,delhi-ncr
Maruti,Maruti BalenoDelta Diesel,2016,"74,248kms",Diesel,Manual,₹3.91 Lakh,delhi-ncr
Honda,Honda CityZX CVT,2017,"53,303kms",Petrol,Automatic,₹6.59 Lakh,delhi-ncr
Hyundai,Hyundai i20Asta 1.2,2024,"13,505kms",Petrol,Manual,₹9.38 Lakh,delhi-ncr
Toyota,Toyota Corolla AltisPetrol LE,2016,"1,11,583kms",Petrol,Manual,₹6.74 Lakh,delhi-ncr
Hyundai,Hyundai Grand i10 NiosSportz,2023,"5,230kms",Petrol,Manual,₹6.22 Lakh,delhi-ncr
Maruti,Maruti Ciaz1.4 Zeta,2022,"42,776kms",Petrol,Manual,₹7.57 Lakh,delhi-ncr
Maruti,Maruti Ciaz1.4 Alpha,2019,"61,358kms",Petrol,Manual,₹6.06 Lakh,delhi-ncr
Maruti,Maruti Grand VitaraDelta,2024,"23,538kms",Petrol,Manual,₹9.64 Lakh,delhi-ncr
Maruti,Maruti Vitara BrezzaVXI,2022,"3,406kms",Petrol,Manual,₹7.56 Lakh,delhi-ncr
Honda,Honda AmazeV CVT,2020,"46,435kms",Petrol,Automatic,₹6.10 Lakh,delhi-ncr
Toyota,Toyota GlanzaV AMT,2022,"53,804kms",Petrol,Automatic,₹6.76 Lakh,delhi-ncr
Honda,Honda JazzZX,2021,"34,594kms",Petrol,Manual,₹6.74 Lakh,delhi-ncr
Maruti,Maruti Alto K10VXI,2015,"63,000kms",Petrol,Manual,₹2.45 Lakh,delhi-ncr
MG,MG HectorSharp DCT,2020,"72,067kms",Petrol,Automatic,₹9.76 Lakh,delhi-ncr
Maruti,Maruti CiazSigma BSIV,2018,"45,657kms",Petrol,Manual,₹4.26 Lakh,delhi-ncr
Maruti,Maruti SwiftVXI,2014,"77,371kms",Petrol,Manual,₹2.84 Lakh,delhi-ncr
Hyundai,Hyundai Grand i101.2 Kappa Magna BSIV,2014,"95,675kms",Petrol,Manual,₹2.71 Lakh,delhi-ncr
Maruti,Maruti SwiftVXI,2021,"21,764kms",Petrol,Manual,₹5.17 Lakh,delhi-ncr
Tata,Tata NexonXZ Plus BSVI,2021,"90,829kms",Petrol,Manual,₹5.60 Lakh,delhi-ncr
Maruti,Maruti BalenoZeta AMT,2017,"71,861kms",Petrol,Automatic,₹3.93 Lakh,delhi-ncr
Maruti,Maruti BalenoDelta Diesel,2016,"74,248kms",Diesel,Manual,₹3.91 Lakh,delhi-ncr
Honda,Honda CityZX CVT,2017,"53,303kms",Petrol,Automatic,₹6.59 Lakh,delhi-ncr
Hyundai,Hyundai Grand i10 NiosSportz,2023,"5,230kms",Petrol,Manual,₹6.22 Lakh,delhi-ncr
Maruti,Maruti Ciaz1.4 Zeta,2022,"42,776kms",Petrol,Manual,₹7.57 Lakh,delhi-ncr
Honda,Honda AmazeV CVT,2020,"46,435kms",Petrol,Automatic,₹6.10 Lakh,delhi-ncr
Toyota,Toyota GlanzaV AMT,2022,"53,804kms",Petrol,Automatic,₹6.76 Lakh,delhi-ncr
Honda,Honda JazzZX,2021,"34,594kms",Petrol,Manual,₹6.74 Lakh,delhi-ncr
Maruti,Maruti Ciaz1.4 Alpha,2019,"61,358kms",Petrol,Manual,₹6.06 Lakh,delhi-ncr
Maruti,Maruti Grand VitaraDelta,2024,"23,538kms",Petrol,Manual,₹9.64 Lakh,delhi-ncr
Maruti,Maruti Vitara BrezzaVXI,2022,"3,406kms",Petrol,Manual,₹7.56 Lakh,delhi-ncr
Hyundai,Hyundai i20Asta 1.2,2024,"13,505kms",Petrol,Manual,₹9.38 Lakh,delhi-ncr
Toyota,Toyota Corolla AltisPetrol LE,2016,"1,11,583kms",Petrol,Manual,₹6.74 Lakh,delhi-ncr
Maruti,Maruti Alto K10VXI,2015,"63,000kms",Petrol,Manual,₹2.45 Lakh,delhi-ncr
MG,MG HectorSharp DCT,2020,"72,067kms",Petrol,Automatic,₹9.76 Lakh,delhi-ncr
Maruti,Maruti CiazSigma BSIV,2018,"45,657kms",Petrol,Manual,₹4.26 Lakh,delhi-ncr
Maruti,Maruti SwiftVXI,2014,"77,371kms",Petrol,Manual,₹2.84 Lakh,delhi-ncr
Hyundai,Hyundai Grand i101.2 Kappa Magna BSIV,2014,"95,675kms",Petrol,Manual,₹2.71 Lakh,delhi-ncr
Maruti,Maruti SwiftVXI,2021,"21,764kms",Petrol,Manual,₹5.17 Lakh,delhi-ncr
Tata,Tata NexonXZ Plus BSVI,2021,"90,829kms",Petrol,Manual,₹5.60 Lakh,delhi-ncr
Maruti,Maruti BalenoZeta AMT,2017,"71,861kms",Petrol,Automatic,₹3.93 Lakh,delhi-ncr
Maruti,Maruti BalenoDelta Diesel,2016,"74,248kms",Diesel,Manual,₹3.91 Lakh,delhi-ncr
Honda,Honda CityZX CVT,2017,"53,303kms",Petrol,Automatic,₹6.59 Lakh,delhi-ncr
Hyundai,Hyundai i20Asta 1.2,2024,"13,505kms",Petrol,Manual,₹9.38 Lakh,delhi-ncr
Toyota,Toyota Corolla AltisPetrol LE,2016,"1,11,583kms",Petrol,Manual,₹6.74 Lakh,delhi-ncr
Hyundai,Hyundai Grand i10 NiosSportz,2023,"5,230kms",Petrol,Manual,₹6.22 Lakh,delhi-ncr
Maruti,Maruti Ciaz1.4 Zeta,2022,"42,776kms",Petrol,Manual,₹7.57 Lakh,delhi-ncr
Maruti,Maruti Ciaz1.4 Alpha,2019,"61,358kms",Petrol,Manual,₹6.06 Lakh,delhi-ncr
Maruti,Maruti Grand VitaraDelta,2024,"23,538kms",Petrol,Manual,₹9.64 Lakh,delhi-ncr
Maruti,Maruti Vitara BrezzaVXI,2022,"3,406kms",Petrol,Manual,₹7.56 Lakh,delhi-ncr
Honda,Honda AmazeV CVT,2020,"46,435kms",Petrol,Automatic,₹6.10 Lakh,delhi-ncr
Toyota,Toyota GlanzaV AMT,2022,"53,804kms",Petrol,Automatic,₹6.76 Lakh,delhi-ncr
Honda,Honda JazzZX,2021,"34,594kms",Petrol,Manual,₹6.74 Lakh,delhi-ncr
Maruti,Maruti Alto K10VXI,2015,"63,000kms",Petrol,Manual,₹2.45 Lakh,delhi-ncr
MG,MG HectorSharp DCT,2020,"72,067kms",Petrol,Automatic,₹9.76 Lakh,delhi-ncr
Maruti,Maruti CiazSigma BSIV,2018,"45,657kms",Petrol,Manual,₹4.26 Lakh,delhi-ncr
Maruti,Maruti SwiftVXI,2014,"77,371kms",Petrol,Manual,₹2.84 Lakh,delhi-ncr
Hyundai,Hyundai Grand i101.2 Kappa Magna BSIV,2014,"95,675kms",Petrol,Manual,₹2.71 Lakh,delhi-ncr
Maruti,Maruti SwiftVXI,2021,"21,764kms",Petrol,Manual,₹5.17 Lakh,delhi-ncr
Tata,Tata NexonXZ Plus BSVI,2021,"90,829kms",Petrol,Manual,₹5.60 Lakh,delhi-ncr
Maruti,Maruti BalenoZeta AMT,2017,"71,861kms",Petrol,Automatic,₹3.93 Lakh,delhi-ncr
Maruti,Maruti BalenoDelta Diesel,2016,"74,248kms",Diesel,Manual,₹3.91 Lakh,delhi-ncr
Honda,Honda CityZX CVT,2017,"53,303kms",Petrol,Automatic,₹6.59 Lakh,delhi-ncr
Hyundai,Hyundai Grand i10 NiosSportz,2023,"5,230kms",Petrol,Manual,₹6.22 Lakh,delhi-ncr
Maruti,Maruti Ciaz1.4 Zeta,2022,"42,776kms",Petrol,Manual,₹7.57 Lakh,delhi-ncr
Maruti,Maruti Ciaz1.4 Alpha,2019,"61,358kms",Petrol,Manual,₹6.06 Lakh,delhi-ncr
Maruti,Maruti Grand VitaraDelta,2024,"23,538kms",Petrol,Manual,₹9.64 Lakh,delhi-ncr
Maruti,Maruti Vitara BrezzaVXI,2022,"3,406kms",Petrol,Manual,₹7.56 Lakh,delhi-ncr
Hyundai,Hyundai i20Asta 1.2,2024,"13,505kms",Petrol,Manual,₹9.38 Lakh,delhi-ncr
Toyota,Toyota Corolla AltisPetrol LE,2016,"1,11,583kms",Petrol,Manual,₹6.74 Lakh,delhi-ncr
Honda,Honda JazzZX,2021,"34,594kms",Petrol,Manual,₹6.74 Lakh,delhi-ncr
Honda,Honda AmazeV CVT,2020,"46,435kms",Petrol,Automatic,₹6.10 Lakh,delhi-ncr
Toyota,Toyota GlanzaV AMT,2022,"53,804kms",Petrol,Automatic,₹6.76 Lakh,delhi-ncr
Maruti,Maruti Alto K10VXI,2015,"63,000kms",Petrol,Manual,₹2.45 Lakh,delhi-ncr
MG,MG HectorSharp DCT,2020,"72,067kms",Petrol,Automatic,₹9.76 Lakh,delhi-ncr
Maruti,Maruti CiazSigma BSIV,2018,"45,657kms",Petrol,Manual,₹4.26 Lakh,delhi-ncr
Maruti,Maruti SwiftVXI,2014,"77,371kms",Petrol,Manual,₹2.84 Lakh,delhi-ncr
Hyundai,Hyundai Grand i101.2 Kappa Magna BSIV,2014,"95,675kms",Petrol,Manual,₹2.71 Lakh,delhi-ncr
Maruti,Maruti SwiftVXI,2021,"21,764kms",Petrol,Manual,₹5.17 Lakh,delhi-ncr
Tata,Tata NexonXZ Plus BSVI,2021,"90,829kms",Petrol,Manual,₹5.60 Lakh,delhi-ncr
Maruti,Maruti BalenoZeta AMT,2017,"71,861kms",Petrol,Automatic,₹3.93 Lakh,delhi-ncr
Maruti,Maruti BalenoDelta Diesel,2016,"74,248kms",Diesel,Manual,₹3.91 Lakh,delhi-ncr
Honda,Honda CityZX CVT,2017,"53,303kms",Petrol,Automatic,₹6.59 Lakh,delhi-ncr
Hyundai,Hyundai i20Asta 1.2,2024,"13,505kms",Petrol,Manual,₹9.38 Lakh,delhi-ncr
Toyota,Toyota Corolla AltisPetrol LE,2016,"1,11,583kms",Petrol,Manual,₹6.74 Lakh,delhi-ncr
Hyundai,Hyundai Grand i10 NiosSportz,2023,"5,230kms",Petrol,Manual,₹6.22 Lakh,delhi-ncr
Maruti,Maruti Ciaz1.4 Zeta,2022,"42,776kms",Petrol,Manual,₹7.57 Lakh,delhi-ncr
Honda,Honda AmazeV CVT,2020,"46,435kms",Petrol,Automatic,₹6.10 Lakh,delhi-ncr
Toyota,Toyota GlanzaV AMT,2022,"53,804kms",Petrol,Automatic,₹6.76 Lakh,delhi-ncr
Honda,Honda JazzZX,2021,"34,594kms",Petrol,Manual,₹6.74 Lakh,delhi-ncr
Maruti,Maruti Ciaz1.4 Alpha,2019,"61,358kms",Petrol,Manual,₹6.06 Lakh,delhi-ncr
Maruti,Maruti Grand VitaraDelta,2024,"23,538kms",Petrol,Manual,₹9.64 Lakh,delhi-ncr
Maruti,Maruti Vitara BrezzaVXI,2022,"3,406kms",Petrol,Manual,₹7.56 Lakh,delhi-ncr
Maruti,Maruti Alto K10VXI,2015,"63,000kms",Petrol,Manual,₹2.45 Lakh,delhi-ncr
MG,MG HectorSharp DCT,2020,"72,067kms",Petrol,Automatic,₹9.76 Lakh,delhi-ncr
Maruti,Maruti CiazSigma BSIV,2018,"45,657kms",Petrol,Manual,₹4.26 Lakh,delhi-ncr
Maruti,Maruti SwiftVXI,2014,"77,371kms",Petrol,Manual,₹2.84 Lakh,delhi-ncr
Hyundai,Hyundai Grand i101.2 Kappa Magna BSIV,2014,"95,675kms",Petrol,Manual,₹2.71 Lakh,delhi-ncr
Maruti,Maruti SwiftVXI,2021,"21,764kms",Petrol,Manual,₹5.17 Lakh,delhi-ncr
Tata,Tata NexonXZ Plus BSVI,2021,"90,829kms",Petrol,Manual,₹5.60 Lakh,delhi-ncr
Maruti,Maruti BalenoZeta AMT,2017,"71,861kms",Petrol,Automatic,₹3.93 Lakh,delhi-ncr
Maruti,Maruti BalenoDelta Diesel,2016,"74,248kms",Diesel,Manual,₹3.91 Lakh,delhi-ncr
Honda,Honda CityZX CVT,2017,"53,303kms",Petrol,Automatic,₹6.59 Lakh,delhi-ncr
Hyundai,Hyundai i20Asta 1.2,2024,"13,505kms",Petrol,Manual,₹9.38 Lakh,delhi-ncr
Toyota,Toyota Corolla AltisPetrol LE,2016,"1,11,583kms",Petrol,Manual,₹6.74 Lakh,delhi-ncr
Hyundai,Hyundai Grand i10 NiosSportz,2023,"5,230kms",Petrol,Manual,₹6.22 Lakh,delhi-ncr
Maruti,Maruti Ciaz1.4 Zeta,2022,"42,776kms",Petrol,Manual,₹7.57 Lakh,delhi-ncr
Maruti,Maruti Ciaz1.4 Alpha,2019,"61,358kms",Petrol,Manual,₹6.06 Lakh,delhi-ncr
Maruti,Maruti Grand VitaraDelta,2024,"23,538kms",Petrol,Manual,₹9.64 Lakh,delhi-ncr
Maruti,Maruti Vitara BrezzaVXI,2022,"3,406kms",Petrol,Manual,₹7.56 Lakh,delhi-ncr
Honda,Honda AmazeV CVT,2020,"46,435kms",Petrol,Automatic,₹6.10 Lakh,delhi-ncr
Toyota,Toyota GlanzaV AMT,2022,"53,804kms",Petrol,Automatic,₹6.76 Lakh,delhi-ncr
Honda,Honda JazzZX,2021,"34,594kms",Petrol,Manual,₹6.74 Lakh,delhi-ncr
Maruti,Maruti Alto K10VXI,2015,"63,000kms",Petrol,Manual,₹2.45 Lakh,delhi-ncr
MG,MG HectorSharp DCT,2020,"72,067kms",Petrol,Automatic,₹9.76 Lakh,delhi-ncr
Maruti,Maruti CiazSigma BSIV,2018,"45,657kms",Petrol,Manual,₹4.26 Lakh,delhi-ncr
Maruti,Maruti SwiftVXI,2014,"77,371kms",Petrol,Manual,₹2.84 Lakh,delhi-ncr
Hyundai,Hyundai Grand i101.2 Kappa Magna BSIV,2014,"95,675kms",Petrol,Manual,₹2.71 Lakh,delhi-ncr
Maruti,Maruti SwiftVXI,2021,"21,764kms",Petrol,Manual,₹5.17 Lakh,delhi-ncr
Tata,Tata NexonXZ Plus BSVI,2021,"90,829kms",Petrol,Manual,₹5.60 Lakh,delhi-ncr
Maruti,Maruti BalenoZeta AMT,2017,"71,861kms",Petrol,Automatic,₹3.93 Lakh,delhi-ncr
Maruti,Maruti BalenoDelta Diesel,2016,"74,248kms",Diesel,Manual,₹3.91 Lakh,delhi-ncr
Honda,Honda CityZX CVT,2017,"53,303kms",Petrol,Automatic,₹6.59 Lakh,delhi-ncr
Hyundai,Hyundai i20Asta 1.2,2024,"13,505kms",Petrol,Manual,₹9.38 Lakh,delhi-ncr
Toyota,Toyota Corolla AltisPetrol LE,2016,"1,11,583kms",Petrol,Manual,₹6.74 Lakh,delhi-ncr
Hyundai,Hyundai Grand i10 NiosSportz,2023,"5,230kms",Petrol,Manual,₹6.22 Lakh,delhi-ncr
Maruti,Maruti Ciaz1.4 Zeta,2022,"42,776kms",Petrol,Manual,₹7.57 Lakh,delhi-ncr
Honda,Honda AmazeV CVT,2020,"46,435kms",Petrol,Automatic,₹6.10 Lakh,delhi-ncr
Toyota,Toyota GlanzaV AMT,2022,"53,804kms",Petrol,Automatic,₹6.76 Lakh,delhi-ncr
Honda,Honda JazzZX,2021,"34,594kms",Petrol,Manual,₹6.74 Lakh,delhi-ncr
Maruti,Maruti Ciaz1.4 Alpha,2019,"61,358kms",Petrol,Manual,₹6.06 Lakh,delhi-ncr
Maruti,Maruti Grand VitaraDelta,2024,"23,538kms",Petrol,Manual,₹9.64 Lakh,delhi-ncr
Maruti,Maruti Vitara BrezzaVXI,2022,"3,406kms",Petrol,Manual,₹7.56 Lakh,delhi-ncr
Maruti,Maruti Alto K10VXI,2015,"63,000kms",Petrol,Manual,₹2.45 Lakh,delhi-ncr
MG,MG HectorSharp DCT,2020,"72,067kms",Petrol,Automatic,₹9.76 Lakh,delhi-ncr
Maruti,Maruti CiazSigma BSIV,2018,"45,657kms",Petrol,Manual,₹4.26 Lakh,delhi-ncr
Maruti,Maruti SwiftVXI,2014,"77,371kms",Petrol,Manual,₹2.84 Lakh,delhi-ncr
Hyundai,Hyundai Grand i101.2 Kappa Magna BSIV,2014,"95,675kms",Petrol,Manual,₹2.71 Lakh,delhi-ncr
Maruti,Maruti SwiftVXI,2021,"21,764kms",Petrol,Manual,₹5.17 Lakh,delhi-ncr
Tata,Tata NexonXZ Plus BSVI,2021,"90,829kms",Petrol,Manual,₹5.60 Lakh,delhi-ncr
Maruti,Maruti BalenoZeta AMT,2017,"71,861kms",Petrol,Automatic,₹3.93 Lakh,delhi-ncr
Maruti,Maruti BalenoDelta Diesel,2016,"74,248kms",Diesel,Manual,₹3.91 Lakh,delhi-ncr
Honda,Honda CityZX CVT,2017,"53,303kms",Petrol,Automatic,₹6.59 Lakh,delhi-ncr
Hyundai,Hyundai i20Asta 1.2,2024,"13,505kms",Petrol,Manual,₹9.38 Lakh,delhi-ncr
Toyota,Toyota Corolla AltisPetrol LE,2016,"1,11,583kms",Petrol,Manual,₹6.74 Lakh,delhi-ncr
Hyundai,Hyundai Grand i10 NiosSportz,2023,"5,230kms",Petrol,Manual,₹6.22 Lakh,delhi-ncr
Maruti,Maruti Ciaz1.4 Zeta,2022,"42,776kms",Petrol,Manual,₹7.57 Lakh,delhi-ncr
Honda,Honda AmazeV CVT,2020,"46,435kms",Petrol,Automatic,₹6.10 Lakh,delhi-ncr
Toyota,Toyota GlanzaV AMT,2022,"53,804kms",Petrol,Automatic,₹6.76 Lakh,delhi-ncr
Honda,Honda JazzZX,2021,"34,594kms",Petrol,Manual,₹6.74 Lakh,delhi-ncr
Maruti,Maruti Ciaz1.4 Alpha,2019,"61,358kms",Petrol,Manual,₹6.06 Lakh,delhi-ncr
Maruti,Maruti Grand VitaraDelta,2024,"23,538kms",Petrol,Manual,₹9.64 Lakh,delhi-ncr
Maruti,Maruti Vitara BrezzaVXI,2022,"3,406kms",Petrol,Manual,₹7.56 Lakh,delhi-ncr
Maruti,Maruti Alto K10VXI,2015,"63,000kms",Petrol,Manual,₹2.45 Lakh,delhi-ncr
MG,MG HectorSharp DCT,2020,"72,067kms",Petrol,Automatic,₹9.76 Lakh,delhi-ncr
Maruti,Maruti CiazSigma BSIV,2018,"45,657kms",Petrol,Manual,₹4.26 Lakh,delhi-ncr
Maruti,Maruti SwiftVXI,2014,"77,371kms",Petrol,Manual,₹2.84 Lakh,delhi-ncr
Hyundai,Hyundai Grand i101.2 Kappa Magna BSIV,2014,"95,675kms",Petrol,Manual,₹2.71 Lakh,delhi-ncr
Maruti,Maruti SwiftVXI,2021,"21,764kms",Petrol,Manual,₹5.17 Lakh,delhi-ncr
Tata,Tata NexonXZ Plus BSVI,2021,"90,829kms",Petrol,Manual,₹5.60 Lakh,delhi-ncr
Maruti,Maruti BalenoZeta AMT,2017,"71,861kms",Petrol,Automatic,₹3.93 Lakh,delhi-ncr
Maruti,Maruti BalenoDelta Diesel,2016,"74,248kms",Diesel,Manual,₹3.91 Lakh,delhi-ncr
Honda,Honda CityZX CVT,2017,"53,303kms",Petrol,Automatic,₹6.59 Lakh,delhi-ncr
Hyundai,Hyundai Grand i10 NiosSportz,2023,"5,230kms",Petrol,Manual,₹6.22 Lakh,delhi-ncr
Maruti,Maruti Ciaz1.4 Zeta,2022,"42,776kms",Petrol,Manual,₹7.57 Lakh,delhi-ncr
Maruti,Maruti Ciaz1.4 Alpha,2019,"61,358kms",Petrol,Manual,₹6.06 Lakh,delhi-ncr
Maruti,Maruti Grand VitaraDelta,2024,"23,538kms",Petrol,Manual,₹9.64 Lakh,delhi-ncr
Maruti,Maruti Vitara BrezzaVXI,2022,"3,406kms",Petrol,Manual,₹7.56 Lakh,delhi-ncr
Hyundai,Hyundai i20Asta 1.2,2024,"13,505kms",Petrol,Manual,₹9.38 Lakh,delhi-ncr
Toyota,Toyota Corolla AltisPetrol LE,2016,"1,11,583kms",Petrol,Manual,₹6.74 Lakh,delhi-ncr
Honda,Honda JazzZX,2021,"34,594kms",Petrol,Manual,₹6.74 Lakh,delhi-ncr
Honda,Honda AmazeV CVT,2020,"46,435kms",Petrol,Automatic,₹6.10 Lakh,delhi-ncr
Toyota,Toyota GlanzaV AMT,2022,"53,804kms",Petrol,Automatic,₹6.76 Lakh,delhi-ncr
Maruti,Maruti Alto K10VXI,2015,"63,000kms",Petrol,Manual,₹2.45 Lakh,delhi-ncr
MG,MG HectorSharp DCT,2020,"72,067kms",Petrol,Automatic,₹9.76 Lakh,delhi-ncr
Maruti,Maruti CiazSigma BSIV,2018,"45,657kms",Petrol,Manual,₹4.26 Lakh,delhi-ncr
Maruti,Maruti SwiftVXI,2014,"77,371kms",Petrol,Manual,₹2.84 Lakh,delhi-ncr
Hyundai,Hyundai Grand i101.2 Kappa Magna BSIV,2014,"95,675kms",Petrol,Manual,₹2.71 Lakh,delhi-ncr
Maruti,Maruti SwiftVXI,2021,"21,764kms",Petrol,Manual,₹5.17 Lakh,delhi-ncr
Tata,Tata NexonXZ Plus BSVI,2021,"90,829kms",Petrol,Manual,₹5.60 Lakh,delhi-ncr
Maruti,Maruti BalenoZeta AMT,2017,"71,861kms",Petrol,Automatic,₹3.93 Lakh,delhi-ncr
Maruti,Maruti BalenoDelta Diesel,2016,"74,248kms",Diesel,Manual,₹3.91 Lakh,delhi-ncr
Honda,Honda CityZX CVT,2017,"53,303kms",Petrol,Automatic,₹6.59 Lakh,delhi-ncr
Hyundai,Hyundai i20Asta 1.2,2024,"13,505kms",Petrol,Manual,₹9.38 Lakh,delhi-ncr
Toyota,Toyota Corolla AltisPetrol LE,2016,"1,11,583kms",Petrol,Manual,₹6.74 Lakh,delhi-ncr
Hyundai,Hyundai Grand i10 NiosSportz,2023,"5,230kms",Petrol,Manual,₹6.22 Lakh,delhi-ncr
Maruti,Maruti Ciaz1.4 Zeta,2022,"42,776kms",Petrol,Manual,₹7.57 Lakh,delhi-ncr
Honda,Honda AmazeV CVT,2020,"46,435kms",Petrol,Automatic,₹6.10 Lakh,delhi-ncr
Toyota,Toyota GlanzaV AMT,2022,"53,804kms",Petrol,Automatic,₹6.76 Lakh,delhi-ncr
Honda,Honda JazzZX,2021,"34,594kms",Petrol,Manual,₹6.74 Lakh,delhi-ncr
Maruti,Maruti Ciaz1.4 Alpha,2019,"61,358kms",Petrol,Manual,₹6.06 Lakh,delhi-ncr
Maruti,Maruti Grand VitaraDelta,2024,"23,538kms",Petrol,Manual,₹9.64 Lakh,delhi-ncr
Maruti,Maruti Vitara BrezzaVXI,2022,"3,406kms",Petrol,Manual,₹7.56 Lakh,delhi-ncr
Maruti,Maruti Alto K10VXI,2015,"63,000kms",Petrol,Manual,₹2.45 Lakh,delhi-ncr
MG,MG HectorSharp DCT,2020,"72,067kms",Petrol,Automatic,₹9.76 Lakh,delhi-ncr
Maruti,Maruti CiazSigma BSIV,2018,"45,657kms",Petrol,Manual,₹4.26 Lakh,delhi-ncr
Maruti,Maruti SwiftVXI,2014,"77,371kms",Petrol,Manual,₹2.84 Lakh,delhi-ncr
Hyundai,Hyundai Grand i101.2 Kappa Magna BSIV,2014,"95,675kms",Petrol,Manual,₹2.71 Lakh,delhi-ncr
Maruti,Maruti SwiftVXI,2021,"21,764kms",Petrol,Manual,₹5.17 Lakh,delhi-ncr
Tata,Tata NexonXZ Plus BSVI,2021,"90,829kms",Petrol,Manual,₹5.60 Lakh,delhi-ncr
Maruti,Maruti BalenoZeta AMT,2017,"71,861kms",Petrol,Automatic,₹3.93 Lakh,delhi-ncr
Maruti,Maruti BalenoDelta Diesel,2016,"74,248kms",Diesel,Manual,₹3.91 Lakh,delhi-ncr
Honda,Honda CityZX CVT,2017,"53,303kms",Petrol,Automatic,₹6.59 Lakh,delhi-ncr
Hyundai,Hyundai Grand i10 NiosSportz,2023,"5,230kms",Petrol,Manual,₹6.22 Lakh,delhi-ncr
Maruti,Maruti Ciaz1.4 Zeta,2022,"42,776kms",Petrol,Manual,₹7.57 Lakh,delhi-ncr
Maruti,Maruti Ciaz1.4 Alpha,2019,"61,358kms",Petrol,Manual,₹6.06 Lakh,delhi-ncr
Maruti,Maruti Grand VitaraDelta,2024,"23,538kms",Petrol,Manual,₹9.64 Lakh,delhi-ncr
Maruti,Maruti Vitara BrezzaVXI,2022,"3,406kms",Petrol,Manual,₹7.56 Lakh,delhi-ncr
Hyundai,Hyundai i20Asta 1.2,2024,"13,505kms",Petrol,Manual,₹9.38 Lakh,delhi-ncr
Toyota,Toyota Corolla AltisPetrol LE,2016,"1,11,583kms",Petrol,Manual,₹6.74 Lakh,delhi-ncr
Honda,Honda JazzZX,2021,"34,594kms",Petrol,Manual,₹6.74 Lakh,delhi-ncr
Honda,Honda AmazeV CVT,2020,"46,435kms",Petrol,Automatic,₹6.10 Lakh,delhi-ncr
Toyota,Toyota GlanzaV AMT,2022,"53,804kms",Petrol,Automatic,₹6.76 Lakh,delhi-ncr
Maruti,Maruti Alto K10VXI,2015,"63,000kms",Petrol,Manual,₹2.45 Lakh,delhi-ncr
MG,MG HectorSharp DCT,2020,"72,067kms",Petrol,Automatic,₹9.76 Lakh,delhi-ncr
Maruti,Maruti CiazSigma BSIV,2018,"45,657kms",Petrol,Manual,₹4.26 Lakh,delhi-ncr
Maruti,Maruti SwiftVXI,2014,"77,371kms",Petrol,Manual,₹2.84 Lakh,delhi-ncr
Hyundai,Hyundai Grand i101.2 Kappa Magna BSIV,2014,"95,675kms",Petrol,Manual,₹2.71 Lakh,delhi-ncr
Maruti,Maruti SwiftVXI,2021,"21,764kms",Petrol,Manual,₹5.17 Lakh,delhi-ncr
Tata,Tata NexonXZ Plus BSVI,2021,"90,829kms",Petrol,Manual,₹5.60 Lakh,delhi-ncr
Maruti,Maruti BalenoZeta AMT,2017,"71,861kms",Petrol,Automatic,₹3.93 Lakh,delhi-ncr
Maruti,Maruti BalenoDelta Diesel,2016,"74,248kms",Diesel,Manual,₹3.91 Lakh,delhi-ncr
Honda,Honda CityZX CVT,2017,"53,303kms",Petrol,Automatic,₹6.59 Lakh,delhi-ncr
Hyundai,Hyundai Grand i10 NiosSportz,2023,"5,230kms",Petrol,Manual,₹6.22 Lakh,delhi-ncr
Maruti,Maruti Ciaz1.4 Zeta,2022,"42,776kms",Petrol,Manual,₹7.57 Lakh,delhi-ncr
Maruti,Maruti Ciaz1.4 Alpha,2019,"61,358kms",Petrol,Manual,₹6.06 Lakh,delhi-ncr
Maruti,Maruti Grand VitaraDelta,2024,"23,538kms",Petrol,Manual,₹9.64 Lakh,delhi-ncr
Maruti,Maruti Vitara BrezzaVXI,2022,"3,406kms",Petrol,Manual,₹7.56 Lakh,delhi-ncr
Hyundai,Hyundai i20Asta 1.2,2024,"13,505kms",Petrol,Manual,₹9.38 Lakh,delhi-ncr
Toyota,Toyota Corolla AltisPetrol LE,2016,"1,11,583kms",Petrol,Manual,₹6.74 Lakh,delhi-ncr
Honda,Honda JazzZX,2021,"34,594kms",Petrol,Manual,₹6.74 Lakh,delhi-ncr
Honda,Honda AmazeV CVT,2020,"46,435kms",Petrol,Automatic,₹6.10 Lakh,delhi-ncr
Toyota,Toyota GlanzaV AMT,2022,"53,804kms",Petrol,Automatic,₹6.76 Lakh,delhi-ncr
Maruti,Maruti Alto K10VXI,2015,"63,000kms",Petrol,Manual,₹2.45 Lakh,delhi-ncr
MG,MG HectorSharp DCT,2020,"72,067kms",Petrol,Automatic,₹9.76 Lakh,delhi-ncr
Maruti,Maruti CiazSigma BSIV,2018,"45,657kms",Petrol,Manual,₹4.26 Lakh,delhi-ncr
Maruti,Maruti SwiftVXI,2014,"77,371kms",Petrol,Manual,₹2.84 Lakh,delhi-ncr
Hyundai,Hyundai Grand i101.2 Kappa Magna BSIV,2014,"95,675kms",Petrol,Manual,₹2.71 Lakh,delhi-ncr
Maruti,Maruti SwiftVXI,2021,"21,764kms",Petrol,Manual,₹5.17 Lakh,delhi-ncr
Tata,Tata NexonXZ Plus BSVI,2021,"90,829kms",Petrol,Manual,₹5.60 Lakh,delhi-ncr
Maruti,Maruti BalenoZeta AMT,2017,"71,861kms",Petrol,Automatic,₹3.93 Lakh,delhi-ncr
Maruti,Maruti BalenoDelta Diesel,2016,"74,248kms",Diesel,Manual,₹3.91 Lakh,delhi-ncr
Honda,Honda CityZX CVT,2017,"53,303kms",Petrol,Automatic,₹6.59 Lakh,delhi-ncr
Hyundai,Hyundai Grand i10 NiosSportz,2023,"5,230kms",Petrol,Manual,₹6.22 Lakh,delhi-ncr
Maruti,Maruti Ciaz1.4 Zeta,2022,"42,776kms",Petrol,Manual,₹7.57 Lakh,delhi-ncr
Maruti,Maruti Ciaz1.4 Alpha,2019,"61,358kms",Petrol,Manual,₹6.06 Lakh,delhi-ncr
Maruti,Maruti Grand VitaraDelta,2024,"23,538kms",Petrol,Manual,₹9.64 Lakh,delhi-ncr
Maruti,Maruti Vitara BrezzaVXI,2022,"3,406kms",Petrol,Manual,₹7.56 Lakh,delhi-ncr
Hyundai,Hyundai i20Asta 1.2,2024,"13,505kms",Petrol,Manual,₹9.38 Lakh,delhi-ncr
Toyota,Toyota Corolla AltisPetrol LE,2016,"1,11,583kms",Petrol,Manual,₹6.74 Lakh,delhi-ncr
Honda,Honda JazzZX,2021,"34,594kms",Petrol,Manual,₹6.74 Lakh,delhi-ncr
Honda,Honda AmazeV CVT,2020,"46,435kms",Petrol,Automatic,₹6.10 Lakh,delhi-ncr
Toyota,Toyota GlanzaV AMT,2022,"53,804kms",Petrol,Automatic,₹6.76 Lakh,delhi-ncr
Maruti,Maruti Alto K10VXI,2015,"63,000kms",Petrol,Manual,₹2.45 Lakh,delhi-ncr
MG,MG HectorSharp DCT,2020,"72,067kms",Petrol,Automatic,₹9.76 Lakh,delhi-ncr
Maruti,Maruti CiazSigma BSIV,2018,"45,657kms",Petrol,Manual,₹4.26 Lakh,delhi-ncr
Maruti,Maruti SwiftVXI,2014,"77,371kms",Petrol,Manual,₹2.84 Lakh,delhi-ncr
Hyundai,Hyundai Grand i101.2 Kappa Magna BSIV,2014,"95,675kms",Petrol,Manual,₹2.71 Lakh,delhi-ncr
Maruti,Maruti SwiftVXI,2021,"21,764kms",Petrol,Manual,₹5.17 Lakh,delhi-ncr
Tata,Tata NexonXZ Plus BSVI,2021,"90,829kms",Petrol,Manual,₹5.60 Lakh,delhi-ncr
Maruti,Maruti BalenoZeta AMT,2017,"71,861kms",Petrol,Automatic,₹3.93 Lakh,delhi-ncr
Maruti,Maruti BalenoDelta Diesel,2016,"74,248kms",Diesel,Manual,₹3.91 Lakh,delhi-ncr
Honda,Honda CityZX CVT,2017,"53,303kms",Petrol,Automatic,₹6.59 Lakh,delhi-ncr
Hyundai,Hyundai i20Asta 1.2,2024,"13,505kms",Petrol,Manual,₹9.38 Lakh,delhi-ncr
Toyota,Toyota Corolla AltisPetrol LE,2016,"1,11,583kms",Petrol,Manual,₹6.74 Lakh,delhi-ncr
Hyundai,Hyundai Grand i10 NiosSportz,2023,"5,230kms",Petrol,Manual,₹6.22 Lakh,delhi-ncr
Maruti,Maruti Ciaz1.4 Zeta,2022,"42,776kms",Petrol,Manual,₹7.57 Lakh,delhi-ncr
Honda,Honda AmazeV CVT,2020,"46,435kms",Petrol,Automatic,₹6.10 Lakh,delhi-ncr
Toyota,Toyota GlanzaV AMT,2022,"53,804kms",Petrol,Automatic,₹6.76 Lakh,delhi-ncr
Honda,Honda JazzZX,2021,"34,594kms",Petrol,Manual,₹6.74 Lakh,delhi-ncr
Maruti,Maruti Ciaz1.4 Alpha,2019,"61,358kms",Petrol,Manual,₹6.06 Lakh,delhi-ncr
Maruti,Maruti Grand VitaraDelta,2024,"23,538kms",Petrol,Manual,₹9.64 Lakh,delhi-ncr
Maruti,Maruti Vitara BrezzaVXI,2022,"3,406kms",Petrol,Manual,₹7.56 Lakh,delhi-ncr
Maruti,Maruti Alto K10VXI,2015,"63,000kms",Petrol,Manual,₹2.45 Lakh,delhi-ncr
MG,MG HectorSharp DCT,2020,"72,067kms",Petrol,Automatic,₹9.76 Lakh,delhi-ncr
Maruti,Maruti CiazSigma BSIV,2018,"45,657kms",Petrol,Manual,₹4.26 Lakh,delhi-ncr
Maruti,Maruti SwiftVXI,2014,"77,371kms",Petrol,Manual,₹2.84 Lakh,delhi-ncr
Hyundai,Hyundai Grand i101.2 Kappa Magna BSIV,2014,"95,675kms",Petrol,Manual,₹2.71 Lakh,delhi-ncr
Maruti,Maruti SwiftVXI,2021,"21,764kms",Petrol,Manual,₹5.17 Lakh,delhi-ncr
Tata,Tata NexonXZ Plus BSVI,2021,"90,829kms",Petrol,Manual,₹5.60 Lakh,delhi-ncr
Maruti,Maruti BalenoZeta AMT,2017,"71,861kms",Petrol,Automatic,₹3.93 Lakh,delhi-ncr
Maruti,Maruti BalenoDelta Diesel,2016,"74,248kms",Diesel,Manual,₹3.91 Lakh,delhi-ncr
Honda,Honda CityZX CVT,2017,"53,303kms",Petrol,Automatic,₹6.59 Lakh,delhi-ncr
Hyundai,Hyundai i20Asta 1.2,2024,"13,505kms",Petrol,Manual,₹9.38 Lakh,delhi-ncr
Toyota,Toyota Corolla AltisPetrol LE,2016,"1,11,583kms",Petrol,Manual,₹6.74 Lakh,delhi-ncr
Hyundai,Hyundai Grand i10 NiosSportz,2023,"5,230kms",Petrol,Manual,₹6.22 Lakh,delhi-ncr
Maruti,Maruti Ciaz1.4 Zeta,2022,"42,776kms",Petrol,Manual,₹7.57 Lakh,delhi-ncr
Maruti,Maruti Ciaz1.4 Alpha,2019,"61,358kms",Petrol,Manual,₹6.06 Lakh,delhi-ncr
Maruti,Maruti Grand VitaraDelta,2024,"23,538kms",Petrol,Manual,₹9.64 Lakh,delhi-ncr
Maruti,Maruti Vitara BrezzaVXI,2022,"3,406kms",Petrol,Manual,₹7.56 Lakh,delhi-ncr
Honda,Honda AmazeV CVT,2020,"46,435kms",Petrol,Automatic,₹6.10 Lakh,delhi-ncr
Toyota,Toyota GlanzaV AMT,2022,"53,804kms",Petrol,Automatic,₹6.76 Lakh,delhi-ncr
Honda,Honda JazzZX,2021,"34,594kms",Petrol,Manual,₹6.74 Lakh,delhi-ncr
Maruti,Maruti Alto K10VXI,2015,"63,000kms",Petrol,Manual,₹2.45 Lakh,delhi-ncr
MG,MG HectorSharp DCT,2020,"72,067kms",Petrol,Automatic,₹9.76 Lakh,delhi-ncr
Maruti,Maruti CiazSigma BSIV,2018,"45,657kms",Petrol,Manual,₹4.26 Lakh,delhi-ncr
Maruti,Maruti SwiftVXI,2014,"77,371kms",Petrol,Manual,₹2.84 Lakh,delhi-ncr
Hyundai,Hyundai Grand i101.2 Kappa Magna BSIV,2014,"95,675kms",Petrol,Manual,₹2.71 Lakh,delhi-ncr
Maruti,Maruti SwiftVXI,2021,"21,764kms",Petrol,Manual,₹5.17 Lakh,delhi-ncr
Tata,Tata NexonXZ Plus BSVI,2021,"90,829kms",Petrol,Manual,₹5.60 Lakh,delhi-ncr
Maruti,Maruti BalenoZeta AMT,2017,"71,861kms",Petrol,Automatic,₹3.93 Lakh,delhi-ncr
Maruti,Maruti BalenoDelta Diesel,2016,"74,248kms",Diesel,Manual,₹3.91 Lakh,delhi-ncr
Honda,Honda CityZX CVT,2017,"53,303kms",Petrol,Automatic,₹6.59 Lakh,delhi-ncr
Hyundai,Hyundai Grand i10 NiosSportz,2023,"5,230kms",Petrol,Manual,₹6.22 Lakh,delhi-ncr
Maruti,Maruti Ciaz1.4 Zeta,2022,"42,776kms",Petrol,Manual,₹7.57 Lakh,delhi-ncr
Maruti,Maruti Ciaz1.4 Alpha,2019,"61,358kms",Petrol,Manual,₹6.06 Lakh,delhi-ncr
Maruti,Maruti Grand VitaraDelta,2024,"23,538kms",Petrol,Manual,₹9.64 Lakh,delhi-ncr
Maruti,Maruti Vitara BrezzaVXI,2022,"3,406kms",Petrol,Manual,₹7.56 Lakh,delhi-ncr
Hyundai,Hyundai i20Asta 1.2,2024,"13,505kms",Petrol,Manual,₹9.38 Lakh,delhi-ncr
Toyota,Toyota Corolla AltisPetrol LE,2016,"1,11,583kms",Petrol,Manual,₹6.74 Lakh,delhi-ncr
Honda,Honda JazzZX,2021,"34,594kms",Petrol,Manual,₹6.74 Lakh,delhi-ncr
Honda,Honda AmazeV CVT,2020,"46,435kms",Petrol,Automatic,₹6.10 Lakh,delhi-ncr
Toyota,Toyota GlanzaV AMT,2022,"53,804kms",Petrol,Automatic,₹6.76 Lakh,delhi-ncr
Maruti,Maruti Alto K10VXI,2015,"63,000kms",Petrol,Manual,₹2.45 Lakh,delhi-ncr
MG,MG HectorSharp DCT,2020,"72,067kms",Petrol,Automatic,₹9.76 Lakh,delhi-ncr
Maruti,Maruti CiazSigma BSIV,2018,"45,657kms",Petrol,Manual,₹4.26 Lakh,delhi-ncr
Maruti,Maruti SwiftVXI,2014,"77,371kms",Petrol,Manual,₹2.84 Lakh,delhi-ncr
Hyundai,Hyundai Grand i101.2 Kappa Magna BSIV,2014,"95,675kms",Petrol,Manual,₹2.71 Lakh,delhi-ncr
Maruti,Maruti SwiftVXI,2021,"21,764kms",Petrol,Manual,₹5.17 Lakh,delhi-ncr
Tata,Tata NexonXZ Plus BSVI,2021,"90,829kms",Petrol,Manual,₹5.60 Lakh,delhi-ncr
Maruti,Maruti BalenoZeta AMT,2017,"71,861kms",Petrol,Automatic,₹3.93 Lakh,delhi-ncr
Maruti,Maruti BalenoDelta Diesel,2016,"74,248kms",Diesel,Manual,₹3.91 Lakh,delhi-ncr
Honda,Honda CityZX CVT,2017,"53,303kms",Petrol,Automatic,₹6.59 Lakh,delhi-ncr
Hyundai,Hyundai i20Asta 1.2,2024,"13,505kms",Petrol,Manual,₹9.38 Lakh,delhi-ncr
Toyota,Toyota Corolla AltisPetrol LE,2016,"1,11,583kms",Petrol,Manual,₹6.74 Lakh,delhi-ncr
Hyundai,Hyundai Grand i10 NiosSportz,2023,"5,230kms",Petrol,Manual,₹6.22 Lakh,delhi-ncr
Maruti,Maruti Ciaz1.4 Zeta,2022,"42,776kms",Petrol,Manual,₹7.57 Lakh,delhi-ncr
Maruti,Maruti Ciaz1.4 Alpha,2019,"61,358kms",Petrol,Manual,₹6.06 Lakh,delhi-ncr
Maruti,Maruti Grand VitaraDelta,2024,"23,538kms",Petrol,Manual,₹9.64 Lakh,delhi-ncr
Maruti,Maruti Vitara BrezzaVXI,2022,"3,406kms",Petrol,Manual,₹7.56 Lakh,delhi-ncr
Honda,Honda AmazeV CVT,2020,"46,435kms",Petrol,Automatic,₹6.10 Lakh,delhi-ncr
Toyota,Toyota GlanzaV AMT,2022,"53,804kms",Petrol,Automatic,₹6.76 Lakh,delhi-ncr
Honda,Honda JazzZX,2021,"34,594kms",Petrol,Manual,₹6.74 Lakh,delhi-ncr
Maruti,Maruti Alto K10VXI,2015,"63,000kms",Petrol,Manual,₹2.45 Lakh,delhi-ncr
MG,MG HectorSharp DCT,2020,"72,067kms",Petrol,Automatic,₹9.76 Lakh,delhi-ncr
Maruti,Maruti CiazSigma BSIV,2018,"45,657kms",Petrol,Manual,₹4.26 Lakh,delhi-ncr
Maruti,Maruti SwiftVXI,2014,"77,371kms",Petrol,Manual,₹2.84 Lakh,delhi-ncr
Hyundai,Hyundai Grand i101.2 Kappa Magna BSIV,2014,"95,675kms",Petrol,Manual,₹2.71 Lakh,delhi-ncr
Maruti,Maruti SwiftVXI,2021,"21,764kms",Petrol,Manual,₹5.17 Lakh,delhi-ncr
Tata,Tata NexonXZ Plus BSVI,2021,"90,829kms",Petrol,Manual,₹5.60 Lakh,delhi-ncr
Maruti,Maruti BalenoZeta AMT,2017,"71,861kms",Petrol,Automatic,₹3.93 Lakh,delhi-ncr
Maruti,Maruti BalenoDelta Diesel,2016,"74,248kms",Diesel,Manual,₹3.91 Lakh,delhi-ncr
Honda,Honda CityZX CVT,2017,"53,303kms",Petrol,Automatic,₹6.59 Lakh,delhi-ncr
Hyundai,Hyundai i20Asta 1.2,2024,"13,505kms",Petrol,Manual,₹9.38 Lakh,delhi-ncr
Toyota,Toyota Corolla AltisPetrol LE,2016,"1,11,583kms",Petrol,Manual,₹6.74 Lakh,delhi-ncr
Hyundai,Hyundai Grand i10 NiosSportz,2023,"5,230kms",Petrol,Manual,₹6.22 Lakh,delhi-ncr
Maruti,Maruti Ciaz1.4 Zeta,2022,"42,776kms",Petrol,Manual,₹7.57 Lakh,delhi-ncr
Maruti,Maruti Ciaz1.4 Alpha,2019,"61,358kms",Petrol,Manual,₹6.06 Lakh,delhi-ncr
Maruti,Maruti Grand VitaraDelta,2024,"23,538kms",Petrol,Manual,₹9.64 Lakh,delhi-ncr
Maruti,Maruti Vitara BrezzaVXI,2022,"3,406kms",Petrol,Manual,₹7.56 Lakh,delhi-ncr
Honda,Honda AmazeV CVT,2020,"46,435kms",Petrol,Automatic,₹6.10 Lakh,delhi-ncr
Toyota,Toyota GlanzaV AMT,2022,"53,804kms",Petrol,Automatic,₹6.76 Lakh,delhi-ncr
Honda,Honda JazzZX,2021,"34,594kms",Petrol,Manual,₹6.74 Lakh,delhi-ncr
Maruti,Maruti Alto K10VXI,2015,"63,000kms",Petrol,Manual,₹2.45 Lakh,delhi-ncr
MG,MG HectorSharp DCT,2020,"72,067kms",Petrol,Automatic,₹9.76 Lakh,delhi-ncr
Maruti,Maruti CiazSigma BSIV,2018,"45,657kms",Petrol,Manual,₹4.26 Lakh,delhi-ncr
Maruti,Maruti SwiftVXI,2014,"77,371kms",Petrol,Manual,₹2.84 Lakh,delhi-ncr
Hyundai,Hyundai Grand i101.2 Kappa Magna BSIV,2014,"95,675kms",Petrol,Manual,₹2.71 Lakh,delhi-ncr
Maruti,Maruti SwiftVXI,2021,"21,764kms",Petrol,Manual,₹5.17 Lakh,delhi-ncr
Tata,Tata NexonXZ Plus BSVI,2021,"90,829kms",Petrol,Manual,₹5.60 Lakh,delhi-ncr
Maruti,Maruti BalenoZeta AMT,2017,"71,861kms",Petrol,Automatic,₹3.93 Lakh,delhi-ncr
Maruti,Maruti BalenoDelta Diesel,2016,"74,248kms",Diesel,Manual,₹3.91 Lakh,delhi-ncr
Honda,Honda CityZX CVT,2017,"53,303kms",Petrol,Automatic,₹6.59 Lakh,delhi-ncr
Hyundai,Hyundai i20Asta 1.2,2024,"13,505kms",Petrol,Manual,₹9.38 Lakh,delhi-ncr
Toyota,Toyota Corolla AltisPetrol LE,2016,"1,11,583kms",Petrol,Manual,₹6.74 Lakh,delhi-ncr
Hyundai,Hyundai Grand i10 NiosSportz,2023,"5,230kms",Petrol,Manual,₹6.22 Lakh,delhi-ncr
Maruti,Maruti Ciaz1.4 Zeta,2022,"42,776kms",Petrol,Manual,₹7.57 Lakh,delhi-ncr
Maruti,Maruti Ciaz1.4 Alpha,2019,"61,358kms",Petrol,Manual,₹6.06 Lakh,delhi-ncr
Maruti,Maruti Grand VitaraDelta,2024,"23,538kms",Petrol,Manual,₹9.64 Lakh,delhi-ncr
Maruti,Maruti Vitara BrezzaVXI,2022,"3,406kms",Petrol,Manual,₹7.56 Lakh,delhi-ncr
Honda,Honda AmazeV CVT,2020,"46,435kms",Petrol,Automatic,₹6.10 Lakh,delhi-ncr
Toyota,Toyota GlanzaV AMT,2022,"53,804kms",Petrol,Automatic,₹6.76 Lakh,delhi-ncr
Honda,Honda JazzZX,2021,"34,594kms",Petrol,Manual,₹6.74 Lakh,delhi-ncr
Maruti,Maruti Alto K10VXI,2015,"63,000kms",Petrol,Manual,₹2.45 Lakh,delhi-ncr
MG,MG HectorSharp DCT,2020,"72,067kms",Petrol,Automatic,₹9.76 Lakh,delhi-ncr
Maruti,Maruti CiazSigma BSIV,2018,"45,657kms",Petrol,Manual,₹4.26 Lakh,delhi-ncr
Maruti,Maruti SwiftVXI,2014,"77,371kms",Petrol,Manual,₹2.84 Lakh,delhi-ncr
Hyundai,Hyundai Grand i101.2 Kappa Magna BSIV,2014,"95,675kms",Petrol,Manual,₹2.71 Lakh,delhi-ncr
Maruti,Maruti SwiftVXI,2021,"21,764kms",Petrol,Manual,₹5.17 Lakh,delhi-ncr
Tata,Tata NexonXZ Plus BSVI,2021,"90,829kms",Petrol,Manual,₹5.60 Lakh,delhi-ncr
Maruti,Maruti BalenoZeta AMT,2017,"71,861kms",Petrol,Automatic,₹3.93 Lakh,delhi-ncr
Maruti,Maruti BalenoDelta Diesel,2016,"74,248kms",Diesel,Manual,₹3.91 Lakh,delhi-ncr
Honda,Honda CityZX CVT,2017,"53,303kms",Petrol,Automatic,₹6.59 Lakh,delhi-ncr
Hyundai,Hyundai Grand i10 NiosSportz,2023,"5,230kms",Petrol,Manual,₹6.22 Lakh,delhi-ncr
Maruti,Maruti Ciaz1.4 Zeta,2022,"42,776kms",Petrol,Manual,₹7.57 Lakh,delhi-ncr
Maruti,Maruti Ciaz1.4 Alpha,2019,"61,358kms",Petrol,Manual,₹6.06 Lakh,delhi-ncr
Maruti,Maruti Grand VitaraDelta,2024,"23,538kms",Petrol,Manual,₹9.64 Lakh,delhi-ncr
Maruti,Maruti Vitara BrezzaVXI,2022,"3,406kms",Petrol,Manual,₹7.56 Lakh,delhi-ncr
Hyundai,Hyundai i20Asta 1.2,2024,"13,505kms",Petrol,Manual,₹9.38 Lakh,delhi-ncr
Toyota,Toyota Corolla AltisPetrol LE,2016,"1,11,583kms",Petrol,Manual,₹6.74 Lakh,delhi-ncr
Honda,Honda JazzZX,2021,"34,594kms",Petrol,Manual,₹6.74 Lakh,delhi-ncr
Honda,Honda AmazeV CVT,2020,"46,435kms",Petrol,Automatic,₹6.10 Lakh,delhi-ncr
Toyota,Toyota GlanzaV AMT,2022,"53,804kms",Petrol,Automatic,₹6.76 Lakh,delhi-ncr
Maruti,Maruti Alto K10VXI,2015,"63,000kms",Petrol,Manual,₹2.45 Lakh,delhi-ncr
MG,MG HectorSharp DCT,2020,"72,067kms",Petrol,Automatic,₹9.76 Lakh,delhi-ncr
Maruti,Maruti CiazSigma BSIV,2018,"45,657kms",Petrol,Manual,₹4.26 Lakh,delhi-ncr
Maruti,Maruti SwiftVXI,2014,"77,371kms",Petrol,Manual,₹2.84 Lakh,delhi-ncr
Hyundai,Hyundai Grand i101.2 Kappa Magna BSIV,2014,"95,675kms",Petrol,Manual,₹2.71 Lakh,delhi-ncr
Maruti,Maruti SwiftVXI,2021,"21,764kms",Petrol,Manual,₹5.17 Lakh,delhi-ncr
Tata,Tata NexonXZ Plus BSVI,2021,"90,829kms",Petrol,Manual,₹5.60 Lakh,delhi-ncr
Maruti,Maruti BalenoZeta AMT,2017,"71,861kms",Petrol,Automatic,₹3.93 Lakh,delhi-ncr
Maruti,Maruti BalenoDelta Diesel,2016,"74,248kms",Diesel,Manual,₹3.91 Lakh,delhi-ncr
Honda,Honda CityZX CVT,2017,"53,303kms",Petrol,Automatic,₹6.59 Lakh,delhi-ncr
Hyundai,Hyundai i20Asta 1.2,2024,"13,505kms",Petrol,Manual,₹9.38 Lakh,delhi-ncr
Toyota,Toyota Corolla AltisPetrol LE,2016,"1,11,583kms",Petrol,Manual,₹6.74 Lakh,delhi-ncr
Hyundai,Hyundai Grand i10 NiosSportz,2023,"5,230kms",Petrol,Manual,₹6.22 Lakh,delhi-ncr
Maruti,Maruti Ciaz1.4 Zeta,2022,"42,776kms",Petrol,Manual,₹7.57 Lakh,delhi-ncr
Maruti,Maruti Ciaz1.4 Alpha,2019,"61,358kms",Petrol,Manual,₹6.06 Lakh,delhi-ncr
Maruti,Maruti Grand VitaraDelta,2024,"23,538kms",Petrol,Manual,₹9.64 Lakh,delhi-ncr
Maruti,Maruti Vitara BrezzaVXI,2022,"3,406kms",Petrol,Manual,₹7.56 Lakh,delhi-ncr
Honda,Honda AmazeV CVT,2020,"46,435kms",Petrol,Automatic,₹6.10 Lakh,delhi-ncr
Toyota,Toyota GlanzaV AMT,2022,"53,804kms",Petrol,Automatic,₹6.76 Lakh,delhi-ncr
Honda,Honda JazzZX,2021,"34,594kms",Petrol,Manual,₹6.74 Lakh,delhi-ncr
Maruti,Maruti Alto K10VXI,2015,"63,000kms",Petrol,Manual,₹2.45 Lakh,delhi-ncr
MG,MG HectorSharp DCT,2020,"72,067kms",Petrol,Automatic,₹9.76 Lakh,delhi-ncr
Maruti,Maruti CiazSigma BSIV,2018,"45,657kms",Petrol,Manual,₹4.26 Lakh,delhi-ncr
Maruti,Maruti SwiftVXI,2014,"77,371kms",Petrol,Manual,₹2.84 Lakh,delhi-ncr
Hyundai,Hyundai Grand i101.2 Kappa Magna BSIV,2014,"95,675kms",Petrol,Manual,₹2.71 Lakh,delhi-ncr
Maruti,Maruti SwiftVXI,2021,"21,764kms",Petrol,Manual,₹5.17 Lakh,delhi-ncr
Tata,Tata NexonXZ Plus BSVI,2021,"90,829kms",Petrol,Manual,₹5.60 Lakh,delhi-ncr
Maruti,Maruti BalenoZeta AMT,2017,"71,861kms",Petrol,Automatic,₹3.93 Lakh,delhi-ncr
Maruti,Maruti BalenoDelta Diesel,2016,"74,248kms",Diesel,Manual,₹3.91 Lakh,delhi-ncr
Honda,Honda CityZX CVT,2017,"53,303kms",Petrol,Automatic,₹6.59 Lakh,delhi-ncr
Hyundai,Hyundai Grand i10 NiosSportz,2023,"5,230kms",Petrol,Manual,₹6.22 Lakh,delhi-ncr
Maruti,Maruti Ciaz1.4 Zeta,2022,"42,776kms",Petrol,Manual,₹7.57 Lakh,delhi-ncr
Maruti,Maruti Ciaz1.4 Alpha,2019,"61,358kms",Petrol,Manual,₹6.06 Lakh,delhi-ncr
Maruti,Maruti Grand VitaraDelta,2024,"23,538kms",Petrol,Manual,₹9.64 Lakh,delhi-ncr
Maruti,Maruti Vitara BrezzaVXI,2022,"3,406kms",Petrol,Manual,₹7.56 Lakh,delhi-ncr
Hyundai,Hyundai i20Asta 1.2,2024,"13,505kms",Petrol,Manual,₹9.38 Lakh,delhi-ncr
Toyota,Toyota Corolla AltisPetrol LE,2016,"1,11,583kms",Petrol,Manual,₹6.74 Lakh,delhi-ncr
Honda,Honda JazzZX,2021,"34,594kms",Petrol,Manual,₹6.74 Lakh,delhi-ncr
Honda,Honda AmazeV CVT,2020,"46,435kms",Petrol,Automatic,₹6.10 Lakh,delhi-ncr
Toyota,Toyota GlanzaV AMT,2022,"53,804kms",Petrol,Automatic,₹6.76 Lakh,delhi-ncr
Maruti,Maruti Alto K10VXI,2015,"63,000kms",Petrol,Manual,₹2.45 Lakh,delhi-ncr
MG,MG HectorSharp DCT,2020,"72,067kms",Petrol,Automatic,₹9.76 Lakh,delhi-ncr
Maruti,Maruti CiazSigma BSIV,2018,"45,657kms",Petrol,Manual,₹4.26 Lakh,delhi-ncr
Maruti,Maruti SwiftVXI,2014,"77,371kms",Petrol,Manual,₹2.84 Lakh,delhi-ncr
Hyundai,Hyundai Grand i101.2 Kappa Magna BSIV,2014,"95,675kms",Petrol,Manual,₹2.71 Lakh,delhi-ncr
Maruti,Maruti SwiftVXI,2021,"21,764kms",Petrol,Manual,₹5.17 Lakh,delhi-ncr
Tata,Tata NexonXZ Plus BSVI,2021,"90,829kms",Petrol,Manual,₹5.60 Lakh,delhi-ncr
Maruti,Maruti BalenoZeta AMT,2017,"71,861kms",Petrol,Automatic,₹3.93 Lakh,delhi-ncr
Maruti,Maruti BalenoDelta Diesel,2016,"74,248kms",Diesel,Manual,₹3.91 Lakh,delhi-ncr
Honda,Honda CityZX CVT,2017,"53,303kms",Petrol,Automatic,₹6.59 Lakh,delhi-ncr
Hyundai,Hyundai i20Asta 1.2,2024,"13,505kms",Petrol,Manual,₹9.38 Lakh,delhi-ncr
Toyota,Toyota Corolla AltisPetrol LE,2016,"1,11,583kms",Petrol,Manual,₹6.74 Lakh,delhi-ncr
Hyundai,Hyundai Grand i10 NiosSportz,2023,"5,230kms",Petrol,Manual,₹6.22 Lakh,delhi-ncr
Maruti,Maruti Ciaz1.4 Zeta,2022,"42,776kms",Petrol,Manual,₹7.57 Lakh,delhi-ncr
Maruti,Maruti Ciaz1.4 Alpha,2019,"61,358kms",Petrol,Manual,₹6.06 Lakh,delhi-ncr
Maruti,Maruti Grand VitaraDelta,2024,"23,538kms",Petrol,Manual,₹9.64 Lakh,delhi-ncr
Maruti,Maruti Vitara BrezzaVXI,2022,"3,406kms",Petrol,Manual,₹7.56 Lakh,delhi-ncr
Honda,Honda AmazeV CVT,2020,"46,435kms",Petrol,Automatic,₹6.10 Lakh,delhi-ncr
Toyota,Toyota GlanzaV AMT,2022,"53,804kms",Petrol,Automatic,₹6.76 Lakh,delhi-ncr
Honda,Honda JazzZX,2021,"34,594kms",Petrol,Manual,₹6.74 Lakh,delhi-ncr
Maruti,Maruti Alto K10VXI,2015,"63,000kms",Petrol,Manual,₹2.45 Lakh,delhi-ncr
MG,MG HectorSharp DCT,2020,"72,067kms",Petrol,Automatic,₹9.76 Lakh,delhi-ncr
Maruti,Maruti CiazSigma BSIV,2018,"45,657kms",Petrol,Manual,₹4.26 Lakh,delhi-ncr
Maruti,Maruti SwiftVXI,2014,"77,371kms",Petrol,Manual,₹2.84 Lakh,delhi-ncr
Hyundai,Hyundai Grand i101.2 Kappa Magna BSIV,2014,"95,675kms",Petrol,Manual,₹2.71 Lakh,delhi-ncr
Maruti,Maruti SwiftVXI,2021,"21,764kms",Petrol,Manual,₹5.17 Lakh,delhi-ncr
Tata,Tata NexonXZ Plus BSVI,2021,"90,829kms",Petrol,Manual,₹5.60 Lakh,delhi-ncr
Maruti,Maruti BalenoZeta AMT,2017,"71,861kms",Petrol,Automatic,₹3.93 Lakh,delhi-ncr
Maruti,Maruti BalenoDelta Diesel,2016,"74,248kms",Diesel,Manual,₹3.91 Lakh,delhi-ncr
Honda,Honda CityZX CVT,2017,"53,303kms",Petrol,Automatic,₹6.59 Lakh,delhi-ncr
Hyundai,Hyundai Grand i10 NiosSportz,2023,"5,230kms",Petrol,Manual,₹6.22 Lakh,delhi-ncr
Maruti,Maruti Ciaz1.4 Zeta,2022,"42,776kms",Petrol,Manual,₹7.57 Lakh,delhi-ncr
Maruti,Maruti Ciaz1.4 Alpha,2019,"61,358kms",Petrol,Manual,₹6.06 Lakh,delhi-ncr
Maruti,Maruti Grand VitaraDelta,2024,"23,538kms",Petrol,Manual,₹9.64 Lakh,delhi-ncr
Maruti,Maruti Vitara BrezzaVXI,2022,"3,406kms",Petrol,Manual,₹7.56 Lakh,delhi-ncr
Hyundai,Hyundai i20Asta 1.2,2024,"13,505kms",Petrol,Manual,₹9.38 Lakh,delhi-ncr
Toyota,Toyota Corolla AltisPetrol LE,2016,"1,11,583kms",Petrol,Manual,₹6.74 Lakh,delhi-ncr
Honda,Honda JazzZX,2021,"34,594kms",Petrol,Manual,₹6.74 Lakh,delhi-ncr
Honda,Honda AmazeV CVT,2020,"46,435kms",Petrol,Automatic,₹6.10 Lakh,delhi-ncr
Toyota,Toyota GlanzaV AMT,2022,"53,804kms",Petrol,Automatic,₹6.76 Lakh,delhi-ncr
Maruti,Maruti Alto K10VXI,2015,"63,000kms",Petrol,Manual,₹2.45 Lakh,delhi-ncr
MG,MG HectorSharp DCT,2020,"72,067kms",Petrol,Automatic,₹9.76 Lakh,delhi-ncr
Maruti,Maruti CiazSigma BSIV,2018,"45,657kms",Petrol,Manual,₹4.26 Lakh,delhi-ncr
Maruti,Maruti SwiftVXI,2014,"77,371kms",Petrol,Manual,₹2.84 Lakh,delhi-ncr
Hyundai,Hyundai Grand i101.2 Kappa Magna BSIV,2014,"95,675kms",Petrol,Manual,₹2.71 Lakh,delhi-ncr
Maruti,Maruti SwiftVXI,2021,"21,764kms",Petrol,Manual,₹5.17 Lakh,delhi-ncr
Tata,Tata NexonXZ Plus BSVI,2021,"90,829kms",Petrol,Manual,₹5.60 Lakh,delhi-ncr
Maruti,Maruti BalenoZeta AMT,2017,"71,861kms",Petrol,Automatic,₹3.93 Lakh,delhi-ncr
Maruti,Maruti BalenoDelta Diesel,2016,"74,248kms",Diesel,Manual,₹3.91 Lakh,delhi-ncr
Honda,Honda CityZX CVT,2017,"53,303kms",Petrol,Automatic,₹6.59 Lakh,delhi-ncr
Hyundai,Hyundai i20Asta 1.2,2024,"13,505kms",Petrol,Manual,₹9.38 Lakh,delhi-ncr
Toyota,Toyota Corolla AltisPetrol LE,2016,"1,11,583kms",Petrol,Manual,₹6.74 Lakh,delhi-ncr
Hyundai,Hyundai Grand i10 NiosSportz,2023,"5,230kms",Petrol,Manual,₹6.22 Lakh,delhi-ncr
Maruti,Maruti Ciaz1.4 Zeta,2022,"42,776kms",Petrol,Manual,₹7.57 Lakh,delhi-ncr
Maruti,Maruti Ciaz1.4 Alpha,2019,"61,358kms",Petrol,Manual,₹6.06 Lakh,delhi-ncr
Maruti,Maruti Grand VitaraDelta,2024,"23,538kms",Petrol,Manual,₹9.64 Lakh,delhi-ncr
Maruti,Maruti Vitara BrezzaVXI,2022,"3,406kms",Petrol,Manual,₹7.56 Lakh,delhi-ncr
Honda,Honda AmazeV CVT,2020,"46,435kms",Petrol,Automatic,₹6.10 Lakh,delhi-ncr
Toyota,Toyota GlanzaV AMT,2022,"53,804kms",Petrol,Automatic,₹6.76 Lakh,delhi-ncr
Honda,Honda JazzZX,2021,"34,594kms",Petrol,Manual,₹6.74 Lakh,delhi-ncr
Maruti,Maruti Alto K10VXI,2015,"63,000kms",Petrol,Manual,₹2.45 Lakh,delhi-ncr
MG,MG HectorSharp DCT,2020,"72,067kms",Petrol,Automatic,₹9.76 Lakh,delhi-ncr
Maruti,Maruti CiazSigma BSIV,2018,"45,657kms",Petrol,Manual,₹4.26 Lakh,delhi-ncr
Maruti,Maruti SwiftVXI,2014,"77,371kms",Petrol,Manual,₹2.84 Lakh,delhi-ncr
Hyundai,Hyundai Grand i101.2 Kappa Magna BSIV,2014,"95,675kms",Petrol,Manual,₹2.71 Lakh,delhi-ncr
Maruti,Maruti SwiftVXI,2021,"21,764kms",Petrol,Manual,₹5.17 Lakh,delhi-ncr
Tata,Tata NexonXZ Plus BSVI,2021,"90,829kms",Petrol,Manual,₹5.60 Lakh,delhi-ncr
Maruti,Maruti BalenoZeta AMT,2017,"71,861kms",Petrol,Automatic,₹3.93 Lakh,delhi-ncr
Maruti,Maruti BalenoDelta Diesel,2016,"74,248kms",Diesel,Manual,₹3.91 Lakh,delhi-ncr
Honda,Honda CityZX CVT,2017,"53,303kms",Petrol,Automatic,₹6.59 Lakh,delhi-ncr
Hyundai,Hyundai Grand i10 NiosSportz,2023,"5,230kms",Petrol,Manual,₹6.22 Lakh,delhi-ncr
Maruti,Maruti Ciaz1.4 Zeta,2022,"42,776kms",Petrol,Manual,₹7.57 Lakh,delhi-ncr
Maruti,Maruti Ciaz1.4 Alpha,2019,"61,358kms",Petrol,Manual,₹6.06 Lakh,delhi-ncr
Maruti,Maruti Grand VitaraDelta,2024,"23,538kms",Petrol,Manual,₹9.64 Lakh,delhi-ncr
Maruti,Maruti Vitara BrezzaVXI,2022,"3,406kms",Petrol,Manual,₹7.56 Lakh,delhi-ncr
Hyundai,Hyundai i20Asta 1.2,2024,"13,505kms",Petrol,Manual,₹9.38 Lakh,delhi-ncr
Toyota,Toyota Corolla AltisPetrol LE,2016,"1,11,583kms",Petrol,Manual,₹6.74 Lakh,delhi-ncr
Honda,Honda JazzZX,2021,"34,594kms",Petrol,Manual,₹6.74 Lakh,delhi-ncr
Honda,Honda AmazeV CVT,2020,"46,435kms",Petrol,Automatic,₹6.10 Lakh,delhi-ncr
Toyota,Toyota GlanzaV AMT,2022,"53,804kms",Petrol,Automatic,₹6.76 Lakh,delhi-ncr
Maruti,Maruti Alto K10VXI,2015,"63,000kms",Petrol,Manual,₹2.45 Lakh,delhi-ncr
MG,MG HectorSharp DCT,2020,"72,067kms",Petrol,Automatic,₹9.76 Lakh,delhi-ncr
Maruti,Maruti CiazSigma BSIV,2018,"45,657kms",Petrol,Manual,₹4.26 Lakh,delhi-ncr
Maruti,Maruti SwiftVXI,2014,"77,371kms",Petrol,Manual,₹2.84 Lakh,delhi-ncr
Hyundai,Hyundai Grand i101.2 Kappa Magna BSIV,2014,"95,675kms",Petrol,Manual,₹2.71 Lakh,delhi-ncr
Maruti,Maruti SwiftVXI,2021,"21,764kms",Petrol,Manual,₹5.17 Lakh,delhi-ncr
Tata,Tata NexonXZ Plus BSVI,2021,"90,829kms",Petrol,Manual,₹5.60 Lakh,delhi-ncr
Maruti,Maruti BalenoZeta AMT,2017,"71,861kms",Petrol,Automatic,₹3.93 Lakh,delhi-ncr
Maruti,Maruti BalenoDelta Diesel,2016,"74,248kms",Diesel,Manual,₹3.91 Lakh,delhi-ncr
Honda,Honda CityZX CVT,2017,"53,303kms",Petrol,Automatic,₹6.59 Lakh,delhi-ncr
Hyundai,Hyundai Grand i10 NiosSportz,2023,"5,230kms",Petrol,Manual,₹6.22 Lakh,delhi-ncr
Maruti,Maruti Ciaz1.4 Zeta,2022,"42,776kms",Petrol,Manual,₹7.57 Lakh,delhi-ncr
Maruti,Maruti Ciaz1.4 Alpha,2019,"61,358kms",Petrol,Manual,₹6.06 Lakh,delhi-ncr
Maruti,Maruti Grand VitaraDelta,2024,"23,538kms",Petrol,Manual,₹9.64 Lakh,delhi-ncr
Maruti,Maruti Vitara BrezzaVXI,2022,"3,406kms",Petrol,Manual,₹7.56 Lakh,delhi-ncr
Hyundai,Hyundai i20Asta 1.2,2024,"13,505kms",Petrol,Manual,₹9.38 Lakh,delhi-ncr
Toyota,Toyota Corolla AltisPetrol LE,2016,"1,11,583kms",Petrol,Manual,₹6.74 Lakh,delhi-ncr
Honda,Honda JazzZX,2021,"34,594kms",Petrol,Manual,₹6.74 Lakh,delhi-ncr
Honda,Honda AmazeV CVT,2020,"46,435kms",Petrol,Automatic,₹6.10 Lakh,delhi-ncr
Toyota,Toyota GlanzaV AMT,2022,"53,804kms",Petrol,Automatic,₹6.76 Lakh,delhi-ncr
Maruti,Maruti Alto K10VXI,2015,"63,000kms",Petrol,Manual,₹2.45 Lakh,delhi-ncr
MG,MG HectorSharp DCT,2020,"72,067kms",Petrol,Automatic,₹9.76 Lakh,delhi-ncr
Maruti,Maruti CiazSigma BSIV,2018,"45,657kms",Petrol,Manual,₹4.26 Lakh,delhi-ncr
Maruti,Maruti SwiftVXI,2014,"77,371kms",Petrol,Manual,₹2.84 Lakh,delhi-ncr
Hyundai,Hyundai Grand i101.2 Kappa Magna BSIV,2014,"95,675kms",Petrol,Manual,₹2.71 Lakh,delhi-ncr
Maruti,Maruti SwiftVXI,2021,"21,764kms",Petrol,Manual,₹5.17 Lakh,delhi-ncr
Tata,Tata NexonXZ Plus BSVI,2021,"90,829kms",Petrol,Manual,₹5.60 Lakh,delhi-ncr
Maruti,Maruti BalenoZeta AMT,2017,"71,861kms",Petrol,Automatic,₹3.93 Lakh,delhi-ncr
Maruti,Maruti BalenoDelta Diesel,2016,"74,248kms",Diesel,Manual,₹3.91 Lakh,delhi-ncr
Honda,Honda CityZX CVT,2017,"53,303kms",Petrol,Automatic,₹6.59 Lakh,delhi-ncr
Hyundai,Hyundai Grand i10 NiosSportz,2023,"5,230kms",Petrol,Manual,₹6.22 Lakh,delhi-ncr
Maruti,Maruti Ciaz1.4 Zeta,2022,"42,776kms",Petrol,Manual,₹7.57 Lakh,delhi-ncr
Maruti,Maruti Ciaz1.4 Alpha,2019,"61,358kms",Petrol,Manual,₹6.06 Lakh,delhi-ncr
Maruti,Maruti Grand VitaraDelta,2024,"23,538kms",Petrol,Manual,₹9.64 Lakh,delhi-ncr
Maruti,Maruti Vitara BrezzaVXI,2022,"3,406kms",Petrol,Manual,₹7.56 Lakh,delhi-ncr
Hyundai,Hyundai i20Asta 1.2,2024,"13,505kms",Petrol,Manual,₹9.38 Lakh,delhi-ncr
Toyota,Toyota Corolla AltisPetrol LE,2016,"1,11,583kms",Petrol,Manual,₹6.74 Lakh,delhi-ncr
Honda,Honda JazzZX,2021,"34,594kms",Petrol,Manual,₹6.74 Lakh,delhi-ncr
Honda,Honda AmazeV CVT,2020,"46,435kms",Petrol,Automatic,₹6.10 Lakh,delhi-ncr
Toyota,Toyota GlanzaV AMT,2022,"53,804kms",Petrol,Automatic,₹6.76 Lakh,delhi-ncr
Maruti,Maruti Alto K10VXI,2015,"63,000kms",Petrol,Manual,₹2.45 Lakh,delhi-ncr
MG,MG HectorSharp DCT,2020,"72,067kms",Petrol,Automatic,₹9.76 Lakh,delhi-ncr
Maruti,Maruti CiazSigma BSIV,2018,"45,657kms",Petrol,Manual,₹4.26 Lakh,delhi-ncr
Maruti,Maruti SwiftVXI,2014,"77,371kms",Petrol,Manual,₹2.84 Lakh,delhi-ncr
Hyundai,Hyundai Grand i101.2 Kappa Magna BSIV,2014,"95,675kms",Petrol,Manual,₹2.71 Lakh,delhi-ncr
Maruti,Maruti SwiftVXI,2021,"21,764kms",Petrol,Manual,₹5.17 Lakh,delhi-ncr
Tata,Tata NexonXZ Plus BSVI,2021,"90,829kms",Petrol,Manual,₹5.60 Lakh,delhi-ncr
Maruti,Maruti BalenoZeta AMT,2017,"71,861kms",Petrol,Automatic,₹3.93 Lakh,delhi-ncr
Maruti,Maruti BalenoDelta Diesel,2016,"74,248kms",Diesel,Manual,₹3.91 Lakh,delhi-ncr
Honda,Honda CityZX CVT,2017,"53,303kms",Petrol,Automatic,₹6.59 Lakh,delhi-ncr
Hyundai,Hyundai Grand i10 NiosSportz,2023,"5,230kms",Petrol,Manual,₹6.22 Lakh,delhi-ncr
Maruti,Maruti Ciaz1.4 Zeta,2022,"42,776kms",Petrol,Manual,₹7.57 Lakh,delhi-ncr
Maruti,Maruti Ciaz1.4 Alpha,2019,"61,358kms",Petrol,Manual,₹6.06 Lakh,delhi-ncr
Maruti,Maruti Grand VitaraDelta,2024,"23,538kms",Petrol,Manual,₹9.64 Lakh,delhi-ncr
Maruti,Maruti Vitara BrezzaVXI,2022,"3,406kms",Petrol,Manual,₹7.56 Lakh,delhi-ncr
Hyundai,Hyundai i20Asta 1.2,2024,"13,505kms",Petrol,Manual,₹9.38 Lakh,delhi-ncr
Toyota,Toyota Corolla AltisPetrol LE,2016,"1,11,583kms",Petrol,Manual,₹6.74 Lakh,delhi-ncr
Honda,Honda JazzZX,2021,"34,594kms",Petrol,Manual,₹6.74 Lakh,delhi-ncr
Honda,Honda AmazeV CVT,2020,"46,435kms",Petrol,Automatic,₹6.10 Lakh,delhi-ncr
Toyota,Toyota GlanzaV AMT,2022,"53,804kms",Petrol,Automatic,₹6.76 Lakh,delhi-ncr
Maruti,Maruti Alto K10VXI,2015,"63,000kms",Petrol,Manual,₹2.45 Lakh,delhi-ncr
MG,MG HectorSharp DCT,2020,"72,067kms",Petrol,Automatic,₹9.76 Lakh,delhi-ncr
Maruti,Maruti CiazSigma BSIV,2018,"45,657kms",Petrol,Manual,₹4.26 Lakh,delhi-ncr
Maruti,Maruti SwiftVXI,2014,"77,371kms",Petrol,Manual,₹2.84 Lakh,delhi-ncr
Hyundai,Hyundai Grand i101.2 Kappa Magna BSIV,2014,"95,675kms",Petrol,Manual,₹2.71 Lakh,delhi-ncr
Maruti,Maruti SwiftVXI,2021,"21,764kms",Petrol,Manual,₹5.17 Lakh,delhi-ncr
Tata,Tata NexonXZ Plus BSVI,2021,"90,829kms",Petrol,Manual,₹5.60 Lakh,delhi-ncr
Maruti,Maruti BalenoZeta AMT,2017,"71,861kms",Petrol,Automatic,₹3.93 Lakh,delhi-ncr
Maruti,Maruti BalenoDelta Diesel,2016,"74,248kms",Diesel,Manual,₹3.91 Lakh,delhi-ncr
Honda,Honda CityZX CVT,2017,"53,303kms",Petrol,Automatic,₹6.59 Lakh,delhi-ncr
Hyundai,Hyundai i20Asta 1.2,2024,"13,505kms",Petrol,Manual,₹9.38 Lakh,delhi-ncr
Toyota,Toyota Corolla AltisPetrol LE,2016,"1,11,583kms",Petrol,Manual,₹6.74 Lakh,delhi-ncr
Hyundai,Hyundai Grand i10 NiosSportz,2023,"5,230kms",Petrol,Manual,₹6.22 Lakh,delhi-ncr
Maruti,Maruti Ciaz1.4 Zeta,2022,"42,776kms",Petrol,Manual,₹7.57 Lakh,delhi-ncr
Maruti,Maruti Ciaz1.4 Alpha,2019,"61,358kms",Petrol,Manual,₹6.06 Lakh,delhi-ncr
Maruti,Maruti Grand VitaraDelta,2024,"23,538kms",Petrol,Manual,₹9.64 Lakh,delhi-ncr
Maruti,Maruti Vitara BrezzaVXI,2022,"3,406kms",Petrol,Manual,₹7.56 Lakh,delhi-ncr
Honda,Honda AmazeV CVT,2020,"46,435kms",Petrol,Automatic,₹6.10 Lakh,delhi-ncr
Toyota,Toyota GlanzaV AMT,2022,"53,804kms",Petrol,Automatic,₹6.76 Lakh,delhi-ncr
Honda,Honda JazzZX,2021,"34,594kms",Petrol,Manual,₹6.74 Lakh,delhi-ncr
Maruti,Maruti Alto K10VXI,2015,"63,000kms",Petrol,Manual,₹2.45 Lakh,delhi-ncr
MG,MG HectorSharp DCT,2020,"72,067kms",Petrol,Automatic,₹9.76 Lakh,delhi-ncr
Maruti,Maruti CiazSigma BSIV,2018,"45,657kms",Petrol,Manual,₹4.26 Lakh,delhi-ncr
Maruti,Maruti SwiftVXI,2014,"77,371kms",Petrol,Manual,₹2.84 Lakh,delhi-ncr
Hyundai,Hyundai Grand i101.2 Kappa Magna BSIV,2014,"95,675kms",Petrol,Manual,₹2.71 Lakh,delhi-ncr
Maruti,Maruti SwiftVXI,2021,"21,764kms",Petrol,Manual,₹5.17 Lakh,delhi-ncr
Tata,Tata NexonXZ Plus BSVI,2021,"90,829kms",Petrol,Manual,₹5.60 Lakh,delhi-ncr
Maruti,Maruti BalenoZeta AMT,2017,"71,861kms",Petrol,Automatic,₹3.93 Lakh,delhi-ncr
Maruti,Maruti BalenoDelta Diesel,2016,"74,248kms",Diesel,Manual,₹3.91 Lakh,delhi-ncr
Honda,Honda CityZX CVT,2017,"53,303kms",Petrol,Automatic,₹6.59 Lakh,delhi-ncr
Hyundai,Hyundai i20Asta 1.2,2024,"13,505kms",Petrol,Manual,₹9.38 Lakh,delhi-ncr
Toyota,Toyota Corolla AltisPetrol LE,2016,"1,11,583kms",Petrol,Manual,₹6.74 Lakh,delhi-ncr
Hyundai,Hyundai Grand i10 NiosSportz,2023,"5,230kms",Petrol,Manual,₹6.22 Lakh,delhi-ncr
Maruti,Maruti Ciaz1.4 Zeta,2022,"42,776kms",Petrol,Manual,₹7.57 Lakh,delhi-ncr
Maruti,Maruti Ciaz1.4 Alpha,2019,"61,358kms",Petrol,Manual,₹6.06 Lakh,delhi-ncr
Maruti,Maruti Grand VitaraDelta,2024,"23,538kms",Petrol,Manual,₹9.64 Lakh,delhi-ncr
Maruti,Maruti Vitara BrezzaVXI,2022,"3,406kms",Petrol,Manual,₹7.56 Lakh,delhi-ncr
Honda,Honda AmazeV CVT,2020,"46,435kms",Petrol,Automatic,₹6.10 Lakh,delhi-ncr
Toyota,Toyota GlanzaV AMT,2022,"53,804kms",Petrol,Automatic,₹6.76 Lakh,delhi-ncr
Honda,Honda JazzZX,2021,"34,594kms",Petrol,Manual,₹6.74 Lakh,delhi-ncr
Maruti,Maruti Alto K10VXI,2015,"63,000kms",Petrol,Manual,₹2.45 Lakh,delhi-ncr
MG,MG HectorSharp DCT,2020,"72,067kms",Petrol,Automatic,₹9.76 Lakh,delhi-ncr
Maruti,Maruti CiazSigma BSIV,2018,"45,657kms",Petrol,Manual,₹4.26 Lakh,delhi-ncr
Maruti,Maruti SwiftVXI,2014,"77,371kms",Petrol,Manual,₹2.84 Lakh,delhi-ncr
Hyundai,Hyundai Grand i101.2 Kappa Magna BSIV,2014,"95,675kms",Petrol,Manual,₹2.71 Lakh,delhi-ncr
Maruti,Maruti SwiftVXI,2021,"21,764kms",Petrol,Manual,₹5.17 Lakh,delhi-ncr
Tata,Tata NexonXZ Plus BSVI,2021,"90,829kms",Petrol,Manual,₹5.60 Lakh,delhi-ncr
Maruti,Maruti BalenoZeta AMT,2017,"71,861kms",Petrol,Automatic,₹3.93 Lakh,delhi-ncr
Maruti,Maruti BalenoDelta Diesel,2016,"74,248kms",Diesel,Manual,₹3.91 Lakh,delhi-ncr
Honda,Honda CityZX CVT,2017,"53,303kms",Petrol,Automatic,₹6.59 Lakh,delhi-ncr
Hyundai,Hyundai i20Asta 1.2,2024,"13,505kms",Petrol,Manual,₹9.38 Lakh,delhi-ncr
Toyota,Toyota Corolla AltisPetrol LE,2016,"1,11,583kms",Petrol,Manual,₹6.74 Lakh,delhi-ncr
Hyundai,Hyundai Grand i10 NiosSportz,2023,"5,230kms",Petrol,Manual,₹6.22 Lakh,delhi-ncr
Maruti,Maruti Ciaz1.4 Zeta,2022,"42,776kms",Petrol,Manual,₹7.57 Lakh,delhi-ncr
Honda,Honda AmazeV CVT,2020,"46,435kms",Petrol,Automatic,₹6.10 Lakh,delhi-ncr
Toyota,Toyota GlanzaV AMT,2022,"53,804kms",Petrol,Automatic,₹6.76 Lakh,delhi-ncr
Honda,Honda JazzZX,2021,"34,594kms",Petrol,Manual,₹6.74 Lakh,delhi-ncr
Maruti,Maruti Ciaz1.4 Alpha,2019,"61,358kms",Petrol,Manual,₹6.06 Lakh,delhi-ncr
Maruti,Maruti Grand VitaraDelta,2024,"23,538kms",Petrol,Manual,₹9.64 Lakh,delhi-ncr
Maruti,Maruti Vitara BrezzaVXI,2022,"3,406kms",Petrol,Manual,₹7.56 Lakh,delhi-ncr
Maruti,Maruti Alto K10VXI,2015,"63,000kms",Petrol,Manual,₹2.45 Lakh,delhi-ncr
MG,MG HectorSharp DCT,2020,"72,067kms",Petrol,Automatic,₹9.76 Lakh,delhi-ncr
Maruti,Maruti CiazSigma BSIV,2018,"45,657kms",Petrol,Manual,₹4.26 Lakh,delhi-ncr
Maruti,Maruti SwiftVXI,2014,"77,371kms",Petrol,Manual,₹2.84 Lakh,delhi-ncr
Hyundai,Hyundai Grand i101.2 Kappa Magna BSIV,2014,"95,675kms",Petrol,Manual,₹2.71 Lakh,delhi-ncr
Maruti,Maruti SwiftVXI,2021,"21,764kms",Petrol,Manual,₹5.17 Lakh,delhi-ncr
Tata,Tata NexonXZ Plus BSVI,2021,"90,829kms",Petrol,Manual,₹5.60 Lakh,delhi-ncr
Maruti,Maruti BalenoZeta AMT,2017,"71,861kms",Petrol,Automatic,₹3.93 Lakh,delhi-ncr
Maruti,Maruti BalenoDelta Diesel,2016,"74,248kms",Diesel,Manual,₹3.91 Lakh,delhi-ncr
Honda,Honda CityZX CVT,2017,"53,303kms",Petrol,Automatic,₹6.59 Lakh,delhi-ncr
Hyundai,Hyundai Grand i10 NiosSportz,2023,"5,230kms",Petrol,Manual,₹6.22 Lakh,delhi-ncr
Maruti,Maruti Ciaz1.4 Zeta,2022,"42,776kms",Petrol,Manual,₹7.57 Lakh,delhi-ncr
Maruti,Maruti Ciaz1.4 Alpha,2019,"61,358kms",Petrol,Manual,₹6.06 Lakh,delhi-ncr
Maruti,Maruti Grand VitaraDelta,2024,"23,538kms",Petrol,Manual,₹9.64 Lakh,delhi-ncr
Maruti,Maruti Vitara BrezzaVXI,2022,"3,406kms",Petrol,Manual,₹7.56 Lakh,delhi-ncr
Hyundai,Hyundai i20Asta 1.2,2024,"13,505kms",Petrol,Manual,₹9.38 Lakh,delhi-ncr
Toyota,Toyota Corolla AltisPetrol LE,2016,"1,11,583kms",Petrol,Manual,₹6.74 Lakh,delhi-ncr
Honda,Honda JazzZX,2021,"34,594kms",Petrol,Manual,₹6.74 Lakh,delhi-ncr
Honda,Honda AmazeV CVT,2020,"46,435kms",Petrol,Automatic,₹6.10 Lakh,delhi-ncr
Toyota,Toyota GlanzaV AMT,2022,"53,804kms",Petrol,Automatic,₹6.76 Lakh,delhi-ncr
Maruti,Maruti Alto K10VXI,2015,"63,000kms",Petrol,Manual,₹2.45 Lakh,delhi-ncr
MG,MG HectorSharp DCT,2020,"72,067kms",Petrol,Automatic,₹9.76 Lakh,delhi-ncr
Maruti,Maruti CiazSigma BSIV,2018,"45,657kms",Petrol,Manual,₹4.26 Lakh,delhi-ncr
Maruti,Maruti SwiftVXI,2014,"77,371kms",Petrol,Manual,₹2.84 Lakh,delhi-ncr
Hyundai,Hyundai Grand i101.2 Kappa Magna BSIV,2014,"95,675kms",Petrol,Manual,₹2.71 Lakh,delhi-ncr
Maruti,Maruti SwiftVXI,2021,"21,764kms",Petrol,Manual,₹5.17 Lakh,delhi-ncr
Tata,Tata NexonXZ Plus BSVI,2021,"90,829kms",Petrol,Manual,₹5.60 Lakh,delhi-ncr
Maruti,Maruti BalenoZeta AMT,2017,"71,861kms",Petrol,Automatic,₹3.93 Lakh,delhi-ncr
Maruti,Maruti BalenoDelta Diesel,2016,"74,248kms",Diesel,Manual,₹3.91 Lakh,delhi-ncr
Honda,Honda CityZX CVT,2017,"53,303kms",Petrol,Automatic,₹6.59 Lakh,delhi-ncr
Hyundai,Hyundai i20Asta 1.2,2024,"13,505kms",Petrol,Manual,₹9.38 Lakh,delhi-ncr
Toyota,Toyota Corolla AltisPetrol LE,2016,"1,11,583kms",Petrol,Manual,₹6.74 Lakh,delhi-ncr
Hyundai,Hyundai Grand i10 NiosSportz,2023,"5,230kms",Petrol,Manual,₹6.22 Lakh,delhi-ncr
Maruti,Maruti Ciaz1.4 Zeta,2022,"42,776kms",Petrol,Manual,₹7.57 Lakh,delhi-ncr
Maruti,Maruti Ciaz1.4 Alpha,2019,"61,358kms",Petrol,Manual,₹6.06 Lakh,delhi-ncr
Maruti,Maruti Grand VitaraDelta,2024,"23,538kms",Petrol,Manual,₹9.64 Lakh,delhi-ncr
Maruti,Maruti Vitara BrezzaVXI,2022,"3,406kms",Petrol,Manual,₹7.56 Lakh,delhi-ncr
Honda,Honda AmazeV CVT,2020,"46,435kms",Petrol,Automatic,₹6.10 Lakh,delhi-ncr
Toyota,Toyota GlanzaV AMT,2022,"53,804kms",Petrol,Automatic,₹6.76 Lakh,delhi-ncr
Honda,Honda JazzZX,2021,"34,594kms",Petrol,Manual,₹6.74 Lakh,delhi-ncr
Maruti,Maruti Alto K10VXI,2015,"63,000kms",Petrol,Manual,₹2.45 Lakh,delhi-ncr
MG,MG HectorSharp DCT,2020,"72,067kms",Petrol,Automatic,₹9.76 Lakh,delhi-ncr
Maruti,Maruti CiazSigma BSIV,2018,"45,657kms",Petrol,Manual,₹4.26 Lakh,delhi-ncr
Maruti,Maruti SwiftVXI,2014,"77,371kms",Petrol,Manual,₹2.84 Lakh,delhi-ncr
Hyundai,Hyundai Grand i101.2 Kappa Magna BSIV,2014,"95,675kms",Petrol,Manual,₹2.71 Lakh,delhi-ncr
Maruti,Maruti SwiftVXI,2021,"21,764kms",Petrol,Manual,₹5.17 Lakh,delhi-ncr
Tata,Tata NexonXZ Plus BSVI,2021,"90,829kms",Petrol,Manual,₹5.60 Lakh,delhi-ncr
Maruti,Maruti BalenoZeta AMT,2017,"71,861kms",Petrol,Automatic,₹3.93 Lakh,delhi-ncr
Maruti,Maruti BalenoDelta Diesel,2016,"74,248kms",Diesel,Manual,₹3.91 Lakh,delhi-ncr
Honda,Honda CityZX CVT,2017,"53,303kms",Petrol,Automatic,₹6.59 Lakh,delhi-ncr
Hyundai,Hyundai Grand i10 NiosSportz,2023,"5,230kms",Petrol,Manual,₹6.22 Lakh,delhi-ncr
Maruti,Maruti Ciaz1.4 Zeta,2022,"42,776kms",Petrol,Manual,₹7.57 Lakh,delhi-ncr
Maruti,Maruti Ciaz1.4 Alpha,2019,"61,358kms",Petrol,Manual,₹6.06 Lakh,delhi-ncr
Maruti,Maruti Grand VitaraDelta,2024,"23,538kms",Petrol,Manual,₹9.64 Lakh,delhi-ncr
Maruti,Maruti Vitara BrezzaVXI,2022,"3,406kms",Petrol,Manual,₹7.56 Lakh,delhi-ncr
Hyundai,Hyundai i20Asta 1.2,2024,"13,505kms",Petrol,Manual,₹9.38 Lakh,delhi-ncr
Toyota,Toyota Corolla AltisPetrol LE,2016,"1,11,583kms",Petrol,Manual,₹6.74 Lakh,delhi-ncr
Honda,Honda JazzZX,2021,"34,594kms",Petrol,Manual,₹6.74 Lakh,delhi-ncr
Honda,Honda AmazeV CVT,2020,"46,435kms",Petrol,Automatic,₹6.10 Lakh,delhi-ncr
Toyota,Toyota GlanzaV AMT,2022,"53,804kms",Petrol,Automatic,₹6.76 Lakh,delhi-ncr
Maruti,Maruti Alto K10VXI,2015,"63,000kms",Petrol,Manual,₹2.45 Lakh,delhi-ncr
MG,MG HectorSharp DCT,2020,"72,067kms",Petrol,Automatic,₹9.76 Lakh,delhi-ncr
Maruti,Maruti CiazSigma BSIV,2018,"45,657kms",Petrol,Manual,₹4.26 Lakh,delhi-ncr
Maruti,Maruti SwiftVXI,2014,"77,371kms",Petrol,Manual,₹2.84 Lakh,delhi-ncr
Hyundai,Hyundai Grand i101.2 Kappa Magna BSIV,2014,"95,675kms",Petrol,Manual,₹2.71 Lakh,delhi-ncr
Maruti,Maruti SwiftVXI,2021,"21,764kms",Petrol,Manual,₹5.17 Lakh,delhi-ncr
Tata,Tata NexonXZ Plus BSVI,2021,"90,829kms",Petrol,Manual,₹5.60 Lakh,delhi-ncr
Maruti,Maruti BalenoZeta AMT,2017,"71,861kms",Petrol,Automatic,₹3.93 Lakh,delhi-ncr
Maruti,Maruti BalenoDelta Diesel,2016,"74,248kms",Diesel,Manual,₹3.91 Lakh,delhi-ncr
Honda,Honda CityZX CVT,2017,"53,303kms",Petrol,Automatic,₹6.59 Lakh,delhi-ncr
Hyundai,Hyundai i20Asta 1.2,2024,"13,505kms",Petrol,Manual,₹9.38 Lakh,delhi-ncr
Toyota,Toyota Corolla AltisPetrol LE,2016,"1,11,583kms",Petrol,Manual,₹6.74 Lakh,delhi-ncr
Hyundai,Hyundai Grand i10 NiosSportz,2023,"5,230kms",Petrol,Manual,₹6.22 Lakh,delhi-ncr
Maruti,Maruti Ciaz1.4 Zeta,2022,"42,776kms",Petrol,Manual,₹7.57 Lakh,delhi-ncr
Maruti,Maruti Ciaz1.4 Alpha,2019,"61,358kms",Petrol,Manual,₹6.06 Lakh,delhi-ncr
Maruti,Maruti Grand VitaraDelta,2024,"23,538kms",Petrol,Manual,₹9.64 Lakh,delhi-ncr
Maruti,Maruti Vitara BrezzaVXI,2022,"3,406kms",Petrol,Manual,₹7.56 Lakh,delhi-ncr
Honda,Honda AmazeV CVT,2020,"46,435kms",Petrol,Automatic,₹6.10 Lakh,delhi-ncr
Toyota,Toyota GlanzaV AMT,2022,"53,804kms",Petrol,Automatic,₹6.76 Lakh,delhi-ncr
Honda,Honda JazzZX,2021,"34,594kms",Petrol,Manual,₹6.74 Lakh,delhi-ncr
Maruti,Maruti Alto K10VXI,2015,"63,000kms",Petrol,Manual,₹2.45 Lakh,delhi-ncr
MG,MG HectorSharp DCT,2020,"72,067kms",Petrol,Automatic,₹9.76 Lakh,delhi-ncr
Maruti,Maruti CiazSigma BSIV,2018,"45,657kms",Petrol,Manual,₹4.26 Lakh,delhi-ncr
Maruti,Maruti SwiftVXI,2014,"77,371kms",Petrol,Manual,₹2.84 Lakh,delhi-ncr
Hyundai,Hyundai Grand i101.2 Kappa Magna BSIV,2014,"95,675kms",Petrol,Manual,₹2.71 Lakh,delhi-ncr
Maruti,Maruti SwiftVXI,2021,"21,764kms",Petrol,Manual,₹5.17 Lakh,delhi-ncr
Tata,Tata NexonXZ Plus BSVI,2021,"90,829kms",Petrol,Manual,₹5.60 Lakh,delhi-ncr
Maruti,Maruti BalenoZeta AMT,2017,"71,861kms",Petrol,Automatic,₹3.93 Lakh,delhi-ncr
Maruti,Maruti BalenoDelta Diesel,2016,"74,248kms",Diesel,Manual,₹3.91 Lakh,delhi-ncr
Honda,Honda CityZX CVT,2017,"53,303kms",Petrol,Automatic,₹6.59 Lakh,delhi-ncr
Hyundai,Hyundai i20Asta 1.2,2024,"13,505kms",Petrol,Manual,₹9.38 Lakh,delhi-ncr
Toyota,Toyota Corolla AltisPetrol LE,2016,"1,11,583kms",Petrol,Manual,₹6.74 Lakh,delhi-ncr
Hyundai,Hyundai Grand i10 NiosSportz,2023,"5,230kms",Petrol,Manual,₹6.22 Lakh,delhi-ncr
Maruti,Maruti Ciaz1.4 Zeta,2022,"42,776kms",Petrol,Manual,₹7.57 Lakh,delhi-ncr
Maruti,Maruti Ciaz1.4 Alpha,2019,"61,358kms",Petrol,Manual,₹6.06 Lakh,delhi-ncr
Maruti,Maruti Grand VitaraDelta,2024,"23,538kms",Petrol,Manual,₹9.64 Lakh,delhi-ncr
Maruti,Maruti Vitara BrezzaVXI,2022,"3,406kms",Petrol,Manual,₹7.56 Lakh,delhi-ncr
Honda,Honda AmazeV CVT,2020,"46,435kms",Petrol,Automatic,₹6.10 Lakh,delhi-ncr
Toyota,Toyota GlanzaV AMT,2022,"53,804kms",Petrol,Automatic,₹6.76 Lakh,delhi-ncr
Honda,Honda JazzZX,2021,"34,594kms",Petrol,Manual,₹6.74 Lakh,delhi-ncr
Maruti,Maruti Alto K10VXI,2015,"63,000kms",Petrol,Manual,₹2.45 Lakh,delhi-ncr
MG,MG HectorSharp DCT,2020,"72,067kms",Petrol,Automatic,₹9.76 Lakh,delhi-ncr
Maruti,Maruti CiazSigma BSIV,2018,"45,657kms",Petrol,Manual,₹4.26 Lakh,delhi-ncr
Maruti,Maruti SwiftVXI,2014,"77,371kms",Petrol,Manual,₹2.84 Lakh,delhi-ncr
Hyundai,Hyundai Grand i101.2 Kappa Magna BSIV,2014,"95,675kms",Petrol,Manual,₹2.71 Lakh,delhi-ncr
Maruti,Maruti SwiftVXI,2021,"21,764kms",Petrol,Manual,₹5.17 Lakh,delhi-ncr
Tata,Tata NexonXZ Plus BSVI,2021,"90,829kms",Petrol,Manual,₹5.60 Lakh,delhi-ncr
Maruti,Maruti BalenoZeta AMT,2017,"71,861kms",Petrol,Automatic,₹3.93 Lakh,delhi-ncr
Maruti,Maruti BalenoDelta Diesel,2016,"74,248kms",Diesel,Manual,₹3.91 Lakh,delhi-ncr
Honda,Honda CityZX CVT,2017,"53,303kms",Petrol,Automatic,₹6.59 Lakh,delhi-ncr
Hyundai,Hyundai i20Asta 1.2,2024,"13,505kms",Petrol,Manual,₹9.38 Lakh,delhi-ncr
Toyota,Toyota Corolla AltisPetrol LE,2016,"1,11,583kms",Petrol,Manual,₹6.74 Lakh,delhi-ncr
Hyundai,Hyundai Grand i10 NiosSportz,2023,"5,230kms",Petrol,Manual,₹6.22 Lakh,delhi-ncr
Maruti,Maruti Ciaz1.4 Zeta,2022,"42,776kms",Petrol,Manual,₹7.57 Lakh,delhi-ncr
Honda,Honda AmazeV CVT,2020,"46,435kms",Petrol,Automatic,₹6.10 Lakh,delhi-ncr
Toyota,Toyota GlanzaV AMT,2022,"53,804kms",Petrol,Automatic,₹6.76 Lakh,delhi-ncr
Honda,Honda JazzZX,2021,"34,594kms",Petrol,Manual,₹6.74 Lakh,delhi-ncr
Maruti,Maruti Ciaz1.4 Alpha,2019,"61,358kms",Petrol,Manual,₹6.06 Lakh,delhi-ncr
Maruti,Maruti Grand VitaraDelta,2024,"23,538kms",Petrol,Manual,₹9.64 Lakh,delhi-ncr
Maruti,Maruti Vitara BrezzaVXI,2022,"3,406kms",Petrol,Manual,₹7.56 Lakh,delhi-ncr
Maruti,Maruti Alto K10VXI,2015,"63,000kms",Petrol,Manual,₹2.45 Lakh,delhi-ncr
MG,MG HectorSharp DCT,2020,"72,067kms",Petrol,Automatic,₹9.76 Lakh,delhi-ncr
Maruti,Maruti CiazSigma BSIV,2018,"45,657kms",Petrol,Manual,₹4.26 Lakh,delhi-ncr
Maruti,Maruti SwiftVXI,2014,"77,371kms",Petrol,Manual,₹2.84 Lakh,delhi-ncr
Hyundai,Hyundai Grand i101.2 Kappa Magna BSIV,2014,"95,675kms",Petrol,Manual,₹2.71 Lakh,delhi-ncr
Maruti,Maruti SwiftVXI,2021,"21,764kms",Petrol,Manual,₹5.17 Lakh,delhi-ncr
Tata,Tata NexonXZ Plus BSVI,2021,"90,829kms",Petrol,Manual,₹5.60 Lakh,delhi-ncr
Maruti,Maruti BalenoZeta AMT,2017,"71,861kms",Petrol,Automatic,₹3.93 Lakh,delhi-ncr
Maruti,Maruti BalenoDelta Diesel,2016,"74,248kms",Diesel,Manual,₹3.91 Lakh,delhi-ncr
Honda,Honda CityZX CVT,2017,"53,303kms",Petrol,Automatic,₹6.59 Lakh,delhi-ncr
Hyundai,Hyundai i20Asta 1.2,2024,"13,505kms",Petrol,Manual,₹9.38 Lakh,delhi-ncr
Toyota,Toyota Corolla AltisPetrol LE,2016,"1,11,583kms",Petrol,Manual,₹6.74 Lakh,delhi-ncr
Hyundai,Hyundai Grand i10 NiosSportz,2023,"5,230kms",Petrol,Manual,₹6.22 Lakh,delhi-ncr
Maruti,Maruti Ciaz1.4 Zeta,2022,"42,776kms",Petrol,Manual,₹7.57 Lakh,delhi-ncr
Honda,Honda AmazeV CVT,2020,"46,435kms",Petrol,Automatic,₹6.10 Lakh,delhi-ncr
Toyota,Toyota GlanzaV AMT,2022,"53,804kms",Petrol,Automatic,₹6.76 Lakh,delhi-ncr
Honda,Honda JazzZX,2021,"34,594kms",Petrol,Manual,₹6.74 Lakh,delhi-ncr
Maruti,Maruti Ciaz1.4 Alpha,2019,"61,358kms",Petrol,Manual,₹6.06 Lakh,delhi-ncr
Maruti,Maruti Grand VitaraDelta,2024,"23,538kms",Petrol,Manual,₹9.64 Lakh,delhi-ncr
Maruti,Maruti Vitara BrezzaVXI,2022,"3,406kms",Petrol,Manual,₹7.56 Lakh,delhi-ncr
Maruti,Maruti Alto K10VXI,2015,"63,000kms",Petrol,Manual,₹2.45 Lakh,delhi-ncr
MG,MG HectorSharp DCT,2020,"72,067kms",Petrol,Automatic,₹9.76 Lakh,delhi-ncr
Maruti,Maruti CiazSigma BSIV,2018,"45,657kms",Petrol,Manual,₹4.26 Lakh,delhi-ncr
Maruti,Maruti SwiftVXI,2014,"77,371kms",Petrol,Manual,₹2.84 Lakh,delhi-ncr
Hyundai,Hyundai Grand i101.2 Kappa Magna BSIV,2014,"95,675kms",Petrol,Manual,₹2.71 Lakh,delhi-ncr
Maruti,Maruti SwiftVXI,2021,"21,764kms",Petrol,Manual,₹5.17 Lakh,delhi-ncr
Tata,Tata NexonXZ Plus BSVI,2021,"90,829kms",Petrol,Manual,₹5.60 Lakh,delhi-ncr
Maruti,Maruti BalenoZeta AMT,2017,"71,861kms",Petrol,Automatic,₹3.93 Lakh,delhi-ncr
Maruti,Maruti BalenoDelta Diesel,2016,"74,248kms",Diesel,Manual,₹3.91 Lakh,delhi-ncr
Honda,Honda CityZX CVT,2017,"53,303kms",Petrol,Automatic,₹6.59 Lakh,delhi-ncr
Hyundai,Hyundai i20Asta 1.2,2024,"13,505kms",Petrol,Manual,₹9.38 Lakh,delhi-ncr
Toyota,Toyota Corolla AltisPetrol LE,2016,"1,11,583kms",Petrol,Manual,₹6.74 Lakh,delhi-ncr
Hyundai,Hyundai Grand i10 NiosSportz,2023,"5,230kms",Petrol,Manual,₹6.22 Lakh,delhi-ncr
Maruti,Maruti Ciaz1.4 Zeta,2022,"42,776kms",Petrol,Manual,₹7.57 Lakh,delhi-ncr
Maruti,Maruti Ciaz1.4 Alpha,2019,"61,358kms",Petrol,Manual,₹6.06 Lakh,delhi-ncr
Maruti,Maruti Grand VitaraDelta,2024,"23,538kms",Petrol,Manual,₹9.64 Lakh,delhi-ncr
Maruti,Maruti Vitara BrezzaVXI,2022,"3,406kms",Petrol,Manual,₹7.56 Lakh,delhi-ncr
Honda,Honda AmazeV CVT,2020,"46,435kms",Petrol,Automatic,₹6.10 Lakh,delhi-ncr
Toyota,Toyota GlanzaV AMT,2022,"53,804kms",Petrol,Automatic,₹6.76 Lakh,delhi-ncr
Honda,Honda JazzZX,2021,"34,594kms",Petrol,Manual,₹6.74 Lakh,delhi-ncr
Maruti,Maruti Alto K10VXI,2015,"63,000kms",Petrol,Manual,₹2.45 Lakh,delhi-ncr
MG,MG HectorSharp DCT,2020,"72,067kms",Petrol,Automatic,₹9.76 Lakh,delhi-ncr
Maruti,Maruti CiazSigma BSIV,2018,"45,657kms",Petrol,Manual,₹4.26 Lakh,delhi-ncr
Maruti,Maruti SwiftVXI,2014,"77,371kms",Petrol,Manual,₹2.84 Lakh,delhi-ncr
Hyundai,Hyundai Grand i101.2 Kappa Magna BSIV,2014,"95,675kms",Petrol,Manual,₹2.71 Lakh,delhi-ncr
Maruti,Maruti SwiftVXI,2021,"21,764kms",Petrol,Manual,₹5.17 Lakh,delhi-ncr
Tata,Tata NexonXZ Plus BSVI,2021,"90,829kms",Petrol,Manual,₹5.60 Lakh,delhi-ncr
Maruti,Maruti BalenoZeta AMT,2017,"71,861kms",Petrol,Automatic,₹3.93 Lakh,delhi-ncr
Maruti,Maruti BalenoDelta Diesel,2016,"74,248kms",Diesel,Manual,₹3.91 Lakh,delhi-ncr
Honda,Honda CityZX CVT,2017,"53,303kms",Petrol,Automatic,₹6.59 Lakh,delhi-ncr
Hyundai,Hyundai i20Asta 1.2,2024,"13,505kms",Petrol,Manual,₹9.38 Lakh,delhi-ncr
Toyota,Toyota Corolla AltisPetrol LE,2016,"1,11,583kms",Petrol,Manual,₹6.74 Lakh,delhi-ncr
Hyundai,Hyundai Grand i10 NiosSportz,2023,"5,230kms",Petrol,Manual,₹6.22 Lakh,delhi-ncr
Maruti,Maruti Ciaz1.4 Zeta,2022,"42,776kms",Petrol,Manual,₹7.57 Lakh,delhi-ncr
Maruti,Maruti Ciaz1.4 Alpha,2019,"61,358kms",Petrol,Manual,₹6.06 Lakh,delhi-ncr
Maruti,Maruti Grand VitaraDelta,2024,"23,538kms",Petrol,Manual,₹9.64 Lakh,delhi-ncr
Maruti,Maruti Vitara BrezzaVXI,2022,"3,406kms",Petrol,Manual,₹7.56 Lakh,delhi-ncr
Honda,Honda AmazeV CVT,2020,"46,435kms",Petrol,Automatic,₹6.10 Lakh,delhi-ncr
Toyota,Toyota GlanzaV AMT,2022,"53,804kms",Petrol,Automatic,₹6.76 Lakh,delhi-ncr
Honda,Honda JazzZX,2021,"34,594kms",Petrol,Manual,₹6.74 Lakh,delhi-ncr
Maruti,Maruti Alto K10VXI,2015,"63,000kms",Petrol,Manual,₹2.45 Lakh,delhi-ncr
MG,MG HectorSharp DCT,2020,"72,067kms",Petrol,Automatic,₹9.76 Lakh,delhi-ncr
Maruti,Maruti CiazSigma BSIV,2018,"45,657kms",Petrol,Manual,₹4.26 Lakh,delhi-ncr
Maruti,Maruti SwiftVXI,2014,"77,371kms",Petrol,Manual,₹2.84 Lakh,delhi-ncr
Hyundai,Hyundai Grand i101.2 Kappa Magna BSIV,2014,"95,675kms",Petrol,Manual,₹2.71 Lakh,delhi-ncr
Maruti,Maruti SwiftVXI,2021,"21,764kms",Petrol,Manual,₹5.17 Lakh,delhi-ncr
Tata,Tata NexonXZ Plus BSVI,2021,"90,829kms",Petrol,Manual,₹5.60 Lakh,delhi-ncr
Maruti,Maruti BalenoZeta AMT,2017,"71,861kms",Petrol,Automatic,₹3.93 Lakh,delhi-ncr
Maruti,Maruti BalenoDelta Diesel,2016,"74,248kms",Diesel,Manual,₹3.91 Lakh,delhi-ncr
Honda,Honda CityZX CVT,2017,"53,303kms",Petrol,Automatic,₹6.59 Lakh,delhi-ncr
Hyundai,Hyundai Grand i10 NiosSportz,2023,"5,230kms",Petrol,Manual,₹6.22 Lakh,delhi-ncr
Maruti,Maruti Ciaz1.4 Zeta,2022,"42,776kms",Petrol,Manual,₹7.57 Lakh,delhi-ncr
Maruti,Maruti Ciaz1.4 Alpha,2019,"61,358kms",Petrol,Manual,₹6.06 Lakh,delhi-ncr
Maruti,Maruti Grand VitaraDelta,2024,"23,538kms",Petrol,Manual,₹9.64 Lakh,delhi-ncr
Maruti,Maruti Vitara BrezzaVXI,2022,"3,406kms",Petrol,Manual,₹7.56 Lakh,delhi-ncr
Hyundai,Hyundai i20Asta 1.2,2024,"13,505kms",Petrol,Manual,₹9.38 Lakh,delhi-ncr
Toyota,Toyota Corolla AltisPetrol LE,2016,"1,11,583kms",Petrol,Manual,₹6.74 Lakh,delhi-ncr
Honda,Honda JazzZX,2021,"34,594kms",Petrol,Manual,₹6.74 Lakh,delhi-ncr
Honda,Honda AmazeV CVT,2020,"46,435kms",Petrol,Automatic,₹6.10 Lakh,delhi-ncr
Toyota,Toyota GlanzaV AMT,2022,"53,804kms",Petrol,Automatic,₹6.76 Lakh,delhi-ncr
Maruti,Maruti Alto K10VXI,2015,"63,000kms",Petrol,Manual,₹2.45 Lakh,delhi-ncr
MG,MG HectorSharp DCT,2020,"72,067kms",Petrol,Automatic,₹9.76 Lakh,delhi-ncr
Maruti,Maruti CiazSigma BSIV,2018,"45,657kms",Petrol,Manual,₹4.26 Lakh,delhi-ncr
Maruti,Maruti SwiftVXI,2014,"77,371kms",Petrol,Manual,₹2.84 Lakh,delhi-ncr
Hyundai,Hyundai Grand i101.2 Kappa Magna BSIV,2014,"95,675kms",Petrol,Manual,₹2.71 Lakh,delhi-ncr
Maruti,Maruti SwiftVXI,2021,"21,764kms",Petrol,Manual,₹5.17 Lakh,delhi-ncr
Tata,Tata NexonXZ Plus BSVI,2021,"90,829kms",Petrol,Manual,₹5.60 Lakh,delhi-ncr
Maruti,Maruti BalenoZeta AMT,2017,"71,861kms",Petrol,Automatic,₹3.93 Lakh,delhi-ncr
Maruti,Maruti BalenoDelta Diesel,2016,"74,248kms",Diesel,Manual,₹3.91 Lakh,delhi-ncr
Honda,Honda CityZX CVT,2017,"53,303kms",Petrol,Automatic,₹6.59 Lakh,delhi-ncr
Hyundai,Hyundai Grand i10 NiosSportz,2023,"5,230kms",Petrol,Manual,₹6.22 Lakh,delhi-ncr
Maruti,Maruti Ciaz1.4 Zeta,2022,"42,776kms",Petrol,Manual,₹7.57 Lakh,delhi-ncr
Maruti,Maruti Ciaz1.4 Alpha,2019,"61,358kms",Petrol,Manual,₹6.06 Lakh,delhi-ncr
Maruti,Maruti Grand VitaraDelta,2024,"23,538kms",Petrol,Manual,₹9.64 Lakh,delhi-ncr
Maruti,Maruti Vitara BrezzaVXI,2022,"3,406kms",Petrol,Manual,₹7.56 Lakh,delhi-ncr
Hyundai,Hyundai i20Asta 1.2,2024,"13,505kms",Petrol,Manual,₹9.38 Lakh,delhi-ncr
Toyota,Toyota Corolla AltisPetrol LE,2016,"1,11,583kms",Petrol,Manual,₹6.74 Lakh,delhi-ncr
Honda,Honda JazzZX,2021,"34,594kms",Petrol,Manual,₹6.74 Lakh,delhi-ncr
Honda,Honda AmazeV CVT,2020,"46,435kms",Petrol,Automatic,₹6.10 Lakh,delhi-ncr
Toyota,Toyota GlanzaV AMT,2022,"53,804kms",Petrol,Automatic,₹6.76 Lakh,delhi-ncr
Maruti,Maruti Alto K10VXI,2015,"63,000kms",Petrol,Manual,₹2.45 Lakh,delhi-ncr
MG,MG HectorSharp DCT,2020,"72,067kms",Petrol,Automatic,₹9.76 Lakh,delhi-ncr
Maruti,Maruti CiazSigma BSIV,2018,"45,657kms",Petrol,Manual,₹4.26 Lakh,delhi-ncr
Maruti,Maruti SwiftVXI,2014,"77,371kms",Petrol,Manual,₹2.84 Lakh,delhi-ncr
Hyundai,Hyundai Grand i101.2 Kappa Magna BSIV,2014,"95,675kms",Petrol,Manual,₹2.71 Lakh,delhi-ncr
Maruti,Maruti SwiftVXI,2021,"21,764kms",Petrol,Manual,₹5.17 Lakh,delhi-ncr
Tata,Tata NexonXZ Plus BSVI,2021,"90,829kms",Petrol,Manual,₹5.60 Lakh,delhi-ncr
Maruti,Maruti BalenoZeta AMT,2017,"71,861kms",Petrol,Automatic,₹3.93 Lakh,delhi-ncr
Maruti,Maruti BalenoDelta Diesel,2016,"74,248kms",Diesel,Manual,₹3.91 Lakh,delhi-ncr
Honda,Honda CityZX CVT,2017,"53,303kms",Petrol,Automatic,₹6.59 Lakh,delhi-ncr
Hyundai,Hyundai Grand i10 NiosSportz,2023,"5,230kms",Petrol,Manual,₹6.22 Lakh,delhi-ncr
Maruti,Maruti Ciaz1.4 Zeta,2022,"42,776kms",Petrol,Manual,₹7.57 Lakh,delhi-ncr
Maruti,Maruti Ciaz1.4 Alpha,2019,"61,358kms",Petrol,Manual,₹6.06 Lakh,delhi-ncr
Maruti,Maruti Grand VitaraDelta,2024,"23,538kms",Petrol,Manual,₹9.64 Lakh,delhi-ncr
Maruti,Maruti Vitara BrezzaVXI,2022,"3,406kms",Petrol,Manual,₹7.56 Lakh,delhi-ncr
Hyundai,Hyundai i20Asta 1.2,2024,"13,505kms",Petrol,Manual,₹9.38 Lakh,delhi-ncr
Toyota,Toyota Corolla AltisPetrol LE,2016,"1,11,583kms",Petrol,Manual,₹6.74 Lakh,delhi-ncr
Honda,Honda JazzZX,2021,"34,594kms",Petrol,Manual,₹6.74 Lakh,delhi-ncr
Honda,Honda AmazeV CVT,2020,"46,435kms",Petrol,Automatic,₹6.10 Lakh,delhi-ncr
Toyota,Toyota GlanzaV AMT,2022,"53,804kms",Petrol,Automatic,₹6.76 Lakh,delhi-ncr
Maruti,Maruti Alto K10VXI,2015,"63,000kms",Petrol,Manual,₹2.45 Lakh,delhi-ncr
MG,MG HectorSharp DCT,2020,"72,067kms",Petrol,Automatic,₹9.76 Lakh,delhi-ncr
Maruti,Maruti CiazSigma BSIV,2018,"45,657kms",Petrol,Manual,₹4.26 Lakh,delhi-ncr
Maruti,Maruti SwiftVXI,2014,"77,371kms",Petrol,Manual,₹2.84 Lakh,delhi-ncr
Hyundai,Hyundai Grand i101.2 Kappa Magna BSIV,2014,"95,675kms",Petrol,Manual,₹2.71 Lakh,delhi-ncr
Maruti,Maruti SwiftVXI,2021,"21,764kms",Petrol,Manual,₹5.17 Lakh,delhi-ncr
Tata,Tata NexonXZ Plus BSVI,2021,"90,829kms",Petrol,Manual,₹5.60 Lakh,delhi-ncr
Maruti,Maruti BalenoZeta AMT,2017,"71,861kms",Petrol,Automatic,₹3.93 Lakh,delhi-ncr
Maruti,Maruti BalenoDelta Diesel,2016,"74,248kms",Diesel,Manual,₹3.91 Lakh,delhi-ncr
Honda,Honda CityZX CVT,2017,"53,303kms",Petrol,Automatic,₹6.59 Lakh,delhi-ncr
Hyundai,Hyundai i20Asta 1.2,2024,"13,505kms",Petrol,Manual,₹9.38 Lakh,delhi-ncr
Toyota,Toyota Corolla AltisPetrol LE,2016,"1,11,583kms",Petrol,Manual,₹6.74 Lakh,delhi-ncr
Hyundai,Hyundai Grand i10 NiosSportz,2023,"5,230kms",Petrol,Manual,₹6.22 Lakh,delhi-ncr
Maruti,Maruti Ciaz1.4 Zeta,2022,"42,776kms",Petrol,Manual,₹7.57 Lakh,delhi-ncr
Honda,Honda AmazeV CVT,2020,"46,435kms",Petrol,Automatic,₹6.10 Lakh,delhi-ncr
Toyota,Toyota GlanzaV AMT,2022,"53,804kms",Petrol,Automatic,₹6.76 Lakh,delhi-ncr
Honda,Honda JazzZX,2021,"34,594kms",Petrol,Manual,₹6.74 Lakh,delhi-ncr
Maruti,Maruti Ciaz1.4 Alpha,2019,"61,358kms",Petrol,Manual,₹6.06 Lakh,delhi-ncr
Maruti,Maruti Grand VitaraDelta,2024,"23,538kms",Petrol,Manual,₹9.64 Lakh,delhi-ncr
Maruti,Maruti Vitara BrezzaVXI,2022,"3,406kms",Petrol,Manual,₹7.56 Lakh,delhi-ncr
Maruti,Maruti Alto K10VXI,2015,"63,000kms",Petrol,Manual,₹2.45 Lakh,delhi-ncr
MG,MG HectorSharp DCT,2020,"72,067kms",Petrol,Automatic,₹9.76 Lakh,delhi-ncr
Maruti,Maruti CiazSigma BSIV,2018,"45,657kms",Petrol,Manual,₹4.26 Lakh,delhi-ncr
Maruti,Maruti SwiftVXI,2014,"77,371kms",Petrol,Manual,₹2.84 Lakh,delhi-ncr
Hyundai,Hyundai Grand i101.2 Kappa Magna BSIV,2014,"95,675kms",Petrol,Manual,₹2.71 Lakh,delhi-ncr
Maruti,Maruti SwiftVXI,2021,"21,764kms",Petrol,Manual,₹5.17 Lakh,delhi-ncr
Tata,Tata NexonXZ Plus BSVI,2021,"90,829kms",Petrol,Manual,₹5.60 Lakh,delhi-ncr
Maruti,Maruti BalenoZeta AMT,2017,"71,861kms",Petrol,Automatic,₹3.93 Lakh,delhi-ncr
Maruti,Maruti BalenoDelta Diesel,2016,"74,248kms",Diesel,Manual,₹3.91 Lakh,delhi-ncr
Honda,Honda CityZX CVT,2017,"53,303kms",Petrol,Automatic,₹6.59 Lakh,delhi-ncr
Hyundai,Hyundai Grand i10 NiosSportz,2023,"5,230kms",Petrol,Manual,₹6.22 Lakh,delhi-ncr
Maruti,Maruti Ciaz1.4 Zeta,2022,"42,776kms",Petrol,Manual,₹7.57 Lakh,delhi-ncr
Maruti,Maruti Ciaz1.4 Alpha,2019,"61,358kms",Petrol,Manual,₹6.06 Lakh,delhi-ncr
Maruti,Maruti Grand VitaraDelta,2024,"23,538kms",Petrol,Manual,₹9.64 Lakh,delhi-ncr
Maruti,Maruti Vitara BrezzaVXI,2022,"3,406kms",Petrol,Manual,₹7.56 Lakh,delhi-ncr
Hyundai,Hyundai i20Asta 1.2,2024,"13,505kms",Petrol,Manual,₹9.38 Lakh,delhi-ncr
Toyota,Toyota Corolla AltisPetrol LE,2016,"1,11,583kms",Petrol,Manual,₹6.74 Lakh,delhi-ncr
Honda,Honda JazzZX,2021,"34,594kms",Petrol,Manual,₹6.74 Lakh,delhi-ncr
Honda,Honda AmazeV CVT,2020,"46,435kms",Petrol,Automatic,₹6.10 Lakh,delhi-ncr
Toyota,Toyota GlanzaV AMT,2022,"53,804kms",Petrol,Automatic,₹6.76 Lakh,delhi-ncr
Maruti,Maruti Alto K10VXI,2015,"63,000kms",Petrol,Manual,₹2.45 Lakh,delhi-ncr
MG,MG HectorSharp DCT,2020,"72,067kms",Petrol,Automatic,₹9.76 Lakh,delhi-ncr
Maruti,Maruti CiazSigma BSIV,2018,"45,657kms",Petrol,Manual,₹4.26 Lakh,delhi-ncr
Maruti,Maruti SwiftVXI,2014,"77,371kms",Petrol,Manual,₹2.84 Lakh,delhi-ncr
Hyundai,Hyundai Grand i101.2 Kappa Magna BSIV,2014,"95,675kms",Petrol,Manual,₹2.71 Lakh,delhi-ncr
Maruti,Maruti SwiftVXI,2021,"21,764kms",Petrol,Manual,₹5.17 Lakh,delhi-ncr
Tata,Tata NexonXZ Plus BSVI,2021,"90,829kms",Petrol,Manual,₹5.60 Lakh,delhi-ncr
Maruti,Maruti BalenoZeta AMT,2017,"71,861kms",Petrol,Automatic,₹3.93 Lakh,delhi-ncr
Maruti,Maruti BalenoDelta Diesel,2016,"74,248kms",Diesel,Manual,₹3.91 Lakh,delhi-ncr
Honda,Honda CityZX CVT,2017,"53,303kms",Petrol,Automatic,₹6.59 Lakh,delhi-ncr
Hyundai,Hyundai i20Asta 1.2,2024,"13,505kms",Petrol,Manual,₹9.38 Lakh,delhi-ncr
Toyota,Toyota Corolla AltisPetrol LE,2016,"1,11,583kms",Petrol,Manual,₹6.74 Lakh,delhi-ncr
Hyundai,Hyundai Grand i10 NiosSportz,2023,"5,230kms",Petrol,Manual,₹6.22 Lakh,delhi-ncr
Maruti,Maruti Ciaz1.4 Zeta,2022,"42,776kms",Petrol,Manual,₹7.57 Lakh,delhi-ncr
Maruti,Maruti Ciaz1.4 Alpha,2019,"61,358kms",Petrol,Manual,₹6.06 Lakh,delhi-ncr
Maruti,Maruti Grand VitaraDelta,2024,"23,538kms",Petrol,Manual,₹9.64 Lakh,delhi-ncr
Maruti,Maruti Vitara BrezzaVXI,2022,"3,406kms",Petrol,Manual,₹7.56 Lakh,delhi-ncr
Honda,Honda AmazeV CVT,2020,"46,435kms",Petrol,Automatic,₹6.10 Lakh,delhi-ncr
Toyota,Toyota GlanzaV AMT,2022,"53,804kms",Petrol,Automatic,₹6.76 Lakh,delhi-ncr
Honda,Honda JazzZX,2021,"34,594kms",Petrol,Manual,₹6.74 Lakh,delhi-ncr
Maruti,Maruti Alto K10VXI,2015,"63,000kms",Petrol,Manual,₹2.45 Lakh,delhi-ncr
MG,MG HectorSharp DCT,2020,"72,067kms",Petrol,Automatic,₹9.76 Lakh,delhi-ncr
Maruti,Maruti CiazSigma BSIV,2018,"45,657kms",Petrol,Manual,₹4.26 Lakh,delhi-ncr
Maruti,Maruti SwiftVXI,2014,"77,371kms",Petrol,Manual,₹2.84 Lakh,delhi-ncr
Hyundai,Hyundai Grand i101.2 Kappa Magna BSIV,2014,"95,675kms",Petrol,Manual,₹2.71 Lakh,delhi-ncr
Maruti,Maruti SwiftVXI,2021,"21,764kms",Petrol,Manual,₹5.17 Lakh,delhi-ncr
Tata,Tata NexonXZ Plus BSVI,2021,"90,829kms",Petrol,Manual,₹5.60 Lakh,delhi-ncr
Maruti,Maruti BalenoZeta AMT,2017,"71,861kms",Petrol,Automatic,₹3.93 Lakh,delhi-ncr
Maruti,Maruti BalenoDelta Diesel,2016,"74,248kms",Diesel,Manual,₹3.91 Lakh,delhi-ncr
Honda,Honda CityZX CVT,2017,"53,303kms",Petrol,Automatic,₹6.59 Lakh,delhi-ncr
Hyundai,Hyundai Grand i10 NiosSportz,2023,"5,230kms",Petrol,Manual,₹6.22 Lakh,delhi-ncr
Maruti,Maruti Ciaz1.4 Zeta,2022,"42,776kms",Petrol,Manual,₹7.57 Lakh,delhi-ncr
Maruti,Maruti Ciaz1.4 Alpha,2019,"61,358kms",Petrol,Manual,₹6.06 Lakh,delhi-ncr
Maruti,Maruti Grand VitaraDelta,2024,"23,538kms",Petrol,Manual,₹9.64 Lakh,delhi-ncr
Maruti,Maruti Vitara BrezzaVXI,2022,"3,406kms",Petrol,Manual,₹7.56 Lakh,delhi-ncr
Hyundai,Hyundai i20Asta 1.2,2024,"13,505kms",Petrol,Manual,₹9.38 Lakh,delhi-ncr
Toyota,Toyota Corolla AltisPetrol LE,2016,"1,11,583kms",Petrol,Manual,₹6.74 Lakh,delhi-ncr
Honda,Honda JazzZX,2021,"34,594kms",Petrol,Manual,₹6.74 Lakh,delhi-ncr
Honda,Honda AmazeV CVT,2020,"46,435kms",Petrol,Automatic,₹6.10 Lakh,delhi-ncr
Toyota,Toyota GlanzaV AMT,2022,"53,804kms",Petrol,Automatic,₹6.76 Lakh,delhi-ncr
Maruti,Maruti Alto K10VXI,2015,"63,000kms",Petrol,Manual,₹2.45 Lakh,delhi-ncr
MG,MG HectorSharp DCT,2020,"72,067kms",Petrol,Automatic,₹9.76 Lakh,delhi-ncr
Maruti,Maruti CiazSigma BSIV,2018,"45,657kms",Petrol,Manual,₹4.26 Lakh,delhi-ncr
Maruti,Maruti SwiftVXI,2014,"77,371kms",Petrol,Manual,₹2.84 Lakh,delhi-ncr
Hyundai,Hyundai Grand i101.2 Kappa Magna BSIV,2014,"95,675kms",Petrol,Manual,₹2.71 Lakh,delhi-ncr
Maruti,Maruti SwiftVXI,2021,"21,764kms",Petrol,Manual,₹5.17 Lakh,delhi-ncr
Tata,Tata NexonXZ Plus BSVI,2021,"90,829kms",Petrol,Manual,₹5.60 Lakh,delhi-ncr
Maruti,Maruti BalenoZeta AMT,2017,"71,861kms",Petrol,Automatic,₹3.93 Lakh,delhi-ncr
Maruti,Maruti BalenoDelta Diesel,2016,"74,248kms",Diesel,Manual,₹3.91 Lakh,delhi-ncr
Honda,Honda CityZX CVT,2017,"53,303kms",Petrol,Automatic,₹6.59 Lakh,delhi-ncr
Hyundai,Hyundai i20Asta 1.2,2024,"13,505kms",Petrol,Manual,₹9.38 Lakh,delhi-ncr
Toyota,Toyota Corolla AltisPetrol LE,2016,"1,11,583kms",Petrol,Manual,₹6.74 Lakh,delhi-ncr
Hyundai,Hyundai Grand i10 NiosSportz,2023,"5,230kms",Petrol,Manual,₹6.22 Lakh,delhi-ncr
Maruti,Maruti Ciaz1.4 Zeta,2022,"42,776kms",Petrol,Manual,₹7.57 Lakh,delhi-ncr
Honda,Honda AmazeV CVT,2020,"46,435kms",Petrol,Automatic,₹6.10 Lakh,delhi-ncr
Toyota,Toyota GlanzaV AMT,2022,"53,804kms",Petrol,Automatic,₹6.76 Lakh,delhi-ncr
Honda,Honda JazzZX,2021,"34,594kms",Petrol,Manual,₹6.74 Lakh,delhi-ncr
Maruti,Maruti Ciaz1.4 Alpha,2019,"61,358kms",Petrol,Manual,₹6.06 Lakh,delhi-ncr
Maruti,Maruti Grand VitaraDelta,2024,"23,538kms",Petrol,Manual,₹9.64 Lakh,delhi-ncr
Maruti,Maruti Vitara BrezzaVXI,2022,"3,406kms",Petrol,Manual,₹7.56 Lakh,delhi-ncr
Maruti,Maruti Alto K10VXI,2015,"63,000kms",Petrol,Manual,₹2.45 Lakh,delhi-ncr
MG,MG HectorSharp DCT,2020,"72,067kms",Petrol,Automatic,₹9.76 Lakh,delhi-ncr
Maruti,Maruti CiazSigma BSIV,2018,"45,657kms",Petrol,Manual,₹4.26 Lakh,delhi-ncr
Maruti,Maruti SwiftVXI,2014,"77,371kms",Petrol,Manual,₹2.84 Lakh,delhi-ncr
Hyundai,Hyundai Grand i101.2 Kappa Magna BSIV,2014,"95,675kms",Petrol,Manual,₹2.71 Lakh,delhi-ncr
Maruti,Maruti SwiftVXI,2021,"21,764kms",Petrol,Manual,₹5.17 Lakh,delhi-ncr
Tata,Tata NexonXZ Plus BSVI,2021,"90,829kms",Petrol,Manual,₹5.60 Lakh,delhi-ncr
Maruti,Maruti BalenoZeta AMT,2017,"71,861kms",Petrol,Automatic,₹3.93 Lakh,delhi-ncr
Maruti,Maruti BalenoDelta Diesel,2016,"74,248kms",Diesel,Manual,₹3.91 Lakh,delhi-ncr
Honda,Honda CityZX CVT,2017,"53,303kms",Petrol,Automatic,₹6.59 Lakh,delhi-ncr
Hyundai,Hyundai i20Asta 1.2,2024,"13,505kms",Petrol,Manual,₹9.38 Lakh,delhi-ncr
Toyota,Toyota Corolla AltisPetrol LE,2016,"1,11,583kms",Petrol,Manual,₹6.74 Lakh,delhi-ncr
Hyundai,Hyundai Grand i10 NiosSportz,2023,"5,230kms",Petrol,Manual,₹6.22 Lakh,delhi-ncr
Maruti,Maruti Ciaz1.4 Zeta,2022,"42,776kms",Petrol,Manual,₹7.57 Lakh,delhi-ncr
Honda,Honda AmazeV CVT,2020,"46,435kms",Petrol,Automatic,₹6.10 Lakh,delhi-ncr
Toyota,Toyota GlanzaV AMT,2022,"53,804kms",Petrol,Automatic,₹6.76 Lakh,delhi-ncr
Honda,Honda JazzZX,2021,"34,594kms",Petrol,Manual,₹6.74 Lakh,delhi-ncr
Maruti,Maruti Ciaz1.4 Alpha,2019,"61,358kms",Petrol,Manual,₹6.06 Lakh,delhi-ncr
Maruti,Maruti Grand VitaraDelta,2024,"23,538kms",Petrol,Manual,₹9.64 Lakh,delhi-ncr
Maruti,Maruti Vitara BrezzaVXI,2022,"3,406kms",Petrol,Manual,₹7.56 Lakh,delhi-ncr
Maruti,Maruti Alto K10VXI,2015,"63,000kms",Petrol,Manual,₹2.45 Lakh,delhi-ncr
MG,MG HectorSharp DCT,2020,"72,067kms",Petrol,Automatic,₹9.76 Lakh,delhi-ncr
Maruti,Maruti CiazSigma BSIV,2018,"45,657kms",Petrol,Manual,₹4.26 Lakh,delhi-ncr
Maruti,Maruti SwiftVXI,2014,"77,371kms",Petrol,Manual,₹2.84 Lakh,delhi-ncr
Hyundai,Hyundai Grand i101.2 Kappa Magna BSIV,2014,"95,675kms",Petrol,Manual,₹2.71 Lakh,delhi-ncr
Maruti,Maruti SwiftVXI,2021,"21,764kms",Petrol,Manual,₹5.17 Lakh,delhi-ncr
Tata,Tata NexonXZ Plus BSVI,2021,"90,829kms",Petrol,Manual,₹5.60 Lakh,delhi-ncr
Maruti,Maruti BalenoZeta AMT,2017,"71,861kms",Petrol,Automatic,₹3.93 Lakh,delhi-ncr
Maruti,Maruti BalenoDelta Diesel,2016,"74,248kms",Diesel,Manual,₹3.91 Lakh,delhi-ncr
Honda,Honda CityZX CVT,2017,"53,303kms",Petrol,Automatic,₹6.59 Lakh,delhi-ncr
Hyundai,Hyundai Grand i10 NiosSportz,2023,"5,230kms",Petrol,Manual,₹6.22 Lakh,delhi-ncr
Maruti,Maruti Ciaz1.4 Zeta,2022,"42,776kms",Petrol,Manual,₹7.57 Lakh,delhi-ncr
Maruti,Maruti Ciaz1.4 Alpha,2019,"61,358kms",Petrol,Manual,₹6.06 Lakh,delhi-ncr
Maruti,Maruti Grand VitaraDelta,2024,"23,538kms",Petrol,Manual,₹9.64 Lakh,delhi-ncr
Maruti,Maruti Vitara BrezzaVXI,2022,"3,406kms",Petrol,Manual,₹7.56 Lakh,delhi-ncr
Hyundai,Hyundai i20Asta 1.2,2024,"13,505kms",Petrol,Manual,₹9.38 Lakh,delhi-ncr
Toyota,Toyota Corolla AltisPetrol LE,2016,"1,11,583kms",Petrol,Manual,₹6.74 Lakh,delhi-ncr
Honda,Honda JazzZX,2021,"34,594kms",Petrol,Manual,₹6.74 Lakh,delhi-ncr
Honda,Honda AmazeV CVT,2020,"46,435kms",Petrol,Automatic,₹6.10 Lakh,delhi-ncr
Toyota,Toyota GlanzaV AMT,2022,"53,804kms",Petrol,Automatic,₹6.76 Lakh,delhi-ncr
Maruti,Maruti Alto K10VXI,2015,"63,000kms",Petrol,Manual,₹2.45 Lakh,delhi-ncr
MG,MG HectorSharp DCT,2020,"72,067kms",Petrol,Automatic,₹9.76 Lakh,delhi-ncr
Maruti,Maruti CiazSigma BSIV,2018,"45,657kms",Petrol,Manual,₹4.26 Lakh,delhi-ncr
Maruti,Maruti SwiftVXI,2014,"77,371kms",Petrol,Manual,₹2.84 Lakh,delhi-ncr
Hyundai,Hyundai Grand i101.2 Kappa Magna BSIV,2014,"95,675kms",Petrol,Manual,₹2.71 Lakh,delhi-ncr
Maruti,Maruti SwiftVXI,2021,"21,764kms",Petrol,Manual,₹5.17 Lakh,delhi-ncr
Tata,Tata NexonXZ Plus BSVI,2021,"90,829kms",Petrol,Manual,₹5.60 Lakh,delhi-ncr
Maruti,Maruti BalenoZeta AMT,2017,"71,861kms",Petrol,Automatic,₹3.93 Lakh,delhi-ncr
Maruti,Maruti BalenoDelta Diesel,2016,"74,248kms",Diesel,Manual,₹3.91 Lakh,delhi-ncr
Honda,Honda CityZX CVT,2017,"53,303kms",Petrol,Automatic,₹6.59 Lakh,delhi-ncr
Hyundai,Hyundai i20Asta 1.2,2024,"13,505kms",Petrol,Manual,₹9.38 Lakh,delhi-ncr
Toyota,Toyota Corolla AltisPetrol LE,2016,"1,11,583kms",Petrol,Manual,₹6.74 Lakh,delhi-ncr
Hyundai,Hyundai Grand i10 NiosSportz,2023,"5,230kms",Petrol,Manual,₹6.22 Lakh,delhi-ncr
Maruti,Maruti Ciaz1.4 Zeta,2022,"42,776kms",Petrol,Manual,₹7.57 Lakh,delhi-ncr
Honda,Honda AmazeV CVT,2020,"46,435kms",Petrol,Automatic,₹6.10 Lakh,delhi-ncr
Toyota,Toyota GlanzaV AMT,2022,"53,804kms",Petrol,Automatic,₹6.76 Lakh,delhi-ncr
Honda,Honda JazzZX,2021,"34,594kms",Petrol,Manual,₹6.74 Lakh,delhi-ncr
Maruti,Maruti Ciaz1.4 Alpha,2019,"61,358kms",Petrol,Manual,₹6.06 Lakh,delhi-ncr
Maruti,Maruti Grand VitaraDelta,2024,"23,538kms",Petrol,Manual,₹9.64 Lakh,delhi-ncr
Maruti,Maruti Vitara BrezzaVXI,2022,"3,406kms",Petrol,Manual,₹7.56 Lakh,delhi-ncr
Maruti,Maruti Alto K10VXI,2015,"63,000kms",Petrol,Manual,₹2.45 Lakh,delhi-ncr
MG,MG HectorSharp DCT,2020,"72,067kms",Petrol,Automatic,₹9.76 Lakh,delhi-ncr
Maruti,Maruti CiazSigma BSIV,2018,"45,657kms",Petrol,Manual,₹4.26 Lakh,delhi-ncr
Maruti,Maruti SwiftVXI,2014,"77,371kms",Petrol,Manual,₹2.84 Lakh,delhi-ncr
Hyundai,Hyundai Grand i101.2 Kappa Magna BSIV,2014,"95,675kms",Petrol,Manual,₹2.71 Lakh,delhi-ncr
Maruti,Maruti SwiftVXI,2021,"21,764kms",Petrol,Manual,₹5.17 Lakh,delhi-ncr
Tata,Tata NexonXZ Plus BSVI,2021,"90,829kms",Petrol,Manual,₹5.60 Lakh,delhi-ncr
Maruti,Maruti BalenoZeta AMT,2017,"71,861kms",Petrol,Automatic,₹3.93 Lakh,delhi-ncr
Maruti,Maruti BalenoDelta Diesel,2016,"74,248kms",Diesel,Manual,₹3.91 Lakh,delhi-ncr
Honda,Honda CityZX CVT,2017,"53,303kms",Petrol,Automatic,₹6.59 Lakh,delhi-ncr
Hyundai,Hyundai Grand i10 NiosSportz,2023,"5,230kms",Petrol,Manual,₹6.22 Lakh,delhi-ncr
Maruti,Maruti Ciaz1.4 Zeta,2022,"42,776kms",Petrol,Manual,₹7.57 Lakh,delhi-ncr
Maruti,Maruti Ciaz1.4 Alpha,2019,"61,358kms",Petrol,Manual,₹6.06 Lakh,delhi-ncr
Maruti,Maruti Grand VitaraDelta,2024,"23,538kms",Petrol,Manual,₹9.64 Lakh,delhi-ncr
Maruti,Maruti Vitara BrezzaVXI,2022,"3,406kms",Petrol,Manual,₹7.56 Lakh,delhi-ncr
Hyundai,Hyundai i20Asta 1.2,2024,"13,505kms",Petrol,Manual,₹9.38 Lakh,delhi-ncr
Toyota,Toyota Corolla AltisPetrol LE,2016,"1,11,583kms",Petrol,Manual,₹6.74 Lakh,delhi-ncr
Honda,Honda JazzZX,2021,"34,594kms",Petrol,Manual,₹6.74 Lakh,delhi-ncr
Honda,Honda AmazeV CVT,2020,"46,435kms",Petrol,Automatic,₹6.10 Lakh,delhi-ncr
Toyota,Toyota GlanzaV AMT,2022,"53,804kms",Petrol,Automatic,₹6.76 Lakh,delhi-ncr
Maruti,Maruti Alto K10VXI,2015,"63,000kms",Petrol,Manual,₹2.45 Lakh,delhi-ncr
MG,MG HectorSharp DCT,2020,"72,067kms",Petrol,Automatic,₹9.76 Lakh,delhi-ncr
Maruti,Maruti CiazSigma BSIV,2018,"45,657kms",Petrol,Manual,₹4.26 Lakh,delhi-ncr
Maruti,Maruti SwiftVXI,2014,"77,371kms",Petrol,Manual,₹2.84 Lakh,delhi-ncr
Hyundai,Hyundai Grand i101.2 Kappa Magna BSIV,2014,"95,675kms",Petrol,Manual,₹2.71 Lakh,delhi-ncr
Maruti,Maruti SwiftVXI,2021,"21,764kms",Petrol,Manual,₹5.17 Lakh,delhi-ncr
Tata,Tata NexonXZ Plus BSVI,2021,"90,829kms",Petrol,Manual,₹5.60 Lakh,delhi-ncr
Maruti,Maruti BalenoZeta AMT,2017,"71,861kms",Petrol,Automatic,₹3.93 Lakh,delhi-ncr
Maruti,Maruti BalenoDelta Diesel,2016,"74,248kms",Diesel,Manual,₹3.91 Lakh,delhi-ncr
Honda,Honda CityZX CVT,2017,"53,303kms",Petrol,Automatic,₹6.59 Lakh,delhi-ncr
Hyundai,Hyundai i20Asta 1.2,2024,"13,505kms",Petrol,Manual,₹9.38 Lakh,delhi-ncr
Toyota,Toyota Corolla AltisPetrol LE,2016,"1,11,583kms",Petrol,Manual,₹6.74 Lakh,delhi-ncr
Hyundai,Hyundai Grand i10 NiosSportz,2023,"5,230kms",Petrol,Manual,₹6.22 Lakh,delhi-ncr
Maruti,Maruti Ciaz1.4 Zeta,2022,"42,776kms",Petrol,Manual,₹7.57 Lakh,delhi-ncr
Honda,Honda AmazeV CVT,2020,"46,435kms",Petrol,Automatic,₹6.10 Lakh,delhi-ncr
Toyota,Toyota GlanzaV AMT,2022,"53,804kms",Petrol,Automatic,₹6.76 Lakh,delhi-ncr
Honda,Honda JazzZX,2021,"34,594kms",Petrol,Manual,₹6.74 Lakh,delhi-ncr
Maruti,Maruti Ciaz1.4 Alpha,2019,"61,358kms",Petrol,Manual,₹6.06 Lakh,delhi-ncr
Maruti,Maruti Grand VitaraDelta,2024,"23,538kms",Petrol,Manual,₹9.64 Lakh,delhi-ncr
Maruti,Maruti Vitara BrezzaVXI,2022,"3,406kms",Petrol,Manual,₹7.56 Lakh,delhi-ncr
Maruti,Maruti Alto K10VXI,2015,"63,000kms",Petrol,Manual,₹2.45 Lakh,delhi-ncr
MG,MG HectorSharp DCT,2020,"72,067kms",Petrol,Automatic,₹9.76 Lakh,delhi-ncr
Maruti,Maruti CiazSigma BSIV,2018,"45,657kms",Petrol,Manual,₹4.26 Lakh,delhi-ncr
Maruti,Maruti SwiftVXI,2014,"77,371kms",Petrol,Manual,₹2.84 Lakh,delhi-ncr
Hyundai,Hyundai Grand i101.2 Kappa Magna BSIV,2014,"95,675kms",Petrol,Manual,₹2.71 Lakh,delhi-ncr
Maruti,Maruti SwiftVXI,2021,"21,764kms",Petrol,Manual,₹5.17 Lakh,delhi-ncr
Tata,Tata NexonXZ Plus BSVI,2021,"90,829kms",Petrol,Manual,₹5.60 Lakh,delhi-ncr
Maruti,Maruti BalenoZeta AMT,2017,"71,861kms",Petrol,Automatic,₹3.93 Lakh,delhi-ncr
Maruti,Maruti BalenoDelta Diesel,2016,"74,248kms",Diesel,Manual,₹3.91 Lakh,delhi-ncr
Honda,Honda CityZX CVT,2017,"53,303kms",Petrol,Automatic,₹6.59 Lakh,delhi-ncr
Hyundai,Hyundai Grand i10 NiosSportz,2023,"5,230kms",Petrol,Manual,₹6.22 Lakh,delhi-ncr
Maruti,Maruti Ciaz1.4 Zeta,2022,"42,776kms",Petrol,Manual,₹7.57 Lakh,delhi-ncr
Maruti,Maruti Ciaz1.4 Alpha,2019,"61,358kms",Petrol,Manual,₹6.06 Lakh,delhi-ncr
Maruti,Maruti Grand VitaraDelta,2024,"23,538kms",Petrol,Manual,₹9.64 Lakh,delhi-ncr
Maruti,Maruti Vitara BrezzaVXI,2022,"3,406kms",Petrol,Manual,₹7.56 Lakh,delhi-ncr
Hyundai,Hyundai i20Asta 1.2,2024,"13,505kms",Petrol,Manual,₹9.38 Lakh,delhi-ncr
Toyota,Toyota Corolla AltisPetrol LE,2016,"1,11,583kms",Petrol,Manual,₹6.74 Lakh,delhi-ncr
Honda,Honda JazzZX,2021,"34,594kms",Petrol,Manual,₹6.74 Lakh,delhi-ncr
Honda,Honda AmazeV CVT,2020,"46,435kms",Petrol,Automatic,₹6.10 Lakh,delhi-ncr
Toyota,Toyota GlanzaV AMT,2022,"53,804kms",Petrol,Automatic,₹6.76 Lakh,delhi-ncr
Maruti,Maruti Alto K10VXI,2015,"63,000kms",Petrol,Manual,₹2.45 Lakh,delhi-ncr
MG,MG HectorSharp DCT,2020,"72,067kms",Petrol,Automatic,₹9.76 Lakh,delhi-ncr
Maruti,Maruti CiazSigma BSIV,2018,"45,657kms",Petrol,Manual,₹4.26 Lakh,delhi-ncr
Maruti,Maruti SwiftVXI,2014,"77,371kms",Petrol,Manual,₹2.84 Lakh,delhi-ncr
Hyundai,Hyundai Grand i101.2 Kappa Magna BSIV,2014,"95,675kms",Petrol,Manual,₹2.71 Lakh,delhi-ncr
Maruti,Maruti SwiftVXI,2021,"21,764kms",Petrol,Manual,₹5.17 Lakh,delhi-ncr
Tata,Tata NexonXZ Plus BSVI,2021,"90,829kms",Petrol,Manual,₹5.60 Lakh,delhi-ncr
Maruti,Maruti BalenoZeta AMT,2017,"71,861kms",Petrol,Automatic,₹3.93 Lakh,delhi-ncr
Maruti,Maruti BalenoDelta Diesel,2016,"74,248kms",Diesel,Manual,₹3.91 Lakh,delhi-ncr
Honda,Honda CityZX CVT,2017,"53,303kms",Petrol,Automatic,₹6.59 Lakh,delhi-ncr
Hyundai,Hyundai i20Asta 1.2,2024,"13,505kms",Petrol,Manual,₹9.38 Lakh,delhi-ncr
Toyota,Toyota Corolla AltisPetrol LE,2016,"1,11,583kms",Petrol,Manual,₹6.74 Lakh,delhi-ncr
Hyundai,Hyundai Grand i10 NiosSportz,2023,"5,230kms",Petrol,Manual,₹6.22 Lakh,delhi-ncr
Maruti,Maruti Ciaz1.4 Zeta,2022,"42,776kms",Petrol,Manual,₹7.57 Lakh,delhi-ncr
Maruti,Maruti Ciaz1.4 Alpha,2019,"61,358kms",Petrol,Manual,₹6.06 Lakh,delhi-ncr
Maruti,Maruti Grand VitaraDelta,2024,"23,538kms",Petrol,Manual,₹9.64 Lakh,delhi-ncr
Maruti,Maruti Vitara BrezzaVXI,2022,"3,406kms",Petrol,Manual,₹7.56 Lakh,delhi-ncr
Honda,Honda AmazeV CVT,2020,"46,435kms",Petrol,Automatic,₹6.10 Lakh,delhi-ncr
Toyota,Toyota GlanzaV AMT,2022,"53,804kms",Petrol,Automatic,₹6.76 Lakh,delhi-ncr
Honda,Honda JazzZX,2021,"34,594kms",Petrol,Manual,₹6.74 Lakh,delhi-ncr
Maruti,Maruti Alto K10VXI,2015,"63,000kms",Petrol,Manual,₹2.45 Lakh,delhi-ncr
MG,MG HectorSharp DCT,2020,"72,067kms",Petrol,Automatic,₹9.76 Lakh,delhi-ncr
Maruti,Maruti CiazSigma BSIV,2018,"45,657kms",Petrol,Manual,₹4.26 Lakh,delhi-ncr
Maruti,Maruti SwiftVXI,2014,"77,371kms",Petrol,Manual,₹2.84 Lakh,delhi-ncr
Hyundai,Hyundai Grand i101.2 Kappa Magna BSIV,2014,"95,675kms",Petrol,Manual,₹2.71 Lakh,delhi-ncr
Maruti,Maruti SwiftVXI,2021,"21,764kms",Petrol,Manual,₹5.17 Lakh,delhi-ncr
Tata,Tata NexonXZ Plus BSVI,2021,"90,829kms",Petrol,Manual,₹5.60 Lakh,delhi-ncr
Maruti,Maruti BalenoZeta AMT,2017,"71,861kms",Petrol,Automatic,₹3.93 Lakh,delhi-ncr
Maruti,Maruti BalenoDelta Diesel,2016,"74,248kms",Diesel,Manual,₹3.91 Lakh,delhi-ncr
Honda,Honda CityZX CVT,2017,"53,303kms",Petrol,Automatic,₹6.59 Lakh,delhi-ncr
Hyundai,Hyundai i20Asta 1.2,2024,"13,505kms",Petrol,Manual,₹9.38 Lakh,delhi-ncr
Toyota,Toyota Corolla AltisPetrol LE,2016,"1,11,583kms",Petrol,Manual,₹6.74 Lakh,delhi-ncr
Hyundai,Hyundai Grand i10 NiosSportz,2023,"5,230kms",Petrol,Manual,₹6.22 Lakh,delhi-ncr
Maruti,Maruti Ciaz1.4 Zeta,2022,"42,776kms",Petrol,Manual,₹7.57 Lakh,delhi-ncr
Honda,Honda AmazeV CVT,2020,"46,435kms",Petrol,Automatic,₹6.10 Lakh,delhi-ncr
Toyota,Toyota GlanzaV AMT,2022,"53,804kms",Petrol,Automatic,₹6.76 Lakh,delhi-ncr
Honda,Honda JazzZX,2021,"34,594kms",Petrol,Manual,₹6.74 Lakh,delhi-ncr
Maruti,Maruti Ciaz1.4 Alpha,2019,"61,358kms",Petrol,Manual,₹6.06 Lakh,delhi-ncr
Maruti,Maruti Grand VitaraDelta,2024,"23,538kms",Petrol,Manual,₹9.64 Lakh,delhi-ncr
Maruti,Maruti Vitara BrezzaVXI,2022,"3,406kms",Petrol,Manual,₹7.56 Lakh,delhi-ncr
Maruti,Maruti Alto K10VXI,2015,"63,000kms",Petrol,Manual,₹2.45 Lakh,delhi-ncr
MG,MG HectorSharp DCT,2020,"72,067kms",Petrol,Automatic,₹9.76 Lakh,delhi-ncr
Maruti,Maruti CiazSigma BSIV,2018,"45,657kms",Petrol,Manual,₹4.26 Lakh,delhi-ncr
Maruti,Maruti SwiftVXI,2014,"77,371kms",Petrol,Manual,₹2.84 Lakh,delhi-ncr
Hyundai,Hyundai Grand i101.2 Kappa Magna BSIV,2014,"95,675kms",Petrol,Manual,₹2.71 Lakh,delhi-ncr
Maruti,Maruti SwiftVXI,2021,"21,764kms",Petrol,Manual,₹5.17 Lakh,delhi-ncr
Tata,Tata NexonXZ Plus BSVI,2021,"90,829kms",Petrol,Manual,₹5.60 Lakh,delhi-ncr
Maruti,Maruti BalenoZeta AMT,2017,"71,861kms",Petrol,Automatic,₹3.93 Lakh,delhi-ncr
Maruti,Maruti BalenoDelta Diesel,2016,"74,248kms",Diesel,Manual,₹3.91 Lakh,delhi-ncr
Honda,Honda CityZX CVT,2017,"53,303kms",Petrol,Automatic,₹6.59 Lakh,delhi-ncr
Hyundai,Hyundai i20Asta 1.2,2024,"13,505kms",Petrol,Manual,₹9.38 Lakh,delhi-ncr
Toyota,Toyota Corolla AltisPetrol LE,2016,"1,11,583kms",Petrol,Manual,₹6.74 Lakh,delhi-ncr
Hyundai,Hyundai Grand i10 NiosSportz,2023,"5,230kms",Petrol,Manual,₹6.22 Lakh,delhi-ncr
Maruti,Maruti Ciaz1.4 Zeta,2022,"42,776kms",Petrol,Manual,₹7.57 Lakh,delhi-ncr
Maruti,Maruti Ciaz1.4 Alpha,2019,"61,358kms",Petrol,Manual,₹6.06 Lakh,delhi-ncr
Maruti,Maruti Grand VitaraDelta,2024,"23,538kms",Petrol,Manual,₹9.64 Lakh,delhi-ncr
Maruti,Maruti Vitara BrezzaVXI,2022,"3,406kms",Petrol,Manual,₹7.56 Lakh,delhi-ncr
Honda,Honda AmazeV CVT,2020,"46,435kms",Petrol,Automatic,₹6.10 Lakh,delhi-ncr
Toyota,Toyota GlanzaV AMT,2022,"53,804kms",Petrol,Automatic,₹6.76 Lakh,delhi-ncr
Honda,Honda JazzZX,2021,"34,594kms",Petrol,Manual,₹6.74 Lakh,delhi-ncr
Maruti,Maruti Alto K10VXI,2015,"63,000kms",Petrol,Manual,₹2.45 Lakh,delhi-ncr
MG,MG HectorSharp DCT,2020,"72,067kms",Petrol,Automatic,₹9.76 Lakh,delhi-ncr
Maruti,Maruti CiazSigma BSIV,2018,"45,657kms",Petrol,Manual,₹4.26 Lakh,delhi-ncr
Maruti,Maruti SwiftVXI,2014,"77,371kms",Petrol,Manual,₹2.84 Lakh,delhi-ncr
Hyundai,Hyundai Grand i101.2 Kappa Magna BSIV,2014,"95,675kms",Petrol,Manual,₹2.71 Lakh,delhi-ncr
Maruti,Maruti SwiftVXI,2021,"21,764kms",Petrol,Manual,₹5.17 Lakh,delhi-ncr
Tata,Tata NexonXZ Plus BSVI,2021,"90,829kms",Petrol,Manual,₹5.60 Lakh,delhi-ncr
Maruti,Maruti BalenoZeta AMT,2017,"71,861kms",Petrol,Automatic,₹3.93 Lakh,delhi-ncr
Maruti,Maruti BalenoDelta Diesel,2016,"74,248kms",Diesel,Manual,₹3.91 Lakh,delhi-ncr
Honda,Honda CityZX CVT,2017,"53,303kms",Petrol,Automatic,₹6.59 Lakh,delhi-ncr
Hyundai,Hyundai i20Asta 1.2,2024,"13,505kms",Petrol,Manual,₹9.38 Lakh,delhi-ncr
Toyota,Toyota Corolla AltisPetrol LE,2016,"1,11,583kms",Petrol,Manual,₹6.74 Lakh,delhi-ncr
Hyundai,Hyundai Grand i10 NiosSportz,2023,"5,230kms",Petrol,Manual,₹6.22 Lakh,delhi-ncr
Maruti,Maruti Ciaz1.4 Zeta,2022,"42,776kms",Petrol,Manual,₹7.57 Lakh,delhi-ncr
Maruti,Maruti Ciaz1.4 Alpha,2019,"61,358kms",Petrol,Manual,₹6.06 Lakh,delhi-ncr
Maruti,Maruti Grand VitaraDelta,2024,"23,538kms",Petrol,Manual,₹9.64 Lakh,delhi-ncr
Maruti,Maruti Vitara BrezzaVXI,2022,"3,406kms",Petrol,Manual,₹7.56 Lakh,delhi-ncr
Honda,Honda AmazeV CVT,2020,"46,435kms",Petrol,Automatic,₹6.10 Lakh,delhi-ncr
Toyota,Toyota GlanzaV AMT,2022,"53,804kms",Petrol,Automatic,₹6.76 Lakh,delhi-ncr
Honda,Honda JazzZX,2021,"34,594kms",Petrol,Manual,₹6.74 Lakh,delhi-ncr
Maruti,Maruti Alto K10VXI,2015,"63,000kms",Petrol,Manual,₹2.45 Lakh,delhi-ncr
MG,MG HectorSharp DCT,2020,"72,067kms",Petrol,Automatic,₹9.76 Lakh,delhi-ncr
Maruti,Maruti CiazSigma BSIV,2018,"45,657kms",Petrol,Manual,₹4.26 Lakh,delhi-ncr
Maruti,Maruti SwiftVXI,2014,"77,371kms",Petrol,Manual,₹2.84 Lakh,delhi-ncr
Hyundai,Hyundai Grand i101.2 Kappa Magna BSIV,2014,"95,675kms",Petrol,Manual,₹2.71 Lakh,delhi-ncr
Maruti,Maruti SwiftVXI,2021,"21,764kms",Petrol,Manual,₹5.17 Lakh,delhi-ncr
Tata,Tata NexonXZ Plus BSVI,2021,"90,829kms",Petrol,Manual,₹5.60 Lakh,delhi-ncr
Maruti,Maruti BalenoZeta AMT,2017,"71,861kms",Petrol,Automatic,₹3.93 Lakh,delhi-ncr
Maruti,Maruti BalenoDelta Diesel,2016,"74,248kms",Diesel,Manual,₹3.91 Lakh,delhi-ncr
Honda,Honda CityZX CVT,2017,"53,303kms",Petrol,Automatic,₹6.59 Lakh,delhi-ncr
Hyundai,Hyundai i20Asta 1.2,2024,"13,505kms",Petrol,Manual,₹9.38 Lakh,delhi-ncr
Toyota,Toyota Corolla AltisPetrol LE,2016,"1,11,583kms",Petrol,Manual,₹6.74 Lakh,delhi-ncr
Hyundai,Hyundai Grand i10 NiosSportz,2023,"5,230kms",Petrol,Manual,₹6.22 Lakh,delhi-ncr
Maruti,Maruti Ciaz1.4 Zeta,2022,"42,776kms",Petrol,Manual,₹7.57 Lakh,delhi-ncr
Honda,Honda AmazeV CVT,2020,"46,435kms",Petrol,Automatic,₹6.10 Lakh,delhi-ncr
Toyota,Toyota GlanzaV AMT,2022,"53,804kms",Petrol,Automatic,₹6.76 Lakh,delhi-ncr
Honda,Honda JazzZX,2021,"34,594kms",Petrol,Manual,₹6.74 Lakh,delhi-ncr
Maruti,Maruti Ciaz1.4 Alpha,2019,"61,358kms",Petrol,Manual,₹6.06 Lakh,delhi-ncr
Maruti,Maruti Grand VitaraDelta,2024,"23,538kms",Petrol,Manual,₹9.64 Lakh,delhi-ncr
Maruti,Maruti Vitara BrezzaVXI,2022,"3,406kms",Petrol,Manual,₹7.56 Lakh,delhi-ncr
Maruti,Maruti Alto K10VXI,2015,"63,000kms",Petrol,Manual,₹2.45 Lakh,delhi-ncr
MG,MG HectorSharp DCT,2020,"72,067kms",Petrol,Automatic,₹9.76 Lakh,delhi-ncr
Maruti,Maruti CiazSigma BSIV,2018,"45,657kms",Petrol,Manual,₹4.26 Lakh,delhi-ncr
Maruti,Maruti SwiftVXI,2014,"77,371kms",Petrol,Manual,₹2.84 Lakh,delhi-ncr
Hyundai,Hyundai Grand i101.2 Kappa Magna BSIV,2014,"95,675kms",Petrol,Manual,₹2.71 Lakh,delhi-ncr
Maruti,Maruti SwiftVXI,2021,"21,764kms",Petrol,Manual,₹5.17 Lakh,delhi-ncr
Tata,Tata NexonXZ Plus BSVI,2021,"90,829kms",Petrol,Manual,₹5.60 Lakh,delhi-ncr
Maruti,Maruti BalenoZeta AMT,2017,"71,861kms",Petrol,Automatic,₹3.93 Lakh,delhi-ncr
Maruti,Maruti BalenoDelta Diesel,2016,"74,248kms",Diesel,Manual,₹3.91 Lakh,delhi-ncr
Honda,Honda CityZX CVT,2017,"53,303kms",Petrol,Automatic,₹6.59 Lakh,delhi-ncr
Hyundai,Hyundai Grand i10 NiosSportz,2023,"5,230kms",Petrol,Manual,₹6.22 Lakh,delhi-ncr
Maruti,Maruti Ciaz1.4 Zeta,2022,"42,776kms",Petrol,Manual,₹7.57 Lakh,delhi-ncr
Maruti,Maruti Ciaz1.4 Alpha,2019,"61,358kms",Petrol,Manual,₹6.06 Lakh,delhi-ncr
Maruti,Maruti Grand VitaraDelta,2024,"23,538kms",Petrol,Manual,₹9.64 Lakh,delhi-ncr
Maruti,Maruti Vitara BrezzaVXI,2022,"3,406kms",Petrol,Manual,₹7.56 Lakh,delhi-ncr
Hyundai,Hyundai i20Asta 1.2,2024,"13,505kms",Petrol,Manual,₹9.38 Lakh,delhi-ncr
Toyota,Toyota Corolla AltisPetrol LE,2016,"1,11,583kms",Petrol,Manual,₹6.74 Lakh,delhi-ncr
Honda,Honda JazzZX,2021,"34,594kms",Petrol,Manual,₹6.74 Lakh,delhi-ncr
Honda,Honda AmazeV CVT,2020,"46,435kms",Petrol,Automatic,₹6.10 Lakh,delhi-ncr
Toyota,Toyota GlanzaV AMT,2022,"53,804kms",Petrol,Automatic,₹6.76 Lakh,delhi-ncr
Maruti,Maruti Alto K10VXI,2015,"63,000kms",Petrol,Manual,₹2.45 Lakh,delhi-ncr
MG,MG HectorSharp DCT,2020,"72,067kms",Petrol,Automatic,₹9.76 Lakh,delhi-ncr
Maruti,Maruti CiazSigma BSIV,2018,"45,657kms",Petrol,Manual,₹4.26 Lakh,delhi-ncr
Maruti,Maruti SwiftVXI,2014,"77,371kms",Petrol,Manual,₹2.84 Lakh,delhi-ncr
Hyundai,Hyundai Grand i101.2 Kappa Magna BSIV,2014,"95,675kms",Petrol,Manual,₹2.71 Lakh,delhi-ncr
Maruti,Maruti SwiftVXI,2021,"21,764kms",Petrol,Manual,₹5.17 Lakh,delhi-ncr
Tata,Tata NexonXZ Plus BSVI,2021,"90,829kms",Petrol,Manual,₹5.60 Lakh,delhi-ncr
Maruti,Maruti BalenoZeta AMT,2017,"71,861kms",Petrol,Automatic,₹3.93 Lakh,delhi-ncr
Maruti,Maruti BalenoDelta Diesel,2016,"74,248kms",Diesel,Manual,₹3.91 Lakh,delhi-ncr
Honda,Honda CityZX CVT,2017,"53,303kms",Petrol,Automatic,₹6.59 Lakh,delhi-ncr
Hyundai,Hyundai Grand i10 NiosSportz,2023,"5,230kms",Petrol,Manual,₹6.22 Lakh,delhi-ncr
Maruti,Maruti Ciaz1.4 Zeta,2022,"42,776kms",Petrol,Manual,₹7.57 Lakh,delhi-ncr
Maruti,Maruti Ciaz1.4 Alpha,2019,"61,358kms",Petrol,Manual,₹6.06 Lakh,delhi-ncr
Maruti,Maruti Grand VitaraDelta,2024,"23,538kms",Petrol,Manual,₹9.64 Lakh,delhi-ncr
Maruti,Maruti Vitara BrezzaVXI,2022,"3,406kms",Petrol,Manual,₹7.56 Lakh,delhi-ncr
Hyundai,Hyundai i20Asta 1.2,2024,"13,505kms",Petrol,Manual,₹9.38 Lakh,delhi-ncr
Toyota,Toyota Corolla AltisPetrol LE,2016,"1,11,583kms",Petrol,Manual,₹6.74 Lakh,delhi-ncr
Honda,Honda JazzZX,2021,"34,594kms",Petrol,Manual,₹6.74 Lakh,delhi-ncr
Honda,Honda AmazeV CVT,2020,"46,435kms",Petrol,Automatic,₹6.10 Lakh,delhi-ncr
Toyota,Toyota GlanzaV AMT,2022,"53,804kms",Petrol,Automatic,₹6.76 Lakh,delhi-ncr
Maruti,Maruti Alto K10VXI,2015,"63,000kms",Petrol,Manual,₹2.45 Lakh,delhi-ncr
MG,MG HectorSharp DCT,2020,"72,067kms",Petrol,Automatic,₹9.76 Lakh,delhi-ncr
Maruti,Maruti CiazSigma BSIV,2018,"45,657kms",Petrol,Manual,₹4.26 Lakh,delhi-ncr
Maruti,Maruti SwiftVXI,2014,"77,371kms",Petrol,Manual,₹2.84 Lakh,delhi-ncr
Hyundai,Hyundai Grand i101.2 Kappa Magna BSIV,2014,"95,675kms",Petrol,Manual,₹2.71 Lakh,delhi-ncr
Maruti,Maruti SwiftVXI,2021,"21,764kms",Petrol,Manual,₹5.17 Lakh,delhi-ncr
Tata,Tata NexonXZ Plus BSVI,2021,"90,829kms",Petrol,Manual,₹5.60 Lakh,delhi-ncr
Maruti,Maruti BalenoZeta AMT,2017,"71,861kms",Petrol,Automatic,₹3.93 Lakh,delhi-ncr
Maruti,Maruti BalenoDelta Diesel,2016,"74,248kms",Diesel,Manual,₹3.91 Lakh,delhi-ncr
Honda,Honda CityZX CVT,2017,"53,303kms",Petrol,Automatic,₹6.59 Lakh,delhi-ncr
Hyundai,Hyundai Grand i10 NiosSportz,2023,"5,230kms",Petrol,Manual,₹6.22 Lakh,delhi-ncr
Maruti,Maruti Ciaz1.4 Zeta,2022,"42,776kms",Petrol,Manual,₹7.57 Lakh,delhi-ncr
Maruti,Maruti Ciaz1.4 Alpha,2019,"61,358kms",Petrol,Manual,₹6.06 Lakh,delhi-ncr
Maruti,Maruti Grand VitaraDelta,2024,"23,538kms",Petrol,Manual,₹9.64 Lakh,delhi-ncr
Maruti,Maruti Vitara BrezzaVXI,2022,"3,406kms",Petrol,Manual,₹7.56 Lakh,delhi-ncr
Hyundai,Hyundai i20Asta 1.2,2024,"13,505kms",Petrol,Manual,₹9.38 Lakh,delhi-ncr
Toyota,Toyota Corolla AltisPetrol LE,2016,"1,11,583kms",Petrol,Manual,₹6.74 Lakh,delhi-ncr
Honda,Honda JazzZX,2021,"34,594kms",Petrol,Manual,₹6.74 Lakh,delhi-ncr
Honda,Honda AmazeV CVT,2020,"46,435kms",Petrol,Automatic,₹6.10 Lakh,delhi-ncr
Toyota,Toyota GlanzaV AMT,2022,"53,804kms",Petrol,Automatic,₹6.76 Lakh,delhi-ncr
Maruti,Maruti Alto K10VXI,2015,"63,000kms",Petrol,Manual,₹2.45 Lakh,delhi-ncr
MG,MG HectorSharp DCT,2020,"72,067kms",Petrol,Automatic,₹9.76 Lakh,delhi-ncr
Maruti,Maruti CiazSigma BSIV,2018,"45,657kms",Petrol,Manual,₹4.26 Lakh,delhi-ncr
Maruti,Maruti SwiftVXI,2014,"77,371kms",Petrol,Manual,₹2.84 Lakh,delhi-ncr
Hyundai,Hyundai Grand i101.2 Kappa Magna BSIV,2014,"95,675kms",Petrol,Manual,₹2.71 Lakh,delhi-ncr
Maruti,Maruti SwiftVXI,2021,"21,764kms",Petrol,Manual,₹5.17 Lakh,delhi-ncr
Tata,Tata NexonXZ Plus BSVI,2021,"90,829kms",Petrol,Manual,₹5.60 Lakh,delhi-ncr
Maruti,Maruti BalenoZeta AMT,2017,"71,861kms",Petrol,Automatic,₹3.93 Lakh,delhi-ncr
Maruti,Maruti BalenoDelta Diesel,2016,"74,248kms",Diesel,Manual,₹3.91 Lakh,delhi-ncr
Honda,Honda CityZX CVT,2017,"53,303kms",Petrol,Automatic,₹6.59 Lakh,delhi-ncr
Hyundai,Hyundai Grand i10 NiosSportz,2023,"5,230kms",Petrol,Manual,₹6.22 Lakh,delhi-ncr
Maruti,Maruti Ciaz1.4 Zeta,2022,"42,776kms",Petrol,Manual,₹7.57 Lakh,delhi-ncr
Maruti,Maruti Ciaz1.4 Alpha,2019,"61,358kms",Petrol,Manual,₹6.06 Lakh,delhi-ncr
Maruti,Maruti Grand VitaraDelta,2024,"23,538kms",Petrol,Manual,₹9.64 Lakh,delhi-ncr
Maruti,Maruti Vitara BrezzaVXI,2022,"3,406kms",Petrol,Manual,₹7.56 Lakh,delhi-ncr
Hyundai,Hyundai i20Asta 1.2,2024,"13,505kms",Petrol,Manual,₹9.38 Lakh,delhi-ncr
Toyota,Toyota Corolla AltisPetrol LE,2016,"1,11,583kms",Petrol,Manual,₹6.74 Lakh,delhi-ncr
Honda,Honda JazzZX,2021,"34,594kms",Petrol,Manual,₹6.74 Lakh,delhi-ncr
Honda,Honda AmazeV CVT,2020,"46,435kms",Petrol,Automatic,₹6.10 Lakh,delhi-ncr
Toyota,Toyota GlanzaV AMT,2022,"53,804kms",Petrol,Automatic,₹6.76 Lakh,delhi-ncr
Maruti,Maruti Alto K10VXI,2015,"63,000kms",Petrol,Manual,₹2.45 Lakh,delhi-ncr
MG,MG HectorSharp DCT,2020,"72,067kms",Petrol,Automatic,₹9.76 Lakh,delhi-ncr
Maruti,Maruti CiazSigma BSIV,2018,"45,657kms",Petrol,Manual,₹4.26 Lakh,delhi-ncr
Maruti,Maruti SwiftVXI,2014,"77,371kms",Petrol,Manual,₹2.84 Lakh,delhi-ncr
Hyundai,Hyundai Grand i101.2 Kappa Magna BSIV,2014,"95,675kms",Petrol,Manual,₹2.71 Lakh,delhi-ncr
Maruti,Maruti SwiftVXI,2021,"21,764kms",Petrol,Manual,₹5.17 Lakh,delhi-ncr
Tata,Tata NexonXZ Plus BSVI,2021,"90,829kms",Petrol,Manual,₹5.60 Lakh,delhi-ncr
Maruti,Maruti BalenoZeta AMT,2017,"71,861kms",Petrol,Automatic,₹3.93 Lakh,delhi-ncr
Maruti,Maruti BalenoDelta Diesel,2016,"74,248kms",Diesel,Manual,₹3.91 Lakh,delhi-ncr
Honda,Honda CityZX CVT,2017,"53,303kms",Petrol,Automatic,₹6.59 Lakh,delhi-ncr
Hyundai,Hyundai Grand i10 NiosSportz,2023,"5,230kms",Petrol,Manual,₹6.22 Lakh,delhi-ncr
Maruti,Maruti Ciaz1.4 Zeta,2022,"42,776kms",Petrol,Manual,₹7.57 Lakh,delhi-ncr
Maruti,Maruti Ciaz1.4 Alpha,2019,"61,358kms",Petrol,Manual,₹6.06 Lakh,delhi-ncr
Maruti,Maruti Grand VitaraDelta,2024,"23,538kms",Petrol,Manual,₹9.64 Lakh,delhi-ncr
Maruti,Maruti Vitara BrezzaVXI,2022,"3,406kms",Petrol,Manual,₹7.56 Lakh,delhi-ncr
Hyundai,Hyundai i20Asta 1.2,2024,"13,505kms",Petrol,Manual,₹9.38 Lakh,delhi-ncr
Toyota,Toyota Corolla AltisPetrol LE,2016,"1,11,583kms",Petrol,Manual,₹6.74 Lakh,delhi-ncr
Honda,Honda JazzZX,2021,"34,594kms",Petrol,Manual,₹6.74 Lakh,delhi-ncr
Honda,Honda AmazeV CVT,2020,"46,435kms",Petrol,Automatic,₹6.10 Lakh,delhi-ncr
Toyota,Toyota GlanzaV AMT,2022,"53,804kms",Petrol,Automatic,₹6.76 Lakh,delhi-ncr
Maruti,Maruti Alto K10VXI,2015,"63,000kms",Petrol,Manual,₹2.45 Lakh,delhi-ncr
MG,MG HectorSharp DCT,2020,"72,067kms",Petrol,Automatic,₹9.76 Lakh,delhi-ncr
Maruti,Maruti CiazSigma BSIV,2018,"45,657kms",Petrol,Manual,₹4.26 Lakh,delhi-ncr
Maruti,Maruti SwiftVXI,2014,"77,371kms",Petrol,Manual,₹2.84 Lakh,delhi-ncr
Hyundai,Hyundai Grand i101.2 Kappa Magna BSIV,2014,"95,675kms",Petrol,Manual,₹2.71 Lakh,delhi-ncr
Maruti,Maruti SwiftVXI,2021,"21,764kms",Petrol,Manual,₹5.17 Lakh,delhi-ncr
Tata,Tata NexonXZ Plus BSVI,2021,"90,829kms",Petrol,Manual,₹5.60 Lakh,delhi-ncr
Maruti,Maruti BalenoZeta AMT,2017,"71,861kms",Petrol,Automatic,₹3.93 Lakh,delhi-ncr
Maruti,Maruti BalenoDelta Diesel,2016,"74,248kms",Diesel,Manual,₹3.91 Lakh,delhi-ncr
Honda,Honda CityZX CVT,2017,"53,303kms",Petrol,Automatic,₹6.59 Lakh,delhi-ncr
Hyundai,Hyundai i20Asta 1.2,2024,"13,505kms",Petrol,Manual,₹9.38 Lakh,delhi-ncr
Toyota,Toyota Corolla AltisPetrol LE,2016,"1,11,583kms",Petrol,Manual,₹6.74 Lakh,delhi-ncr
Hyundai,Hyundai Grand i10 NiosSportz,2023,"5,230kms",Petrol,Manual,₹6.22 Lakh,delhi-ncr
Maruti,Maruti Ciaz1.4 Zeta,2022,"42,776kms",Petrol,Manual,₹7.57 Lakh,delhi-ncr
Honda,Honda AmazeV CVT,2020,"46,435kms",Petrol,Automatic,₹6.10 Lakh,delhi-ncr
Toyota,Toyota GlanzaV AMT,2022,"53,804kms",Petrol,Automatic,₹6.76 Lakh,delhi-ncr
Honda,Honda JazzZX,2021,"34,594kms",Petrol,Manual,₹6.74 Lakh,delhi-ncr
Maruti,Maruti Ciaz1.4 Alpha,2019,"61,358kms",Petrol,Manual,₹6.06 Lakh,delhi-ncr
Maruti,Maruti Grand VitaraDelta,2024,"23,538kms",Petrol,Manual,₹9.64 Lakh,delhi-ncr
Maruti,Maruti Vitara BrezzaVXI,2022,"3,406kms",Petrol,Manual,₹7.56 Lakh,delhi-ncr
Maruti,Maruti Alto K10VXI,2015,"63,000kms",Petrol,Manual,₹2.45 Lakh,delhi-ncr
MG,MG HectorSharp DCT,2020,"72,067kms",Petrol,Automatic,₹9.76 Lakh,delhi-ncr
Maruti,Maruti CiazSigma BSIV,2018,"45,657kms",Petrol,Manual,₹4.26 Lakh,delhi-ncr
Maruti,Maruti SwiftVXI,2014,"77,371kms",Petrol,Manual,₹2.84 Lakh,delhi-ncr
Hyundai,Hyundai Grand i101.2 Kappa Magna BSIV,2014,"95,675kms",Petrol,Manual,₹2.71 Lakh,delhi-ncr
Maruti,Maruti SwiftVXI,2021,"21,764kms",Petrol,Manual,₹5.17 Lakh,delhi-ncr
Tata,Tata NexonXZ Plus BSVI,2021,"90,829kms",Petrol,Manual,₹5.60 Lakh,delhi-ncr
Maruti,Maruti BalenoZeta AMT,2017,"71,861kms",Petrol,Automatic,₹3.93 Lakh,delhi-ncr
Maruti,Maruti BalenoDelta Diesel,2016,"74,248kms",Diesel,Manual,₹3.91 Lakh,delhi-ncr
Honda,Honda CityZX CVT,2017,"53,303kms",Petrol,Automatic,₹6.59 Lakh,delhi-ncr
Hyundai,Hyundai i20Asta 1.2,2024,"13,505kms",Petrol,Manual,₹9.38 Lakh,delhi-ncr
Toyota,Toyota Corolla AltisPetrol LE,2016,"1,11,583kms",Petrol,Manual,₹6.74 Lakh,delhi-ncr
Hyundai,Hyundai Grand i10 NiosSportz,2023,"5,230kms",Petrol,Manual,₹6.22 Lakh,delhi-ncr
Maruti,Maruti Ciaz1.4 Zeta,2022,"42,776kms",Petrol,Manual,₹7.57 Lakh,delhi-ncr
Maruti,Maruti Ciaz1.4 Alpha,2019,"61,358kms",Petrol,Manual,₹6.06 Lakh,delhi-ncr
Maruti,Maruti Grand VitaraDelta,2024,"23,538kms",Petrol,Manual,₹9.64 Lakh,delhi-ncr
Maruti,Maruti Vitara BrezzaVXI,2022,"3,406kms",Petrol,Manual,₹7.56 Lakh,delhi-ncr
Honda,Honda AmazeV CVT,2020,"46,435kms",Petrol,Automatic,₹6.10 Lakh,delhi-ncr
Toyota,Toyota GlanzaV AMT,2022,"53,804kms",Petrol,Automatic,₹6.76 Lakh,delhi-ncr
Honda,Honda JazzZX,2021,"34,594kms",Petrol,Manual,₹6.74 Lakh,delhi-ncr
Maruti,Maruti Alto K10VXI,2015,"63,000kms",Petrol,Manual,₹2.45 Lakh,delhi-ncr
MG,MG HectorSharp DCT,2020,"72,067kms",Petrol,Automatic,₹9.76 Lakh,delhi-ncr
Maruti,Maruti CiazSigma BSIV,2018,"45,657kms",Petrol,Manual,₹4.26 Lakh,delhi-ncr
Maruti,Maruti SwiftVXI,2014,"77,371kms",Petrol,Manual,₹2.84 Lakh,delhi-ncr
Hyundai,Hyundai Grand i101.2 Kappa Magna BSIV,2014,"95,675kms",Petrol,Manual,₹2.71 Lakh,delhi-ncr
Maruti,Maruti SwiftVXI,2021,"21,764kms",Petrol,Manual,₹5.17 Lakh,delhi-ncr
Tata,Tata NexonXZ Plus BSVI,2021,"90,829kms",Petrol,Manual,₹5.60 Lakh,delhi-ncr
Maruti,Maruti BalenoZeta AMT,2017,"71,861kms",Petrol,Automatic,₹3.93 Lakh,delhi-ncr
Maruti,Maruti BalenoDelta Diesel,2016,"74,248kms",Diesel,Manual,₹3.91 Lakh,delhi-ncr
Honda,Honda CityZX CVT,2017,"53,303kms",Petrol,Automatic,₹6.59 Lakh,delhi-ncr
Hyundai,Hyundai i20Asta 1.2,2024,"13,505kms",Petrol,Manual,₹9.38 Lakh,delhi-ncr
Toyota,Toyota Corolla AltisPetrol LE,2016,"1,11,583kms",Petrol,Manual,₹6.74 Lakh,delhi-ncr
Hyundai,Hyundai Grand i10 NiosSportz,2023,"5,230kms",Petrol,Manual,₹6.22 Lakh,delhi-ncr
Maruti,Maruti Ciaz1.4 Zeta,2022,"42,776kms",Petrol,Manual,₹7.57 Lakh,delhi-ncr
Maruti,Maruti Ciaz1.4 Alpha,2019,"61,358kms",Petrol,Manual,₹6.06 Lakh,delhi-ncr
Maruti,Maruti Grand VitaraDelta,2024,"23,538kms",Petrol,Manual,₹9.64 Lakh,delhi-ncr
Maruti,Maruti Vitara BrezzaVXI,2022,"3,406kms",Petrol,Manual,₹7.56 Lakh,delhi-ncr
Honda,Honda AmazeV CVT,2020,"46,435kms",Petrol,Automatic,₹6.10 Lakh,delhi-ncr
Toyota,Toyota GlanzaV AMT,2022,"53,804kms",Petrol,Automatic,₹6.76 Lakh,delhi-ncr
Honda,Honda JazzZX,2021,"34,594kms",Petrol,Manual,₹6.74 Lakh,delhi-ncr
Maruti,Maruti Alto K10VXI,2015,"63,000kms",Petrol,Manual,₹2.45 Lakh,delhi-ncr
MG,MG HectorSharp DCT,2020,"72,067kms",Petrol,Automatic,₹9.76 Lakh,delhi-ncr
Maruti,Maruti CiazSigma BSIV,2018,"45,657kms",Petrol,Manual,₹4.26 Lakh,delhi-ncr
Maruti,Maruti SwiftVXI,2014,"77,371kms",Petrol,Manual,₹2.84 Lakh,delhi-ncr
Hyundai,Hyundai Grand i101.2 Kappa Magna BSIV,2014,"95,675kms",Petrol,Manual,₹2.71 Lakh,delhi-ncr
Maruti,Maruti SwiftVXI,2021,"21,764kms",Petrol,Manual,₹5.17 Lakh,delhi-ncr
Tata,Tata NexonXZ Plus BSVI,2021,"90,829kms",Petrol,Manual,₹5.60 Lakh,delhi-ncr
Maruti,Maruti BalenoZeta AMT,2017,"71,861kms",Petrol,Automatic,₹3.93 Lakh,delhi-ncr
Maruti,Maruti BalenoDelta Diesel,2016,"74,248kms",Diesel,Manual,₹3.91 Lakh,delhi-ncr
Honda,Honda CityZX CVT,2017,"53,303kms",Petrol,Automatic,₹6.59 Lakh,delhi-ncr
Hyundai,Hyundai i20Asta 1.2,2024,"13,505kms",Petrol,Manual,₹9.38 Lakh,delhi-ncr
Toyota,Toyota Corolla AltisPetrol LE,2016,"1,11,583kms",Petrol,Manual,₹6.74 Lakh,delhi-ncr
Hyundai,Hyundai Grand i10 NiosSportz,2023,"5,230kms",Petrol,Manual,₹6.22 Lakh,delhi-ncr
Maruti,Maruti Ciaz1.4 Zeta,2022,"42,776kms",Petrol,Manual,₹7.57 Lakh,delhi-ncr
Maruti,Maruti Ciaz1.4 Alpha,2019,"61,358kms",Petrol,Manual,₹6.06 Lakh,delhi-ncr
Maruti,Maruti Grand VitaraDelta,2024,"23,538kms",Petrol,Manual,₹9.64 Lakh,delhi-ncr
Maruti,Maruti Vitara BrezzaVXI,2022,"3,406kms",Petrol,Manual,₹7.56 Lakh,delhi-ncr
Honda,Honda AmazeV CVT,2020,"46,435kms",Petrol,Automatic,₹6.10 Lakh,delhi-ncr
Toyota,Toyota GlanzaV AMT,2022,"53,804kms",Petrol,Automatic,₹6.76 Lakh,delhi-ncr
Honda,Honda JazzZX,2021,"34,594kms",Petrol,Manual,₹6.74 Lakh,delhi-ncr
Maruti,Maruti Alto K10VXI,2015,"63,000kms",Petrol,Manual,₹2.45 Lakh,delhi-ncr
MG,MG HectorSharp DCT,2020,"72,067kms",Petrol,Automatic,₹9.76 Lakh,delhi-ncr
Maruti,Maruti CiazSigma BSIV,2018,"45,657kms",Petrol,Manual,₹4.26 Lakh,delhi-ncr
Maruti,Maruti SwiftVXI,2014,"77,371kms",Petrol,Manual,₹2.84 Lakh,delhi-ncr
Hyundai,Hyundai Grand i101.2 Kappa Magna BSIV,2014,"95,675kms",Petrol,Manual,₹2.71 Lakh,delhi-ncr
Maruti,Maruti SwiftVXI,2021,"21,764kms",Petrol,Manual,₹5.17 Lakh,delhi-ncr
Tata,Tata NexonXZ Plus BSVI,2021,"90,829kms",Petrol,Manual,₹5.60 Lakh,delhi-ncr
Maruti,Maruti BalenoZeta AMT,2017,"71,861kms",Petrol,Automatic,₹3.93 Lakh,delhi-ncr
Maruti,Maruti BalenoDelta Diesel,2016,"74,248kms",Diesel,Manual,₹3.91 Lakh,delhi-ncr
Honda,Honda CityZX CVT,2017,"53,303kms",Petrol,Automatic,₹6.59 Lakh,delhi-ncr
Hyundai,Hyundai i20Asta 1.2,2024,"13,505kms",Petrol,Manual,₹9.38 Lakh,delhi-ncr
Toyota,Toyota Corolla AltisPetrol LE,2016,"1,11,583kms",Petrol,Manual,₹6.74 Lakh,delhi-ncr
Hyundai,Hyundai Grand i10 NiosSportz,2023,"5,230kms",Petrol,Manual,₹6.22 Lakh,delhi-ncr
Maruti,Maruti Ciaz1.4 Zeta,2022,"42,776kms",Petrol,Manual,₹7.57 Lakh,delhi-ncr
Maruti,Maruti Ciaz1.4 Alpha,2019,"61,358kms",Petrol,Manual,₹6.06 Lakh,delhi-ncr
Maruti,Maruti Grand VitaraDelta,2024,"23,538kms",Petrol,Manual,₹9.64 Lakh,delhi-ncr
Maruti,Maruti Vitara BrezzaVXI,2022,"3,406kms",Petrol,Manual,₹7.56 Lakh,delhi-ncr
Honda,Honda AmazeV CVT,2020,"46,435kms",Petrol,Automatic,₹6.10 Lakh,delhi-ncr
Toyota,Toyota GlanzaV AMT,2022,"53,804kms",Petrol,Automatic,₹6.76 Lakh,delhi-ncr
Honda,Honda JazzZX,2021,"34,594kms",Petrol,Manual,₹6.74 Lakh,delhi-ncr
Maruti,Maruti Alto K10VXI,2015,"63,000kms",Petrol,Manual,₹2.45 Lakh,delhi-ncr
MG,MG HectorSharp DCT,2020,"72,067kms",Petrol,Automatic,₹9.76 Lakh,delhi-ncr
Maruti,Maruti CiazSigma BSIV,2018,"45,657kms",Petrol,Manual,₹4.26 Lakh,delhi-ncr
Maruti,Maruti SwiftVXI,2014,"77,371kms",Petrol,Manual,₹2.84 Lakh,delhi-ncr
Hyundai,Hyundai Grand i101.2 Kappa Magna BSIV,2014,"95,675kms",Petrol,Manual,₹2.71 Lakh,delhi-ncr
Maruti,Maruti SwiftVXI,2021,"21,764kms",Petrol,Manual,₹5.17 Lakh,delhi-ncr
Tata,Tata NexonXZ Plus BSVI,2021,"90,829kms",Petrol,Manual,₹5.60 Lakh,delhi-ncr
Maruti,Maruti BalenoZeta AMT,2017,"71,861kms",Petrol,Automatic,₹3.93 Lakh,delhi-ncr
Maruti,Maruti BalenoDelta Diesel,2016,"74,248kms",Diesel,Manual,₹3.91 Lakh,delhi-ncr
Honda,Honda CityZX CVT,2017,"53,303kms",Petrol,Automatic,₹6.59 Lakh,delhi-ncr
Hyundai,Hyundai i20Asta 1.2,2024,"13,505kms",Petrol,Manual,₹9.38 Lakh,delhi-ncr
Toyota,Toyota Corolla AltisPetrol LE,2016,"1,11,583kms",Petrol,Manual,₹6.74 Lakh,delhi-ncr
Hyundai,Hyundai Grand i10 NiosSportz,2023,"5,230kms",Petrol,Manual,₹6.22 Lakh,delhi-ncr
Maruti,Maruti Ciaz1.4 Zeta,2022,"42,776kms",Petrol,Manual,₹7.57 Lakh,delhi-ncr
Honda,Honda AmazeV CVT,2020,"46,435kms",Petrol,Automatic,₹6.10 Lakh,delhi-ncr
Toyota,Toyota GlanzaV AMT,2022,"53,804kms",Petrol,Automatic,₹6.76 Lakh,delhi-ncr
Honda,Honda JazzZX,2021,"34,594kms",Petrol,Manual,₹6.74 Lakh,delhi-ncr
Maruti,Maruti Ciaz1.4 Alpha,2019,"61,358kms",Petrol,Manual,₹6.06 Lakh,delhi-ncr
Maruti,Maruti Grand VitaraDelta,2024,"23,538kms",Petrol,Manual,₹9.64 Lakh,delhi-ncr
Maruti,Maruti Vitara BrezzaVXI,2022,"3,406kms",Petrol,Manual,₹7.56 Lakh,delhi-ncr
Maruti,Maruti Alto K10VXI,2015,"63,000kms",Petrol,Manual,₹2.45 Lakh,delhi-ncr
MG,MG HectorSharp DCT,2020,"72,067kms",Petrol,Automatic,₹9.76 Lakh,delhi-ncr
Maruti,Maruti CiazSigma BSIV,2018,"45,657kms",Petrol,Manual,₹4.26 Lakh,delhi-ncr
Maruti,Maruti SwiftVXI,2014,"77,371kms",Petrol,Manual,₹2.84 Lakh,delhi-ncr
Hyundai,Hyundai Grand i101.2 Kappa Magna BSIV,2014,"95,675kms",Petrol,Manual,₹2.71 Lakh,delhi-ncr
Maruti,Maruti SwiftVXI,2021,"21,764kms",Petrol,Manual,₹5.17 Lakh,delhi-ncr
Tata,Tata NexonXZ Plus BSVI,2021,"90,829kms",Petrol,Manual,₹5.60 Lakh,delhi-ncr
Maruti,Maruti BalenoZeta AMT,2017,"71,861kms",Petrol,Automatic,₹3.93 Lakh,delhi-ncr
Maruti,Maruti BalenoDelta Diesel,2016,"74,248kms",Diesel,Manual,₹3.91 Lakh,delhi-ncr
Honda,Honda CityZX CVT,2017,"53,303kms",Petrol,Automatic,₹6.59 Lakh,delhi-ncr
Hyundai,Hyundai i20Asta 1.2,2024,"13,505kms",Petrol,Manual,₹9.38 Lakh,delhi-ncr
Toyota,Toyota Corolla AltisPetrol LE,2016,"1,11,583kms",Petrol,Manual,₹6.74 Lakh,delhi-ncr
Hyundai,Hyundai Grand i10 NiosSportz,2023,"5,230kms",Petrol,Manual,₹6.22 Lakh,delhi-ncr
Maruti,Maruti Ciaz1.4 Zeta,2022,"42,776kms",Petrol,Manual,₹7.57 Lakh,delhi-ncr
Maruti,Maruti Ciaz1.4 Alpha,2019,"61,358kms",Petrol,Manual,₹6.06 Lakh,delhi-ncr
Maruti,Maruti Grand VitaraDelta,2024,"23,538kms",Petrol,Manual,₹9.64 Lakh,delhi-ncr
Maruti,Maruti Vitara BrezzaVXI,2022,"3,406kms",Petrol,Manual,₹7.56 Lakh,delhi-ncr
Honda,Honda AmazeV CVT,2020,"46,435kms",Petrol,Automatic,₹6.10 Lakh,delhi-ncr
Toyota,Toyota GlanzaV AMT,2022,"53,804kms",Petrol,Automatic,₹6.76 Lakh,delhi-ncr
Honda,Honda JazzZX,2021,"34,594kms",Petrol,Manual,₹6.74 Lakh,delhi-ncr
Maruti,Maruti Alto K10VXI,2015,"63,000kms",Petrol,Manual,₹2.45 Lakh,delhi-ncr
MG,MG HectorSharp DCT,2020,"72,067kms",Petrol,Automatic,₹9.76 Lakh,delhi-ncr
Maruti,Maruti CiazSigma BSIV,2018,"45,657kms",Petrol,Manual,₹4.26 Lakh,delhi-ncr
Maruti,Maruti SwiftVXI,2014,"77,371kms",Petrol,Manual,₹2.84 Lakh,delhi-ncr
Hyundai,Hyundai Grand i101.2 Kappa Magna BSIV,2014,"95,675kms",Petrol,Manual,₹2.71 Lakh,delhi-ncr
Maruti,Maruti SwiftVXI,2021,"21,764kms",Petrol,Manual,₹5.17 Lakh,delhi-ncr
Tata,Tata NexonXZ Plus BSVI,2021,"90,829kms",Petrol,Manual,₹5.60 Lakh,delhi-ncr
Maruti,Maruti BalenoZeta AMT,2017,"71,861kms",Petrol,Automatic,₹3.93 Lakh,delhi-ncr
Maruti,Maruti BalenoDelta Diesel,2016,"74,248kms",Diesel,Manual,₹3.91 Lakh,delhi-ncr
Honda,Honda CityZX CVT,2017,"53,303kms",Petrol,Automatic,₹6.59 Lakh,delhi-ncr
Hyundai,Hyundai i20Asta 1.2,2024,"13,505kms",Petrol,Manual,₹9.38 Lakh,delhi-ncr
Toyota,Toyota Corolla AltisPetrol LE,2016,"1,11,583kms",Petrol,Manual,₹6.74 Lakh,delhi-ncr
Hyundai,Hyundai Grand i10 NiosSportz,2023,"5,230kms",Petrol,Manual,₹6.22 Lakh,delhi-ncr
Maruti,Maruti Ciaz1.4 Zeta,2022,"42,776kms",Petrol,Manual,₹7.57 Lakh,delhi-ncr
Honda,Honda AmazeV CVT,2020,"46,435kms",Petrol,Automatic,₹6.10 Lakh,delhi-ncr
Toyota,Toyota GlanzaV AMT,2022,"53,804kms",Petrol,Automatic,₹6.76 Lakh,delhi-ncr
Honda,Honda JazzZX,2021,"34,594kms",Petrol,Manual,₹6.74 Lakh,delhi-ncr
Maruti,Maruti Ciaz1.4 Alpha,2019,"61,358kms",Petrol,Manual,₹6.06 Lakh,delhi-ncr
Maruti,Maruti Grand VitaraDelta,2024,"23,538kms",Petrol,Manual,₹9.64 Lakh,delhi-ncr
Maruti,Maruti Vitara BrezzaVXI,2022,"3,406kms",Petrol,Manual,₹7.56 Lakh,delhi-ncr
Maruti,Maruti Alto K10VXI,2015,"63,000kms",Petrol,Manual,₹2.45 Lakh,delhi-ncr
MG,MG HectorSharp DCT,2020,"72,067kms",Petrol,Automatic,₹9.76 Lakh,delhi-ncr
Maruti,Maruti CiazSigma BSIV,2018,"45,657kms",Petrol,Manual,₹4.26 Lakh,delhi-ncr
Maruti,Maruti SwiftVXI,2014,"77,371kms",Petrol,Manual,₹2.84 Lakh,delhi-ncr
Hyundai,Hyundai Grand i101.2 Kappa Magna BSIV,2014,"95,675kms",Petrol,Manual,₹2.71 Lakh,delhi-ncr
Maruti,Maruti SwiftVXI,2021,"21,764kms",Petrol,Manual,₹5.17 Lakh,delhi-ncr
Tata,Tata NexonXZ Plus BSVI,2021,"90,829kms",Petrol,Manual,₹5.60 Lakh,delhi-ncr
Maruti,Maruti BalenoZeta AMT,2017,"71,861kms",Petrol,Automatic,₹3.93 Lakh,delhi-ncr
Maruti,Maruti BalenoDelta Diesel,2016,"74,248kms",Diesel,Manual,₹3.91 Lakh,delhi-ncr
Honda,Honda CityZX CVT,2017,"53,303kms",Petrol,Automatic,₹6.59 Lakh,delhi-ncr
Hyundai,Hyundai i20Asta 1.2,2024,"13,505kms",Petrol,Manual,₹9.38 Lakh,delhi-ncr
Toyota,Toyota Corolla AltisPetrol LE,2016,"1,11,583kms",Petrol,Manual,₹6.74 Lakh,delhi-ncr
Hyundai,Hyundai Grand i10 NiosSportz,2023,"5,230kms",Petrol,Manual,₹6.22 Lakh,delhi-ncr
Maruti,Maruti Ciaz1.4 Zeta,2022,"42,776kms",Petrol,Manual,₹7.57 Lakh,delhi-ncr
Maruti,Maruti Ciaz1.4 Alpha,2019,"61,358kms",Petrol,Manual,₹6.06 Lakh,delhi-ncr
Maruti,Maruti Grand VitaraDelta,2024,"23,538kms",Petrol,Manual,₹9.64 Lakh,delhi-ncr
Maruti,Maruti Vitara BrezzaVXI,2022,"3,406kms",Petrol,Manual,₹7.56 Lakh,delhi-ncr
Honda,Honda AmazeV CVT,2020,"46,435kms",Petrol,Automatic,₹6.10 Lakh,delhi-ncr
Toyota,Toyota GlanzaV AMT,2022,"53,804kms",Petrol,Automatic,₹6.76 Lakh,delhi-ncr
Honda,Honda JazzZX,2021,"34,594kms",Petrol,Manual,₹6.74 Lakh,delhi-ncr
Maruti,Maruti Alto K10VXI,2015,"63,000kms",Petrol,Manual,₹2.45 Lakh,delhi-ncr
MG,MG HectorSharp DCT,2020,"72,067kms",Petrol,Automatic,₹9.76 Lakh,delhi-ncr
Maruti,Maruti CiazSigma BSIV,2018,"45,657kms",Petrol,Manual,₹4.26 Lakh,delhi-ncr
Maruti,Maruti SwiftVXI,2014,"77,371kms",Petrol,Manual,₹2.84 Lakh,delhi-ncr
Hyundai,Hyundai Grand i101.2 Kappa Magna BSIV,2014,"95,675kms",Petrol,Manual,₹2.71 Lakh,delhi-ncr
Maruti,Maruti SwiftVXI,2021,"21,764kms",Petrol,Manual,₹5.17 Lakh,delhi-ncr
Tata,Tata NexonXZ Plus BSVI,2021,"90,829kms",Petrol,Manual,₹5.60 Lakh,delhi-ncr
Maruti,Maruti BalenoZeta AMT,2017,"71,861kms",Petrol,Automatic,₹3.93 Lakh,delhi-ncr
Maruti,Maruti BalenoDelta Diesel,2016,"74,248kms",Diesel,Manual,₹3.91 Lakh,delhi-ncr
Honda,Honda CityZX CVT,2017,"53,303kms",Petrol,Automatic,₹6.59 Lakh,delhi-ncr
Hyundai,Hyundai Grand i10 NiosSportz,2023,"5,230kms",Petrol,Manual,₹6.22 Lakh,delhi-ncr
Maruti,Maruti Ciaz1.4 Zeta,2022,"42,776kms",Petrol,Manual,₹7.57 Lakh,delhi-ncr
Maruti,Maruti Ciaz1.4 Alpha,2019,"61,358kms",Petrol,Manual,₹6.06 Lakh,delhi-ncr
Maruti,Maruti Grand VitaraDelta,2024,"23,538kms",Petrol,Manual,₹9.64 Lakh,delhi-ncr
Maruti,Maruti Vitara BrezzaVXI,2022,"3,406kms",Petrol,Manual,₹7.56 Lakh,delhi-ncr
Hyundai,Hyundai i20Asta 1.2,2024,"13,505kms",Petrol,Manual,₹9.38 Lakh,delhi-ncr
Toyota,Toyota Corolla AltisPetrol LE,2016,"1,11,583kms",Petrol,Manual,₹6.74 Lakh,delhi-ncr
Honda,Honda JazzZX,2021,"34,594kms",Petrol,Manual,₹6.74 Lakh,delhi-ncr
Honda,Honda AmazeV CVT,2020,"46,435kms",Petrol,Automatic,₹6.10 Lakh,delhi-ncr
Toyota,Toyota GlanzaV AMT,2022,"53,804kms",Petrol,Automatic,₹6.76 Lakh,delhi-ncr
Maruti,Maruti Alto K10VXI,2015,"63,000kms",Petrol,Manual,₹2.45 Lakh,delhi-ncr
MG,MG HectorSharp DCT,2020,"72,067kms",Petrol,Automatic,₹9.76 Lakh,delhi-ncr
Maruti,Maruti CiazSigma BSIV,2018,"45,657kms",Petrol,Manual,₹4.26 Lakh,delhi-ncr
Maruti,Maruti SwiftVXI,2014,"77,371kms",Petrol,Manual,₹2.84 Lakh,delhi-ncr
Hyundai,Hyundai Grand i101.2 Kappa Magna BSIV,2014,"95,675kms",Petrol,Manual,₹2.71 Lakh,delhi-ncr
Maruti,Maruti SwiftVXI,2021,"21,764kms",Petrol,Manual,₹5.17 Lakh,delhi-ncr
Tata,Tata NexonXZ Plus BSVI,2021,"90,829kms",Petrol,Manual,₹5.60 Lakh,delhi-ncr
Maruti,Maruti BalenoZeta AMT,2017,"71,861kms",Petrol,Automatic,₹3.93 Lakh,delhi-ncr
Maruti,Maruti BalenoDelta Diesel,2016,"74,248kms",Diesel,Manual,₹3.91 Lakh,delhi-ncr
Honda,Honda CityZX CVT,2017,"53,303kms",Petrol,Automatic,₹6.59 Lakh,delhi-ncr
Hyundai,Hyundai i20Asta 1.2,2024,"13,505kms",Petrol,Manual,₹9.38 Lakh,delhi-ncr
Toyota,Toyota Corolla AltisPetrol LE,2016,"1,11,583kms",Petrol,Manual,₹6.74 Lakh,delhi-ncr
Hyundai,Hyundai Grand i10 NiosSportz,2023,"5,230kms",Petrol,Manual,₹6.22 Lakh,delhi-ncr
Maruti,Maruti Ciaz1.4 Zeta,2022,"42,776kms",Petrol,Manual,₹7.57 Lakh,delhi-ncr
Maruti,Maruti Ciaz1.4 Alpha,2019,"61,358kms",Petrol,Manual,₹6.06 Lakh,delhi-ncr
Maruti,Maruti Grand VitaraDelta,2024,"23,538kms",Petrol,Manual,₹9.64 Lakh,delhi-ncr
Maruti,Maruti Vitara BrezzaVXI,2022,"3,406kms",Petrol,Manual,₹7.56 Lakh,delhi-ncr
Honda,Honda AmazeV CVT,2020,"46,435kms",Petrol,Automatic,₹6.10 Lakh,delhi-ncr
Toyota,Toyota GlanzaV AMT,2022,"53,804kms",Petrol,Automatic,₹6.76 Lakh,delhi-ncr
Honda,Honda JazzZX,2021,"34,594kms",Petrol,Manual,₹6.74 Lakh,delhi-ncr
Maruti,Maruti Alto K10VXI,2015,"63,000kms",Petrol,Manual,₹2.45 Lakh,delhi-ncr
MG,MG HectorSharp DCT,2020,"72,067kms",Petrol,Automatic,₹9.76 Lakh,delhi-ncr
Maruti,Maruti CiazSigma BSIV,2018,"45,657kms",Petrol,Manual,₹4.26 Lakh,delhi-ncr
Maruti,Maruti SwiftVXI,2014,"77,371kms",Petrol,Manual,₹2.84 Lakh,delhi-ncr
Hyundai,Hyundai Grand i101.2 Kappa Magna BSIV,2014,"95,675kms",Petrol,Manual,₹2.71 Lakh,delhi-ncr
Maruti,Maruti SwiftVXI,2021,"21,764kms",Petrol,Manual,₹5.17 Lakh,delhi-ncr
Tata,Tata NexonXZ Plus BSVI,2021,"90,829kms",Petrol,Manual,₹5.60 Lakh,delhi-ncr
Maruti,Maruti BalenoZeta AMT,2017,"71,861kms",Petrol,Automatic,₹3.93 Lakh,delhi-ncr
Maruti,Maruti BalenoDelta Diesel,2016,"74,248kms",Diesel,Manual,₹3.91 Lakh,delhi-ncr
Honda,Honda CityZX CVT,2017,"53,303kms",Petrol,Automatic,₹6.59 Lakh,delhi-ncr
Hyundai,Hyundai Grand i10 NiosSportz,2023,"5,230kms",Petrol,Manual,₹6.22 Lakh,delhi-ncr
Maruti,Maruti Ciaz1.4 Zeta,2022,"42,776kms",Petrol,Manual,₹7.57 Lakh,delhi-ncr
Maruti,Maruti Ciaz1.4 Alpha,2019,"61,358kms",Petrol,Manual,₹6.06 Lakh,delhi-ncr
Maruti,Maruti Grand VitaraDelta,2024,"23,538kms",Petrol,Manual,₹9.64 Lakh,delhi-ncr
Maruti,Maruti Vitara BrezzaVXI,2022,"3,406kms",Petrol,Manual,₹7.56 Lakh,delhi-ncr
Hyundai,Hyundai i20Asta 1.2,2024,"13,505kms",Petrol,Manual,₹9.38 Lakh,delhi-ncr
Toyota,Toyota Corolla AltisPetrol LE,2016,"1,11,583kms",Petrol,Manual,₹6.74 Lakh,delhi-ncr
Honda,Honda JazzZX,2021,"34,594kms",Petrol,Manual,₹6.74 Lakh,delhi-ncr
Honda,Honda AmazeV CVT,2020,"46,435kms",Petrol,Automatic,₹6.10 Lakh,delhi-ncr
Toyota,Toyota GlanzaV AMT,2022,"53,804kms",Petrol,Automatic,₹6.76 Lakh,delhi-ncr
Maruti,Maruti Alto K10VXI,2015,"63,000kms",Petrol,Manual,₹2.45 Lakh,delhi-ncr
MG,MG HectorSharp DCT,2020,"72,067kms",Petrol,Automatic,₹9.76 Lakh,delhi-ncr
Maruti,Maruti CiazSigma BSIV,2018,"45,657kms",Petrol,Manual,₹4.26 Lakh,delhi-ncr
Maruti,Maruti SwiftVXI,2014,"77,371kms",Petrol,Manual,₹2.84 Lakh,delhi-ncr
Hyundai,Hyundai Grand i101.2 Kappa Magna BSIV,2014,"95,675kms",Petrol,Manual,₹2.71 Lakh,delhi-ncr
Maruti,Maruti SwiftVXI,2021,"21,764kms",Petrol,Manual,₹5.17 Lakh,delhi-ncr
Tata,Tata NexonXZ Plus BSVI,2021,"90,829kms",Petrol,Manual,₹5.60 Lakh,delhi-ncr
Maruti,Maruti BalenoZeta AMT,2017,"71,861kms",Petrol,Automatic,₹3.93 Lakh,delhi-ncr
Maruti,Maruti BalenoDelta Diesel,2016,"74,248kms",Diesel,Manual,₹3.91 Lakh,delhi-ncr
Honda,Honda CityZX CVT,2017,"53,303kms",Petrol,Automatic,₹6.59 Lakh,delhi-ncr
Hyundai,Hyundai i20Asta 1.2,2024,"13,505kms",Petrol,Manual,₹9.38 Lakh,delhi-ncr
Toyota,Toyota Corolla AltisPetrol LE,2016,"1,11,583kms",Petrol,Manual,₹6.74 Lakh,delhi-ncr
Hyundai,Hyundai Grand i10 NiosSportz,2023,"5,230kms",Petrol,Manual,₹6.22 Lakh,delhi-ncr
Maruti,Maruti Ciaz1.4 Zeta,2022,"42,776kms",Petrol,Manual,₹7.57 Lakh,delhi-ncr
Honda,Honda AmazeV CVT,2020,"46,435kms",Petrol,Automatic,₹6.10 Lakh,delhi-ncr
Toyota,Toyota GlanzaV AMT,2022,"53,804kms",Petrol,Automatic,₹6.76 Lakh,delhi-ncr
Honda,Honda JazzZX,2021,"34,594kms",Petrol,Manual,₹6.74 Lakh,delhi-ncr
Maruti,Maruti Ciaz1.4 Alpha,2019,"61,358kms",Petrol,Manual,₹6.06 Lakh,delhi-ncr
Maruti,Maruti Grand VitaraDelta,2024,"23,538kms",Petrol,Manual,₹9.64 Lakh,delhi-ncr
Maruti,Maruti Vitara BrezzaVXI,2022,"3,406kms",Petrol,Manual,₹7.56 Lakh,delhi-ncr
Maruti,Maruti Alto K10VXI,2015,"63,000kms",Petrol,Manual,₹2.45 Lakh,delhi-ncr
MG,MG HectorSharp DCT,2020,"72,067kms",Petrol,Automatic,₹9.76 Lakh,delhi-ncr
Maruti,Maruti CiazSigma BSIV,2018,"45,657kms",Petrol,Manual,₹4.26 Lakh,delhi-ncr
Maruti,Maruti SwiftVXI,2014,"77,371kms",Petrol,Manual,₹2.84 Lakh,delhi-ncr
Hyundai,Hyundai Grand i101.2 Kappa Magna BSIV,2014,"95,675kms",Petrol,Manual,₹2.71 Lakh,delhi-ncr
Maruti,Maruti SwiftVXI,2021,"21,764kms",Petrol,Manual,₹5.17 Lakh,delhi-ncr
Tata,Tata NexonXZ Plus BSVI,2021,"90,829kms",Petrol,Manual,₹5.60 Lakh,delhi-ncr
Maruti,Maruti BalenoZeta AMT,2017,"71,861kms",Petrol,Automatic,₹3.93 Lakh,delhi-ncr
Maruti,Maruti BalenoDelta Diesel,2016,"74,248kms",Diesel,Manual,₹3.91 Lakh,delhi-ncr
Honda,Honda CityZX CVT,2017,"53,303kms",Petrol,Automatic,₹6.59 Lakh,delhi-ncr
Hyundai,Hyundai i20Asta 1.2,2024,"13,505kms",Petrol,Manual,₹9.38 Lakh,delhi-ncr
Toyota,Toyota Corolla AltisPetrol LE,2016,"1,11,583kms",Petrol,Manual,₹6.74 Lakh,delhi-ncr
Hyundai,Hyundai Grand i10 NiosSportz,2023,"5,230kms",Petrol,Manual,₹6.22 Lakh,delhi-ncr
Maruti,Maruti Ciaz1.4 Zeta,2022,"42,776kms",Petrol,Manual,₹7.57 Lakh,delhi-ncr
Honda,Honda AmazeV CVT,2020,"46,435kms",Petrol,Automatic,₹6.10 Lakh,delhi-ncr
Toyota,Toyota GlanzaV AMT,2022,"53,804kms",Petrol,Automatic,₹6.76 Lakh,delhi-ncr
Honda,Honda JazzZX,2021,"34,594kms",Petrol,Manual,₹6.74 Lakh,delhi-ncr
Maruti,Maruti Ciaz1.4 Alpha,2019,"61,358kms",Petrol,Manual,₹6.06 Lakh,delhi-ncr
Maruti,Maruti Grand VitaraDelta,2024,"23,538kms",Petrol,Manual,₹9.64 Lakh,delhi-ncr
Maruti,Maruti Vitara BrezzaVXI,2022,"3,406kms",Petrol,Manual,₹7.56 Lakh,delhi-ncr
Maruti,Maruti Alto K10VXI,2015,"63,000kms",Petrol,Manual,₹2.45 Lakh,delhi-ncr
MG,MG HectorSharp DCT,2020,"72,067kms",Petrol,Automatic,₹9.76 Lakh,delhi-ncr
Maruti,Maruti CiazSigma BSIV,2018,"45,657kms",Petrol,Manual,₹4.26 Lakh,delhi-ncr
Maruti,Maruti SwiftVXI,2014,"77,371kms",Petrol,Manual,₹2.84 Lakh,delhi-ncr
Hyundai,Hyundai Grand i101.2 Kappa Magna BSIV,2014,"95,675kms",Petrol,Manual,₹2.71 Lakh,delhi-ncr
Maruti,Maruti SwiftVXI,2021,"21,764kms",Petrol,Manual,₹5.17 Lakh,delhi-ncr
Tata,Tata NexonXZ Plus BSVI,2021,"90,829kms",Petrol,Manual,₹5.60 Lakh,delhi-ncr
Maruti,Maruti BalenoZeta AMT,2017,"71,861kms",Petrol,Automatic,₹3.93 Lakh,delhi-ncr
Maruti,Maruti BalenoDelta Diesel,2016,"74,248kms",Diesel,Manual,₹3.91 Lakh,delhi-ncr
Honda,Honda CityZX CVT,2017,"53,303kms",Petrol,Automatic,₹6.59 Lakh,delhi-ncr
Hyundai,Hyundai i20Asta 1.2,2024,"13,505kms",Petrol,Manual,₹9.38 Lakh,delhi-ncr
Toyota,Toyota Corolla AltisPetrol LE,2016,"1,11,583kms",Petrol,Manual,₹6.74 Lakh,delhi-ncr
Hyundai,Hyundai Grand i10 NiosSportz,2023,"5,230kms",Petrol,Manual,₹6.22 Lakh,delhi-ncr
Maruti,Maruti Ciaz1.4 Zeta,2022,"42,776kms",Petrol,Manual,₹7.57 Lakh,delhi-ncr
Maruti,Maruti Ciaz1.4 Alpha,2019,"61,358kms",Petrol,Manual,₹6.06 Lakh,delhi-ncr
Maruti,Maruti Grand VitaraDelta,2024,"23,538kms",Petrol,Manual,₹9.64 Lakh,delhi-ncr
Maruti,Maruti Vitara BrezzaVXI,2022,"3,406kms",Petrol,Manual,₹7.56 Lakh,delhi-ncr
Honda,Honda AmazeV CVT,2020,"46,435kms",Petrol,Automatic,₹6.10 Lakh,delhi-ncr
Toyota,Toyota GlanzaV AMT,2022,"53,804kms",Petrol,Automatic,₹6.76 Lakh,delhi-ncr
Honda,Honda JazzZX,2021,"34,594kms",Petrol,Manual,₹6.74 Lakh,delhi-ncr
Maruti,Maruti Alto K10VXI,2015,"63,000kms",Petrol,Manual,₹2.45 Lakh,delhi-ncr
MG,MG HectorSharp DCT,2020,"72,067kms",Petrol,Automatic,₹9.76 Lakh,delhi-ncr
Maruti,Maruti CiazSigma BSIV,2018,"45,657kms",Petrol,Manual,₹4.26 Lakh,delhi-ncr
Maruti,Maruti SwiftVXI,2014,"77,371kms",Petrol,Manual,₹2.84 Lakh,delhi-ncr
Hyundai,Hyundai Grand i101.2 Kappa Magna BSIV,2014,"95,675kms",Petrol,Manual,₹2.71 Lakh,delhi-ncr
Maruti,Maruti SwiftVXI,2021,"21,764kms",Petrol,Manual,₹5.17 Lakh,delhi-ncr
Tata,Tata NexonXZ Plus BSVI,2021,"90,829kms",Petrol,Manual,₹5.60 Lakh,delhi-ncr
Maruti,Maruti BalenoZeta AMT,2017,"71,861kms",Petrol,Automatic,₹3.93 Lakh,delhi-ncr
Maruti,Maruti BalenoDelta Diesel,2016,"74,248kms",Diesel,Manual,₹3.91 Lakh,delhi-ncr
Honda,Honda CityZX CVT,2017,"53,303kms",Petrol,Automatic,₹6.59 Lakh,delhi-ncr
Hyundai,Hyundai i20Asta 1.2,2024,"13,505kms",Petrol,Manual,₹9.38 Lakh,delhi-ncr
Toyota,Toyota Corolla AltisPetrol LE,2016,"1,11,583kms",Petrol,Manual,₹6.74 Lakh,delhi-ncr
Hyundai,Hyundai Grand i10 NiosSportz,2023,"5,230kms",Petrol,Manual,₹6.22 Lakh,delhi-ncr
Maruti,Maruti Ciaz1.4 Zeta,2022,"42,776kms",Petrol,Manual,₹7.57 Lakh,delhi-ncr
Maruti,Maruti Ciaz1.4 Alpha,2019,"61,358kms",Petrol,Manual,₹6.06 Lakh,delhi-ncr
Maruti,Maruti Grand VitaraDelta,2024,"23,538kms",Petrol,Manual,₹9.64 Lakh,delhi-ncr
Maruti,Maruti Vitara BrezzaVXI,2022,"3,406kms",Petrol,Manual,₹7.56 Lakh,delhi-ncr
Honda,Honda AmazeV CVT,2020,"46,435kms",Petrol,Automatic,₹6.10 Lakh,delhi-ncr
Toyota,Toyota GlanzaV AMT,2022,"53,804kms",Petrol,Automatic,₹6.76 Lakh,delhi-ncr
Honda,Honda JazzZX,2021,"34,594kms",Petrol,Manual,₹6.74 Lakh,delhi-ncr
Maruti,Maruti Alto K10VXI,2015,"63,000kms",Petrol,Manual,₹2.45 Lakh,delhi-ncr
MG,MG HectorSharp DCT,2020,"72,067kms",Petrol,Automatic,₹9.76 Lakh,delhi-ncr
Maruti,Maruti CiazSigma BSIV,2018,"45,657kms",Petrol,Manual,₹4.26 Lakh,delhi-ncr
Maruti,Maruti SwiftVXI,2014,"77,371kms",Petrol,Manual,₹2.84 Lakh,delhi-ncr
Hyundai,Hyundai Grand i101.2 Kappa Magna BSIV,2014,"95,675kms",Petrol,Manual,₹2.71 Lakh,delhi-ncr
Maruti,Maruti SwiftVXI,2021,"21,764kms",Petrol,Manual,₹5.17 Lakh,delhi-ncr
Tata,Tata NexonXZ Plus BSVI,2021,"90,829kms",Petrol,Manual,₹5.60 Lakh,delhi-ncr
Maruti,Maruti BalenoZeta AMT,2017,"71,861kms",Petrol,Automatic,₹3.93 Lakh,delhi-ncr
Maruti,Maruti BalenoDelta Diesel,2016,"74,248kms",Diesel,Manual,₹3.91 Lakh,delhi-ncr
Honda,Honda CityZX CVT,2017,"53,303kms",Petrol,Automatic,₹6.59 Lakh,delhi-ncr
Hyundai,Hyundai i20Asta 1.2,2024,"13,505kms",Petrol,Manual,₹9.38 Lakh,delhi-ncr
Toyota,Toyota Corolla AltisPetrol LE,2016,"1,11,583kms",Petrol,Manual,₹6.74 Lakh,delhi-ncr
Hyundai,Hyundai Grand i10 NiosSportz,2023,"5,230kms",Petrol,Manual,₹6.22 Lakh,delhi-ncr
Maruti,Maruti Ciaz1.4 Zeta,2022,"42,776kms",Petrol,Manual,₹7.57 Lakh,delhi-ncr
Honda,Honda AmazeV CVT,2020,"46,435kms",Petrol,Automatic,₹6.10 Lakh,delhi-ncr
Toyota,Toyota GlanzaV AMT,2022,"53,804kms",Petrol,Automatic,₹6.76 Lakh,delhi-ncr
Honda,Honda JazzZX,2021,"34,594kms",Petrol,Manual,₹6.74 Lakh,delhi-ncr
Maruti,Maruti Ciaz1.4 Alpha,2019,"61,358kms",Petrol,Manual,₹6.06 Lakh,delhi-ncr
Maruti,Maruti Grand VitaraDelta,2024,"23,538kms",Petrol,Manual,₹9.64 Lakh,delhi-ncr
Maruti,Maruti Vitara BrezzaVXI,2022,"3,406kms",Petrol,Manual,₹7.56 Lakh,delhi-ncr
Maruti,Maruti Alto K10VXI,2015,"63,000kms",Petrol,Manual,₹2.45 Lakh,delhi-ncr
MG,MG HectorSharp DCT,2020,"72,067kms",Petrol,Automatic,₹9.76 Lakh,delhi-ncr
Maruti,Maruti CiazSigma BSIV,2018,"45,657kms",Petrol,Manual,₹4.26 Lakh,delhi-ncr
Maruti,Maruti SwiftVXI,2014,"77,371kms",Petrol,Manual,₹2.84 Lakh,delhi-ncr
Hyundai,Hyundai Grand i101.2 Kappa Magna BSIV,2014,"95,675kms",Petrol,Manual,₹2.71 Lakh,delhi-ncr
Maruti,Maruti SwiftVXI,2021,"21,764kms",Petrol,Manual,₹5.17 Lakh,delhi-ncr
Tata,Tata NexonXZ Plus BSVI,2021,"90,829kms",Petrol,Manual,₹5.60 Lakh,delhi-ncr
Maruti,Maruti BalenoZeta AMT,2017,"71,861kms",Petrol,Automatic,₹3.93 Lakh,delhi-ncr
Maruti,Maruti BalenoDelta Diesel,2016,"74,248kms",Diesel,Manual,₹3.91 Lakh,delhi-ncr
Honda,Honda CityZX CVT,2017,"53,303kms",Petrol,Automatic,₹6.59 Lakh,delhi-ncr
Hyundai,Hyundai Grand i10 NiosSportz,2023,"5,230kms",Petrol,Manual,₹6.22 Lakh,delhi-ncr
Maruti,Maruti Ciaz1.4 Zeta,2022,"42,776kms",Petrol,Manual,₹7.57 Lakh,delhi-ncr
Maruti,Maruti Ciaz1.4 Alpha,2019,"61,358kms",Petrol,Manual,₹6.06 Lakh,delhi-ncr
Maruti,Maruti Grand VitaraDelta,2024,"23,538kms",Petrol,Manual,₹9.64 Lakh,delhi-ncr
Maruti,Maruti Vitara BrezzaVXI,2022,"3,406kms",Petrol,Manual,₹7.56 Lakh,delhi-ncr
Hyundai,Hyundai i20Asta 1.2,2024,"13,505kms",Petrol,Manual,₹9.38 Lakh,delhi-ncr
Toyota,Toyota Corolla AltisPetrol LE,2016,"1,11,583kms",Petrol,Manual,₹6.74 Lakh,delhi-ncr
Honda,Honda JazzZX,2021,"34,594kms",Petrol,Manual,₹6.74 Lakh,delhi-ncr
Honda,Honda AmazeV CVT,2020,"46,435kms",Petrol,Automatic,₹6.10 Lakh,delhi-ncr
Toyota,Toyota GlanzaV AMT,2022,"53,804kms",Petrol,Automatic,₹6.76 Lakh,delhi-ncr
Maruti,Maruti Alto K10VXI,2015,"63,000kms",Petrol,Manual,₹2.45 Lakh,delhi-ncr
MG,MG HectorSharp DCT,2020,"72,067kms",Petrol,Automatic,₹9.76 Lakh,delhi-ncr
Maruti,Maruti CiazSigma BSIV,2018,"45,657kms",Petrol,Manual,₹4.26 Lakh,delhi-ncr
Maruti,Maruti SwiftVXI,2014,"77,371kms",Petrol,Manual,₹2.84 Lakh,delhi-ncr
Hyundai,Hyundai Grand i101.2 Kappa Magna BSIV,2014,"95,675kms",Petrol,Manual,₹2.71 Lakh,delhi-ncr
Maruti,Maruti SwiftVXI,2021,"21,764kms",Petrol,Manual,₹5.17 Lakh,delhi-ncr
Tata,Tata NexonXZ Plus BSVI,2021,"90,829kms",Petrol,Manual,₹5.60 Lakh,delhi-ncr
Maruti,Maruti BalenoZeta AMT,2017,"71,861kms",Petrol,Automatic,₹3.93 Lakh,delhi-ncr
Maruti,Maruti BalenoDelta Diesel,2016,"74,248kms",Diesel,Manual,₹3.91 Lakh,delhi-ncr
Honda,Honda CityZX CVT,2017,"53,303kms",Petrol,Automatic,₹6.59 Lakh,delhi-ncr
Hyundai,Hyundai i20Asta 1.2,2024,"13,505kms",Petrol,Manual,₹9.38 Lakh,delhi-ncr
Toyota,Toyota Corolla AltisPetrol LE,2016,"1,11,583kms",Petrol,Manual,₹6.74 Lakh,delhi-ncr
Hyundai,Hyundai Grand i10 NiosSportz,2023,"5,230kms",Petrol,Manual,₹6.22 Lakh,delhi-ncr
Maruti,Maruti Ciaz1.4 Zeta,2022,"42,776kms",Petrol,Manual,₹7.57 Lakh,delhi-ncr
Honda,Honda AmazeV CVT,2020,"46,435kms",Petrol,Automatic,₹6.10 Lakh,delhi-ncr
Toyota,Toyota GlanzaV AMT,2022,"53,804kms",Petrol,Automatic,₹6.76 Lakh,delhi-ncr
Honda,Honda JazzZX,2021,"34,594kms",Petrol,Manual,₹6.74 Lakh,delhi-ncr
Maruti,Maruti Ciaz1.4 Alpha,2019,"61,358kms",Petrol,Manual,₹6.06 Lakh,delhi-ncr
Maruti,Maruti Grand VitaraDelta,2024,"23,538kms",Petrol,Manual,₹9.64 Lakh,delhi-ncr
Maruti,Maruti Vitara BrezzaVXI,2022,"3,406kms",Petrol,Manual,₹7.56 Lakh,delhi-ncr
Maruti,Maruti Alto K10VXI,2015,"63,000kms",Petrol,Manual,₹2.45 Lakh,delhi-ncr
MG,MG HectorSharp DCT,2020,"72,067kms",Petrol,Automatic,₹9.76 Lakh,delhi-ncr
Maruti,Maruti CiazSigma BSIV,2018,"45,657kms",Petrol,Manual,₹4.26 Lakh,delhi-ncr
Maruti,Maruti SwiftVXI,2014,"77,371kms",Petrol,Manual,₹2.84 Lakh,delhi-ncr
Hyundai,Hyundai Grand i101.2 Kappa Magna BSIV,2014,"95,675kms",Petrol,Manual,₹2.71 Lakh,delhi-ncr
Maruti,Maruti SwiftVXI,2021,"21,764kms",Petrol,Manual,₹5.17 Lakh,delhi-ncr
Tata,Tata NexonXZ Plus BSVI,2021,"90,829kms",Petrol,Manual,₹5.60 Lakh,delhi-ncr
Maruti,Maruti BalenoZeta AMT,2017,"71,861kms",Petrol,Automatic,₹3.93 Lakh,delhi-ncr
Maruti,Maruti BalenoDelta Diesel,2016,"74,248kms",Diesel,Manual,₹3.91 Lakh,delhi-ncr
Honda,Honda CityZX CVT,2017,"53,303kms",Petrol,Automatic,₹6.59 Lakh,delhi-ncr
Hyundai,Hyundai i20Asta 1.2,2024,"13,505kms",Petrol,Manual,₹9.38 Lakh,delhi-ncr
Toyota,Toyota Corolla AltisPetrol LE,2016,"1,11,583kms",Petrol,Manual,₹6.74 Lakh,delhi-ncr
Hyundai,Hyundai Grand i10 NiosSportz,2023,"5,230kms",Petrol,Manual,₹6.22 Lakh,delhi-ncr
Maruti,Maruti Ciaz1.4 Zeta,2022,"42,776kms",Petrol,Manual,₹7.57 Lakh,delhi-ncr
Honda,Honda AmazeV CVT,2020,"46,435kms",Petrol,Automatic,₹6.10 Lakh,delhi-ncr
Toyota,Toyota GlanzaV AMT,2022,"53,804kms",Petrol,Automatic,₹6.76 Lakh,delhi-ncr
Honda,Honda JazzZX,2021,"34,594kms",Petrol,Manual,₹6.74 Lakh,delhi-ncr
Maruti,Maruti Ciaz1.4 Alpha,2019,"61,358kms",Petrol,Manual,₹6.06 Lakh,delhi-ncr
Maruti,Maruti Grand VitaraDelta,2024,"23,538kms",Petrol,Manual,₹9.64 Lakh,delhi-ncr
Maruti,Maruti Vitara BrezzaVXI,2022,"3,406kms",Petrol,Manual,₹7.56 Lakh,delhi-ncr
Maruti,Maruti Alto K10VXI,2015,"63,000kms",Petrol,Manual,₹2.45 Lakh,delhi-ncr
MG,MG HectorSharp DCT,2020,"72,067kms",Petrol,Automatic,₹9.76 Lakh,delhi-ncr
Maruti,Maruti CiazSigma BSIV,2018,"45,657kms",Petrol,Manual,₹4.26 Lakh,delhi-ncr
Maruti,Maruti SwiftVXI,2014,"77,371kms",Petrol,Manual,₹2.84 Lakh,delhi-ncr
Hyundai,Hyundai Grand i101.2 Kappa Magna BSIV,2014,"95,675kms",Petrol,Manual,₹2.71 Lakh,delhi-ncr
Maruti,Maruti SwiftVXI,2021,"21,764kms",Petrol,Manual,₹5.17 Lakh,delhi-ncr
Tata,Tata NexonXZ Plus BSVI,2021,"90,829kms",Petrol,Manual,₹5.60 Lakh,delhi-ncr
Maruti,Maruti BalenoZeta AMT,2017,"71,861kms",Petrol,Automatic,₹3.93 Lakh,delhi-ncr
Maruti,Maruti BalenoDelta Diesel,2016,"74,248kms",Diesel,Manual,₹3.91 Lakh,delhi-ncr
Honda,Honda CityZX CVT,2017,"53,303kms",Petrol,Automatic,₹6.59 Lakh,delhi-ncr
Hyundai,Hyundai i20Asta 1.2,2024,"13,505kms",Petrol,Manual,₹9.38 Lakh,delhi-ncr
Toyota,Toyota Corolla AltisPetrol LE,2016,"1,11,583kms",Petrol,Manual,₹6.74 Lakh,delhi-ncr
Hyundai,Hyundai Grand i10 NiosSportz,2023,"5,230kms",Petrol,Manual,₹6.22 Lakh,delhi-ncr
Maruti,Maruti Ciaz1.4 Zeta,2022,"42,776kms",Petrol,Manual,₹7.57 Lakh,delhi-ncr
Maruti,Maruti Ciaz1.4 Alpha,2019,"61,358kms",Petrol,Manual,₹6.06 Lakh,delhi-ncr
Maruti,Maruti Grand VitaraDelta,2024,"23,538kms",Petrol,Manual,₹9.64 Lakh,delhi-ncr
Maruti,Maruti Vitara BrezzaVXI,2022,"3,406kms",Petrol,Manual,₹7.56 Lakh,delhi-ncr
Honda,Honda AmazeV CVT,2020,"46,435kms",Petrol,Automatic,₹6.10 Lakh,delhi-ncr
Toyota,Toyota GlanzaV AMT,2022,"53,804kms",Petrol,Automatic,₹6.76 Lakh,delhi-ncr
Honda,Honda JazzZX,2021,"34,594kms",Petrol,Manual,₹6.74 Lakh,delhi-ncr
Maruti,Maruti Alto K10VXI,2015,"63,000kms",Petrol,Manual,₹2.45 Lakh,delhi-ncr
MG,MG HectorSharp DCT,2020,"72,067kms",Petrol,Automatic,₹9.76 Lakh,delhi-ncr
Maruti,Maruti CiazSigma BSIV,2018,"45,657kms",Petrol,Manual,₹4.26 Lakh,delhi-ncr
Maruti,Maruti SwiftVXI,2014,"77,371kms",Petrol,Manual,₹2.84 Lakh,delhi-ncr
Hyundai,Hyundai Grand i101.2 Kappa Magna BSIV,2014,"95,675kms",Petrol,Manual,₹2.71 Lakh,delhi-ncr
Maruti,Maruti SwiftVXI,2021,"21,764kms",Petrol,Manual,₹5.17 Lakh,delhi-ncr
Tata,Tata NexonXZ Plus BSVI,2021,"90,829kms",Petrol,Manual,₹5.60 Lakh,delhi-ncr
Maruti,Maruti BalenoZeta AMT,2017,"71,861kms",Petrol,Automatic,₹3.93 Lakh,delhi-ncr
Maruti,Maruti BalenoDelta Diesel,2016,"74,248kms",Diesel,Manual,₹3.91 Lakh,delhi-ncr
Honda,Honda CityZX CVT,2017,"53,303kms",Petrol,Automatic,₹6.59 Lakh,delhi-ncr
Hyundai,Hyundai i20Asta 1.2,2024,"13,505kms",Petrol,Manual,₹9.38 Lakh,delhi-ncr
Toyota,Toyota Corolla AltisPetrol LE,2016,"1,11,583kms",Petrol,Manual,₹6.74 Lakh,delhi-ncr
Hyundai,Hyundai Grand i10 NiosSportz,2023,"5,230kms",Petrol,Manual,₹6.22 Lakh,delhi-ncr
Maruti,Maruti Ciaz1.4 Zeta,2022,"42,776kms",Petrol,Manual,₹7.57 Lakh,delhi-ncr
Maruti,Maruti Ciaz1.4 Alpha,2019,"61,358kms",Petrol,Manual,₹6.06 Lakh,delhi-ncr
Maruti,Maruti Grand VitaraDelta,2024,"23,538kms",Petrol,Manual,₹9.64 Lakh,delhi-ncr
Maruti,Maruti Vitara BrezzaVXI,2022,"3,406kms",Petrol,Manual,₹7.56 Lakh,delhi-ncr
Honda,Honda AmazeV CVT,2020,"46,435kms",Petrol,Automatic,₹6.10 Lakh,delhi-ncr
Toyota,Toyota GlanzaV AMT,2022,"53,804kms",Petrol,Automatic,₹6.76 Lakh,delhi-ncr
Honda,Honda JazzZX,2021,"34,594kms",Petrol,Manual,₹6.74 Lakh,delhi-ncr
Maruti,Maruti Alto K10VXI,2015,"63,000kms",Petrol,Manual,₹2.45 Lakh,delhi-ncr
MG,MG HectorSharp DCT,2020,"72,067kms",Petrol,Automatic,₹9.76 Lakh,delhi-ncr
Maruti,Maruti CiazSigma BSIV,2018,"45,657kms",Petrol,Manual,₹4.26 Lakh,delhi-ncr
Maruti,Maruti SwiftVXI,2014,"77,371kms",Petrol,Manual,₹2.84 Lakh,delhi-ncr
Hyundai,Hyundai Grand i101.2 Kappa Magna BSIV,2014,"95,675kms",Petrol,Manual,₹2.71 Lakh,delhi-ncr
Maruti,Maruti SwiftVXI,2021,"21,764kms",Petrol,Manual,₹5.17 Lakh,delhi-ncr
Tata,Tata NexonXZ Plus BSVI,2021,"90,829kms",Petrol,Manual,₹5.60 Lakh,delhi-ncr
Maruti,Maruti BalenoZeta AMT,2017,"71,861kms",Petrol,Automatic,₹3.93 Lakh,delhi-ncr
Maruti,Maruti BalenoDelta Diesel,2016,"74,248kms",Diesel,Manual,₹3.91 Lakh,delhi-ncr
Honda,Honda CityZX CVT,2017,"53,303kms",Petrol,Automatic,₹6.59 Lakh,delhi-ncr
Hyundai,Hyundai i20Asta 1.2,2024,"13,505kms",Petrol,Manual,₹9.38 Lakh,delhi-ncr
Toyota,Toyota Corolla AltisPetrol LE,2016,"1,11,583kms",Petrol,Manual,₹6.74 Lakh,delhi-ncr
Hyundai,Hyundai Grand i10 NiosSportz,2023,"5,230kms",Petrol,Manual,₹6.22 Lakh,delhi-ncr
Maruti,Maruti Ciaz1.4 Zeta,2022,"42,776kms",Petrol,Manual,₹7.57 Lakh,delhi-ncr
Honda,Honda AmazeV CVT,2020,"46,435kms",Petrol,Automatic,₹6.10 Lakh,delhi-ncr
Toyota,Toyota GlanzaV AMT,2022,"53,804kms",Petrol,Automatic,₹6.76 Lakh,delhi-ncr
Honda,Honda JazzZX,2021,"34,594kms",Petrol,Manual,₹6.74 Lakh,delhi-ncr
Maruti,Maruti Ciaz1.4 Alpha,2019,"61,358kms",Petrol,Manual,₹6.06 Lakh,delhi-ncr
Maruti,Maruti Grand VitaraDelta,2024,"23,538kms",Petrol,Manual,₹9.64 Lakh,delhi-ncr
Maruti,Maruti Vitara BrezzaVXI,2022,"3,406kms",Petrol,Manual,₹7.56 Lakh,delhi-ncr
Maruti,Maruti Alto K10VXI,2015,"63,000kms",Petrol,Manual,₹2.45 Lakh,delhi-ncr
MG,MG HectorSharp DCT,2020,"72,067kms",Petrol,Automatic,₹9.76 Lakh,delhi-ncr
Maruti,Maruti CiazSigma BSIV,2018,"45,657kms",Petrol,Manual,₹4.26 Lakh,delhi-ncr
Maruti,Maruti SwiftVXI,2014,"77,371kms",Petrol,Manual,₹2.84 Lakh,delhi-ncr
Hyundai,Hyundai Grand i101.2 Kappa Magna BSIV,2014,"95,675kms",Petrol,Manual,₹2.71 Lakh,delhi-ncr
Maruti,Maruti SwiftVXI,2021,"21,764kms",Petrol,Manual,₹5.17 Lakh,delhi-ncr
Tata,Tata NexonXZ Plus BSVI,2021,"90,829kms",Petrol,Manual,₹5.60 Lakh,delhi-ncr
Maruti,Maruti BalenoZeta AMT,2017,"71,861kms",Petrol,Automatic,₹3.93 Lakh,delhi-ncr
Maruti,Maruti BalenoDelta Diesel,2016,"74,248kms",Diesel,Manual,₹3.91 Lakh,delhi-ncr
Honda,Honda CityZX CVT,2017,"53,303kms",Petrol,Automatic,₹6.59 Lakh,delhi-ncr
Hyundai,Hyundai Grand i10 NiosSportz,2023,"5,230kms",Petrol,Manual,₹6.22 Lakh,delhi-ncr
Maruti,Maruti Ciaz1.4 Zeta,2022,"42,776kms",Petrol,Manual,₹7.57 Lakh,delhi-ncr
Maruti,Maruti Ciaz1.4 Alpha,2019,"61,358kms",Petrol,Manual,₹6.06 Lakh,delhi-ncr
Maruti,Maruti Grand VitaraDelta,2024,"23,538kms",Petrol,Manual,₹9.64 Lakh,delhi-ncr
Maruti,Maruti Vitara BrezzaVXI,2022,"3,406kms",Petrol,Manual,₹7.56 Lakh,delhi-ncr
Hyundai,Hyundai i20Asta 1.2,2024,"13,505kms",Petrol,Manual,₹9.38 Lakh,delhi-ncr
Toyota,Toyota Corolla AltisPetrol LE,2016,"1,11,583kms",Petrol,Manual,₹6.74 Lakh,delhi-ncr
Honda,Honda JazzZX,2021,"34,594kms",Petrol,Manual,₹6.74 Lakh,delhi-ncr
Honda,Honda AmazeV CVT,2020,"46,435kms",Petrol,Automatic,₹6.10 Lakh,delhi-ncr
Toyota,Toyota GlanzaV AMT,2022,"53,804kms",Petrol,Automatic,₹6.76 Lakh,delhi-ncr
Maruti,Maruti Alto K10VXI,2015,"63,000kms",Petrol,Manual,₹2.45 Lakh,delhi-ncr
MG,MG HectorSharp DCT,2020,"72,067kms",Petrol,Automatic,₹9.76 Lakh,delhi-ncr
Maruti,Maruti CiazSigma BSIV,2018,"45,657kms",Petrol,Manual,₹4.26 Lakh,delhi-ncr
Maruti,Maruti SwiftVXI,2014,"77,371kms",Petrol,Manual,₹2.84 Lakh,delhi-ncr
Hyundai,Hyundai Grand i101.2 Kappa Magna BSIV,2014,"95,675kms",Petrol,Manual,₹2.71 Lakh,delhi-ncr
Maruti,Maruti SwiftVXI,2021,"21,764kms",Petrol,Manual,₹5.17 Lakh,delhi-ncr
Tata,Tata NexonXZ Plus BSVI,2021,"90,829kms",Petrol,Manual,₹5.60 Lakh,delhi-ncr
Maruti,Maruti BalenoZeta AMT,2017,"71,861kms",Petrol,Automatic,₹3.93 Lakh,delhi-ncr
Maruti,Maruti BalenoDelta Diesel,2016,"74,248kms",Diesel,Manual,₹3.91 Lakh,delhi-ncr
Honda,Honda CityZX CVT,2017,"53,303kms",Petrol,Automatic,₹6.59 Lakh,delhi-ncr
Hyundai,Hyundai i20Asta 1.2,2024,"13,505kms",Petrol,Manual,₹9.38 Lakh,delhi-ncr
Toyota,Toyota Corolla AltisPetrol LE,2016,"1,11,583kms",Petrol,Manual,₹6.74 Lakh,delhi-ncr
Hyundai,Hyundai Grand i10 NiosSportz,2023,"5,230kms",Petrol,Manual,₹6.22 Lakh,delhi-ncr
Maruti,Maruti Ciaz1.4 Zeta,2022,"42,776kms",Petrol,Manual,₹7.57 Lakh,delhi-ncr
Maruti,Maruti Ciaz1.4 Alpha,2019,"61,358kms",Petrol,Manual,₹6.06 Lakh,delhi-ncr
Maruti,Maruti Grand VitaraDelta,2024,"23,538kms",Petrol,Manual,₹9.64 Lakh,delhi-ncr
Maruti,Maruti Vitara BrezzaVXI,2022,"3,406kms",Petrol,Manual,₹7.56 Lakh,delhi-ncr
Honda,Honda AmazeV CVT,2020,"46,435kms",Petrol,Automatic,₹6.10 Lakh,delhi-ncr
Toyota,Toyota GlanzaV AMT,2022,"53,804kms",Petrol,Automatic,₹6.76 Lakh,delhi-ncr
Honda,Honda JazzZX,2021,"34,594kms",Petrol,Manual,₹6.74 Lakh,delhi-ncr
Maruti,Maruti Alto K10VXI,2015,"63,000kms",Petrol,Manual,₹2.45 Lakh,delhi-ncr
MG,MG HectorSharp DCT,2020,"72,067kms",Petrol,Automatic,₹9.76 Lakh,delhi-ncr
Maruti,Maruti CiazSigma BSIV,2018,"45,657kms",Petrol,Manual,₹4.26 Lakh,delhi-ncr
Maruti,Maruti SwiftVXI,2014,"77,371kms",Petrol,Manual,₹2.84 Lakh,delhi-ncr
Hyundai,Hyundai Grand i101.2 Kappa Magna BSIV,2014,"95,675kms",Petrol,Manual,₹2.71 Lakh,delhi-ncr
Maruti,Maruti SwiftVXI,2021,"21,764kms",Petrol,Manual,₹5.17 Lakh,delhi-ncr
Tata,Tata NexonXZ Plus BSVI,2021,"90,829kms",Petrol,Manual,₹5.60 Lakh,delhi-ncr
Maruti,Maruti BalenoZeta AMT,2017,"71,861kms",Petrol,Automatic,₹3.93 Lakh,delhi-ncr
Maruti,Maruti BalenoDelta Diesel,2016,"74,248kms",Diesel,Manual,₹3.91 Lakh,delhi-ncr
Honda,Honda CityZX CVT,2017,"53,303kms",Petrol,Automatic,₹6.59 Lakh,delhi-ncr
Hyundai,Hyundai i20Asta 1.2,2024,"13,505kms",Petrol,Manual,₹9.38 Lakh,delhi-ncr
Toyota,Toyota Corolla AltisPetrol LE,2016,"1,11,583kms",Petrol,Manual,₹6.74 Lakh,delhi-ncr
Hyundai,Hyundai Grand i10 NiosSportz,2023,"5,230kms",Petrol,Manual,₹6.22 Lakh,delhi-ncr
Maruti,Maruti Ciaz1.4 Zeta,2022,"42,776kms",Petrol,Manual,₹7.57 Lakh,delhi-ncr
Honda,Honda AmazeV CVT,2020,"46,435kms",Petrol,Automatic,₹6.10 Lakh,delhi-ncr
Toyota,Toyota GlanzaV AMT,2022,"53,804kms",Petrol,Automatic,₹6.76 Lakh,delhi-ncr
Honda,Honda JazzZX,2021,"34,594kms",Petrol,Manual,₹6.74 Lakh,delhi-ncr
Maruti,Maruti Ciaz1.4 Alpha,2019,"61,358kms",Petrol,Manual,₹6.06 Lakh,delhi-ncr
Maruti,Maruti Grand VitaraDelta,2024,"23,538kms",Petrol,Manual,₹9.64 Lakh,delhi-ncr
Maruti,Maruti Vitara BrezzaVXI,2022,"3,406kms",Petrol,Manual,₹7.56 Lakh,delhi-ncr
Maruti,Maruti Alto K10VXI,2015,"63,000kms",Petrol,Manual,₹2.45 Lakh,delhi-ncr
MG,MG HectorSharp DCT,2020,"72,067kms",Petrol,Automatic,₹9.76 Lakh,delhi-ncr
Maruti,Maruti CiazSigma BSIV,2018,"45,657kms",Petrol,Manual,₹4.26 Lakh,delhi-ncr
Maruti,Maruti SwiftVXI,2014,"77,371kms",Petrol,Manual,₹2.84 Lakh,delhi-ncr
Hyundai,Hyundai Grand i101.2 Kappa Magna BSIV,2014,"95,675kms",Petrol,Manual,₹2.71 Lakh,delhi-ncr
Maruti,Maruti SwiftVXI,2021,"21,764kms",Petrol,Manual,₹5.17 Lakh,delhi-ncr
Tata,Tata NexonXZ Plus BSVI,2021,"90,829kms",Petrol,Manual,₹5.60 Lakh,delhi-ncr
Maruti,Maruti BalenoZeta AMT,2017,"71,861kms",Petrol,Automatic,₹3.93 Lakh,delhi-ncr
Maruti,Maruti BalenoDelta Diesel,2016,"74,248kms",Diesel,Manual,₹3.91 Lakh,delhi-ncr
Honda,Honda CityZX CVT,2017,"53,303kms",Petrol,Automatic,₹6.59 Lakh,delhi-ncr
Hyundai,Hyundai i20Asta 1.2,2024,"13,505kms",Petrol,Manual,₹9.38 Lakh,delhi-ncr
Toyota,Toyota Corolla AltisPetrol LE,2016,"1,11,583kms",Petrol,Manual,₹6.74 Lakh,delhi-ncr
Hyundai,Hyundai Grand i10 NiosSportz,2023,"5,230kms",Petrol,Manual,₹6.22 Lakh,delhi-ncr
Maruti,Maruti Ciaz1.4 Zeta,2022,"42,776kms",Petrol,Manual,₹7.57 Lakh,delhi-ncr
Maruti,Maruti Ciaz1.4 Alpha,2019,"61,358kms",Petrol,Manual,₹6.06 Lakh,delhi-ncr
Maruti,Maruti Grand VitaraDelta,2024,"23,538kms",Petrol,Manual,₹9.64 Lakh,delhi-ncr
Maruti,Maruti Vitara BrezzaVXI,2022,"3,406kms",Petrol,Manual,₹7.56 Lakh,delhi-ncr
Honda,Honda AmazeV CVT,2020,"46,435kms",Petrol,Automatic,₹6.10 Lakh,delhi-ncr
Toyota,Toyota GlanzaV AMT,2022,"53,804kms",Petrol,Automatic,₹6.76 Lakh,delhi-ncr
Honda,Honda JazzZX,2021,"34,594kms",Petrol,Manual,₹6.74 Lakh,delhi-ncr
Maruti,Maruti Alto K10VXI,2015,"63,000kms",Petrol,Manual,₹2.45 Lakh,delhi-ncr
MG,MG HectorSharp DCT,2020,"72,067kms",Petrol,Automatic,₹9.76 Lakh,delhi-ncr
Maruti,Maruti CiazSigma BSIV,2018,"45,657kms",Petrol,Manual,₹4.26 Lakh,delhi-ncr
Maruti,Maruti SwiftVXI,2014,"77,371kms",Petrol,Manual,₹2.84 Lakh,delhi-ncr
Hyundai,Hyundai Grand i101.2 Kappa Magna BSIV,2014,"95,675kms",Petrol,Manual,₹2.71 Lakh,delhi-ncr
Maruti,Maruti SwiftVXI,2021,"21,764kms",Petrol,Manual,₹5.17 Lakh,delhi-ncr
Tata,Tata NexonXZ Plus BSVI,2021,"90,829kms",Petrol,Manual,₹5.60 Lakh,delhi-ncr
Maruti,Maruti BalenoZeta AMT,2017,"71,861kms",Petrol,Automatic,₹3.93 Lakh,delhi-ncr
Maruti,Maruti BalenoDelta Diesel,2016,"74,248kms",Diesel,Manual,₹3.91 Lakh,delhi-ncr
Honda,Honda CityZX CVT,2017,"53,303kms",Petrol,Automatic,₹6.59 Lakh,delhi-ncr
Hyundai,Hyundai i20Asta 1.2,2024,"13,505kms",Petrol,Manual,₹9.38 Lakh,delhi-ncr
Toyota,Toyota Corolla AltisPetrol LE,2016,"1,11,583kms",Petrol,Manual,₹6.74 Lakh,delhi-ncr
Hyundai,Hyundai Grand i10 NiosSportz,2023,"5,230kms",Petrol,Manual,₹6.22 Lakh,delhi-ncr
Maruti,Maruti Ciaz1.4 Zeta,2022,"42,776kms",Petrol,Manual,₹7.57 Lakh,delhi-ncr
Maruti,Maruti Ciaz1.4 Alpha,2019,"61,358kms",Petrol,Manual,₹6.06 Lakh,delhi-ncr
Maruti,Maruti Grand VitaraDelta,2024,"23,538kms",Petrol,Manual,₹9.64 Lakh,delhi-ncr
Maruti,Maruti Vitara BrezzaVXI,2022,"3,406kms",Petrol,Manual,₹7.56 Lakh,delhi-ncr
Honda,Honda AmazeV CVT,2020,"46,435kms",Petrol,Automatic,₹6.10 Lakh,delhi-ncr
Toyota,Toyota GlanzaV AMT,2022,"53,804kms",Petrol,Automatic,₹6.76 Lakh,delhi-ncr
Honda,Honda JazzZX,2021,"34,594kms",Petrol,Manual,₹6.74 Lakh,delhi-ncr
Maruti,Maruti Alto K10VXI,2015,"63,000kms",Petrol,Manual,₹2.45 Lakh,delhi-ncr
MG,MG HectorSharp DCT,2020,"72,067kms",Petrol,Automatic,₹9.76 Lakh,delhi-ncr
Maruti,Maruti CiazSigma BSIV,2018,"45,657kms",Petrol,Manual,₹4.26 Lakh,delhi-ncr
Maruti,Maruti SwiftVXI,2014,"77,371kms",Petrol,Manual,₹2.84 Lakh,delhi-ncr
Hyundai,Hyundai Grand i101.2 Kappa Magna BSIV,2014,"95,675kms",Petrol,Manual,₹2.71 Lakh,delhi-ncr
Maruti,Maruti SwiftVXI,2021,"21,764kms",Petrol,Manual,₹5.17 Lakh,delhi-ncr
Tata,Tata NexonXZ Plus BSVI,2021,"90,829kms",Petrol,Manual,₹5.60 Lakh,delhi-ncr
Maruti,Maruti BalenoZeta AMT,2017,"71,861kms",Petrol,Automatic,₹3.93 Lakh,delhi-ncr
Maruti,Maruti BalenoDelta Diesel,2016,"74,248kms",Diesel,Manual,₹3.91 Lakh,delhi-ncr
Honda,Honda CityZX CVT,2017,"53,303kms",Petrol,Automatic,₹6.59 Lakh,delhi-ncr
Hyundai,Hyundai Grand i10 NiosSportz,2023,"5,230kms",Petrol,Manual,₹6.22 Lakh,delhi-ncr
Maruti,Maruti Ciaz1.4 Zeta,2022,"42,776kms",Petrol,Manual,₹7.57 Lakh,delhi-ncr
Maruti,Maruti Ciaz1.4 Alpha,2019,"61,358kms",Petrol,Manual,₹6.06 Lakh,delhi-ncr
Maruti,Maruti Grand VitaraDelta,2024,"23,538kms",Petrol,Manual,₹9.64 Lakh,delhi-ncr
Maruti,Maruti Vitara BrezzaVXI,2022,"3,406kms",Petrol,Manual,₹7.56 Lakh,delhi-ncr
Hyundai,Hyundai i20Asta 1.2,2024,"13,505kms",Petrol,Manual,₹9.38 Lakh,delhi-ncr
Toyota,Toyota Corolla AltisPetrol LE,2016,"1,11,583kms",Petrol,Manual,₹6.74 Lakh,delhi-ncr
Honda,Honda JazzZX,2021,"34,594kms",Petrol,Manual,₹6.74 Lakh,delhi-ncr
Honda,Honda AmazeV CVT,2020,"46,435kms",Petrol,Automatic,₹6.10 Lakh,delhi-ncr
Toyota,Toyota GlanzaV AMT,2022,"53,804kms",Petrol,Automatic,₹6.76 Lakh,delhi-ncr
Maruti,Maruti Alto K10VXI,2015,"63,000kms",Petrol,Manual,₹2.45 Lakh,delhi-ncr
MG,MG HectorSharp DCT,2020,"72,067kms",Petrol,Automatic,₹9.76 Lakh,delhi-ncr
Maruti,Maruti CiazSigma BSIV,2018,"45,657kms",Petrol,Manual,₹4.26 Lakh,delhi-ncr
Maruti,Maruti SwiftVXI,2014,"77,371kms",Petrol,Manual,₹2.84 Lakh,delhi-ncr
Hyundai,Hyundai Grand i101.2 Kappa Magna BSIV,2014,"95,675kms",Petrol,Manual,₹2.71 Lakh,delhi-ncr
Maruti,Maruti SwiftVXI,2021,"21,764kms",Petrol,Manual,₹5.17 Lakh,delhi-ncr
Tata,Tata NexonXZ Plus BSVI,2021,"90,829kms",Petrol,Manual,₹5.60 Lakh,delhi-ncr
Maruti,Maruti BalenoZeta AMT,2017,"71,861kms",Petrol,Automatic,₹3.93 Lakh,delhi-ncr
Maruti,Maruti BalenoDelta Diesel,2016,"74,248kms",Diesel,Manual,₹3.91 Lakh,delhi-ncr
Honda,Honda CityZX CVT,2017,"53,303kms",Petrol,Automatic,₹6.59 Lakh,delhi-ncr
Hyundai,Hyundai Grand i10 NiosSportz,2023,"5,230kms",Petrol,Manual,₹6.22 Lakh,delhi-ncr
Maruti,Maruti Ciaz1.4 Zeta,2022,"42,776kms",Petrol,Manual,₹7.57 Lakh,delhi-ncr
Maruti,Maruti Ciaz1.4 Alpha,2019,"61,358kms",Petrol,Manual,₹6.06 Lakh,delhi-ncr
Maruti,Maruti Grand VitaraDelta,2024,"23,538kms",Petrol,Manual,₹9.64 Lakh,delhi-ncr
Maruti,Maruti Vitara BrezzaVXI,2022,"3,406kms",Petrol,Manual,₹7.56 Lakh,delhi-ncr
Hyundai,Hyundai i20Asta 1.2,2024,"13,505kms",Petrol,Manual,₹9.38 Lakh,delhi-ncr
Toyota,Toyota Corolla AltisPetrol LE,2016,"1,11,583kms",Petrol,Manual,₹6.74 Lakh,delhi-ncr
Honda,Honda JazzZX,2021,"34,594kms",Petrol,Manual,₹6.74 Lakh,delhi-ncr
Honda,Honda AmazeV CVT,2020,"46,435kms",Petrol,Automatic,₹6.10 Lakh,delhi-ncr
Toyota,Toyota GlanzaV AMT,2022,"53,804kms",Petrol,Automatic,₹6.76 Lakh,delhi-ncr
Maruti,Maruti Alto K10VXI,2015,"63,000kms",Petrol,Manual,₹2.45 Lakh,delhi-ncr
MG,MG HectorSharp DCT,2020,"72,067kms",Petrol,Automatic,₹9.76 Lakh,delhi-ncr
Maruti,Maruti CiazSigma BSIV,2018,"45,657kms",Petrol,Manual,₹4.26 Lakh,delhi-ncr
Maruti,Maruti SwiftVXI,2014,"77,371kms",Petrol,Manual,₹2.84 Lakh,delhi-ncr
Hyundai,Hyundai Grand i101.2 Kappa Magna BSIV,2014,"95,675kms",Petrol,Manual,₹2.71 Lakh,delhi-ncr
Maruti,Maruti SwiftVXI,2021,"21,764kms",Petrol,Manual,₹5.17 Lakh,delhi-ncr
Tata,Tata NexonXZ Plus BSVI,2021,"90,829kms",Petrol,Manual,₹5.60 Lakh,delhi-ncr
Maruti,Maruti BalenoZeta AMT,2017,"71,861kms",Petrol,Automatic,₹3.93 Lakh,delhi-ncr
Maruti,Maruti BalenoDelta Diesel,2016,"74,248kms",Diesel,Manual,₹3.91 Lakh,delhi-ncr
Honda,Honda CityZX CVT,2017,"53,303kms",Petrol,Automatic,₹6.59 Lakh,delhi-ncr
Hyundai,Hyundai i20Asta 1.2,2024,"13,505kms",Petrol,Manual,₹9.38 Lakh,delhi-ncr
Toyota,Toyota Corolla AltisPetrol LE,2016,"1,11,583kms",Petrol,Manual,₹6.74 Lakh,delhi-ncr
Hyundai,Hyundai Grand i10 NiosSportz,2023,"5,230kms",Petrol,Manual,₹6.22 Lakh,delhi-ncr
Maruti,Maruti Ciaz1.4 Zeta,2022,"42,776kms",Petrol,Manual,₹7.57 Lakh,delhi-ncr
Honda,Honda AmazeV CVT,2020,"46,435kms",Petrol,Automatic,₹6.10 Lakh,delhi-ncr
Toyota,Toyota GlanzaV AMT,2022,"53,804kms",Petrol,Automatic,₹6.76 Lakh,delhi-ncr
Honda,Honda JazzZX,2021,"34,594kms",Petrol,Manual,₹6.74 Lakh,delhi-ncr
Maruti,Maruti Ciaz1.4 Alpha,2019,"61,358kms",Petrol,Manual,₹6.06 Lakh,delhi-ncr
Maruti,Maruti Grand VitaraDelta,2024,"23,538kms",Petrol,Manual,₹9.64 Lakh,delhi-ncr
Maruti,Maruti Vitara BrezzaVXI,2022,"3,406kms",Petrol,Manual,₹7.56 Lakh,delhi-ncr
Maruti,Maruti Alto K10VXI,2015,"63,000kms",Petrol,Manual,₹2.45 Lakh,delhi-ncr
MG,MG HectorSharp DCT,2020,"72,067kms",Petrol,Automatic,₹9.76 Lakh,delhi-ncr
Maruti,Maruti CiazSigma BSIV,2018,"45,657kms",Petrol,Manual,₹4.26 Lakh,delhi-ncr
Maruti,Maruti SwiftVXI,2014,"77,371kms",Petrol,Manual,₹2.84 Lakh,delhi-ncr
Hyundai,Hyundai Grand i101.2 Kappa Magna BSIV,2014,"95,675kms",Petrol,Manual,₹2.71 Lakh,delhi-ncr
Maruti,Maruti SwiftVXI,2021,"21,764kms",Petrol,Manual,₹5.17 Lakh,delhi-ncr
Tata,Tata NexonXZ Plus BSVI,2021,"90,829kms",Petrol,Manual,₹5.60 Lakh,delhi-ncr
Maruti,Maruti BalenoZeta AMT,2017,"71,861kms",Petrol,Automatic,₹3.93 Lakh,delhi-ncr
Maruti,Maruti BalenoDelta Diesel,2016,"74,248kms",Diesel,Manual,₹3.91 Lakh,delhi-ncr
Honda,Honda CityZX CVT,2017,"53,303kms",Petrol,Automatic,₹6.59 Lakh,delhi-ncr
Hyundai,Hyundai i20Asta 1.2,2024,"13,505kms",Petrol,Manual,₹9.38 Lakh,delhi-ncr
Toyota,Toyota Corolla AltisPetrol LE,2016,"1,11,583kms",Petrol,Manual,₹6.74 Lakh,delhi-ncr
Hyundai,Hyundai Grand i10 NiosSportz,2023,"5,230kms",Petrol,Manual,₹6.22 Lakh,delhi-ncr
Maruti,Maruti Ciaz1.4 Zeta,2022,"42,776kms",Petrol,Manual,₹7.57 Lakh,delhi-ncr
Maruti,Maruti Ciaz1.4 Alpha,2019,"61,358kms",Petrol,Manual,₹6.06 Lakh,delhi-ncr
Maruti,Maruti Grand VitaraDelta,2024,"23,538kms",Petrol,Manual,₹9.64 Lakh,delhi-ncr
Maruti,Maruti Vitara BrezzaVXI,2022,"3,406kms",Petrol,Manual,₹7.56 Lakh,delhi-ncr
Honda,Honda AmazeV CVT,2020,"46,435kms",Petrol,Automatic,₹6.10 Lakh,delhi-ncr
Toyota,Toyota GlanzaV AMT,2022,"53,804kms",Petrol,Automatic,₹6.76 Lakh,delhi-ncr
Honda,Honda JazzZX,2021,"34,594kms",Petrol,Manual,₹6.74 Lakh,delhi-ncr
Maruti,Maruti Alto K10VXI,2015,"63,000kms",Petrol,Manual,₹2.45 Lakh,delhi-ncr
MG,MG HectorSharp DCT,2020,"72,067kms",Petrol,Automatic,₹9.76 Lakh,delhi-ncr
Maruti,Maruti CiazSigma BSIV,2018,"45,657kms",Petrol,Manual,₹4.26 Lakh,delhi-ncr
Maruti,Maruti SwiftVXI,2014,"77,371kms",Petrol,Manual,₹2.84 Lakh,delhi-ncr
Hyundai,Hyundai Grand i101.2 Kappa Magna BSIV,2014,"95,675kms",Petrol,Manual,₹2.71 Lakh,delhi-ncr
Maruti,Maruti SwiftVXI,2021,"21,764kms",Petrol,Manual,₹5.17 Lakh,delhi-ncr
Tata,Tata NexonXZ Plus BSVI,2021,"90,829kms",Petrol,Manual,₹5.60 Lakh,delhi-ncr
Maruti,Maruti BalenoZeta AMT,2017,"71,861kms",Petrol,Automatic,₹3.93 Lakh,delhi-ncr
Maruti,Maruti BalenoDelta Diesel,2016,"74,248kms",Diesel,Manual,₹3.91 Lakh,delhi-ncr
Honda,Honda CityZX CVT,2017,"53,303kms",Petrol,Automatic,₹6.59 Lakh,delhi-ncr
Hyundai,Hyundai i20Asta 1.2,2024,"13,505kms",Petrol,Manual,₹9.38 Lakh,delhi-ncr
Toyota,Toyota Corolla AltisPetrol LE,2016,"1,11,583kms",Petrol,Manual,₹6.74 Lakh,delhi-ncr
Hyundai,Hyundai Grand i10 NiosSportz,2023,"5,230kms",Petrol,Manual,₹6.22 Lakh,delhi-ncr
Maruti,Maruti Ciaz1.4 Zeta,2022,"42,776kms",Petrol,Manual,₹7.57 Lakh,delhi-ncr
Honda,Honda AmazeV CVT,2020,"46,435kms",Petrol,Automatic,₹6.10 Lakh,delhi-ncr
Toyota,Toyota GlanzaV AMT,2022,"53,804kms",Petrol,Automatic,₹6.76 Lakh,delhi-ncr
Honda,Honda JazzZX,2021,"34,594kms",Petrol,Manual,₹6.74 Lakh,delhi-ncr
Maruti,Maruti Ciaz1.4 Alpha,2019,"61,358kms",Petrol,Manual,₹6.06 Lakh,delhi-ncr
Maruti,Maruti Grand VitaraDelta,2024,"23,538kms",Petrol,Manual,₹9.64 Lakh,delhi-ncr
Maruti,Maruti Vitara BrezzaVXI,2022,"3,406kms",Petrol,Manual,₹7.56 Lakh,delhi-ncr
Maruti,Maruti Alto K10VXI,2015,"63,000kms",Petrol,Manual,₹2.45 Lakh,delhi-ncr
MG,MG HectorSharp DCT,2020,"72,067kms",Petrol,Automatic,₹9.76 Lakh,delhi-ncr
Maruti,Maruti CiazSigma BSIV,2018,"45,657kms",Petrol,Manual,₹4.26 Lakh,delhi-ncr
Maruti,Maruti SwiftVXI,2014,"77,371kms",Petrol,Manual,₹2.84 Lakh,delhi-ncr
Hyundai,Hyundai Grand i101.2 Kappa Magna BSIV,2014,"95,675kms",Petrol,Manual,₹2.71 Lakh,delhi-ncr
Maruti,Maruti SwiftVXI,2021,"21,764kms",Petrol,Manual,₹5.17 Lakh,delhi-ncr
Tata,Tata NexonXZ Plus BSVI,2021,"90,829kms",Petrol,Manual,₹5.60 Lakh,delhi-ncr
Maruti,Maruti BalenoZeta AMT,2017,"71,861kms",Petrol,Automatic,₹3.93 Lakh,delhi-ncr
Maruti,Maruti BalenoDelta Diesel,2016,"74,248kms",Diesel,Manual,₹3.91 Lakh,delhi-ncr
Honda,Honda CityZX CVT,2017,"53,303kms",Petrol,Automatic,₹6.59 Lakh,delhi-ncr
Hyundai,Hyundai Grand i10 NiosSportz,2023,"5,230kms",Petrol,Manual,₹6.22 Lakh,delhi-ncr
Maruti,Maruti Ciaz1.4 Zeta,2022,"42,776kms",Petrol,Manual,₹7.57 Lakh,delhi-ncr
Maruti,Maruti Ciaz1.4 Alpha,2019,"61,358kms",Petrol,Manual,₹6.06 Lakh,delhi-ncr
Maruti,Maruti Grand VitaraDelta,2024,"23,538kms",Petrol,Manual,₹9.64 Lakh,delhi-ncr
Maruti,Maruti Vitara BrezzaVXI,2022,"3,406kms",Petrol,Manual,₹7.56 Lakh,delhi-ncr
Hyundai,Hyundai i20Asta 1.2,2024,"13,505kms",Petrol,Manual,₹9.38 Lakh,delhi-ncr
Toyota,Toyota Corolla AltisPetrol LE,2016,"1,11,583kms",Petrol,Manual,₹6.74 Lakh,delhi-ncr
Honda,Honda JazzZX,2021,"34,594kms",Petrol,Manual,₹6.74 Lakh,delhi-ncr
Honda,Honda AmazeV CVT,2020,"46,435kms",Petrol,Automatic,₹6.10 Lakh,delhi-ncr
Toyota,Toyota GlanzaV AMT,2022,"53,804kms",Petrol,Automatic,₹6.76 Lakh,delhi-ncr
Maruti,Maruti Alto K10VXI,2015,"63,000kms",Petrol,Manual,₹2.45 Lakh,delhi-ncr
MG,MG HectorSharp DCT,2020,"72,067kms",Petrol,Automatic,₹9.76 Lakh,delhi-ncr
Maruti,Maruti CiazSigma BSIV,2018,"45,657kms",Petrol,Manual,₹4.26 Lakh,delhi-ncr
Maruti,Maruti SwiftVXI,2014,"77,371kms",Petrol,Manual,₹2.84 Lakh,delhi-ncr
Hyundai,Hyundai Grand i101.2 Kappa Magna BSIV,2014,"95,675kms",Petrol,Manual,₹2.71 Lakh,delhi-ncr
Maruti,Maruti SwiftVXI,2021,"21,764kms",Petrol,Manual,₹5.17 Lakh,delhi-ncr
Tata,Tata NexonXZ Plus BSVI,2021,"90,829kms",Petrol,Manual,₹5.60 Lakh,delhi-ncr
Maruti,Maruti BalenoZeta AMT,2017,"71,861kms",Petrol,Automatic,₹3.93 Lakh,delhi-ncr
Maruti,Maruti BalenoDelta Diesel,2016,"74,248kms",Diesel,Manual,₹3.91 Lakh,delhi-ncr
Honda,Honda CityZX CVT,2017,"53,303kms",Petrol,Automatic,₹6.59 Lakh,delhi-ncr
Hyundai,Hyundai Grand i10 NiosSportz,2023,"5,230kms",Petrol,Manual,₹6.22 Lakh,delhi-ncr
Maruti,Maruti Ciaz1.4 Zeta,2022,"42,776kms",Petrol,Manual,₹7.57 Lakh,delhi-ncr
Maruti,Maruti Ciaz1.4 Alpha,2019,"61,358kms",Petrol,Manual,₹6.06 Lakh,delhi-ncr
Maruti,Maruti Grand VitaraDelta,2024,"23,538kms",Petrol,Manual,₹9.64 Lakh,delhi-ncr
Maruti,Maruti Vitara BrezzaVXI,2022,"3,406kms",Petrol,Manual,₹7.56 Lakh,delhi-ncr
Hyundai,Hyundai i20Asta 1.2,2024,"13,505kms",Petrol,Manual,₹9.38 Lakh,delhi-ncr
Toyota,Toyota Corolla AltisPetrol LE,2016,"1,11,583kms",Petrol,Manual,₹6.74 Lakh,delhi-ncr
Honda,Honda JazzZX,2021,"34,594kms",Petrol,Manual,₹6.74 Lakh,delhi-ncr
Honda,Honda AmazeV CVT,2020,"46,435kms",Petrol,Automatic,₹6.10 Lakh,delhi-ncr
Toyota,Toyota GlanzaV AMT,2022,"53,804kms",Petrol,Automatic,₹6.76 Lakh,delhi-ncr
Maruti,Maruti Alto K10VXI,2015,"63,000kms",Petrol,Manual,₹2.45 Lakh,delhi-ncr
MG,MG HectorSharp DCT,2020,"72,067kms",Petrol,Automatic,₹9.76 Lakh,delhi-ncr
Maruti,Maruti CiazSigma BSIV,2018,"45,657kms",Petrol,Manual,₹4.26 Lakh,delhi-ncr
Maruti,Maruti SwiftVXI,2014,"77,371kms",Petrol,Manual,₹2.84 Lakh,delhi-ncr
Hyundai,Hyundai Grand i101.2 Kappa Magna BSIV,2014,"95,675kms",Petrol,Manual,₹2.71 Lakh,delhi-ncr
Maruti,Maruti SwiftVXI,2021,"21,764kms",Petrol,Manual,₹5.17 Lakh,delhi-ncr
Tata,Tata NexonXZ Plus BSVI,2021,"90,829kms",Petrol,Manual,₹5.60 Lakh,delhi-ncr
Maruti,Maruti BalenoZeta AMT,2017,"71,861kms",Petrol,Automatic,₹3.93 Lakh,delhi-ncr
Maruti,Maruti BalenoDelta Diesel,2016,"74,248kms",Diesel,Manual,₹3.91 Lakh,delhi-ncr
Honda,Honda CityZX CVT,2017,"53,303kms",Petrol,Automatic,₹6.59 Lakh,delhi-ncr
Hyundai,Hyundai i20Asta 1.2,2024,"13,505kms",Petrol,Manual,₹9.38 Lakh,delhi-ncr
Toyota,Toyota Corolla AltisPetrol LE,2016,"1,11,583kms",Petrol,Manual,₹6.74 Lakh,delhi-ncr
Hyundai,Hyundai Grand i10 NiosSportz,2023,"5,230kms",Petrol,Manual,₹6.22 Lakh,delhi-ncr
Maruti,Maruti Ciaz1.4 Zeta,2022,"42,776kms",Petrol,Manual,₹7.57 Lakh,delhi-ncr
Honda,Honda AmazeV CVT,2020,"46,435kms",Petrol,Automatic,₹6.10 Lakh,delhi-ncr
Toyota,Toyota GlanzaV AMT,2022,"53,804kms",Petrol,Automatic,₹6.76 Lakh,delhi-ncr
Honda,Honda JazzZX,2021,"34,594kms",Petrol,Manual,₹6.74 Lakh,delhi-ncr
Maruti,Maruti Ciaz1.4 Alpha,2019,"61,358kms",Petrol,Manual,₹6.06 Lakh,delhi-ncr
Maruti,Maruti Grand VitaraDelta,2024,"23,538kms",Petrol,Manual,₹9.64 Lakh,delhi-ncr
Maruti,Maruti Vitara BrezzaVXI,2022,"3,406kms",Petrol,Manual,₹7.56 Lakh,delhi-ncr
Maruti,Maruti Alto K10VXI,2015,"63,000kms",Petrol,Manual,₹2.45 Lakh,delhi-ncr
MG,MG HectorSharp DCT,2020,"72,067kms",Petrol,Automatic,₹9.76 Lakh,delhi-ncr
Maruti,Maruti CiazSigma BSIV,2018,"45,657kms",Petrol,Manual,₹4.26 Lakh,delhi-ncr
Maruti,Maruti SwiftVXI,2014,"77,371kms",Petrol,Manual,₹2.84 Lakh,delhi-ncr
Hyundai,Hyundai Grand i101.2 Kappa Magna BSIV,2014,"95,675kms",Petrol,Manual,₹2.71 Lakh,delhi-ncr
Maruti,Maruti SwiftVXI,2021,"21,764kms",Petrol,Manual,₹5.17 Lakh,delhi-ncr
Tata,Tata NexonXZ Plus BSVI,2021,"90,829kms",Petrol,Manual,₹5.60 Lakh,delhi-ncr
Maruti,Maruti BalenoZeta AMT,2017,"71,861kms",Petrol,Automatic,₹3.93 Lakh,delhi-ncr
Maruti,Maruti BalenoDelta Diesel,2016,"74,248kms",Diesel,Manual,₹3.91 Lakh,delhi-ncr
Honda,Honda CityZX CVT,2017,"53,303kms",Petrol,Automatic,₹6.59 Lakh,delhi-ncr
Hyundai,Hyundai i20Asta 1.2,2024,"13,505kms",Petrol,Manual,₹9.38 Lakh,delhi-ncr
Toyota,Toyota Corolla AltisPetrol LE,2016,"1,11,583kms",Petrol,Manual,₹6.74 Lakh,delhi-ncr
Hyundai,Hyundai Grand i10 NiosSportz,2023,"5,230kms",Petrol,Manual,₹6.22 Lakh,delhi-ncr
Maruti,Maruti Ciaz1.4 Zeta,2022,"42,776kms",Petrol,Manual,₹7.57 Lakh,delhi-ncr
Honda,Honda AmazeV CVT,2020,"46,435kms",Petrol,Automatic,₹6.10 Lakh,delhi-ncr
Toyota,Toyota GlanzaV AMT,2022,"53,804kms",Petrol,Automatic,₹6.76 Lakh,delhi-ncr
Honda,Honda JazzZX,2021,"34,594kms",Petrol,Manual,₹6.74 Lakh,delhi-ncr
Maruti,Maruti Ciaz1.4 Alpha,2019,"61,358kms",Petrol,Manual,₹6.06 Lakh,delhi-ncr
Maruti,Maruti Grand VitaraDelta,2024,"23,538kms",Petrol,Manual,₹9.64 Lakh,delhi-ncr
Maruti,Maruti Vitara BrezzaVXI,2022,"3,406kms",Petrol,Manual,₹7.56 Lakh,delhi-ncr
Maruti,Maruti Alto K10VXI,2015,"63,000kms",Petrol,Manual,₹2.45 Lakh,delhi-ncr
MG,MG HectorSharp DCT,2020,"72,067kms",Petrol,Automatic,₹9.76 Lakh,delhi-ncr
Maruti,Maruti CiazSigma BSIV,2018,"45,657kms",Petrol,Manual,₹4.26 Lakh,delhi-ncr
Maruti,Maruti SwiftVXI,2014,"77,371kms",Petrol,Manual,₹2.84 Lakh,delhi-ncr
Hyundai,Hyundai Grand i101.2 Kappa Magna BSIV,2014,"95,675kms",Petrol,Manual,₹2.71 Lakh,delhi-ncr
Maruti,Maruti SwiftVXI,2021,"21,764kms",Petrol,Manual,₹5.17 Lakh,delhi-ncr
Tata,Tata NexonXZ Plus BSVI,2021,"90,829kms",Petrol,Manual,₹5.60 Lakh,delhi-ncr
Maruti,Maruti BalenoZeta AMT,2017,"71,861kms",Petrol,Automatic,₹3.93 Lakh,delhi-ncr
Maruti,Maruti BalenoDelta Diesel,2016,"74,248kms",Diesel,Manual,₹3.91 Lakh,delhi-ncr
Honda,Honda CityZX CVT,2017,"53,303kms",Petrol,Automatic,₹6.59 Lakh,delhi-ncr
Hyundai,Hyundai Grand i10 NiosSportz,2023,"5,230kms",Petrol,Manual,₹6.22 Lakh,delhi-ncr
Maruti,Maruti Ciaz1.4 Zeta,2022,"42,776kms",Petrol,Manual,₹7.57 Lakh,delhi-ncr
Maruti,Maruti Ciaz1.4 Alpha,2019,"61,358kms",Petrol,Manual,₹6.06 Lakh,delhi-ncr
Maruti,Maruti Grand VitaraDelta,2024,"23,538kms",Petrol,Manual,₹9.64 Lakh,delhi-ncr
Maruti,Maruti Vitara BrezzaVXI,2022,"3,406kms",Petrol,Manual,₹7.56 Lakh,delhi-ncr
Hyundai,Hyundai i20Asta 1.2,2024,"13,505kms",Petrol,Manual,₹9.38 Lakh,delhi-ncr
Toyota,Toyota Corolla AltisPetrol LE,2016,"1,11,583kms",Petrol,Manual,₹6.74 Lakh,delhi-ncr
Honda,Honda JazzZX,2021,"34,594kms",Petrol,Manual,₹6.74 Lakh,delhi-ncr
Honda,Honda AmazeV CVT,2020,"46,435kms",Petrol,Automatic,₹6.10 Lakh,delhi-ncr
Toyota,Toyota GlanzaV AMT,2022,"53,804kms",Petrol,Automatic,₹6.76 Lakh,delhi-ncr
Maruti,Maruti Alto K10VXI,2015,"63,000kms",Petrol,Manual,₹2.45 Lakh,delhi-ncr
MG,MG HectorSharp DCT,2020,"72,067kms",Petrol,Automatic,₹9.76 Lakh,delhi-ncr
Maruti,Maruti CiazSigma BSIV,2018,"45,657kms",Petrol,Manual,₹4.26 Lakh,delhi-ncr
Maruti,Maruti SwiftVXI,2014,"77,371kms",Petrol,Manual,₹2.84 Lakh,delhi-ncr
Hyundai,Hyundai Grand i101.2 Kappa Magna BSIV,2014,"95,675kms",Petrol,Manual,₹2.71 Lakh,delhi-ncr
Maruti,Maruti SwiftVXI,2021,"21,764kms",Petrol,Manual,₹5.17 Lakh,delhi-ncr
Tata,Tata NexonXZ Plus BSVI,2021,"90,829kms",Petrol,Manual,₹5.60 Lakh,delhi-ncr
Maruti,Maruti BalenoZeta AMT,2017,"71,861kms",Petrol,Automatic,₹3.93 Lakh,delhi-ncr
Maruti,Maruti BalenoDelta Diesel,2016,"74,248kms",Diesel,Manual,₹3.91 Lakh,delhi-ncr
Honda,Honda CityZX CVT,2017,"53,303kms",Petrol,Automatic,₹6.59 Lakh,delhi-ncr
Hyundai,Hyundai Grand i10 NiosSportz,2023,"5,230kms",Petrol,Manual,₹6.22 Lakh,delhi-ncr
Maruti,Maruti Ciaz1.4 Zeta,2022,"42,776kms",Petrol,Manual,₹7.57 Lakh,delhi-ncr
Maruti,Maruti Ciaz1.4 Alpha,2019,"61,358kms",Petrol,Manual,₹6.06 Lakh,delhi-ncr
Maruti,Maruti Grand VitaraDelta,2024,"23,538kms",Petrol,Manual,₹9.64 Lakh,delhi-ncr
Maruti,Maruti Vitara BrezzaVXI,2022,"3,406kms",Petrol,Manual,₹7.56 Lakh,delhi-ncr
Hyundai,Hyundai i20Asta 1.2,2024,"13,505kms",Petrol,Manual,₹9.38 Lakh,delhi-ncr
Toyota,Toyota Corolla AltisPetrol LE,2016,"1,11,583kms",Petrol,Manual,₹6.74 Lakh,delhi-ncr
Honda,Honda JazzZX,2021,"34,594kms",Petrol,Manual,₹6.74 Lakh,delhi-ncr
Honda,Honda AmazeV CVT,2020,"46,435kms",Petrol,Automatic,₹6.10 Lakh,delhi-ncr
Toyota,Toyota GlanzaV AMT,2022,"53,804kms",Petrol,Automatic,₹6.76 Lakh,delhi-ncr
Maruti,Maruti Alto K10VXI,2015,"63,000kms",Petrol,Manual,₹2.45 Lakh,delhi-ncr
MG,MG HectorSharp DCT,2020,"72,067kms",Petrol,Automatic,₹9.76 Lakh,delhi-ncr
Maruti,Maruti CiazSigma BSIV,2018,"45,657kms",Petrol,Manual,₹4.26 Lakh,delhi-ncr
Maruti,Maruti SwiftVXI,2014,"77,371kms",Petrol,Manual,₹2.84 Lakh,delhi-ncr
Hyundai,Hyundai Grand i101.2 Kappa Magna BSIV,2014,"95,675kms",Petrol,Manual,₹2.71 Lakh,delhi-ncr
Maruti,Maruti SwiftVXI,2021,"21,764kms",Petrol,Manual,₹5.17 Lakh,delhi-ncr
Tata,Tata NexonXZ Plus BSVI,2021,"90,829kms",Petrol,Manual,₹5.60 Lakh,delhi-ncr
Maruti,Maruti BalenoZeta AMT,2017,"71,861kms",Petrol,Automatic,₹3.93 Lakh,delhi-ncr
Maruti,Maruti BalenoDelta Diesel,2016,"74,248kms",Diesel,Manual,₹3.91 Lakh,delhi-ncr
Honda,Honda CityZX CVT,2017,"53,303kms",Petrol,Automatic,₹6.59 Lakh,delhi-ncr
Hyundai,Hyundai i20Asta 1.2,2024,"13,505kms",Petrol,Manual,₹9.38 Lakh,delhi-ncr
Toyota,Toyota Corolla AltisPetrol LE,2016,"1,11,583kms",Petrol,Manual,₹6.74 Lakh,delhi-ncr
Hyundai,Hyundai Grand i10 NiosSportz,2023,"5,230kms",Petrol,Manual,₹6.22 Lakh,delhi-ncr
Maruti,Maruti Ciaz1.4 Zeta,2022,"42,776kms",Petrol,Manual,₹7.57 Lakh,delhi-ncr
Honda,Honda AmazeV CVT,2020,"46,435kms",Petrol,Automatic,₹6.10 Lakh,delhi-ncr
Toyota,Toyota GlanzaV AMT,2022,"53,804kms",Petrol,Automatic,₹6.76 Lakh,delhi-ncr
Honda,Honda JazzZX,2021,"34,594kms",Petrol,Manual,₹6.74 Lakh,delhi-ncr
Maruti,Maruti Ciaz1.4 Alpha,2019,"61,358kms",Petrol,Manual,₹6.06 Lakh,delhi-ncr
Maruti,Maruti Grand VitaraDelta,2024,"23,538kms",Petrol,Manual,₹9.64 Lakh,delhi-ncr
Maruti,Maruti Vitara BrezzaVXI,2022,"3,406kms",Petrol,Manual,₹7.56 Lakh,delhi-ncr
Maruti,Maruti Alto K10VXI,2015,"63,000kms",Petrol,Manual,₹2.45 Lakh,delhi-ncr
MG,MG HectorSharp DCT,2020,"72,067kms",Petrol,Automatic,₹9.76 Lakh,delhi-ncr
Maruti,Maruti CiazSigma BSIV,2018,"45,657kms",Petrol,Manual,₹4.26 Lakh,delhi-ncr
Maruti,Maruti SwiftVXI,2014,"77,371kms",Petrol,Manual,₹2.84 Lakh,delhi-ncr
Hyundai,Hyundai Grand i101.2 Kappa Magna BSIV,2014,"95,675kms",Petrol,Manual,₹2.71 Lakh,delhi-ncr
Maruti,Maruti SwiftVXI,2021,"21,764kms",Petrol,Manual,₹5.17 Lakh,delhi-ncr
Tata,Tata NexonXZ Plus BSVI,2021,"90,829kms",Petrol,Manual,₹5.60 Lakh,delhi-ncr
Maruti,Maruti BalenoZeta AMT,2017,"71,861kms",Petrol,Automatic,₹3.93 Lakh,delhi-ncr
Maruti,Maruti BalenoDelta Diesel,2016,"74,248kms",Diesel,Manual,₹3.91 Lakh,delhi-ncr
Honda,Honda CityZX CVT,2017,"53,303kms",Petrol,Automatic,₹6.59 Lakh,delhi-ncr
Hyundai,Hyundai Grand i10 NiosSportz,2023,"5,230kms",Petrol,Manual,₹6.22 Lakh,delhi-ncr
Maruti,Maruti Ciaz1.4 Zeta,2022,"42,776kms",Petrol,Manual,₹7.57 Lakh,delhi-ncr
Maruti,Maruti Ciaz1.4 Alpha,2019,"61,358kms",Petrol,Manual,₹6.06 Lakh,delhi-ncr
Maruti,Maruti Grand VitaraDelta,2024,"23,538kms",Petrol,Manual,₹9.64 Lakh,delhi-ncr
Maruti,Maruti Vitara BrezzaVXI,2022,"3,406kms",Petrol,Manual,₹7.56 Lakh,delhi-ncr
Hyundai,Hyundai i20Asta 1.2,2024,"13,505kms",Petrol,Manual,₹9.38 Lakh,delhi-ncr
Toyota,Toyota Corolla AltisPetrol LE,2016,"1,11,583kms",Petrol,Manual,₹6.74 Lakh,delhi-ncr
Honda,Honda JazzZX,2021,"34,594kms",Petrol,Manual,₹6.74 Lakh,delhi-ncr
Honda,Honda AmazeV CVT,2020,"46,435kms",Petrol,Automatic,₹6.10 Lakh,delhi-ncr
Toyota,Toyota GlanzaV AMT,2022,"53,804kms",Petrol,Automatic,₹6.76 Lakh,delhi-ncr
Maruti,Maruti Alto K10VXI,2015,"63,000kms",Petrol,Manual,₹2.45 Lakh,delhi-ncr
MG,MG HectorSharp DCT,2020,"72,067kms",Petrol,Automatic,₹9.76 Lakh,delhi-ncr
Maruti,Maruti CiazSigma BSIV,2018,"45,657kms",Petrol,Manual,₹4.26 Lakh,delhi-ncr
Maruti,Maruti SwiftVXI,2014,"77,371kms",Petrol,Manual,₹2.84 Lakh,delhi-ncr
Hyundai,Hyundai Grand i101.2 Kappa Magna BSIV,2014,"95,675kms",Petrol,Manual,₹2.71 Lakh,delhi-ncr
Maruti,Maruti SwiftVXI,2021,"21,764kms",Petrol,Manual,₹5.17 Lakh,delhi-ncr
Tata,Tata NexonXZ Plus BSVI,2021,"90,829kms",Petrol,Manual,₹5.60 Lakh,delhi-ncr
Maruti,Maruti BalenoZeta AMT,2017,"71,861kms",Petrol,Automatic,₹3.93 Lakh,delhi-ncr
Maruti,Maruti BalenoDelta Diesel,2016,"74,248kms",Diesel,Manual,₹3.91 Lakh,delhi-ncr
Honda,Honda CityZX CVT,2017,"53,303kms",Petrol,Automatic,₹6.59 Lakh,delhi-ncr
Hyundai,Hyundai i20Asta 1.2,2024,"13,505kms",Petrol,Manual,₹9.38 Lakh,delhi-ncr
Toyota,Toyota Corolla AltisPetrol LE,2016,"1,11,583kms",Petrol,Manual,₹6.74 Lakh,delhi-ncr
Hyundai,Hyundai Grand i10 NiosSportz,2023,"5,230kms",Petrol,Manual,₹6.22 Lakh,delhi-ncr
Maruti,Maruti Ciaz1.4 Zeta,2022,"42,776kms",Petrol,Manual,₹7.57 Lakh,delhi-ncr
Maruti,Maruti Ciaz1.4 Alpha,2019,"61,358kms",Petrol,Manual,₹6.06 Lakh,delhi-ncr
Maruti,Maruti Grand VitaraDelta,2024,"23,538kms",Petrol,Manual,₹9.64 Lakh,delhi-ncr
Maruti,Maruti Vitara BrezzaVXI,2022,"3,406kms",Petrol,Manual,₹7.56 Lakh,delhi-ncr
Honda,Honda AmazeV CVT,2020,"46,435kms",Petrol,Automatic,₹6.10 Lakh,delhi-ncr
Toyota,Toyota GlanzaV AMT,2022,"53,804kms",Petrol,Automatic,₹6.76 Lakh,delhi-ncr
Honda,Honda JazzZX,2021,"34,594kms",Petrol,Manual,₹6.74 Lakh,delhi-ncr
Maruti,Maruti Alto K10VXI,2015,"63,000kms",Petrol,Manual,₹2.45 Lakh,delhi-ncr
MG,MG HectorSharp DCT,2020,"72,067kms",Petrol,Automatic,₹9.76 Lakh,delhi-ncr
Maruti,Maruti CiazSigma BSIV,2018,"45,657kms",Petrol,Manual,₹4.26 Lakh,delhi-ncr
Maruti,Maruti SwiftVXI,2014,"77,371kms",Petrol,Manual,₹2.84 Lakh,delhi-ncr
Hyundai,Hyundai Grand i101.2 Kappa Magna BSIV,2014,"95,675kms",Petrol,Manual,₹2.71 Lakh,delhi-ncr
Maruti,Maruti SwiftVXI,2021,"21,764kms",Petrol,Manual,₹5.17 Lakh,delhi-ncr
Tata,Tata NexonXZ Plus BSVI,2021,"90,829kms",Petrol,Manual,₹5.60 Lakh,delhi-ncr
Maruti,Maruti BalenoZeta AMT,2017,"71,861kms",Petrol,Automatic,₹3.93 Lakh,delhi-ncr
Maruti,Maruti BalenoDelta Diesel,2016,"74,248kms",Diesel,Manual,₹3.91 Lakh,delhi-ncr
Honda,Honda CityZX CVT,2017,"53,303kms",Petrol,Automatic,₹6.59 Lakh,delhi-ncr
Hyundai,Hyundai i20Asta 1.2,2024,"13,505kms",Petrol,Manual,₹9.38 Lakh,delhi-ncr
Toyota,Toyota Corolla AltisPetrol LE,2016,"1,11,583kms",Petrol,Manual,₹6.74 Lakh,delhi-ncr
Hyundai,Hyundai Grand i10 NiosSportz,2023,"5,230kms",Petrol,Manual,₹6.22 Lakh,delhi-ncr
Maruti,Maruti Ciaz1.4 Zeta,2022,"42,776kms",Petrol,Manual,₹7.57 Lakh,delhi-ncr
Honda,Honda AmazeV CVT,2020,"46,435kms",Petrol,Automatic,₹6.10 Lakh,delhi-ncr
Toyota,Toyota GlanzaV AMT,2022,"53,804kms",Petrol,Automatic,₹6.76 Lakh,delhi-ncr
Honda,Honda JazzZX,2021,"34,594kms",Petrol,Manual,₹6.74 Lakh,delhi-ncr
Maruti,Maruti Ciaz1.4 Alpha,2019,"61,358kms",Petrol,Manual,₹6.06 Lakh,delhi-ncr
Maruti,Maruti Grand VitaraDelta,2024,"23,538kms",Petrol,Manual,₹9.64 Lakh,delhi-ncr
Maruti,Maruti Vitara BrezzaVXI,2022,"3,406kms",Petrol,Manual,₹7.56 Lakh,delhi-ncr
Maruti,Maruti Alto K10VXI,2015,"63,000kms",Petrol,Manual,₹2.45 Lakh,delhi-ncr
MG,MG HectorSharp DCT,2020,"72,067kms",Petrol,Automatic,₹9.76 Lakh,delhi-ncr
Maruti,Maruti CiazSigma BSIV,2018,"45,657kms",Petrol,Manual,₹4.26 Lakh,delhi-ncr
Maruti,Maruti SwiftVXI,2014,"77,371kms",Petrol,Manual,₹2.84 Lakh,delhi-ncr
Hyundai,Hyundai Grand i101.2 Kappa Magna BSIV,2014,"95,675kms",Petrol,Manual,₹2.71 Lakh,delhi-ncr
Maruti,Maruti SwiftVXI,2021,"21,764kms",Petrol,Manual,₹5.17 Lakh,delhi-ncr
Tata,Tata NexonXZ Plus BSVI,2021,"90,829kms",Petrol,Manual,₹5.60 Lakh,delhi-ncr
Maruti,Maruti BalenoZeta AMT,2017,"71,861kms",Petrol,Automatic,₹3.93 Lakh,delhi-ncr
Maruti,Maruti BalenoDelta Diesel,2016,"74,248kms",Diesel,Manual,₹3.91 Lakh,delhi-ncr
Honda,Honda CityZX CVT,2017,"53,303kms",Petrol,Automatic,₹6.59 Lakh,delhi-ncr
Hyundai,Hyundai i20Asta 1.2,2024,"13,505kms",Petrol,Manual,₹9.38 Lakh,delhi-ncr
Toyota,Toyota Corolla AltisPetrol LE,2016,"1,11,583kms",Petrol,Manual,₹6.74 Lakh,delhi-ncr
Hyundai,Hyundai Grand i10 NiosSportz,2023,"5,230kms",Petrol,Manual,₹6.22 Lakh,delhi-ncr
Maruti,Maruti Ciaz1.4 Zeta,2022,"42,776kms",Petrol,Manual,₹7.57 Lakh,delhi-ncr
Honda,Honda AmazeV CVT,2020,"46,435kms",Petrol,Automatic,₹6.10 Lakh,delhi-ncr
Toyota,Toyota GlanzaV AMT,2022,"53,804kms",Petrol,Automatic,₹6.76 Lakh,delhi-ncr
Honda,Honda JazzZX,2021,"34,594kms",Petrol,Manual,₹6.74 Lakh,delhi-ncr
Maruti,Maruti Ciaz1.4 Alpha,2019,"61,358kms",Petrol,Manual,₹6.06 Lakh,delhi-ncr
Maruti,Maruti Grand VitaraDelta,2024,"23,538kms",Petrol,Manual,₹9.64 Lakh,delhi-ncr
Maruti,Maruti Vitara BrezzaVXI,2022,"3,406kms",Petrol,Manual,₹7.56 Lakh,delhi-ncr
Maruti,Maruti Alto K10VXI,2015,"63,000kms",Petrol,Manual,₹2.45 Lakh,delhi-ncr
MG,MG HectorSharp DCT,2020,"72,067kms",Petrol,Automatic,₹9.76 Lakh,delhi-ncr
Maruti,Maruti CiazSigma BSIV,2018,"45,657kms",Petrol,Manual,₹4.26 Lakh,delhi-ncr
Maruti,Maruti SwiftVXI,2014,"77,371kms",Petrol,Manual,₹2.84 Lakh,delhi-ncr
Hyundai,Hyundai Grand i101.2 Kappa Magna BSIV,2014,"95,675kms",Petrol,Manual,₹2.71 Lakh,delhi-ncr
Maruti,Maruti SwiftVXI,2021,"21,764kms",Petrol,Manual,₹5.17 Lakh,delhi-ncr
Tata,Tata NexonXZ Plus BSVI,2021,"90,829kms",Petrol,Manual,₹5.60 Lakh,delhi-ncr
Maruti,Maruti BalenoZeta AMT,2017,"71,861kms",Petrol,Automatic,₹3.93 Lakh,delhi-ncr
Maruti,Maruti BalenoDelta Diesel,2016,"74,248kms",Diesel,Manual,₹3.91 Lakh,delhi-ncr
Honda,Honda CityZX CVT,2017,"53,303kms",Petrol,Automatic,₹6.59 Lakh,delhi-ncr
Hyundai,Hyundai i20Asta 1.2,2024,"13,505kms",Petrol,Manual,₹9.38 Lakh,delhi-ncr
Toyota,Toyota Corolla AltisPetrol LE,2016,"1,11,583kms",Petrol,Manual,₹6.74 Lakh,delhi-ncr
Hyundai,Hyundai Grand i10 NiosSportz,2023,"5,230kms",Petrol,Manual,₹6.22 Lakh,delhi-ncr
Maruti,Maruti Ciaz1.4 Zeta,2022,"42,776kms",Petrol,Manual,₹7.57 Lakh,delhi-ncr
Maruti,Maruti Ciaz1.4 Alpha,2019,"61,358kms",Petrol,Manual,₹6.06 Lakh,delhi-ncr
Maruti,Maruti Grand VitaraDelta,2024,"23,538kms",Petrol,Manual,₹9.64 Lakh,delhi-ncr
Maruti,Maruti Vitara BrezzaVXI,2022,"3,406kms",Petrol,Manual,₹7.56 Lakh,delhi-ncr
Honda,Honda AmazeV CVT,2020,"46,435kms",Petrol,Automatic,₹6.10 Lakh,delhi-ncr
Toyota,Toyota GlanzaV AMT,2022,"53,804kms",Petrol,Automatic,₹6.76 Lakh,delhi-ncr
Honda,Honda JazzZX,2021,"34,594kms",Petrol,Manual,₹6.74 Lakh,delhi-ncr
Maruti,Maruti Alto K10VXI,2015,"63,000kms",Petrol,Manual,₹2.45 Lakh,delhi-ncr
MG,MG HectorSharp DCT,2020,"72,067kms",Petrol,Automatic,₹9.76 Lakh,delhi-ncr
Maruti,Maruti CiazSigma BSIV,2018,"45,657kms",Petrol,Manual,₹4.26 Lakh,delhi-ncr
Maruti,Maruti SwiftVXI,2014,"77,371kms",Petrol,Manual,₹2.84 Lakh,delhi-ncr
Hyundai,Hyundai Grand i101.2 Kappa Magna BSIV,2014,"95,675kms",Petrol,Manual,₹2.71 Lakh,delhi-ncr
Maruti,Maruti SwiftVXI,2021,"21,764kms",Petrol,Manual,₹5.17 Lakh,delhi-ncr
Tata,Tata NexonXZ Plus BSVI,2021,"90,829kms",Petrol,Manual,₹5.60 Lakh,delhi-ncr
Maruti,Maruti BalenoZeta AMT,2017,"71,861kms",Petrol,Automatic,₹3.93 Lakh,delhi-ncr
Maruti,Maruti BalenoDelta Diesel,2016,"74,248kms",Diesel,Manual,₹3.91 Lakh,delhi-ncr
Honda,Honda CityZX CVT,2017,"53,303kms",Petrol,Automatic,₹6.59 Lakh,delhi-ncr
Hyundai,Hyundai i20Asta 1.2,2024,"13,505kms",Petrol,Manual,₹9.38 Lakh,delhi-ncr
Toyota,Toyota Corolla AltisPetrol LE,2016,"1,11,583kms",Petrol,Manual,₹6.74 Lakh,delhi-ncr
Hyundai,Hyundai Grand i10 NiosSportz,2023,"5,230kms",Petrol,Manual,₹6.22 Lakh,delhi-ncr
Maruti,Maruti Ciaz1.4 Zeta,2022,"42,776kms",Petrol,Manual,₹7.57 Lakh,delhi-ncr
Maruti,Maruti Ciaz1.4 Alpha,2019,"61,358kms",Petrol,Manual,₹6.06 Lakh,delhi-ncr
Maruti,Maruti Grand VitaraDelta,2024,"23,538kms",Petrol,Manual,₹9.64 Lakh,delhi-ncr
Maruti,Maruti Vitara BrezzaVXI,2022,"3,406kms",Petrol,Manual,₹7.56 Lakh,delhi-ncr
Honda,Honda AmazeV CVT,2020,"46,435kms",Petrol,Automatic,₹6.10 Lakh,delhi-ncr
Toyota,Toyota GlanzaV AMT,2022,"53,804kms",Petrol,Automatic,₹6.76 Lakh,delhi-ncr
Honda,Honda JazzZX,2021,"34,594kms",Petrol,Manual,₹6.74 Lakh,delhi-ncr
Maruti,Maruti Alto K10VXI,2015,"63,000kms",Petrol,Manual,₹2.45 Lakh,delhi-ncr
MG,MG HectorSharp DCT,2020,"72,067kms",Petrol,Automatic,₹9.76 Lakh,delhi-ncr
Maruti,Maruti CiazSigma BSIV,2018,"45,657kms",Petrol,Manual,₹4.26 Lakh,delhi-ncr
Maruti,Maruti SwiftVXI,2014,"77,371kms",Petrol,Manual,₹2.84 Lakh,delhi-ncr
Hyundai,Hyundai Grand i101.2 Kappa Magna BSIV,2014,"95,675kms",Petrol,Manual,₹2.71 Lakh,delhi-ncr
Maruti,Maruti SwiftVXI,2021,"21,764kms",Petrol,Manual,₹5.17 Lakh,delhi-ncr
Tata,Tata NexonXZ Plus BSVI,2021,"90,829kms",Petrol,Manual,₹5.60 Lakh,delhi-ncr
Maruti,Maruti BalenoZeta AMT,2017,"71,861kms",Petrol,Automatic,₹3.93 Lakh,delhi-ncr
Maruti,Maruti BalenoDelta Diesel,2016,"74,248kms",Diesel,Manual,₹3.91 Lakh,delhi-ncr
Honda,Honda CityZX CVT,2017,"53,303kms",Petrol,Automatic,₹6.59 Lakh,delhi-ncr
Hyundai,Hyundai i20Asta 1.2,2024,"13,505kms",Petrol,Manual,₹9.38 Lakh,delhi-ncr
Toyota,Toyota Corolla AltisPetrol LE,2016,"1,11,583kms",Petrol,Manual,₹6.74 Lakh,delhi-ncr
Hyundai,Hyundai Grand i10 NiosSportz,2023,"5,230kms",Petrol,Manual,₹6.22 Lakh,delhi-ncr
Maruti,Maruti Ciaz1.4 Zeta,2022,"42,776kms",Petrol,Manual,₹7.57 Lakh,delhi-ncr
Honda,Honda AmazeV CVT,2020,"46,435kms",Petrol,Automatic,₹6.10 Lakh,delhi-ncr
Toyota,Toyota GlanzaV AMT,2022,"53,804kms",Petrol,Automatic,₹6.76 Lakh,delhi-ncr
Honda,Honda JazzZX,2021,"34,594kms",Petrol,Manual,₹6.74 Lakh,delhi-ncr
Maruti,Maruti Ciaz1.4 Alpha,2019,"61,358kms",Petrol,Manual,₹6.06 Lakh,delhi-ncr
Maruti,Maruti Grand VitaraDelta,2024,"23,538kms",Petrol,Manual,₹9.64 Lakh,delhi-ncr
Maruti,Maruti Vitara BrezzaVXI,2022,"3,406kms",Petrol,Manual,₹7.56 Lakh,delhi-ncr
Maruti,Maruti Alto K10VXI,2015,"63,000kms",Petrol,Manual,₹2.45 Lakh,delhi-ncr
MG,MG HectorSharp DCT,2020,"72,067kms",Petrol,Automatic,₹9.76 Lakh,delhi-ncr
Maruti,Maruti CiazSigma BSIV,2018,"45,657kms",Petrol,Manual,₹4.26 Lakh,delhi-ncr
Maruti,Maruti SwiftVXI,2014,"77,371kms",Petrol,Manual,₹2.84 Lakh,delhi-ncr
Hyundai,Hyundai Grand i101.2 Kappa Magna BSIV,2014,"95,675kms",Petrol,Manual,₹2.71 Lakh,delhi-ncr
Maruti,Maruti SwiftVXI,2021,"21,764kms",Petrol,Manual,₹5.17 Lakh,delhi-ncr
Tata,Tata NexonXZ Plus BSVI,2021,"90,829kms",Petrol,Manual,₹5.60 Lakh,delhi-ncr
Maruti,Maruti BalenoZeta AMT,2017,"71,861kms",Petrol,Automatic,₹3.93 Lakh,delhi-ncr
Maruti,Maruti BalenoDelta Diesel,2016,"74,248kms",Diesel,Manual,₹3.91 Lakh,delhi-ncr
Honda,Honda CityZX CVT,2017,"53,303kms",Petrol,Automatic,₹6.59 Lakh,delhi-ncr
Hyundai,Hyundai i20Asta 1.2,2024,"13,505kms",Petrol,Manual,₹9.38 Lakh,delhi-ncr
Toyota,Toyota Corolla AltisPetrol LE,2016,"1,11,583kms",Petrol,Manual,₹6.74 Lakh,delhi-ncr
Hyundai,Hyundai Grand i10 NiosSportz,2023,"5,230kms",Petrol,Manual,₹6.22 Lakh,delhi-ncr
Maruti,Maruti Ciaz1.4 Zeta,2022,"42,776kms",Petrol,Manual,₹7.57 Lakh,delhi-ncr
Honda,Honda AmazeV CVT,2020,"46,435kms",Petrol,Automatic,₹6.10 Lakh,delhi-ncr
Toyota,Toyota GlanzaV AMT,2022,"53,804kms",Petrol,Automatic,₹6.76 Lakh,delhi-ncr
Honda,Honda JazzZX,2021,"34,594kms",Petrol,Manual,₹6.74 Lakh,delhi-ncr
Maruti,Maruti Ciaz1.4 Alpha,2019,"61,358kms",Petrol,Manual,₹6.06 Lakh,delhi-ncr
Maruti,Maruti Grand VitaraDelta,2024,"23,538kms",Petrol,Manual,₹9.64 Lakh,delhi-ncr
Maruti,Maruti Vitara BrezzaVXI,2022,"3,406kms",Petrol,Manual,₹7.56 Lakh,delhi-ncr
Maruti,Maruti Alto K10VXI,2015,"63,000kms",Petrol,Manual,₹2.45 Lakh,delhi-ncr
MG,MG HectorSharp DCT,2020,"72,067kms",Petrol,Automatic,₹9.76 Lakh,delhi-ncr
Maruti,Maruti CiazSigma BSIV,2018,"45,657kms",Petrol,Manual,₹4.26 Lakh,delhi-ncr
Maruti,Maruti SwiftVXI,2014,"77,371kms",Petrol,Manual,₹2.84 Lakh,delhi-ncr
Hyundai,Hyundai Grand i101.2 Kappa Magna BSIV,2014,"95,675kms",Petrol,Manual,₹2.71 Lakh,delhi-ncr
Maruti,Maruti SwiftVXI,2021,"21,764kms",Petrol,Manual,₹5.17 Lakh,delhi-ncr
Tata,Tata NexonXZ Plus BSVI,2021,"90,829kms",Petrol,Manual,₹5.60 Lakh,delhi-ncr
Maruti,Maruti BalenoZeta AMT,2017,"71,861kms",Petrol,Automatic,₹3.93 Lakh,delhi-ncr
Maruti,Maruti BalenoDelta Diesel,2016,"74,248kms",Diesel,Manual,₹3.91 Lakh,delhi-ncr
Honda,Honda CityZX CVT,2017,"53,303kms",Petrol,Automatic,₹6.59 Lakh,delhi-ncr
Hyundai,Hyundai i20Asta 1.2,2024,"13,505kms",Petrol,Manual,₹9.38 Lakh,delhi-ncr
Toyota,Toyota Corolla AltisPetrol LE,2016,"1,11,583kms",Petrol,Manual,₹6.74 Lakh,delhi-ncr
Hyundai,Hyundai Grand i10 NiosSportz,2023,"5,230kms",Petrol,Manual,₹6.22 Lakh,delhi-ncr
Maruti,Maruti Ciaz1.4 Zeta,2022,"42,776kms",Petrol,Manual,₹7.57 Lakh,delhi-ncr
Honda,Honda AmazeV CVT,2020,"46,435kms",Petrol,Automatic,₹6.10 Lakh,delhi-ncr
Toyota,Toyota GlanzaV AMT,2022,"53,804kms",Petrol,Automatic,₹6.76 Lakh,delhi-ncr
Honda,Honda JazzZX,2021,"34,594kms",Petrol,Manual,₹6.74 Lakh,delhi-ncr
Maruti,Maruti Ciaz1.4 Alpha,2019,"61,358kms",Petrol,Manual,₹6.06 Lakh,delhi-ncr
Maruti,Maruti Grand VitaraDelta,2024,"23,538kms",Petrol,Manual,₹9.64 Lakh,delhi-ncr
Maruti,Maruti Vitara BrezzaVXI,2022,"3,406kms",Petrol,Manual,₹7.56 Lakh,delhi-ncr
Maruti,Maruti Alto K10VXI,2015,"63,000kms",Petrol,Manual,₹2.45 Lakh,delhi-ncr
MG,MG HectorSharp DCT,2020,"72,067kms",Petrol,Automatic,₹9.76 Lakh,delhi-ncr
Maruti,Maruti CiazSigma BSIV,2018,"45,657kms",Petrol,Manual,₹4.26 Lakh,delhi-ncr
Maruti,Maruti SwiftVXI,2014,"77,371kms",Petrol,Manual,₹2.84 Lakh,delhi-ncr
Hyundai,Hyundai Grand i101.2 Kappa Magna BSIV,2014,"95,675kms",Petrol,Manual,₹2.71 Lakh,delhi-ncr
Maruti,Maruti SwiftVXI,2021,"21,764kms",Petrol,Manual,₹5.17 Lakh,delhi-ncr
Tata,Tata NexonXZ Plus BSVI,2021,"90,829kms",Petrol,Manual,₹5.60 Lakh,delhi-ncr
Maruti,Maruti BalenoZeta AMT,2017,"71,861kms",Petrol,Automatic,₹3.93 Lakh,delhi-ncr
Maruti,Maruti BalenoDelta Diesel,2016,"74,248kms",Diesel,Manual,₹3.91 Lakh,delhi-ncr
Honda,Honda CityZX CVT,2017,"53,303kms",Petrol,Automatic,₹6.59 Lakh,delhi-ncr
Hyundai,Hyundai i20Asta 1.2,2024,"13,505kms",Petrol,Manual,₹9.38 Lakh,delhi-ncr
Toyota,Toyota Corolla AltisPetrol LE,2016,"1,11,583kms",Petrol,Manual,₹6.74 Lakh,delhi-ncr
Hyundai,Hyundai Grand i10 NiosSportz,2023,"5,230kms",Petrol,Manual,₹6.22 Lakh,delhi-ncr
Maruti,Maruti Ciaz1.4 Zeta,2022,"42,776kms",Petrol,Manual,₹7.57 Lakh,delhi-ncr
Maruti,Maruti Ciaz1.4 Alpha,2019,"61,358kms",Petrol,Manual,₹6.06 Lakh,delhi-ncr
Maruti,Maruti Grand VitaraDelta,2024,"23,538kms",Petrol,Manual,₹9.64 Lakh,delhi-ncr
Maruti,Maruti Vitara BrezzaVXI,2022,"3,406kms",Petrol,Manual,₹7.56 Lakh,delhi-ncr
Honda,Honda AmazeV CVT,2020,"46,435kms",Petrol,Automatic,₹6.10 Lakh,delhi-ncr
Toyota,Toyota GlanzaV AMT,2022,"53,804kms",Petrol,Automatic,₹6.76 Lakh,delhi-ncr
Honda,Honda JazzZX,2021,"34,594kms",Petrol,Manual,₹6.74 Lakh,delhi-ncr
Maruti,Maruti Alto K10VXI,2015,"63,000kms",Petrol,Manual,₹2.45 Lakh,delhi-ncr
MG,MG HectorSharp DCT,2020,"72,067kms",Petrol,Automatic,₹9.76 Lakh,delhi-ncr
Maruti,Maruti CiazSigma BSIV,2018,"45,657kms",Petrol,Manual,₹4.26 Lakh,delhi-ncr
Maruti,Maruti SwiftVXI,2014,"77,371kms",Petrol,Manual,₹2.84 Lakh,delhi-ncr
Hyundai,Hyundai Grand i101.2 Kappa Magna BSIV,2014,"95,675kms",Petrol,Manual,₹2.71 Lakh,delhi-ncr
Maruti,Maruti SwiftVXI,2021,"21,764kms",Petrol,Manual,₹5.17 Lakh,delhi-ncr
Tata,Tata NexonXZ Plus BSVI,2021,"90,829kms",Petrol,Manual,₹5.60 Lakh,delhi-ncr
Maruti,Maruti BalenoZeta AMT,2017,"71,861kms",Petrol,Automatic,₹3.93 Lakh,delhi-ncr
Maruti,Maruti BalenoDelta Diesel,2016,"74,248kms",Diesel,Manual,₹3.91 Lakh,delhi-ncr
Honda,Honda CityZX CVT,2017,"53,303kms",Petrol,Automatic,₹6.59 Lakh,delhi-ncr
Hyundai,Hyundai i20Asta 1.2,2024,"13,505kms",Petrol,Manual,₹9.38 Lakh,delhi-ncr
Toyota,Toyota Corolla AltisPetrol LE,2016,"1,11,583kms",Petrol,Manual,₹6.74 Lakh,delhi-ncr
Hyundai,Hyundai Grand i10 NiosSportz,2023,"5,230kms",Petrol,Manual,₹6.22 Lakh,delhi-ncr
Maruti,Maruti Ciaz1.4 Zeta,2022,"42,776kms",Petrol,Manual,₹7.57 Lakh,delhi-ncr
Maruti,Maruti Ciaz1.4 Alpha,2019,"61,358kms",Petrol,Manual,₹6.06 Lakh,delhi-ncr
Maruti,Maruti Grand VitaraDelta,2024,"23,538kms",Petrol,Manual,₹9.64 Lakh,delhi-ncr
Maruti,Maruti Vitara BrezzaVXI,2022,"3,406kms",Petrol,Manual,₹7.56 Lakh,delhi-ncr
Honda,Honda AmazeV CVT,2020,"46,435kms",Petrol,Automatic,₹6.10 Lakh,delhi-ncr
Toyota,Toyota GlanzaV AMT,2022,"53,804kms",Petrol,Automatic,₹6.76 Lakh,delhi-ncr
Honda,Honda JazzZX,2021,"34,594kms",Petrol,Manual,₹6.74 Lakh,delhi-ncr
Maruti,Maruti Alto K10VXI,2015,"63,000kms",Petrol,Manual,₹2.45 Lakh,delhi-ncr
MG,MG HectorSharp DCT,2020,"72,067kms",Petrol,Automatic,₹9.76 Lakh,delhi-ncr
Maruti,Maruti CiazSigma BSIV,2018,"45,657kms",Petrol,Manual,₹4.26 Lakh,delhi-ncr
Maruti,Maruti SwiftVXI,2014,"77,371kms",Petrol,Manual,₹2.84 Lakh,delhi-ncr
Hyundai,Hyundai Grand i101.2 Kappa Magna BSIV,2014,"95,675kms",Petrol,Manual,₹2.71 Lakh,delhi-ncr
Maruti,Maruti SwiftVXI,2021,"21,764kms",Petrol,Manual,₹5.17 Lakh,delhi-ncr
Tata,Tata NexonXZ Plus BSVI,2021,"90,829kms",Petrol,Manual,₹5.60 Lakh,delhi-ncr
Maruti,Maruti BalenoZeta AMT,2017,"71,861kms",Petrol,Automatic,₹3.93 Lakh,delhi-ncr
Maruti,Maruti BalenoDelta Diesel,2016,"74,248kms",Diesel,Manual,₹3.91 Lakh,delhi-ncr
Honda,Honda CityZX CVT,2017,"53,303kms",Petrol,Automatic,₹6.59 Lakh,delhi-ncr
Hyundai,Hyundai i20Asta 1.2,2024,"13,505kms",Petrol,Manual,₹9.38 Lakh,delhi-ncr
Toyota,Toyota Corolla AltisPetrol LE,2016,"1,11,583kms",Petrol,Manual,₹6.74 Lakh,delhi-ncr
Hyundai,Hyundai Grand i10 NiosSportz,2023,"5,230kms",Petrol,Manual,₹6.22 Lakh,delhi-ncr
Maruti,Maruti Ciaz1.4 Zeta,2022,"42,776kms",Petrol,Manual,₹7.57 Lakh,delhi-ncr
Honda,Honda AmazeV CVT,2020,"46,435kms",Petrol,Automatic,₹6.10 Lakh,delhi-ncr
Toyota,Toyota GlanzaV AMT,2022,"53,804kms",Petrol,Automatic,₹6.76 Lakh,delhi-ncr
Honda,Honda JazzZX,2021,"34,594kms",Petrol,Manual,₹6.74 Lakh,delhi-ncr
Maruti,Maruti Ciaz1.4 Alpha,2019,"61,358kms",Petrol,Manual,₹6.06 Lakh,delhi-ncr
Maruti,Maruti Grand VitaraDelta,2024,"23,538kms",Petrol,Manual,₹9.64 Lakh,delhi-ncr
Maruti,Maruti Vitara BrezzaVXI,2022,"3,406kms",Petrol,Manual,₹7.56 Lakh,delhi-ncr
Maruti,Maruti Alto K10VXI,2015,"63,000kms",Petrol,Manual,₹2.45 Lakh,delhi-ncr
MG,MG HectorSharp DCT,2020,"72,067kms",Petrol,Automatic,₹9.76 Lakh,delhi-ncr
Maruti,Maruti CiazSigma BSIV,2018,"45,657kms",Petrol,Manual,₹4.26 Lakh,delhi-ncr
Maruti,Maruti SwiftVXI,2014,"77,371kms",Petrol,Manual,₹2.84 Lakh,delhi-ncr
Hyundai,Hyundai Grand i101.2 Kappa Magna BSIV,2014,"95,675kms",Petrol,Manual,₹2.71 Lakh,delhi-ncr
Maruti,Maruti SwiftVXI,2021,"21,764kms",Petrol,Manual,₹5.17 Lakh,delhi-ncr
Tata,Tata NexonXZ Plus BSVI,2021,"90,829kms",Petrol,Manual,₹5.60 Lakh,delhi-ncr
Maruti,Maruti BalenoZeta AMT,2017,"71,861kms",Petrol,Automatic,₹3.93 Lakh,delhi-ncr
Maruti,Maruti BalenoDelta Diesel,2016,"74,248kms",Diesel,Manual,₹3.91 Lakh,delhi-ncr
Honda,Honda CityZX CVT,2017,"53,303kms",Petrol,Automatic,₹6.59 Lakh,delhi-ncr
Hyundai,Hyundai i20Asta 1.2,2024,"13,505kms",Petrol,Manual,₹9.38 Lakh,delhi-ncr
Toyota,Toyota Corolla AltisPetrol LE,2016,"1,11,583kms",Petrol,Manual,₹6.74 Lakh,delhi-ncr
Hyundai,Hyundai Grand i10 NiosSportz,2023,"5,230kms",Petrol,Manual,₹6.22 Lakh,delhi-ncr
Maruti,Maruti Ciaz1.4 Zeta,2022,"42,776kms",Petrol,Manual,₹7.57 Lakh,delhi-ncr
Maruti,Maruti Ciaz1.4 Alpha,2019,"61,358kms",Petrol,Manual,₹6.06 Lakh,delhi-ncr
Maruti,Maruti Grand VitaraDelta,2024,"23,538kms",Petrol,Manual,₹9.64 Lakh,delhi-ncr
Maruti,Maruti Vitara BrezzaVXI,2022,"3,406kms",Petrol,Manual,₹7.56 Lakh,delhi-ncr
Honda,Honda AmazeV CVT,2020,"46,435kms",Petrol,Automatic,₹6.10 Lakh,delhi-ncr
Toyota,Toyota GlanzaV AMT,2022,"53,804kms",Petrol,Automatic,₹6.76 Lakh,delhi-ncr
Honda,Honda JazzZX,2021,"34,594kms",Petrol,Manual,₹6.74 Lakh,delhi-ncr
Maruti,Maruti Alto K10VXI,2015,"63,000kms",Petrol,Manual,₹2.45 Lakh,delhi-ncr
MG,MG HectorSharp DCT,2020,"72,067kms",Petrol,Automatic,₹9.76 Lakh,delhi-ncr
Maruti,Maruti CiazSigma BSIV,2018,"45,657kms",Petrol,Manual,₹4.26 Lakh,delhi-ncr
Maruti,Maruti SwiftVXI,2014,"77,371kms",Petrol,Manual,₹2.84 Lakh,delhi-ncr
Hyundai,Hyundai Grand i101.2 Kappa Magna BSIV,2014,"95,675kms",Petrol,Manual,₹2.71 Lakh,delhi-ncr
Maruti,Maruti SwiftVXI,2021,"21,764kms",Petrol,Manual,₹5.17 Lakh,delhi-ncr
Tata,Tata NexonXZ Plus BSVI,2021,"90,829kms",Petrol,Manual,₹5.60 Lakh,delhi-ncr
Maruti,Maruti BalenoZeta AMT,2017,"71,861kms",Petrol,Automatic,₹3.93 Lakh,delhi-ncr
Maruti,Maruti BalenoDelta Diesel,2016,"74,248kms",Diesel,Manual,₹3.91 Lakh,delhi-ncr
Honda,Honda CityZX CVT,2017,"53,303kms",Petrol,Automatic,₹6.59 Lakh,delhi-ncr
Hyundai,Hyundai i20Asta 1.2,2024,"13,505kms",Petrol,Manual,₹9.38 Lakh,delhi-ncr
Toyota,Toyota Corolla AltisPetrol LE,2016,"1,11,583kms",Petrol,Manual,₹6.74 Lakh,delhi-ncr
Hyundai,Hyundai Grand i10 NiosSportz,2023,"5,230kms",Petrol,Manual,₹6.22 Lakh,delhi-ncr
Maruti,Maruti Ciaz1.4 Zeta,2022,"42,776kms",Petrol,Manual,₹7.57 Lakh,delhi-ncr
Honda,Honda AmazeV CVT,2020,"46,435kms",Petrol,Automatic,₹6.10 Lakh,delhi-ncr
Toyota,Toyota GlanzaV AMT,2022,"53,804kms",Petrol,Automatic,₹6.76 Lakh,delhi-ncr
Honda,Honda JazzZX,2021,"34,594kms",Petrol,Manual,₹6.74 Lakh,delhi-ncr
Maruti,Maruti Ciaz1.4 Alpha,2019,"61,358kms",Petrol,Manual,₹6.06 Lakh,delhi-ncr
Maruti,Maruti Grand VitaraDelta,2024,"23,538kms",Petrol,Manual,₹9.64 Lakh,delhi-ncr
Maruti,Maruti Vitara BrezzaVXI,2022,"3,406kms",Petrol,Manual,₹7.56 Lakh,delhi-ncr
Maruti,Maruti Alto K10VXI,2015,"63,000kms",Petrol,Manual,₹2.45 Lakh,delhi-ncr
MG,MG HectorSharp DCT,2020,"72,067kms",Petrol,Automatic,₹9.76 Lakh,delhi-ncr
Maruti,Maruti CiazSigma BSIV,2018,"45,657kms",Petrol,Manual,₹4.26 Lakh,delhi-ncr
Maruti,Maruti SwiftVXI,2014,"77,371kms",Petrol,Manual,₹2.84 Lakh,delhi-ncr
Hyundai,Hyundai Grand i101.2 Kappa Magna BSIV,2014,"95,675kms",Petrol,Manual,₹2.71 Lakh,delhi-ncr
Maruti,Maruti SwiftVXI,2021,"21,764kms",Petrol,Manual,₹5.17 Lakh,delhi-ncr
Tata,Tata NexonXZ Plus BSVI,2021,"90,829kms",Petrol,Manual,₹5.60 Lakh,delhi-ncr
Maruti,Maruti BalenoZeta AMT,2017,"71,861kms",Petrol,Automatic,₹3.93 Lakh,delhi-ncr
Maruti,Maruti BalenoDelta Diesel,2016,"74,248kms",Diesel,Manual,₹3.91 Lakh,delhi-ncr
Honda,Honda CityZX CVT,2017,"53,303kms",Petrol,Automatic,₹6.59 Lakh,delhi-ncr
Hyundai,Hyundai i20Asta 1.2,2024,"13,505kms",Petrol,Manual,₹9.38 Lakh,delhi-ncr
Toyota,Toyota Corolla AltisPetrol LE,2016,"1,11,583kms",Petrol,Manual,₹6.74 Lakh,delhi-ncr
Hyundai,Hyundai Grand i10 NiosSportz,2023,"5,230kms",Petrol,Manual,₹6.22 Lakh,delhi-ncr
Maruti,Maruti Ciaz1.4 Zeta,2022,"42,776kms",Petrol,Manual,₹7.57 Lakh,delhi-ncr
Maruti,Maruti Ciaz1.4 Alpha,2019,"61,358kms",Petrol,Manual,₹6.06 Lakh,delhi-ncr
Maruti,Maruti Grand VitaraDelta,2024,"23,538kms",Petrol,Manual,₹9.64 Lakh,delhi-ncr
Maruti,Maruti Vitara BrezzaVXI,2022,"3,406kms",Petrol,Manual,₹7.56 Lakh,delhi-ncr
Honda,Honda AmazeV CVT,2020,"46,435kms",Petrol,Automatic,₹6.10 Lakh,delhi-ncr
Toyota,Toyota GlanzaV AMT,2022,"53,804kms",Petrol,Automatic,₹6.76 Lakh,delhi-ncr
Honda,Honda JazzZX,2021,"34,594kms",Petrol,Manual,₹6.74 Lakh,delhi-ncr
Maruti,Maruti Alto K10VXI,2015,"63,000kms",Petrol,Manual,₹2.45 Lakh,delhi-ncr
MG,MG HectorSharp DCT,2020,"72,067kms",Petrol,Automatic,₹9.76 Lakh,delhi-ncr
Maruti,Maruti CiazSigma BSIV,2018,"45,657kms",Petrol,Manual,₹4.26 Lakh,delhi-ncr
Maruti,Maruti SwiftVXI,2014,"77,371kms",Petrol,Manual,₹2.84 Lakh,delhi-ncr
Hyundai,Hyundai Grand i101.2 Kappa Magna BSIV,2014,"95,675kms",Petrol,Manual,₹2.71 Lakh,delhi-ncr
Maruti,Maruti SwiftVXI,2021,"21,764kms",Petrol,Manual,₹5.17 Lakh,delhi-ncr
Tata,Tata NexonXZ Plus BSVI,2021,"90,829kms",Petrol,Manual,₹5.60 Lakh,delhi-ncr
Maruti,Maruti BalenoZeta AMT,2017,"71,861kms",Petrol,Automatic,₹3.93 Lakh,delhi-ncr
Maruti,Maruti BalenoDelta Diesel,2016,"74,248kms",Diesel,Manual,₹3.91 Lakh,delhi-ncr
Honda,Honda CityZX CVT,2017,"53,303kms",Petrol,Automatic,₹6.59 Lakh,delhi-ncr
Hyundai,Hyundai i20Asta 1.2,2024,"13,505kms",Petrol,Manual,₹9.38 Lakh,delhi-ncr
Toyota,Toyota Corolla AltisPetrol LE,2016,"1,11,583kms",Petrol,Manual,₹6.74 Lakh,delhi-ncr
Hyundai,Hyundai Grand i10 NiosSportz,2023,"5,230kms",Petrol,Manual,₹6.22 Lakh,delhi-ncr
Maruti,Maruti Ciaz1.4 Zeta,2022,"42,776kms",Petrol,Manual,₹7.57 Lakh,delhi-ncr
Honda,Honda AmazeV CVT,2020,"46,435kms",Petrol,Automatic,₹6.10 Lakh,delhi-ncr
Toyota,Toyota GlanzaV AMT,2022,"53,804kms",Petrol,Automatic,₹6.76 Lakh,delhi-ncr
Honda,Honda JazzZX,2021,"34,594kms",Petrol,Manual,₹6.74 Lakh,delhi-ncr
Maruti,Maruti Ciaz1.4 Alpha,2019,"61,358kms",Petrol,Manual,₹6.06 Lakh,delhi-ncr
Maruti,Maruti Grand VitaraDelta,2024,"23,538kms",Petrol,Manual,₹9.64 Lakh,delhi-ncr
Maruti,Maruti Vitara BrezzaVXI,2022,"3,406kms",Petrol,Manual,₹7.56 Lakh,delhi-ncr
Maruti,Maruti Alto K10VXI,2015,"63,000kms",Petrol,Manual,₹2.45 Lakh,delhi-ncr
MG,MG HectorSharp DCT,2020,"72,067kms",Petrol,Automatic,₹9.76 Lakh,delhi-ncr
Maruti,Maruti CiazSigma BSIV,2018,"45,657kms",Petrol,Manual,₹4.26 Lakh,delhi-ncr
Maruti,Maruti SwiftVXI,2014,"77,371kms",Petrol,Manual,₹2.84 Lakh,delhi-ncr
Hyundai,Hyundai Grand i101.2 Kappa Magna BSIV,2014,"95,675kms",Petrol,Manual,₹2.71 Lakh,delhi-ncr
Maruti,Maruti SwiftVXI,2021,"21,764kms",Petrol,Manual,₹5.17 Lakh,delhi-ncr
Tata,Tata NexonXZ Plus BSVI,2021,"90,829kms",Petrol,Manual,₹5.60 Lakh,delhi-ncr
Maruti,Maruti BalenoZeta AMT,2017,"71,861kms",Petrol,Automatic,₹3.93 Lakh,delhi-ncr
Maruti,Maruti BalenoDelta Diesel,2016,"74,248kms",Diesel,Manual,₹3.91 Lakh,delhi-ncr
Honda,Honda CityZX CVT,2017,"53,303kms",Petrol,Automatic,₹6.59 Lakh,delhi-ncr
Hyundai,Hyundai i20Asta 1.2,2024,"13,505kms",Petrol,Manual,₹9.38 Lakh,delhi-ncr
Toyota,Toyota Corolla AltisPetrol LE,2016,"1,11,583kms",Petrol,Manual,₹6.74 Lakh,delhi-ncr
Hyundai,Hyundai Grand i10 NiosSportz,2023,"5,230kms",Petrol,Manual,₹6.22 Lakh,delhi-ncr
Maruti,Maruti Ciaz1.4 Zeta,2022,"42,776kms",Petrol,Manual,₹7.57 Lakh,delhi-ncr
Maruti,Maruti Ciaz1.4 Alpha,2019,"61,358kms",Petrol,Manual,₹6.06 Lakh,delhi-ncr
Maruti,Maruti Grand VitaraDelta,2024,"23,538kms",Petrol,Manual,₹9.64 Lakh,delhi-ncr
Maruti,Maruti Vitara BrezzaVXI,2022,"3,406kms",Petrol,Manual,₹7.56 Lakh,delhi-ncr
Honda,Honda AmazeV CVT,2020,"46,435kms",Petrol,Automatic,₹6.10 Lakh,delhi-ncr
Toyota,Toyota GlanzaV AMT,2022,"53,804kms",Petrol,Automatic,₹6.76 Lakh,delhi-ncr
Honda,Honda JazzZX,2021,"34,594kms",Petrol,Manual,₹6.74 Lakh,delhi-ncr
Maruti,Maruti Alto K10VXI,2015,"63,000kms",Petrol,Manual,₹2.45 Lakh,delhi-ncr
MG,MG HectorSharp DCT,2020,"72,067kms",Petrol,Automatic,₹9.76 Lakh,delhi-ncr
Maruti,Maruti CiazSigma BSIV,2018,"45,657kms",Petrol,Manual,₹4.26 Lakh,delhi-ncr
Maruti,Maruti SwiftVXI,2014,"77,371kms",Petrol,Manual,₹2.84 Lakh,delhi-ncr
Hyundai,Hyundai Grand i101.2 Kappa Magna BSIV,2014,"95,675kms",Petrol,Manual,₹2.71 Lakh,delhi-ncr
Maruti,Maruti SwiftVXI,2021,"21,764kms",Petrol,Manual,₹5.17 Lakh,delhi-ncr
Tata,Tata NexonXZ Plus BSVI,2021,"90,829kms",Petrol,Manual,₹5.60 Lakh,delhi-ncr
Maruti,Maruti BalenoZeta AMT,2017,"71,861kms",Petrol,Automatic,₹3.93 Lakh,delhi-ncr
Maruti,Maruti BalenoDelta Diesel,2016,"74,248kms",Diesel,Manual,₹3.91 Lakh,delhi-ncr
Honda,Honda CityZX CVT,2017,"53,303kms",Petrol,Automatic,₹6.59 Lakh,delhi-ncr
Hyundai,Hyundai Grand i10 NiosSportz,2023,"5,230kms",Petrol,Manual,₹6.22 Lakh,delhi-ncr
Maruti,Maruti Ciaz1.4 Zeta,2022,"42,776kms",Petrol,Manual,₹7.57 Lakh,delhi-ncr
Maruti,Maruti Ciaz1.4 Alpha,2019,"61,358kms",Petrol,Manual,₹6.06 Lakh,delhi-ncr
Maruti,Maruti Grand VitaraDelta,2024,"23,538kms",Petrol,Manual,₹9.64 Lakh,delhi-ncr
Maruti,Maruti Vitara BrezzaVXI,2022,"3,406kms",Petrol,Manual,₹7.56 Lakh,delhi-ncr
Hyundai,Hyundai i20Asta 1.2,2024,"13,505kms",Petrol,Manual,₹9.38 Lakh,delhi-ncr
Toyota,Toyota Corolla AltisPetrol LE,2016,"1,11,583kms",Petrol,Manual,₹6.74 Lakh,delhi-ncr
Honda,Honda JazzZX,2021,"34,594kms",Petrol,Manual,₹6.74 Lakh,delhi-ncr
Honda,Honda AmazeV CVT,2020,"46,435kms",Petrol,Automatic,₹6.10 Lakh,delhi-ncr
Toyota,Toyota GlanzaV AMT,2022,"53,804kms",Petrol,Automatic,₹6.76 Lakh,delhi-ncr
Maruti,Maruti Alto K10VXI,2015,"63,000kms",Petrol,Manual,₹2.45 Lakh,delhi-ncr
MG,MG HectorSharp DCT,2020,"72,067kms",Petrol,Automatic,₹9.76 Lakh,delhi-ncr
Maruti,Maruti CiazSigma BSIV,2018,"45,657kms",Petrol,Manual,₹4.26 Lakh,delhi-ncr
Maruti,Maruti SwiftVXI,2014,"77,371kms",Petrol,Manual,₹2.84 Lakh,delhi-ncr
Hyundai,Hyundai Grand i101.2 Kappa Magna BSIV,2014,"95,675kms",Petrol,Manual,₹2.71 Lakh,delhi-ncr
Maruti,Maruti SwiftVXI,2021,"21,764kms",Petrol,Manual,₹5.17 Lakh,delhi-ncr
Tata,Tata NexonXZ Plus BSVI,2021,"90,829kms",Petrol,Manual,₹5.60 Lakh,delhi-ncr
Maruti,Maruti BalenoZeta AMT,2017,"71,861kms",Petrol,Automatic,₹3.93 Lakh,delhi-ncr
Maruti,Maruti BalenoDelta Diesel,2016,"74,248kms",Diesel,Manual,₹3.91 Lakh,delhi-ncr
Honda,Honda CityZX CVT,2017,"53,303kms",Petrol,Automatic,₹6.59 Lakh,delhi-ncr
Hyundai,Hyundai i20Asta 1.2,2024,"13,505kms",Petrol,Manual,₹9.38 Lakh,delhi-ncr
Toyota,Toyota Corolla AltisPetrol LE,2016,"1,11,583kms",Petrol,Manual,₹6.74 Lakh,delhi-ncr
Hyundai,Hyundai Grand i10 NiosSportz,2023,"5,230kms",Petrol,Manual,₹6.22 Lakh,delhi-ncr
Maruti,Maruti Ciaz1.4 Zeta,2022,"42,776kms",Petrol,Manual,₹7.57 Lakh,delhi-ncr
Maruti,Maruti Ciaz1.4 Alpha,2019,"61,358kms",Petrol,Manual,₹6.06 Lakh,delhi-ncr
Maruti,Maruti Grand VitaraDelta,2024,"23,538kms",Petrol,Manual,₹9.64 Lakh,delhi-ncr
Maruti,Maruti Vitara BrezzaVXI,2022,"3,406kms",Petrol,Manual,₹7.56 Lakh,delhi-ncr
Honda,Honda AmazeV CVT,2020,"46,435kms",Petrol,Automatic,₹6.10 Lakh,delhi-ncr
Toyota,Toyota GlanzaV AMT,2022,"53,804kms",Petrol,Automatic,₹6.76 Lakh,delhi-ncr
Honda,Honda JazzZX,2021,"34,594kms",Petrol,Manual,₹6.74 Lakh,delhi-ncr
Maruti,Maruti Alto K10VXI,2015,"63,000kms",Petrol,Manual,₹2.45 Lakh,delhi-ncr
MG,MG HectorSharp DCT,2020,"72,067kms",Petrol,Automatic,₹9.76 Lakh,delhi-ncr
Maruti,Maruti CiazSigma BSIV,2018,"45,657kms",Petrol,Manual,₹4.26 Lakh,delhi-ncr
Maruti,Maruti SwiftVXI,2014,"77,371kms",Petrol,Manual,₹2.84 Lakh,delhi-ncr
Hyundai,Hyundai Grand i101.2 Kappa Magna BSIV,2014,"95,675kms",Petrol,Manual,₹2.71 Lakh,delhi-ncr
Maruti,Maruti SwiftVXI,2021,"21,764kms",Petrol,Manual,₹5.17 Lakh,delhi-ncr
Tata,Tata NexonXZ Plus BSVI,2021,"90,829kms",Petrol,Manual,₹5.60 Lakh,delhi-ncr
Maruti,Maruti BalenoZeta AMT,2017,"71,861kms",Petrol,Automatic,₹3.93 Lakh,delhi-ncr
Maruti,Maruti BalenoDelta Diesel,2016,"74,248kms",Diesel,Manual,₹3.91 Lakh,delhi-ncr
Honda,Honda CityZX CVT,2017,"53,303kms",Petrol,Automatic,₹6.59 Lakh,delhi-ncr
Hyundai,Hyundai i20Asta 1.2,2024,"13,505kms",Petrol,Manual,₹9.38 Lakh,delhi-ncr
Toyota,Toyota Corolla AltisPetrol LE,2016,"1,11,583kms",Petrol,Manual,₹6.74 Lakh,delhi-ncr
Hyundai,Hyundai Grand i10 NiosSportz,2023,"5,230kms",Petrol,Manual,₹6.22 Lakh,delhi-ncr
Maruti,Maruti Ciaz1.4 Zeta,2022,"42,776kms",Petrol,Manual,₹7.57 Lakh,delhi-ncr
Maruti,Maruti Ciaz1.4 Alpha,2019,"61,358kms",Petrol,Manual,₹6.06 Lakh,delhi-ncr
Maruti,Maruti Grand VitaraDelta,2024,"23,538kms",Petrol,Manual,₹9.64 Lakh,delhi-ncr
Maruti,Maruti Vitara BrezzaVXI,2022,"3,406kms",Petrol,Manual,₹7.56 Lakh,delhi-ncr
Honda,Honda AmazeV CVT,2020,"46,435kms",Petrol,Automatic,₹6.10 Lakh,delhi-ncr
Toyota,Toyota GlanzaV AMT,2022,"53,804kms",Petrol,Automatic,₹6.76 Lakh,delhi-ncr
Honda,Honda JazzZX,2021,"34,594kms",Petrol,Manual,₹6.74 Lakh,delhi-ncr
Maruti,Maruti Alto K10VXI,2015,"63,000kms",Petrol,Manual,₹2.45 Lakh,delhi-ncr
MG,MG HectorSharp DCT,2020,"72,067kms",Petrol,Automatic,₹9.76 Lakh,delhi-ncr
Maruti,Maruti CiazSigma BSIV,2018,"45,657kms",Petrol,Manual,₹4.26 Lakh,delhi-ncr
Maruti,Maruti SwiftVXI,2014,"77,371kms",Petrol,Manual,₹2.84 Lakh,delhi-ncr
Hyundai,Hyundai Grand i101.2 Kappa Magna BSIV,2014,"95,675kms",Petrol,Manual,₹2.71 Lakh,delhi-ncr
Maruti,Maruti SwiftVXI,2021,"21,764kms",Petrol,Manual,₹5.17 Lakh,delhi-ncr
Tata,Tata NexonXZ Plus BSVI,2021,"90,829kms",Petrol,Manual,₹5.60 Lakh,delhi-ncr
Maruti,Maruti BalenoZeta AMT,2017,"71,861kms",Petrol,Automatic,₹3.93 Lakh,delhi-ncr
Maruti,Maruti BalenoDelta Diesel,2016,"74,248kms",Diesel,Manual,₹3.91 Lakh,delhi-ncr
Honda,Honda CityZX CVT,2017,"53,303kms",Petrol,Automatic,₹6.59 Lakh,delhi-ncr
Hyundai,Hyundai Grand i10 NiosSportz,2023,"5,230kms",Petrol,Manual,₹6.22 Lakh,delhi-ncr
Maruti,Maruti Ciaz1.4 Zeta,2022,"42,776kms",Petrol,Manual,₹7.57 Lakh,delhi-ncr
Maruti,Maruti Ciaz1.4 Alpha,2019,"61,358kms",Petrol,Manual,₹6.06 Lakh,delhi-ncr
Maruti,Maruti Grand VitaraDelta,2024,"23,538kms",Petrol,Manual,₹9.64 Lakh,delhi-ncr
Maruti,Maruti Vitara BrezzaVXI,2022,"3,406kms",Petrol,Manual,₹7.56 Lakh,delhi-ncr
Hyundai,Hyundai i20Asta 1.2,2024,"13,505kms",Petrol,Manual,₹9.38 Lakh,delhi-ncr
Toyota,Toyota Corolla AltisPetrol LE,2016,"1,11,583kms",Petrol,Manual,₹6.74 Lakh,delhi-ncr
Honda,Honda JazzZX,2021,"34,594kms",Petrol,Manual,₹6.74 Lakh,delhi-ncr
Honda,Honda AmazeV CVT,2020,"46,435kms",Petrol,Automatic,₹6.10 Lakh,delhi-ncr
Toyota,Toyota GlanzaV AMT,2022,"53,804kms",Petrol,Automatic,₹6.76 Lakh,delhi-ncr
Maruti,Maruti Alto K10VXI,2015,"63,000kms",Petrol,Manual,₹2.45 Lakh,delhi-ncr
MG,MG HectorSharp DCT,2020,"72,067kms",Petrol,Automatic,₹9.76 Lakh,delhi-ncr
Maruti,Maruti CiazSigma BSIV,2018,"45,657kms",Petrol,Manual,₹4.26 Lakh,delhi-ncr
Maruti,Maruti SwiftVXI,2014,"77,371kms",Petrol,Manual,₹2.84 Lakh,delhi-ncr
Hyundai,Hyundai Grand i101.2 Kappa Magna BSIV,2014,"95,675kms",Petrol,Manual,₹2.71 Lakh,delhi-ncr
Maruti,Maruti SwiftVXI,2021,"21,764kms",Petrol,Manual,₹5.17 Lakh,delhi-ncr
Tata,Tata NexonXZ Plus BSVI,2021,"90,829kms",Petrol,Manual,₹5.60 Lakh,delhi-ncr
Maruti,Maruti BalenoZeta AMT,2017,"71,861kms",Petrol,Automatic,₹3.93 Lakh,delhi-ncr
Maruti,Maruti BalenoDelta Diesel,2016,"74,248kms",Diesel,Manual,₹3.91 Lakh,delhi-ncr
Honda,Honda CityZX CVT,2017,"53,303kms",Petrol,Automatic,₹6.59 Lakh,delhi-ncr
Hyundai,Hyundai Grand i10 NiosSportz,2023,"5,230kms",Petrol,Manual,₹6.22 Lakh,delhi-ncr
Maruti,Maruti Ciaz1.4 Zeta,2022,"42,776kms",Petrol,Manual,₹7.57 Lakh,delhi-ncr
Maruti,Maruti Ciaz1.4 Alpha,2019,"61,358kms",Petrol,Manual,₹6.06 Lakh,delhi-ncr
Maruti,Maruti Grand VitaraDelta,2024,"23,538kms",Petrol,Manual,₹9.64 Lakh,delhi-ncr
Maruti,Maruti Vitara BrezzaVXI,2022,"3,406kms",Petrol,Manual,₹7.56 Lakh,delhi-ncr
Hyundai,Hyundai i20Asta 1.2,2024,"13,505kms",Petrol,Manual,₹9.38 Lakh,delhi-ncr
Toyota,Toyota Corolla AltisPetrol LE,2016,"1,11,583kms",Petrol,Manual,₹6.74 Lakh,delhi-ncr
Honda,Honda JazzZX,2021,"34,594kms",Petrol,Manual,₹6.74 Lakh,delhi-ncr
Honda,Honda AmazeV CVT,2020,"46,435kms",Petrol,Automatic,₹6.10 Lakh,delhi-ncr
Toyota,Toyota GlanzaV AMT,2022,"53,804kms",Petrol,Automatic,₹6.76 Lakh,delhi-ncr
Maruti,Maruti Alto K10VXI,2015,"63,000kms",Petrol,Manual,₹2.45 Lakh,delhi-ncr
MG,MG HectorSharp DCT,2020,"72,067kms",Petrol,Automatic,₹9.76 Lakh,delhi-ncr
Maruti,Maruti CiazSigma BSIV,2018,"45,657kms",Petrol,Manual,₹4.26 Lakh,delhi-ncr
Maruti,Maruti SwiftVXI,2014,"77,371kms",Petrol,Manual,₹2.84 Lakh,delhi-ncr
Hyundai,Hyundai Grand i101.2 Kappa Magna BSIV,2014,"95,675kms",Petrol,Manual,₹2.71 Lakh,delhi-ncr
Maruti,Maruti SwiftVXI,2021,"21,764kms",Petrol,Manual,₹5.17 Lakh,delhi-ncr
Tata,Tata NexonXZ Plus BSVI,2021,"90,829kms",Petrol,Manual,₹5.60 Lakh,delhi-ncr
Maruti,Maruti BalenoZeta AMT,2017,"71,861kms",Petrol,Automatic,₹3.93 Lakh,delhi-ncr
Maruti,Maruti BalenoDelta Diesel,2016,"74,248kms",Diesel,Manual,₹3.91 Lakh,delhi-ncr
Honda,Honda CityZX CVT,2017,"53,303kms",Petrol,Automatic,₹6.59 Lakh,delhi-ncr
Hyundai,Hyundai Grand i10 NiosSportz,2023,"5,230kms",Petrol,Manual,₹6.22 Lakh,delhi-ncr
Maruti,Maruti Ciaz1.4 Zeta,2022,"42,776kms",Petrol,Manual,₹7.57 Lakh,delhi-ncr
Maruti,Maruti Ciaz1.4 Alpha,2019,"61,358kms",Petrol,Manual,₹6.06 Lakh,delhi-ncr
Maruti,Maruti Grand VitaraDelta,2024,"23,538kms",Petrol,Manual,₹9.64 Lakh,delhi-ncr
Maruti,Maruti Vitara BrezzaVXI,2022,"3,406kms",Petrol,Manual,₹7.56 Lakh,delhi-ncr
Hyundai,Hyundai i20Asta 1.2,2024,"13,505kms",Petrol,Manual,₹9.38 Lakh,delhi-ncr
Toyota,Toyota Corolla AltisPetrol LE,2016,"1,11,583kms",Petrol,Manual,₹6.74 Lakh,delhi-ncr
Honda,Honda JazzZX,2021,"34,594kms",Petrol,Manual,₹6.74 Lakh,delhi-ncr
Honda,Honda AmazeV CVT,2020,"46,435kms",Petrol,Automatic,₹6.10 Lakh,delhi-ncr
Toyota,Toyota GlanzaV AMT,2022,"53,804kms",Petrol,Automatic,₹6.76 Lakh,delhi-ncr
Maruti,Maruti Alto K10VXI,2015,"63,000kms",Petrol,Manual,₹2.45 Lakh,delhi-ncr
MG,MG HectorSharp DCT,2020,"72,067kms",Petrol,Automatic,₹9.76 Lakh,delhi-ncr
Maruti,Maruti CiazSigma BSIV,2018,"45,657kms",Petrol,Manual,₹4.26 Lakh,delhi-ncr
Maruti,Maruti SwiftVXI,2014,"77,371kms",Petrol,Manual,₹2.84 Lakh,delhi-ncr
Hyundai,Hyundai Grand i101.2 Kappa Magna BSIV,2014,"95,675kms",Petrol,Manual,₹2.71 Lakh,delhi-ncr
Maruti,Maruti SwiftVXI,2021,"21,764kms",Petrol,Manual,₹5.17 Lakh,delhi-ncr
Tata,Tata NexonXZ Plus BSVI,2021,"90,829kms",Petrol,Manual,₹5.60 Lakh,delhi-ncr
Maruti,Maruti BalenoZeta AMT,2017,"71,861kms",Petrol,Automatic,₹3.93 Lakh,delhi-ncr
Maruti,Maruti BalenoDelta Diesel,2016,"74,248kms",Diesel,Manual,₹3.91 Lakh,delhi-ncr
Honda,Honda CityZX CVT,2017,"53,303kms",Petrol,Automatic,₹6.59 Lakh,delhi-ncr
Hyundai,Hyundai Grand i10 NiosSportz,2023,"5,230kms",Petrol,Manual,₹6.22 Lakh,delhi-ncr
Maruti,Maruti Ciaz1.4 Zeta,2022,"42,776kms",Petrol,Manual,₹7.57 Lakh,delhi-ncr
Maruti,Maruti Ciaz1.4 Alpha,2019,"61,358kms",Petrol,Manual,₹6.06 Lakh,delhi-ncr
Maruti,Maruti Grand VitaraDelta,2024,"23,538kms",Petrol,Manual,₹9.64 Lakh,delhi-ncr
Maruti,Maruti Vitara BrezzaVXI,2022,"3,406kms",Petrol,Manual,₹7.56 Lakh,delhi-ncr
Hyundai,Hyundai i20Asta 1.2,2024,"13,505kms",Petrol,Manual,₹9.38 Lakh,delhi-ncr
Toyota,Toyota Corolla AltisPetrol LE,2016,"1,11,583kms",Petrol,Manual,₹6.74 Lakh,delhi-ncr
Honda,Honda JazzZX,2021,"34,594kms",Petrol,Manual,₹6.74 Lakh,delhi-ncr
Honda,Honda AmazeV CVT,2020,"46,435kms",Petrol,Automatic,₹6.10 Lakh,delhi-ncr
Toyota,Toyota GlanzaV AMT,2022,"53,804kms",Petrol,Automatic,₹6.76 Lakh,delhi-ncr
Maruti,Maruti Alto K10VXI,2015,"63,000kms",Petrol,Manual,₹2.45 Lakh,delhi-ncr
MG,MG HectorSharp DCT,2020,"72,067kms",Petrol,Automatic,₹9.76 Lakh,delhi-ncr
Maruti,Maruti CiazSigma BSIV,2018,"45,657kms",Petrol,Manual,₹4.26 Lakh,delhi-ncr
Maruti,Maruti SwiftVXI,2014,"77,371kms",Petrol,Manual,₹2.84 Lakh,delhi-ncr
Hyundai,Hyundai Grand i101.2 Kappa Magna BSIV,2014,"95,675kms",Petrol,Manual,₹2.71 Lakh,delhi-ncr
Maruti,Maruti SwiftVXI,2021,"21,764kms",Petrol,Manual,₹5.17 Lakh,delhi-ncr
Tata,Tata NexonXZ Plus BSVI,2021,"90,829kms",Petrol,Manual,₹5.60 Lakh,delhi-ncr
Maruti,Maruti BalenoZeta AMT,2017,"71,861kms",Petrol,Automatic,₹3.93 Lakh,delhi-ncr
Maruti,Maruti BalenoDelta Diesel,2016,"74,248kms",Diesel,Manual,₹3.91 Lakh,delhi-ncr
Honda,Honda CityZX CVT,2017,"53,303kms",Petrol,Automatic,₹6.59 Lakh,delhi-ncr
Hyundai,Hyundai Grand i10 NiosSportz,2023,"5,230kms",Petrol,Manual,₹6.22 Lakh,delhi-ncr
Maruti,Maruti Ciaz1.4 Zeta,2022,"42,776kms",Petrol,Manual,₹7.57 Lakh,delhi-ncr
Maruti,Maruti Ciaz1.4 Alpha,2019,"61,358kms",Petrol,Manual,₹6.06 Lakh,delhi-ncr
Maruti,Maruti Grand VitaraDelta,2024,"23,538kms",Petrol,Manual,₹9.64 Lakh,delhi-ncr
Maruti,Maruti Vitara BrezzaVXI,2022,"3,406kms",Petrol,Manual,₹7.56 Lakh,delhi-ncr
Hyundai,Hyundai i20Asta 1.2,2024,"13,505kms",Petrol,Manual,₹9.38 Lakh,delhi-ncr
Toyota,Toyota Corolla AltisPetrol LE,2016,"1,11,583kms",Petrol,Manual,₹6.74 Lakh,delhi-ncr
Honda,Honda JazzZX,2021,"34,594kms",Petrol,Manual,₹6.74 Lakh,delhi-ncr
Honda,Honda AmazeV CVT,2020,"46,435kms",Petrol,Automatic,₹6.10 Lakh,delhi-ncr
Toyota,Toyota GlanzaV AMT,2022,"53,804kms",Petrol,Automatic,₹6.76 Lakh,delhi-ncr
Maruti,Maruti Alto K10VXI,2015,"63,000kms",Petrol,Manual,₹2.45 Lakh,delhi-ncr
MG,MG HectorSharp DCT,2020,"72,067kms",Petrol,Automatic,₹9.76 Lakh,delhi-ncr
Maruti,Maruti CiazSigma BSIV,2018,"45,657kms",Petrol,Manual,₹4.26 Lakh,delhi-ncr
Maruti,Maruti SwiftVXI,2014,"77,371kms",Petrol,Manual,₹2.84 Lakh,delhi-ncr
Hyundai,Hyundai Grand i101.2 Kappa Magna BSIV,2014,"95,675kms",Petrol,Manual,₹2.71 Lakh,delhi-ncr
Maruti,Maruti SwiftVXI,2021,"21,764kms",Petrol,Manual,₹5.17 Lakh,delhi-ncr
Tata,Tata NexonXZ Plus BSVI,2021,"90,829kms",Petrol,Manual,₹5.60 Lakh,delhi-ncr
Maruti,Maruti BalenoZeta AMT,2017,"71,861kms",Petrol,Automatic,₹3.93 Lakh,delhi-ncr
Maruti,Maruti BalenoDelta Diesel,2016,"74,248kms",Diesel,Manual,₹3.91 Lakh,delhi-ncr
Honda,Honda CityZX CVT,2017,"53,303kms",Petrol,Automatic,₹6.59 Lakh,delhi-ncr
Hyundai,Hyundai i20Asta 1.2,2024,"13,505kms",Petrol,Manual,₹9.38 Lakh,delhi-ncr
Toyota,Toyota Corolla AltisPetrol LE,2016,"1,11,583kms",Petrol,Manual,₹6.74 Lakh,delhi-ncr
Hyundai,Hyundai Grand i10 NiosSportz,2023,"5,230kms",Petrol,Manual,₹6.22 Lakh,delhi-ncr
Maruti,Maruti Ciaz1.4 Zeta,2022,"42,776kms",Petrol,Manual,₹7.57 Lakh,delhi-ncr
Honda,Honda AmazeV CVT,2020,"46,435kms",Petrol,Automatic,₹6.10 Lakh,delhi-ncr
Toyota,Toyota GlanzaV AMT,2022,"53,804kms",Petrol,Automatic,₹6.76 Lakh,delhi-ncr
Honda,Honda JazzZX,2021,"34,594kms",Petrol,Manual,₹6.74 Lakh,delhi-ncr
Maruti,Maruti Ciaz1.4 Alpha,2019,"61,358kms",Petrol,Manual,₹6.06 Lakh,delhi-ncr
Maruti,Maruti Grand VitaraDelta,2024,"23,538kms",Petrol,Manual,₹9.64 Lakh,delhi-ncr
Maruti,Maruti Vitara BrezzaVXI,2022,"3,406kms",Petrol,Manual,₹7.56 Lakh,delhi-ncr
Maruti,Maruti Alto K10VXI,2015,"63,000kms",Petrol,Manual,₹2.45 Lakh,delhi-ncr
MG,MG HectorSharp DCT,2020,"72,067kms",Petrol,Automatic,₹9.76 Lakh,delhi-ncr
Maruti,Maruti CiazSigma BSIV,2018,"45,657kms",Petrol,Manual,₹4.26 Lakh,delhi-ncr
Maruti,Maruti SwiftVXI,2014,"77,371kms",Petrol,Manual,₹2.84 Lakh,delhi-ncr
Hyundai,Hyundai Grand i101.2 Kappa Magna BSIV,2014,"95,675kms",Petrol,Manual,₹2.71 Lakh,delhi-ncr
Maruti,Maruti SwiftVXI,2021,"21,764kms",Petrol,Manual,₹5.17 Lakh,delhi-ncr
Tata,Tata NexonXZ Plus BSVI,2021,"90,829kms",Petrol,Manual,₹5.60 Lakh,delhi-ncr
Maruti,Maruti BalenoZeta AMT,2017,"71,861kms",Petrol,Automatic,₹3.93 Lakh,delhi-ncr
Maruti,Maruti BalenoDelta Diesel,2016,"74,248kms",Diesel,Manual,₹3.91 Lakh,delhi-ncr
Honda,Honda CityZX CVT,2017,"53,303kms",Petrol,Automatic,₹6.59 Lakh,delhi-ncr
Hyundai,Hyundai i20Asta 1.2,2024,"13,505kms",Petrol,Manual,₹9.38 Lakh,delhi-ncr
Toyota,Toyota Corolla AltisPetrol LE,2016,"1,11,583kms",Petrol,Manual,₹6.74 Lakh,delhi-ncr
Hyundai,Hyundai Grand i10 NiosSportz,2023,"5,230kms",Petrol,Manual,₹6.22 Lakh,delhi-ncr
Maruti,Maruti Ciaz1.4 Zeta,2022,"42,776kms",Petrol,Manual,₹7.57 Lakh,delhi-ncr
Maruti,Maruti Ciaz1.4 Alpha,2019,"61,358kms",Petrol,Manual,₹6.06 Lakh,delhi-ncr
Maruti,Maruti Grand VitaraDelta,2024,"23,538kms",Petrol,Manual,₹9.64 Lakh,delhi-ncr
Maruti,Maruti Vitara BrezzaVXI,2022,"3,406kms",Petrol,Manual,₹7.56 Lakh,delhi-ncr
Honda,Honda AmazeV CVT,2020,"46,435kms",Petrol,Automatic,₹6.10 Lakh,delhi-ncr
Toyota,Toyota GlanzaV AMT,2022,"53,804kms",Petrol,Automatic,₹6.76 Lakh,delhi-ncr
Honda,Honda JazzZX,2021,"34,594kms",Petrol,Manual,₹6.74 Lakh,delhi-ncr
Maruti,Maruti Alto K10VXI,2015,"63,000kms",Petrol,Manual,₹2.45 Lakh,delhi-ncr
MG,MG HectorSharp DCT,2020,"72,067kms",Petrol,Automatic,₹9.76 Lakh,delhi-ncr
Maruti,Maruti CiazSigma BSIV,2018,"45,657kms",Petrol,Manual,₹4.26 Lakh,delhi-ncr
Maruti,Maruti SwiftVXI,2014,"77,371kms",Petrol,Manual,₹2.84 Lakh,delhi-ncr
Hyundai,Hyundai Grand i101.2 Kappa Magna BSIV,2014,"95,675kms",Petrol,Manual,₹2.71 Lakh,delhi-ncr
Maruti,Maruti SwiftVXI,2021,"21,764kms",Petrol,Manual,₹5.17 Lakh,delhi-ncr
Tata,Tata NexonXZ Plus BSVI,2021,"90,829kms",Petrol,Manual,₹5.60 Lakh,delhi-ncr
Maruti,Maruti BalenoZeta AMT,2017,"71,861kms",Petrol,Automatic,₹3.93 Lakh,delhi-ncr
Maruti,Maruti BalenoDelta Diesel,2016,"74,248kms",Diesel,Manual,₹3.91 Lakh,delhi-ncr
Honda,Honda CityZX CVT,2017,"53,303kms",Petrol,Automatic,₹6.59 Lakh,delhi-ncr
Hyundai,Hyundai i20Asta 1.2,2024,"13,505kms",Petrol,Manual,₹9.38 Lakh,delhi-ncr
Toyota,Toyota Corolla AltisPetrol LE,2016,"1,11,583kms",Petrol,Manual,₹6.74 Lakh,delhi-ncr
Hyundai,Hyundai Grand i10 NiosSportz,2023,"5,230kms",Petrol,Manual,₹6.22 Lakh,delhi-ncr
Maruti,Maruti Ciaz1.4 Zeta,2022,"42,776kms",Petrol,Manual,₹7.57 Lakh,delhi-ncr
Honda,Honda AmazeV CVT,2020,"46,435kms",Petrol,Automatic,₹6.10 Lakh,delhi-ncr
Toyota,Toyota GlanzaV AMT,2022,"53,804kms",Petrol,Automatic,₹6.76 Lakh,delhi-ncr
Honda,Honda JazzZX,2021,"34,594kms",Petrol,Manual,₹6.74 Lakh,delhi-ncr
Maruti,Maruti Ciaz1.4 Alpha,2019,"61,358kms",Petrol,Manual,₹6.06 Lakh,delhi-ncr
Maruti,Maruti Grand VitaraDelta,2024,"23,538kms",Petrol,Manual,₹9.64 Lakh,delhi-ncr
Maruti,Maruti Vitara BrezzaVXI,2022,"3,406kms",Petrol,Manual,₹7.56 Lakh,delhi-ncr
Maruti,Maruti Alto K10VXI,2015,"63,000kms",Petrol,Manual,₹2.45 Lakh,delhi-ncr
MG,MG HectorSharp DCT,2020,"72,067kms",Petrol,Automatic,₹9.76 Lakh,delhi-ncr
Maruti,Maruti CiazSigma BSIV,2018,"45,657kms",Petrol,Manual,₹4.26 Lakh,delhi-ncr
Maruti,Maruti SwiftVXI,2014,"77,371kms",Petrol,Manual,₹2.84 Lakh,delhi-ncr
Hyundai,Hyundai Grand i101.2 Kappa Magna BSIV,2014,"95,675kms",Petrol,Manual,₹2.71 Lakh,delhi-ncr
Maruti,Maruti SwiftVXI,2021,"21,764kms",Petrol,Manual,₹5.17 Lakh,delhi-ncr
Tata,Tata NexonXZ Plus BSVI,2021,"90,829kms",Petrol,Manual,₹5.60 Lakh,delhi-ncr
Maruti,Maruti BalenoZeta AMT,2017,"71,861kms",Petrol,Automatic,₹3.93 Lakh,delhi-ncr
Maruti,Maruti BalenoDelta Diesel,2016,"74,248kms",Diesel,Manual,₹3.91 Lakh,delhi-ncr
Honda,Honda CityZX CVT,2017,"53,303kms",Petrol,Automatic,₹6.59 Lakh,delhi-ncr
Hyundai,Hyundai Grand i10 NiosSportz,2023,"5,230kms",Petrol,Manual,₹6.22 Lakh,delhi-ncr
Maruti,Maruti Ciaz1.4 Zeta,2022,"42,776kms",Petrol,Manual,₹7.57 Lakh,delhi-ncr
Maruti,Maruti Ciaz1.4 Alpha,2019,"61,358kms",Petrol,Manual,₹6.06 Lakh,delhi-ncr
Maruti,Maruti Grand VitaraDelta,2024,"23,538kms",Petrol,Manual,₹9.64 Lakh,delhi-ncr
Maruti,Maruti Vitara BrezzaVXI,2022,"3,406kms",Petrol,Manual,₹7.56 Lakh,delhi-ncr
Hyundai,Hyundai i20Asta 1.2,2024,"13,505kms",Petrol,Manual,₹9.38 Lakh,delhi-ncr
Toyota,Toyota Corolla AltisPetrol LE,2016,"1,11,583kms",Petrol,Manual,₹6.74 Lakh,delhi-ncr
Honda,Honda JazzZX,2021,"34,594kms",Petrol,Manual,₹6.74 Lakh,delhi-ncr
Honda,Honda AmazeV CVT,2020,"46,435kms",Petrol,Automatic,₹6.10 Lakh,delhi-ncr
Toyota,Toyota GlanzaV AMT,2022,"53,804kms",Petrol,Automatic,₹6.76 Lakh,delhi-ncr
Maruti,Maruti Alto K10VXI,2015,"63,000kms",Petrol,Manual,₹2.45 Lakh,delhi-ncr
MG,MG HectorSharp DCT,2020,"72,067kms",Petrol,Automatic,₹9.76 Lakh,delhi-ncr
Maruti,Maruti CiazSigma BSIV,2018,"45,657kms",Petrol,Manual,₹4.26 Lakh,delhi-ncr
Maruti,Maruti SwiftVXI,2014,"77,371kms",Petrol,Manual,₹2.84 Lakh,delhi-ncr
Hyundai,Hyundai Grand i101.2 Kappa Magna BSIV,2014,"95,675kms",Petrol,Manual,₹2.71 Lakh,delhi-ncr
Maruti,Maruti SwiftVXI,2021,"21,764kms",Petrol,Manual,₹5.17 Lakh,delhi-ncr
Tata,Tata NexonXZ Plus BSVI,2021,"90,829kms",Petrol,Manual,₹5.60 Lakh,delhi-ncr
Maruti,Maruti BalenoZeta AMT,2017,"71,861kms",Petrol,Automatic,₹3.93 Lakh,delhi-ncr
Maruti,Maruti BalenoDelta Diesel,2016,"74,248kms",Diesel,Manual,₹3.91 Lakh,delhi-ncr
Honda,Honda CityZX CVT,2017,"53,303kms",Petrol,Automatic,₹6.59 Lakh,delhi-ncr
Hyundai,Hyundai i20Asta 1.2,2024,"13,505kms",Petrol,Manual,₹9.38 Lakh,delhi-ncr
Toyota,Toyota Corolla AltisPetrol LE,2016,"1,11,583kms",Petrol,Manual,₹6.74 Lakh,delhi-ncr
Hyundai,Hyundai Grand i10 NiosSportz,2023,"5,230kms",Petrol,Manual,₹6.22 Lakh,delhi-ncr
Maruti,Maruti Ciaz1.4 Zeta,2022,"42,776kms",Petrol,Manual,₹7.57 Lakh,delhi-ncr
Maruti,Maruti Ciaz1.4 Alpha,2019,"61,358kms",Petrol,Manual,₹6.06 Lakh,delhi-ncr
Maruti,Maruti Grand VitaraDelta,2024,"23,538kms",Petrol,Manual,₹9.64 Lakh,delhi-ncr
Maruti,Maruti Vitara BrezzaVXI,2022,"3,406kms",Petrol,Manual,₹7.56 Lakh,delhi-ncr
Honda,Honda AmazeV CVT,2020,"46,435kms",Petrol,Automatic,₹6.10 Lakh,delhi-ncr
Toyota,Toyota GlanzaV AMT,2022,"53,804kms",Petrol,Automatic,₹6.76 Lakh,delhi-ncr
Honda,Honda JazzZX,2021,"34,594kms",Petrol,Manual,₹6.74 Lakh,delhi-ncr
Maruti,Maruti Alto K10VXI,2015,"63,000kms",Petrol,Manual,₹2.45 Lakh,delhi-ncr
MG,MG HectorSharp DCT,2020,"72,067kms",Petrol,Automatic,₹9.76 Lakh,delhi-ncr
Maruti,Maruti CiazSigma BSIV,2018,"45,657kms",Petrol,Manual,₹4.26 Lakh,delhi-ncr
Maruti,Maruti SwiftVXI,2014,"77,371kms",Petrol,Manual,₹2.84 Lakh,delhi-ncr
Hyundai,Hyundai Grand i101.2 Kappa Magna BSIV,2014,"95,675kms",Petrol,Manual,₹2.71 Lakh,delhi-ncr
Maruti,Maruti SwiftVXI,2021,"21,764kms",Petrol,Manual,₹5.17 Lakh,delhi-ncr
Tata,Tata NexonXZ Plus BSVI,2021,"90,829kms",Petrol,Manual,₹5.60 Lakh,delhi-ncr
Maruti,Maruti BalenoZeta AMT,2017,"71,861kms",Petrol,Automatic,₹3.93 Lakh,delhi-ncr
Maruti,Maruti BalenoDelta Diesel,2016,"74,248kms",Diesel,Manual,₹3.91 Lakh,delhi-ncr
Honda,Honda CityZX CVT,2017,"53,303kms",Petrol,Automatic,₹6.59 Lakh,delhi-ncr
Hyundai,Hyundai i20Asta 1.2,2024,"13,505kms",Petrol,Manual,₹9.38 Lakh,delhi-ncr
Toyota,Toyota Corolla AltisPetrol LE,2016,"1,11,583kms",Petrol,Manual,₹6.74 Lakh,delhi-ncr
Hyundai,Hyundai Grand i10 NiosSportz,2023,"5,230kms",Petrol,Manual,₹6.22 Lakh,delhi-ncr
Maruti,Maruti Ciaz1.4 Zeta,2022,"42,776kms",Petrol,Manual,₹7.57 Lakh,delhi-ncr
Maruti,Maruti Ciaz1.4 Alpha,2019,"61,358kms",Petrol,Manual,₹6.06 Lakh,delhi-ncr
Maruti,Maruti Grand VitaraDelta,2024,"23,538kms",Petrol,Manual,₹9.64 Lakh,delhi-ncr
Maruti,Maruti Vitara BrezzaVXI,2022,"3,406kms",Petrol,Manual,₹7.56 Lakh,delhi-ncr
Honda,Honda AmazeV CVT,2020,"46,435kms",Petrol,Automatic,₹6.10 Lakh,delhi-ncr
Toyota,Toyota GlanzaV AMT,2022,"53,804kms",Petrol,Automatic,₹6.76 Lakh,delhi-ncr
Honda,Honda JazzZX,2021,"34,594kms",Petrol,Manual,₹6.74 Lakh,delhi-ncr
Maruti,Maruti Alto K10VXI,2015,"63,000kms",Petrol,Manual,₹2.45 Lakh,delhi-ncr
MG,MG HectorSharp DCT,2020,"72,067kms",Petrol,Automatic,₹9.76 Lakh,delhi-ncr
Maruti,Maruti CiazSigma BSIV,2018,"45,657kms",Petrol,Manual,₹4.26 Lakh,delhi-ncr
Maruti,Maruti SwiftVXI,2014,"77,371kms",Petrol,Manual,₹2.84 Lakh,delhi-ncr
Hyundai,Hyundai Grand i101.2 Kappa Magna BSIV,2014,"95,675kms",Petrol,Manual,₹2.71 Lakh,delhi-ncr
Maruti,Maruti SwiftVXI,2021,"21,764kms",Petrol,Manual,₹5.17 Lakh,delhi-ncr
Tata,Tata NexonXZ Plus BSVI,2021,"90,829kms",Petrol,Manual,₹5.60 Lakh,delhi-ncr
Maruti,Maruti BalenoZeta AMT,2017,"71,861kms",Petrol,Automatic,₹3.93 Lakh,delhi-ncr
Maruti,Maruti BalenoDelta Diesel,2016,"74,248kms",Diesel,Manual,₹3.91 Lakh,delhi-ncr
Honda,Honda CityZX CVT,2017,"53,303kms",Petrol,Automatic,₹6.59 Lakh,delhi-ncr
Hyundai,Hyundai i20Asta 1.2,2024,"13,505kms",Petrol,Manual,₹9.38 Lakh,delhi-ncr
Toyota,Toyota Corolla AltisPetrol LE,2016,"1,11,583kms",Petrol,Manual,₹6.74 Lakh,delhi-ncr
Hyundai,Hyundai Grand i10 NiosSportz,2023,"5,230kms",Petrol,Manual,₹6.22 Lakh,delhi-ncr
Maruti,Maruti Ciaz1.4 Zeta,2022,"42,776kms",Petrol,Manual,₹7.57 Lakh,delhi-ncr
Honda,Honda AmazeV CVT,2020,"46,435kms",Petrol,Automatic,₹6.10 Lakh,delhi-ncr
Toyota,Toyota GlanzaV AMT,2022,"53,804kms",Petrol,Automatic,₹6.76 Lakh,delhi-ncr
Honda,Honda JazzZX,2021,"34,594kms",Petrol,Manual,₹6.74 Lakh,delhi-ncr
Maruti,Maruti Ciaz1.4 Alpha,2019,"61,358kms",Petrol,Manual,₹6.06 Lakh,delhi-ncr
Maruti,Maruti Grand VitaraDelta,2024,"23,538kms",Petrol,Manual,₹9.64 Lakh,delhi-ncr
Maruti,Maruti Vitara BrezzaVXI,2022,"3,406kms",Petrol,Manual,₹7.56 Lakh,delhi-ncr
Maruti,Maruti Alto K10VXI,2015,"63,000kms",Petrol,Manual,₹2.45 Lakh,delhi-ncr
MG,MG HectorSharp DCT,2020,"72,067kms",Petrol,Automatic,₹9.76 Lakh,delhi-ncr
Maruti,Maruti CiazSigma BSIV,2018,"45,657kms",Petrol,Manual,₹4.26 Lakh,delhi-ncr
Maruti,Maruti SwiftVXI,2014,"77,371kms",Petrol,Manual,₹2.84 Lakh,delhi-ncr
Hyundai,Hyundai Grand i101.2 Kappa Magna BSIV,2014,"95,675kms",Petrol,Manual,₹2.71 Lakh,delhi-ncr
Maruti,Maruti SwiftVXI,2021,"21,764kms",Petrol,Manual,₹5.17 Lakh,delhi-ncr
Tata,Tata NexonXZ Plus BSVI,2021,"90,829kms",Petrol,Manual,₹5.60 Lakh,delhi-ncr
Maruti,Maruti BalenoZeta AMT,2017,"71,861kms",Petrol,Automatic,₹3.93 Lakh,delhi-ncr
Maruti,Maruti BalenoDelta Diesel,2016,"74,248kms",Diesel,Manual,₹3.91 Lakh,delhi-ncr
Honda,Honda CityZX CVT,2017,"53,303kms",Petrol,Automatic,₹6.59 Lakh,delhi-ncr
Hyundai,Hyundai i20Asta 1.2,2024,"13,505kms",Petrol,Manual,₹9.38 Lakh,delhi-ncr
Toyota,Toyota Corolla AltisPetrol LE,2016,"1,11,583kms",Petrol,Manual,₹6.74 Lakh,delhi-ncr
Hyundai,Hyundai Grand i10 NiosSportz,2023,"5,230kms",Petrol,Manual,₹6.22 Lakh,delhi-ncr
Maruti,Maruti Ciaz1.4 Zeta,2022,"42,776kms",Petrol,Manual,₹7.57 Lakh,delhi-ncr
Honda,Honda AmazeV CVT,2020,"46,435kms",Petrol,Automatic,₹6.10 Lakh,delhi-ncr
Toyota,Toyota GlanzaV AMT,2022,"53,804kms",Petrol,Automatic,₹6.76 Lakh,delhi-ncr
Honda,Honda JazzZX,2021,"34,594kms",Petrol,Manual,₹6.74 Lakh,delhi-ncr
Maruti,Maruti Ciaz1.4 Alpha,2019,"61,358kms",Petrol,Manual,₹6.06 Lakh,delhi-ncr
Maruti,Maruti Grand VitaraDelta,2024,"23,538kms",Petrol,Manual,₹9.64 Lakh,delhi-ncr
Maruti,Maruti Vitara BrezzaVXI,2022,"3,406kms",Petrol,Manual,₹7.56 Lakh,delhi-ncr
Maruti,Maruti Alto K10VXI,2015,"63,000kms",Petrol,Manual,₹2.45 Lakh,delhi-ncr
MG,MG HectorSharp DCT,2020,"72,067kms",Petrol,Automatic,₹9.76 Lakh,delhi-ncr
Maruti,Maruti CiazSigma BSIV,2018,"45,657kms",Petrol,Manual,₹4.26 Lakh,delhi-ncr
Maruti,Maruti SwiftVXI,2014,"77,371kms",Petrol,Manual,₹2.84 Lakh,delhi-ncr
Hyundai,Hyundai Grand i101.2 Kappa Magna BSIV,2014,"95,675kms",Petrol,Manual,₹2.71 Lakh,delhi-ncr
Maruti,Maruti SwiftVXI,2021,"21,764kms",Petrol,Manual,₹5.17 Lakh,delhi-ncr
Tata,Tata NexonXZ Plus BSVI,2021,"90,829kms",Petrol,Manual,₹5.60 Lakh,delhi-ncr
Maruti,Maruti BalenoZeta AMT,2017,"71,861kms",Petrol,Automatic,₹3.93 Lakh,delhi-ncr
Maruti,Maruti BalenoDelta Diesel,2016,"74,248kms",Diesel,Manual,₹3.91 Lakh,delhi-ncr
Honda,Honda CityZX CVT,2017,"53,303kms",Petrol,Automatic,₹6.59 Lakh,delhi-ncr
Hyundai,Hyundai i20Asta 1.2,2024,"13,505kms",Petrol,Manual,₹9.38 Lakh,delhi-ncr
Toyota,Toyota Corolla AltisPetrol LE,2016,"1,11,583kms",Petrol,Manual,₹6.74 Lakh,delhi-ncr
Hyundai,Hyundai Grand i10 NiosSportz,2023,"5,230kms",Petrol,Manual,₹6.22 Lakh,delhi-ncr
Maruti,Maruti Ciaz1.4 Zeta,2022,"42,776kms",Petrol,Manual,₹7.57 Lakh,delhi-ncr
Honda,Honda AmazeV CVT,2020,"46,435kms",Petrol,Automatic,₹6.10 Lakh,delhi-ncr
Toyota,Toyota GlanzaV AMT,2022,"53,804kms",Petrol,Automatic,₹6.76 Lakh,delhi-ncr
Honda,Honda JazzZX,2021,"34,594kms",Petrol,Manual,₹6.74 Lakh,delhi-ncr
Maruti,Maruti Ciaz1.4 Alpha,2019,"61,358kms",Petrol,Manual,₹6.06 Lakh,delhi-ncr
Maruti,Maruti Grand VitaraDelta,2024,"23,538kms",Petrol,Manual,₹9.64 Lakh,delhi-ncr
Maruti,Maruti Vitara BrezzaVXI,2022,"3,406kms",Petrol,Manual,₹7.56 Lakh,delhi-ncr
Maruti,Maruti Alto K10VXI,2015,"63,000kms",Petrol,Manual,₹2.45 Lakh,delhi-ncr
MG,MG HectorSharp DCT,2020,"72,067kms",Petrol,Automatic,₹9.76 Lakh,delhi-ncr
Maruti,Maruti CiazSigma BSIV,2018,"45,657kms",Petrol,Manual,₹4.26 Lakh,delhi-ncr
Maruti,Maruti SwiftVXI,2014,"77,371kms",Petrol,Manual,₹2.84 Lakh,delhi-ncr
Hyundai,Hyundai Grand i101.2 Kappa Magna BSIV,2014,"95,675kms",Petrol,Manual,₹2.71 Lakh,delhi-ncr
Maruti,Maruti SwiftVXI,2021,"21,764kms",Petrol,Manual,₹5.17 Lakh,delhi-ncr
Tata,Tata NexonXZ Plus BSVI,2021,"90,829kms",Petrol,Manual,₹5.60 Lakh,delhi-ncr
Maruti,Maruti BalenoZeta AMT,2017,"71,861kms",Petrol,Automatic,₹3.93 Lakh,delhi-ncr
Maruti,Maruti BalenoDelta Diesel,2016,"74,248kms",Diesel,Manual,₹3.91 Lakh,delhi-ncr
Honda,Honda CityZX CVT,2017,"53,303kms",Petrol,Automatic,₹6.59 Lakh,delhi-ncr
Hyundai,Hyundai i20Asta 1.2,2024,"13,505kms",Petrol,Manual,₹9.38 Lakh,delhi-ncr
Toyota,Toyota Corolla AltisPetrol LE,2016,"1,11,583kms",Petrol,Manual,₹6.74 Lakh,delhi-ncr
Hyundai,Hyundai Grand i10 NiosSportz,2023,"5,230kms",Petrol,Manual,₹6.22 Lakh,delhi-ncr
Maruti,Maruti Ciaz1.4 Zeta,2022,"42,776kms",Petrol,Manual,₹7.57 Lakh,delhi-ncr
Maruti,Maruti Ciaz1.4 Alpha,2019,"61,358kms",Petrol,Manual,₹6.06 Lakh,delhi-ncr
Maruti,Maruti Grand VitaraDelta,2024,"23,538kms",Petrol,Manual,₹9.64 Lakh,delhi-ncr
Maruti,Maruti Vitara BrezzaVXI,2022,"3,406kms",Petrol,Manual,₹7.56 Lakh,delhi-ncr
Honda,Honda AmazeV CVT,2020,"46,435kms",Petrol,Automatic,₹6.10 Lakh,delhi-ncr
Toyota,Toyota GlanzaV AMT,2022,"53,804kms",Petrol,Automatic,₹6.76 Lakh,delhi-ncr
Honda,Honda JazzZX,2021,"34,594kms",Petrol,Manual,₹6.74 Lakh,delhi-ncr
Maruti,Maruti Alto K10VXI,2015,"63,000kms",Petrol,Manual,₹2.45 Lakh,delhi-ncr
MG,MG HectorSharp DCT,2020,"72,067kms",Petrol,Automatic,₹9.76 Lakh,delhi-ncr
Maruti,Maruti CiazSigma BSIV,2018,"45,657kms",Petrol,Manual,₹4.26 Lakh,delhi-ncr
Maruti,Maruti SwiftVXI,2014,"77,371kms",Petrol,Manual,₹2.84 Lakh,delhi-ncr
Hyundai,Hyundai Grand i101.2 Kappa Magna BSIV,2014,"95,675kms",Petrol,Manual,₹2.71 Lakh,delhi-ncr
Maruti,Maruti SwiftVXI,2021,"21,764kms",Petrol,Manual,₹5.17 Lakh,delhi-ncr
Hyundai,Hyundai Grand i101.2 Kappa Asta,2015,"99,833kms",Petrol,Manual,₹2.94 Lakh,delhi-ncr
Maruti,Maruti Wagon RVXI BS IV,2018,"37,968kms",Petrol,Manual,₹2.80 Lakh,delhi-ncr
Honda,Honda AmazeS i-Vtech,2014,"55,014kms",Petrol,Manual,₹2.32 Lakh,delhi-ncr
Honda,Honda AmazeS i-Vtech,2015,"74,730kms",Petrol,Manual,₹2.59 Lakh,delhi-ncr
Honda,Honda AmazeS i-Vtech,2015,"68,267kms",Petrol,Manual,₹2.21 Lakh,delhi-ncr
Hyundai,Hyundai Grand i101.2 Kappa Magna BSIV,2018,"72,057kms",Petrol,Manual,₹2.98 Lakh,delhi-ncr
Maruti,Maruti Wagon RCNG LXI,2014,"80,321kms",CNG,Manual,₹2.44 Lakh,delhi-ncr
Toyota,Toyota EtiosG,2014,"59,486kms",Petrol,Manual,₹2.24 Lakh,delhi-ncr
Maruti,Maruti Swift DzireVXI,2014,"49,364kms",Petrol,Manual,₹2.45 Lakh,delhi-ncr
Maruti,Maruti Wagon RAMT VXI,2018,"22,259kms",Petrol,Automatic,₹2.58 Lakh,delhi-ncr
Honda,Honda AmazeS i-VTEC,2015,"81,491kms",Petrol,Manual,₹2.76 Lakh,delhi-ncr
Honda,Honda AmazeS i-VTEC,2014,"39,753kms",Petrol,Manual,₹3 Lakh,delhi-ncr
Hyundai,Hyundai i10Magna 1.1L,2014,"38,066kms",Petrol,Manual,₹1.80 Lakh,delhi-ncr
Maruti,Maruti Alto 800LXi,2015,"1,03,493kms",Petrol,Manual,₹2.02 Lakh,delhi-ncr
Tata,Tata Tiago1.05 Revotorq XZ,2016,"77,558kms",Diesel,Manual,₹2.60 Lakh,delhi-ncr
Renault,Renault KWIDRXT,2017,"41,654kms",Petrol,Manual,₹2.22 Lakh,delhi-ncr
MG,MG HectorSmart DCT,2019,"32,506kms",Petrol,Automatic,₹8.61 Lakh,delhi-ncr
Renault,Renault KWIDRXL,2017,"29,313kms",Petrol,Manual,₹2.06 Lakh,delhi-ncr
Toyota,Toyota EtiosG,2015,"65,292kms",Petrol,Manual,₹2.26 Lakh,delhi-ncr
Hyundai,Hyundai Grand i10AT Asta,2015,"27,338kms",Petrol,Automatic,₹2.84 Lakh,delhi-ncr
Maruti,Maruti Wagon RVXI BS IV,2018,"37,968kms",Petrol,Manual,₹2.80 Lakh,delhi-ncr
Honda,Honda AmazeS i-Vtech,2015,"68,267kms",Petrol,Manual,₹2.21 Lakh,delhi-ncr
Hyundai,Hyundai Grand i101.2 Kappa Magna BSIV,2018,"72,057kms",Petrol,Manual,₹2.98 Lakh,delhi-ncr
Maruti,Maruti Wagon RCNG LXI,2014,"80,321kms",CNG,Manual,₹2.44 Lakh,delhi-ncr
Honda,Honda AmazeS i-VTEC,2015,"81,491kms",Petrol,Manual,₹2.76 Lakh,delhi-ncr
Honda,Honda AmazeS i-VTEC,2014,"39,753kms",Petrol,Manual,₹3 Lakh,delhi-ncr
Hyundai,Hyundai i10Magna 1.1L,2014,"38,066kms",Petrol,Manual,₹1.80 Lakh,delhi-ncr
Maruti,Maruti Alto 800LXi,2015,"1,03,493kms",Petrol,Manual,₹2.02 Lakh,delhi-ncr
Honda,Honda AmazeS i-Vtech,2015,"74,730kms",Petrol,Manual,₹2.59 Lakh,delhi-ncr
Toyota,Toyota EtiosG,2014,"59,486kms",Petrol,Manual,₹2.24 Lakh,delhi-ncr
Hyundai,Hyundai Xcent1.2 Kappa S Option,2014,"97,811kms",Petrol,Manual,₹2.26 Lakh,delhi-ncr
Honda,Honda AmazeS i-Vtech,2014,"55,014kms",Petrol,Manual,₹2.32 Lakh,delhi-ncr
Maruti,Maruti Swift DzireVXI,2014,"49,364kms",Petrol,Manual,₹2.45 Lakh,delhi-ncr
Maruti,Maruti Wagon RAMT VXI,2018,"22,259kms",Petrol,Automatic,₹2.58 Lakh,delhi-ncr
Tata,Tata Tiago1.05 Revotorq XZ,2016,"77,558kms",Diesel,Manual,₹2.60 Lakh,delhi-ncr
Renault,Renault KWIDRXT,2017,"41,654kms",Petrol,Manual,₹2.22 Lakh,delhi-ncr
MG,MG HectorSmart DCT,2019,"32,506kms",Petrol,Automatic,₹8.61 Lakh,delhi-ncr
Renault,Renault KWIDRXL,2017,"29,313kms",Petrol,Manual,₹2.06 Lakh,delhi-ncr
Maruti,Maruti Swift DzireVXI,2014,"46,549kms",Petrol,Manual,₹2.20 Lakh,delhi-ncr
Honda,Honda AmazeSX i-VTEC,2016,"75,014kms",Petrol,Manual,₹2.83 Lakh,delhi-ncr
Honda,Honda AmazeS i-VTEC,2014,"39,753kms",Petrol,Manual,₹3 Lakh,delhi-ncr
Hyundai,Hyundai i10Magna 1.1L,2014,"38,066kms",Petrol,Manual,₹1.80 Lakh,delhi-ncr
Honda,Honda AmazeS i-Vtech,2015,"68,267kms",Petrol,Manual,₹2.21 Lakh,delhi-ncr
Hyundai,Hyundai Grand i101.2 Kappa Magna BSIV,2018,"72,057kms",Petrol,Manual,₹2.98 Lakh,delhi-ncr
Maruti,Maruti Wagon RCNG LXI,2014,"80,321kms",CNG,Manual,₹2.44 Lakh,delhi-ncr
Hyundai,Hyundai Xcent1.2 Kappa S Option,2014,"97,811kms",Petrol,Manual,₹2.26 Lakh,delhi-ncr
Honda,Honda AmazeS i-Vtech,2014,"55,014kms",Petrol,Manual,₹2.32 Lakh,delhi-ncr
Maruti,Maruti Swift DzireVXI,2014,"49,364kms",Petrol,Manual,₹2.45 Lakh,delhi-ncr
Maruti,Maruti Wagon RAMT VXI,2018,"22,259kms",Petrol,Automatic,₹2.58 Lakh,delhi-ncr
Maruti,Maruti Alto 800LXi,2015,"1,03,493kms",Petrol,Manual,₹2.02 Lakh,delhi-ncr
Toyota,Toyota EtiosG,2014,"59,486kms",Petrol,Manual,₹2.24 Lakh,delhi-ncr
Honda,Honda AmazeS i-Vtech,2015,"74,730kms",Petrol,Manual,₹2.59 Lakh,delhi-ncr
Hyundai,Hyundai Grand i101.2 Kappa Asta,2015,"99,833kms",Petrol,Manual,₹2.94 Lakh,delhi-ncr
Maruti,Maruti Wagon RVXI BS IV,2018,"37,968kms",Petrol,Manual,₹2.80 Lakh,delhi-ncr
Tata,Tata Tiago1.05 Revotorq XZ,2016,"77,558kms",Diesel,Manual,₹2.60 Lakh,delhi-ncr
Renault,Renault KWIDRXT,2017,"41,654kms",Petrol,Manual,₹2.22 Lakh,delhi-ncr
MG,MG HectorSmart DCT,2019,"32,506kms",Petrol,Automatic,₹8.61 Lakh,delhi-ncr
Honda,Honda AmazeSX i-VTEC,2016,"75,014kms",Petrol,Manual,₹2.83 Lakh,delhi-ncr
Renault,Renault KWIDRXL,2017,"29,313kms",Petrol,Manual,₹2.06 Lakh,delhi-ncr
Toyota,Toyota EtiosG,2015,"65,292kms",Petrol,Manual,₹2.26 Lakh,delhi-ncr
Maruti,Maruti Wagon RVXI BS IV,2018,"37,968kms",Petrol,Manual,₹2.80 Lakh,delhi-ncr
Honda,Honda AmazeS i-VTEC,2015,"81,491kms",Petrol,Manual,₹2.76 Lakh,delhi-ncr
Honda,Honda AmazeS i-VTEC,2014,"39,753kms",Petrol,Manual,₹3 Lakh,delhi-ncr
Hyundai,Hyundai i10Magna 1.1L,2014,"38,066kms",Petrol,Manual,₹1.80 Lakh,delhi-ncr
Honda,Honda AmazeS i-Vtech,2015,"68,267kms",Petrol,Manual,₹2.21 Lakh,delhi-ncr
Hyundai,Hyundai Grand i101.2 Kappa Magna BSIV,2018,"72,057kms",Petrol,Manual,₹2.98 Lakh,delhi-ncr
Maruti,Maruti Wagon RCNG LXI,2014,"80,321kms",CNG,Manual,₹2.44 Lakh,delhi-ncr
Hyundai,Hyundai Xcent1.2 Kappa S Option,2014,"97,811kms",Petrol,Manual,₹2.26 Lakh,delhi-ncr
Honda,Honda AmazeS i-Vtech,2014,"55,014kms",Petrol,Manual,₹2.32 Lakh,delhi-ncr
Maruti,Maruti Swift DzireVXI,2014,"49,364kms",Petrol,Manual,₹2.45 Lakh,delhi-ncr
Maruti,Maruti Wagon RAMT VXI,2018,"22,259kms",Petrol,Automatic,₹2.58 Lakh,delhi-ncr
Maruti,Maruti Alto 800LXi,2015,"1,03,493kms",Petrol,Manual,₹2.02 Lakh,delhi-ncr
Toyota,Toyota EtiosG,2014,"59,486kms",Petrol,Manual,₹2.24 Lakh,delhi-ncr
Honda,Honda AmazeS i-Vtech,2015,"74,730kms",Petrol,Manual,₹2.59 Lakh,delhi-ncr
Tata,Tata Tiago1.05 Revotorq XZ,2016,"77,558kms",Diesel,Manual,₹2.60 Lakh,delhi-ncr
Renault,Renault KWIDRXT,2017,"41,654kms",Petrol,Manual,₹2.22 Lakh,delhi-ncr
MG,MG HectorSmart DCT,2019,"32,506kms",Petrol,Automatic,₹8.61 Lakh,delhi-ncr
Hyundai,Hyundai Grand i10AT Asta,2015,"27,338kms",Petrol,Automatic,₹2.84 Lakh,delhi-ncr
Maruti,Maruti Swift DzireVXI,2014,"46,549kms",Petrol,Manual,₹2.20 Lakh,delhi-ncr
Honda,Honda AmazeSX i-VTEC,2016,"75,014kms",Petrol,Manual,₹2.83 Lakh,delhi-ncr
Maruti,Maruti Wagon RVXI BS IV,2018,"37,968kms",Petrol,Manual,₹2.80 Lakh,delhi-ncr
Honda,Honda AmazeS i-VTEC,2015,"81,491kms",Petrol,Manual,₹2.76 Lakh,delhi-ncr
Honda,Honda AmazeS i-VTEC,2014,"39,753kms",Petrol,Manual,₹3 Lakh,delhi-ncr
Hyundai,Hyundai i10Magna 1.1L,2014,"38,066kms",Petrol,Manual,₹1.80 Lakh,delhi-ncr
Honda,Honda AmazeS i-Vtech,2015,"68,267kms",Petrol,Manual,₹2.21 Lakh,delhi-ncr
Hyundai,Hyundai Grand i101.2 Kappa Magna BSIV,2018,"72,057kms",Petrol,Manual,₹2.98 Lakh,delhi-ncr
Maruti,Maruti Wagon RCNG LXI,2014,"80,321kms",CNG,Manual,₹2.44 Lakh,delhi-ncr
Hyundai,Hyundai Xcent1.2 Kappa S Option,2014,"97,811kms",Petrol,Manual,₹2.26 Lakh,delhi-ncr
Honda,Honda AmazeS i-Vtech,2014,"55,014kms",Petrol,Manual,₹2.32 Lakh,delhi-ncr
Maruti,Maruti Swift DzireVXI,2014,"49,364kms",Petrol,Manual,₹2.45 Lakh,delhi-ncr
Maruti,Maruti Wagon RAMT VXI,2018,"22,259kms",Petrol,Automatic,₹2.58 Lakh,delhi-ncr
Maruti,Maruti Alto 800LXi,2015,"1,03,493kms",Petrol,Manual,₹2.02 Lakh,delhi-ncr
Toyota,Toyota EtiosG,2014,"59,486kms",Petrol,Manual,₹2.24 Lakh,delhi-ncr
Honda,Honda AmazeS i-Vtech,2015,"74,730kms",Petrol,Manual,₹2.59 Lakh,delhi-ncr
Tata,Tata Tiago1.05 Revotorq XZ,2016,"77,558kms",Diesel,Manual,₹2.60 Lakh,delhi-ncr
Renault,Renault KWIDRXT,2017,"41,654kms",Petrol,Manual,₹2.22 Lakh,delhi-ncr
MG,MG HectorSmart DCT,2019,"32,506kms",Petrol,Automatic,₹8.61 Lakh,delhi-ncr
Hyundai,Hyundai Grand i10AT Asta,2015,"27,338kms",Petrol,Automatic,₹2.84 Lakh,delhi-ncr
Maruti,Maruti Swift DzireVXI,2014,"46,549kms",Petrol,Manual,₹2.20 Lakh,delhi-ncr
Honda,Honda AmazeSX i-VTEC,2016,"75,014kms",Petrol,Manual,₹2.83 Lakh,delhi-ncr
Maruti,Maruti Wagon RVXI BS IV,2018,"37,968kms",Petrol,Manual,₹2.80 Lakh,delhi-ncr
Honda,Honda AmazeS i-VTEC,2015,"81,491kms",Petrol,Manual,₹2.76 Lakh,delhi-ncr
Honda,Honda AmazeS i-VTEC,2014,"39,753kms",Petrol,Manual,₹3 Lakh,delhi-ncr
Hyundai,Hyundai i10Magna 1.1L,2014,"38,066kms",Petrol,Manual,₹1.80 Lakh,delhi-ncr
Toyota,Toyota EtiosG,2014,"59,486kms",Petrol,Manual,₹2.24 Lakh,delhi-ncr
Honda,Honda AmazeS i-Vtech,2015,"68,267kms",Petrol,Manual,₹2.21 Lakh,delhi-ncr
Hyundai,Hyundai Grand i101.2 Kappa Magna BSIV,2018,"72,057kms",Petrol,Manual,₹2.98 Lakh,delhi-ncr
Maruti,Maruti Wagon RCNG LXI,2014,"80,321kms",CNG,Manual,₹2.44 Lakh,delhi-ncr
Maruti,Maruti Alto 800LXi,2015,"1,03,493kms",Petrol,Manual,₹2.02 Lakh,delhi-ncr
Maruti,Maruti Swift DzireVXI,2014,"49,364kms",Petrol,Manual,₹2.45 Lakh,delhi-ncr
Maruti,Maruti Wagon RAMT VXI,2018,"22,259kms",Petrol,Automatic,₹2.58 Lakh,delhi-ncr
Hyundai,Hyundai Xcent1.2 Kappa S Option,2014,"97,811kms",Petrol,Manual,₹2.26 Lakh,delhi-ncr
Honda,Honda AmazeS i-Vtech,2014,"55,014kms",Petrol,Manual,₹2.32 Lakh,delhi-ncr
Honda,Honda AmazeS i-Vtech,2015,"74,730kms",Petrol,Manual,₹2.59 Lakh,delhi-ncr
Tata,Tata Tiago1.05 Revotorq XZ,2016,"77,558kms",Diesel,Manual,₹2.60 Lakh,delhi-ncr
Renault,Renault KWIDRXT,2017,"41,654kms",Petrol,Manual,₹2.22 Lakh,delhi-ncr
MG,MG HectorSmart DCT,2019,"32,506kms",Petrol,Automatic,₹8.61 Lakh,delhi-ncr
Maruti,Maruti Swift DzireVXI,2014,"46,549kms",Petrol,Manual,₹2.20 Lakh,delhi-ncr
Honda,Honda AmazeSX i-VTEC,2016,"75,014kms",Petrol,Manual,₹2.83 Lakh,delhi-ncr
Renault,Renault KWIDRXL,2017,"29,313kms",Petrol,Manual,₹2.06 Lakh,delhi-ncr
Hyundai,Hyundai Grand i101.2 Kappa Asta,2015,"99,833kms",Petrol,Manual,₹2.94 Lakh,delhi-ncr
Maruti,Maruti Wagon RVXI BS IV,2018,"37,968kms",Petrol,Manual,₹2.80 Lakh,delhi-ncr
Honda,Honda AmazeS i-Vtech,2015,"68,267kms",Petrol,Manual,₹2.21 Lakh,delhi-ncr
Hyundai,Hyundai Grand i101.2 Kappa Magna BSIV,2018,"72,057kms",Petrol,Manual,₹2.98 Lakh,delhi-ncr
Maruti,Maruti Wagon RCNG LXI,2014,"80,321kms",CNG,Manual,₹2.44 Lakh,delhi-ncr
Honda,Honda AmazeS i-Vtech,2015,"74,730kms",Petrol,Manual,₹2.59 Lakh,delhi-ncr
Hyundai,Hyundai Xcent1.2 Kappa S Option,2014,"97,811kms",Petrol,Manual,₹2.26 Lakh,delhi-ncr
Honda,Honda AmazeS i-Vtech,2014,"55,014kms",Petrol,Manual,₹2.32 Lakh,delhi-ncr
Maruti,Maruti Swift DzireVXI,2014,"49,364kms",Petrol,Manual,₹2.45 Lakh,delhi-ncr
Maruti,Maruti Wagon RAMT VXI,2018,"22,259kms",Petrol,Automatic,₹2.58 Lakh,delhi-ncr
Maruti,Maruti Alto 800LXi,2015,"1,03,493kms",Petrol,Manual,₹2.02 Lakh,delhi-ncr
Honda,Honda AmazeS i-VTEC,2015,"81,491kms",Petrol,Manual,₹2.76 Lakh,delhi-ncr
Honda,Honda AmazeS i-VTEC,2014,"39,753kms",Petrol,Manual,₹3 Lakh,delhi-ncr
Hyundai,Hyundai i10Magna 1.1L,2014,"38,066kms",Petrol,Manual,₹1.80 Lakh,delhi-ncr
Tata,Tata Tiago1.05 Revotorq XZ,2016,"77,558kms",Diesel,Manual,₹2.60 Lakh,delhi-ncr
Renault,Renault KWIDRXT,2017,"41,654kms",Petrol,Manual,₹2.22 Lakh,delhi-ncr
MG,MG HectorSmart DCT,2019,"32,506kms",Petrol,Automatic,₹8.61 Lakh,delhi-ncr
Maruti,Maruti Swift DzireVXI,2014,"46,549kms",Petrol,Manual,₹2.20 Lakh,delhi-ncr
Hyundai,Hyundai Grand i10AT Asta,2015,"27,338kms",Petrol,Automatic,₹2.84 Lakh,delhi-ncr
Toyota,Toyota EtiosG,2015,"65,292kms",Petrol,Manual,₹2.26 Lakh,delhi-ncr
Maruti,Maruti Wagon RVXI BS IV,2018,"37,968kms",Petrol,Manual,₹2.80 Lakh,delhi-ncr
Honda,Honda AmazeS i-VTEC,2015,"81,491kms",Petrol,Manual,₹2.76 Lakh,delhi-ncr
Honda,Honda AmazeS i-VTEC,2014,"39,753kms",Petrol,Manual,₹3 Lakh,delhi-ncr
Hyundai,Hyundai i10Magna 1.1L,2014,"38,066kms",Petrol,Manual,₹1.80 Lakh,delhi-ncr
Honda,Honda AmazeS i-Vtech,2015,"68,267kms",Petrol,Manual,₹2.21 Lakh,delhi-ncr
Hyundai,Hyundai Grand i101.2 Kappa Magna BSIV,2018,"72,057kms",Petrol,Manual,₹2.98 Lakh,delhi-ncr
Maruti,Maruti Wagon RCNG LXI,2014,"80,321kms",CNG,Manual,₹2.44 Lakh,delhi-ncr
Hyundai,Hyundai Xcent1.2 Kappa S Option,2014,"97,811kms",Petrol,Manual,₹2.26 Lakh,delhi-ncr
Honda,Honda AmazeS i-Vtech,2014,"55,014kms",Petrol,Manual,₹2.32 Lakh,delhi-ncr
Maruti,Maruti Swift DzireVXI,2014,"49,364kms",Petrol,Manual,₹2.45 Lakh,delhi-ncr
Maruti,Maruti Wagon RAMT VXI,2018,"22,259kms",Petrol,Automatic,₹2.58 Lakh,delhi-ncr
Maruti,Maruti Alto 800LXi,2015,"1,03,493kms",Petrol,Manual,₹2.02 Lakh,delhi-ncr
Toyota,Toyota EtiosG,2014,"59,486kms",Petrol,Manual,₹2.24 Lakh,delhi-ncr
Honda,Honda AmazeS i-Vtech,2015,"74,730kms",Petrol,Manual,₹2.59 Lakh,delhi-ncr
Tata,Tata Tiago1.05 Revotorq XZ,2016,"77,558kms",Diesel,Manual,₹2.60 Lakh,delhi-ncr
Renault,Renault KWIDRXT,2017,"41,654kms",Petrol,Manual,₹2.22 Lakh,delhi-ncr
MG,MG HectorSmart DCT,2019,"32,506kms",Petrol,Automatic,₹8.61 Lakh,delhi-ncr
Hyundai,Hyundai Grand i10AT Asta,2015,"27,338kms",Petrol,Automatic,₹2.84 Lakh,delhi-ncr
Maruti,Maruti Swift DzireVXI,2014,"46,549kms",Petrol,Manual,₹2.20 Lakh,delhi-ncr
Honda,Honda AmazeSX i-VTEC,2016,"75,014kms",Petrol,Manual,₹2.83 Lakh,delhi-ncr
Hyundai,Hyundai Grand i101.2 Kappa Asta,2015,"99,833kms",Petrol,Manual,₹2.94 Lakh,delhi-ncr
Maruti,Maruti Wagon RVXI BS IV,2018,"37,968kms",Petrol,Manual,₹2.80 Lakh,delhi-ncr
Honda,Honda AmazeS i-Vtech,2015,"68,267kms",Petrol,Manual,₹2.21 Lakh,delhi-ncr
Hyundai,Hyundai Grand i101.2 Kappa Magna BSIV,2018,"72,057kms",Petrol,Manual,₹2.98 Lakh,delhi-ncr
Maruti,Maruti Wagon RCNG LXI,2014,"80,321kms",CNG,Manual,₹2.44 Lakh,delhi-ncr
Honda,Honda AmazeS i-Vtech,2015,"74,730kms",Petrol,Manual,₹2.59 Lakh,delhi-ncr
Hyundai,Hyundai Xcent1.2 Kappa S Option,2014,"97,811kms",Petrol,Manual,₹2.26 Lakh,delhi-ncr
Honda,Honda AmazeS i-Vtech,2014,"55,014kms",Petrol,Manual,₹2.32 Lakh,delhi-ncr
Maruti,Maruti Swift DzireVXI,2014,"49,364kms",Petrol,Manual,₹2.45 Lakh,delhi-ncr
Maruti,Maruti Wagon RAMT VXI,2018,"22,259kms",Petrol,Automatic,₹2.58 Lakh,delhi-ncr
Maruti,Maruti Alto 800LXi,2015,"1,03,493kms",Petrol,Manual,₹2.02 Lakh,delhi-ncr
Honda,Honda AmazeS i-VTEC,2015,"81,491kms",Petrol,Manual,₹2.76 Lakh,delhi-ncr
Honda,Honda AmazeS i-VTEC,2014,"39,753kms",Petrol,Manual,₹3 Lakh,delhi-ncr
Hyundai,Hyundai i10Magna 1.1L,2014,"38,066kms",Petrol,Manual,₹1.80 Lakh,delhi-ncr
Tata,Tata Tiago1.05 Revotorq XZ,2016,"77,558kms",Diesel,Manual,₹2.60 Lakh,delhi-ncr
Renault,Renault KWIDRXT,2017,"41,654kms",Petrol,Manual,₹2.22 Lakh,delhi-ncr
MG,MG HectorSmart DCT,2019,"32,506kms",Petrol,Automatic,₹8.61 Lakh,delhi-ncr
Maruti,Maruti Swift DzireVXI,2014,"46,549kms",Petrol,Manual,₹2.20 Lakh,delhi-ncr
Hyundai,Hyundai Grand i10AT Asta,2015,"27,338kms",Petrol,Automatic,₹2.84 Lakh,delhi-ncr
Toyota,Toyota EtiosG,2015,"65,292kms",Petrol,Manual,₹2.26 Lakh,delhi-ncr
Maruti,Maruti Wagon RVXI BS IV,2018,"37,968kms",Petrol,Manual,₹2.80 Lakh,delhi-ncr
Honda,Honda AmazeS i-VTEC,2015,"81,491kms",Petrol,Manual,₹2.76 Lakh,delhi-ncr
Honda,Honda AmazeS i-VTEC,2014,"39,753kms",Petrol,Manual,₹3 Lakh,delhi-ncr
Hyundai,Hyundai i10Magna 1.1L,2014,"38,066kms",Petrol,Manual,₹1.80 Lakh,delhi-ncr
Honda,Honda AmazeS i-Vtech,2015,"68,267kms",Petrol,Manual,₹2.21 Lakh,delhi-ncr
Hyundai,Hyundai Grand i101.2 Kappa Magna BSIV,2018,"72,057kms",Petrol,Manual,₹2.98 Lakh,delhi-ncr
Maruti,Maruti Wagon RCNG LXI,2014,"80,321kms",CNG,Manual,₹2.44 Lakh,delhi-ncr
Hyundai,Hyundai Xcent1.2 Kappa S Option,2014,"97,811kms",Petrol,Manual,₹2.26 Lakh,delhi-ncr
Honda,Honda AmazeS i-Vtech,2014,"55,014kms",Petrol,Manual,₹2.32 Lakh,delhi-ncr
Maruti,Maruti Swift DzireVXI,2014,"49,364kms",Petrol,Manual,₹2.45 Lakh,delhi-ncr
Maruti,Maruti Wagon RAMT VXI,2018,"22,259kms",Petrol,Automatic,₹2.58 Lakh,delhi-ncr
Maruti,Maruti Alto 800LXi,2015,"1,03,493kms",Petrol,Manual,₹2.02 Lakh,delhi-ncr
Toyota,Toyota EtiosG,2014,"59,486kms",Petrol,Manual,₹2.24 Lakh,delhi-ncr
Honda,Honda AmazeS i-Vtech,2015,"74,730kms",Petrol,Manual,₹2.59 Lakh,delhi-ncr
Tata,Tata Tiago1.05 Revotorq XZ,2016,"77,558kms",Diesel,Manual,₹2.60 Lakh,delhi-ncr
Renault,Renault KWIDRXT,2017,"41,654kms",Petrol,Manual,₹2.22 Lakh,delhi-ncr
MG,MG HectorSmart DCT,2019,"32,506kms",Petrol,Automatic,₹8.61 Lakh,delhi-ncr
Hyundai,Hyundai Grand i10AT Asta,2015,"27,338kms",Petrol,Automatic,₹2.84 Lakh,delhi-ncr
Maruti,Maruti Swift DzireVXI,2014,"46,549kms",Petrol,Manual,₹2.20 Lakh,delhi-ncr
Honda,Honda AmazeSX i-VTEC,2016,"75,014kms",Petrol,Manual,₹2.83 Lakh,delhi-ncr
Hyundai,Hyundai Grand i101.2 Kappa Asta,2015,"99,833kms",Petrol,Manual,₹2.94 Lakh,delhi-ncr
Maruti,Maruti Wagon RVXI BS IV,2018,"37,968kms",Petrol,Manual,₹2.80 Lakh,delhi-ncr
Honda,Honda AmazeS i-Vtech,2015,"68,267kms",Petrol,Manual,₹2.21 Lakh,delhi-ncr
Hyundai,Hyundai Grand i101.2 Kappa Magna BSIV,2018,"72,057kms",Petrol,Manual,₹2.98 Lakh,delhi-ncr
Maruti,Maruti Wagon RCNG LXI,2014,"80,321kms",CNG,Manual,₹2.44 Lakh,delhi-ncr
Honda,Honda AmazeS i-Vtech,2015,"74,730kms",Petrol,Manual,₹2.59 Lakh,delhi-ncr
Hyundai,Hyundai Xcent1.2 Kappa S Option,2014,"97,811kms",Petrol,Manual,₹2.26 Lakh,delhi-ncr
Honda,Honda AmazeS i-Vtech,2014,"55,014kms",Petrol,Manual,₹2.32 Lakh,delhi-ncr
Maruti,Maruti Swift DzireVXI,2014,"49,364kms",Petrol,Manual,₹2.45 Lakh,delhi-ncr
Maruti,Maruti Wagon RAMT VXI,2018,"22,259kms",Petrol,Automatic,₹2.58 Lakh,delhi-ncr
Maruti,Maruti Alto 800LXi,2015,"1,03,493kms",Petrol,Manual,₹2.02 Lakh,delhi-ncr
Honda,Honda AmazeS i-VTEC,2015,"81,491kms",Petrol,Manual,₹2.76 Lakh,delhi-ncr
Honda,Honda AmazeS i-VTEC,2014,"39,753kms",Petrol,Manual,₹3 Lakh,delhi-ncr
Hyundai,Hyundai i10Magna 1.1L,2014,"38,066kms",Petrol,Manual,₹1.80 Lakh,delhi-ncr
Tata,Tata Tiago1.05 Revotorq XZ,2016,"77,558kms",Diesel,Manual,₹2.60 Lakh,delhi-ncr
Renault,Renault KWIDRXT,2017,"41,654kms",Petrol,Manual,₹2.22 Lakh,delhi-ncr
MG,MG HectorSmart DCT,2019,"32,506kms",Petrol,Automatic,₹8.61 Lakh,delhi-ncr
Maruti,Maruti Swift DzireVXI,2014,"46,549kms",Petrol,Manual,₹2.20 Lakh,delhi-ncr
Hyundai,Hyundai Grand i10AT Asta,2015,"27,338kms",Petrol,Automatic,₹2.84 Lakh,delhi-ncr
Toyota,Toyota EtiosG,2015,"65,292kms",Petrol,Manual,₹2.26 Lakh,delhi-ncr
Hyundai,Hyundai Grand i101.2 Kappa Asta,2015,"99,833kms",Petrol,Manual,₹2.94 Lakh,delhi-ncr
Maruti,Maruti Wagon RVXI BS IV,2018,"37,968kms",Petrol,Manual,₹2.80 Lakh,delhi-ncr
Honda,Honda AmazeS i-Vtech,2015,"68,267kms",Petrol,Manual,₹2.21 Lakh,delhi-ncr
Hyundai,Hyundai Grand i101.2 Kappa Magna BSIV,2018,"72,057kms",Petrol,Manual,₹2.98 Lakh,delhi-ncr
Maruti,Maruti Wagon RCNG LXI,2014,"80,321kms",CNG,Manual,₹2.44 Lakh,delhi-ncr
Honda,Honda AmazeS i-Vtech,2015,"74,730kms",Petrol,Manual,₹2.59 Lakh,delhi-ncr
Hyundai,Hyundai Xcent1.2 Kappa S Option,2014,"97,811kms",Petrol,Manual,₹2.26 Lakh,delhi-ncr
Honda,Honda AmazeS i-Vtech,2014,"55,014kms",Petrol,Manual,₹2.32 Lakh,delhi-ncr
Maruti,Maruti Swift DzireVXI,2014,"49,364kms",Petrol,Manual,₹2.45 Lakh,delhi-ncr
Maruti,Maruti Wagon RAMT VXI,2018,"22,259kms",Petrol,Automatic,₹2.58 Lakh,delhi-ncr
Maruti,Maruti Alto 800LXi,2015,"1,03,493kms",Petrol,Manual,₹2.02 Lakh,delhi-ncr
Honda,Honda AmazeS i-VTEC,2015,"81,491kms",Petrol,Manual,₹2.76 Lakh,delhi-ncr
Honda,Honda AmazeS i-VTEC,2014,"39,753kms",Petrol,Manual,₹3 Lakh,delhi-ncr
Hyundai,Hyundai i10Magna 1.1L,2014,"38,066kms",Petrol,Manual,₹1.80 Lakh,delhi-ncr
Tata,Tata Tiago1.05 Revotorq XZ,2016,"77,558kms",Diesel,Manual,₹2.60 Lakh,delhi-ncr
Renault,Renault KWIDRXT,2017,"41,654kms",Petrol,Manual,₹2.22 Lakh,delhi-ncr
MG,MG HectorSmart DCT,2019,"32,506kms",Petrol,Automatic,₹8.61 Lakh,delhi-ncr
Maruti,Maruti Swift DzireVXI,2014,"46,549kms",Petrol,Manual,₹2.20 Lakh,delhi-ncr
Hyundai,Hyundai Grand i10AT Asta,2015,"27,338kms",Petrol,Automatic,₹2.84 Lakh,delhi-ncr
Toyota,Toyota EtiosG,2015,"65,292kms",Petrol,Manual,₹2.26 Lakh,delhi-ncr
Hyundai,Hyundai Grand i101.2 Kappa Asta,2015,"99,833kms",Petrol,Manual,₹2.94 Lakh,delhi-ncr
Maruti,Maruti Wagon RVXI BS IV,2018,"37,968kms",Petrol,Manual,₹2.80 Lakh,delhi-ncr
Honda,Honda AmazeS i-Vtech,2015,"68,267kms",Petrol,Manual,₹2.21 Lakh,delhi-ncr
Hyundai,Hyundai Grand i101.2 Kappa Magna BSIV,2018,"72,057kms",Petrol,Manual,₹2.98 Lakh,delhi-ncr
Maruti,Maruti Wagon RCNG LXI,2014,"80,321kms",CNG,Manual,₹2.44 Lakh,delhi-ncr
Honda,Honda AmazeS i-Vtech,2015,"74,730kms",Petrol,Manual,₹2.59 Lakh,delhi-ncr
Hyundai,Hyundai Xcent1.2 Kappa S Option,2014,"97,811kms",Petrol,Manual,₹2.26 Lakh,delhi-ncr
Honda,Honda AmazeS i-Vtech,2014,"55,014kms",Petrol,Manual,₹2.32 Lakh,delhi-ncr
Maruti,Maruti Swift DzireVXI,2014,"49,364kms",Petrol,Manual,₹2.45 Lakh,delhi-ncr
Maruti,Maruti Wagon RAMT VXI,2018,"22,259kms",Petrol,Automatic,₹2.58 Lakh,delhi-ncr
Maruti,Maruti Alto 800LXi,2015,"1,03,493kms",Petrol,Manual,₹2.02 Lakh,delhi-ncr
Honda,Honda AmazeS i-VTEC,2015,"81,491kms",Petrol,Manual,₹2.76 Lakh,delhi-ncr
Honda,Honda AmazeS i-VTEC,2014,"39,753kms",Petrol,Manual,₹3 Lakh,delhi-ncr
Hyundai,Hyundai i10Magna 1.1L,2014,"38,066kms",Petrol,Manual,₹1.80 Lakh,delhi-ncr
Tata,Tata Tiago1.05 Revotorq XZ,2016,"77,558kms",Diesel,Manual,₹2.60 Lakh,delhi-ncr
Renault,Renault KWIDRXT,2017,"41,654kms",Petrol,Manual,₹2.22 Lakh,delhi-ncr
MG,MG HectorSmart DCT,2019,"32,506kms",Petrol,Automatic,₹8.61 Lakh,delhi-ncr
Maruti,Maruti Swift DzireVXI,2014,"46,549kms",Petrol,Manual,₹2.20 Lakh,delhi-ncr
Hyundai,Hyundai Grand i10AT Asta,2015,"27,338kms",Petrol,Automatic,₹2.84 Lakh,delhi-ncr
Toyota,Toyota EtiosG,2015,"65,292kms",Petrol,Manual,₹2.26 Lakh,delhi-ncr
Maruti,Maruti Wagon RVXI BS IV,2018,"37,968kms",Petrol,Manual,₹2.80 Lakh,delhi-ncr
Honda,Honda AmazeS i-VTEC,2015,"81,491kms",Petrol,Manual,₹2.76 Lakh,delhi-ncr
Honda,Honda AmazeS i-VTEC,2014,"39,753kms",Petrol,Manual,₹3 Lakh,delhi-ncr
Hyundai,Hyundai i10Magna 1.1L,2014,"38,066kms",Petrol,Manual,₹1.80 Lakh,delhi-ncr
Toyota,Toyota EtiosG,2014,"59,486kms",Petrol,Manual,₹2.24 Lakh,delhi-ncr
Honda,Honda AmazeS i-Vtech,2015,"68,267kms",Petrol,Manual,₹2.21 Lakh,delhi-ncr
Hyundai,Hyundai Grand i101.2 Kappa Magna BSIV,2018,"72,057kms",Petrol,Manual,₹2.98 Lakh,delhi-ncr
Maruti,Maruti Wagon RCNG LXI,2014,"80,321kms",CNG,Manual,₹2.44 Lakh,delhi-ncr
Maruti,Maruti Alto 800LXi,2015,"1,03,493kms",Petrol,Manual,₹2.02 Lakh,delhi-ncr
Maruti,Maruti Swift DzireVXI,2014,"49,364kms",Petrol,Manual,₹2.45 Lakh,delhi-ncr
Maruti,Maruti Wagon RAMT VXI,2018,"22,259kms",Petrol,Automatic,₹2.58 Lakh,delhi-ncr
Hyundai,Hyundai Xcent1.2 Kappa S Option,2014,"97,811kms",Petrol,Manual,₹2.26 Lakh,delhi-ncr
Honda,Honda AmazeS i-Vtech,2014,"55,014kms",Petrol,Manual,₹2.32 Lakh,delhi-ncr
Honda,Honda AmazeS i-Vtech,2015,"74,730kms",Petrol,Manual,₹2.59 Lakh,delhi-ncr
Tata,Tata Tiago1.05 Revotorq XZ,2016,"77,558kms",Diesel,Manual,₹2.60 Lakh,delhi-ncr
Renault,Renault KWIDRXT,2017,"41,654kms",Petrol,Manual,₹2.22 Lakh,delhi-ncr
MG,MG HectorSmart DCT,2019,"32,506kms",Petrol,Automatic,₹8.61 Lakh,delhi-ncr
Maruti,Maruti Swift DzireVXI,2014,"46,549kms",Petrol,Manual,₹2.20 Lakh,delhi-ncr
Honda,Honda AmazeSX i-VTEC,2016,"75,014kms",Petrol,Manual,₹2.83 Lakh,delhi-ncr
Renault,Renault KWIDRXL,2017,"29,313kms",Petrol,Manual,₹2.06 Lakh,delhi-ncr
Maruti,Maruti Wagon RVXI BS IV,2018,"37,968kms",Petrol,Manual,₹2.80 Lakh,delhi-ncr
Honda,Honda AmazeS i-VTEC,2015,"81,491kms",Petrol,Manual,₹2.76 Lakh,delhi-ncr
Honda,Honda AmazeS i-VTEC,2014,"39,753kms",Petrol,Manual,₹3 Lakh,delhi-ncr
Hyundai,Hyundai i10Magna 1.1L,2014,"38,066kms",Petrol,Manual,₹1.80 Lakh,delhi-ncr
Honda,Honda AmazeS i-Vtech,2015,"68,267kms",Petrol,Manual,₹2.21 Lakh,delhi-ncr
Hyundai,Hyundai Grand i101.2 Kappa Magna BSIV,2018,"72,057kms",Petrol,Manual,₹2.98 Lakh,delhi-ncr
Maruti,Maruti Wagon RCNG LXI,2014,"80,321kms",CNG,Manual,₹2.44 Lakh,delhi-ncr
Hyundai,Hyundai Xcent1.2 Kappa S Option,2014,"97,811kms",Petrol,Manual,₹2.26 Lakh,delhi-ncr
Honda,Honda AmazeS i-Vtech,2014,"55,014kms",Petrol,Manual,₹2.32 Lakh,delhi-ncr
Maruti,Maruti Swift DzireVXI,2014,"49,364kms",Petrol,Manual,₹2.45 Lakh,delhi-ncr
Maruti,Maruti Wagon RAMT VXI,2018,"22,259kms",Petrol,Automatic,₹2.58 Lakh,delhi-ncr
Maruti,Maruti Alto 800LXi,2015,"1,03,493kms",Petrol,Manual,₹2.02 Lakh,delhi-ncr
Toyota,Toyota EtiosG,2014,"59,486kms",Petrol,Manual,₹2.24 Lakh,delhi-ncr
Honda,Honda AmazeS i-Vtech,2015,"74,730kms",Petrol,Manual,₹2.59 Lakh,delhi-ncr
Tata,Tata Tiago1.05 Revotorq XZ,2016,"77,558kms",Diesel,Manual,₹2.60 Lakh,delhi-ncr
Renault,Renault KWIDRXT,2017,"41,654kms",Petrol,Manual,₹2.22 Lakh,delhi-ncr
MG,MG HectorSmart DCT,2019,"32,506kms",Petrol,Automatic,₹8.61 Lakh,delhi-ncr
Hyundai,Hyundai Grand i10AT Asta,2015,"27,338kms",Petrol,Automatic,₹2.84 Lakh,delhi-ncr
Maruti,Maruti Swift DzireVXI,2014,"46,549kms",Petrol,Manual,₹2.20 Lakh,delhi-ncr
Honda,Honda AmazeSX i-VTEC,2016,"75,014kms",Petrol,Manual,₹2.83 Lakh,delhi-ncr
Maruti,Maruti Wagon RVXI BS IV,2018,"37,968kms",Petrol,Manual,₹2.80 Lakh,delhi-ncr
Honda,Honda AmazeS i-VTEC,2015,"81,491kms",Petrol,Manual,₹2.76 Lakh,delhi-ncr
Honda,Honda AmazeS i-VTEC,2014,"39,753kms",Petrol,Manual,₹3 Lakh,delhi-ncr
Hyundai,Hyundai i10Magna 1.1L,2014,"38,066kms",Petrol,Manual,₹1.80 Lakh,delhi-ncr
Honda,Honda AmazeS i-Vtech,2015,"68,267kms",Petrol,Manual,₹2.21 Lakh,delhi-ncr
Hyundai,Hyundai Grand i101.2 Kappa Magna BSIV,2018,"72,057kms",Petrol,Manual,₹2.98 Lakh,delhi-ncr
Maruti,Maruti Wagon RCNG LXI,2014,"80,321kms",CNG,Manual,₹2.44 Lakh,delhi-ncr
Hyundai,Hyundai Xcent1.2 Kappa S Option,2014,"97,811kms",Petrol,Manual,₹2.26 Lakh,delhi-ncr
Honda,Honda AmazeS i-Vtech,2014,"55,014kms",Petrol,Manual,₹2.32 Lakh,delhi-ncr
Maruti,Maruti Swift DzireVXI,2014,"49,364kms",Petrol,Manual,₹2.45 Lakh,delhi-ncr
Maruti,Maruti Wagon RAMT VXI,2018,"22,259kms",Petrol,Automatic,₹2.58 Lakh,delhi-ncr
Maruti,Maruti Alto 800LXi,2015,"1,03,493kms",Petrol,Manual,₹2.02 Lakh,delhi-ncr
Toyota,Toyota EtiosG,2014,"59,486kms",Petrol,Manual,₹2.24 Lakh,delhi-ncr
Honda,Honda AmazeS i-Vtech,2015,"74,730kms",Petrol,Manual,₹2.59 Lakh,delhi-ncr
Tata,Tata Tiago1.05 Revotorq XZ,2016,"77,558kms",Diesel,Manual,₹2.60 Lakh,delhi-ncr
Renault,Renault KWIDRXT,2017,"41,654kms",Petrol,Manual,₹2.22 Lakh,delhi-ncr
MG,MG HectorSmart DCT,2019,"32,506kms",Petrol,Automatic,₹8.61 Lakh,delhi-ncr
Hyundai,Hyundai Grand i10AT Asta,2015,"27,338kms",Petrol,Automatic,₹2.84 Lakh,delhi-ncr
Maruti,Maruti Swift DzireVXI,2014,"46,549kms",Petrol,Manual,₹2.20 Lakh,delhi-ncr
Honda,Honda AmazeSX i-VTEC,2016,"75,014kms",Petrol,Manual,₹2.83 Lakh,delhi-ncr
Hyundai,Hyundai Grand i101.2 Kappa Asta,2015,"99,833kms",Petrol,Manual,₹2.94 Lakh,delhi-ncr
Maruti,Maruti Wagon RVXI BS IV,2018,"37,968kms",Petrol,Manual,₹2.80 Lakh,delhi-ncr
Honda,Honda AmazeS i-Vtech,2015,"68,267kms",Petrol,Manual,₹2.21 Lakh,delhi-ncr
Hyundai,Hyundai Grand i101.2 Kappa Magna BSIV,2018,"72,057kms",Petrol,Manual,₹2.98 Lakh,delhi-ncr
Maruti,Maruti Wagon RCNG LXI,2014,"80,321kms",CNG,Manual,₹2.44 Lakh,delhi-ncr
Honda,Honda AmazeS i-Vtech,2015,"74,730kms",Petrol,Manual,₹2.59 Lakh,delhi-ncr
Hyundai,Hyundai Xcent1.2 Kappa S Option,2014,"97,811kms",Petrol,Manual,₹2.26 Lakh,delhi-ncr
Honda,Honda AmazeS i-Vtech,2014,"55,014kms",Petrol,Manual,₹2.32 Lakh,delhi-ncr
Maruti,Maruti Swift DzireVXI,2014,"49,364kms",Petrol,Manual,₹2.45 Lakh,delhi-ncr
Maruti,Maruti Wagon RAMT VXI,2018,"22,259kms",Petrol,Automatic,₹2.58 Lakh,delhi-ncr
Maruti,Maruti Alto 800LXi,2015,"1,03,493kms",Petrol,Manual,₹2.02 Lakh,delhi-ncr
Honda,Honda AmazeS i-VTEC,2015,"81,491kms",Petrol,Manual,₹2.76 Lakh,delhi-ncr
Honda,Honda AmazeS i-VTEC,2014,"39,753kms",Petrol,Manual,₹3 Lakh,delhi-ncr
Hyundai,Hyundai i10Magna 1.1L,2014,"38,066kms",Petrol,Manual,₹1.80 Lakh,delhi-ncr
Tata,Tata Tiago1.05 Revotorq XZ,2016,"77,558kms",Diesel,Manual,₹2.60 Lakh,delhi-ncr
Renault,Renault KWIDRXT,2017,"41,654kms",Petrol,Manual,₹2.22 Lakh,delhi-ncr
MG,MG HectorSmart DCT,2019,"32,506kms",Petrol,Automatic,₹8.61 Lakh,delhi-ncr
Maruti,Maruti Swift DzireVXI,2014,"46,549kms",Petrol,Manual,₹2.20 Lakh,delhi-ncr
Hyundai,Hyundai Grand i10AT Asta,2015,"27,338kms",Petrol,Automatic,₹2.84 Lakh,delhi-ncr
Toyota,Toyota EtiosG,2015,"65,292kms",Petrol,Manual,₹2.26 Lakh,delhi-ncr
Maruti,Maruti Wagon RVXI BS IV,2018,"37,968kms",Petrol,Manual,₹2.80 Lakh,delhi-ncr
Honda,Honda AmazeS i-VTEC,2015,"81,491kms",Petrol,Manual,₹2.76 Lakh,delhi-ncr
Honda,Honda AmazeS i-VTEC,2014,"39,753kms",Petrol,Manual,₹3 Lakh,delhi-ncr
Hyundai,Hyundai i10Magna 1.1L,2014,"38,066kms",Petrol,Manual,₹1.80 Lakh,delhi-ncr
Honda,Honda AmazeS i-Vtech,2015,"68,267kms",Petrol,Manual,₹2.21 Lakh,delhi-ncr
Hyundai,Hyundai Grand i101.2 Kappa Magna BSIV,2018,"72,057kms",Petrol,Manual,₹2.98 Lakh,delhi-ncr
Maruti,Maruti Wagon RCNG LXI,2014,"80,321kms",CNG,Manual,₹2.44 Lakh,delhi-ncr
Hyundai,Hyundai Xcent1.2 Kappa S Option,2014,"97,811kms",Petrol,Manual,₹2.26 Lakh,delhi-ncr
Honda,Honda AmazeS i-Vtech,2014,"55,014kms",Petrol,Manual,₹2.32 Lakh,delhi-ncr
Maruti,Maruti Swift DzireVXI,2014,"49,364kms",Petrol,Manual,₹2.45 Lakh,delhi-ncr
Maruti,Maruti Wagon RAMT VXI,2018,"22,259kms",Petrol,Automatic,₹2.58 Lakh,delhi-ncr
Maruti,Maruti Alto 800LXi,2015,"1,03,493kms",Petrol,Manual,₹2.02 Lakh,delhi-ncr
Toyota,Toyota EtiosG,2014,"59,486kms",Petrol,Manual,₹2.24 Lakh,delhi-ncr
Honda,Honda AmazeS i-Vtech,2015,"74,730kms",Petrol,Manual,₹2.59 Lakh,delhi-ncr
Tata,Tata Tiago1.05 Revotorq XZ,2016,"77,558kms",Diesel,Manual,₹2.60 Lakh,delhi-ncr
Renault,Renault KWIDRXT,2017,"41,654kms",Petrol,Manual,₹2.22 Lakh,delhi-ncr
MG,MG HectorSmart DCT,2019,"32,506kms",Petrol,Automatic,₹8.61 Lakh,delhi-ncr
Hyundai,Hyundai Grand i10AT Asta,2015,"27,338kms",Petrol,Automatic,₹2.84 Lakh,delhi-ncr
Maruti,Maruti Swift DzireVXI,2014,"46,549kms",Petrol,Manual,₹2.20 Lakh,delhi-ncr
Honda,Honda AmazeSX i-VTEC,2016,"75,014kms",Petrol,Manual,₹2.83 Lakh,delhi-ncr
Hyundai,Hyundai Grand i101.2 Kappa Asta,2015,"99,833kms",Petrol,Manual,₹2.94 Lakh,delhi-ncr
Maruti,Maruti Wagon RVXI BS IV,2018,"37,968kms",Petrol,Manual,₹2.80 Lakh,delhi-ncr
Honda,Honda AmazeS i-Vtech,2015,"68,267kms",Petrol,Manual,₹2.21 Lakh,delhi-ncr
Hyundai,Hyundai Grand i101.2 Kappa Magna BSIV,2018,"72,057kms",Petrol,Manual,₹2.98 Lakh,delhi-ncr
Maruti,Maruti Wagon RCNG LXI,2014,"80,321kms",CNG,Manual,₹2.44 Lakh,delhi-ncr
Honda,Honda AmazeS i-Vtech,2015,"74,730kms",Petrol,Manual,₹2.59 Lakh,delhi-ncr
Hyundai,Hyundai Xcent1.2 Kappa S Option,2014,"97,811kms",Petrol,Manual,₹2.26 Lakh,delhi-ncr
Honda,Honda AmazeS i-Vtech,2014,"55,014kms",Petrol,Manual,₹2.32 Lakh,delhi-ncr
Maruti,Maruti Swift DzireVXI,2014,"49,364kms",Petrol,Manual,₹2.45 Lakh,delhi-ncr
Maruti,Maruti Wagon RAMT VXI,2018,"22,259kms",Petrol,Automatic,₹2.58 Lakh,delhi-ncr
Maruti,Maruti Alto 800LXi,2015,"1,03,493kms",Petrol,Manual,₹2.02 Lakh,delhi-ncr
Honda,Honda AmazeS i-VTEC,2015,"81,491kms",Petrol,Manual,₹2.76 Lakh,delhi-ncr
Honda,Honda AmazeS i-VTEC,2014,"39,753kms",Petrol,Manual,₹3 Lakh,delhi-ncr
Hyundai,Hyundai i10Magna 1.1L,2014,"38,066kms",Petrol,Manual,₹1.80 Lakh,delhi-ncr
Tata,Tata Tiago1.05 Revotorq XZ,2016,"77,558kms",Diesel,Manual,₹2.60 Lakh,delhi-ncr
Renault,Renault KWIDRXT,2017,"41,654kms",Petrol,Manual,₹2.22 Lakh,delhi-ncr
MG,MG HectorSmart DCT,2019,"32,506kms",Petrol,Automatic,₹8.61 Lakh,delhi-ncr
Maruti,Maruti Swift DzireVXI,2014,"46,549kms",Petrol,Manual,₹2.20 Lakh,delhi-ncr
Hyundai,Hyundai Grand i10AT Asta,2015,"27,338kms",Petrol,Automatic,₹2.84 Lakh,delhi-ncr
Toyota,Toyota EtiosG,2015,"65,292kms",Petrol,Manual,₹2.26 Lakh,delhi-ncr
Maruti,Maruti Wagon RVXI BS IV,2018,"37,968kms",Petrol,Manual,₹2.80 Lakh,delhi-ncr
Honda,Honda AmazeS i-VTEC,2015,"81,491kms",Petrol,Manual,₹2.76 Lakh,delhi-ncr
Honda,Honda AmazeS i-VTEC,2014,"39,753kms",Petrol,Manual,₹3 Lakh,delhi-ncr
Hyundai,Hyundai i10Magna 1.1L,2014,"38,066kms",Petrol,Manual,₹1.80 Lakh,delhi-ncr
Toyota,Toyota EtiosG,2014,"59,486kms",Petrol,Manual,₹2.24 Lakh,delhi-ncr
Honda,Honda AmazeS i-Vtech,2015,"68,267kms",Petrol,Manual,₹2.21 Lakh,delhi-ncr
Hyundai,Hyundai Grand i101.2 Kappa Magna BSIV,2018,"72,057kms",Petrol,Manual,₹2.98 Lakh,delhi-ncr
Maruti,Maruti Wagon RCNG LXI,2014,"80,321kms",CNG,Manual,₹2.44 Lakh,delhi-ncr
Maruti,Maruti Alto 800LXi,2015,"1,03,493kms",Petrol,Manual,₹2.02 Lakh,delhi-ncr
Maruti,Maruti Swift DzireVXI,2014,"49,364kms",Petrol,Manual,₹2.45 Lakh,delhi-ncr
Maruti,Maruti Wagon RAMT VXI,2018,"22,259kms",Petrol,Automatic,₹2.58 Lakh,delhi-ncr
Hyundai,Hyundai Xcent1.2 Kappa S Option,2014,"97,811kms",Petrol,Manual,₹2.26 Lakh,delhi-ncr
Honda,Honda AmazeS i-Vtech,2014,"55,014kms",Petrol,Manual,₹2.32 Lakh,delhi-ncr
Honda,Honda AmazeS i-Vtech,2015,"74,730kms",Petrol,Manual,₹2.59 Lakh,delhi-ncr
Tata,Tata Tiago1.05 Revotorq XZ,2016,"77,558kms",Diesel,Manual,₹2.60 Lakh,delhi-ncr
Renault,Renault KWIDRXT,2017,"41,654kms",Petrol,Manual,₹2.22 Lakh,delhi-ncr
MG,MG HectorSmart DCT,2019,"32,506kms",Petrol,Automatic,₹8.61 Lakh,delhi-ncr
Maruti,Maruti Swift DzireVXI,2014,"46,549kms",Petrol,Manual,₹2.20 Lakh,delhi-ncr
Honda,Honda AmazeSX i-VTEC,2016,"75,014kms",Petrol,Manual,₹2.83 Lakh,delhi-ncr
Renault,Renault KWIDRXL,2017,"29,313kms",Petrol,Manual,₹2.06 Lakh,delhi-ncr
Maruti,Maruti Wagon RVXI BS IV,2018,"37,968kms",Petrol,Manual,₹2.80 Lakh,delhi-ncr
Honda,Honda AmazeS i-VTEC,2015,"81,491kms",Petrol,Manual,₹2.76 Lakh,delhi-ncr
Honda,Honda AmazeS i-VTEC,2014,"39,753kms",Petrol,Manual,₹3 Lakh,delhi-ncr
Hyundai,Hyundai i10Magna 1.1L,2014,"38,066kms",Petrol,Manual,₹1.80 Lakh,delhi-ncr
Honda,Honda AmazeS i-Vtech,2015,"68,267kms",Petrol,Manual,₹2.21 Lakh,delhi-ncr
Hyundai,Hyundai Grand i101.2 Kappa Magna BSIV,2018,"72,057kms",Petrol,Manual,₹2.98 Lakh,delhi-ncr
Maruti,Maruti Wagon RCNG LXI,2014,"80,321kms",CNG,Manual,₹2.44 Lakh,delhi-ncr
Hyundai,Hyundai Xcent1.2 Kappa S Option,2014,"97,811kms",Petrol,Manual,₹2.26 Lakh,delhi-ncr
Honda,Honda AmazeS i-Vtech,2014,"55,014kms",Petrol,Manual,₹2.32 Lakh,delhi-ncr
Maruti,Maruti Swift DzireVXI,2014,"49,364kms",Petrol,Manual,₹2.45 Lakh,delhi-ncr
Maruti,Maruti Wagon RAMT VXI,2018,"22,259kms",Petrol,Automatic,₹2.58 Lakh,delhi-ncr
Maruti,Maruti Alto 800LXi,2015,"1,03,493kms",Petrol,Manual,₹2.02 Lakh,delhi-ncr
Toyota,Toyota EtiosG,2014,"59,486kms",Petrol,Manual,₹2.24 Lakh,delhi-ncr
Honda,Honda AmazeS i-Vtech,2015,"74,730kms",Petrol,Manual,₹2.59 Lakh,delhi-ncr
Tata,Tata Tiago1.05 Revotorq XZ,2016,"77,558kms",Diesel,Manual,₹2.60 Lakh,delhi-ncr
Renault,Renault KWIDRXT,2017,"41,654kms",Petrol,Manual,₹2.22 Lakh,delhi-ncr
MG,MG HectorSmart DCT,2019,"32,506kms",Petrol,Automatic,₹8.61 Lakh,delhi-ncr
Hyundai,Hyundai Grand i10AT Asta,2015,"27,338kms",Petrol,Automatic,₹2.84 Lakh,delhi-ncr
Maruti,Maruti Swift DzireVXI,2014,"46,549kms",Petrol,Manual,₹2.20 Lakh,delhi-ncr
Honda,Honda AmazeSX i-VTEC,2016,"75,014kms",Petrol,Manual,₹2.83 Lakh,delhi-ncr
Hyundai,Hyundai Grand i101.2 Kappa Asta,2015,"99,833kms",Petrol,Manual,₹2.94 Lakh,delhi-ncr
Maruti,Maruti Wagon RVXI BS IV,2018,"37,968kms",Petrol,Manual,₹2.80 Lakh,delhi-ncr
Honda,Honda AmazeS i-Vtech,2015,"68,267kms",Petrol,Manual,₹2.21 Lakh,delhi-ncr
Hyundai,Hyundai Grand i101.2 Kappa Magna BSIV,2018,"72,057kms",Petrol,Manual,₹2.98 Lakh,delhi-ncr
Maruti,Maruti Wagon RCNG LXI,2014,"80,321kms",CNG,Manual,₹2.44 Lakh,delhi-ncr
Honda,Honda AmazeS i-Vtech,2015,"74,730kms",Petrol,Manual,₹2.59 Lakh,delhi-ncr
Hyundai,Hyundai Xcent1.2 Kappa S Option,2014,"97,811kms",Petrol,Manual,₹2.26 Lakh,delhi-ncr
Honda,Honda AmazeS i-Vtech,2014,"55,014kms",Petrol,Manual,₹2.32 Lakh,delhi-ncr
Maruti,Maruti Swift DzireVXI,2014,"49,364kms",Petrol,Manual,₹2.45 Lakh,delhi-ncr
Maruti,Maruti Wagon RAMT VXI,2018,"22,259kms",Petrol,Automatic,₹2.58 Lakh,delhi-ncr
Maruti,Maruti Alto 800LXi,2015,"1,03,493kms",Petrol,Manual,₹2.02 Lakh,delhi-ncr
Honda,Honda AmazeS i-VTEC,2015,"81,491kms",Petrol,Manual,₹2.76 Lakh,delhi-ncr
Honda,Honda AmazeS i-VTEC,2014,"39,753kms",Petrol,Manual,₹3 Lakh,delhi-ncr
Hyundai,Hyundai i10Magna 1.1L,2014,"38,066kms",Petrol,Manual,₹1.80 Lakh,delhi-ncr
Tata,Tata Tiago1.05 Revotorq XZ,2016,"77,558kms",Diesel,Manual,₹2.60 Lakh,delhi-ncr
Renault,Renault KWIDRXT,2017,"41,654kms",Petrol,Manual,₹2.22 Lakh,delhi-ncr
MG,MG HectorSmart DCT,2019,"32,506kms",Petrol,Automatic,₹8.61 Lakh,delhi-ncr
Maruti,Maruti Swift DzireVXI,2014,"46,549kms",Petrol,Manual,₹2.20 Lakh,delhi-ncr
Hyundai,Hyundai Grand i10AT Asta,2015,"27,338kms",Petrol,Automatic,₹2.84 Lakh,delhi-ncr
Toyota,Toyota EtiosG,2015,"65,292kms",Petrol,Manual,₹2.26 Lakh,delhi-ncr
Maruti,Maruti Wagon RVXI BS IV,2018,"37,968kms",Petrol,Manual,₹2.80 Lakh,delhi-ncr
Honda,Honda AmazeS i-VTEC,2015,"81,491kms",Petrol,Manual,₹2.76 Lakh,delhi-ncr
Honda,Honda AmazeS i-VTEC,2014,"39,753kms",Petrol,Manual,₹3 Lakh,delhi-ncr
Hyundai,Hyundai i10Magna 1.1L,2014,"38,066kms",Petrol,Manual,₹1.80 Lakh,delhi-ncr
Honda,Honda AmazeS i-Vtech,2015,"68,267kms",Petrol,Manual,₹2.21 Lakh,delhi-ncr
Hyundai,Hyundai Grand i101.2 Kappa Magna BSIV,2018,"72,057kms",Petrol,Manual,₹2.98 Lakh,delhi-ncr
Maruti,Maruti Wagon RCNG LXI,2014,"80,321kms",CNG,Manual,₹2.44 Lakh,delhi-ncr
Hyundai,Hyundai Xcent1.2 Kappa S Option,2014,"97,811kms",Petrol,Manual,₹2.26 Lakh,delhi-ncr
Honda,Honda AmazeS i-Vtech,2014,"55,014kms",Petrol,Manual,₹2.32 Lakh,delhi-ncr
Maruti,Maruti Swift DzireVXI,2014,"49,364kms",Petrol,Manual,₹2.45 Lakh,delhi-ncr
Maruti,Maruti Wagon RAMT VXI,2018,"22,259kms",Petrol,Automatic,₹2.58 Lakh,delhi-ncr
Maruti,Maruti Alto 800LXi,2015,"1,03,493kms",Petrol,Manual,₹2.02 Lakh,delhi-ncr
Toyota,Toyota EtiosG,2014,"59,486kms",Petrol,Manual,₹2.24 Lakh,delhi-ncr
Honda,Honda AmazeS i-Vtech,2015,"74,730kms",Petrol,Manual,₹2.59 Lakh,delhi-ncr
Tata,Tata Tiago1.05 Revotorq XZ,2016,"77,558kms",Diesel,Manual,₹2.60 Lakh,delhi-ncr
Renault,Renault KWIDRXT,2017,"41,654kms",Petrol,Manual,₹2.22 Lakh,delhi-ncr
MG,MG HectorSmart DCT,2019,"32,506kms",Petrol,Automatic,₹8.61 Lakh,delhi-ncr
Hyundai,Hyundai Grand i10AT Asta,2015,"27,338kms",Petrol,Automatic,₹2.84 Lakh,delhi-ncr
Maruti,Maruti Swift DzireVXI,2014,"46,549kms",Petrol,Manual,₹2.20 Lakh,delhi-ncr
Honda,Honda AmazeSX i-VTEC,2016,"75,014kms",Petrol,Manual,₹2.83 Lakh,delhi-ncr
Hyundai,Hyundai Grand i101.2 Kappa Asta,2015,"99,833kms",Petrol,Manual,₹2.94 Lakh,delhi-ncr
Maruti,Maruti Wagon RVXI BS IV,2018,"37,968kms",Petrol,Manual,₹2.80 Lakh,delhi-ncr
Honda,Honda AmazeS i-Vtech,2015,"68,267kms",Petrol,Manual,₹2.21 Lakh,delhi-ncr
Hyundai,Hyundai Grand i101.2 Kappa Magna BSIV,2018,"72,057kms",Petrol,Manual,₹2.98 Lakh,delhi-ncr
Maruti,Maruti Wagon RCNG LXI,2014,"80,321kms",CNG,Manual,₹2.44 Lakh,delhi-ncr
Honda,Honda AmazeS i-Vtech,2015,"74,730kms",Petrol,Manual,₹2.59 Lakh,delhi-ncr
Hyundai,Hyundai Xcent1.2 Kappa S Option,2014,"97,811kms",Petrol,Manual,₹2.26 Lakh,delhi-ncr
Honda,Honda AmazeS i-Vtech,2014,"55,014kms",Petrol,Manual,₹2.32 Lakh,delhi-ncr
Maruti,Maruti Swift DzireVXI,2014,"49,364kms",Petrol,Manual,₹2.45 Lakh,delhi-ncr
Maruti,Maruti Wagon RAMT VXI,2018,"22,259kms",Petrol,Automatic,₹2.58 Lakh,delhi-ncr
Maruti,Maruti Alto 800LXi,2015,"1,03,493kms",Petrol,Manual,₹2.02 Lakh,delhi-ncr
Honda,Honda AmazeS i-VTEC,2015,"81,491kms",Petrol,Manual,₹2.76 Lakh,delhi-ncr
Honda,Honda AmazeS i-VTEC,2014,"39,753kms",Petrol,Manual,₹3 Lakh,delhi-ncr
Hyundai,Hyundai i10Magna 1.1L,2014,"38,066kms",Petrol,Manual,₹1.80 Lakh,delhi-ncr
Tata,Tata Tiago1.05 Revotorq XZ,2016,"77,558kms",Diesel,Manual,₹2.60 Lakh,delhi-ncr
Renault,Renault KWIDRXT,2017,"41,654kms",Petrol,Manual,₹2.22 Lakh,delhi-ncr
MG,MG HectorSmart DCT,2019,"32,506kms",Petrol,Automatic,₹8.61 Lakh,delhi-ncr
Maruti,Maruti Swift DzireVXI,2014,"46,549kms",Petrol,Manual,₹2.20 Lakh,delhi-ncr
Hyundai,Hyundai Grand i10AT Asta,2015,"27,338kms",Petrol,Automatic,₹2.84 Lakh,delhi-ncr
Toyota,Toyota EtiosG,2015,"65,292kms",Petrol,Manual,₹2.26 Lakh,delhi-ncr
Maruti,Maruti Wagon RVXI BS IV,2018,"37,968kms",Petrol,Manual,₹2.80 Lakh,delhi-ncr
Honda,Honda AmazeS i-VTEC,2015,"81,491kms",Petrol,Manual,₹2.76 Lakh,delhi-ncr
Honda,Honda AmazeS i-VTEC,2014,"39,753kms",Petrol,Manual,₹3 Lakh,delhi-ncr
Hyundai,Hyundai i10Magna 1.1L,2014,"38,066kms",Petrol,Manual,₹1.80 Lakh,delhi-ncr
Toyota,Toyota EtiosG,2014,"59,486kms",Petrol,Manual,₹2.24 Lakh,delhi-ncr
Honda,Honda AmazeS i-Vtech,2015,"68,267kms",Petrol,Manual,₹2.21 Lakh,delhi-ncr
Hyundai,Hyundai Grand i101.2 Kappa Magna BSIV,2018,"72,057kms",Petrol,Manual,₹2.98 Lakh,delhi-ncr
Maruti,Maruti Wagon RCNG LXI,2014,"80,321kms",CNG,Manual,₹2.44 Lakh,delhi-ncr
Maruti,Maruti Alto 800LXi,2015,"1,03,493kms",Petrol,Manual,₹2.02 Lakh,delhi-ncr
Maruti,Maruti Swift DzireVXI,2014,"49,364kms",Petrol,Manual,₹2.45 Lakh,delhi-ncr
Maruti,Maruti Wagon RAMT VXI,2018,"22,259kms",Petrol,Automatic,₹2.58 Lakh,delhi-ncr
Hyundai,Hyundai Xcent1.2 Kappa S Option,2014,"97,811kms",Petrol,Manual,₹2.26 Lakh,delhi-ncr
Honda,Honda AmazeS i-Vtech,2014,"55,014kms",Petrol,Manual,₹2.32 Lakh,delhi-ncr
Honda,Honda AmazeS i-Vtech,2015,"74,730kms",Petrol,Manual,₹2.59 Lakh,delhi-ncr
Tata,Tata Tiago1.05 Revotorq XZ,2016,"77,558kms",Diesel,Manual,₹2.60 Lakh,delhi-ncr
Renault,Renault KWIDRXT,2017,"41,654kms",Petrol,Manual,₹2.22 Lakh,delhi-ncr
MG,MG HectorSmart DCT,2019,"32,506kms",Petrol,Automatic,₹8.61 Lakh,delhi-ncr
Maruti,Maruti Swift DzireVXI,2014,"46,549kms",Petrol,Manual,₹2.20 Lakh,delhi-ncr
Honda,Honda AmazeSX i-VTEC,2016,"75,014kms",Petrol,Manual,₹2.83 Lakh,delhi-ncr
Renault,Renault KWIDRXL,2017,"29,313kms",Petrol,Manual,₹2.06 Lakh,delhi-ncr
Maruti,Maruti Wagon RVXI BS IV,2018,"37,968kms",Petrol,Manual,₹2.80 Lakh,delhi-ncr
Honda,Honda AmazeS i-VTEC,2015,"81,491kms",Petrol,Manual,₹2.76 Lakh,delhi-ncr
Honda,Honda AmazeS i-VTEC,2014,"39,753kms",Petrol,Manual,₹3 Lakh,delhi-ncr
Hyundai,Hyundai i10Magna 1.1L,2014,"38,066kms",Petrol,Manual,₹1.80 Lakh,delhi-ncr
Toyota,Toyota EtiosG,2014,"59,486kms",Petrol,Manual,₹2.24 Lakh,delhi-ncr
Honda,Honda AmazeS i-Vtech,2015,"68,267kms",Petrol,Manual,₹2.21 Lakh,delhi-ncr
Hyundai,Hyundai Grand i101.2 Kappa Magna BSIV,2018,"72,057kms",Petrol,Manual,₹2.98 Lakh,delhi-ncr
Maruti,Maruti Wagon RCNG LXI,2014,"80,321kms",CNG,Manual,₹2.44 Lakh,delhi-ncr
Maruti,Maruti Alto 800LXi,2015,"1,03,493kms",Petrol,Manual,₹2.02 Lakh,delhi-ncr
Maruti,Maruti Swift DzireVXI,2014,"49,364kms",Petrol,Manual,₹2.45 Lakh,delhi-ncr
Maruti,Maruti Wagon RAMT VXI,2018,"22,259kms",Petrol,Automatic,₹2.58 Lakh,delhi-ncr
Hyundai,Hyundai Xcent1.2 Kappa S Option,2014,"97,811kms",Petrol,Manual,₹2.26 Lakh,delhi-ncr
Honda,Honda AmazeS i-Vtech,2014,"55,014kms",Petrol,Manual,₹2.32 Lakh,delhi-ncr
Honda,Honda AmazeS i-Vtech,2015,"74,730kms",Petrol,Manual,₹2.59 Lakh,delhi-ncr
Tata,Tata Tiago1.05 Revotorq XZ,2016,"77,558kms",Diesel,Manual,₹2.60 Lakh,delhi-ncr
Renault,Renault KWIDRXT,2017,"41,654kms",Petrol,Manual,₹2.22 Lakh,delhi-ncr
MG,MG HectorSmart DCT,2019,"32,506kms",Petrol,Automatic,₹8.61 Lakh,delhi-ncr
Maruti,Maruti Swift DzireVXI,2014,"46,549kms",Petrol,Manual,₹2.20 Lakh,delhi-ncr
Honda,Honda AmazeSX i-VTEC,2016,"75,014kms",Petrol,Manual,₹2.83 Lakh,delhi-ncr
Renault,Renault KWIDRXL,2017,"29,313kms",Petrol,Manual,₹2.06 Lakh,delhi-ncr
Hyundai,Hyundai Grand i101.2 Kappa Asta,2015,"99,833kms",Petrol,Manual,₹2.94 Lakh,delhi-ncr
Maruti,Maruti Wagon RVXI BS IV,2018,"37,968kms",Petrol,Manual,₹2.80 Lakh,delhi-ncr
Honda,Honda AmazeS i-Vtech,2015,"68,267kms",Petrol,Manual,₹2.21 Lakh,delhi-ncr
Hyundai,Hyundai Grand i101.2 Kappa Magna BSIV,2018,"72,057kms",Petrol,Manual,₹2.98 Lakh,delhi-ncr
Maruti,Maruti Wagon RCNG LXI,2014,"80,321kms",CNG,Manual,₹2.44 Lakh,delhi-ncr
Honda,Honda AmazeS i-Vtech,2015,"74,730kms",Petrol,Manual,₹2.59 Lakh,delhi-ncr
Hyundai,Hyundai Xcent1.2 Kappa S Option,2014,"97,811kms",Petrol,Manual,₹2.26 Lakh,delhi-ncr
Honda,Honda AmazeS i-Vtech,2014,"55,014kms",Petrol,Manual,₹2.32 Lakh,delhi-ncr
Maruti,Maruti Swift DzireVXI,2014,"49,364kms",Petrol,Manual,₹2.45 Lakh,delhi-ncr
Maruti,Maruti Wagon RAMT VXI,2018,"22,259kms",Petrol,Automatic,₹2.58 Lakh,delhi-ncr
Maruti,Maruti Alto 800LXi,2015,"1,03,493kms",Petrol,Manual,₹2.02 Lakh,delhi-ncr
Honda,Honda AmazeS i-VTEC,2015,"81,491kms",Petrol,Manual,₹2.76 Lakh,delhi-ncr
Honda,Honda AmazeS i-VTEC,2014,"39,753kms",Petrol,Manual,₹3 Lakh,delhi-ncr
Hyundai,Hyundai i10Magna 1.1L,2014,"38,066kms",Petrol,Manual,₹1.80 Lakh,delhi-ncr
Tata,Tata Tiago1.05 Revotorq XZ,2016,"77,558kms",Diesel,Manual,₹2.60 Lakh,delhi-ncr
Renault,Renault KWIDRXT,2017,"41,654kms",Petrol,Manual,₹2.22 Lakh,delhi-ncr
MG,MG HectorSmart DCT,2019,"32,506kms",Petrol,Automatic,₹8.61 Lakh,delhi-ncr
Maruti,Maruti Swift DzireVXI,2014,"46,549kms",Petrol,Manual,₹2.20 Lakh,delhi-ncr
Hyundai,Hyundai Grand i10AT Asta,2015,"27,338kms",Petrol,Automatic,₹2.84 Lakh,delhi-ncr
Toyota,Toyota EtiosG,2015,"65,292kms",Petrol,Manual,₹2.26 Lakh,delhi-ncr
Hyundai,Hyundai Grand i101.2 Kappa Asta,2015,"99,833kms",Petrol,Manual,₹2.94 Lakh,delhi-ncr
Maruti,Maruti Wagon RVXI BS IV,2018,"37,968kms",Petrol,Manual,₹2.80 Lakh,delhi-ncr
Honda,Honda AmazeS i-Vtech,2015,"68,267kms",Petrol,Manual,₹2.21 Lakh,delhi-ncr
Hyundai,Hyundai Grand i101.2 Kappa Magna BSIV,2018,"72,057kms",Petrol,Manual,₹2.98 Lakh,delhi-ncr
Maruti,Maruti Wagon RCNG LXI,2014,"80,321kms",CNG,Manual,₹2.44 Lakh,delhi-ncr
Honda,Honda AmazeS i-Vtech,2015,"74,730kms",Petrol,Manual,₹2.59 Lakh,delhi-ncr
Hyundai,Hyundai Xcent1.2 Kappa S Option,2014,"97,811kms",Petrol,Manual,₹2.26 Lakh,delhi-ncr
Honda,Honda AmazeS i-Vtech,2014,"55,014kms",Petrol,Manual,₹2.32 Lakh,delhi-ncr
Maruti,Maruti Swift DzireVXI,2014,"49,364kms",Petrol,Manual,₹2.45 Lakh,delhi-ncr
Maruti,Maruti Wagon RAMT VXI,2018,"22,259kms",Petrol,Automatic,₹2.58 Lakh,delhi-ncr
Maruti,Maruti Alto 800LXi,2015,"1,03,493kms",Petrol,Manual,₹2.02 Lakh,delhi-ncr
Honda,Honda AmazeS i-VTEC,2015,"81,491kms",Petrol,Manual,₹2.76 Lakh,delhi-ncr
Honda,Honda AmazeS i-VTEC,2014,"39,753kms",Petrol,Manual,₹3 Lakh,delhi-ncr
Hyundai,Hyundai i10Magna 1.1L,2014,"38,066kms",Petrol,Manual,₹1.80 Lakh,delhi-ncr
Tata,Tata Tiago1.05 Revotorq XZ,2016,"77,558kms",Diesel,Manual,₹2.60 Lakh,delhi-ncr
Renault,Renault KWIDRXT,2017,"41,654kms",Petrol,Manual,₹2.22 Lakh,delhi-ncr
MG,MG HectorSmart DCT,2019,"32,506kms",Petrol,Automatic,₹8.61 Lakh,delhi-ncr
Maruti,Maruti Swift DzireVXI,2014,"46,549kms",Petrol,Manual,₹2.20 Lakh,delhi-ncr
Hyundai,Hyundai Grand i10AT Asta,2015,"27,338kms",Petrol,Automatic,₹2.84 Lakh,delhi-ncr
Toyota,Toyota EtiosG,2015,"65,292kms",Petrol,Manual,₹2.26 Lakh,delhi-ncr
Maruti,Maruti Wagon RVXI BS IV,2018,"37,968kms",Petrol,Manual,₹2.80 Lakh,delhi-ncr
Honda,Honda AmazeS i-VTEC,2015,"81,491kms",Petrol,Manual,₹2.76 Lakh,delhi-ncr
Honda,Honda AmazeS i-VTEC,2014,"39,753kms",Petrol,Manual,₹3 Lakh,delhi-ncr
Hyundai,Hyundai i10Magna 1.1L,2014,"38,066kms",Petrol,Manual,₹1.80 Lakh,delhi-ncr
Toyota,Toyota EtiosG,2014,"59,486kms",Petrol,Manual,₹2.24 Lakh,delhi-ncr
Honda,Honda AmazeS i-Vtech,2015,"68,267kms",Petrol,Manual,₹2.21 Lakh,delhi-ncr
Hyundai,Hyundai Grand i101.2 Kappa Magna BSIV,2018,"72,057kms",Petrol,Manual,₹2.98 Lakh,delhi-ncr
Maruti,Maruti Wagon RCNG LXI,2014,"80,321kms",CNG,Manual,₹2.44 Lakh,delhi-ncr
Maruti,Maruti Alto 800LXi,2015,"1,03,493kms",Petrol,Manual,₹2.02 Lakh,delhi-ncr
Maruti,Maruti Swift DzireVXI,2014,"49,364kms",Petrol,Manual,₹2.45 Lakh,delhi-ncr
Maruti,Maruti Wagon RAMT VXI,2018,"22,259kms",Petrol,Automatic,₹2.58 Lakh,delhi-ncr
Hyundai,Hyundai Xcent1.2 Kappa S Option,2014,"97,811kms",Petrol,Manual,₹2.26 Lakh,delhi-ncr
Honda,Honda AmazeS i-Vtech,2014,"55,014kms",Petrol,Manual,₹2.32 Lakh,delhi-ncr
Honda,Honda AmazeS i-Vtech,2015,"74,730kms",Petrol,Manual,₹2.59 Lakh,delhi-ncr
Tata,Tata Tiago1.05 Revotorq XZ,2016,"77,558kms",Diesel,Manual,₹2.60 Lakh,delhi-ncr
Renault,Renault KWIDRXT,2017,"41,654kms",Petrol,Manual,₹2.22 Lakh,delhi-ncr
MG,MG HectorSmart DCT,2019,"32,506kms",Petrol,Automatic,₹8.61 Lakh,delhi-ncr
Maruti,Maruti Swift DzireVXI,2014,"46,549kms",Petrol,Manual,₹2.20 Lakh,delhi-ncr
Honda,Honda AmazeSX i-VTEC,2016,"75,014kms",Petrol,Manual,₹2.83 Lakh,delhi-ncr
Renault,Renault KWIDRXL,2017,"29,313kms",Petrol,Manual,₹2.06 Lakh,delhi-ncr
Maruti,Maruti Wagon RVXI BS IV,2018,"37,968kms",Petrol,Manual,₹2.80 Lakh,delhi-ncr
Honda,Honda AmazeS i-VTEC,2015,"81,491kms",Petrol,Manual,₹2.76 Lakh,delhi-ncr
Honda,Honda AmazeS i-VTEC,2014,"39,753kms",Petrol,Manual,₹3 Lakh,delhi-ncr
Hyundai,Hyundai i10Magna 1.1L,2014,"38,066kms",Petrol,Manual,₹1.80 Lakh,delhi-ncr
Honda,Honda AmazeS i-Vtech,2015,"68,267kms",Petrol,Manual,₹2.21 Lakh,delhi-ncr
Hyundai,Hyundai Grand i101.2 Kappa Magna BSIV,2018,"72,057kms",Petrol,Manual,₹2.98 Lakh,delhi-ncr
Maruti,Maruti Wagon RCNG LXI,2014,"80,321kms",CNG,Manual,₹2.44 Lakh,delhi-ncr
Hyundai,Hyundai Xcent1.2 Kappa S Option,2014,"97,811kms",Petrol,Manual,₹2.26 Lakh,delhi-ncr
Honda,Honda AmazeS i-Vtech,2014,"55,014kms",Petrol,Manual,₹2.32 Lakh,delhi-ncr
Maruti,Maruti Swift DzireVXI,2014,"49,364kms",Petrol,Manual,₹2.45 Lakh,delhi-ncr
Maruti,Maruti Wagon RAMT VXI,2018,"22,259kms",Petrol,Automatic,₹2.58 Lakh,delhi-ncr
Maruti,Maruti Alto 800LXi,2015,"1,03,493kms",Petrol,Manual,₹2.02 Lakh,delhi-ncr
Toyota,Toyota EtiosG,2014,"59,486kms",Petrol,Manual,₹2.24 Lakh,delhi-ncr
Honda,Honda AmazeS i-Vtech,2015,"74,730kms",Petrol,Manual,₹2.59 Lakh,delhi-ncr
Tata,Tata Tiago1.05 Revotorq XZ,2016,"77,558kms",Diesel,Manual,₹2.60 Lakh,delhi-ncr
Renault,Renault KWIDRXT,2017,"41,654kms",Petrol,Manual,₹2.22 Lakh,delhi-ncr
MG,MG HectorSmart DCT,2019,"32,506kms",Petrol,Automatic,₹8.61 Lakh,delhi-ncr
Hyundai,Hyundai Grand i10AT Asta,2015,"27,338kms",Petrol,Automatic,₹2.84 Lakh,delhi-ncr
Maruti,Maruti Swift DzireVXI,2014,"46,549kms",Petrol,Manual,₹2.20 Lakh,delhi-ncr
Honda,Honda AmazeSX i-VTEC,2016,"75,014kms",Petrol,Manual,₹2.83 Lakh,delhi-ncr
Hyundai,Hyundai Grand i101.2 Kappa Asta,2015,"99,833kms",Petrol,Manual,₹2.94 Lakh,delhi-ncr
Maruti,Maruti Wagon RVXI BS IV,2018,"37,968kms",Petrol,Manual,₹2.80 Lakh,delhi-ncr
Honda,Honda AmazeS i-Vtech,2015,"68,267kms",Petrol,Manual,₹2.21 Lakh,delhi-ncr
Hyundai,Hyundai Grand i101.2 Kappa Magna BSIV,2018,"72,057kms",Petrol,Manual,₹2.98 Lakh,delhi-ncr
Maruti,Maruti Wagon RCNG LXI,2014,"80,321kms",CNG,Manual,₹2.44 Lakh,delhi-ncr
Honda,Honda AmazeS i-Vtech,2015,"74,730kms",Petrol,Manual,₹2.59 Lakh,delhi-ncr
Hyundai,Hyundai Xcent1.2 Kappa S Option,2014,"97,811kms",Petrol,Manual,₹2.26 Lakh,delhi-ncr
Honda,Honda AmazeS i-Vtech,2014,"55,014kms",Petrol,Manual,₹2.32 Lakh,delhi-ncr
Maruti,Maruti Swift DzireVXI,2014,"49,364kms",Petrol,Manual,₹2.45 Lakh,delhi-ncr
Maruti,Maruti Wagon RAMT VXI,2018,"22,259kms",Petrol,Automatic,₹2.58 Lakh,delhi-ncr
Maruti,Maruti Alto 800LXi,2015,"1,03,493kms",Petrol,Manual,₹2.02 Lakh,delhi-ncr
Honda,Honda AmazeS i-VTEC,2015,"81,491kms",Petrol,Manual,₹2.76 Lakh,delhi-ncr
Honda,Honda AmazeS i-VTEC,2014,"39,753kms",Petrol,Manual,₹3 Lakh,delhi-ncr
Hyundai,Hyundai i10Magna 1.1L,2014,"38,066kms",Petrol,Manual,₹1.80 Lakh,delhi-ncr
Tata,Tata Tiago1.05 Revotorq XZ,2016,"77,558kms",Diesel,Manual,₹2.60 Lakh,delhi-ncr
Renault,Renault KWIDRXT,2017,"41,654kms",Petrol,Manual,₹2.22 Lakh,delhi-ncr
MG,MG HectorSmart DCT,2019,"32,506kms",Petrol,Automatic,₹8.61 Lakh,delhi-ncr
Maruti,Maruti Swift DzireVXI,2014,"46,549kms",Petrol,Manual,₹2.20 Lakh,delhi-ncr
Hyundai,Hyundai Grand i10AT Asta,2015,"27,338kms",Petrol,Automatic,₹2.84 Lakh,delhi-ncr
Toyota,Toyota EtiosG,2015,"65,292kms",Petrol,Manual,₹2.26 Lakh,delhi-ncr
Maruti,Maruti Wagon RVXI BS IV,2018,"37,968kms",Petrol,Manual,₹2.80 Lakh,delhi-ncr
Honda,Honda AmazeS i-VTEC,2015,"81,491kms",Petrol,Manual,₹2.76 Lakh,delhi-ncr
Honda,Honda AmazeS i-VTEC,2014,"39,753kms",Petrol,Manual,₹3 Lakh,delhi-ncr
Hyundai,Hyundai i10Magna 1.1L,2014,"38,066kms",Petrol,Manual,₹1.80 Lakh,delhi-ncr
Toyota,Toyota EtiosG,2014,"59,486kms",Petrol,Manual,₹2.24 Lakh,delhi-ncr
Honda,Honda AmazeS i-Vtech,2015,"68,267kms",Petrol,Manual,₹2.21 Lakh,delhi-ncr
Hyundai,Hyundai Grand i101.2 Kappa Magna BSIV,2018,"72,057kms",Petrol,Manual,₹2.98 Lakh,delhi-ncr
Maruti,Maruti Wagon RCNG LXI,2014,"80,321kms",CNG,Manual,₹2.44 Lakh,delhi-ncr
Maruti,Maruti Alto 800LXi,2015,"1,03,493kms",Petrol,Manual,₹2.02 Lakh,delhi-ncr
Maruti,Maruti Swift DzireVXI,2014,"49,364kms",Petrol,Manual,₹2.45 Lakh,delhi-ncr
Maruti,Maruti Wagon RAMT VXI,2018,"22,259kms",Petrol,Automatic,₹2.58 Lakh,delhi-ncr
Hyundai,Hyundai Xcent1.2 Kappa S Option,2014,"97,811kms",Petrol,Manual,₹2.26 Lakh,delhi-ncr
Honda,Honda AmazeS i-Vtech,2014,"55,014kms",Petrol,Manual,₹2.32 Lakh,delhi-ncr
Honda,Honda AmazeS i-Vtech,2015,"74,730kms",Petrol,Manual,₹2.59 Lakh,delhi-ncr
Tata,Tata Tiago1.05 Revotorq XZ,2016,"77,558kms",Diesel,Manual,₹2.60 Lakh,delhi-ncr
Renault,Renault KWIDRXT,2017,"41,654kms",Petrol,Manual,₹2.22 Lakh,delhi-ncr
MG,MG HectorSmart DCT,2019,"32,506kms",Petrol,Automatic,₹8.61 Lakh,delhi-ncr
Maruti,Maruti Swift DzireVXI,2014,"46,549kms",Petrol,Manual,₹2.20 Lakh,delhi-ncr
Honda,Honda AmazeSX i-VTEC,2016,"75,014kms",Petrol,Manual,₹2.83 Lakh,delhi-ncr
Renault,Renault KWIDRXL,2017,"29,313kms",Petrol,Manual,₹2.06 Lakh,delhi-ncr
Maruti,Maruti Wagon RVXI BS IV,2018,"37,968kms",Petrol,Manual,₹2.80 Lakh,delhi-ncr
Honda,Honda AmazeS i-VTEC,2015,"81,491kms",Petrol,Manual,₹2.76 Lakh,delhi-ncr
Honda,Honda AmazeS i-VTEC,2014,"39,753kms",Petrol,Manual,₹3 Lakh,delhi-ncr
Hyundai,Hyundai i10Magna 1.1L,2014,"38,066kms",Petrol,Manual,₹1.80 Lakh,delhi-ncr
Honda,Honda AmazeS i-Vtech,2015,"68,267kms",Petrol,Manual,₹2.21 Lakh,delhi-ncr
Hyundai,Hyundai Grand i101.2 Kappa Magna BSIV,2018,"72,057kms",Petrol,Manual,₹2.98 Lakh,delhi-ncr
Maruti,Maruti Wagon RCNG LXI,2014,"80,321kms",CNG,Manual,₹2.44 Lakh,delhi-ncr
Hyundai,Hyundai Xcent1.2 Kappa S Option,2014,"97,811kms",Petrol,Manual,₹2.26 Lakh,delhi-ncr
Honda,Honda AmazeS i-Vtech,2014,"55,014kms",Petrol,Manual,₹2.32 Lakh,delhi-ncr
Maruti,Maruti Swift DzireVXI,2014,"49,364kms",Petrol,Manual,₹2.45 Lakh,delhi-ncr
Maruti,Maruti Wagon RAMT VXI,2018,"22,259kms",Petrol,Automatic,₹2.58 Lakh,delhi-ncr
Maruti,Maruti Alto 800LXi,2015,"1,03,493kms",Petrol,Manual,₹2.02 Lakh,delhi-ncr
Toyota,Toyota EtiosG,2014,"59,486kms",Petrol,Manual,₹2.24 Lakh,delhi-ncr
Honda,Honda AmazeS i-Vtech,2015,"74,730kms",Petrol,Manual,₹2.59 Lakh,delhi-ncr
Tata,Tata Tiago1.05 Revotorq XZ,2016,"77,558kms",Diesel,Manual,₹2.60 Lakh,delhi-ncr
Renault,Renault KWIDRXT,2017,"41,654kms",Petrol,Manual,₹2.22 Lakh,delhi-ncr
MG,MG HectorSmart DCT,2019,"32,506kms",Petrol,Automatic,₹8.61 Lakh,delhi-ncr
Hyundai,Hyundai Grand i10AT Asta,2015,"27,338kms",Petrol,Automatic,₹2.84 Lakh,delhi-ncr
Maruti,Maruti Swift DzireVXI,2014,"46,549kms",Petrol,Manual,₹2.20 Lakh,delhi-ncr
Honda,Honda AmazeSX i-VTEC,2016,"75,014kms",Petrol,Manual,₹2.83 Lakh,delhi-ncr
Maruti,Maruti Wagon RVXI BS IV,2018,"37,968kms",Petrol,Manual,₹2.80 Lakh,delhi-ncr
Honda,Honda AmazeS i-VTEC,2015,"81,491kms",Petrol,Manual,₹2.76 Lakh,delhi-ncr
Honda,Honda AmazeS i-VTEC,2014,"39,753kms",Petrol,Manual,₹3 Lakh,delhi-ncr
Hyundai,Hyundai i10Magna 1.1L,2014,"38,066kms",Petrol,Manual,₹1.80 Lakh,delhi-ncr
Toyota,Toyota EtiosG,2014,"59,486kms",Petrol,Manual,₹2.24 Lakh,delhi-ncr
Honda,Honda AmazeS i-Vtech,2015,"68,267kms",Petrol,Manual,₹2.21 Lakh,delhi-ncr
Hyundai,Hyundai Grand i101.2 Kappa Magna BSIV,2018,"72,057kms",Petrol,Manual,₹2.98 Lakh,delhi-ncr
Maruti,Maruti Wagon RCNG LXI,2014,"80,321kms",CNG,Manual,₹2.44 Lakh,delhi-ncr
Maruti,Maruti Alto 800LXi,2015,"1,03,493kms",Petrol,Manual,₹2.02 Lakh,delhi-ncr
Maruti,Maruti Swift DzireVXI,2014,"49,364kms",Petrol,Manual,₹2.45 Lakh,delhi-ncr
Maruti,Maruti Wagon RAMT VXI,2018,"22,259kms",Petrol,Automatic,₹2.58 Lakh,delhi-ncr
Hyundai,Hyundai Xcent1.2 Kappa S Option,2014,"97,811kms",Petrol,Manual,₹2.26 Lakh,delhi-ncr
Honda,Honda AmazeS i-Vtech,2014,"55,014kms",Petrol,Manual,₹2.32 Lakh,delhi-ncr
Honda,Honda AmazeS i-Vtech,2015,"74,730kms",Petrol,Manual,₹2.59 Lakh,delhi-ncr
Tata,Tata Tiago1.05 Revotorq XZ,2016,"77,558kms",Diesel,Manual,₹2.60 Lakh,delhi-ncr
Renault,Renault KWIDRXT,2017,"41,654kms",Petrol,Manual,₹2.22 Lakh,delhi-ncr
MG,MG HectorSmart DCT,2019,"32,506kms",Petrol,Automatic,₹8.61 Lakh,delhi-ncr
Maruti,Maruti Swift DzireVXI,2014,"46,549kms",Petrol,Manual,₹2.20 Lakh,delhi-ncr
Honda,Honda AmazeSX i-VTEC,2016,"75,014kms",Petrol,Manual,₹2.83 Lakh,delhi-ncr
Renault,Renault KWIDRXL,2017,"29,313kms",Petrol,Manual,₹2.06 Lakh,delhi-ncr
Hyundai,Hyundai Grand i101.2 Kappa Asta,2015,"99,833kms",Petrol,Manual,₹2.94 Lakh,delhi-ncr
Maruti,Maruti Wagon RVXI BS IV,2018,"37,968kms",Petrol,Manual,₹2.80 Lakh,delhi-ncr
Honda,Honda AmazeS i-Vtech,2015,"68,267kms",Petrol,Manual,₹2.21 Lakh,delhi-ncr
Hyundai,Hyundai Grand i101.2 Kappa Magna BSIV,2018,"72,057kms",Petrol,Manual,₹2.98 Lakh,delhi-ncr
Maruti,Maruti Wagon RCNG LXI,2014,"80,321kms",CNG,Manual,₹2.44 Lakh,delhi-ncr
Honda,Honda AmazeS i-Vtech,2015,"74,730kms",Petrol,Manual,₹2.59 Lakh,delhi-ncr
Hyundai,Hyundai Xcent1.2 Kappa S Option,2014,"97,811kms",Petrol,Manual,₹2.26 Lakh,delhi-ncr
Honda,Honda AmazeS i-Vtech,2014,"55,014kms",Petrol,Manual,₹2.32 Lakh,delhi-ncr
Maruti,Maruti Swift DzireVXI,2014,"49,364kms",Petrol,Manual,₹2.45 Lakh,delhi-ncr
Maruti,Maruti Wagon RAMT VXI,2018,"22,259kms",Petrol,Automatic,₹2.58 Lakh,delhi-ncr
Maruti,Maruti Alto 800LXi,2015,"1,03,493kms",Petrol,Manual,₹2.02 Lakh,delhi-ncr
Honda,Honda AmazeS i-VTEC,2015,"81,491kms",Petrol,Manual,₹2.76 Lakh,delhi-ncr
Honda,Honda AmazeS i-VTEC,2014,"39,753kms",Petrol,Manual,₹3 Lakh,delhi-ncr
Hyundai,Hyundai i10Magna 1.1L,2014,"38,066kms",Petrol,Manual,₹1.80 Lakh,delhi-ncr
Tata,Tata Tiago1.05 Revotorq XZ,2016,"77,558kms",Diesel,Manual,₹2.60 Lakh,delhi-ncr
Renault,Renault KWIDRXT,2017,"41,654kms",Petrol,Manual,₹2.22 Lakh,delhi-ncr
MG,MG HectorSmart DCT,2019,"32,506kms",Petrol,Automatic,₹8.61 Lakh,delhi-ncr
Maruti,Maruti Swift DzireVXI,2014,"46,549kms",Petrol,Manual,₹2.20 Lakh,delhi-ncr
Hyundai,Hyundai Grand i10AT Asta,2015,"27,338kms",Petrol,Automatic,₹2.84 Lakh,delhi-ncr
Toyota,Toyota EtiosG,2015,"65,292kms",Petrol,Manual,₹2.26 Lakh,delhi-ncr
Maruti,Maruti Wagon RVXI BS IV,2018,"37,968kms",Petrol,Manual,₹2.80 Lakh,delhi-ncr
Honda,Honda AmazeS i-VTEC,2015,"81,491kms",Petrol,Manual,₹2.76 Lakh,delhi-ncr
Honda,Honda AmazeS i-VTEC,2014,"39,753kms",Petrol,Manual,₹3 Lakh,delhi-ncr
Hyundai,Hyundai i10Magna 1.1L,2014,"38,066kms",Petrol,Manual,₹1.80 Lakh,delhi-ncr
Toyota,Toyota EtiosG,2014,"59,486kms",Petrol,Manual,₹2.24 Lakh,delhi-ncr
Honda,Honda AmazeS i-Vtech,2015,"68,267kms",Petrol,Manual,₹2.21 Lakh,delhi-ncr
Hyundai,Hyundai Grand i101.2 Kappa Magna BSIV,2018,"72,057kms",Petrol,Manual,₹2.98 Lakh,delhi-ncr
Maruti,Maruti Wagon RCNG LXI,2014,"80,321kms",CNG,Manual,₹2.44 Lakh,delhi-ncr
Maruti,Maruti Alto 800LXi,2015,"1,03,493kms",Petrol,Manual,₹2.02 Lakh,delhi-ncr
Maruti,Maruti Swift DzireVXI,2014,"49,364kms",Petrol,Manual,₹2.45 Lakh,delhi-ncr
Maruti,Maruti Wagon RAMT VXI,2018,"22,259kms",Petrol,Automatic,₹2.58 Lakh,delhi-ncr
Hyundai,Hyundai Xcent1.2 Kappa S Option,2014,"97,811kms",Petrol,Manual,₹2.26 Lakh,delhi-ncr
Honda,Honda AmazeS i-Vtech,2014,"55,014kms",Petrol,Manual,₹2.32 Lakh,delhi-ncr
Honda,Honda AmazeS i-Vtech,2015,"74,730kms",Petrol,Manual,₹2.59 Lakh,delhi-ncr
Tata,Tata Tiago1.05 Revotorq XZ,2016,"77,558kms",Diesel,Manual,₹2.60 Lakh,delhi-ncr
Renault,Renault KWIDRXT,2017,"41,654kms",Petrol,Manual,₹2.22 Lakh,delhi-ncr
MG,MG HectorSmart DCT,2019,"32,506kms",Petrol,Automatic,₹8.61 Lakh,delhi-ncr
Maruti,Maruti Swift DzireVXI,2014,"46,549kms",Petrol,Manual,₹2.20 Lakh,delhi-ncr
Honda,Honda AmazeSX i-VTEC,2016,"75,014kms",Petrol,Manual,₹2.83 Lakh,delhi-ncr
Renault,Renault KWIDRXL,2017,"29,313kms",Petrol,Manual,₹2.06 Lakh,delhi-ncr
Maruti,Maruti Wagon RVXI BS IV,2018,"37,968kms",Petrol,Manual,₹2.80 Lakh,delhi-ncr
Honda,Honda AmazeS i-VTEC,2015,"81,491kms",Petrol,Manual,₹2.76 Lakh,delhi-ncr
Honda,Honda AmazeS i-VTEC,2014,"39,753kms",Petrol,Manual,₹3 Lakh,delhi-ncr
Hyundai,Hyundai i10Magna 1.1L,2014,"38,066kms",Petrol,Manual,₹1.80 Lakh,delhi-ncr
Toyota,Toyota EtiosG,2014,"59,486kms",Petrol,Manual,₹2.24 Lakh,delhi-ncr
Honda,Honda AmazeS i-Vtech,2015,"68,267kms",Petrol,Manual,₹2.21 Lakh,delhi-ncr
Hyundai,Hyundai Grand i101.2 Kappa Magna BSIV,2018,"72,057kms",Petrol,Manual,₹2.98 Lakh,delhi-ncr
Maruti,Maruti Wagon RCNG LXI,2014,"80,321kms",CNG,Manual,₹2.44 Lakh,delhi-ncr
Maruti,Maruti Alto 800LXi,2015,"1,03,493kms",Petrol,Manual,₹2.02 Lakh,delhi-ncr
Maruti,Maruti Swift DzireVXI,2014,"49,364kms",Petrol,Manual,₹2.45 Lakh,delhi-ncr
Maruti,Maruti Wagon RAMT VXI,2018,"22,259kms",Petrol,Automatic,₹2.58 Lakh,delhi-ncr
Hyundai,Hyundai Xcent1.2 Kappa S Option,2014,"97,811kms",Petrol,Manual,₹2.26 Lakh,delhi-ncr
Honda,Honda AmazeS i-Vtech,2014,"55,014kms",Petrol,Manual,₹2.32 Lakh,delhi-ncr
Honda,Honda AmazeS i-Vtech,2015,"74,730kms",Petrol,Manual,₹2.59 Lakh,delhi-ncr
Tata,Tata Tiago1.05 Revotorq XZ,2016,"77,558kms",Diesel,Manual,₹2.60 Lakh,delhi-ncr
Renault,Renault KWIDRXT,2017,"41,654kms",Petrol,Manual,₹2.22 Lakh,delhi-ncr
MG,MG HectorSmart DCT,2019,"32,506kms",Petrol,Automatic,₹8.61 Lakh,delhi-ncr
Maruti,Maruti Swift DzireVXI,2014,"46,549kms",Petrol,Manual,₹2.20 Lakh,delhi-ncr
Honda,Honda AmazeSX i-VTEC,2016,"75,014kms",Petrol,Manual,₹2.83 Lakh,delhi-ncr
Renault,Renault KWIDRXL,2017,"29,313kms",Petrol,Manual,₹2.06 Lakh,delhi-ncr
Maruti,Maruti Wagon RVXI BS IV,2018,"37,968kms",Petrol,Manual,₹2.80 Lakh,delhi-ncr
Honda,Honda AmazeS i-VTEC,2015,"81,491kms",Petrol,Manual,₹2.76 Lakh,delhi-ncr
Honda,Honda AmazeS i-VTEC,2014,"39,753kms",Petrol,Manual,₹3 Lakh,delhi-ncr
Hyundai,Hyundai i10Magna 1.1L,2014,"38,066kms",Petrol,Manual,₹1.80 Lakh,delhi-ncr
Toyota,Toyota EtiosG,2014,"59,486kms",Petrol,Manual,₹2.24 Lakh,delhi-ncr
Honda,Honda AmazeS i-Vtech,2015,"68,267kms",Petrol,Manual,₹2.21 Lakh,delhi-ncr
Hyundai,Hyundai Grand i101.2 Kappa Magna BSIV,2018,"72,057kms",Petrol,Manual,₹2.98 Lakh,delhi-ncr
Maruti,Maruti Wagon RCNG LXI,2014,"80,321kms",CNG,Manual,₹2.44 Lakh,delhi-ncr
Maruti,Maruti Alto 800LXi,2015,"1,03,493kms",Petrol,Manual,₹2.02 Lakh,delhi-ncr
Maruti,Maruti Swift DzireVXI,2014,"49,364kms",Petrol,Manual,₹2.45 Lakh,delhi-ncr
Maruti,Maruti Wagon RAMT VXI,2018,"22,259kms",Petrol,Automatic,₹2.58 Lakh,delhi-ncr
Hyundai,Hyundai Xcent1.2 Kappa S Option,2014,"97,811kms",Petrol,Manual,₹2.26 Lakh,delhi-ncr
Honda,Honda AmazeS i-Vtech,2014,"55,014kms",Petrol,Manual,₹2.32 Lakh,delhi-ncr
Honda,Honda AmazeS i-Vtech,2015,"74,730kms",Petrol,Manual,₹2.59 Lakh,delhi-ncr
Tata,Tata Tiago1.05 Revotorq XZ,2016,"77,558kms",Diesel,Manual,₹2.60 Lakh,delhi-ncr
Renault,Renault KWIDRXT,2017,"41,654kms",Petrol,Manual,₹2.22 Lakh,delhi-ncr
MG,MG HectorSmart DCT,2019,"32,506kms",Petrol,Automatic,₹8.61 Lakh,delhi-ncr
Maruti,Maruti Swift DzireVXI,2014,"46,549kms",Petrol,Manual,₹2.20 Lakh,delhi-ncr
Honda,Honda AmazeSX i-VTEC,2016,"75,014kms",Petrol,Manual,₹2.83 Lakh,delhi-ncr
Renault,Renault KWIDRXL,2017,"29,313kms",Petrol,Manual,₹2.06 Lakh,delhi-ncr
Maruti,Maruti Wagon RVXI BS IV,2018,"37,968kms",Petrol,Manual,₹2.80 Lakh,delhi-ncr
Honda,Honda AmazeS i-VTEC,2015,"81,491kms",Petrol,Manual,₹2.76 Lakh,delhi-ncr
Honda,Honda AmazeS i-VTEC,2014,"39,753kms",Petrol,Manual,₹3 Lakh,delhi-ncr
Hyundai,Hyundai i10Magna 1.1L,2014,"38,066kms",Petrol,Manual,₹1.80 Lakh,delhi-ncr
Toyota,Toyota EtiosG,2014,"59,486kms",Petrol,Manual,₹2.24 Lakh,delhi-ncr
Honda,Honda AmazeS i-Vtech,2015,"68,267kms",Petrol,Manual,₹2.21 Lakh,delhi-ncr
Hyundai,Hyundai Grand i101.2 Kappa Magna BSIV,2018,"72,057kms",Petrol,Manual,₹2.98 Lakh,delhi-ncr
Maruti,Maruti Wagon RCNG LXI,2014,"80,321kms",CNG,Manual,₹2.44 Lakh,delhi-ncr
Maruti,Maruti Alto 800LXi,2015,"1,03,493kms",Petrol,Manual,₹2.02 Lakh,delhi-ncr
Maruti,Maruti Swift DzireVXI,2014,"49,364kms",Petrol,Manual,₹2.45 Lakh,delhi-ncr
Maruti,Maruti Wagon RAMT VXI,2018,"22,259kms",Petrol,Automatic,₹2.58 Lakh,delhi-ncr
Hyundai,Hyundai Xcent1.2 Kappa S Option,2014,"97,811kms",Petrol,Manual,₹2.26 Lakh,delhi-ncr
Honda,Honda AmazeS i-Vtech,2014,"55,014kms",Petrol,Manual,₹2.32 Lakh,delhi-ncr
Honda,Honda AmazeS i-Vtech,2015,"74,730kms",Petrol,Manual,₹2.59 Lakh,delhi-ncr
Tata,Tata Tiago1.05 Revotorq XZ,2016,"77,558kms",Diesel,Manual,₹2.60 Lakh,delhi-ncr
Renault,Renault KWIDRXT,2017,"41,654kms",Petrol,Manual,₹2.22 Lakh,delhi-ncr
MG,MG HectorSmart DCT,2019,"32,506kms",Petrol,Automatic,₹8.61 Lakh,delhi-ncr
Maruti,Maruti Swift DzireVXI,2014,"46,549kms",Petrol,Manual,₹2.20 Lakh,delhi-ncr
Honda,Honda AmazeSX i-VTEC,2016,"75,014kms",Petrol,Manual,₹2.83 Lakh,delhi-ncr
Renault,Renault KWIDRXL,2017,"29,313kms",Petrol,Manual,₹2.06 Lakh,delhi-ncr
Maruti,Maruti Wagon RVXI BS IV,2018,"37,968kms",Petrol,Manual,₹2.80 Lakh,delhi-ncr
Honda,Honda AmazeS i-VTEC,2015,"81,491kms",Petrol,Manual,₹2.76 Lakh,delhi-ncr
Honda,Honda AmazeS i-VTEC,2014,"39,753kms",Petrol,Manual,₹3 Lakh,delhi-ncr
Hyundai,Hyundai i10Magna 1.1L,2014,"38,066kms",Petrol,Manual,₹1.80 Lakh,delhi-ncr
Toyota,Toyota EtiosG,2014,"59,486kms",Petrol,Manual,₹2.24 Lakh,delhi-ncr
Honda,Honda AmazeS i-Vtech,2015,"68,267kms",Petrol,Manual,₹2.21 Lakh,delhi-ncr
Hyundai,Hyundai Grand i101.2 Kappa Magna BSIV,2018,"72,057kms",Petrol,Manual,₹2.98 Lakh,delhi-ncr
Maruti,Maruti Wagon RCNG LXI,2014,"80,321kms",CNG,Manual,₹2.44 Lakh,delhi-ncr
Maruti,Maruti Alto 800LXi,2015,"1,03,493kms",Petrol,Manual,₹2.02 Lakh,delhi-ncr
Maruti,Maruti Swift DzireVXI,2014,"49,364kms",Petrol,Manual,₹2.45 Lakh,delhi-ncr
Maruti,Maruti Wagon RAMT VXI,2018,"22,259kms",Petrol,Automatic,₹2.58 Lakh,delhi-ncr
Hyundai,Hyundai Xcent1.2 Kappa S Option,2014,"97,811kms",Petrol,Manual,₹2.26 Lakh,delhi-ncr
Honda,Honda AmazeS i-Vtech,2014,"55,014kms",Petrol,Manual,₹2.32 Lakh,delhi-ncr
Honda,Honda AmazeS i-Vtech,2015,"74,730kms",Petrol,Manual,₹2.59 Lakh,delhi-ncr
Tata,Tata Tiago1.05 Revotorq XZ,2016,"77,558kms",Diesel,Manual,₹2.60 Lakh,delhi-ncr
Renault,Renault KWIDRXT,2017,"41,654kms",Petrol,Manual,₹2.22 Lakh,delhi-ncr
MG,MG HectorSmart DCT,2019,"32,506kms",Petrol,Automatic,₹8.61 Lakh,delhi-ncr
Maruti,Maruti Swift DzireVXI,2014,"46,549kms",Petrol,Manual,₹2.20 Lakh,delhi-ncr
Honda,Honda AmazeSX i-VTEC,2016,"75,014kms",Petrol,Manual,₹2.83 Lakh,delhi-ncr
Renault,Renault KWIDRXL,2017,"29,313kms",Petrol,Manual,₹2.06 Lakh,delhi-ncr
Maruti,Maruti Wagon RVXI BS IV,2018,"37,968kms",Petrol,Manual,₹2.80 Lakh,delhi-ncr
Honda,Honda AmazeS i-VTEC,2015,"81,491kms",Petrol,Manual,₹2.76 Lakh,delhi-ncr
Honda,Honda AmazeS i-VTEC,2014,"39,753kms",Petrol,Manual,₹3 Lakh,delhi-ncr
Hyundai,Hyundai i10Magna 1.1L,2014,"38,066kms",Petrol,Manual,₹1.80 Lakh,delhi-ncr
Honda,Honda AmazeS i-Vtech,2015,"68,267kms",Petrol,Manual,₹2.21 Lakh,delhi-ncr
Hyundai,Hyundai Grand i101.2 Kappa Magna BSIV,2018,"72,057kms",Petrol,Manual,₹2.98 Lakh,delhi-ncr
Maruti,Maruti Wagon RCNG LXI,2014,"80,321kms",CNG,Manual,₹2.44 Lakh,delhi-ncr
Hyundai,Hyundai Xcent1.2 Kappa S Option,2014,"97,811kms",Petrol,Manual,₹2.26 Lakh,delhi-ncr
Honda,Honda AmazeS i-Vtech,2014,"55,014kms",Petrol,Manual,₹2.32 Lakh,delhi-ncr
Maruti,Maruti Swift DzireVXI,2014,"49,364kms",Petrol,Manual,₹2.45 Lakh,delhi-ncr
Maruti,Maruti Wagon RAMT VXI,2018,"22,259kms",Petrol,Automatic,₹2.58 Lakh,delhi-ncr
Maruti,Maruti Alto 800LXi,2015,"1,03,493kms",Petrol,Manual,₹2.02 Lakh,delhi-ncr
Toyota,Toyota EtiosG,2014,"59,486kms",Petrol,Manual,₹2.24 Lakh,delhi-ncr
Honda,Honda AmazeS i-Vtech,2015,"74,730kms",Petrol,Manual,₹2.59 Lakh,delhi-ncr
Tata,Tata Tiago1.05 Revotorq XZ,2016,"77,558kms",Diesel,Manual,₹2.60 Lakh,delhi-ncr
Renault,Renault KWIDRXT,2017,"41,654kms",Petrol,Manual,₹2.22 Lakh,delhi-ncr
MG,MG HectorSmart DCT,2019,"32,506kms",Petrol,Automatic,₹8.61 Lakh,delhi-ncr
Hyundai,Hyundai Grand i10AT Asta,2015,"27,338kms",Petrol,Automatic,₹2.84 Lakh,delhi-ncr
Maruti,Maruti Swift DzireVXI,2014,"46,549kms",Petrol,Manual,₹2.20 Lakh,delhi-ncr
Honda,Honda AmazeSX i-VTEC,2016,"75,014kms",Petrol,Manual,₹2.83 Lakh,delhi-ncr
Maruti,Maruti Wagon RVXI BS IV,2018,"37,968kms",Petrol,Manual,₹2.80 Lakh,delhi-ncr
Honda,Honda AmazeS i-VTEC,2015,"81,491kms",Petrol,Manual,₹2.76 Lakh,delhi-ncr
Honda,Honda AmazeS i-VTEC,2014,"39,753kms",Petrol,Manual,₹3 Lakh,delhi-ncr
Hyundai,Hyundai i10Magna 1.1L,2014,"38,066kms",Petrol,Manual,₹1.80 Lakh,delhi-ncr
Toyota,Toyota EtiosG,2014,"59,486kms",Petrol,Manual,₹2.24 Lakh,delhi-ncr
Honda,Honda AmazeS i-Vtech,2015,"68,267kms",Petrol,Manual,₹2.21 Lakh,delhi-ncr
Hyundai,Hyundai Grand i101.2 Kappa Magna BSIV,2018,"72,057kms",Petrol,Manual,₹2.98 Lakh,delhi-ncr
Maruti,Maruti Wagon RCNG LXI,2014,"80,321kms",CNG,Manual,₹2.44 Lakh,delhi-ncr
Maruti,Maruti Alto 800LXi,2015,"1,03,493kms",Petrol,Manual,₹2.02 Lakh,delhi-ncr
Maruti,Maruti Swift DzireVXI,2014,"49,364kms",Petrol,Manual,₹2.45 Lakh,delhi-ncr
Maruti,Maruti Wagon RAMT VXI,2018,"22,259kms",Petrol,Automatic,₹2.58 Lakh,delhi-ncr
Hyundai,Hyundai Xcent1.2 Kappa S Option,2014,"97,811kms",Petrol,Manual,₹2.26 Lakh,delhi-ncr
Honda,Honda AmazeS i-Vtech,2014,"55,014kms",Petrol,Manual,₹2.32 Lakh,delhi-ncr
Honda,Honda AmazeS i-Vtech,2015,"74,730kms",Petrol,Manual,₹2.59 Lakh,delhi-ncr
Tata,Tata Tiago1.05 Revotorq XZ,2016,"77,558kms",Diesel,Manual,₹2.60 Lakh,delhi-ncr
Renault,Renault KWIDRXT,2017,"41,654kms",Petrol,Manual,₹2.22 Lakh,delhi-ncr
MG,MG HectorSmart DCT,2019,"32,506kms",Petrol,Automatic,₹8.61 Lakh,delhi-ncr
Maruti,Maruti Swift DzireVXI,2014,"46,549kms",Petrol,Manual,₹2.20 Lakh,delhi-ncr
Honda,Honda AmazeSX i-VTEC,2016,"75,014kms",Petrol,Manual,₹2.83 Lakh,delhi-ncr
Renault,Renault KWIDRXL,2017,"29,313kms",Petrol,Manual,₹2.06 Lakh,delhi-ncr
Hyundai,Hyundai Grand i101.2 Kappa Asta,2015,"99,833kms",Petrol,Manual,₹2.94 Lakh,delhi-ncr
Maruti,Maruti Wagon RVXI BS IV,2018,"37,968kms",Petrol,Manual,₹2.80 Lakh,delhi-ncr
Honda,Honda AmazeS i-Vtech,2015,"68,267kms",Petrol,Manual,₹2.21 Lakh,delhi-ncr
Hyundai,Hyundai Grand i101.2 Kappa Magna BSIV,2018,"72,057kms",Petrol,Manual,₹2.98 Lakh,delhi-ncr
Maruti,Maruti Wagon RCNG LXI,2014,"80,321kms",CNG,Manual,₹2.44 Lakh,delhi-ncr
Honda,Honda AmazeS i-Vtech,2015,"74,730kms",Petrol,Manual,₹2.59 Lakh,delhi-ncr
Hyundai,Hyundai Xcent1.2 Kappa S Option,2014,"97,811kms",Petrol,Manual,₹2.26 Lakh,delhi-ncr
Honda,Honda AmazeS i-Vtech,2014,"55,014kms",Petrol,Manual,₹2.32 Lakh,delhi-ncr
Maruti,Maruti Swift DzireVXI,2014,"49,364kms",Petrol,Manual,₹2.45 Lakh,delhi-ncr
Maruti,Maruti Wagon RAMT VXI,2018,"22,259kms",Petrol,Automatic,₹2.58 Lakh,delhi-ncr
Maruti,Maruti Alto 800LXi,2015,"1,03,493kms",Petrol,Manual,₹2.02 Lakh,delhi-ncr
Honda,Honda AmazeS i-VTEC,2015,"81,491kms",Petrol,Manual,₹2.76 Lakh,delhi-ncr
Honda,Honda AmazeS i-VTEC,2014,"39,753kms",Petrol,Manual,₹3 Lakh,delhi-ncr
Hyundai,Hyundai i10Magna 1.1L,2014,"38,066kms",Petrol,Manual,₹1.80 Lakh,delhi-ncr
Tata,Tata Tiago1.05 Revotorq XZ,2016,"77,558kms",Diesel,Manual,₹2.60 Lakh,delhi-ncr
Renault,Renault KWIDRXT,2017,"41,654kms",Petrol,Manual,₹2.22 Lakh,delhi-ncr
MG,MG HectorSmart DCT,2019,"32,506kms",Petrol,Automatic,₹8.61 Lakh,delhi-ncr
Maruti,Maruti Swift DzireVXI,2014,"46,549kms",Petrol,Manual,₹2.20 Lakh,delhi-ncr
Hyundai,Hyundai Grand i10AT Asta,2015,"27,338kms",Petrol,Automatic,₹2.84 Lakh,delhi-ncr
Toyota,Toyota EtiosG,2015,"65,292kms",Petrol,Manual,₹2.26 Lakh,delhi-ncr
Maruti,Maruti Wagon RVXI BS IV,2018,"37,968kms",Petrol,Manual,₹2.80 Lakh,delhi-ncr
Honda,Honda AmazeS i-VTEC,2015,"81,491kms",Petrol,Manual,₹2.76 Lakh,delhi-ncr
Honda,Honda AmazeS i-VTEC,2014,"39,753kms",Petrol,Manual,₹3 Lakh,delhi-ncr
Hyundai,Hyundai i10Magna 1.1L,2014,"38,066kms",Petrol,Manual,₹1.80 Lakh,delhi-ncr
Honda,Honda AmazeS i-Vtech,2015,"68,267kms",Petrol,Manual,₹2.21 Lakh,delhi-ncr
Hyundai,Hyundai Grand i101.2 Kappa Magna BSIV,2018,"72,057kms",Petrol,Manual,₹2.98 Lakh,delhi-ncr
Maruti,Maruti Wagon RCNG LXI,2014,"80,321kms",CNG,Manual,₹2.44 Lakh,delhi-ncr
Hyundai,Hyundai Xcent1.2 Kappa S Option,2014,"97,811kms",Petrol,Manual,₹2.26 Lakh,delhi-ncr
Honda,Honda AmazeS i-Vtech,2014,"55,014kms",Petrol,Manual,₹2.32 Lakh,delhi-ncr
Maruti,Maruti Swift DzireVXI,2014,"49,364kms",Petrol,Manual,₹2.45 Lakh,delhi-ncr
Maruti,Maruti Wagon RAMT VXI,2018,"22,259kms",Petrol,Automatic,₹2.58 Lakh,delhi-ncr
Maruti,Maruti Alto 800LXi,2015,"1,03,493kms",Petrol,Manual,₹2.02 Lakh,delhi-ncr
Toyota,Toyota EtiosG,2014,"59,486kms",Petrol,Manual,₹2.24 Lakh,delhi-ncr
Honda,Honda AmazeS i-Vtech,2015,"74,730kms",Petrol,Manual,₹2.59 Lakh,delhi-ncr
Tata,Tata Tiago1.05 Revotorq XZ,2016,"77,558kms",Diesel,Manual,₹2.60 Lakh,delhi-ncr
Renault,Renault KWIDRXT,2017,"41,654kms",Petrol,Manual,₹2.22 Lakh,delhi-ncr
MG,MG HectorSmart DCT,2019,"32,506kms",Petrol,Automatic,₹8.61 Lakh,delhi-ncr
Hyundai,Hyundai Grand i10AT Asta,2015,"27,338kms",Petrol,Automatic,₹2.84 Lakh,delhi-ncr
Maruti,Maruti Swift DzireVXI,2014,"46,549kms",Petrol,Manual,₹2.20 Lakh,delhi-ncr
Honda,Honda AmazeSX i-VTEC,2016,"75,014kms",Petrol,Manual,₹2.83 Lakh,delhi-ncr
Maruti,Maruti Wagon RVXI BS IV,2018,"37,968kms",Petrol,Manual,₹2.80 Lakh,delhi-ncr
Honda,Honda AmazeS i-VTEC,2015,"81,491kms",Petrol,Manual,₹2.76 Lakh,delhi-ncr
Honda,Honda AmazeS i-VTEC,2014,"39,753kms",Petrol,Manual,₹3 Lakh,delhi-ncr
Hyundai,Hyundai i10Magna 1.1L,2014,"38,066kms",Petrol,Manual,₹1.80 Lakh,delhi-ncr
Honda,Honda AmazeS i-Vtech,2015,"68,267kms",Petrol,Manual,₹2.21 Lakh,delhi-ncr
Hyundai,Hyundai Grand i101.2 Kappa Magna BSIV,2018,"72,057kms",Petrol,Manual,₹2.98 Lakh,delhi-ncr
Maruti,Maruti Wagon RCNG LXI,2014,"80,321kms",CNG,Manual,₹2.44 Lakh,delhi-ncr
Hyundai,Hyundai Xcent1.2 Kappa S Option,2014,"97,811kms",Petrol,Manual,₹2.26 Lakh,delhi-ncr
Honda,Honda AmazeS i-Vtech,2014,"55,014kms",Petrol,Manual,₹2.32 Lakh,delhi-ncr
Maruti,Maruti Swift DzireVXI,2014,"49,364kms",Petrol,Manual,₹2.45 Lakh,delhi-ncr
Maruti,Maruti Wagon RAMT VXI,2018,"22,259kms",Petrol,Automatic,₹2.58 Lakh,delhi-ncr
Maruti,Maruti Alto 800LXi,2015,"1,03,493kms",Petrol,Manual,₹2.02 Lakh,delhi-ncr
Toyota,Toyota EtiosG,2014,"59,486kms",Petrol,Manual,₹2.24 Lakh,delhi-ncr
Honda,Honda AmazeS i-Vtech,2015,"74,730kms",Petrol,Manual,₹2.59 Lakh,delhi-ncr
Tata,Tata Tiago1.05 Revotorq XZ,2016,"77,558kms",Diesel,Manual,₹2.60 Lakh,delhi-ncr
Renault,Renault KWIDRXT,2017,"41,654kms",Petrol,Manual,₹2.22 Lakh,delhi-ncr
MG,MG HectorSmart DCT,2019,"32,506kms",Petrol,Automatic,₹8.61 Lakh,delhi-ncr
Hyundai,Hyundai Grand i10AT Asta,2015,"27,338kms",Petrol,Automatic,₹2.84 Lakh,delhi-ncr
Maruti,Maruti Swift DzireVXI,2014,"46,549kms",Petrol,Manual,₹2.20 Lakh,delhi-ncr
Honda,Honda AmazeSX i-VTEC,2016,"75,014kms",Petrol,Manual,₹2.83 Lakh,delhi-ncr
Maruti,Maruti Wagon RVXI BS IV,2018,"37,968kms",Petrol,Manual,₹2.80 Lakh,delhi-ncr
Honda,Honda AmazeS i-VTEC,2015,"81,491kms",Petrol,Manual,₹2.76 Lakh,delhi-ncr
Honda,Honda AmazeS i-VTEC,2014,"39,753kms",Petrol,Manual,₹3 Lakh,delhi-ncr
Hyundai,Hyundai i10Magna 1.1L,2014,"38,066kms",Petrol,Manual,₹1.80 Lakh,delhi-ncr
Honda,Honda AmazeS i-Vtech,2015,"68,267kms",Petrol,Manual,₹2.21 Lakh,delhi-ncr
Hyundai,Hyundai Grand i101.2 Kappa Magna BSIV,2018,"72,057kms",Petrol,Manual,₹2.98 Lakh,delhi-ncr
Maruti,Maruti Wagon RCNG LXI,2014,"80,321kms",CNG,Manual,₹2.44 Lakh,delhi-ncr
Hyundai,Hyundai Xcent1.2 Kappa S Option,2014,"97,811kms",Petrol,Manual,₹2.26 Lakh,delhi-ncr
Honda,Honda AmazeS i-Vtech,2014,"55,014kms",Petrol,Manual,₹2.32 Lakh,delhi-ncr
Maruti,Maruti Swift DzireVXI,2014,"49,364kms",Petrol,Manual,₹2.45 Lakh,delhi-ncr
Maruti,Maruti Wagon RAMT VXI,2018,"22,259kms",Petrol,Automatic,₹2.58 Lakh,delhi-ncr
Maruti,Maruti Alto 800LXi,2015,"1,03,493kms",Petrol,Manual,₹2.02 Lakh,delhi-ncr
Toyota,Toyota EtiosG,2014,"59,486kms",Petrol,Manual,₹2.24 Lakh,delhi-ncr
Honda,Honda AmazeS i-Vtech,2015,"74,730kms",Petrol,Manual,₹2.59 Lakh,delhi-ncr
Tata,Tata Tiago1.05 Revotorq XZ,2016,"77,558kms",Diesel,Manual,₹2.60 Lakh,delhi-ncr
Renault,Renault KWIDRXT,2017,"41,654kms",Petrol,Manual,₹2.22 Lakh,delhi-ncr
MG,MG HectorSmart DCT,2019,"32,506kms",Petrol,Automatic,₹8.61 Lakh,delhi-ncr
Hyundai,Hyundai Grand i10AT Asta,2015,"27,338kms",Petrol,Automatic,₹2.84 Lakh,delhi-ncr
Maruti,Maruti Swift DzireVXI,2014,"46,549kms",Petrol,Manual,₹2.20 Lakh,delhi-ncr
Honda,Honda AmazeSX i-VTEC,2016,"75,014kms",Petrol,Manual,₹2.83 Lakh,delhi-ncr
Maruti,Maruti Wagon RVXI BS IV,2018,"37,968kms",Petrol,Manual,₹2.80 Lakh,delhi-ncr
Honda,Honda AmazeS i-VTEC,2015,"81,491kms",Petrol,Manual,₹2.76 Lakh,delhi-ncr
Honda,Honda AmazeS i-VTEC,2014,"39,753kms",Petrol,Manual,₹3 Lakh,delhi-ncr
Hyundai,Hyundai i10Magna 1.1L,2014,"38,066kms",Petrol,Manual,₹1.80 Lakh,delhi-ncr
Toyota,Toyota EtiosG,2014,"59,486kms",Petrol,Manual,₹2.24 Lakh,delhi-ncr
Honda,Honda AmazeS i-Vtech,2015,"68,267kms",Petrol,Manual,₹2.21 Lakh,delhi-ncr
Hyundai,Hyundai Grand i101.2 Kappa Magna BSIV,2018,"72,057kms",Petrol,Manual,₹2.98 Lakh,delhi-ncr
Maruti,Maruti Wagon RCNG LXI,2014,"80,321kms",CNG,Manual,₹2.44 Lakh,delhi-ncr
Maruti,Maruti Alto 800LXi,2015,"1,03,493kms",Petrol,Manual,₹2.02 Lakh,delhi-ncr
Maruti,Maruti Swift DzireVXI,2014,"49,364kms",Petrol,Manual,₹2.45 Lakh,delhi-ncr
Maruti,Maruti Wagon RAMT VXI,2018,"22,259kms",Petrol,Automatic,₹2.58 Lakh,delhi-ncr
Hyundai,Hyundai Xcent1.2 Kappa S Option,2014,"97,811kms",Petrol,Manual,₹2.26 Lakh,delhi-ncr
Honda,Honda AmazeS i-Vtech,2014,"55,014kms",Petrol,Manual,₹2.32 Lakh,delhi-ncr
Honda,Honda AmazeS i-Vtech,2015,"74,730kms",Petrol,Manual,₹2.59 Lakh,delhi-ncr
Tata,Tata Tiago1.05 Revotorq XZ,2016,"77,558kms",Diesel,Manual,₹2.60 Lakh,delhi-ncr
Renault,Renault KWIDRXT,2017,"41,654kms",Petrol,Manual,₹2.22 Lakh,delhi-ncr
MG,MG HectorSmart DCT,2019,"32,506kms",Petrol,Automatic,₹8.61 Lakh,delhi-ncr
Maruti,Maruti Swift DzireVXI,2014,"46,549kms",Petrol,Manual,₹2.20 Lakh,delhi-ncr
Honda,Honda AmazeSX i-VTEC,2016,"75,014kms",Petrol,Manual,₹2.83 Lakh,delhi-ncr
Renault,Renault KWIDRXL,2017,"29,313kms",Petrol,Manual,₹2.06 Lakh,delhi-ncr
Maruti,Maruti Wagon RVXI BS IV,2018,"37,968kms",Petrol,Manual,₹2.80 Lakh,delhi-ncr
Honda,Honda AmazeS i-VTEC,2015,"81,491kms",Petrol,Manual,₹2.76 Lakh,delhi-ncr
Honda,Honda AmazeS i-VTEC,2014,"39,753kms",Petrol,Manual,₹3 Lakh,delhi-ncr
Hyundai,Hyundai i10Magna 1.1L,2014,"38,066kms",Petrol,Manual,₹1.80 Lakh,delhi-ncr
Honda,Honda AmazeS i-Vtech,2015,"68,267kms",Petrol,Manual,₹2.21 Lakh,delhi-ncr
Hyundai,Hyundai Grand i101.2 Kappa Magna BSIV,2018,"72,057kms",Petrol,Manual,₹2.98 Lakh,delhi-ncr
Maruti,Maruti Wagon RCNG LXI,2014,"80,321kms",CNG,Manual,₹2.44 Lakh,delhi-ncr
Hyundai,Hyundai Xcent1.2 Kappa S Option,2014,"97,811kms",Petrol,Manual,₹2.26 Lakh,delhi-ncr
Honda,Honda AmazeS i-Vtech,2014,"55,014kms",Petrol,Manual,₹2.32 Lakh,delhi-ncr
Maruti,Maruti Swift DzireVXI,2014,"49,364kms",Petrol,Manual,₹2.45 Lakh,delhi-ncr
Maruti,Maruti Wagon RAMT VXI,2018,"22,259kms",Petrol,Automatic,₹2.58 Lakh,delhi-ncr
Maruti,Maruti Alto 800LXi,2015,"1,03,493kms",Petrol,Manual,₹2.02 Lakh,delhi-ncr
Toyota,Toyota EtiosG,2014,"59,486kms",Petrol,Manual,₹2.24 Lakh,delhi-ncr
Honda,Honda AmazeS i-Vtech,2015,"74,730kms",Petrol,Manual,₹2.59 Lakh,delhi-ncr
Tata,Tata Tiago1.05 Revotorq XZ,2016,"77,558kms",Diesel,Manual,₹2.60 Lakh,delhi-ncr
Renault,Renault KWIDRXT,2017,"41,654kms",Petrol,Manual,₹2.22 Lakh,delhi-ncr
MG,MG HectorSmart DCT,2019,"32,506kms",Petrol,Automatic,₹8.61 Lakh,delhi-ncr
Hyundai,Hyundai Grand i10AT Asta,2015,"27,338kms",Petrol,Automatic,₹2.84 Lakh,delhi-ncr
Maruti,Maruti Swift DzireVXI,2014,"46,549kms",Petrol,Manual,₹2.20 Lakh,delhi-ncr
Honda,Honda AmazeSX i-VTEC,2016,"75,014kms",Petrol,Manual,₹2.83 Lakh,delhi-ncr
Maruti,Maruti Wagon RVXI BS IV,2018,"37,968kms",Petrol,Manual,₹2.80 Lakh,delhi-ncr
Honda,Honda AmazeS i-VTEC,2015,"81,491kms",Petrol,Manual,₹2.76 Lakh,delhi-ncr
Honda,Honda AmazeS i-VTEC,2014,"39,753kms",Petrol,Manual,₹3 Lakh,delhi-ncr
Hyundai,Hyundai i10Magna 1.1L,2014,"38,066kms",Petrol,Manual,₹1.80 Lakh,delhi-ncr
Honda,Honda AmazeS i-Vtech,2015,"68,267kms",Petrol,Manual,₹2.21 Lakh,delhi-ncr
Hyundai,Hyundai Grand i101.2 Kappa Magna BSIV,2018,"72,057kms",Petrol,Manual,₹2.98 Lakh,delhi-ncr
Maruti,Maruti Wagon RCNG LXI,2014,"80,321kms",CNG,Manual,₹2.44 Lakh,delhi-ncr
Hyundai,Hyundai Xcent1.2 Kappa S Option,2014,"97,811kms",Petrol,Manual,₹2.26 Lakh,delhi-ncr
Honda,Honda AmazeS i-Vtech,2014,"55,014kms",Petrol,Manual,₹2.32 Lakh,delhi-ncr
Maruti,Maruti Swift DzireVXI,2014,"49,364kms",Petrol,Manual,₹2.45 Lakh,delhi-ncr
Maruti,Maruti Wagon RAMT VXI,2018,"22,259kms",Petrol,Automatic,₹2.58 Lakh,delhi-ncr
Maruti,Maruti Alto 800LXi,2015,"1,03,493kms",Petrol,Manual,₹2.02 Lakh,delhi-ncr
Toyota,Toyota EtiosG,2014,"59,486kms",Petrol,Manual,₹2.24 Lakh,delhi-ncr
Honda,Honda AmazeS i-Vtech,2015,"74,730kms",Petrol,Manual,₹2.59 Lakh,delhi-ncr
Tata,Tata Tiago1.05 Revotorq XZ,2016,"77,558kms",Diesel,Manual,₹2.60 Lakh,delhi-ncr
Renault,Renault KWIDRXT,2017,"41,654kms",Petrol,Manual,₹2.22 Lakh,delhi-ncr
MG,MG HectorSmart DCT,2019,"32,506kms",Petrol,Automatic,₹8.61 Lakh,delhi-ncr
Hyundai,Hyundai Grand i10AT Asta,2015,"27,338kms",Petrol,Automatic,₹2.84 Lakh,delhi-ncr
Maruti,Maruti Swift DzireVXI,2014,"46,549kms",Petrol,Manual,₹2.20 Lakh,delhi-ncr
Honda,Honda AmazeSX i-VTEC,2016,"75,014kms",Petrol,Manual,₹2.83 Lakh,delhi-ncr
Hyundai,Hyundai Grand i101.2 Kappa Asta,2015,"99,833kms",Petrol,Manual,₹2.94 Lakh,delhi-ncr
Maruti,Maruti Wagon RVXI BS IV,2018,"37,968kms",Petrol,Manual,₹2.80 Lakh,delhi-ncr
Honda,Honda AmazeS i-Vtech,2015,"68,267kms",Petrol,Manual,₹2.21 Lakh,delhi-ncr
Hyundai,Hyundai Grand i101.2 Kappa Magna BSIV,2018,"72,057kms",Petrol,Manual,₹2.98 Lakh,delhi-ncr
Maruti,Maruti Wagon RCNG LXI,2014,"80,321kms",CNG,Manual,₹2.44 Lakh,delhi-ncr
Honda,Honda AmazeS i-Vtech,2015,"74,730kms",Petrol,Manual,₹2.59 Lakh,delhi-ncr
Hyundai,Hyundai Xcent1.2 Kappa S Option,2014,"97,811kms",Petrol,Manual,₹2.26 Lakh,delhi-ncr
Honda,Honda AmazeS i-Vtech,2014,"55,014kms",Petrol,Manual,₹2.32 Lakh,delhi-ncr
Maruti,Maruti Swift DzireVXI,2014,"49,364kms",Petrol,Manual,₹2.45 Lakh,delhi-ncr
Maruti,Maruti Wagon RAMT VXI,2018,"22,259kms",Petrol,Automatic,₹2.58 Lakh,delhi-ncr
Maruti,Maruti Alto 800LXi,2015,"1,03,493kms",Petrol,Manual,₹2.02 Lakh,delhi-ncr
Honda,Honda AmazeS i-VTEC,2015,"81,491kms",Petrol,Manual,₹2.76 Lakh,delhi-ncr
Honda,Honda AmazeS i-VTEC,2014,"39,753kms",Petrol,Manual,₹3 Lakh,delhi-ncr
Hyundai,Hyundai i10Magna 1.1L,2014,"38,066kms",Petrol,Manual,₹1.80 Lakh,delhi-ncr
Tata,Tata Tiago1.05 Revotorq XZ,2016,"77,558kms",Diesel,Manual,₹2.60 Lakh,delhi-ncr
Renault,Renault KWIDRXT,2017,"41,654kms",Petrol,Manual,₹2.22 Lakh,delhi-ncr
MG,MG HectorSmart DCT,2019,"32,506kms",Petrol,Automatic,₹8.61 Lakh,delhi-ncr
Maruti,Maruti Swift DzireVXI,2014,"46,549kms",Petrol,Manual,₹2.20 Lakh,delhi-ncr
Hyundai,Hyundai Grand i10AT Asta,2015,"27,338kms",Petrol,Automatic,₹2.84 Lakh,delhi-ncr
Toyota,Toyota EtiosG,2015,"65,292kms",Petrol,Manual,₹2.26 Lakh,delhi-ncr
Maruti,Maruti Wagon RVXI BS IV,2018,"37,968kms",Petrol,Manual,₹2.80 Lakh,delhi-ncr
Honda,Honda AmazeS i-VTEC,2015,"81,491kms",Petrol,Manual,₹2.76 Lakh,delhi-ncr
Honda,Honda AmazeS i-VTEC,2014,"39,753kms",Petrol,Manual,₹3 Lakh,delhi-ncr
Hyundai,Hyundai i10Magna 1.1L,2014,"38,066kms",Petrol,Manual,₹1.80 Lakh,delhi-ncr
Honda,Honda AmazeS i-Vtech,2015,"68,267kms",Petrol,Manual,₹2.21 Lakh,delhi-ncr
Hyundai,Hyundai Grand i101.2 Kappa Magna BSIV,2018,"72,057kms",Petrol,Manual,₹2.98 Lakh,delhi-ncr
Maruti,Maruti Wagon RCNG LXI,2014,"80,321kms",CNG,Manual,₹2.44 Lakh,delhi-ncr
Hyundai,Hyundai Xcent1.2 Kappa S Option,2014,"97,811kms",Petrol,Manual,₹2.26 Lakh,delhi-ncr
Honda,Honda AmazeS i-Vtech,2014,"55,014kms",Petrol,Manual,₹2.32 Lakh,delhi-ncr
Maruti,Maruti Swift DzireVXI,2014,"49,364kms",Petrol,Manual,₹2.45 Lakh,delhi-ncr
Maruti,Maruti Wagon RAMT VXI,2018,"22,259kms",Petrol,Automatic,₹2.58 Lakh,delhi-ncr
Maruti,Maruti Alto 800LXi,2015,"1,03,493kms",Petrol,Manual,₹2.02 Lakh,delhi-ncr
Toyota,Toyota EtiosG,2014,"59,486kms",Petrol,Manual,₹2.24 Lakh,delhi-ncr
Honda,Honda AmazeS i-Vtech,2015,"74,730kms",Petrol,Manual,₹2.59 Lakh,delhi-ncr
Tata,Tata Tiago1.05 Revotorq XZ,2016,"77,558kms",Diesel,Manual,₹2.60 Lakh,delhi-ncr
Renault,Renault KWIDRXT,2017,"41,654kms",Petrol,Manual,₹2.22 Lakh,delhi-ncr
MG,MG HectorSmart DCT,2019,"32,506kms",Petrol,Automatic,₹8.61 Lakh,delhi-ncr
Hyundai,Hyundai Grand i10AT Asta,2015,"27,338kms",Petrol,Automatic,₹2.84 Lakh,delhi-ncr
Maruti,Maruti Swift DzireVXI,2014,"46,549kms",Petrol,Manual,₹2.20 Lakh,delhi-ncr
Honda,Honda AmazeSX i-VTEC,2016,"75,014kms",Petrol,Manual,₹2.83 Lakh,delhi-ncr
Maruti,Maruti Wagon RVXI BS IV,2018,"37,968kms",Petrol,Manual,₹2.80 Lakh,delhi-ncr
Honda,Honda AmazeS i-VTEC,2015,"81,491kms",Petrol,Manual,₹2.76 Lakh,delhi-ncr
Honda,Honda AmazeS i-VTEC,2014,"39,753kms",Petrol,Manual,₹3 Lakh,delhi-ncr
Hyundai,Hyundai i10Magna 1.1L,2014,"38,066kms",Petrol,Manual,₹1.80 Lakh,delhi-ncr
Honda,Honda AmazeS i-Vtech,2015,"68,267kms",Petrol,Manual,₹2.21 Lakh,delhi-ncr
Hyundai,Hyundai Grand i101.2 Kappa Magna BSIV,2018,"72,057kms",Petrol,Manual,₹2.98 Lakh,delhi-ncr
Maruti,Maruti Wagon RCNG LXI,2014,"80,321kms",CNG,Manual,₹2.44 Lakh,delhi-ncr
Hyundai,Hyundai Xcent1.2 Kappa S Option,2014,"97,811kms",Petrol,Manual,₹2.26 Lakh,delhi-ncr
Honda,Honda AmazeS i-Vtech,2014,"55,014kms",Petrol,Manual,₹2.32 Lakh,delhi-ncr
Maruti,Maruti Swift DzireVXI,2014,"49,364kms",Petrol,Manual,₹2.45 Lakh,delhi-ncr
Maruti,Maruti Wagon RAMT VXI,2018,"22,259kms",Petrol,Automatic,₹2.58 Lakh,delhi-ncr
Maruti,Maruti Alto 800LXi,2015,"1,03,493kms",Petrol,Manual,₹2.02 Lakh,delhi-ncr
Toyota,Toyota EtiosG,2014,"59,486kms",Petrol,Manual,₹2.24 Lakh,delhi-ncr
Honda,Honda AmazeS i-Vtech,2015,"74,730kms",Petrol,Manual,₹2.59 Lakh,delhi-ncr
Tata,Tata Tiago1.05 Revotorq XZ,2016,"77,558kms",Diesel,Manual,₹2.60 Lakh,delhi-ncr
Renault,Renault KWIDRXT,2017,"41,654kms",Petrol,Manual,₹2.22 Lakh,delhi-ncr
MG,MG HectorSmart DCT,2019,"32,506kms",Petrol,Automatic,₹8.61 Lakh,delhi-ncr
Hyundai,Hyundai Grand i10AT Asta,2015,"27,338kms",Petrol,Automatic,₹2.84 Lakh,delhi-ncr
Maruti,Maruti Swift DzireVXI,2014,"46,549kms",Petrol,Manual,₹2.20 Lakh,delhi-ncr
Honda,Honda AmazeSX i-VTEC,2016,"75,014kms",Petrol,Manual,₹2.83 Lakh,delhi-ncr
Maruti,Maruti Wagon RVXI BS IV,2018,"37,968kms",Petrol,Manual,₹2.80 Lakh,delhi-ncr
Honda,Honda AmazeS i-VTEC,2015,"81,491kms",Petrol,Manual,₹2.76 Lakh,delhi-ncr
Honda,Honda AmazeS i-VTEC,2014,"39,753kms",Petrol,Manual,₹3 Lakh,delhi-ncr
Hyundai,Hyundai i10Magna 1.1L,2014,"38,066kms",Petrol,Manual,₹1.80 Lakh,delhi-ncr
Honda,Honda AmazeS i-Vtech,2015,"68,267kms",Petrol,Manual,₹2.21 Lakh,delhi-ncr
Hyundai,Hyundai Grand i101.2 Kappa Magna BSIV,2018,"72,057kms",Petrol,Manual,₹2.98 Lakh,delhi-ncr
Maruti,Maruti Wagon RCNG LXI,2014,"80,321kms",CNG,Manual,₹2.44 Lakh,delhi-ncr
Hyundai,Hyundai Xcent1.2 Kappa S Option,2014,"97,811kms",Petrol,Manual,₹2.26 Lakh,delhi-ncr
Honda,Honda AmazeS i-Vtech,2014,"55,014kms",Petrol,Manual,₹2.32 Lakh,delhi-ncr
Maruti,Maruti Swift DzireVXI,2014,"49,364kms",Petrol,Manual,₹2.45 Lakh,delhi-ncr
Maruti,Maruti Wagon RAMT VXI,2018,"22,259kms",Petrol,Automatic,₹2.58 Lakh,delhi-ncr
Maruti,Maruti Alto 800LXi,2015,"1,03,493kms",Petrol,Manual,₹2.02 Lakh,delhi-ncr
Toyota,Toyota EtiosG,2014,"59,486kms",Petrol,Manual,₹2.24 Lakh,delhi-ncr
Honda,Honda AmazeS i-Vtech,2015,"74,730kms",Petrol,Manual,₹2.59 Lakh,delhi-ncr
Tata,Tata Tiago1.05 Revotorq XZ,2016,"77,558kms",Diesel,Manual,₹2.60 Lakh,delhi-ncr
Renault,Renault KWIDRXT,2017,"41,654kms",Petrol,Manual,₹2.22 Lakh,delhi-ncr
MG,MG HectorSmart DCT,2019,"32,506kms",Petrol,Automatic,₹8.61 Lakh,delhi-ncr
Hyundai,Hyundai Grand i10AT Asta,2015,"27,338kms",Petrol,Automatic,₹2.84 Lakh,delhi-ncr
Maruti,Maruti Swift DzireVXI,2014,"46,549kms",Petrol,Manual,₹2.20 Lakh,delhi-ncr
Honda,Honda AmazeSX i-VTEC,2016,"75,014kms",Petrol,Manual,₹2.83 Lakh,delhi-ncr
Hyundai,Hyundai Grand i101.2 Kappa Asta,2015,"99,833kms",Petrol,Manual,₹2.94 Lakh,delhi-ncr
Maruti,Maruti Wagon RVXI BS IV,2018,"37,968kms",Petrol,Manual,₹2.80 Lakh,delhi-ncr
Honda,Honda AmazeS i-Vtech,2015,"68,267kms",Petrol,Manual,₹2.21 Lakh,delhi-ncr
Hyundai,Hyundai Grand i101.2 Kappa Magna BSIV,2018,"72,057kms",Petrol,Manual,₹2.98 Lakh,delhi-ncr
Maruti,Maruti Wagon RCNG LXI,2014,"80,321kms",CNG,Manual,₹2.44 Lakh,delhi-ncr
Honda,Honda AmazeS i-Vtech,2015,"74,730kms",Petrol,Manual,₹2.59 Lakh,delhi-ncr
Hyundai,Hyundai Xcent1.2 Kappa S Option,2014,"97,811kms",Petrol,Manual,₹2.26 Lakh,delhi-ncr
Honda,Honda AmazeS i-Vtech,2014,"55,014kms",Petrol,Manual,₹2.32 Lakh,delhi-ncr
Maruti,Maruti Swift DzireVXI,2014,"49,364kms",Petrol,Manual,₹2.45 Lakh,delhi-ncr
Maruti,Maruti Wagon RAMT VXI,2018,"22,259kms",Petrol,Automatic,₹2.58 Lakh,delhi-ncr
Maruti,Maruti Alto 800LXi,2015,"1,03,493kms",Petrol,Manual,₹2.02 Lakh,delhi-ncr
Honda,Honda AmazeS i-VTEC,2015,"81,491kms",Petrol,Manual,₹2.76 Lakh,delhi-ncr
Honda,Honda AmazeS i-VTEC,2014,"39,753kms",Petrol,Manual,₹3 Lakh,delhi-ncr
Hyundai,Hyundai i10Magna 1.1L,2014,"38,066kms",Petrol,Manual,₹1.80 Lakh,delhi-ncr
Tata,Tata Tiago1.05 Revotorq XZ,2016,"77,558kms",Diesel,Manual,₹2.60 Lakh,delhi-ncr
Renault,Renault KWIDRXT,2017,"41,654kms",Petrol,Manual,₹2.22 Lakh,delhi-ncr
MG,MG HectorSmart DCT,2019,"32,506kms",Petrol,Automatic,₹8.61 Lakh,delhi-ncr
Maruti,Maruti Swift DzireVXI,2014,"46,549kms",Petrol,Manual,₹2.20 Lakh,delhi-ncr
Hyundai,Hyundai Grand i10AT Asta,2015,"27,338kms",Petrol,Automatic,₹2.84 Lakh,delhi-ncr
Toyota,Toyota EtiosG,2015,"65,292kms",Petrol,Manual,₹2.26 Lakh,delhi-ncr
Hyundai,Hyundai Grand i101.2 Kappa Asta,2015,"99,833kms",Petrol,Manual,₹2.94 Lakh,delhi-ncr
Maruti,Maruti Wagon RVXI BS IV,2018,"37,968kms",Petrol,Manual,₹2.80 Lakh,delhi-ncr
Honda,Honda AmazeS i-Vtech,2015,"68,267kms",Petrol,Manual,₹2.21 Lakh,delhi-ncr
Hyundai,Hyundai Grand i101.2 Kappa Magna BSIV,2018,"72,057kms",Petrol,Manual,₹2.98 Lakh,delhi-ncr
Maruti,Maruti Wagon RCNG LXI,2014,"80,321kms",CNG,Manual,₹2.44 Lakh,delhi-ncr
Honda,Honda AmazeS i-Vtech,2015,"74,730kms",Petrol,Manual,₹2.59 Lakh,delhi-ncr
Hyundai,Hyundai Xcent1.2 Kappa S Option,2014,"97,811kms",Petrol,Manual,₹2.26 Lakh,delhi-ncr
Honda,Honda AmazeS i-Vtech,2014,"55,014kms",Petrol,Manual,₹2.32 Lakh,delhi-ncr
Maruti,Maruti Swift DzireVXI,2014,"49,364kms",Petrol,Manual,₹2.45 Lakh,delhi-ncr
Maruti,Maruti Wagon RAMT VXI,2018,"22,259kms",Petrol,Automatic,₹2.58 Lakh,delhi-ncr
Maruti,Maruti Alto 800LXi,2015,"1,03,493kms",Petrol,Manual,₹2.02 Lakh,delhi-ncr
Honda,Honda AmazeS i-VTEC,2015,"81,491kms",Petrol,Manual,₹2.76 Lakh,delhi-ncr
Honda,Honda AmazeS i-VTEC,2014,"39,753kms",Petrol,Manual,₹3 Lakh,delhi-ncr
Hyundai,Hyundai i10Magna 1.1L,2014,"38,066kms",Petrol,Manual,₹1.80 Lakh,delhi-ncr
Tata,Tata Tiago1.05 Revotorq XZ,2016,"77,558kms",Diesel,Manual,₹2.60 Lakh,delhi-ncr
Renault,Renault KWIDRXT,2017,"41,654kms",Petrol,Manual,₹2.22 Lakh,delhi-ncr
MG,MG HectorSmart DCT,2019,"32,506kms",Petrol,Automatic,₹8.61 Lakh,delhi-ncr
Maruti,Maruti Swift DzireVXI,2014,"46,549kms",Petrol,Manual,₹2.20 Lakh,delhi-ncr
Hyundai,Hyundai Grand i10AT Asta,2015,"27,338kms",Petrol,Automatic,₹2.84 Lakh,delhi-ncr
Toyota,Toyota EtiosG,2015,"65,292kms",Petrol,Manual,₹2.26 Lakh,delhi-ncr
Maruti,Maruti Wagon RVXI BS IV,2018,"37,968kms",Petrol,Manual,₹2.80 Lakh,delhi-ncr
Honda,Honda AmazeS i-VTEC,2015,"81,491kms",Petrol,Manual,₹2.76 Lakh,delhi-ncr
Honda,Honda AmazeS i-VTEC,2014,"39,753kms",Petrol,Manual,₹3 Lakh,delhi-ncr
Hyundai,Hyundai i10Magna 1.1L,2014,"38,066kms",Petrol,Manual,₹1.80 Lakh,delhi-ncr
Toyota,Toyota EtiosG,2014,"59,486kms",Petrol,Manual,₹2.24 Lakh,delhi-ncr
Honda,Honda AmazeS i-Vtech,2015,"68,267kms",Petrol,Manual,₹2.21 Lakh,delhi-ncr
Hyundai,Hyundai Grand i101.2 Kappa Magna BSIV,2018,"72,057kms",Petrol,Manual,₹2.98 Lakh,delhi-ncr
Maruti,Maruti Wagon RCNG LXI,2014,"80,321kms",CNG,Manual,₹2.44 Lakh,delhi-ncr
Maruti,Maruti Alto 800LXi,2015,"1,03,493kms",Petrol,Manual,₹2.02 Lakh,delhi-ncr
Maruti,Maruti Swift DzireVXI,2014,"49,364kms",Petrol,Manual,₹2.45 Lakh,delhi-ncr
Maruti,Maruti Wagon RAMT VXI,2018,"22,259kms",Petrol,Automatic,₹2.58 Lakh,delhi-ncr
Hyundai,Hyundai Xcent1.2 Kappa S Option,2014,"97,811kms",Petrol,Manual,₹2.26 Lakh,delhi-ncr
Honda,Honda AmazeS i-Vtech,2014,"55,014kms",Petrol,Manual,₹2.32 Lakh,delhi-ncr
Honda,Honda AmazeS i-Vtech,2015,"74,730kms",Petrol,Manual,₹2.59 Lakh,delhi-ncr
Tata,Tata Tiago1.05 Revotorq XZ,2016,"77,558kms",Diesel,Manual,₹2.60 Lakh,delhi-ncr
Renault,Renault KWIDRXT,2017,"41,654kms",Petrol,Manual,₹2.22 Lakh,delhi-ncr
MG,MG HectorSmart DCT,2019,"32,506kms",Petrol,Automatic,₹8.61 Lakh,delhi-ncr
Maruti,Maruti Swift DzireVXI,2014,"46,549kms",Petrol,Manual,₹2.20 Lakh,delhi-ncr
Honda,Honda AmazeSX i-VTEC,2016,"75,014kms",Petrol,Manual,₹2.83 Lakh,delhi-ncr
Renault,Renault KWIDRXL,2017,"29,313kms",Petrol,Manual,₹2.06 Lakh,delhi-ncr
Maruti,Maruti Wagon RVXI BS IV,2018,"37,968kms",Petrol,Manual,₹2.80 Lakh,delhi-ncr
Honda,Honda AmazeS i-VTEC,2015,"81,491kms",Petrol,Manual,₹2.76 Lakh,delhi-ncr
Honda,Honda AmazeS i-VTEC,2014,"39,753kms",Petrol,Manual,₹3 Lakh,delhi-ncr
Hyundai,Hyundai i10Magna 1.1L,2014,"38,066kms",Petrol,Manual,₹1.80 Lakh,delhi-ncr
Toyota,Toyota EtiosG,2014,"59,486kms",Petrol,Manual,₹2.24 Lakh,delhi-ncr
Honda,Honda AmazeS i-Vtech,2015,"68,267kms",Petrol,Manual,₹2.21 Lakh,delhi-ncr
Hyundai,Hyundai Grand i101.2 Kappa Magna BSIV,2018,"72,057kms",Petrol,Manual,₹2.98 Lakh,delhi-ncr
Maruti,Maruti Wagon RCNG LXI,2014,"80,321kms",CNG,Manual,₹2.44 Lakh,delhi-ncr
Maruti,Maruti Alto 800LXi,2015,"1,03,493kms",Petrol,Manual,₹2.02 Lakh,delhi-ncr
Maruti,Maruti Swift DzireVXI,2014,"49,364kms",Petrol,Manual,₹2.45 Lakh,delhi-ncr
Maruti,Maruti Wagon RAMT VXI,2018,"22,259kms",Petrol,Automatic,₹2.58 Lakh,delhi-ncr
Hyundai,Hyundai Xcent1.2 Kappa S Option,2014,"97,811kms",Petrol,Manual,₹2.26 Lakh,delhi-ncr
Honda,Honda AmazeS i-Vtech,2014,"55,014kms",Petrol,Manual,₹2.32 Lakh,delhi-ncr
Honda,Honda AmazeS i-Vtech,2015,"74,730kms",Petrol,Manual,₹2.59 Lakh,delhi-ncr
Tata,Tata Tiago1.05 Revotorq XZ,2016,"77,558kms",Diesel,Manual,₹2.60 Lakh,delhi-ncr
Renault,Renault KWIDRXT,2017,"41,654kms",Petrol,Manual,₹2.22 Lakh,delhi-ncr
MG,MG HectorSmart DCT,2019,"32,506kms",Petrol,Automatic,₹8.61 Lakh,delhi-ncr
Maruti,Maruti Swift DzireVXI,2014,"46,549kms",Petrol,Manual,₹2.20 Lakh,delhi-ncr
Honda,Honda AmazeSX i-VTEC,2016,"75,014kms",Petrol,Manual,₹2.83 Lakh,delhi-ncr
Renault,Renault KWIDRXL,2017,"29,313kms",Petrol,Manual,₹2.06 Lakh,delhi-ncr
Maruti,Maruti Wagon RVXI BS IV,2018,"37,968kms",Petrol,Manual,₹2.80 Lakh,delhi-ncr
Honda,Honda AmazeS i-VTEC,2015,"81,491kms",Petrol,Manual,₹2.76 Lakh,delhi-ncr
Honda,Honda AmazeS i-VTEC,2014,"39,753kms",Petrol,Manual,₹3 Lakh,delhi-ncr
Hyundai,Hyundai i10Magna 1.1L,2014,"38,066kms",Petrol,Manual,₹1.80 Lakh,delhi-ncr
Toyota,Toyota EtiosG,2014,"59,486kms",Petrol,Manual,₹2.24 Lakh,delhi-ncr
Honda,Honda AmazeS i-Vtech,2015,"68,267kms",Petrol,Manual,₹2.21 Lakh,delhi-ncr
Hyundai,Hyundai Grand i101.2 Kappa Magna BSIV,2018,"72,057kms",Petrol,Manual,₹2.98 Lakh,delhi-ncr
Maruti,Maruti Wagon RCNG LXI,2014,"80,321kms",CNG,Manual,₹2.44 Lakh,delhi-ncr
Maruti,Maruti Alto 800LXi,2015,"1,03,493kms",Petrol,Manual,₹2.02 Lakh,delhi-ncr
Maruti,Maruti Swift DzireVXI,2014,"49,364kms",Petrol,Manual,₹2.45 Lakh,delhi-ncr
Maruti,Maruti Wagon RAMT VXI,2018,"22,259kms",Petrol,Automatic,₹2.58 Lakh,delhi-ncr
Hyundai,Hyundai Xcent1.2 Kappa S Option,2014,"97,811kms",Petrol,Manual,₹2.26 Lakh,delhi-ncr
Honda,Honda AmazeS i-Vtech,2014,"55,014kms",Petrol,Manual,₹2.32 Lakh,delhi-ncr
Honda,Honda AmazeS i-Vtech,2015,"74,730kms",Petrol,Manual,₹2.59 Lakh,delhi-ncr
Tata,Tata Tiago1.05 Revotorq XZ,2016,"77,558kms",Diesel,Manual,₹2.60 Lakh,delhi-ncr
Renault,Renault KWIDRXT,2017,"41,654kms",Petrol,Manual,₹2.22 Lakh,delhi-ncr
MG,MG HectorSmart DCT,2019,"32,506kms",Petrol,Automatic,₹8.61 Lakh,delhi-ncr
Maruti,Maruti Swift DzireVXI,2014,"46,549kms",Petrol,Manual,₹2.20 Lakh,delhi-ncr
Honda,Honda AmazeSX i-VTEC,2016,"75,014kms",Petrol,Manual,₹2.83 Lakh,delhi-ncr
Renault,Renault KWIDRXL,2017,"29,313kms",Petrol,Manual,₹2.06 Lakh,delhi-ncr
Maruti,Maruti Wagon RVXI BS IV,2018,"37,968kms",Petrol,Manual,₹2.80 Lakh,delhi-ncr
Honda,Honda AmazeS i-VTEC,2015,"81,491kms",Petrol,Manual,₹2.76 Lakh,delhi-ncr
Honda,Honda AmazeS i-VTEC,2014,"39,753kms",Petrol,Manual,₹3 Lakh,delhi-ncr
Hyundai,Hyundai i10Magna 1.1L,2014,"38,066kms",Petrol,Manual,₹1.80 Lakh,delhi-ncr
Honda,Honda AmazeS i-Vtech,2015,"68,267kms",Petrol,Manual,₹2.21 Lakh,delhi-ncr
Hyundai,Hyundai Grand i101.2 Kappa Magna BSIV,2018,"72,057kms",Petrol,Manual,₹2.98 Lakh,delhi-ncr
Maruti,Maruti Wagon RCNG LXI,2014,"80,321kms",CNG,Manual,₹2.44 Lakh,delhi-ncr
Hyundai,Hyundai Xcent1.2 Kappa S Option,2014,"97,811kms",Petrol,Manual,₹2.26 Lakh,delhi-ncr
Honda,Honda AmazeS i-Vtech,2014,"55,014kms",Petrol,Manual,₹2.32 Lakh,delhi-ncr
Maruti,Maruti Swift DzireVXI,2014,"49,364kms",Petrol,Manual,₹2.45 Lakh,delhi-ncr
Maruti,Maruti Wagon RAMT VXI,2018,"22,259kms",Petrol,Automatic,₹2.58 Lakh,delhi-ncr
Maruti,Maruti Alto 800LXi,2015,"1,03,493kms",Petrol,Manual,₹2.02 Lakh,delhi-ncr
Toyota,Toyota EtiosG,2014,"59,486kms",Petrol,Manual,₹2.24 Lakh,delhi-ncr
Honda,Honda AmazeS i-Vtech,2015,"74,730kms",Petrol,Manual,₹2.59 Lakh,delhi-ncr
Tata,Tata Tiago1.05 Revotorq XZ,2016,"77,558kms",Diesel,Manual,₹2.60 Lakh,delhi-ncr
Renault,Renault KWIDRXT,2017,"41,654kms",Petrol,Manual,₹2.22 Lakh,delhi-ncr
MG,MG HectorSmart DCT,2019,"32,506kms",Petrol,Automatic,₹8.61 Lakh,delhi-ncr
Hyundai,Hyundai Grand i10AT Asta,2015,"27,338kms",Petrol,Automatic,₹2.84 Lakh,delhi-ncr
Maruti,Maruti Swift DzireVXI,2014,"46,549kms",Petrol,Manual,₹2.20 Lakh,delhi-ncr
Honda,Honda AmazeSX i-VTEC,2016,"75,014kms",Petrol,Manual,₹2.83 Lakh,delhi-ncr
Hyundai,Hyundai Grand i101.2 Kappa Asta,2015,"99,833kms",Petrol,Manual,₹2.94 Lakh,delhi-ncr
Maruti,Maruti Wagon RVXI BS IV,2018,"37,968kms",Petrol,Manual,₹2.80 Lakh,delhi-ncr
Honda,Honda AmazeS i-Vtech,2015,"68,267kms",Petrol,Manual,₹2.21 Lakh,delhi-ncr
Hyundai,Hyundai Grand i101.2 Kappa Magna BSIV,2018,"72,057kms",Petrol,Manual,₹2.98 Lakh,delhi-ncr
Maruti,Maruti Wagon RCNG LXI,2014,"80,321kms",CNG,Manual,₹2.44 Lakh,delhi-ncr
Honda,Honda AmazeS i-Vtech,2015,"74,730kms",Petrol,Manual,₹2.59 Lakh,delhi-ncr
Hyundai,Hyundai Xcent1.2 Kappa S Option,2014,"97,811kms",Petrol,Manual,₹2.26 Lakh,delhi-ncr
Honda,Honda AmazeS i-Vtech,2014,"55,014kms",Petrol,Manual,₹2.32 Lakh,delhi-ncr
Maruti,Maruti Swift DzireVXI,2014,"49,364kms",Petrol,Manual,₹2.45 Lakh,delhi-ncr
Maruti,Maruti Wagon RAMT VXI,2018,"22,259kms",Petrol,Automatic,₹2.58 Lakh,delhi-ncr
Maruti,Maruti Alto 800LXi,2015,"1,03,493kms",Petrol,Manual,₹2.02 Lakh,delhi-ncr
Honda,Honda AmazeS i-VTEC,2015,"81,491kms",Petrol,Manual,₹2.76 Lakh,delhi-ncr
Honda,Honda AmazeS i-VTEC,2014,"39,753kms",Petrol,Manual,₹3 Lakh,delhi-ncr
Hyundai,Hyundai i10Magna 1.1L,2014,"38,066kms",Petrol,Manual,₹1.80 Lakh,delhi-ncr
Tata,Tata Tiago1.05 Revotorq XZ,2016,"77,558kms",Diesel,Manual,₹2.60 Lakh,delhi-ncr
Renault,Renault KWIDRXT,2017,"41,654kms",Petrol,Manual,₹2.22 Lakh,delhi-ncr
MG,MG HectorSmart DCT,2019,"32,506kms",Petrol,Automatic,₹8.61 Lakh,delhi-ncr
Maruti,Maruti Swift DzireVXI,2014,"46,549kms",Petrol,Manual,₹2.20 Lakh,delhi-ncr
Hyundai,Hyundai Grand i10AT Asta,2015,"27,338kms",Petrol,Automatic,₹2.84 Lakh,delhi-ncr
Toyota,Toyota EtiosG,2015,"65,292kms",Petrol,Manual,₹2.26 Lakh,delhi-ncr
Maruti,Maruti Wagon RVXI BS IV,2018,"37,968kms",Petrol,Manual,₹2.80 Lakh,delhi-ncr
Honda,Honda AmazeS i-VTEC,2015,"81,491kms",Petrol,Manual,₹2.76 Lakh,delhi-ncr
Honda,Honda AmazeS i-VTEC,2014,"39,753kms",Petrol,Manual,₹3 Lakh,delhi-ncr
Hyundai,Hyundai i10Magna 1.1L,2014,"38,066kms",Petrol,Manual,₹1.80 Lakh,delhi-ncr
Honda,Honda AmazeS i-Vtech,2015,"68,267kms",Petrol,Manual,₹2.21 Lakh,delhi-ncr
Hyundai,Hyundai Grand i101.2 Kappa Magna BSIV,2018,"72,057kms",Petrol,Manual,₹2.98 Lakh,delhi-ncr
Maruti,Maruti Wagon RCNG LXI,2014,"80,321kms",CNG,Manual,₹2.44 Lakh,delhi-ncr
Hyundai,Hyundai Xcent1.2 Kappa S Option,2014,"97,811kms",Petrol,Manual,₹2.26 Lakh,delhi-ncr
Honda,Honda AmazeS i-Vtech,2014,"55,014kms",Petrol,Manual,₹2.32 Lakh,delhi-ncr
Maruti,Maruti Swift DzireVXI,2014,"49,364kms",Petrol,Manual,₹2.45 Lakh,delhi-ncr
Maruti,Maruti Wagon RAMT VXI,2018,"22,259kms",Petrol,Automatic,₹2.58 Lakh,delhi-ncr
Maruti,Maruti Alto 800LXi,2015,"1,03,493kms",Petrol,Manual,₹2.02 Lakh,delhi-ncr
Toyota,Toyota EtiosG,2014,"59,486kms",Petrol,Manual,₹2.24 Lakh,delhi-ncr
Honda,Honda AmazeS i-Vtech,2015,"74,730kms",Petrol,Manual,₹2.59 Lakh,delhi-ncr
Tata,Tata Tiago1.05 Revotorq XZ,2016,"77,558kms",Diesel,Manual,₹2.60 Lakh,delhi-ncr
Renault,Renault KWIDRXT,2017,"41,654kms",Petrol,Manual,₹2.22 Lakh,delhi-ncr
MG,MG HectorSmart DCT,2019,"32,506kms",Petrol,Automatic,₹8.61 Lakh,delhi-ncr
Hyundai,Hyundai Grand i10AT Asta,2015,"27,338kms",Petrol,Automatic,₹2.84 Lakh,delhi-ncr
Maruti,Maruti Swift DzireVXI,2014,"46,549kms",Petrol,Manual,₹2.20 Lakh,delhi-ncr
Honda,Honda AmazeSX i-VTEC,2016,"75,014kms",Petrol,Manual,₹2.83 Lakh,delhi-ncr
Hyundai,Hyundai Grand i101.2 Kappa Asta,2015,"99,833kms",Petrol,Manual,₹2.94 Lakh,delhi-ncr
Maruti,Maruti Wagon RVXI BS IV,2018,"37,968kms",Petrol,Manual,₹2.80 Lakh,delhi-ncr
Honda,Honda AmazeS i-Vtech,2015,"68,267kms",Petrol,Manual,₹2.21 Lakh,delhi-ncr
Hyundai,Hyundai Grand i101.2 Kappa Magna BSIV,2018,"72,057kms",Petrol,Manual,₹2.98 Lakh,delhi-ncr
Maruti,Maruti Wagon RCNG LXI,2014,"80,321kms",CNG,Manual,₹2.44 Lakh,delhi-ncr
Honda,Honda AmazeS i-Vtech,2015,"74,730kms",Petrol,Manual,₹2.59 Lakh,delhi-ncr
Hyundai,Hyundai Xcent1.2 Kappa S Option,2014,"97,811kms",Petrol,Manual,₹2.26 Lakh,delhi-ncr
Honda,Honda AmazeS i-Vtech,2014,"55,014kms",Petrol,Manual,₹2.32 Lakh,delhi-ncr
Maruti,Maruti Swift DzireVXI,2014,"49,364kms",Petrol,Manual,₹2.45 Lakh,delhi-ncr
Maruti,Maruti Wagon RAMT VXI,2018,"22,259kms",Petrol,Automatic,₹2.58 Lakh,delhi-ncr
Maruti,Maruti Alto 800LXi,2015,"1,03,493kms",Petrol,Manual,₹2.02 Lakh,delhi-ncr
Honda,Honda AmazeS i-VTEC,2015,"81,491kms",Petrol,Manual,₹2.76 Lakh,delhi-ncr
Honda,Honda AmazeS i-VTEC,2014,"39,753kms",Petrol,Manual,₹3 Lakh,delhi-ncr
Hyundai,Hyundai i10Magna 1.1L,2014,"38,066kms",Petrol,Manual,₹1.80 Lakh,delhi-ncr
Tata,Tata Tiago1.05 Revotorq XZ,2016,"77,558kms",Diesel,Manual,₹2.60 Lakh,delhi-ncr
Renault,Renault KWIDRXT,2017,"41,654kms",Petrol,Manual,₹2.22 Lakh,delhi-ncr
MG,MG HectorSmart DCT,2019,"32,506kms",Petrol,Automatic,₹8.61 Lakh,delhi-ncr
Maruti,Maruti Swift DzireVXI,2014,"46,549kms",Petrol,Manual,₹2.20 Lakh,delhi-ncr
Hyundai,Hyundai Grand i10AT Asta,2015,"27,338kms",Petrol,Automatic,₹2.84 Lakh,delhi-ncr
Toyota,Toyota EtiosG,2015,"65,292kms",Petrol,Manual,₹2.26 Lakh,delhi-ncr
Maruti,Maruti Wagon RVXI BS IV,2018,"37,968kms",Petrol,Manual,₹2.80 Lakh,delhi-ncr
Honda,Honda AmazeS i-VTEC,2015,"81,491kms",Petrol,Manual,₹2.76 Lakh,delhi-ncr
Honda,Honda AmazeS i-VTEC,2014,"39,753kms",Petrol,Manual,₹3 Lakh,delhi-ncr
Hyundai,Hyundai i10Magna 1.1L,2014,"38,066kms",Petrol,Manual,₹1.80 Lakh,delhi-ncr
Toyota,Toyota EtiosG,2014,"59,486kms",Petrol,Manual,₹2.24 Lakh,delhi-ncr
Honda,Honda AmazeS i-Vtech,2015,"68,267kms",Petrol,Manual,₹2.21 Lakh,delhi-ncr
Hyundai,Hyundai Grand i101.2 Kappa Magna BSIV,2018,"72,057kms",Petrol,Manual,₹2.98 Lakh,delhi-ncr
Maruti,Maruti Wagon RCNG LXI,2014,"80,321kms",CNG,Manual,₹2.44 Lakh,delhi-ncr
Maruti,Maruti Alto 800LXi,2015,"1,03,493kms",Petrol,Manual,₹2.02 Lakh,delhi-ncr
Maruti,Maruti Swift DzireVXI,2014,"49,364kms",Petrol,Manual,₹2.45 Lakh,delhi-ncr
Maruti,Maruti Wagon RAMT VXI,2018,"22,259kms",Petrol,Automatic,₹2.58 Lakh,delhi-ncr
Hyundai,Hyundai Xcent1.2 Kappa S Option,2014,"97,811kms",Petrol,Manual,₹2.26 Lakh,delhi-ncr
Honda,Honda AmazeS i-Vtech,2014,"55,014kms",Petrol,Manual,₹2.32 Lakh,delhi-ncr
Honda,Honda AmazeS i-Vtech,2015,"74,730kms",Petrol,Manual,₹2.59 Lakh,delhi-ncr
Tata,Tata Tiago1.05 Revotorq XZ,2016,"77,558kms",Diesel,Manual,₹2.60 Lakh,delhi-ncr
Renault,Renault KWIDRXT,2017,"41,654kms",Petrol,Manual,₹2.22 Lakh,delhi-ncr
MG,MG HectorSmart DCT,2019,"32,506kms",Petrol,Automatic,₹8.61 Lakh,delhi-ncr
Maruti,Maruti Swift DzireVXI,2014,"46,549kms",Petrol,Manual,₹2.20 Lakh,delhi-ncr
Honda,Honda AmazeSX i-VTEC,2016,"75,014kms",Petrol,Manual,₹2.83 Lakh,delhi-ncr
Renault,Renault KWIDRXL,2017,"29,313kms",Petrol,Manual,₹2.06 Lakh,delhi-ncr
Maruti,Maruti Wagon RVXI BS IV,2018,"37,968kms",Petrol,Manual,₹2.80 Lakh,delhi-ncr
Honda,Honda AmazeS i-VTEC,2015,"81,491kms",Petrol,Manual,₹2.76 Lakh,delhi-ncr
Honda,Honda AmazeS i-VTEC,2014,"39,753kms",Petrol,Manual,₹3 Lakh,delhi-ncr
Hyundai,Hyundai i10Magna 1.1L,2014,"38,066kms",Petrol,Manual,₹1.80 Lakh,delhi-ncr
Toyota,Toyota EtiosG,2014,"59,486kms",Petrol,Manual,₹2.24 Lakh,delhi-ncr
Honda,Honda AmazeS i-Vtech,2015,"68,267kms",Petrol,Manual,₹2.21 Lakh,delhi-ncr
Hyundai,Hyundai Grand i101.2 Kappa Magna BSIV,2018,"72,057kms",Petrol,Manual,₹2.98 Lakh,delhi-ncr
Maruti,Maruti Wagon RCNG LXI,2014,"80,321kms",CNG,Manual,₹2.44 Lakh,delhi-ncr
Maruti,Maruti Alto 800LXi,2015,"1,03,493kms",Petrol,Manual,₹2.02 Lakh,delhi-ncr
Maruti,Maruti Swift DzireVXI,2014,"49,364kms",Petrol,Manual,₹2.45 Lakh,delhi-ncr
Maruti,Maruti Wagon RAMT VXI,2018,"22,259kms",Petrol,Automatic,₹2.58 Lakh,delhi-ncr
Hyundai,Hyundai Xcent1.2 Kappa S Option,2014,"97,811kms",Petrol,Manual,₹2.26 Lakh,delhi-ncr
Honda,Honda AmazeS i-Vtech,2014,"55,014kms",Petrol,Manual,₹2.32 Lakh,delhi-ncr
Honda,Honda AmazeS i-Vtech,2015,"74,730kms",Petrol,Manual,₹2.59 Lakh,delhi-ncr
Tata,Tata Tiago1.05 Revotorq XZ,2016,"77,558kms",Diesel,Manual,₹2.60 Lakh,delhi-ncr
Renault,Renault KWIDRXT,2017,"41,654kms",Petrol,Manual,₹2.22 Lakh,delhi-ncr
MG,MG HectorSmart DCT,2019,"32,506kms",Petrol,Automatic,₹8.61 Lakh,delhi-ncr
Maruti,Maruti Swift DzireVXI,2014,"46,549kms",Petrol,Manual,₹2.20 Lakh,delhi-ncr
Honda,Honda AmazeSX i-VTEC,2016,"75,014kms",Petrol,Manual,₹2.83 Lakh,delhi-ncr
Renault,Renault KWIDRXL,2017,"29,313kms",Petrol,Manual,₹2.06 Lakh,delhi-ncr
Maruti,Maruti Wagon RVXI BS IV,2018,"37,968kms",Petrol,Manual,₹2.80 Lakh,delhi-ncr
Honda,Honda AmazeS i-VTEC,2015,"81,491kms",Petrol,Manual,₹2.76 Lakh,delhi-ncr
Honda,Honda AmazeS i-VTEC,2014,"39,753kms",Petrol,Manual,₹3 Lakh,delhi-ncr
Hyundai,Hyundai i10Magna 1.1L,2014,"38,066kms",Petrol,Manual,₹1.80 Lakh,delhi-ncr
Honda,Honda AmazeS i-Vtech,2015,"68,267kms",Petrol,Manual,₹2.21 Lakh,delhi-ncr
Hyundai,Hyundai Grand i101.2 Kappa Magna BSIV,2018,"72,057kms",Petrol,Manual,₹2.98 Lakh,delhi-ncr
Maruti,Maruti Wagon RCNG LXI,2014,"80,321kms",CNG,Manual,₹2.44 Lakh,delhi-ncr
Hyundai,Hyundai Xcent1.2 Kappa S Option,2014,"97,811kms",Petrol,Manual,₹2.26 Lakh,delhi-ncr
Honda,Honda AmazeS i-Vtech,2014,"55,014kms",Petrol,Manual,₹2.32 Lakh,delhi-ncr
Maruti,Maruti Swift DzireVXI,2014,"49,364kms",Petrol,Manual,₹2.45 Lakh,delhi-ncr
Maruti,Maruti Wagon RAMT VXI,2018,"22,259kms",Petrol,Automatic,₹2.58 Lakh,delhi-ncr
Maruti,Maruti Alto 800LXi,2015,"1,03,493kms",Petrol,Manual,₹2.02 Lakh,delhi-ncr
Toyota,Toyota EtiosG,2014,"59,486kms",Petrol,Manual,₹2.24 Lakh,delhi-ncr
Honda,Honda AmazeS i-Vtech,2015,"74,730kms",Petrol,Manual,₹2.59 Lakh,delhi-ncr
Tata,Tata Tiago1.05 Revotorq XZ,2016,"77,558kms",Diesel,Manual,₹2.60 Lakh,delhi-ncr
Renault,Renault KWIDRXT,2017,"41,654kms",Petrol,Manual,₹2.22 Lakh,delhi-ncr
MG,MG HectorSmart DCT,2019,"32,506kms",Petrol,Automatic,₹8.61 Lakh,delhi-ncr
Hyundai,Hyundai Grand i10AT Asta,2015,"27,338kms",Petrol,Automatic,₹2.84 Lakh,delhi-ncr
Maruti,Maruti Swift DzireVXI,2014,"46,549kms",Petrol,Manual,₹2.20 Lakh,delhi-ncr
Honda,Honda AmazeSX i-VTEC,2016,"75,014kms",Petrol,Manual,₹2.83 Lakh,delhi-ncr
Hyundai,Hyundai Grand i101.2 Kappa Asta,2015,"99,833kms",Petrol,Manual,₹2.94 Lakh,delhi-ncr
Maruti,Maruti Wagon RVXI BS IV,2018,"37,968kms",Petrol,Manual,₹2.80 Lakh,delhi-ncr
Honda,Honda AmazeS i-Vtech,2015,"68,267kms",Petrol,Manual,₹2.21 Lakh,delhi-ncr
Hyundai,Hyundai Grand i101.2 Kappa Magna BSIV,2018,"72,057kms",Petrol,Manual,₹2.98 Lakh,delhi-ncr
Maruti,Maruti Wagon RCNG LXI,2014,"80,321kms",CNG,Manual,₹2.44 Lakh,delhi-ncr
Honda,Honda AmazeS i-Vtech,2015,"74,730kms",Petrol,Manual,₹2.59 Lakh,delhi-ncr
Hyundai,Hyundai Xcent1.2 Kappa S Option,2014,"97,811kms",Petrol,Manual,₹2.26 Lakh,delhi-ncr
Honda,Honda AmazeS i-Vtech,2014,"55,014kms",Petrol,Manual,₹2.32 Lakh,delhi-ncr
Maruti,Maruti Swift DzireVXI,2014,"49,364kms",Petrol,Manual,₹2.45 Lakh,delhi-ncr
Maruti,Maruti Wagon RAMT VXI,2018,"22,259kms",Petrol,Automatic,₹2.58 Lakh,delhi-ncr
Maruti,Maruti Alto 800LXi,2015,"1,03,493kms",Petrol,Manual,₹2.02 Lakh,delhi-ncr
Honda,Honda AmazeS i-VTEC,2015,"81,491kms",Petrol,Manual,₹2.76 Lakh,delhi-ncr
Honda,Honda AmazeS i-VTEC,2014,"39,753kms",Petrol,Manual,₹3 Lakh,delhi-ncr
Hyundai,Hyundai i10Magna 1.1L,2014,"38,066kms",Petrol,Manual,₹1.80 Lakh,delhi-ncr
Tata,Tata Tiago1.05 Revotorq XZ,2016,"77,558kms",Diesel,Manual,₹2.60 Lakh,delhi-ncr
Renault,Renault KWIDRXT,2017,"41,654kms",Petrol,Manual,₹2.22 Lakh,delhi-ncr
MG,MG HectorSmart DCT,2019,"32,506kms",Petrol,Automatic,₹8.61 Lakh,delhi-ncr
Maruti,Maruti Swift DzireVXI,2014,"46,549kms",Petrol,Manual,₹2.20 Lakh,delhi-ncr
Hyundai,Hyundai Grand i10AT Asta,2015,"27,338kms",Petrol,Automatic,₹2.84 Lakh,delhi-ncr
Toyota,Toyota EtiosG,2015,"65,292kms",Petrol,Manual,₹2.26 Lakh,delhi-ncr
Maruti,Maruti Wagon RVXI BS IV,2018,"37,968kms",Petrol,Manual,₹2.80 Lakh,delhi-ncr
Honda,Honda AmazeS i-VTEC,2015,"81,491kms",Petrol,Manual,₹2.76 Lakh,delhi-ncr
Honda,Honda AmazeS i-VTEC,2014,"39,753kms",Petrol,Manual,₹3 Lakh,delhi-ncr
Hyundai,Hyundai i10Magna 1.1L,2014,"38,066kms",Petrol,Manual,₹1.80 Lakh,delhi-ncr
Honda,Honda AmazeS i-Vtech,2015,"68,267kms",Petrol,Manual,₹2.21 Lakh,delhi-ncr
Hyundai,Hyundai Grand i101.2 Kappa Magna BSIV,2018,"72,057kms",Petrol,Manual,₹2.98 Lakh,delhi-ncr
Maruti,Maruti Wagon RCNG LXI,2014,"80,321kms",CNG,Manual,₹2.44 Lakh,delhi-ncr
Hyundai,Hyundai Xcent1.2 Kappa S Option,2014,"97,811kms",Petrol,Manual,₹2.26 Lakh,delhi-ncr
Honda,Honda AmazeS i-Vtech,2014,"55,014kms",Petrol,Manual,₹2.32 Lakh,delhi-ncr
Maruti,Maruti Swift DzireVXI,2014,"49,364kms",Petrol,Manual,₹2.45 Lakh,delhi-ncr
Maruti,Maruti Wagon RAMT VXI,2018,"22,259kms",Petrol,Automatic,₹2.58 Lakh,delhi-ncr
Maruti,Maruti Alto 800LXi,2015,"1,03,493kms",Petrol,Manual,₹2.02 Lakh,delhi-ncr
Toyota,Toyota EtiosG,2014,"59,486kms",Petrol,Manual,₹2.24 Lakh,delhi-ncr
Honda,Honda AmazeS i-Vtech,2015,"74,730kms",Petrol,Manual,₹2.59 Lakh,delhi-ncr
Tata,Tata Tiago1.05 Revotorq XZ,2016,"77,558kms",Diesel,Manual,₹2.60 Lakh,delhi-ncr
Renault,Renault KWIDRXT,2017,"41,654kms",Petrol,Manual,₹2.22 Lakh,delhi-ncr
MG,MG HectorSmart DCT,2019,"32,506kms",Petrol,Automatic,₹8.61 Lakh,delhi-ncr
Hyundai,Hyundai Grand i10AT Asta,2015,"27,338kms",Petrol,Automatic,₹2.84 Lakh,delhi-ncr
Maruti,Maruti Swift DzireVXI,2014,"46,549kms",Petrol,Manual,₹2.20 Lakh,delhi-ncr
Honda,Honda AmazeSX i-VTEC,2016,"75,014kms",Petrol,Manual,₹2.83 Lakh,delhi-ncr
Hyundai,Hyundai Grand i101.2 Kappa Asta,2015,"99,833kms",Petrol,Manual,₹2.94 Lakh,delhi-ncr
Maruti,Maruti Wagon RVXI BS IV,2018,"37,968kms",Petrol,Manual,₹2.80 Lakh,delhi-ncr
Honda,Honda AmazeS i-Vtech,2015,"68,267kms",Petrol,Manual,₹2.21 Lakh,delhi-ncr
Hyundai,Hyundai Grand i101.2 Kappa Magna BSIV,2018,"72,057kms",Petrol,Manual,₹2.98 Lakh,delhi-ncr
Maruti,Maruti Wagon RCNG LXI,2014,"80,321kms",CNG,Manual,₹2.44 Lakh,delhi-ncr
Honda,Honda AmazeS i-Vtech,2015,"74,730kms",Petrol,Manual,₹2.59 Lakh,delhi-ncr
Hyundai,Hyundai Xcent1.2 Kappa S Option,2014,"97,811kms",Petrol,Manual,₹2.26 Lakh,delhi-ncr
Honda,Honda AmazeS i-Vtech,2014,"55,014kms",Petrol,Manual,₹2.32 Lakh,delhi-ncr
Maruti,Maruti Swift DzireVXI,2014,"49,364kms",Petrol,Manual,₹2.45 Lakh,delhi-ncr
Maruti,Maruti Wagon RAMT VXI,2018,"22,259kms",Petrol,Automatic,₹2.58 Lakh,delhi-ncr
Maruti,Maruti Alto 800LXi,2015,"1,03,493kms",Petrol,Manual,₹2.02 Lakh,delhi-ncr
Honda,Honda AmazeS i-VTEC,2015,"81,491kms",Petrol,Manual,₹2.76 Lakh,delhi-ncr
Honda,Honda AmazeS i-VTEC,2014,"39,753kms",Petrol,Manual,₹3 Lakh,delhi-ncr
Hyundai,Hyundai i10Magna 1.1L,2014,"38,066kms",Petrol,Manual,₹1.80 Lakh,delhi-ncr
Tata,Tata Tiago1.05 Revotorq XZ,2016,"77,558kms",Diesel,Manual,₹2.60 Lakh,delhi-ncr
Renault,Renault KWIDRXT,2017,"41,654kms",Petrol,Manual,₹2.22 Lakh,delhi-ncr
MG,MG HectorSmart DCT,2019,"32,506kms",Petrol,Automatic,₹8.61 Lakh,delhi-ncr
Maruti,Maruti Swift DzireVXI,2014,"46,549kms",Petrol,Manual,₹2.20 Lakh,delhi-ncr
Hyundai,Hyundai Grand i10AT Asta,2015,"27,338kms",Petrol,Automatic,₹2.84 Lakh,delhi-ncr
Toyota,Toyota EtiosG,2015,"65,292kms",Petrol,Manual,₹2.26 Lakh,delhi-ncr
Maruti,Maruti Wagon RVXI BS IV,2018,"37,968kms",Petrol,Manual,₹2.80 Lakh,delhi-ncr
Honda,Honda AmazeS i-VTEC,2015,"81,491kms",Petrol,Manual,₹2.76 Lakh,delhi-ncr
Honda,Honda AmazeS i-VTEC,2014,"39,753kms",Petrol,Manual,₹3 Lakh,delhi-ncr
Hyundai,Hyundai i10Magna 1.1L,2014,"38,066kms",Petrol,Manual,₹1.80 Lakh,delhi-ncr
Toyota,Toyota EtiosG,2014,"59,486kms",Petrol,Manual,₹2.24 Lakh,delhi-ncr
Honda,Honda AmazeS i-Vtech,2015,"68,267kms",Petrol,Manual,₹2.21 Lakh,delhi-ncr
Hyundai,Hyundai Grand i101.2 Kappa Magna BSIV,2018,"72,057kms",Petrol,Manual,₹2.98 Lakh,delhi-ncr
Maruti,Maruti Wagon RCNG LXI,2014,"80,321kms",CNG,Manual,₹2.44 Lakh,delhi-ncr
Maruti,Maruti Alto 800LXi,2015,"1,03,493kms",Petrol,Manual,₹2.02 Lakh,delhi-ncr
Maruti,Maruti Swift DzireVXI,2014,"49,364kms",Petrol,Manual,₹2.45 Lakh,delhi-ncr
Maruti,Maruti Wagon RAMT VXI,2018,"22,259kms",Petrol,Automatic,₹2.58 Lakh,delhi-ncr
Hyundai,Hyundai Xcent1.2 Kappa S Option,2014,"97,811kms",Petrol,Manual,₹2.26 Lakh,delhi-ncr
Honda,Honda AmazeS i-Vtech,2014,"55,014kms",Petrol,Manual,₹2.32 Lakh,delhi-ncr
Honda,Honda AmazeS i-Vtech,2015,"74,730kms",Petrol,Manual,₹2.59 Lakh,delhi-ncr
Tata,Tata Tiago1.05 Revotorq XZ,2016,"77,558kms",Diesel,Manual,₹2.60 Lakh,delhi-ncr
Renault,Renault KWIDRXT,2017,"41,654kms",Petrol,Manual,₹2.22 Lakh,delhi-ncr
MG,MG HectorSmart DCT,2019,"32,506kms",Petrol,Automatic,₹8.61 Lakh,delhi-ncr
Maruti,Maruti Swift DzireVXI,2014,"46,549kms",Petrol,Manual,₹2.20 Lakh,delhi-ncr
Honda,Honda AmazeSX i-VTEC,2016,"75,014kms",Petrol,Manual,₹2.83 Lakh,delhi-ncr
Renault,Renault KWIDRXL,2017,"29,313kms",Petrol,Manual,₹2.06 Lakh,delhi-ncr
Hyundai,Hyundai Grand i101.2 Kappa Asta,2015,"99,833kms",Petrol,Manual,₹2.94 Lakh,delhi-ncr
Maruti,Maruti Wagon RVXI BS IV,2018,"37,968kms",Petrol,Manual,₹2.80 Lakh,delhi-ncr
Honda,Honda AmazeS i-Vtech,2015,"68,267kms",Petrol,Manual,₹2.21 Lakh,delhi-ncr
Hyundai,Hyundai Grand i101.2 Kappa Magna BSIV,2018,"72,057kms",Petrol,Manual,₹2.98 Lakh,delhi-ncr
Maruti,Maruti Wagon RCNG LXI,2014,"80,321kms",CNG,Manual,₹2.44 Lakh,delhi-ncr
Honda,Honda AmazeS i-Vtech,2015,"74,730kms",Petrol,Manual,₹2.59 Lakh,delhi-ncr
Hyundai,Hyundai Xcent1.2 Kappa S Option,2014,"97,811kms",Petrol,Manual,₹2.26 Lakh,delhi-ncr
Honda,Honda AmazeS i-Vtech,2014,"55,014kms",Petrol,Manual,₹2.32 Lakh,delhi-ncr
Maruti,Maruti Swift DzireVXI,2014,"49,364kms",Petrol,Manual,₹2.45 Lakh,delhi-ncr
Maruti,Maruti Wagon RAMT VXI,2018,"22,259kms",Petrol,Automatic,₹2.58 Lakh,delhi-ncr
Maruti,Maruti Alto 800LXi,2015,"1,03,493kms",Petrol,Manual,₹2.02 Lakh,delhi-ncr
Honda,Honda AmazeS i-VTEC,2015,"81,491kms",Petrol,Manual,₹2.76 Lakh,delhi-ncr
Honda,Honda AmazeS i-VTEC,2014,"39,753kms",Petrol,Manual,₹3 Lakh,delhi-ncr
Hyundai,Hyundai i10Magna 1.1L,2014,"38,066kms",Petrol,Manual,₹1.80 Lakh,delhi-ncr
Tata,Tata Tiago1.05 Revotorq XZ,2016,"77,558kms",Diesel,Manual,₹2.60 Lakh,delhi-ncr
Renault,Renault KWIDRXT,2017,"41,654kms",Petrol,Manual,₹2.22 Lakh,delhi-ncr
MG,MG HectorSmart DCT,2019,"32,506kms",Petrol,Automatic,₹8.61 Lakh,delhi-ncr
Maruti,Maruti Swift DzireVXI,2014,"46,549kms",Petrol,Manual,₹2.20 Lakh,delhi-ncr
Hyundai,Hyundai Grand i10AT Asta,2015,"27,338kms",Petrol,Automatic,₹2.84 Lakh,delhi-ncr
Toyota,Toyota EtiosG,2015,"65,292kms",Petrol,Manual,₹2.26 Lakh,delhi-ncr
Maruti,Maruti Wagon RVXI BS IV,2018,"37,968kms",Petrol,Manual,₹2.80 Lakh,delhi-ncr
Honda,Honda AmazeS i-VTEC,2015,"81,491kms",Petrol,Manual,₹2.76 Lakh,delhi-ncr
Honda,Honda AmazeS i-VTEC,2014,"39,753kms",Petrol,Manual,₹3 Lakh,delhi-ncr
Hyundai,Hyundai i10Magna 1.1L,2014,"38,066kms",Petrol,Manual,₹1.80 Lakh,delhi-ncr
Honda,Honda AmazeS i-Vtech,2015,"68,267kms",Petrol,Manual,₹2.21 Lakh,delhi-ncr
Hyundai,Hyundai Grand i101.2 Kappa Magna BSIV,2018,"72,057kms",Petrol,Manual,₹2.98 Lakh,delhi-ncr
Maruti,Maruti Wagon RCNG LXI,2014,"80,321kms",CNG,Manual,₹2.44 Lakh,delhi-ncr
Hyundai,Hyundai Xcent1.2 Kappa S Option,2014,"97,811kms",Petrol,Manual,₹2.26 Lakh,delhi-ncr
Honda,Honda AmazeS i-Vtech,2014,"55,014kms",Petrol,Manual,₹2.32 Lakh,delhi-ncr
Maruti,Maruti Swift DzireVXI,2014,"49,364kms",Petrol,Manual,₹2.45 Lakh,delhi-ncr
Maruti,Maruti Wagon RAMT VXI,2018,"22,259kms",Petrol,Automatic,₹2.58 Lakh,delhi-ncr
Maruti,Maruti Alto 800LXi,2015,"1,03,493kms",Petrol,Manual,₹2.02 Lakh,delhi-ncr
Toyota,Toyota EtiosG,2014,"59,486kms",Petrol,Manual,₹2.24 Lakh,delhi-ncr
Honda,Honda AmazeS i-Vtech,2015,"74,730kms",Petrol,Manual,₹2.59 Lakh,delhi-ncr
Tata,Tata Tiago1.05 Revotorq XZ,2016,"77,558kms",Diesel,Manual,₹2.60 Lakh,delhi-ncr
Renault,Renault KWIDRXT,2017,"41,654kms",Petrol,Manual,₹2.22 Lakh,delhi-ncr
MG,MG HectorSmart DCT,2019,"32,506kms",Petrol,Automatic,₹8.61 Lakh,delhi-ncr
Hyundai,Hyundai Grand i10AT Asta,2015,"27,338kms",Petrol,Automatic,₹2.84 Lakh,delhi-ncr
Maruti,Maruti Swift DzireVXI,2014,"46,549kms",Petrol,Manual,₹2.20 Lakh,delhi-ncr
Honda,Honda AmazeSX i-VTEC,2016,"75,014kms",Petrol,Manual,₹2.83 Lakh,delhi-ncr
Hyundai,Hyundai Grand i101.2 Kappa Asta,2015,"99,833kms",Petrol,Manual,₹2.94 Lakh,delhi-ncr
Maruti,Maruti Wagon RVXI BS IV,2018,"37,968kms",Petrol,Manual,₹2.80 Lakh,delhi-ncr
Honda,Honda AmazeS i-Vtech,2015,"68,267kms",Petrol,Manual,₹2.21 Lakh,delhi-ncr
Hyundai,Hyundai Grand i101.2 Kappa Magna BSIV,2018,"72,057kms",Petrol,Manual,₹2.98 Lakh,delhi-ncr
Maruti,Maruti Wagon RCNG LXI,2014,"80,321kms",CNG,Manual,₹2.44 Lakh,delhi-ncr
Honda,Honda AmazeS i-Vtech,2015,"74,730kms",Petrol,Manual,₹2.59 Lakh,delhi-ncr
Hyundai,Hyundai Xcent1.2 Kappa S Option,2014,"97,811kms",Petrol,Manual,₹2.26 Lakh,delhi-ncr
Honda,Honda AmazeS i-Vtech,2014,"55,014kms",Petrol,Manual,₹2.32 Lakh,delhi-ncr
Maruti,Maruti Swift DzireVXI,2014,"49,364kms",Petrol,Manual,₹2.45 Lakh,delhi-ncr
Maruti,Maruti Wagon RAMT VXI,2018,"22,259kms",Petrol,Automatic,₹2.58 Lakh,delhi-ncr
Maruti,Maruti Alto 800LXi,2015,"1,03,493kms",Petrol,Manual,₹2.02 Lakh,delhi-ncr
Honda,Honda AmazeS i-VTEC,2015,"81,491kms",Petrol,Manual,₹2.76 Lakh,delhi-ncr
Honda,Honda AmazeS i-VTEC,2014,"39,753kms",Petrol,Manual,₹3 Lakh,delhi-ncr
Hyundai,Hyundai i10Magna 1.1L,2014,"38,066kms",Petrol,Manual,₹1.80 Lakh,delhi-ncr
Tata,Tata Tiago1.05 Revotorq XZ,2016,"77,558kms",Diesel,Manual,₹2.60 Lakh,delhi-ncr
Renault,Renault KWIDRXT,2017,"41,654kms",Petrol,Manual,₹2.22 Lakh,delhi-ncr
MG,MG HectorSmart DCT,2019,"32,506kms",Petrol,Automatic,₹8.61 Lakh,delhi-ncr
Maruti,Maruti Swift DzireVXI,2014,"46,549kms",Petrol,Manual,₹2.20 Lakh,delhi-ncr
Hyundai,Hyundai Grand i10AT Asta,2015,"27,338kms",Petrol,Automatic,₹2.84 Lakh,delhi-ncr
Toyota,Toyota EtiosG,2015,"65,292kms",Petrol,Manual,₹2.26 Lakh,delhi-ncr
Maruti,Maruti Wagon RVXI BS IV,2018,"37,968kms",Petrol,Manual,₹2.80 Lakh,delhi-ncr
Honda,Honda AmazeS i-VTEC,2015,"81,491kms",Petrol,Manual,₹2.76 Lakh,delhi-ncr
Honda,Honda AmazeS i-VTEC,2014,"39,753kms",Petrol,Manual,₹3 Lakh,delhi-ncr
Hyundai,Hyundai i10Magna 1.1L,2014,"38,066kms",Petrol,Manual,₹1.80 Lakh,delhi-ncr
Honda,Honda AmazeS i-Vtech,2015,"68,267kms",Petrol,Manual,₹2.21 Lakh,delhi-ncr
Hyundai,Hyundai Grand i101.2 Kappa Magna BSIV,2018,"72,057kms",Petrol,Manual,₹2.98 Lakh,delhi-ncr
Maruti,Maruti Wagon RCNG LXI,2014,"80,321kms",CNG,Manual,₹2.44 Lakh,delhi-ncr
Hyundai,Hyundai Xcent1.2 Kappa S Option,2014,"97,811kms",Petrol,Manual,₹2.26 Lakh,delhi-ncr
Honda,Honda AmazeS i-Vtech,2014,"55,014kms",Petrol,Manual,₹2.32 Lakh,delhi-ncr
Maruti,Maruti Swift DzireVXI,2014,"49,364kms",Petrol,Manual,₹2.45 Lakh,delhi-ncr
Maruti,Maruti Wagon RAMT VXI,2018,"22,259kms",Petrol,Automatic,₹2.58 Lakh,delhi-ncr
Maruti,Maruti Alto 800LXi,2015,"1,03,493kms",Petrol,Manual,₹2.02 Lakh,delhi-ncr
Toyota,Toyota EtiosG,2014,"59,486kms",Petrol,Manual,₹2.24 Lakh,delhi-ncr
Honda,Honda AmazeS i-Vtech,2015,"74,730kms",Petrol,Manual,₹2.59 Lakh,delhi-ncr
Tata,Tata Tiago1.05 Revotorq XZ,2016,"77,558kms",Diesel,Manual,₹2.60 Lakh,delhi-ncr
Renault,Renault KWIDRXT,2017,"41,654kms",Petrol,Manual,₹2.22 Lakh,delhi-ncr
MG,MG HectorSmart DCT,2019,"32,506kms",Petrol,Automatic,₹8.61 Lakh,delhi-ncr
Hyundai,Hyundai Grand i10AT Asta,2015,"27,338kms",Petrol,Automatic,₹2.84 Lakh,delhi-ncr
Maruti,Maruti Swift DzireVXI,2014,"46,549kms",Petrol,Manual,₹2.20 Lakh,delhi-ncr
Honda,Honda AmazeSX i-VTEC,2016,"75,014kms",Petrol,Manual,₹2.83 Lakh,delhi-ncr
Maruti,Maruti Wagon RVXI BS IV,2018,"37,968kms",Petrol,Manual,₹2.80 Lakh,delhi-ncr
Honda,Honda AmazeS i-VTEC,2015,"81,491kms",Petrol,Manual,₹2.76 Lakh,delhi-ncr
Honda,Honda AmazeS i-VTEC,2014,"39,753kms",Petrol,Manual,₹3 Lakh,delhi-ncr
Hyundai,Hyundai i10Magna 1.1L,2014,"38,066kms",Petrol,Manual,₹1.80 Lakh,delhi-ncr
Honda,Honda AmazeS i-Vtech,2015,"68,267kms",Petrol,Manual,₹2.21 Lakh,delhi-ncr
Hyundai,Hyundai Grand i101.2 Kappa Magna BSIV,2018,"72,057kms",Petrol,Manual,₹2.98 Lakh,delhi-ncr
Maruti,Maruti Wagon RCNG LXI,2014,"80,321kms",CNG,Manual,₹2.44 Lakh,delhi-ncr
Hyundai,Hyundai Xcent1.2 Kappa S Option,2014,"97,811kms",Petrol,Manual,₹2.26 Lakh,delhi-ncr
Honda,Honda AmazeS i-Vtech,2014,"55,014kms",Petrol,Manual,₹2.32 Lakh,delhi-ncr
Maruti,Maruti Swift DzireVXI,2014,"49,364kms",Petrol,Manual,₹2.45 Lakh,delhi-ncr
Maruti,Maruti Wagon RAMT VXI,2018,"22,259kms",Petrol,Automatic,₹2.58 Lakh,delhi-ncr
Maruti,Maruti Alto 800LXi,2015,"1,03,493kms",Petrol,Manual,₹2.02 Lakh,delhi-ncr
Toyota,Toyota EtiosG,2014,"59,486kms",Petrol,Manual,₹2.24 Lakh,delhi-ncr
Honda,Honda AmazeS i-Vtech,2015,"74,730kms",Petrol,Manual,₹2.59 Lakh,delhi-ncr
Tata,Tata Tiago1.05 Revotorq XZ,2016,"77,558kms",Diesel,Manual,₹2.60 Lakh,delhi-ncr
Renault,Renault KWIDRXT,2017,"41,654kms",Petrol,Manual,₹2.22 Lakh,delhi-ncr
MG,MG HectorSmart DCT,2019,"32,506kms",Petrol,Automatic,₹8.61 Lakh,delhi-ncr
Hyundai,Hyundai Grand i10AT Asta,2015,"27,338kms",Petrol,Automatic,₹2.84 Lakh,delhi-ncr
Maruti,Maruti Swift DzireVXI,2014,"46,549kms",Petrol,Manual,₹2.20 Lakh,delhi-ncr
Honda,Honda AmazeSX i-VTEC,2016,"75,014kms",Petrol,Manual,₹2.83 Lakh,delhi-ncr
Maruti,Maruti Wagon RVXI BS IV,2018,"37,968kms",Petrol,Manual,₹2.80 Lakh,delhi-ncr
Honda,Honda AmazeS i-VTEC,2015,"81,491kms",Petrol,Manual,₹2.76 Lakh,delhi-ncr
Honda,Honda AmazeS i-VTEC,2014,"39,753kms",Petrol,Manual,₹3 Lakh,delhi-ncr
Hyundai,Hyundai i10Magna 1.1L,2014,"38,066kms",Petrol,Manual,₹1.80 Lakh,delhi-ncr
Honda,Honda AmazeS i-Vtech,2015,"68,267kms",Petrol,Manual,₹2.21 Lakh,delhi-ncr
Hyundai,Hyundai Grand i101.2 Kappa Magna BSIV,2018,"72,057kms",Petrol,Manual,₹2.98 Lakh,delhi-ncr
Maruti,Maruti Wagon RCNG LXI,2014,"80,321kms",CNG,Manual,₹2.44 Lakh,delhi-ncr
Hyundai,Hyundai Xcent1.2 Kappa S Option,2014,"97,811kms",Petrol,Manual,₹2.26 Lakh,delhi-ncr
Honda,Honda AmazeS i-Vtech,2014,"55,014kms",Petrol,Manual,₹2.32 Lakh,delhi-ncr
Maruti,Maruti Swift DzireVXI,2014,"49,364kms",Petrol,Manual,₹2.45 Lakh,delhi-ncr
Maruti,Maruti Wagon RAMT VXI,2018,"22,259kms",Petrol,Automatic,₹2.58 Lakh,delhi-ncr
Maruti,Maruti Alto 800LXi,2015,"1,03,493kms",Petrol,Manual,₹2.02 Lakh,delhi-ncr
Toyota,Toyota EtiosG,2014,"59,486kms",Petrol,Manual,₹2.24 Lakh,delhi-ncr
Honda,Honda AmazeS i-Vtech,2015,"74,730kms",Petrol,Manual,₹2.59 Lakh,delhi-ncr
Tata,Tata Tiago1.05 Revotorq XZ,2016,"77,558kms",Diesel,Manual,₹2.60 Lakh,delhi-ncr
Renault,Renault KWIDRXT,2017,"41,654kms",Petrol,Manual,₹2.22 Lakh,delhi-ncr
MG,MG HectorSmart DCT,2019,"32,506kms",Petrol,Automatic,₹8.61 Lakh,delhi-ncr
Hyundai,Hyundai Grand i10AT Asta,2015,"27,338kms",Petrol,Automatic,₹2.84 Lakh,delhi-ncr
Maruti,Maruti Swift DzireVXI,2014,"46,549kms",Petrol,Manual,₹2.20 Lakh,delhi-ncr
Honda,Honda AmazeSX i-VTEC,2016,"75,014kms",Petrol,Manual,₹2.83 Lakh,delhi-ncr
Maruti,Maruti Wagon RVXI BS IV,2018,"37,968kms",Petrol,Manual,₹2.80 Lakh,delhi-ncr
Honda,Honda AmazeS i-VTEC,2015,"81,491kms",Petrol,Manual,₹2.76 Lakh,delhi-ncr
Honda,Honda AmazeS i-VTEC,2014,"39,753kms",Petrol,Manual,₹3 Lakh,delhi-ncr
Hyundai,Hyundai i10Magna 1.1L,2014,"38,066kms",Petrol,Manual,₹1.80 Lakh,delhi-ncr
Toyota,Toyota EtiosG,2014,"59,486kms",Petrol,Manual,₹2.24 Lakh,delhi-ncr
Honda,Honda AmazeS i-Vtech,2015,"68,267kms",Petrol,Manual,₹2.21 Lakh,delhi-ncr
Hyundai,Hyundai Grand i101.2 Kappa Magna BSIV,2018,"72,057kms",Petrol,Manual,₹2.98 Lakh,delhi-ncr
Maruti,Maruti Wagon RCNG LXI,2014,"80,321kms",CNG,Manual,₹2.44 Lakh,delhi-ncr
Maruti,Maruti Alto 800LXi,2015,"1,03,493kms",Petrol,Manual,₹2.02 Lakh,delhi-ncr
Maruti,Maruti Swift DzireVXI,2014,"49,364kms",Petrol,Manual,₹2.45 Lakh,delhi-ncr
Maruti,Maruti Wagon RAMT VXI,2018,"22,259kms",Petrol,Automatic,₹2.58 Lakh,delhi-ncr
Hyundai,Hyundai Xcent1.2 Kappa S Option,2014,"97,811kms",Petrol,Manual,₹2.26 Lakh,delhi-ncr
Honda,Honda AmazeS i-Vtech,2014,"55,014kms",Petrol,Manual,₹2.32 Lakh,delhi-ncr
Honda,Honda AmazeS i-Vtech,2015,"74,730kms",Petrol,Manual,₹2.59 Lakh,delhi-ncr
Tata,Tata Tiago1.05 Revotorq XZ,2016,"77,558kms",Diesel,Manual,₹2.60 Lakh,delhi-ncr
Renault,Renault KWIDRXT,2017,"41,654kms",Petrol,Manual,₹2.22 Lakh,delhi-ncr
MG,MG HectorSmart DCT,2019,"32,506kms",Petrol,Automatic,₹8.61 Lakh,delhi-ncr
Maruti,Maruti Swift DzireVXI,2014,"46,549kms",Petrol,Manual,₹2.20 Lakh,delhi-ncr
Honda,Honda AmazeSX i-VTEC,2016,"75,014kms",Petrol,Manual,₹2.83 Lakh,delhi-ncr
Renault,Renault KWIDRXL,2017,"29,313kms",Petrol,Manual,₹2.06 Lakh,delhi-ncr
Hyundai,Hyundai Grand i101.2 Kappa Asta,2015,"99,833kms",Petrol,Manual,₹2.94 Lakh,delhi-ncr
Maruti,Maruti Wagon RVXI BS IV,2018,"37,968kms",Petrol,Manual,₹2.80 Lakh,delhi-ncr
Honda,Honda AmazeS i-Vtech,2015,"68,267kms",Petrol,Manual,₹2.21 Lakh,delhi-ncr
Hyundai,Hyundai Grand i101.2 Kappa Magna BSIV,2018,"72,057kms",Petrol,Manual,₹2.98 Lakh,delhi-ncr
Maruti,Maruti Wagon RCNG LXI,2014,"80,321kms",CNG,Manual,₹2.44 Lakh,delhi-ncr
Honda,Honda AmazeS i-Vtech,2015,"74,730kms",Petrol,Manual,₹2.59 Lakh,delhi-ncr
Hyundai,Hyundai Xcent1.2 Kappa S Option,2014,"97,811kms",Petrol,Manual,₹2.26 Lakh,delhi-ncr
Honda,Honda AmazeS i-Vtech,2014,"55,014kms",Petrol,Manual,₹2.32 Lakh,delhi-ncr
Maruti,Maruti Swift DzireVXI,2014,"49,364kms",Petrol,Manual,₹2.45 Lakh,delhi-ncr
Maruti,Maruti Wagon RAMT VXI,2018,"22,259kms",Petrol,Automatic,₹2.58 Lakh,delhi-ncr
Maruti,Maruti Alto 800LXi,2015,"1,03,493kms",Petrol,Manual,₹2.02 Lakh,delhi-ncr
Honda,Honda AmazeS i-VTEC,2015,"81,491kms",Petrol,Manual,₹2.76 Lakh,delhi-ncr
Honda,Honda AmazeS i-VTEC,2014,"39,753kms",Petrol,Manual,₹3 Lakh,delhi-ncr
Hyundai,Hyundai i10Magna 1.1L,2014,"38,066kms",Petrol,Manual,₹1.80 Lakh,delhi-ncr
Tata,Tata Tiago1.05 Revotorq XZ,2016,"77,558kms",Diesel,Manual,₹2.60 Lakh,delhi-ncr
Renault,Renault KWIDRXT,2017,"41,654kms",Petrol,Manual,₹2.22 Lakh,delhi-ncr
MG,MG HectorSmart DCT,2019,"32,506kms",Petrol,Automatic,₹8.61 Lakh,delhi-ncr
Maruti,Maruti Swift DzireVXI,2014,"46,549kms",Petrol,Manual,₹2.20 Lakh,delhi-ncr
Hyundai,Hyundai Grand i10AT Asta,2015,"27,338kms",Petrol,Automatic,₹2.84 Lakh,delhi-ncr
Toyota,Toyota EtiosG,2015,"65,292kms",Petrol,Manual,₹2.26 Lakh,delhi-ncr
Maruti,Maruti Wagon RVXI BS IV,2018,"37,968kms",Petrol,Manual,₹2.80 Lakh,delhi-ncr
Honda,Honda AmazeS i-VTEC,2015,"81,491kms",Petrol,Manual,₹2.76 Lakh,delhi-ncr
Honda,Honda AmazeS i-VTEC,2014,"39,753kms",Petrol,Manual,₹3 Lakh,delhi-ncr
Hyundai,Hyundai i10Magna 1.1L,2014,"38,066kms",Petrol,Manual,₹1.80 Lakh,delhi-ncr
Honda,Honda AmazeS i-Vtech,2015,"68,267kms",Petrol,Manual,₹2.21 Lakh,delhi-ncr
Hyundai,Hyundai Grand i101.2 Kappa Magna BSIV,2018,"72,057kms",Petrol,Manual,₹2.98 Lakh,delhi-ncr
Maruti,Maruti Wagon RCNG LXI,2014,"80,321kms",CNG,Manual,₹2.44 Lakh,delhi-ncr
Hyundai,Hyundai Xcent1.2 Kappa S Option,2014,"97,811kms",Petrol,Manual,₹2.26 Lakh,delhi-ncr
Honda,Honda AmazeS i-Vtech,2014,"55,014kms",Petrol,Manual,₹2.32 Lakh,delhi-ncr
Maruti,Maruti Swift DzireVXI,2014,"49,364kms",Petrol,Manual,₹2.45 Lakh,delhi-ncr
Maruti,Maruti Wagon RAMT VXI,2018,"22,259kms",Petrol,Automatic,₹2.58 Lakh,delhi-ncr
Maruti,Maruti Alto 800LXi,2015,"1,03,493kms",Petrol,Manual,₹2.02 Lakh,delhi-ncr
Toyota,Toyota EtiosG,2014,"59,486kms",Petrol,Manual,₹2.24 Lakh,delhi-ncr
Honda,Honda AmazeS i-Vtech,2015,"74,730kms",Petrol,Manual,₹2.59 Lakh,delhi-ncr
Tata,Tata Tiago1.05 Revotorq XZ,2016,"77,558kms",Diesel,Manual,₹2.60 Lakh,delhi-ncr
Renault,Renault KWIDRXT,2017,"41,654kms",Petrol,Manual,₹2.22 Lakh,delhi-ncr
MG,MG HectorSmart DCT,2019,"32,506kms",Petrol,Automatic,₹8.61 Lakh,delhi-ncr
Hyundai,Hyundai Grand i10AT Asta,2015,"27,338kms",Petrol,Automatic,₹2.84 Lakh,delhi-ncr
Maruti,Maruti Swift DzireVXI,2014,"46,549kms",Petrol,Manual,₹2.20 Lakh,delhi-ncr
Honda,Honda AmazeSX i-VTEC,2016,"75,014kms",Petrol,Manual,₹2.83 Lakh,delhi-ncr
Hyundai,Hyundai Grand i101.2 Kappa Asta,2015,"99,833kms",Petrol,Manual,₹2.94 Lakh,delhi-ncr
Maruti,Maruti Wagon RVXI BS IV,2018,"37,968kms",Petrol,Manual,₹2.80 Lakh,delhi-ncr
Honda,Honda AmazeS i-Vtech,2015,"68,267kms",Petrol,Manual,₹2.21 Lakh,delhi-ncr
Hyundai,Hyundai Grand i101.2 Kappa Magna BSIV,2018,"72,057kms",Petrol,Manual,₹2.98 Lakh,delhi-ncr
Maruti,Maruti Wagon RCNG LXI,2014,"80,321kms",CNG,Manual,₹2.44 Lakh,delhi-ncr
Honda,Honda AmazeS i-Vtech,2015,"74,730kms",Petrol,Manual,₹2.59 Lakh,delhi-ncr
Hyundai,Hyundai Xcent1.2 Kappa S Option,2014,"97,811kms",Petrol,Manual,₹2.26 Lakh,delhi-ncr
Honda,Honda AmazeS i-Vtech,2014,"55,014kms",Petrol,Manual,₹2.32 Lakh,delhi-ncr
Maruti,Maruti Swift DzireVXI,2014,"49,364kms",Petrol,Manual,₹2.45 Lakh,delhi-ncr
Maruti,Maruti Wagon RAMT VXI,2018,"22,259kms",Petrol,Automatic,₹2.58 Lakh,delhi-ncr
Maruti,Maruti Alto 800LXi,2015,"1,03,493kms",Petrol,Manual,₹2.02 Lakh,delhi-ncr
Honda,Honda AmazeS i-VTEC,2015,"81,491kms",Petrol,Manual,₹2.76 Lakh,delhi-ncr
Honda,Honda AmazeS i-VTEC,2014,"39,753kms",Petrol,Manual,₹3 Lakh,delhi-ncr
Hyundai,Hyundai i10Magna 1.1L,2014,"38,066kms",Petrol,Manual,₹1.80 Lakh,delhi-ncr
Tata,Tata Tiago1.05 Revotorq XZ,2016,"77,558kms",Diesel,Manual,₹2.60 Lakh,delhi-ncr
Renault,Renault KWIDRXT,2017,"41,654kms",Petrol,Manual,₹2.22 Lakh,delhi-ncr
MG,MG HectorSmart DCT,2019,"32,506kms",Petrol,Automatic,₹8.61 Lakh,delhi-ncr
Maruti,Maruti Swift DzireVXI,2014,"46,549kms",Petrol,Manual,₹2.20 Lakh,delhi-ncr
Hyundai,Hyundai Grand i10AT Asta,2015,"27,338kms",Petrol,Automatic,₹2.84 Lakh,delhi-ncr
Toyota,Toyota EtiosG,2015,"65,292kms",Petrol,Manual,₹2.26 Lakh,delhi-ncr
Maruti,Maruti Wagon RVXI BS IV,2018,"37,968kms",Petrol,Manual,₹2.80 Lakh,delhi-ncr
Honda,Honda AmazeS i-VTEC,2015,"81,491kms",Petrol,Manual,₹2.76 Lakh,delhi-ncr
Honda,Honda AmazeS i-VTEC,2014,"39,753kms",Petrol,Manual,₹3 Lakh,delhi-ncr
Hyundai,Hyundai i10Magna 1.1L,2014,"38,066kms",Petrol,Manual,₹1.80 Lakh,delhi-ncr
Toyota,Toyota EtiosG,2014,"59,486kms",Petrol,Manual,₹2.24 Lakh,delhi-ncr
Honda,Honda AmazeS i-Vtech,2015,"68,267kms",Petrol,Manual,₹2.21 Lakh,delhi-ncr
Hyundai,Hyundai Grand i101.2 Kappa Magna BSIV,2018,"72,057kms",Petrol,Manual,₹2.98 Lakh,delhi-ncr
Maruti,Maruti Wagon RCNG LXI,2014,"80,321kms",CNG,Manual,₹2.44 Lakh,delhi-ncr
Maruti,Maruti Alto 800LXi,2015,"1,03,493kms",Petrol,Manual,₹2.02 Lakh,delhi-ncr
Maruti,Maruti Swift DzireVXI,2014,"49,364kms",Petrol,Manual,₹2.45 Lakh,delhi-ncr
Maruti,Maruti Wagon RAMT VXI,2018,"22,259kms",Petrol,Automatic,₹2.58 Lakh,delhi-ncr
Hyundai,Hyundai Xcent1.2 Kappa S Option,2014,"97,811kms",Petrol,Manual,₹2.26 Lakh,delhi-ncr
Honda,Honda AmazeS i-Vtech,2014,"55,014kms",Petrol,Manual,₹2.32 Lakh,delhi-ncr
Honda,Honda AmazeS i-Vtech,2015,"74,730kms",Petrol,Manual,₹2.59 Lakh,delhi-ncr
Tata,Tata Tiago1.05 Revotorq XZ,2016,"77,558kms",Diesel,Manual,₹2.60 Lakh,delhi-ncr
Renault,Renault KWIDRXT,2017,"41,654kms",Petrol,Manual,₹2.22 Lakh,delhi-ncr
MG,MG HectorSmart DCT,2019,"32,506kms",Petrol,Automatic,₹8.61 Lakh,delhi-ncr
Maruti,Maruti Swift DzireVXI,2014,"46,549kms",Petrol,Manual,₹2.20 Lakh,delhi-ncr
Honda,Honda AmazeSX i-VTEC,2016,"75,014kms",Petrol,Manual,₹2.83 Lakh,delhi-ncr
Renault,Renault KWIDRXL,2017,"29,313kms",Petrol,Manual,₹2.06 Lakh,delhi-ncr
Hyundai,Hyundai Grand i101.2 Kappa Asta,2015,"99,833kms",Petrol,Manual,₹2.94 Lakh,delhi-ncr
Maruti,Maruti Wagon RVXI BS IV,2018,"37,968kms",Petrol,Manual,₹2.80 Lakh,delhi-ncr
Honda,Honda AmazeS i-Vtech,2015,"68,267kms",Petrol,Manual,₹2.21 Lakh,delhi-ncr
Hyundai,Hyundai Grand i101.2 Kappa Magna BSIV,2018,"72,057kms",Petrol,Manual,₹2.98 Lakh,delhi-ncr
Maruti,Maruti Wagon RCNG LXI,2014,"80,321kms",CNG,Manual,₹2.44 Lakh,delhi-ncr
Honda,Honda AmazeS i-Vtech,2015,"74,730kms",Petrol,Manual,₹2.59 Lakh,delhi-ncr
Hyundai,Hyundai Xcent1.2 Kappa S Option,2014,"97,811kms",Petrol,Manual,₹2.26 Lakh,delhi-ncr
Honda,Honda AmazeS i-Vtech,2014,"55,014kms",Petrol,Manual,₹2.32 Lakh,delhi-ncr
Maruti,Maruti Swift DzireVXI,2014,"49,364kms",Petrol,Manual,₹2.45 Lakh,delhi-ncr
Maruti,Maruti Wagon RAMT VXI,2018,"22,259kms",Petrol,Automatic,₹2.58 Lakh,delhi-ncr
Maruti,Maruti Alto 800LXi,2015,"1,03,493kms",Petrol,Manual,₹2.02 Lakh,delhi-ncr
Honda,Honda AmazeS i-VTEC,2015,"81,491kms",Petrol,Manual,₹2.76 Lakh,delhi-ncr
Honda,Honda AmazeS i-VTEC,2014,"39,753kms",Petrol,Manual,₹3 Lakh,delhi-ncr
Hyundai,Hyundai i10Magna 1.1L,2014,"38,066kms",Petrol,Manual,₹1.80 Lakh,delhi-ncr
Tata,Tata Tiago1.05 Revotorq XZ,2016,"77,558kms",Diesel,Manual,₹2.60 Lakh,delhi-ncr
Renault,Renault KWIDRXT,2017,"41,654kms",Petrol,Manual,₹2.22 Lakh,delhi-ncr
MG,MG HectorSmart DCT,2019,"32,506kms",Petrol,Automatic,₹8.61 Lakh,delhi-ncr
Maruti,Maruti Swift DzireVXI,2014,"46,549kms",Petrol,Manual,₹2.20 Lakh,delhi-ncr
Hyundai,Hyundai Grand i10AT Asta,2015,"27,338kms",Petrol,Automatic,₹2.84 Lakh,delhi-ncr
Toyota,Toyota EtiosG,2015,"65,292kms",Petrol,Manual,₹2.26 Lakh,delhi-ncr
Hyundai,Hyundai Grand i101.2 Kappa Asta,2015,"99,833kms",Petrol,Manual,₹2.94 Lakh,delhi-ncr
Maruti,Maruti Wagon RVXI BS IV,2018,"37,968kms",Petrol,Manual,₹2.80 Lakh,delhi-ncr
Honda,Honda AmazeS i-Vtech,2015,"68,267kms",Petrol,Manual,₹2.21 Lakh,delhi-ncr
Hyundai,Hyundai Grand i101.2 Kappa Magna BSIV,2018,"72,057kms",Petrol,Manual,₹2.98 Lakh,delhi-ncr
Maruti,Maruti Wagon RCNG LXI,2014,"80,321kms",CNG,Manual,₹2.44 Lakh,delhi-ncr
Honda,Honda AmazeS i-Vtech,2015,"74,730kms",Petrol,Manual,₹2.59 Lakh,delhi-ncr
Hyundai,Hyundai Xcent1.2 Kappa S Option,2014,"97,811kms",Petrol,Manual,₹2.26 Lakh,delhi-ncr
Honda,Honda AmazeS i-Vtech,2014,"55,014kms",Petrol,Manual,₹2.32 Lakh,delhi-ncr
Maruti,Maruti Swift DzireVXI,2014,"49,364kms",Petrol,Manual,₹2.45 Lakh,delhi-ncr
Maruti,Maruti Wagon RAMT VXI,2018,"22,259kms",Petrol,Automatic,₹2.58 Lakh,delhi-ncr
Maruti,Maruti Alto 800LXi,2015,"1,03,493kms",Petrol,Manual,₹2.02 Lakh,delhi-ncr
Honda,Honda AmazeS i-VTEC,2015,"81,491kms",Petrol,Manual,₹2.76 Lakh,delhi-ncr
Honda,Honda AmazeS i-VTEC,2014,"39,753kms",Petrol,Manual,₹3 Lakh,delhi-ncr
Hyundai,Hyundai i10Magna 1.1L,2014,"38,066kms",Petrol,Manual,₹1.80 Lakh,delhi-ncr
Tata,Tata Tiago1.05 Revotorq XZ,2016,"77,558kms",Diesel,Manual,₹2.60 Lakh,delhi-ncr
Renault,Renault KWIDRXT,2017,"41,654kms",Petrol,Manual,₹2.22 Lakh,delhi-ncr
MG,MG HectorSmart DCT,2019,"32,506kms",Petrol,Automatic,₹8.61 Lakh,delhi-ncr
Maruti,Maruti Swift DzireVXI,2014,"46,549kms",Petrol,Manual,₹2.20 Lakh,delhi-ncr
Hyundai,Hyundai Grand i10AT Asta,2015,"27,338kms",Petrol,Automatic,₹2.84 Lakh,delhi-ncr
Toyota,Toyota EtiosG,2015,"65,292kms",Petrol,Manual,₹2.26 Lakh,delhi-ncr
Hyundai,Hyundai Grand i101.2 Kappa Asta,2015,"99,833kms",Petrol,Manual,₹2.94 Lakh,delhi-ncr
Maruti,Maruti Wagon RVXI BS IV,2018,"37,968kms",Petrol,Manual,₹2.80 Lakh,delhi-ncr
Honda,Honda AmazeS i-Vtech,2015,"68,267kms",Petrol,Manual,₹2.21 Lakh,delhi-ncr
Hyundai,Hyundai Grand i101.2 Kappa Magna BSIV,2018,"72,057kms",Petrol,Manual,₹2.98 Lakh,delhi-ncr
Maruti,Maruti Wagon RCNG LXI,2014,"80,321kms",CNG,Manual,₹2.44 Lakh,delhi-ncr
Honda,Honda AmazeS i-Vtech,2015,"74,730kms",Petrol,Manual,₹2.59 Lakh,delhi-ncr
Hyundai,Hyundai Xcent1.2 Kappa S Option,2014,"97,811kms",Petrol,Manual,₹2.26 Lakh,delhi-ncr
Honda,Honda AmazeS i-Vtech,2014,"55,014kms",Petrol,Manual,₹2.32 Lakh,delhi-ncr
Maruti,Maruti Swift DzireVXI,2014,"49,364kms",Petrol,Manual,₹2.45 Lakh,delhi-ncr
Maruti,Maruti Wagon RAMT VXI,2018,"22,259kms",Petrol,Automatic,₹2.58 Lakh,delhi-ncr
Maruti,Maruti Alto 800LXi,2015,"1,03,493kms",Petrol,Manual,₹2.02 Lakh,delhi-ncr
Honda,Honda AmazeS i-VTEC,2015,"81,491kms",Petrol,Manual,₹2.76 Lakh,delhi-ncr
Honda,Honda AmazeS i-VTEC,2014,"39,753kms",Petrol,Manual,₹3 Lakh,delhi-ncr
Hyundai,Hyundai i10Magna 1.1L,2014,"38,066kms",Petrol,Manual,₹1.80 Lakh,delhi-ncr
Tata,Tata Tiago1.05 Revotorq XZ,2016,"77,558kms",Diesel,Manual,₹2.60 Lakh,delhi-ncr
Renault,Renault KWIDRXT,2017,"41,654kms",Petrol,Manual,₹2.22 Lakh,delhi-ncr
MG,MG HectorSmart DCT,2019,"32,506kms",Petrol,Automatic,₹8.61 Lakh,delhi-ncr
Maruti,Maruti Swift DzireVXI,2014,"46,549kms",Petrol,Manual,₹2.20 Lakh,delhi-ncr
Hyundai,Hyundai Grand i10AT Asta,2015,"27,338kms",Petrol,Automatic,₹2.84 Lakh,delhi-ncr
Toyota,Toyota EtiosG,2015,"65,292kms",Petrol,Manual,₹2.26 Lakh,delhi-ncr
Maruti,Maruti Wagon RVXI BS IV,2018,"37,968kms",Petrol,Manual,₹2.80 Lakh,delhi-ncr
Honda,Honda AmazeS i-VTEC,2015,"81,491kms",Petrol,Manual,₹2.76 Lakh,delhi-ncr
Honda,Honda AmazeS i-VTEC,2014,"39,753kms",Petrol,Manual,₹3 Lakh,delhi-ncr
Hyundai,Hyundai i10Magna 1.1L,2014,"38,066kms",Petrol,Manual,₹1.80 Lakh,delhi-ncr
Honda,Honda AmazeS i-Vtech,2015,"68,267kms",Petrol,Manual,₹2.21 Lakh,delhi-ncr
Hyundai,Hyundai Grand i101.2 Kappa Magna BSIV,2018,"72,057kms",Petrol,Manual,₹2.98 Lakh,delhi-ncr
Maruti,Maruti Wagon RCNG LXI,2014,"80,321kms",CNG,Manual,₹2.44 Lakh,delhi-ncr
Hyundai,Hyundai Xcent1.2 Kappa S Option,2014,"97,811kms",Petrol,Manual,₹2.26 Lakh,delhi-ncr
Honda,Honda AmazeS i-Vtech,2014,"55,014kms",Petrol,Manual,₹2.32 Lakh,delhi-ncr
Maruti,Maruti Swift DzireVXI,2014,"49,364kms",Petrol,Manual,₹2.45 Lakh,delhi-ncr
Maruti,Maruti Wagon RAMT VXI,2018,"22,259kms",Petrol,Automatic,₹2.58 Lakh,delhi-ncr
Maruti,Maruti Alto 800LXi,2015,"1,03,493kms",Petrol,Manual,₹2.02 Lakh,delhi-ncr
Toyota,Toyota EtiosG,2014,"59,486kms",Petrol,Manual,₹2.24 Lakh,delhi-ncr
Honda,Honda AmazeS i-Vtech,2015,"74,730kms",Petrol,Manual,₹2.59 Lakh,delhi-ncr
Tata,Tata Tiago1.05 Revotorq XZ,2016,"77,558kms",Diesel,Manual,₹2.60 Lakh,delhi-ncr
Renault,Renault KWIDRXT,2017,"41,654kms",Petrol,Manual,₹2.22 Lakh,delhi-ncr
MG,MG HectorSmart DCT,2019,"32,506kms",Petrol,Automatic,₹8.61 Lakh,delhi-ncr
Hyundai,Hyundai Grand i10AT Asta,2015,"27,338kms",Petrol,Automatic,₹2.84 Lakh,delhi-ncr
Maruti,Maruti Swift DzireVXI,2014,"46,549kms",Petrol,Manual,₹2.20 Lakh,delhi-ncr
Honda,Honda AmazeSX i-VTEC,2016,"75,014kms",Petrol,Manual,₹2.83 Lakh,delhi-ncr
Maruti,Maruti Wagon RVXI BS IV,2018,"37,968kms",Petrol,Manual,₹2.80 Lakh,delhi-ncr
Honda,Honda AmazeS i-VTEC,2015,"81,491kms",Petrol,Manual,₹2.76 Lakh,delhi-ncr
Honda,Honda AmazeS i-VTEC,2014,"39,753kms",Petrol,Manual,₹3 Lakh,delhi-ncr
Hyundai,Hyundai i10Magna 1.1L,2014,"38,066kms",Petrol,Manual,₹1.80 Lakh,delhi-ncr
Toyota,Toyota EtiosG,2014,"59,486kms",Petrol,Manual,₹2.24 Lakh,delhi-ncr
Honda,Honda AmazeS i-Vtech,2015,"68,267kms",Petrol,Manual,₹2.21 Lakh,delhi-ncr
Hyundai,Hyundai Grand i101.2 Kappa Magna BSIV,2018,"72,057kms",Petrol,Manual,₹2.98 Lakh,delhi-ncr
Maruti,Maruti Wagon RCNG LXI,2014,"80,321kms",CNG,Manual,₹2.44 Lakh,delhi-ncr
Maruti,Maruti Alto 800LXi,2015,"1,03,493kms",Petrol,Manual,₹2.02 Lakh,delhi-ncr
Maruti,Maruti Swift DzireVXI,2014,"49,364kms",Petrol,Manual,₹2.45 Lakh,delhi-ncr
Maruti,Maruti Wagon RAMT VXI,2018,"22,259kms",Petrol,Automatic,₹2.58 Lakh,delhi-ncr
Hyundai,Hyundai Xcent1.2 Kappa S Option,2014,"97,811kms",Petrol,Manual,₹2.26 Lakh,delhi-ncr
Honda,Honda AmazeS i-Vtech,2014,"55,014kms",Petrol,Manual,₹2.32 Lakh,delhi-ncr
Honda,Honda AmazeS i-Vtech,2015,"74,730kms",Petrol,Manual,₹2.59 Lakh,delhi-ncr
Tata,Tata Tiago1.05 Revotorq XZ,2016,"77,558kms",Diesel,Manual,₹2.60 Lakh,delhi-ncr
Renault,Renault KWIDRXT,2017,"41,654kms",Petrol,Manual,₹2.22 Lakh,delhi-ncr
MG,MG HectorSmart DCT,2019,"32,506kms",Petrol,Automatic,₹8.61 Lakh,delhi-ncr
Maruti,Maruti Swift DzireVXI,2014,"46,549kms",Petrol,Manual,₹2.20 Lakh,delhi-ncr
Honda,Honda AmazeSX i-VTEC,2016,"75,014kms",Petrol,Manual,₹2.83 Lakh,delhi-ncr
Renault,Renault KWIDRXL,2017,"29,313kms",Petrol,Manual,₹2.06 Lakh,delhi-ncr
Maruti,Maruti Wagon RVXI BS IV,2018,"37,968kms",Petrol,Manual,₹2.80 Lakh,delhi-ncr
Honda,Honda AmazeS i-VTEC,2015,"81,491kms",Petrol,Manual,₹2.76 Lakh,delhi-ncr
Honda,Honda AmazeS i-VTEC,2014,"39,753kms",Petrol,Manual,₹3 Lakh,delhi-ncr
Hyundai,Hyundai i10Magna 1.1L,2014,"38,066kms",Petrol,Manual,₹1.80 Lakh,delhi-ncr
Honda,Honda AmazeS i-Vtech,2015,"68,267kms",Petrol,Manual,₹2.21 Lakh,delhi-ncr
Hyundai,Hyundai Grand i101.2 Kappa Magna BSIV,2018,"72,057kms",Petrol,Manual,₹2.98 Lakh,delhi-ncr
Maruti,Maruti Wagon RCNG LXI,2014,"80,321kms",CNG,Manual,₹2.44 Lakh,delhi-ncr
Hyundai,Hyundai Xcent1.2 Kappa S Option,2014,"97,811kms",Petrol,Manual,₹2.26 Lakh,delhi-ncr
Honda,Honda AmazeS i-Vtech,2014,"55,014kms",Petrol,Manual,₹2.32 Lakh,delhi-ncr
Maruti,Maruti Swift DzireVXI,2014,"49,364kms",Petrol,Manual,₹2.45 Lakh,delhi-ncr
Maruti,Maruti Wagon RAMT VXI,2018,"22,259kms",Petrol,Automatic,₹2.58 Lakh,delhi-ncr
Maruti,Maruti Alto 800LXi,2015,"1,03,493kms",Petrol,Manual,₹2.02 Lakh,delhi-ncr
Toyota,Toyota EtiosG,2014,"59,486kms",Petrol,Manual,₹2.24 Lakh,delhi-ncr
Honda,Honda AmazeS i-Vtech,2015,"74,730kms",Petrol,Manual,₹2.59 Lakh,delhi-ncr
Tata,Tata Tiago1.05 Revotorq XZ,2016,"77,558kms",Diesel,Manual,₹2.60 Lakh,delhi-ncr
Renault,Renault KWIDRXT,2017,"41,654kms",Petrol,Manual,₹2.22 Lakh,delhi-ncr
MG,MG HectorSmart DCT,2019,"32,506kms",Petrol,Automatic,₹8.61 Lakh,delhi-ncr
Hyundai,Hyundai Grand i10AT Asta,2015,"27,338kms",Petrol,Automatic,₹2.84 Lakh,delhi-ncr
Maruti,Maruti Swift DzireVXI,2014,"46,549kms",Petrol,Manual,₹2.20 Lakh,delhi-ncr
Honda,Honda AmazeSX i-VTEC,2016,"75,014kms",Petrol,Manual,₹2.83 Lakh,delhi-ncr
Maruti,Maruti Wagon RVXI BS IV,2018,"37,968kms",Petrol,Manual,₹2.80 Lakh,delhi-ncr
Honda,Honda AmazeS i-VTEC,2015,"81,491kms",Petrol,Manual,₹2.76 Lakh,delhi-ncr
Honda,Honda AmazeS i-VTEC,2014,"39,753kms",Petrol,Manual,₹3 Lakh,delhi-ncr
Hyundai,Hyundai i10Magna 1.1L,2014,"38,066kms",Petrol,Manual,₹1.80 Lakh,delhi-ncr
Honda,Honda AmazeS i-Vtech,2015,"68,267kms",Petrol,Manual,₹2.21 Lakh,delhi-ncr
Hyundai,Hyundai Grand i101.2 Kappa Magna BSIV,2018,"72,057kms",Petrol,Manual,₹2.98 Lakh,delhi-ncr
Maruti,Maruti Wagon RCNG LXI,2014,"80,321kms",CNG,Manual,₹2.44 Lakh,delhi-ncr
Hyundai,Hyundai Xcent1.2 Kappa S Option,2014,"97,811kms",Petrol,Manual,₹2.26 Lakh,delhi-ncr
Honda,Honda AmazeS i-Vtech,2014,"55,014kms",Petrol,Manual,₹2.32 Lakh,delhi-ncr
Maruti,Maruti Swift DzireVXI,2014,"49,364kms",Petrol,Manual,₹2.45 Lakh,delhi-ncr
Maruti,Maruti Wagon RAMT VXI,2018,"22,259kms",Petrol,Automatic,₹2.58 Lakh,delhi-ncr
Maruti,Maruti Alto 800LXi,2015,"1,03,493kms",Petrol,Manual,₹2.02 Lakh,delhi-ncr
Toyota,Toyota EtiosG,2014,"59,486kms",Petrol,Manual,₹2.24 Lakh,delhi-ncr
Honda,Honda AmazeS i-Vtech,2015,"74,730kms",Petrol,Manual,₹2.59 Lakh,delhi-ncr
Tata,Tata Tiago1.05 Revotorq XZ,2016,"77,558kms",Diesel,Manual,₹2.60 Lakh,delhi-ncr
Renault,Renault KWIDRXT,2017,"41,654kms",Petrol,Manual,₹2.22 Lakh,delhi-ncr
MG,MG HectorSmart DCT,2019,"32,506kms",Petrol,Automatic,₹8.61 Lakh,delhi-ncr
Hyundai,Hyundai Grand i10AT Asta,2015,"27,338kms",Petrol,Automatic,₹2.84 Lakh,delhi-ncr
Maruti,Maruti Swift DzireVXI,2014,"46,549kms",Petrol,Manual,₹2.20 Lakh,delhi-ncr
Honda,Honda AmazeSX i-VTEC,2016,"75,014kms",Petrol,Manual,₹2.83 Lakh,delhi-ncr
Maruti,Maruti Wagon RVXI BS IV,2018,"37,968kms",Petrol,Manual,₹2.80 Lakh,delhi-ncr
Honda,Honda AmazeS i-VTEC,2015,"81,491kms",Petrol,Manual,₹2.76 Lakh,delhi-ncr
Honda,Honda AmazeS i-VTEC,2014,"39,753kms",Petrol,Manual,₹3 Lakh,delhi-ncr
Hyundai,Hyundai i10Magna 1.1L,2014,"38,066kms",Petrol,Manual,₹1.80 Lakh,delhi-ncr
Honda,Honda AmazeS i-Vtech,2015,"68,267kms",Petrol,Manual,₹2.21 Lakh,delhi-ncr
Hyundai,Hyundai Grand i101.2 Kappa Magna BSIV,2018,"72,057kms",Petrol,Manual,₹2.98 Lakh,delhi-ncr
Maruti,Maruti Wagon RCNG LXI,2014,"80,321kms",CNG,Manual,₹2.44 Lakh,delhi-ncr
Hyundai,Hyundai Xcent1.2 Kappa S Option,2014,"97,811kms",Petrol,Manual,₹2.26 Lakh,delhi-ncr
Honda,Honda AmazeS i-Vtech,2014,"55,014kms",Petrol,Manual,₹2.32 Lakh,delhi-ncr
Maruti,Maruti Swift DzireVXI,2014,"49,364kms",Petrol,Manual,₹2.45 Lakh,delhi-ncr
Maruti,Maruti Wagon RAMT VXI,2018,"22,259kms",Petrol,Automatic,₹2.58 Lakh,delhi-ncr
Maruti,Maruti Alto 800LXi,2015,"1,03,493kms",Petrol,Manual,₹2.02 Lakh,delhi-ncr
Toyota,Toyota EtiosG,2014,"59,486kms",Petrol,Manual,₹2.24 Lakh,delhi-ncr
Honda,Honda AmazeS i-Vtech,2015,"74,730kms",Petrol,Manual,₹2.59 Lakh,delhi-ncr
Tata,Tata Tiago1.05 Revotorq XZ,2016,"77,558kms",Diesel,Manual,₹2.60 Lakh,delhi-ncr
Renault,Renault KWIDRXT,2017,"41,654kms",Petrol,Manual,₹2.22 Lakh,delhi-ncr
MG,MG HectorSmart DCT,2019,"32,506kms",Petrol,Automatic,₹8.61 Lakh,delhi-ncr
Hyundai,Hyundai Grand i10AT Asta,2015,"27,338kms",Petrol,Automatic,₹2.84 Lakh,delhi-ncr
Maruti,Maruti Swift DzireVXI,2014,"46,549kms",Petrol,Manual,₹2.20 Lakh,delhi-ncr
Honda,Honda AmazeSX i-VTEC,2016,"75,014kms",Petrol,Manual,₹2.83 Lakh,delhi-ncr
Maruti,Maruti Wagon RVXI BS IV,2018,"37,968kms",Petrol,Manual,₹2.80 Lakh,delhi-ncr
Honda,Honda AmazeS i-VTEC,2015,"81,491kms",Petrol,Manual,₹2.76 Lakh,delhi-ncr
Honda,Honda AmazeS i-VTEC,2014,"39,753kms",Petrol,Manual,₹3 Lakh,delhi-ncr
Hyundai,Hyundai i10Magna 1.1L,2014,"38,066kms",Petrol,Manual,₹1.80 Lakh,delhi-ncr
Honda,Honda AmazeS i-Vtech,2015,"68,267kms",Petrol,Manual,₹2.21 Lakh,delhi-ncr
Hyundai,Hyundai Grand i101.2 Kappa Magna BSIV,2018,"72,057kms",Petrol,Manual,₹2.98 Lakh,delhi-ncr
Maruti,Maruti Wagon RCNG LXI,2014,"80,321kms",CNG,Manual,₹2.44 Lakh,delhi-ncr
Hyundai,Hyundai Xcent1.2 Kappa S Option,2014,"97,811kms",Petrol,Manual,₹2.26 Lakh,delhi-ncr
Honda,Honda AmazeS i-Vtech,2014,"55,014kms",Petrol,Manual,₹2.32 Lakh,delhi-ncr
Maruti,Maruti Swift DzireVXI,2014,"49,364kms",Petrol,Manual,₹2.45 Lakh,delhi-ncr
Maruti,Maruti Wagon RAMT VXI,2018,"22,259kms",Petrol,Automatic,₹2.58 Lakh,delhi-ncr
Maruti,Maruti Alto 800LXi,2015,"1,03,493kms",Petrol,Manual,₹2.02 Lakh,delhi-ncr
Toyota,Toyota EtiosG,2014,"59,486kms",Petrol,Manual,₹2.24 Lakh,delhi-ncr
Honda,Honda AmazeS i-Vtech,2015,"74,730kms",Petrol,Manual,₹2.59 Lakh,delhi-ncr
Tata,Tata Tiago1.05 Revotorq XZ,2016,"77,558kms",Diesel,Manual,₹2.60 Lakh,delhi-ncr
Renault,Renault KWIDRXT,2017,"41,654kms",Petrol,Manual,₹2.22 Lakh,delhi-ncr
MG,MG HectorSmart DCT,2019,"32,506kms",Petrol,Automatic,₹8.61 Lakh,delhi-ncr
Hyundai,Hyundai Grand i10AT Asta,2015,"27,338kms",Petrol,Automatic,₹2.84 Lakh,delhi-ncr
Maruti,Maruti Swift DzireVXI,2014,"46,549kms",Petrol,Manual,₹2.20 Lakh,delhi-ncr
Honda,Honda AmazeSX i-VTEC,2016,"75,014kms",Petrol,Manual,₹2.83 Lakh,delhi-ncr
Maruti,Maruti Wagon RVXI BS IV,2018,"37,968kms",Petrol,Manual,₹2.80 Lakh,delhi-ncr
Honda,Honda AmazeS i-VTEC,2015,"81,491kms",Petrol,Manual,₹2.76 Lakh,delhi-ncr
Honda,Honda AmazeS i-VTEC,2014,"39,753kms",Petrol,Manual,₹3 Lakh,delhi-ncr
Hyundai,Hyundai i10Magna 1.1L,2014,"38,066kms",Petrol,Manual,₹1.80 Lakh,delhi-ncr
Honda,Honda AmazeS i-Vtech,2015,"68,267kms",Petrol,Manual,₹2.21 Lakh,delhi-ncr
Hyundai,Hyundai Grand i101.2 Kappa Magna BSIV,2018,"72,057kms",Petrol,Manual,₹2.98 Lakh,delhi-ncr
Maruti,Maruti Wagon RCNG LXI,2014,"80,321kms",CNG,Manual,₹2.44 Lakh,delhi-ncr
Hyundai,Hyundai Xcent1.2 Kappa S Option,2014,"97,811kms",Petrol,Manual,₹2.26 Lakh,delhi-ncr
Honda,Honda AmazeS i-Vtech,2014,"55,014kms",Petrol,Manual,₹2.32 Lakh,delhi-ncr
Maruti,Maruti Swift DzireVXI,2014,"49,364kms",Petrol,Manual,₹2.45 Lakh,delhi-ncr
Maruti,Maruti Wagon RAMT VXI,2018,"22,259kms",Petrol,Automatic,₹2.58 Lakh,delhi-ncr
Maruti,Maruti Alto 800LXi,2015,"1,03,493kms",Petrol,Manual,₹2.02 Lakh,delhi-ncr
Toyota,Toyota EtiosG,2014,"59,486kms",Petrol,Manual,₹2.24 Lakh,delhi-ncr
Honda,Honda AmazeS i-Vtech,2015,"74,730kms",Petrol,Manual,₹2.59 Lakh,delhi-ncr
Tata,Tata Tiago1.05 Revotorq XZ,2016,"77,558kms",Diesel,Manual,₹2.60 Lakh,delhi-ncr
Renault,Renault KWIDRXT,2017,"41,654kms",Petrol,Manual,₹2.22 Lakh,delhi-ncr
MG,MG HectorSmart DCT,2019,"32,506kms",Petrol,Automatic,₹8.61 Lakh,delhi-ncr
Hyundai,Hyundai Grand i10AT Asta,2015,"27,338kms",Petrol,Automatic,₹2.84 Lakh,delhi-ncr
Maruti,Maruti Swift DzireVXI,2014,"46,549kms",Petrol,Manual,₹2.20 Lakh,delhi-ncr
Honda,Honda AmazeSX i-VTEC,2016,"75,014kms",Petrol,Manual,₹2.83 Lakh,delhi-ncr
Maruti,Maruti Wagon RVXI BS IV,2018,"37,968kms",Petrol,Manual,₹2.80 Lakh,delhi-ncr
Honda,Honda AmazeS i-VTEC,2015,"81,491kms",Petrol,Manual,₹2.76 Lakh,delhi-ncr
Honda,Honda AmazeS i-VTEC,2014,"39,753kms",Petrol,Manual,₹3 Lakh,delhi-ncr
Hyundai,Hyundai i10Magna 1.1L,2014,"38,066kms",Petrol,Manual,₹1.80 Lakh,delhi-ncr
Honda,Honda AmazeS i-Vtech,2015,"68,267kms",Petrol,Manual,₹2.21 Lakh,delhi-ncr
Hyundai,Hyundai Grand i101.2 Kappa Magna BSIV,2018,"72,057kms",Petrol,Manual,₹2.98 Lakh,delhi-ncr
Maruti,Maruti Wagon RCNG LXI,2014,"80,321kms",CNG,Manual,₹2.44 Lakh,delhi-ncr
Hyundai,Hyundai Xcent1.2 Kappa S Option,2014,"97,811kms",Petrol,Manual,₹2.26 Lakh,delhi-ncr
Honda,Honda AmazeS i-Vtech,2014,"55,014kms",Petrol,Manual,₹2.32 Lakh,delhi-ncr
Maruti,Maruti Swift DzireVXI,2014,"49,364kms",Petrol,Manual,₹2.45 Lakh,delhi-ncr
Maruti,Maruti Wagon RAMT VXI,2018,"22,259kms",Petrol,Automatic,₹2.58 Lakh,delhi-ncr
Maruti,Maruti Alto 800LXi,2015,"1,03,493kms",Petrol,Manual,₹2.02 Lakh,delhi-ncr
Toyota,Toyota EtiosG,2014,"59,486kms",Petrol,Manual,₹2.24 Lakh,delhi-ncr
Honda,Honda AmazeS i-Vtech,2015,"74,730kms",Petrol,Manual,₹2.59 Lakh,delhi-ncr
Tata,Tata Tiago1.05 Revotorq XZ,2016,"77,558kms",Diesel,Manual,₹2.60 Lakh,delhi-ncr
Renault,Renault KWIDRXT,2017,"41,654kms",Petrol,Manual,₹2.22 Lakh,delhi-ncr
MG,MG HectorSmart DCT,2019,"32,506kms",Petrol,Automatic,₹8.61 Lakh,delhi-ncr
Hyundai,Hyundai Grand i10AT Asta,2015,"27,338kms",Petrol,Automatic,₹2.84 Lakh,delhi-ncr
Maruti,Maruti Swift DzireVXI,2014,"46,549kms",Petrol,Manual,₹2.20 Lakh,delhi-ncr
Honda,Honda AmazeSX i-VTEC,2016,"75,014kms",Petrol,Manual,₹2.83 Lakh,delhi-ncr
Maruti,Maruti Wagon RVXI BS IV,2018,"37,968kms",Petrol,Manual,₹2.80 Lakh,delhi-ncr
Honda,Honda AmazeS i-VTEC,2015,"81,491kms",Petrol,Manual,₹2.76 Lakh,delhi-ncr
Honda,Honda AmazeS i-VTEC,2014,"39,753kms",Petrol,Manual,₹3 Lakh,delhi-ncr
Hyundai,Hyundai i10Magna 1.1L,2014,"38,066kms",Petrol,Manual,₹1.80 Lakh,delhi-ncr
Honda,Honda AmazeS i-Vtech,2015,"68,267kms",Petrol,Manual,₹2.21 Lakh,delhi-ncr
Hyundai,Hyundai Grand i101.2 Kappa Magna BSIV,2018,"72,057kms",Petrol,Manual,₹2.98 Lakh,delhi-ncr
Maruti,Maruti Wagon RCNG LXI,2014,"80,321kms",CNG,Manual,₹2.44 Lakh,delhi-ncr
Hyundai,Hyundai Xcent1.2 Kappa S Option,2014,"97,811kms",Petrol,Manual,₹2.26 Lakh,delhi-ncr
Honda,Honda AmazeS i-Vtech,2014,"55,014kms",Petrol,Manual,₹2.32 Lakh,delhi-ncr
Maruti,Maruti Swift DzireVXI,2014,"49,364kms",Petrol,Manual,₹2.45 Lakh,delhi-ncr
Maruti,Maruti Wagon RAMT VXI,2018,"22,259kms",Petrol,Automatic,₹2.58 Lakh,delhi-ncr
Maruti,Maruti Alto 800LXi,2015,"1,03,493kms",Petrol,Manual,₹2.02 Lakh,delhi-ncr
Toyota,Toyota EtiosG,2014,"59,486kms",Petrol,Manual,₹2.24 Lakh,delhi-ncr
Honda,Honda AmazeS i-Vtech,2015,"74,730kms",Petrol,Manual,₹2.59 Lakh,delhi-ncr
Tata,Tata Tiago1.05 Revotorq XZ,2016,"77,558kms",Diesel,Manual,₹2.60 Lakh,delhi-ncr
Renault,Renault KWIDRXT,2017,"41,654kms",Petrol,Manual,₹2.22 Lakh,delhi-ncr
MG,MG HectorSmart DCT,2019,"32,506kms",Petrol,Automatic,₹8.61 Lakh,delhi-ncr
Hyundai,Hyundai Grand i10AT Asta,2015,"27,338kms",Petrol,Automatic,₹2.84 Lakh,delhi-ncr
Maruti,Maruti Swift DzireVXI,2014,"46,549kms",Petrol,Manual,₹2.20 Lakh,delhi-ncr
Honda,Honda AmazeSX i-VTEC,2016,"75,014kms",Petrol,Manual,₹2.83 Lakh,delhi-ncr
Maruti,Maruti Wagon RVXI BS IV,2018,"37,968kms",Petrol,Manual,₹2.80 Lakh,delhi-ncr
Honda,Honda AmazeS i-VTEC,2015,"81,491kms",Petrol,Manual,₹2.76 Lakh,delhi-ncr
Honda,Honda AmazeS i-VTEC,2014,"39,753kms",Petrol,Manual,₹3 Lakh,delhi-ncr
Hyundai,Hyundai i10Magna 1.1L,2014,"38,066kms",Petrol,Manual,₹1.80 Lakh,delhi-ncr
Toyota,Toyota EtiosG,2014,"59,486kms",Petrol,Manual,₹2.24 Lakh,delhi-ncr
Honda,Honda AmazeS i-Vtech,2015,"68,267kms",Petrol,Manual,₹2.21 Lakh,delhi-ncr
Hyundai,Hyundai Grand i101.2 Kappa Magna BSIV,2018,"72,057kms",Petrol,Manual,₹2.98 Lakh,delhi-ncr
Maruti,Maruti Wagon RCNG LXI,2014,"80,321kms",CNG,Manual,₹2.44 Lakh,delhi-ncr
Maruti,Maruti Alto 800LXi,2015,"1,03,493kms",Petrol,Manual,₹2.02 Lakh,delhi-ncr
Maruti,Maruti Swift DzireVXI,2014,"49,364kms",Petrol,Manual,₹2.45 Lakh,delhi-ncr
Maruti,Maruti Wagon RAMT VXI,2018,"22,259kms",Petrol,Automatic,₹2.58 Lakh,delhi-ncr
Hyundai,Hyundai Xcent1.2 Kappa S Option,2014,"97,811kms",Petrol,Manual,₹2.26 Lakh,delhi-ncr
Honda,Honda AmazeS i-Vtech,2014,"55,014kms",Petrol,Manual,₹2.32 Lakh,delhi-ncr
Honda,Honda AmazeS i-Vtech,2015,"74,730kms",Petrol,Manual,₹2.59 Lakh,delhi-ncr
Tata,Tata Tiago1.05 Revotorq XZ,2016,"77,558kms",Diesel,Manual,₹2.60 Lakh,delhi-ncr
Renault,Renault KWIDRXT,2017,"41,654kms",Petrol,Manual,₹2.22 Lakh,delhi-ncr
MG,MG HectorSmart DCT,2019,"32,506kms",Petrol,Automatic,₹8.61 Lakh,delhi-ncr
Maruti,Maruti Swift DzireVXI,2014,"46,549kms",Petrol,Manual,₹2.20 Lakh,delhi-ncr
Honda,Honda AmazeSX i-VTEC,2016,"75,014kms",Petrol,Manual,₹2.83 Lakh,delhi-ncr
Renault,Renault KWIDRXL,2017,"29,313kms",Petrol,Manual,₹2.06 Lakh,delhi-ncr
Maruti,Maruti Wagon RVXI BS IV,2018,"37,968kms",Petrol,Manual,₹2.80 Lakh,delhi-ncr
Honda,Honda AmazeS i-VTEC,2015,"81,491kms",Petrol,Manual,₹2.76 Lakh,delhi-ncr
Honda,Honda AmazeS i-VTEC,2014,"39,753kms",Petrol,Manual,₹3 Lakh,delhi-ncr
Hyundai,Hyundai i10Magna 1.1L,2014,"38,066kms",Petrol,Manual,₹1.80 Lakh,delhi-ncr
Honda,Honda AmazeS i-Vtech,2015,"68,267kms",Petrol,Manual,₹2.21 Lakh,delhi-ncr
Hyundai,Hyundai Grand i101.2 Kappa Magna BSIV,2018,"72,057kms",Petrol,Manual,₹2.98 Lakh,delhi-ncr
Maruti,Maruti Wagon RCNG LXI,2014,"80,321kms",CNG,Manual,₹2.44 Lakh,delhi-ncr
Hyundai,Hyundai Xcent1.2 Kappa S Option,2014,"97,811kms",Petrol,Manual,₹2.26 Lakh,delhi-ncr
Honda,Honda AmazeS i-Vtech,2014,"55,014kms",Petrol,Manual,₹2.32 Lakh,delhi-ncr
Maruti,Maruti Swift DzireVXI,2014,"49,364kms",Petrol,Manual,₹2.45 Lakh,delhi-ncr
Maruti,Maruti Wagon RAMT VXI,2018,"22,259kms",Petrol,Automatic,₹2.58 Lakh,delhi-ncr
Maruti,Maruti Alto 800LXi,2015,"1,03,493kms",Petrol,Manual,₹2.02 Lakh,delhi-ncr
Toyota,Toyota EtiosG,2014,"59,486kms",Petrol,Manual,₹2.24 Lakh,delhi-ncr
Honda,Honda AmazeS i-Vtech,2015,"74,730kms",Petrol,Manual,₹2.59 Lakh,delhi-ncr
Tata,Tata Tiago1.05 Revotorq XZ,2016,"77,558kms",Diesel,Manual,₹2.60 Lakh,delhi-ncr
Renault,Renault KWIDRXT,2017,"41,654kms",Petrol,Manual,₹2.22 Lakh,delhi-ncr
MG,MG HectorSmart DCT,2019,"32,506kms",Petrol,Automatic,₹8.61 Lakh,delhi-ncr
Hyundai,Hyundai Grand i10AT Asta,2015,"27,338kms",Petrol,Automatic,₹2.84 Lakh,delhi-ncr
Maruti,Maruti Swift DzireVXI,2014,"46,549kms",Petrol,Manual,₹2.20 Lakh,delhi-ncr
Honda,Honda AmazeSX i-VTEC,2016,"75,014kms",Petrol,Manual,₹2.83 Lakh,delhi-ncr
Maruti,Maruti Wagon RVXI BS IV,2018,"37,968kms",Petrol,Manual,₹2.80 Lakh,delhi-ncr
Honda,Honda AmazeS i-VTEC,2015,"81,491kms",Petrol,Manual,₹2.76 Lakh,delhi-ncr
Honda,Honda AmazeS i-VTEC,2014,"39,753kms",Petrol,Manual,₹3 Lakh,delhi-ncr
Hyundai,Hyundai i10Magna 1.1L,2014,"38,066kms",Petrol,Manual,₹1.80 Lakh,delhi-ncr
Toyota,Toyota EtiosG,2014,"59,486kms",Petrol,Manual,₹2.24 Lakh,delhi-ncr
Honda,Honda AmazeS i-Vtech,2015,"68,267kms",Petrol,Manual,₹2.21 Lakh,delhi-ncr
Hyundai,Hyundai Grand i101.2 Kappa Magna BSIV,2018,"72,057kms",Petrol,Manual,₹2.98 Lakh,delhi-ncr
Maruti,Maruti Wagon RCNG LXI,2014,"80,321kms",CNG,Manual,₹2.44 Lakh,delhi-ncr
Maruti,Maruti Alto 800LXi,2015,"1,03,493kms",Petrol,Manual,₹2.02 Lakh,delhi-ncr
Maruti,Maruti Swift DzireVXI,2014,"49,364kms",Petrol,Manual,₹2.45 Lakh,delhi-ncr
Maruti,Maruti Wagon RAMT VXI,2018,"22,259kms",Petrol,Automatic,₹2.58 Lakh,delhi-ncr
Hyundai,Hyundai Xcent1.2 Kappa S Option,2014,"97,811kms",Petrol,Manual,₹2.26 Lakh,delhi-ncr
Honda,Honda AmazeS i-Vtech,2014,"55,014kms",Petrol,Manual,₹2.32 Lakh,delhi-ncr
Honda,Honda AmazeS i-Vtech,2015,"74,730kms",Petrol,Manual,₹2.59 Lakh,delhi-ncr
Tata,Tata Tiago1.05 Revotorq XZ,2016,"77,558kms",Diesel,Manual,₹2.60 Lakh,delhi-ncr
Renault,Renault KWIDRXT,2017,"41,654kms",Petrol,Manual,₹2.22 Lakh,delhi-ncr
MG,MG HectorSmart DCT,2019,"32,506kms",Petrol,Automatic,₹8.61 Lakh,delhi-ncr
Maruti,Maruti Swift DzireVXI,2014,"46,549kms",Petrol,Manual,₹2.20 Lakh,delhi-ncr
Honda,Honda AmazeSX i-VTEC,2016,"75,014kms",Petrol,Manual,₹2.83 Lakh,delhi-ncr
Renault,Renault KWIDRXL,2017,"29,313kms",Petrol,Manual,₹2.06 Lakh,delhi-ncr
Hyundai,Hyundai Grand i101.2 Kappa Asta,2015,"99,833kms",Petrol,Manual,₹2.94 Lakh,delhi-ncr
Maruti,Maruti Wagon RVXI BS IV,2018,"37,968kms",Petrol,Manual,₹2.80 Lakh,delhi-ncr
Honda,Honda AmazeS i-Vtech,2015,"68,267kms",Petrol,Manual,₹2.21 Lakh,delhi-ncr
Hyundai,Hyundai Grand i101.2 Kappa Magna BSIV,2018,"72,057kms",Petrol,Manual,₹2.98 Lakh,delhi-ncr
Maruti,Maruti Wagon RCNG LXI,2014,"80,321kms",CNG,Manual,₹2.44 Lakh,delhi-ncr
Honda,Honda AmazeS i-Vtech,2015,"74,730kms",Petrol,Manual,₹2.59 Lakh,delhi-ncr
Hyundai,Hyundai Xcent1.2 Kappa S Option,2014,"97,811kms",Petrol,Manual,₹2.26 Lakh,delhi-ncr
Honda,Honda AmazeS i-Vtech,2014,"55,014kms",Petrol,Manual,₹2.32 Lakh,delhi-ncr
Maruti,Maruti Swift DzireVXI,2014,"49,364kms",Petrol,Manual,₹2.45 Lakh,delhi-ncr
Maruti,Maruti Wagon RAMT VXI,2018,"22,259kms",Petrol,Automatic,₹2.58 Lakh,delhi-ncr
Maruti,Maruti Alto 800LXi,2015,"1,03,493kms",Petrol,Manual,₹2.02 Lakh,delhi-ncr
Honda,Honda AmazeS i-VTEC,2015,"81,491kms",Petrol,Manual,₹2.76 Lakh,delhi-ncr
Honda,Honda AmazeS i-VTEC,2014,"39,753kms",Petrol,Manual,₹3 Lakh,delhi-ncr
Hyundai,Hyundai i10Magna 1.1L,2014,"38,066kms",Petrol,Manual,₹1.80 Lakh,delhi-ncr
Tata,Tata Tiago1.05 Revotorq XZ,2016,"77,558kms",Diesel,Manual,₹2.60 Lakh,delhi-ncr
Renault,Renault KWIDRXT,2017,"41,654kms",Petrol,Manual,₹2.22 Lakh,delhi-ncr
MG,MG HectorSmart DCT,2019,"32,506kms",Petrol,Automatic,₹8.61 Lakh,delhi-ncr
Maruti,Maruti Swift DzireVXI,2014,"46,549kms",Petrol,Manual,₹2.20 Lakh,delhi-ncr
Hyundai,Hyundai Grand i10AT Asta,2015,"27,338kms",Petrol,Automatic,₹2.84 Lakh,delhi-ncr
Toyota,Toyota EtiosG,2015,"65,292kms",Petrol,Manual,₹2.26 Lakh,delhi-ncr
Hyundai,Hyundai Grand i101.2 Kappa Asta,2015,"99,833kms",Petrol,Manual,₹2.94 Lakh,delhi-ncr
Maruti,Maruti Wagon RVXI BS IV,2018,"37,968kms",Petrol,Manual,₹2.80 Lakh,delhi-ncr
Honda,Honda AmazeS i-Vtech,2015,"68,267kms",Petrol,Manual,₹2.21 Lakh,delhi-ncr
Hyundai,Hyundai Grand i101.2 Kappa Magna BSIV,2018,"72,057kms",Petrol,Manual,₹2.98 Lakh,delhi-ncr
Maruti,Maruti Wagon RCNG LXI,2014,"80,321kms",CNG,Manual,₹2.44 Lakh,delhi-ncr
Honda,Honda AmazeS i-Vtech,2015,"74,730kms",Petrol,Manual,₹2.59 Lakh,delhi-ncr
Hyundai,Hyundai Xcent1.2 Kappa S Option,2014,"97,811kms",Petrol,Manual,₹2.26 Lakh,delhi-ncr
Honda,Honda AmazeS i-Vtech,2014,"55,014kms",Petrol,Manual,₹2.32 Lakh,delhi-ncr
Maruti,Maruti Swift DzireVXI,2014,"49,364kms",Petrol,Manual,₹2.45 Lakh,delhi-ncr
Maruti,Maruti Wagon RAMT VXI,2018,"22,259kms",Petrol,Automatic,₹2.58 Lakh,delhi-ncr
Maruti,Maruti Alto 800LXi,2015,"1,03,493kms",Petrol,Manual,₹2.02 Lakh,delhi-ncr
Honda,Honda AmazeS i-VTEC,2015,"81,491kms",Petrol,Manual,₹2.76 Lakh,delhi-ncr
Honda,Honda AmazeS i-VTEC,2014,"39,753kms",Petrol,Manual,₹3 Lakh,delhi-ncr
Hyundai,Hyundai i10Magna 1.1L,2014,"38,066kms",Petrol,Manual,₹1.80 Lakh,delhi-ncr
Tata,Tata Tiago1.05 Revotorq XZ,2016,"77,558kms",Diesel,Manual,₹2.60 Lakh,delhi-ncr
Renault,Renault KWIDRXT,2017,"41,654kms",Petrol,Manual,₹2.22 Lakh,delhi-ncr
MG,MG HectorSmart DCT,2019,"32,506kms",Petrol,Automatic,₹8.61 Lakh,delhi-ncr
Maruti,Maruti Swift DzireVXI,2014,"46,549kms",Petrol,Manual,₹2.20 Lakh,delhi-ncr
Hyundai,Hyundai Grand i10AT Asta,2015,"27,338kms",Petrol,Automatic,₹2.84 Lakh,delhi-ncr
Toyota,Toyota EtiosG,2015,"65,292kms",Petrol,Manual,₹2.26 Lakh,delhi-ncr
Maruti,Maruti Wagon RVXI BS IV,2018,"37,968kms",Petrol,Manual,₹2.80 Lakh,delhi-ncr
Honda,Honda AmazeS i-VTEC,2015,"81,491kms",Petrol,Manual,₹2.76 Lakh,delhi-ncr
Honda,Honda AmazeS i-VTEC,2014,"39,753kms",Petrol,Manual,₹3 Lakh,delhi-ncr
Hyundai,Hyundai i10Magna 1.1L,2014,"38,066kms",Petrol,Manual,₹1.80 Lakh,delhi-ncr
Toyota,Toyota EtiosG,2014,"59,486kms",Petrol,Manual,₹2.24 Lakh,delhi-ncr
Honda,Honda AmazeS i-Vtech,2015,"68,267kms",Petrol,Manual,₹2.21 Lakh,delhi-ncr
Hyundai,Hyundai Grand i101.2 Kappa Magna BSIV,2018,"72,057kms",Petrol,Manual,₹2.98 Lakh,delhi-ncr
Maruti,Maruti Wagon RCNG LXI,2014,"80,321kms",CNG,Manual,₹2.44 Lakh,delhi-ncr
Maruti,Maruti Alto 800LXi,2015,"1,03,493kms",Petrol,Manual,₹2.02 Lakh,delhi-ncr
Maruti,Maruti Swift DzireVXI,2014,"49,364kms",Petrol,Manual,₹2.45 Lakh,delhi-ncr
Maruti,Maruti Wagon RAMT VXI,2018,"22,259kms",Petrol,Automatic,₹2.58 Lakh,delhi-ncr
Hyundai,Hyundai Xcent1.2 Kappa S Option,2014,"97,811kms",Petrol,Manual,₹2.26 Lakh,delhi-ncr
Honda,Honda AmazeS i-Vtech,2014,"55,014kms",Petrol,Manual,₹2.32 Lakh,delhi-ncr
Honda,Honda AmazeS i-Vtech,2015,"74,730kms",Petrol,Manual,₹2.59 Lakh,delhi-ncr
Tata,Tata Tiago1.05 Revotorq XZ,2016,"77,558kms",Diesel,Manual,₹2.60 Lakh,delhi-ncr
Renault,Renault KWIDRXT,2017,"41,654kms",Petrol,Manual,₹2.22 Lakh,delhi-ncr
MG,MG HectorSmart DCT,2019,"32,506kms",Petrol,Automatic,₹8.61 Lakh,delhi-ncr
Maruti,Maruti Swift DzireVXI,2014,"46,549kms",Petrol,Manual,₹2.20 Lakh,delhi-ncr
Honda,Honda AmazeSX i-VTEC,2016,"75,014kms",Petrol,Manual,₹2.83 Lakh,delhi-ncr
Renault,Renault KWIDRXL,2017,"29,313kms",Petrol,Manual,₹2.06 Lakh,delhi-ncr
Maruti,Maruti Wagon RVXI BS IV,2018,"37,968kms",Petrol,Manual,₹2.80 Lakh,delhi-ncr
Honda,Honda AmazeS i-VTEC,2015,"81,491kms",Petrol,Manual,₹2.76 Lakh,delhi-ncr
Honda,Honda AmazeS i-VTEC,2014,"39,753kms",Petrol,Manual,₹3 Lakh,delhi-ncr
Hyundai,Hyundai i10Magna 1.1L,2014,"38,066kms",Petrol,Manual,₹1.80 Lakh,delhi-ncr
Honda,Honda AmazeS i-Vtech,2015,"68,267kms",Petrol,Manual,₹2.21 Lakh,delhi-ncr
Hyundai,Hyundai Grand i101.2 Kappa Magna BSIV,2018,"72,057kms",Petrol,Manual,₹2.98 Lakh,delhi-ncr
Maruti,Maruti Wagon RCNG LXI,2014,"80,321kms",CNG,Manual,₹2.44 Lakh,delhi-ncr
Hyundai,Hyundai Xcent1.2 Kappa S Option,2014,"97,811kms",Petrol,Manual,₹2.26 Lakh,delhi-ncr
Honda,Honda AmazeS i-Vtech,2014,"55,014kms",Petrol,Manual,₹2.32 Lakh,delhi-ncr
Maruti,Maruti Swift DzireVXI,2014,"49,364kms",Petrol,Manual,₹2.45 Lakh,delhi-ncr
Maruti,Maruti Wagon RAMT VXI,2018,"22,259kms",Petrol,Automatic,₹2.58 Lakh,delhi-ncr
Maruti,Maruti Alto 800LXi,2015,"1,03,493kms",Petrol,Manual,₹2.02 Lakh,delhi-ncr
Toyota,Toyota EtiosG,2014,"59,486kms",Petrol,Manual,₹2.24 Lakh,delhi-ncr
Honda,Honda AmazeS i-Vtech,2015,"74,730kms",Petrol,Manual,₹2.59 Lakh,delhi-ncr
Tata,Tata Tiago1.05 Revotorq XZ,2016,"77,558kms",Diesel,Manual,₹2.60 Lakh,delhi-ncr
Renault,Renault KWIDRXT,2017,"41,654kms",Petrol,Manual,₹2.22 Lakh,delhi-ncr
MG,MG HectorSmart DCT,2019,"32,506kms",Petrol,Automatic,₹8.61 Lakh,delhi-ncr
Hyundai,Hyundai Grand i10AT Asta,2015,"27,338kms",Petrol,Automatic,₹2.84 Lakh,delhi-ncr
Maruti,Maruti Swift DzireVXI,2014,"46,549kms",Petrol,Manual,₹2.20 Lakh,delhi-ncr
Honda,Honda AmazeSX i-VTEC,2016,"75,014kms",Petrol,Manual,₹2.83 Lakh,delhi-ncr
Maruti,Maruti Wagon RVXI BS IV,2018,"37,968kms",Petrol,Manual,₹2.80 Lakh,delhi-ncr
Honda,Honda AmazeS i-VTEC,2015,"81,491kms",Petrol,Manual,₹2.76 Lakh,delhi-ncr
Honda,Honda AmazeS i-VTEC,2014,"39,753kms",Petrol,Manual,₹3 Lakh,delhi-ncr
Hyundai,Hyundai i10Magna 1.1L,2014,"38,066kms",Petrol,Manual,₹1.80 Lakh,delhi-ncr
Honda,Honda AmazeS i-Vtech,2015,"68,267kms",Petrol,Manual,₹2.21 Lakh,delhi-ncr
Hyundai,Hyundai Grand i101.2 Kappa Magna BSIV,2018,"72,057kms",Petrol,Manual,₹2.98 Lakh,delhi-ncr
Maruti,Maruti Wagon RCNG LXI,2014,"80,321kms",CNG,Manual,₹2.44 Lakh,delhi-ncr
Hyundai,Hyundai Xcent1.2 Kappa S Option,2014,"97,811kms",Petrol,Manual,₹2.26 Lakh,delhi-ncr
Honda,Honda AmazeS i-Vtech,2014,"55,014kms",Petrol,Manual,₹2.32 Lakh,delhi-ncr
Maruti,Maruti Swift DzireVXI,2014,"49,364kms",Petrol,Manual,₹2.45 Lakh,delhi-ncr
Maruti,Maruti Wagon RAMT VXI,2018,"22,259kms",Petrol,Automatic,₹2.58 Lakh,delhi-ncr
Maruti,Maruti Alto 800LXi,2015,"1,03,493kms",Petrol,Manual,₹2.02 Lakh,delhi-ncr
Toyota,Toyota EtiosG,2014,"59,486kms",Petrol,Manual,₹2.24 Lakh,delhi-ncr
Honda,Honda AmazeS i-Vtech,2015,"74,730kms",Petrol,Manual,₹2.59 Lakh,delhi-ncr
Tata,Tata Tiago1.05 Revotorq XZ,2016,"77,558kms",Diesel,Manual,₹2.60 Lakh,delhi-ncr
Renault,Renault KWIDRXT,2017,"41,654kms",Petrol,Manual,₹2.22 Lakh,delhi-ncr
MG,MG HectorSmart DCT,2019,"32,506kms",Petrol,Automatic,₹8.61 Lakh,delhi-ncr
Hyundai,Hyundai Grand i10AT Asta,2015,"27,338kms",Petrol,Automatic,₹2.84 Lakh,delhi-ncr
Maruti,Maruti Swift DzireVXI,2014,"46,549kms",Petrol,Manual,₹2.20 Lakh,delhi-ncr
Honda,Honda AmazeSX i-VTEC,2016,"75,014kms",Petrol,Manual,₹2.83 Lakh,delhi-ncr
Maruti,Maruti Wagon RVXI BS IV,2018,"37,968kms",Petrol,Manual,₹2.80 Lakh,delhi-ncr
Honda,Honda AmazeS i-VTEC,2015,"81,491kms",Petrol,Manual,₹2.76 Lakh,delhi-ncr
Honda,Honda AmazeS i-VTEC,2014,"39,753kms",Petrol,Manual,₹3 Lakh,delhi-ncr
Hyundai,Hyundai i10Magna 1.1L,2014,"38,066kms",Petrol,Manual,₹1.80 Lakh,delhi-ncr
Toyota,Toyota EtiosG,2014,"59,486kms",Petrol,Manual,₹2.24 Lakh,delhi-ncr
Honda,Honda AmazeS i-Vtech,2015,"68,267kms",Petrol,Manual,₹2.21 Lakh,delhi-ncr
Hyundai,Hyundai Grand i101.2 Kappa Magna BSIV,2018,"72,057kms",Petrol,Manual,₹2.98 Lakh,delhi-ncr
Maruti,Maruti Wagon RCNG LXI,2014,"80,321kms",CNG,Manual,₹2.44 Lakh,delhi-ncr
Maruti,Maruti Alto 800LXi,2015,"1,03,493kms",Petrol,Manual,₹2.02 Lakh,delhi-ncr
Maruti,Maruti Swift DzireVXI,2014,"49,364kms",Petrol,Manual,₹2.45 Lakh,delhi-ncr
Maruti,Maruti Wagon RAMT VXI,2018,"22,259kms",Petrol,Automatic,₹2.58 Lakh,delhi-ncr
Hyundai,Hyundai Xcent1.2 Kappa S Option,2014,"97,811kms",Petrol,Manual,₹2.26 Lakh,delhi-ncr
Honda,Honda AmazeS i-Vtech,2014,"55,014kms",Petrol,Manual,₹2.32 Lakh,delhi-ncr
Honda,Honda AmazeS i-Vtech,2015,"74,730kms",Petrol,Manual,₹2.59 Lakh,delhi-ncr
Tata,Tata Tiago1.05 Revotorq XZ,2016,"77,558kms",Diesel,Manual,₹2.60 Lakh,delhi-ncr
Renault,Renault KWIDRXT,2017,"41,654kms",Petrol,Manual,₹2.22 Lakh,delhi-ncr
MG,MG HectorSmart DCT,2019,"32,506kms",Petrol,Automatic,₹8.61 Lakh,delhi-ncr
Maruti,Maruti Swift DzireVXI,2014,"46,549kms",Petrol,Manual,₹2.20 Lakh,delhi-ncr
Honda,Honda AmazeSX i-VTEC,2016,"75,014kms",Petrol,Manual,₹2.83 Lakh,delhi-ncr
Renault,Renault KWIDRXL,2017,"29,313kms",Petrol,Manual,₹2.06 Lakh,delhi-ncr
Hyundai,Hyundai Grand i101.2 Kappa Asta,2015,"99,833kms",Petrol,Manual,₹2.94 Lakh,delhi-ncr
Maruti,Maruti Wagon RVXI BS IV,2018,"37,968kms",Petrol,Manual,₹2.80 Lakh,delhi-ncr
Honda,Honda AmazeS i-Vtech,2015,"68,267kms",Petrol,Manual,₹2.21 Lakh,delhi-ncr
Hyundai,Hyundai Grand i101.2 Kappa Magna BSIV,2018,"72,057kms",Petrol,Manual,₹2.98 Lakh,delhi-ncr
Maruti,Maruti Wagon RCNG LXI,2014,"80,321kms",CNG,Manual,₹2.44 Lakh,delhi-ncr
Honda,Honda AmazeS i-Vtech,2015,"74,730kms",Petrol,Manual,₹2.59 Lakh,delhi-ncr
Hyundai,Hyundai Xcent1.2 Kappa S Option,2014,"97,811kms",Petrol,Manual,₹2.26 Lakh,delhi-ncr
Honda,Honda AmazeS i-Vtech,2014,"55,014kms",Petrol,Manual,₹2.32 Lakh,delhi-ncr
Maruti,Maruti Swift DzireVXI,2014,"49,364kms",Petrol,Manual,₹2.45 Lakh,delhi-ncr
Maruti,Maruti Wagon RAMT VXI,2018,"22,259kms",Petrol,Automatic,₹2.58 Lakh,delhi-ncr
Maruti,Maruti Alto 800LXi,2015,"1,03,493kms",Petrol,Manual,₹2.02 Lakh,delhi-ncr
Honda,Honda AmazeS i-VTEC,2015,"81,491kms",Petrol,Manual,₹2.76 Lakh,delhi-ncr
Honda,Honda AmazeS i-VTEC,2014,"39,753kms",Petrol,Manual,₹3 Lakh,delhi-ncr
Hyundai,Hyundai i10Magna 1.1L,2014,"38,066kms",Petrol,Manual,₹1.80 Lakh,delhi-ncr
Tata,Tata Tiago1.05 Revotorq XZ,2016,"77,558kms",Diesel,Manual,₹2.60 Lakh,delhi-ncr
Renault,Renault KWIDRXT,2017,"41,654kms",Petrol,Manual,₹2.22 Lakh,delhi-ncr
MG,MG HectorSmart DCT,2019,"32,506kms",Petrol,Automatic,₹8.61 Lakh,delhi-ncr
Maruti,Maruti Swift DzireVXI,2014,"46,549kms",Petrol,Manual,₹2.20 Lakh,delhi-ncr
Hyundai,Hyundai Grand i10AT Asta,2015,"27,338kms",Petrol,Automatic,₹2.84 Lakh,delhi-ncr
Toyota,Toyota EtiosG,2015,"65,292kms",Petrol,Manual,₹2.26 Lakh,delhi-ncr
Maruti,Maruti Wagon RVXI BS IV,2018,"37,968kms",Petrol,Manual,₹2.80 Lakh,delhi-ncr
Honda,Honda AmazeS i-VTEC,2015,"81,491kms",Petrol,Manual,₹2.76 Lakh,delhi-ncr
Honda,Honda AmazeS i-VTEC,2014,"39,753kms",Petrol,Manual,₹3 Lakh,delhi-ncr
Hyundai,Hyundai i10Magna 1.1L,2014,"38,066kms",Petrol,Manual,₹1.80 Lakh,delhi-ncr
Honda,Honda AmazeS i-Vtech,2015,"68,267kms",Petrol,Manual,₹2.21 Lakh,delhi-ncr
Hyundai,Hyundai Grand i101.2 Kappa Magna BSIV,2018,"72,057kms",Petrol,Manual,₹2.98 Lakh,delhi-ncr
Maruti,Maruti Wagon RCNG LXI,2014,"80,321kms",CNG,Manual,₹2.44 Lakh,delhi-ncr
Hyundai,Hyundai Xcent1.2 Kappa S Option,2014,"97,811kms",Petrol,Manual,₹2.26 Lakh,delhi-ncr
Honda,Honda AmazeS i-Vtech,2014,"55,014kms",Petrol,Manual,₹2.32 Lakh,delhi-ncr
Maruti,Maruti Swift DzireVXI,2014,"49,364kms",Petrol,Manual,₹2.45 Lakh,delhi-ncr
Maruti,Maruti Wagon RAMT VXI,2018,"22,259kms",Petrol,Automatic,₹2.58 Lakh,delhi-ncr
Maruti,Maruti Alto 800LXi,2015,"1,03,493kms",Petrol,Manual,₹2.02 Lakh,delhi-ncr
Toyota,Toyota EtiosG,2014,"59,486kms",Petrol,Manual,₹2.24 Lakh,delhi-ncr
Honda,Honda AmazeS i-Vtech,2015,"74,730kms",Petrol,Manual,₹2.59 Lakh,delhi-ncr
Tata,Tata Tiago1.05 Revotorq XZ,2016,"77,558kms",Diesel,Manual,₹2.60 Lakh,delhi-ncr
Renault,Renault KWIDRXT,2017,"41,654kms",Petrol,Manual,₹2.22 Lakh,delhi-ncr
MG,MG HectorSmart DCT,2019,"32,506kms",Petrol,Automatic,₹8.61 Lakh,delhi-ncr
Hyundai,Hyundai Grand i10AT Asta,2015,"27,338kms",Petrol,Automatic,₹2.84 Lakh,delhi-ncr
Maruti,Maruti Swift DzireVXI,2014,"46,549kms",Petrol,Manual,₹2.20 Lakh,delhi-ncr
Honda,Honda AmazeSX i-VTEC,2016,"75,014kms",Petrol,Manual,₹2.83 Lakh,delhi-ncr
Hyundai,Hyundai Grand i101.2 Kappa Asta,2015,"99,833kms",Petrol,Manual,₹2.94 Lakh,delhi-ncr
Maruti,Maruti Wagon RVXI BS IV,2018,"37,968kms",Petrol,Manual,₹2.80 Lakh,delhi-ncr
Honda,Honda AmazeS i-Vtech,2015,"68,267kms",Petrol,Manual,₹2.21 Lakh,delhi-ncr
Hyundai,Hyundai Grand i101.2 Kappa Magna BSIV,2018,"72,057kms",Petrol,Manual,₹2.98 Lakh,delhi-ncr
Maruti,Maruti Wagon RCNG LXI,2014,"80,321kms",CNG,Manual,₹2.44 Lakh,delhi-ncr
Honda,Honda AmazeS i-Vtech,2015,"74,730kms",Petrol,Manual,₹2.59 Lakh,delhi-ncr
Hyundai,Hyundai Xcent1.2 Kappa S Option,2014,"97,811kms",Petrol,Manual,₹2.26 Lakh,delhi-ncr
Honda,Honda AmazeS i-Vtech,2014,"55,014kms",Petrol,Manual,₹2.32 Lakh,delhi-ncr
Maruti,Maruti Swift DzireVXI,2014,"49,364kms",Petrol,Manual,₹2.45 Lakh,delhi-ncr
Maruti,Maruti Wagon RAMT VXI,2018,"22,259kms",Petrol,Automatic,₹2.58 Lakh,delhi-ncr
Maruti,Maruti Alto 800LXi,2015,"1,03,493kms",Petrol,Manual,₹2.02 Lakh,delhi-ncr
Honda,Honda AmazeS i-VTEC,2015,"81,491kms",Petrol,Manual,₹2.76 Lakh,delhi-ncr
Honda,Honda AmazeS i-VTEC,2014,"39,753kms",Petrol,Manual,₹3 Lakh,delhi-ncr
Hyundai,Hyundai i10Magna 1.1L,2014,"38,066kms",Petrol,Manual,₹1.80 Lakh,delhi-ncr
Tata,Tata Tiago1.05 Revotorq XZ,2016,"77,558kms",Diesel,Manual,₹2.60 Lakh,delhi-ncr
Renault,Renault KWIDRXT,2017,"41,654kms",Petrol,Manual,₹2.22 Lakh,delhi-ncr
MG,MG HectorSmart DCT,2019,"32,506kms",Petrol,Automatic,₹8.61 Lakh,delhi-ncr
Maruti,Maruti Swift DzireVXI,2014,"46,549kms",Petrol,Manual,₹2.20 Lakh,delhi-ncr
Hyundai,Hyundai Grand i10AT Asta,2015,"27,338kms",Petrol,Automatic,₹2.84 Lakh,delhi-ncr
Toyota,Toyota EtiosG,2015,"65,292kms",Petrol,Manual,₹2.26 Lakh,delhi-ncr
Maruti,Maruti Wagon RVXI BS IV,2018,"37,968kms",Petrol,Manual,₹2.80 Lakh,delhi-ncr
Honda,Honda AmazeS i-VTEC,2015,"81,491kms",Petrol,Manual,₹2.76 Lakh,delhi-ncr
Honda,Honda AmazeS i-VTEC,2014,"39,753kms",Petrol,Manual,₹3 Lakh,delhi-ncr
Hyundai,Hyundai i10Magna 1.1L,2014,"38,066kms",Petrol,Manual,₹1.80 Lakh,delhi-ncr
Honda,Honda AmazeS i-Vtech,2015,"68,267kms",Petrol,Manual,₹2.21 Lakh,delhi-ncr
Hyundai,Hyundai Grand i101.2 Kappa Magna BSIV,2018,"72,057kms",Petrol,Manual,₹2.98 Lakh,delhi-ncr
Maruti,Maruti Wagon RCNG LXI,2014,"80,321kms",CNG,Manual,₹2.44 Lakh,delhi-ncr
Hyundai,Hyundai Xcent1.2 Kappa S Option,2014,"97,811kms",Petrol,Manual,₹2.26 Lakh,delhi-ncr
Honda,Honda AmazeS i-Vtech,2014,"55,014kms",Petrol,Manual,₹2.32 Lakh,delhi-ncr
Maruti,Maruti Swift DzireVXI,2014,"49,364kms",Petrol,Manual,₹2.45 Lakh,delhi-ncr
Maruti,Maruti Wagon RAMT VXI,2018,"22,259kms",Petrol,Automatic,₹2.58 Lakh,delhi-ncr
Maruti,Maruti Alto 800LXi,2015,"1,03,493kms",Petrol,Manual,₹2.02 Lakh,delhi-ncr
Toyota,Toyota EtiosG,2014,"59,486kms",Petrol,Manual,₹2.24 Lakh,delhi-ncr
Honda,Honda AmazeS i-Vtech,2015,"74,730kms",Petrol,Manual,₹2.59 Lakh,delhi-ncr
Tata,Tata Tiago1.05 Revotorq XZ,2016,"77,558kms",Diesel,Manual,₹2.60 Lakh,delhi-ncr
Renault,Renault KWIDRXT,2017,"41,654kms",Petrol,Manual,₹2.22 Lakh,delhi-ncr
MG,MG HectorSmart DCT,2019,"32,506kms",Petrol,Automatic,₹8.61 Lakh,delhi-ncr
Hyundai,Hyundai Grand i10AT Asta,2015,"27,338kms",Petrol,Automatic,₹2.84 Lakh,delhi-ncr
Maruti,Maruti Swift DzireVXI,2014,"46,549kms",Petrol,Manual,₹2.20 Lakh,delhi-ncr
Honda,Honda AmazeSX i-VTEC,2016,"75,014kms",Petrol,Manual,₹2.83 Lakh,delhi-ncr
Hyundai,Hyundai Grand i101.2 Kappa Asta,2015,"99,833kms",Petrol,Manual,₹2.94 Lakh,delhi-ncr
Maruti,Maruti Wagon RVXI BS IV,2018,"37,968kms",Petrol,Manual,₹2.80 Lakh,delhi-ncr
Honda,Honda AmazeS i-Vtech,2015,"68,267kms",Petrol,Manual,₹2.21 Lakh,delhi-ncr
Hyundai,Hyundai Grand i101.2 Kappa Magna BSIV,2018,"72,057kms",Petrol,Manual,₹2.98 Lakh,delhi-ncr
Maruti,Maruti Wagon RCNG LXI,2014,"80,321kms",CNG,Manual,₹2.44 Lakh,delhi-ncr
Honda,Honda AmazeS i-Vtech,2015,"74,730kms",Petrol,Manual,₹2.59 Lakh,delhi-ncr
Hyundai,Hyundai Xcent1.2 Kappa S Option,2014,"97,811kms",Petrol,Manual,₹2.26 Lakh,delhi-ncr
Honda,Honda AmazeS i-Vtech,2014,"55,014kms",Petrol,Manual,₹2.32 Lakh,delhi-ncr
Maruti,Maruti Swift DzireVXI,2014,"49,364kms",Petrol,Manual,₹2.45 Lakh,delhi-ncr
Maruti,Maruti Wagon RAMT VXI,2018,"22,259kms",Petrol,Automatic,₹2.58 Lakh,delhi-ncr
Maruti,Maruti Alto 800LXi,2015,"1,03,493kms",Petrol,Manual,₹2.02 Lakh,delhi-ncr
Honda,Honda AmazeS i-VTEC,2015,"81,491kms",Petrol,Manual,₹2.76 Lakh,delhi-ncr
Honda,Honda AmazeS i-VTEC,2014,"39,753kms",Petrol,Manual,₹3 Lakh,delhi-ncr
Hyundai,Hyundai i10Magna 1.1L,2014,"38,066kms",Petrol,Manual,₹1.80 Lakh,delhi-ncr
Tata,Tata Tiago1.05 Revotorq XZ,2016,"77,558kms",Diesel,Manual,₹2.60 Lakh,delhi-ncr
Renault,Renault KWIDRXT,2017,"41,654kms",Petrol,Manual,₹2.22 Lakh,delhi-ncr
MG,MG HectorSmart DCT,2019,"32,506kms",Petrol,Automatic,₹8.61 Lakh,delhi-ncr
Maruti,Maruti Swift DzireVXI,2014,"46,549kms",Petrol,Manual,₹2.20 Lakh,delhi-ncr
Hyundai,Hyundai Grand i10AT Asta,2015,"27,338kms",Petrol,Automatic,₹2.84 Lakh,delhi-ncr
Toyota,Toyota EtiosG,2015,"65,292kms",Petrol,Manual,₹2.26 Lakh,delhi-ncr
Maruti,Maruti Wagon RVXI BS IV,2018,"37,968kms",Petrol,Manual,₹2.80 Lakh,delhi-ncr
Honda,Honda AmazeS i-VTEC,2015,"81,491kms",Petrol,Manual,₹2.76 Lakh,delhi-ncr
Honda,Honda AmazeS i-VTEC,2014,"39,753kms",Petrol,Manual,₹3 Lakh,delhi-ncr
Hyundai,Hyundai i10Magna 1.1L,2014,"38,066kms",Petrol,Manual,₹1.80 Lakh,delhi-ncr
Toyota,Toyota EtiosG,2014,"59,486kms",Petrol,Manual,₹2.24 Lakh,delhi-ncr
Honda,Honda AmazeS i-Vtech,2015,"68,267kms",Petrol,Manual,₹2.21 Lakh,delhi-ncr
Hyundai,Hyundai Grand i101.2 Kappa Magna BSIV,2018,"72,057kms",Petrol,Manual,₹2.98 Lakh,delhi-ncr
Maruti,Maruti Wagon RCNG LXI,2014,"80,321kms",CNG,Manual,₹2.44 Lakh,delhi-ncr
Maruti,Maruti Alto 800LXi,2015,"1,03,493kms",Petrol,Manual,₹2.02 Lakh,delhi-ncr
Maruti,Maruti Swift DzireVXI,2014,"49,364kms",Petrol,Manual,₹2.45 Lakh,delhi-ncr
Maruti,Maruti Wagon RAMT VXI,2018,"22,259kms",Petrol,Automatic,₹2.58 Lakh,delhi-ncr
Hyundai,Hyundai Xcent1.2 Kappa S Option,2014,"97,811kms",Petrol,Manual,₹2.26 Lakh,delhi-ncr
Honda,Honda AmazeS i-Vtech,2014,"55,014kms",Petrol,Manual,₹2.32 Lakh,delhi-ncr
Honda,Honda AmazeS i-Vtech,2015,"74,730kms",Petrol,Manual,₹2.59 Lakh,delhi-ncr
Tata,Tata Tiago1.05 Revotorq XZ,2016,"77,558kms",Diesel,Manual,₹2.60 Lakh,delhi-ncr
Renault,Renault KWIDRXT,2017,"41,654kms",Petrol,Manual,₹2.22 Lakh,delhi-ncr
MG,MG HectorSmart DCT,2019,"32,506kms",Petrol,Automatic,₹8.61 Lakh,delhi-ncr
Maruti,Maruti Swift DzireVXI,2014,"46,549kms",Petrol,Manual,₹2.20 Lakh,delhi-ncr
Honda,Honda AmazeSX i-VTEC,2016,"75,014kms",Petrol,Manual,₹2.83 Lakh,delhi-ncr
Renault,Renault KWIDRXL,2017,"29,313kms",Petrol,Manual,₹2.06 Lakh,delhi-ncr
Maruti,Maruti Wagon RVXI BS IV,2018,"37,968kms",Petrol,Manual,₹2.80 Lakh,delhi-ncr
Honda,Honda AmazeS i-VTEC,2015,"81,491kms",Petrol,Manual,₹2.76 Lakh,delhi-ncr
Honda,Honda AmazeS i-VTEC,2014,"39,753kms",Petrol,Manual,₹3 Lakh,delhi-ncr
Hyundai,Hyundai i10Magna 1.1L,2014,"38,066kms",Petrol,Manual,₹1.80 Lakh,delhi-ncr
Honda,Honda AmazeS i-Vtech,2015,"68,267kms",Petrol,Manual,₹2.21 Lakh,delhi-ncr
Hyundai,Hyundai Grand i101.2 Kappa Magna BSIV,2018,"72,057kms",Petrol,Manual,₹2.98 Lakh,delhi-ncr
Maruti,Maruti Wagon RCNG LXI,2014,"80,321kms",CNG,Manual,₹2.44 Lakh,delhi-ncr
Hyundai,Hyundai Xcent1.2 Kappa S Option,2014,"97,811kms",Petrol,Manual,₹2.26 Lakh,delhi-ncr
Honda,Honda AmazeS i-Vtech,2014,"55,014kms",Petrol,Manual,₹2.32 Lakh,delhi-ncr
Maruti,Maruti Swift DzireVXI,2014,"49,364kms",Petrol,Manual,₹2.45 Lakh,delhi-ncr
Maruti,Maruti Wagon RAMT VXI,2018,"22,259kms",Petrol,Automatic,₹2.58 Lakh,delhi-ncr
Maruti,Maruti Alto 800LXi,2015,"1,03,493kms",Petrol,Manual,₹2.02 Lakh,delhi-ncr
Toyota,Toyota EtiosG,2014,"59,486kms",Petrol,Manual,₹2.24 Lakh,delhi-ncr
Honda,Honda AmazeS i-Vtech,2015,"74,730kms",Petrol,Manual,₹2.59 Lakh,delhi-ncr
Tata,Tata Tiago1.05 Revotorq XZ,2016,"77,558kms",Diesel,Manual,₹2.60 Lakh,delhi-ncr
Renault,Renault KWIDRXT,2017,"41,654kms",Petrol,Manual,₹2.22 Lakh,delhi-ncr
MG,MG HectorSmart DCT,2019,"32,506kms",Petrol,Automatic,₹8.61 Lakh,delhi-ncr
Hyundai,Hyundai Grand i10AT Asta,2015,"27,338kms",Petrol,Automatic,₹2.84 Lakh,delhi-ncr
Maruti,Maruti Swift DzireVXI,2014,"46,549kms",Petrol,Manual,₹2.20 Lakh,delhi-ncr
Honda,Honda AmazeSX i-VTEC,2016,"75,014kms",Petrol,Manual,₹2.83 Lakh,delhi-ncr
Maruti,Maruti Wagon RVXI BS IV,2018,"37,968kms",Petrol,Manual,₹2.80 Lakh,delhi-ncr
Honda,Honda AmazeS i-VTEC,2015,"81,491kms",Petrol,Manual,₹2.76 Lakh,delhi-ncr
Honda,Honda AmazeS i-VTEC,2014,"39,753kms",Petrol,Manual,₹3 Lakh,delhi-ncr
Hyundai,Hyundai i10Magna 1.1L,2014,"38,066kms",Petrol,Manual,₹1.80 Lakh,delhi-ncr
Toyota,Toyota EtiosG,2014,"59,486kms",Petrol,Manual,₹2.24 Lakh,delhi-ncr
Honda,Honda AmazeS i-Vtech,2015,"68,267kms",Petrol,Manual,₹2.21 Lakh,delhi-ncr
Hyundai,Hyundai Grand i101.2 Kappa Magna BSIV,2018,"72,057kms",Petrol,Manual,₹2.98 Lakh,delhi-ncr
Maruti,Maruti Wagon RCNG LXI,2014,"80,321kms",CNG,Manual,₹2.44 Lakh,delhi-ncr
Maruti,Maruti Alto 800LXi,2015,"1,03,493kms",Petrol,Manual,₹2.02 Lakh,delhi-ncr
Maruti,Maruti Swift DzireVXI,2014,"49,364kms",Petrol,Manual,₹2.45 Lakh,delhi-ncr
Maruti,Maruti Wagon RAMT VXI,2018,"22,259kms",Petrol,Automatic,₹2.58 Lakh,delhi-ncr
Hyundai,Hyundai Xcent1.2 Kappa S Option,2014,"97,811kms",Petrol,Manual,₹2.26 Lakh,delhi-ncr
Honda,Honda AmazeS i-Vtech,2014,"55,014kms",Petrol,Manual,₹2.32 Lakh,delhi-ncr
Honda,Honda AmazeS i-Vtech,2015,"74,730kms",Petrol,Manual,₹2.59 Lakh,delhi-ncr
Tata,Tata Tiago1.05 Revotorq XZ,2016,"77,558kms",Diesel,Manual,₹2.60 Lakh,delhi-ncr
Renault,Renault KWIDRXT,2017,"41,654kms",Petrol,Manual,₹2.22 Lakh,delhi-ncr
MG,MG HectorSmart DCT,2019,"32,506kms",Petrol,Automatic,₹8.61 Lakh,delhi-ncr
Maruti,Maruti Swift DzireVXI,2014,"46,549kms",Petrol,Manual,₹2.20 Lakh,delhi-ncr
Honda,Honda AmazeSX i-VTEC,2016,"75,014kms",Petrol,Manual,₹2.83 Lakh,delhi-ncr
Renault,Renault KWIDRXL,2017,"29,313kms",Petrol,Manual,₹2.06 Lakh,delhi-ncr
Maruti,Maruti Wagon RVXI BS IV,2018,"37,968kms",Petrol,Manual,₹2.80 Lakh,delhi-ncr
Honda,Honda AmazeS i-VTEC,2015,"81,491kms",Petrol,Manual,₹2.76 Lakh,delhi-ncr
Honda,Honda AmazeS i-VTEC,2014,"39,753kms",Petrol,Manual,₹3 Lakh,delhi-ncr
Hyundai,Hyundai i10Magna 1.1L,2014,"38,066kms",Petrol,Manual,₹1.80 Lakh,delhi-ncr
Toyota,Toyota EtiosG,2014,"59,486kms",Petrol,Manual,₹2.24 Lakh,delhi-ncr
Honda,Honda AmazeS i-Vtech,2015,"68,267kms",Petrol,Manual,₹2.21 Lakh,delhi-ncr
Hyundai,Hyundai Grand i101.2 Kappa Magna BSIV,2018,"72,057kms",Petrol,Manual,₹2.98 Lakh,delhi-ncr
Maruti,Maruti Wagon RCNG LXI,2014,"80,321kms",CNG,Manual,₹2.44 Lakh,delhi-ncr
Maruti,Maruti Alto 800LXi,2015,"1,03,493kms",Petrol,Manual,₹2.02 Lakh,delhi-ncr
Maruti,Maruti Swift DzireVXI,2014,"49,364kms",Petrol,Manual,₹2.45 Lakh,delhi-ncr
Maruti,Maruti Wagon RAMT VXI,2018,"22,259kms",Petrol,Automatic,₹2.58 Lakh,delhi-ncr
Hyundai,Hyundai Xcent1.2 Kappa S Option,2014,"97,811kms",Petrol,Manual,₹2.26 Lakh,delhi-ncr
Honda,Honda AmazeS i-Vtech,2014,"55,014kms",Petrol,Manual,₹2.32 Lakh,delhi-ncr
Honda,Honda AmazeS i-Vtech,2015,"74,730kms",Petrol,Manual,₹2.59 Lakh,delhi-ncr
Tata,Tata Tiago1.05 Revotorq XZ,2016,"77,558kms",Diesel,Manual,₹2.60 Lakh,delhi-ncr
Renault,Renault KWIDRXT,2017,"41,654kms",Petrol,Manual,₹2.22 Lakh,delhi-ncr
MG,MG HectorSmart DCT,2019,"32,506kms",Petrol,Automatic,₹8.61 Lakh,delhi-ncr
Maruti,Maruti Swift DzireVXI,2014,"46,549kms",Petrol,Manual,₹2.20 Lakh,delhi-ncr
Honda,Honda AmazeSX i-VTEC,2016,"75,014kms",Petrol,Manual,₹2.83 Lakh,delhi-ncr
Renault,Renault KWIDRXL,2017,"29,313kms",Petrol,Manual,₹2.06 Lakh,delhi-ncr
Maruti,Maruti Wagon RVXI BS IV,2018,"37,968kms",Petrol,Manual,₹2.80 Lakh,delhi-ncr
Honda,Honda AmazeS i-VTEC,2015,"81,491kms",Petrol,Manual,₹2.76 Lakh,delhi-ncr
Honda,Honda AmazeS i-VTEC,2014,"39,753kms",Petrol,Manual,₹3 Lakh,delhi-ncr
Hyundai,Hyundai i10Magna 1.1L,2014,"38,066kms",Petrol,Manual,₹1.80 Lakh,delhi-ncr
Honda,Honda AmazeS i-Vtech,2015,"68,267kms",Petrol,Manual,₹2.21 Lakh,delhi-ncr
Hyundai,Hyundai Grand i101.2 Kappa Magna BSIV,2018,"72,057kms",Petrol,Manual,₹2.98 Lakh,delhi-ncr
Maruti,Maruti Wagon RCNG LXI,2014,"80,321kms",CNG,Manual,₹2.44 Lakh,delhi-ncr
Hyundai,Hyundai Xcent1.2 Kappa S Option,2014,"97,811kms",Petrol,Manual,₹2.26 Lakh,delhi-ncr
Honda,Honda AmazeS i-Vtech,2014,"55,014kms",Petrol,Manual,₹2.32 Lakh,delhi-ncr
Maruti,Maruti Swift DzireVXI,2014,"49,364kms",Petrol,Manual,₹2.45 Lakh,delhi-ncr
Maruti,Maruti Wagon RAMT VXI,2018,"22,259kms",Petrol,Automatic,₹2.58 Lakh,delhi-ncr
Maruti,Maruti Alto 800LXi,2015,"1,03,493kms",Petrol,Manual,₹2.02 Lakh,delhi-ncr
Toyota,Toyota EtiosG,2014,"59,486kms",Petrol,Manual,₹2.24 Lakh,delhi-ncr
Honda,Honda AmazeS i-Vtech,2015,"74,730kms",Petrol,Manual,₹2.59 Lakh,delhi-ncr
Tata,Tata Tiago1.05 Revotorq XZ,2016,"77,558kms",Diesel,Manual,₹2.60 Lakh,delhi-ncr
Renault,Renault KWIDRXT,2017,"41,654kms",Petrol,Manual,₹2.22 Lakh,delhi-ncr
MG,MG HectorSmart DCT,2019,"32,506kms",Petrol,Automatic,₹8.61 Lakh,delhi-ncr
Hyundai,Hyundai Grand i10AT Asta,2015,"27,338kms",Petrol,Automatic,₹2.84 Lakh,delhi-ncr
Maruti,Maruti Swift DzireVXI,2014,"46,549kms",Petrol,Manual,₹2.20 Lakh,delhi-ncr
Honda,Honda AmazeSX i-VTEC,2016,"75,014kms",Petrol,Manual,₹2.83 Lakh,delhi-ncr
Maruti,Maruti Wagon RVXI BS IV,2018,"37,968kms",Petrol,Manual,₹2.80 Lakh,delhi-ncr
Honda,Honda AmazeS i-VTEC,2015,"81,491kms",Petrol,Manual,₹2.76 Lakh,delhi-ncr
Honda,Honda AmazeS i-VTEC,2014,"39,753kms",Petrol,Manual,₹3 Lakh,delhi-ncr
Hyundai,Hyundai i10Magna 1.1L,2014,"38,066kms",Petrol,Manual,₹1.80 Lakh,delhi-ncr
Toyota,Toyota EtiosG,2014,"59,486kms",Petrol,Manual,₹2.24 Lakh,delhi-ncr
Honda,Honda AmazeS i-Vtech,2015,"68,267kms",Petrol,Manual,₹2.21 Lakh,delhi-ncr
Hyundai,Hyundai Grand i101.2 Kappa Magna BSIV,2018,"72,057kms",Petrol,Manual,₹2.98 Lakh,delhi-ncr
Maruti,Maruti Wagon RCNG LXI,2014,"80,321kms",CNG,Manual,₹2.44 Lakh,delhi-ncr
Maruti,Maruti Alto 800LXi,2015,"1,03,493kms",Petrol,Manual,₹2.02 Lakh,delhi-ncr
Maruti,Maruti Swift DzireVXI,2014,"49,364kms",Petrol,Manual,₹2.45 Lakh,delhi-ncr
Maruti,Maruti Wagon RAMT VXI,2018,"22,259kms",Petrol,Automatic,₹2.58 Lakh,delhi-ncr
Hyundai,Hyundai Xcent1.2 Kappa S Option,2014,"97,811kms",Petrol,Manual,₹2.26 Lakh,delhi-ncr
Honda,Honda AmazeS i-Vtech,2014,"55,014kms",Petrol,Manual,₹2.32 Lakh,delhi-ncr
Honda,Honda AmazeS i-Vtech,2015,"74,730kms",Petrol,Manual,₹2.59 Lakh,delhi-ncr
Tata,Tata Tiago1.05 Revotorq XZ,2016,"77,558kms",Diesel,Manual,₹2.60 Lakh,delhi-ncr
Renault,Renault KWIDRXT,2017,"41,654kms",Petrol,Manual,₹2.22 Lakh,delhi-ncr
MG,MG HectorSmart DCT,2019,"32,506kms",Petrol,Automatic,₹8.61 Lakh,delhi-ncr
Maruti,Maruti Swift DzireVXI,2014,"46,549kms",Petrol,Manual,₹2.20 Lakh,delhi-ncr
Honda,Honda AmazeSX i-VTEC,2016,"75,014kms",Petrol,Manual,₹2.83 Lakh,delhi-ncr
Renault,Renault KWIDRXL,2017,"29,313kms",Petrol,Manual,₹2.06 Lakh,delhi-ncr
Hyundai,Hyundai Grand i101.2 Kappa Asta,2015,"99,833kms",Petrol,Manual,₹2.94 Lakh,delhi-ncr
Maruti,Maruti Wagon RVXI BS IV,2018,"37,968kms",Petrol,Manual,₹2.80 Lakh,delhi-ncr
Honda,Honda AmazeS i-Vtech,2015,"68,267kms",Petrol,Manual,₹2.21 Lakh,delhi-ncr
Hyundai,Hyundai Grand i101.2 Kappa Magna BSIV,2018,"72,057kms",Petrol,Manual,₹2.98 Lakh,delhi-ncr
Maruti,Maruti Wagon RCNG LXI,2014,"80,321kms",CNG,Manual,₹2.44 Lakh,delhi-ncr
Honda,Honda AmazeS i-Vtech,2015,"74,730kms",Petrol,Manual,₹2.59 Lakh,delhi-ncr
Hyundai,Hyundai Xcent1.2 Kappa S Option,2014,"97,811kms",Petrol,Manual,₹2.26 Lakh,delhi-ncr
Honda,Honda AmazeS i-Vtech,2014,"55,014kms",Petrol,Manual,₹2.32 Lakh,delhi-ncr
Maruti,Maruti Swift DzireVXI,2014,"49,364kms",Petrol,Manual,₹2.45 Lakh,delhi-ncr
Maruti,Maruti Wagon RAMT VXI,2018,"22,259kms",Petrol,Automatic,₹2.58 Lakh,delhi-ncr
Maruti,Maruti Alto 800LXi,2015,"1,03,493kms",Petrol,Manual,₹2.02 Lakh,delhi-ncr
Honda,Honda AmazeS i-VTEC,2015,"81,491kms",Petrol,Manual,₹2.76 Lakh,delhi-ncr
Honda,Honda AmazeS i-VTEC,2014,"39,753kms",Petrol,Manual,₹3 Lakh,delhi-ncr
Hyundai,Hyundai i10Magna 1.1L,2014,"38,066kms",Petrol,Manual,₹1.80 Lakh,delhi-ncr
Tata,Tata Tiago1.05 Revotorq XZ,2016,"77,558kms",Diesel,Manual,₹2.60 Lakh,delhi-ncr
Renault,Renault KWIDRXT,2017,"41,654kms",Petrol,Manual,₹2.22 Lakh,delhi-ncr
MG,MG HectorSmart DCT,2019,"32,506kms",Petrol,Automatic,₹8.61 Lakh,delhi-ncr
Maruti,Maruti Swift DzireVXI,2014,"46,549kms",Petrol,Manual,₹2.20 Lakh,delhi-ncr
Hyundai,Hyundai Grand i10AT Asta,2015,"27,338kms",Petrol,Automatic,₹2.84 Lakh,delhi-ncr
Toyota,Toyota EtiosG,2015,"65,292kms",Petrol,Manual,₹2.26 Lakh,delhi-ncr
Maruti,Maruti Wagon RVXI BS IV,2018,"37,968kms",Petrol,Manual,₹2.80 Lakh,delhi-ncr
Honda,Honda AmazeS i-VTEC,2015,"81,491kms",Petrol,Manual,₹2.76 Lakh,delhi-ncr
Honda,Honda AmazeS i-VTEC,2014,"39,753kms",Petrol,Manual,₹3 Lakh,delhi-ncr
Hyundai,Hyundai i10Magna 1.1L,2014,"38,066kms",Petrol,Manual,₹1.80 Lakh,delhi-ncr
Honda,Honda AmazeS i-Vtech,2015,"68,267kms",Petrol,Manual,₹2.21 Lakh,delhi-ncr
Hyundai,Hyundai Grand i101.2 Kappa Magna BSIV,2018,"72,057kms",Petrol,Manual,₹2.98 Lakh,delhi-ncr
Maruti,Maruti Wagon RCNG LXI,2014,"80,321kms",CNG,Manual,₹2.44 Lakh,delhi-ncr
Hyundai,Hyundai Xcent1.2 Kappa S Option,2014,"97,811kms",Petrol,Manual,₹2.26 Lakh,delhi-ncr
Honda,Honda AmazeS i-Vtech,2014,"55,014kms",Petrol,Manual,₹2.32 Lakh,delhi-ncr
Maruti,Maruti Swift DzireVXI,2014,"49,364kms",Petrol,Manual,₹2.45 Lakh,delhi-ncr
Maruti,Maruti Wagon RAMT VXI,2018,"22,259kms",Petrol,Automatic,₹2.58 Lakh,delhi-ncr
Maruti,Maruti Alto 800LXi,2015,"1,03,493kms",Petrol,Manual,₹2.02 Lakh,delhi-ncr
Toyota,Toyota EtiosG,2014,"59,486kms",Petrol,Manual,₹2.24 Lakh,delhi-ncr
Honda,Honda AmazeS i-Vtech,2015,"74,730kms",Petrol,Manual,₹2.59 Lakh,delhi-ncr
Tata,Tata Tiago1.05 Revotorq XZ,2016,"77,558kms",Diesel,Manual,₹2.60 Lakh,delhi-ncr
Renault,Renault KWIDRXT,2017,"41,654kms",Petrol,Manual,₹2.22 Lakh,delhi-ncr
MG,MG HectorSmart DCT,2019,"32,506kms",Petrol,Automatic,₹8.61 Lakh,delhi-ncr
Hyundai,Hyundai Grand i10AT Asta,2015,"27,338kms",Petrol,Automatic,₹2.84 Lakh,delhi-ncr
Maruti,Maruti Swift DzireVXI,2014,"46,549kms",Petrol,Manual,₹2.20 Lakh,delhi-ncr
Honda,Honda AmazeSX i-VTEC,2016,"75,014kms",Petrol,Manual,₹2.83 Lakh,delhi-ncr
Maruti,Maruti Wagon RVXI BS IV,2018,"37,968kms",Petrol,Manual,₹2.80 Lakh,delhi-ncr
Honda,Honda AmazeS i-VTEC,2015,"81,491kms",Petrol,Manual,₹2.76 Lakh,delhi-ncr
Honda,Honda AmazeS i-VTEC,2014,"39,753kms",Petrol,Manual,₹3 Lakh,delhi-ncr
Hyundai,Hyundai i10Magna 1.1L,2014,"38,066kms",Petrol,Manual,₹1.80 Lakh,delhi-ncr
Honda,Honda AmazeS i-Vtech,2015,"68,267kms",Petrol,Manual,₹2.21 Lakh,delhi-ncr
Hyundai,Hyundai Grand i101.2 Kappa Magna BSIV,2018,"72,057kms",Petrol,Manual,₹2.98 Lakh,delhi-ncr
Maruti,Maruti Wagon RCNG LXI,2014,"80,321kms",CNG,Manual,₹2.44 Lakh,delhi-ncr
Hyundai,Hyundai Xcent1.2 Kappa S Option,2014,"97,811kms",Petrol,Manual,₹2.26 Lakh,delhi-ncr
Honda,Honda AmazeS i-Vtech,2014,"55,014kms",Petrol,Manual,₹2.32 Lakh,delhi-ncr
Maruti,Maruti Swift DzireVXI,2014,"49,364kms",Petrol,Manual,₹2.45 Lakh,delhi-ncr
Maruti,Maruti Wagon RAMT VXI,2018,"22,259kms",Petrol,Automatic,₹2.58 Lakh,delhi-ncr
Maruti,Maruti Alto 800LXi,2015,"1,03,493kms",Petrol,Manual,₹2.02 Lakh,delhi-ncr
Toyota,Toyota EtiosG,2014,"59,486kms",Petrol,Manual,₹2.24 Lakh,delhi-ncr
Honda,Honda AmazeS i-Vtech,2015,"74,730kms",Petrol,Manual,₹2.59 Lakh,delhi-ncr
Tata,Tata Tiago1.05 Revotorq XZ,2016,"77,558kms",Diesel,Manual,₹2.60 Lakh,delhi-ncr
Renault,Renault KWIDRXT,2017,"41,654kms",Petrol,Manual,₹2.22 Lakh,delhi-ncr
MG,MG HectorSmart DCT,2019,"32,506kms",Petrol,Automatic,₹8.61 Lakh,delhi-ncr
Hyundai,Hyundai Grand i10AT Asta,2015,"27,338kms",Petrol,Automatic,₹2.84 Lakh,delhi-ncr
Maruti,Maruti Swift DzireVXI,2014,"46,549kms",Petrol,Manual,₹2.20 Lakh,delhi-ncr
Honda,Honda AmazeSX i-VTEC,2016,"75,014kms",Petrol,Manual,₹2.83 Lakh,delhi-ncr
Maruti,Maruti Wagon RVXI BS IV,2018,"37,968kms",Petrol,Manual,₹2.80 Lakh,delhi-ncr
Honda,Honda AmazeS i-VTEC,2015,"81,491kms",Petrol,Manual,₹2.76 Lakh,delhi-ncr
Honda,Honda AmazeS i-VTEC,2014,"39,753kms",Petrol,Manual,₹3 Lakh,delhi-ncr
Hyundai,Hyundai i10Magna 1.1L,2014,"38,066kms",Petrol,Manual,₹1.80 Lakh,delhi-ncr
Honda,Honda AmazeS i-Vtech,2015,"68,267kms",Petrol,Manual,₹2.21 Lakh,delhi-ncr
Hyundai,Hyundai Grand i101.2 Kappa Magna BSIV,2018,"72,057kms",Petrol,Manual,₹2.98 Lakh,delhi-ncr
Maruti,Maruti Wagon RCNG LXI,2014,"80,321kms",CNG,Manual,₹2.44 Lakh,delhi-ncr
Hyundai,Hyundai Xcent1.2 Kappa S Option,2014,"97,811kms",Petrol,Manual,₹2.26 Lakh,delhi-ncr
Honda,Honda AmazeS i-Vtech,2014,"55,014kms",Petrol,Manual,₹2.32 Lakh,delhi-ncr
Maruti,Maruti Swift DzireVXI,2014,"49,364kms",Petrol,Manual,₹2.45 Lakh,delhi-ncr
Maruti,Maruti Wagon RAMT VXI,2018,"22,259kms",Petrol,Automatic,₹2.58 Lakh,delhi-ncr
Maruti,Maruti Alto 800LXi,2015,"1,03,493kms",Petrol,Manual,₹2.02 Lakh,delhi-ncr
Toyota,Toyota EtiosG,2014,"59,486kms",Petrol,Manual,₹2.24 Lakh,delhi-ncr
Honda,Honda AmazeS i-Vtech,2015,"74,730kms",Petrol,Manual,₹2.59 Lakh,delhi-ncr
Tata,Tata Tiago1.05 Revotorq XZ,2016,"77,558kms",Diesel,Manual,₹2.60 Lakh,delhi-ncr
Renault,Renault KWIDRXT,2017,"41,654kms",Petrol,Manual,₹2.22 Lakh,delhi-ncr
MG,MG HectorSmart DCT,2019,"32,506kms",Petrol,Automatic,₹8.61 Lakh,delhi-ncr
Hyundai,Hyundai Grand i10AT Asta,2015,"27,338kms",Petrol,Automatic,₹2.84 Lakh,delhi-ncr
Maruti,Maruti Swift DzireVXI,2014,"46,549kms",Petrol,Manual,₹2.20 Lakh,delhi-ncr
Honda,Honda AmazeSX i-VTEC,2016,"75,014kms",Petrol,Manual,₹2.83 Lakh,delhi-ncr
Hyundai,Hyundai Grand i101.2 Kappa Asta,2015,"99,833kms",Petrol,Manual,₹2.94 Lakh,delhi-ncr
Maruti,Maruti Wagon RVXI BS IV,2018,"37,968kms",Petrol,Manual,₹2.80 Lakh,delhi-ncr
Honda,Honda AmazeS i-Vtech,2015,"68,267kms",Petrol,Manual,₹2.21 Lakh,delhi-ncr
Hyundai,Hyundai Grand i101.2 Kappa Magna BSIV,2018,"72,057kms",Petrol,Manual,₹2.98 Lakh,delhi-ncr
Maruti,Maruti Wagon RCNG LXI,2014,"80,321kms",CNG,Manual,₹2.44 Lakh,delhi-ncr
Honda,Honda AmazeS i-Vtech,2015,"74,730kms",Petrol,Manual,₹2.59 Lakh,delhi-ncr
Hyundai,Hyundai Xcent1.2 Kappa S Option,2014,"97,811kms",Petrol,Manual,₹2.26 Lakh,delhi-ncr
Honda,Honda AmazeS i-Vtech,2014,"55,014kms",Petrol,Manual,₹2.32 Lakh,delhi-ncr
Maruti,Maruti Swift DzireVXI,2014,"49,364kms",Petrol,Manual,₹2.45 Lakh,delhi-ncr
Maruti,Maruti Wagon RAMT VXI,2018,"22,259kms",Petrol,Automatic,₹2.58 Lakh,delhi-ncr
Maruti,Maruti Alto 800LXi,2015,"1,03,493kms",Petrol,Manual,₹2.02 Lakh,delhi-ncr
Honda,Honda AmazeS i-VTEC,2015,"81,491kms",Petrol,Manual,₹2.76 Lakh,delhi-ncr
Honda,Honda AmazeS i-VTEC,2014,"39,753kms",Petrol,Manual,₹3 Lakh,delhi-ncr
Hyundai,Hyundai i10Magna 1.1L,2014,"38,066kms",Petrol,Manual,₹1.80 Lakh,delhi-ncr
Tata,Tata Tiago1.05 Revotorq XZ,2016,"77,558kms",Diesel,Manual,₹2.60 Lakh,delhi-ncr
Renault,Renault KWIDRXT,2017,"41,654kms",Petrol,Manual,₹2.22 Lakh,delhi-ncr
MG,MG HectorSmart DCT,2019,"32,506kms",Petrol,Automatic,₹8.61 Lakh,delhi-ncr
Maruti,Maruti Swift DzireVXI,2014,"46,549kms",Petrol,Manual,₹2.20 Lakh,delhi-ncr
Hyundai,Hyundai Grand i10AT Asta,2015,"27,338kms",Petrol,Automatic,₹2.84 Lakh,delhi-ncr
Toyota,Toyota EtiosG,2015,"65,292kms",Petrol,Manual,₹2.26 Lakh,delhi-ncr
Maruti,Maruti Wagon RVXI BS IV,2018,"37,968kms",Petrol,Manual,₹2.80 Lakh,delhi-ncr
Honda,Honda AmazeS i-VTEC,2015,"81,491kms",Petrol,Manual,₹2.76 Lakh,delhi-ncr
Honda,Honda AmazeS i-VTEC,2014,"39,753kms",Petrol,Manual,₹3 Lakh,delhi-ncr
Hyundai,Hyundai i10Magna 1.1L,2014,"38,066kms",Petrol,Manual,₹1.80 Lakh,delhi-ncr
Honda,Honda AmazeS i-Vtech,2015,"68,267kms",Petrol,Manual,₹2.21 Lakh,delhi-ncr
Hyundai,Hyundai Grand i101.2 Kappa Magna BSIV,2018,"72,057kms",Petrol,Manual,₹2.98 Lakh,delhi-ncr
Maruti,Maruti Wagon RCNG LXI,2014,"80,321kms",CNG,Manual,₹2.44 Lakh,delhi-ncr
Hyundai,Hyundai Xcent1.2 Kappa S Option,2014,"97,811kms",Petrol,Manual,₹2.26 Lakh,delhi-ncr
Honda,Honda AmazeS i-Vtech,2014,"55,014kms",Petrol,Manual,₹2.32 Lakh,delhi-ncr
Maruti,Maruti Swift DzireVXI,2014,"49,364kms",Petrol,Manual,₹2.45 Lakh,delhi-ncr
Maruti,Maruti Wagon RAMT VXI,2018,"22,259kms",Petrol,Automatic,₹2.58 Lakh,delhi-ncr
Maruti,Maruti Alto 800LXi,2015,"1,03,493kms",Petrol,Manual,₹2.02 Lakh,delhi-ncr
Toyota,Toyota EtiosG,2014,"59,486kms",Petrol,Manual,₹2.24 Lakh,delhi-ncr
Honda,Honda AmazeS i-Vtech,2015,"74,730kms",Petrol,Manual,₹2.59 Lakh,delhi-ncr
Tata,Tata Tiago1.05 Revotorq XZ,2016,"77,558kms",Diesel,Manual,₹2.60 Lakh,delhi-ncr
Renault,Renault KWIDRXT,2017,"41,654kms",Petrol,Manual,₹2.22 Lakh,delhi-ncr
MG,MG HectorSmart DCT,2019,"32,506kms",Petrol,Automatic,₹8.61 Lakh,delhi-ncr
Hyundai,Hyundai Grand i10AT Asta,2015,"27,338kms",Petrol,Automatic,₹2.84 Lakh,delhi-ncr
Maruti,Maruti Swift DzireVXI,2014,"46,549kms",Petrol,Manual,₹2.20 Lakh,delhi-ncr
Honda,Honda AmazeSX i-VTEC,2016,"75,014kms",Petrol,Manual,₹2.83 Lakh,delhi-ncr
Maruti,Maruti Wagon RVXI BS IV,2018,"37,968kms",Petrol,Manual,₹2.80 Lakh,delhi-ncr
Honda,Honda AmazeS i-VTEC,2015,"81,491kms",Petrol,Manual,₹2.76 Lakh,delhi-ncr
Honda,Honda AmazeS i-VTEC,2014,"39,753kms",Petrol,Manual,₹3 Lakh,delhi-ncr
Hyundai,Hyundai i10Magna 1.1L,2014,"38,066kms",Petrol,Manual,₹1.80 Lakh,delhi-ncr
Toyota,Toyota EtiosG,2014,"59,486kms",Petrol,Manual,₹2.24 Lakh,delhi-ncr
Honda,Honda AmazeS i-Vtech,2015,"68,267kms",Petrol,Manual,₹2.21 Lakh,delhi-ncr
Hyundai,Hyundai Grand i101.2 Kappa Magna BSIV,2018,"72,057kms",Petrol,Manual,₹2.98 Lakh,delhi-ncr
Maruti,Maruti Wagon RCNG LXI,2014,"80,321kms",CNG,Manual,₹2.44 Lakh,delhi-ncr
Maruti,Maruti Alto 800LXi,2015,"1,03,493kms",Petrol,Manual,₹2.02 Lakh,delhi-ncr
Maruti,Maruti Swift DzireVXI,2014,"49,364kms",Petrol,Manual,₹2.45 Lakh,delhi-ncr
Maruti,Maruti Wagon RAMT VXI,2018,"22,259kms",Petrol,Automatic,₹2.58 Lakh,delhi-ncr
Hyundai,Hyundai Xcent1.2 Kappa S Option,2014,"97,811kms",Petrol,Manual,₹2.26 Lakh,delhi-ncr
Honda,Honda AmazeS i-Vtech,2014,"55,014kms",Petrol,Manual,₹2.32 Lakh,delhi-ncr
Honda,Honda AmazeS i-Vtech,2015,"74,730kms",Petrol,Manual,₹2.59 Lakh,delhi-ncr
Tata,Tata Tiago1.05 Revotorq XZ,2016,"77,558kms",Diesel,Manual,₹2.60 Lakh,delhi-ncr
Renault,Renault KWIDRXT,2017,"41,654kms",Petrol,Manual,₹2.22 Lakh,delhi-ncr
MG,MG HectorSmart DCT,2019,"32,506kms",Petrol,Automatic,₹8.61 Lakh,delhi-ncr
Maruti,Maruti Swift DzireVXI,2014,"46,549kms",Petrol,Manual,₹2.20 Lakh,delhi-ncr
Honda,Honda AmazeSX i-VTEC,2016,"75,014kms",Petrol,Manual,₹2.83 Lakh,delhi-ncr
Renault,Renault KWIDRXL,2017,"29,313kms",Petrol,Manual,₹2.06 Lakh,delhi-ncr
Maruti,Maruti Wagon RVXI BS IV,2018,"37,968kms",Petrol,Manual,₹2.80 Lakh,delhi-ncr
Honda,Honda AmazeS i-VTEC,2015,"81,491kms",Petrol,Manual,₹2.76 Lakh,delhi-ncr
Honda,Honda AmazeS i-VTEC,2014,"39,753kms",Petrol,Manual,₹3 Lakh,delhi-ncr
Hyundai,Hyundai i10Magna 1.1L,2014,"38,066kms",Petrol,Manual,₹1.80 Lakh,delhi-ncr
Honda,Honda AmazeS i-Vtech,2015,"68,267kms",Petrol,Manual,₹2.21 Lakh,delhi-ncr
Hyundai,Hyundai Grand i101.2 Kappa Magna BSIV,2018,"72,057kms",Petrol,Manual,₹2.98 Lakh,delhi-ncr
Maruti,Maruti Wagon RCNG LXI,2014,"80,321kms",CNG,Manual,₹2.44 Lakh,delhi-ncr
Hyundai,Hyundai Xcent1.2 Kappa S Option,2014,"97,811kms",Petrol,Manual,₹2.26 Lakh,delhi-ncr
Honda,Honda AmazeS i-Vtech,2014,"55,014kms",Petrol,Manual,₹2.32 Lakh,delhi-ncr
Maruti,Maruti Swift DzireVXI,2014,"49,364kms",Petrol,Manual,₹2.45 Lakh,delhi-ncr
Maruti,Maruti Wagon RAMT VXI,2018,"22,259kms",Petrol,Automatic,₹2.58 Lakh,delhi-ncr
Maruti,Maruti Alto 800LXi,2015,"1,03,493kms",Petrol,Manual,₹2.02 Lakh,delhi-ncr
Toyota,Toyota EtiosG,2014,"59,486kms",Petrol,Manual,₹2.24 Lakh,delhi-ncr
Honda,Honda AmazeS i-Vtech,2015,"74,730kms",Petrol,Manual,₹2.59 Lakh,delhi-ncr
Tata,Tata Tiago1.05 Revotorq XZ,2016,"77,558kms",Diesel,Manual,₹2.60 Lakh,delhi-ncr
Renault,Renault KWIDRXT,2017,"41,654kms",Petrol,Manual,₹2.22 Lakh,delhi-ncr
MG,MG HectorSmart DCT,2019,"32,506kms",Petrol,Automatic,₹8.61 Lakh,delhi-ncr
Hyundai,Hyundai Grand i10AT Asta,2015,"27,338kms",Petrol,Automatic,₹2.84 Lakh,delhi-ncr
Maruti,Maruti Swift DzireVXI,2014,"46,549kms",Petrol,Manual,₹2.20 Lakh,delhi-ncr
Honda,Honda AmazeSX i-VTEC,2016,"75,014kms",Petrol,Manual,₹2.83 Lakh,delhi-ncr
Maruti,Maruti Wagon RVXI BS IV,2018,"37,968kms",Petrol,Manual,₹2.80 Lakh,delhi-ncr
Honda,Honda AmazeS i-VTEC,2015,"81,491kms",Petrol,Manual,₹2.76 Lakh,delhi-ncr
Honda,Honda AmazeS i-VTEC,2014,"39,753kms",Petrol,Manual,₹3 Lakh,delhi-ncr
Hyundai,Hyundai i10Magna 1.1L,2014,"38,066kms",Petrol,Manual,₹1.80 Lakh,delhi-ncr
Toyota,Toyota EtiosG,2014,"59,486kms",Petrol,Manual,₹2.24 Lakh,delhi-ncr
Honda,Honda AmazeS i-Vtech,2015,"68,267kms",Petrol,Manual,₹2.21 Lakh,delhi-ncr
Hyundai,Hyundai Grand i101.2 Kappa Magna BSIV,2018,"72,057kms",Petrol,Manual,₹2.98 Lakh,delhi-ncr
Maruti,Maruti Wagon RCNG LXI,2014,"80,321kms",CNG,Manual,₹2.44 Lakh,delhi-ncr
Maruti,Maruti Alto 800LXi,2015,"1,03,493kms",Petrol,Manual,₹2.02 Lakh,delhi-ncr
Maruti,Maruti Swift DzireVXI,2014,"49,364kms",Petrol,Manual,₹2.45 Lakh,delhi-ncr
Maruti,Maruti Wagon RAMT VXI,2018,"22,259kms",Petrol,Automatic,₹2.58 Lakh,delhi-ncr
Hyundai,Hyundai Xcent1.2 Kappa S Option,2014,"97,811kms",Petrol,Manual,₹2.26 Lakh,delhi-ncr
Honda,Honda AmazeS i-Vtech,2014,"55,014kms",Petrol,Manual,₹2.32 Lakh,delhi-ncr
Honda,Honda AmazeS i-Vtech,2015,"74,730kms",Petrol,Manual,₹2.59 Lakh,delhi-ncr
Tata,Tata Tiago1.05 Revotorq XZ,2016,"77,558kms",Diesel,Manual,₹2.60 Lakh,delhi-ncr
Renault,Renault KWIDRXT,2017,"41,654kms",Petrol,Manual,₹2.22 Lakh,delhi-ncr
MG,MG HectorSmart DCT,2019,"32,506kms",Petrol,Automatic,₹8.61 Lakh,delhi-ncr
Maruti,Maruti Swift DzireVXI,2014,"46,549kms",Petrol,Manual,₹2.20 Lakh,delhi-ncr
Honda,Honda AmazeSX i-VTEC,2016,"75,014kms",Petrol,Manual,₹2.83 Lakh,delhi-ncr
Renault,Renault KWIDRXL,2017,"29,313kms",Petrol,Manual,₹2.06 Lakh,delhi-ncr
Hyundai,Hyundai Grand i101.2 Kappa Asta,2015,"99,833kms",Petrol,Manual,₹2.94 Lakh,delhi-ncr
Maruti,Maruti Wagon RVXI BS IV,2018,"37,968kms",Petrol,Manual,₹2.80 Lakh,delhi-ncr
Honda,Honda AmazeS i-Vtech,2015,"68,267kms",Petrol,Manual,₹2.21 Lakh,delhi-ncr
Hyundai,Hyundai Grand i101.2 Kappa Magna BSIV,2018,"72,057kms",Petrol,Manual,₹2.98 Lakh,delhi-ncr
Maruti,Maruti Wagon RCNG LXI,2014,"80,321kms",CNG,Manual,₹2.44 Lakh,delhi-ncr
Honda,Honda AmazeS i-Vtech,2015,"74,730kms",Petrol,Manual,₹2.59 Lakh,delhi-ncr
Hyundai,Hyundai Xcent1.2 Kappa S Option,2014,"97,811kms",Petrol,Manual,₹2.26 Lakh,delhi-ncr
Honda,Honda AmazeS i-Vtech,2014,"55,014kms",Petrol,Manual,₹2.32 Lakh,delhi-ncr
Maruti,Maruti Swift DzireVXI,2014,"49,364kms",Petrol,Manual,₹2.45 Lakh,delhi-ncr
Maruti,Maruti Wagon RAMT VXI,2018,"22,259kms",Petrol,Automatic,₹2.58 Lakh,delhi-ncr
Maruti,Maruti Alto 800LXi,2015,"1,03,493kms",Petrol,Manual,₹2.02 Lakh,delhi-ncr
Honda,Honda AmazeS i-VTEC,2015,"81,491kms",Petrol,Manual,₹2.76 Lakh,delhi-ncr
Honda,Honda AmazeS i-VTEC,2014,"39,753kms",Petrol,Manual,₹3 Lakh,delhi-ncr
Hyundai,Hyundai i10Magna 1.1L,2014,"38,066kms",Petrol,Manual,₹1.80 Lakh,delhi-ncr
Tata,Tata Tiago1.05 Revotorq XZ,2016,"77,558kms",Diesel,Manual,₹2.60 Lakh,delhi-ncr
Renault,Renault KWIDRXT,2017,"41,654kms",Petrol,Manual,₹2.22 Lakh,delhi-ncr
MG,MG HectorSmart DCT,2019,"32,506kms",Petrol,Automatic,₹8.61 Lakh,delhi-ncr
Maruti,Maruti Swift DzireVXI,2014,"46,549kms",Petrol,Manual,₹2.20 Lakh,delhi-ncr
Hyundai,Hyundai Grand i10AT Asta,2015,"27,338kms",Petrol,Automatic,₹2.84 Lakh,delhi-ncr
Toyota,Toyota EtiosG,2015,"65,292kms",Petrol,Manual,₹2.26 Lakh,delhi-ncr
Maruti,Maruti Wagon RVXI BS IV,2018,"37,968kms",Petrol,Manual,₹2.80 Lakh,delhi-ncr
Honda,Honda AmazeS i-VTEC,2015,"81,491kms",Petrol,Manual,₹2.76 Lakh,delhi-ncr
Honda,Honda AmazeS i-VTEC,2014,"39,753kms",Petrol,Manual,₹3 Lakh,delhi-ncr
Hyundai,Hyundai i10Magna 1.1L,2014,"38,066kms",Petrol,Manual,₹1.80 Lakh,delhi-ncr
Honda,Honda AmazeS i-Vtech,2015,"68,267kms",Petrol,Manual,₹2.21 Lakh,delhi-ncr
Hyundai,Hyundai Grand i101.2 Kappa Magna BSIV,2018,"72,057kms",Petrol,Manual,₹2.98 Lakh,delhi-ncr
Maruti,Maruti Wagon RCNG LXI,2014,"80,321kms",CNG,Manual,₹2.44 Lakh,delhi-ncr
Hyundai,Hyundai Xcent1.2 Kappa S Option,2014,"97,811kms",Petrol,Manual,₹2.26 Lakh,delhi-ncr
Honda,Honda AmazeS i-Vtech,2014,"55,014kms",Petrol,Manual,₹2.32 Lakh,delhi-ncr
Maruti,Maruti Swift DzireVXI,2014,"49,364kms",Petrol,Manual,₹2.45 Lakh,delhi-ncr
Maruti,Maruti Wagon RAMT VXI,2018,"22,259kms",Petrol,Automatic,₹2.58 Lakh,delhi-ncr
Maruti,Maruti Alto 800LXi,2015,"1,03,493kms",Petrol,Manual,₹2.02 Lakh,delhi-ncr
Toyota,Toyota EtiosG,2014,"59,486kms",Petrol,Manual,₹2.24 Lakh,delhi-ncr
Honda,Honda AmazeS i-Vtech,2015,"74,730kms",Petrol,Manual,₹2.59 Lakh,delhi-ncr
Tata,Tata Tiago1.05 Revotorq XZ,2016,"77,558kms",Diesel,Manual,₹2.60 Lakh,delhi-ncr
Renault,Renault KWIDRXT,2017,"41,654kms",Petrol,Manual,₹2.22 Lakh,delhi-ncr
MG,MG HectorSmart DCT,2019,"32,506kms",Petrol,Automatic,₹8.61 Lakh,delhi-ncr
Hyundai,Hyundai Grand i10AT Asta,2015,"27,338kms",Petrol,Automatic,₹2.84 Lakh,delhi-ncr
Maruti,Maruti Swift DzireVXI,2014,"46,549kms",Petrol,Manual,₹2.20 Lakh,delhi-ncr
Honda,Honda AmazeSX i-VTEC,2016,"75,014kms",Petrol,Manual,₹2.83 Lakh,delhi-ncr
Hyundai,Hyundai Grand i101.2 Kappa Asta,2015,"99,833kms",Petrol,Manual,₹2.94 Lakh,delhi-ncr
Maruti,Maruti Wagon RVXI BS IV,2018,"37,968kms",Petrol,Manual,₹2.80 Lakh,delhi-ncr
Honda,Honda AmazeS i-Vtech,2015,"68,267kms",Petrol,Manual,₹2.21 Lakh,delhi-ncr
Hyundai,Hyundai Grand i101.2 Kappa Magna BSIV,2018,"72,057kms",Petrol,Manual,₹2.98 Lakh,delhi-ncr
Maruti,Maruti Wagon RCNG LXI,2014,"80,321kms",CNG,Manual,₹2.44 Lakh,delhi-ncr
Honda,Honda AmazeS i-Vtech,2015,"74,730kms",Petrol,Manual,₹2.59 Lakh,delhi-ncr
Hyundai,Hyundai Xcent1.2 Kappa S Option,2014,"97,811kms",Petrol,Manual,₹2.26 Lakh,delhi-ncr
Honda,Honda AmazeS i-Vtech,2014,"55,014kms",Petrol,Manual,₹2.32 Lakh,delhi-ncr
Maruti,Maruti Swift DzireVXI,2014,"49,364kms",Petrol,Manual,₹2.45 Lakh,delhi-ncr
Maruti,Maruti Wagon RAMT VXI,2018,"22,259kms",Petrol,Automatic,₹2.58 Lakh,delhi-ncr
Maruti,Maruti Alto 800LXi,2015,"1,03,493kms",Petrol,Manual,₹2.02 Lakh,delhi-ncr
Honda,Honda AmazeS i-VTEC,2015,"81,491kms",Petrol,Manual,₹2.76 Lakh,delhi-ncr
Honda,Honda AmazeS i-VTEC,2014,"39,753kms",Petrol,Manual,₹3 Lakh,delhi-ncr
Hyundai,Hyundai i10Magna 1.1L,2014,"38,066kms",Petrol,Manual,₹1.80 Lakh,delhi-ncr
Tata,Tata Tiago1.05 Revotorq XZ,2016,"77,558kms",Diesel,Manual,₹2.60 Lakh,delhi-ncr
Renault,Renault KWIDRXT,2017,"41,654kms",Petrol,Manual,₹2.22 Lakh,delhi-ncr
MG,MG HectorSmart DCT,2019,"32,506kms",Petrol,Automatic,₹8.61 Lakh,delhi-ncr
Maruti,Maruti Swift DzireVXI,2014,"46,549kms",Petrol,Manual,₹2.20 Lakh,delhi-ncr
Hyundai,Hyundai Grand i10AT Asta,2015,"27,338kms",Petrol,Automatic,₹2.84 Lakh,delhi-ncr
Toyota,Toyota EtiosG,2015,"65,292kms",Petrol,Manual,₹2.26 Lakh,delhi-ncr
Maruti,Maruti Wagon RVXI BS IV,2018,"37,968kms",Petrol,Manual,₹2.80 Lakh,delhi-ncr
Honda,Honda AmazeS i-VTEC,2015,"81,491kms",Petrol,Manual,₹2.76 Lakh,delhi-ncr
Honda,Honda AmazeS i-VTEC,2014,"39,753kms",Petrol,Manual,₹3 Lakh,delhi-ncr
Hyundai,Hyundai i10Magna 1.1L,2014,"38,066kms",Petrol,Manual,₹1.80 Lakh,delhi-ncr
Honda,Honda AmazeS i-Vtech,2015,"68,267kms",Petrol,Manual,₹2.21 Lakh,delhi-ncr
Hyundai,Hyundai Grand i101.2 Kappa Magna BSIV,2018,"72,057kms",Petrol,Manual,₹2.98 Lakh,delhi-ncr
Maruti,Maruti Wagon RCNG LXI,2014,"80,321kms",CNG,Manual,₹2.44 Lakh,delhi-ncr
Hyundai,Hyundai Xcent1.2 Kappa S Option,2014,"97,811kms",Petrol,Manual,₹2.26 Lakh,delhi-ncr
Honda,Honda AmazeS i-Vtech,2014,"55,014kms",Petrol,Manual,₹2.32 Lakh,delhi-ncr
Maruti,Maruti Swift DzireVXI,2014,"49,364kms",Petrol,Manual,₹2.45 Lakh,delhi-ncr
Maruti,Maruti Wagon RAMT VXI,2018,"22,259kms",Petrol,Automatic,₹2.58 Lakh,delhi-ncr
Maruti,Maruti Alto 800LXi,2015,"1,03,493kms",Petrol,Manual,₹2.02 Lakh,delhi-ncr
Toyota,Toyota EtiosG,2014,"59,486kms",Petrol,Manual,₹2.24 Lakh,delhi-ncr
Honda,Honda AmazeS i-Vtech,2015,"74,730kms",Petrol,Manual,₹2.59 Lakh,delhi-ncr
Tata,Tata Tiago1.05 Revotorq XZ,2016,"77,558kms",Diesel,Manual,₹2.60 Lakh,delhi-ncr
Renault,Renault KWIDRXT,2017,"41,654kms",Petrol,Manual,₹2.22 Lakh,delhi-ncr
MG,MG HectorSmart DCT,2019,"32,506kms",Petrol,Automatic,₹8.61 Lakh,delhi-ncr
Hyundai,Hyundai Grand i10AT Asta,2015,"27,338kms",Petrol,Automatic,₹2.84 Lakh,delhi-ncr
Maruti,Maruti Swift DzireVXI,2014,"46,549kms",Petrol,Manual,₹2.20 Lakh,delhi-ncr
Honda,Honda AmazeSX i-VTEC,2016,"75,014kms",Petrol,Manual,₹2.83 Lakh,delhi-ncr
Hyundai,Hyundai Grand i101.2 Kappa Asta,2015,"99,833kms",Petrol,Manual,₹2.94 Lakh,delhi-ncr
Maruti,Maruti Wagon RVXI BS IV,2018,"37,968kms",Petrol,Manual,₹2.80 Lakh,delhi-ncr
Honda,Honda AmazeS i-Vtech,2015,"68,267kms",Petrol,Manual,₹2.21 Lakh,delhi-ncr
Hyundai,Hyundai Grand i101.2 Kappa Magna BSIV,2018,"72,057kms",Petrol,Manual,₹2.98 Lakh,delhi-ncr
Maruti,Maruti Wagon RCNG LXI,2014,"80,321kms",CNG,Manual,₹2.44 Lakh,delhi-ncr
Honda,Honda AmazeS i-Vtech,2015,"74,730kms",Petrol,Manual,₹2.59 Lakh,delhi-ncr
Hyundai,Hyundai Xcent1.2 Kappa S Option,2014,"97,811kms",Petrol,Manual,₹2.26 Lakh,delhi-ncr
Honda,Honda AmazeS i-Vtech,2014,"55,014kms",Petrol,Manual,₹2.32 Lakh,delhi-ncr
Maruti,Maruti Swift DzireVXI,2014,"49,364kms",Petrol,Manual,₹2.45 Lakh,delhi-ncr
Maruti,Maruti Wagon RAMT VXI,2018,"22,259kms",Petrol,Automatic,₹2.58 Lakh,delhi-ncr
Maruti,Maruti Alto 800LXi,2015,"1,03,493kms",Petrol,Manual,₹2.02 Lakh,delhi-ncr
Honda,Honda AmazeS i-VTEC,2015,"81,491kms",Petrol,Manual,₹2.76 Lakh,delhi-ncr
Honda,Honda AmazeS i-VTEC,2014,"39,753kms",Petrol,Manual,₹3 Lakh,delhi-ncr
Hyundai,Hyundai i10Magna 1.1L,2014,"38,066kms",Petrol,Manual,₹1.80 Lakh,delhi-ncr
Tata,Tata Tiago1.05 Revotorq XZ,2016,"77,558kms",Diesel,Manual,₹2.60 Lakh,delhi-ncr
Renault,Renault KWIDRXT,2017,"41,654kms",Petrol,Manual,₹2.22 Lakh,delhi-ncr
MG,MG HectorSmart DCT,2019,"32,506kms",Petrol,Automatic,₹8.61 Lakh,delhi-ncr
Maruti,Maruti Swift DzireVXI,2014,"46,549kms",Petrol,Manual,₹2.20 Lakh,delhi-ncr
Hyundai,Hyundai Grand i10AT Asta,2015,"27,338kms",Petrol,Automatic,₹2.84 Lakh,delhi-ncr
Toyota,Toyota EtiosG,2015,"65,292kms",Petrol,Manual,₹2.26 Lakh,delhi-ncr
Maruti,Maruti Wagon RVXI BS IV,2018,"37,968kms",Petrol,Manual,₹2.80 Lakh,delhi-ncr
Honda,Honda AmazeS i-VTEC,2015,"81,491kms",Petrol,Manual,₹2.76 Lakh,delhi-ncr
Honda,Honda AmazeS i-VTEC,2014,"39,753kms",Petrol,Manual,₹3 Lakh,delhi-ncr
Hyundai,Hyundai i10Magna 1.1L,2014,"38,066kms",Petrol,Manual,₹1.80 Lakh,delhi-ncr
Honda,Honda AmazeS i-Vtech,2015,"68,267kms",Petrol,Manual,₹2.21 Lakh,delhi-ncr
Hyundai,Hyundai Grand i101.2 Kappa Magna BSIV,2018,"72,057kms",Petrol,Manual,₹2.98 Lakh,delhi-ncr
Maruti,Maruti Wagon RCNG LXI,2014,"80,321kms",CNG,Manual,₹2.44 Lakh,delhi-ncr
Hyundai,Hyundai Xcent1.2 Kappa S Option,2014,"97,811kms",Petrol,Manual,₹2.26 Lakh,delhi-ncr
Honda,Honda AmazeS i-Vtech,2014,"55,014kms",Petrol,Manual,₹2.32 Lakh,delhi-ncr
Maruti,Maruti Swift DzireVXI,2014,"49,364kms",Petrol,Manual,₹2.45 Lakh,delhi-ncr
Maruti,Maruti Wagon RAMT VXI,2018,"22,259kms",Petrol,Automatic,₹2.58 Lakh,delhi-ncr
Maruti,Maruti Alto 800LXi,2015,"1,03,493kms",Petrol,Manual,₹2.02 Lakh,delhi-ncr
Toyota,Toyota EtiosG,2014,"59,486kms",Petrol,Manual,₹2.24 Lakh,delhi-ncr
Honda,Honda AmazeS i-Vtech,2015,"74,730kms",Petrol,Manual,₹2.59 Lakh,delhi-ncr
Tata,Tata Tiago1.05 Revotorq XZ,2016,"77,558kms",Diesel,Manual,₹2.60 Lakh,delhi-ncr
Renault,Renault KWIDRXT,2017,"41,654kms",Petrol,Manual,₹2.22 Lakh,delhi-ncr
MG,MG HectorSmart DCT,2019,"32,506kms",Petrol,Automatic,₹8.61 Lakh,delhi-ncr
Hyundai,Hyundai Grand i10AT Asta,2015,"27,338kms",Petrol,Automatic,₹2.84 Lakh,delhi-ncr
Maruti,Maruti Swift DzireVXI,2014,"46,549kms",Petrol,Manual,₹2.20 Lakh,delhi-ncr
Honda,Honda AmazeSX i-VTEC,2016,"75,014kms",Petrol,Manual,₹2.83 Lakh,delhi-ncr
Maruti,Maruti Wagon RVXI BS IV,2018,"37,968kms",Petrol,Manual,₹2.80 Lakh,delhi-ncr
Honda,Honda AmazeS i-VTEC,2015,"81,491kms",Petrol,Manual,₹2.76 Lakh,delhi-ncr
Honda,Honda AmazeS i-VTEC,2014,"39,753kms",Petrol,Manual,₹3 Lakh,delhi-ncr
Hyundai,Hyundai i10Magna 1.1L,2014,"38,066kms",Petrol,Manual,₹1.80 Lakh,delhi-ncr
Toyota,Toyota EtiosG,2014,"59,486kms",Petrol,Manual,₹2.24 Lakh,delhi-ncr
Honda,Honda AmazeS i-Vtech,2015,"68,267kms",Petrol,Manual,₹2.21 Lakh,delhi-ncr
Hyundai,Hyundai Grand i101.2 Kappa Magna BSIV,2018,"72,057kms",Petrol,Manual,₹2.98 Lakh,delhi-ncr
Maruti,Maruti Wagon RCNG LXI,2014,"80,321kms",CNG,Manual,₹2.44 Lakh,delhi-ncr
Maruti,Maruti Alto 800LXi,2015,"1,03,493kms",Petrol,Manual,₹2.02 Lakh,delhi-ncr
Maruti,Maruti Swift DzireVXI,2014,"49,364kms",Petrol,Manual,₹2.45 Lakh,delhi-ncr
Maruti,Maruti Wagon RAMT VXI,2018,"22,259kms",Petrol,Automatic,₹2.58 Lakh,delhi-ncr
Hyundai,Hyundai Xcent1.2 Kappa S Option,2014,"97,811kms",Petrol,Manual,₹2.26 Lakh,delhi-ncr
Honda,Honda AmazeS i-Vtech,2014,"55,014kms",Petrol,Manual,₹2.32 Lakh,delhi-ncr
Honda,Honda AmazeS i-Vtech,2015,"74,730kms",Petrol,Manual,₹2.59 Lakh,delhi-ncr
Tata,Tata Tiago1.05 Revotorq XZ,2016,"77,558kms",Diesel,Manual,₹2.60 Lakh,delhi-ncr
Renault,Renault KWIDRXT,2017,"41,654kms",Petrol,Manual,₹2.22 Lakh,delhi-ncr
MG,MG HectorSmart DCT,2019,"32,506kms",Petrol,Automatic,₹8.61 Lakh,delhi-ncr
Maruti,Maruti Swift DzireVXI,2014,"46,549kms",Petrol,Manual,₹2.20 Lakh,delhi-ncr
Honda,Honda AmazeSX i-VTEC,2016,"75,014kms",Petrol,Manual,₹2.83 Lakh,delhi-ncr
Renault,Renault KWIDRXL,2017,"29,313kms",Petrol,Manual,₹2.06 Lakh,delhi-ncr
Hyundai,Hyundai Grand i101.2 Kappa Asta,2015,"99,833kms",Petrol,Manual,₹2.94 Lakh,delhi-ncr
Maruti,Maruti Wagon RVXI BS IV,2018,"37,968kms",Petrol,Manual,₹2.80 Lakh,delhi-ncr
Honda,Honda AmazeS i-Vtech,2015,"68,267kms",Petrol,Manual,₹2.21 Lakh,delhi-ncr
Hyundai,Hyundai Grand i101.2 Kappa Magna BSIV,2018,"72,057kms",Petrol,Manual,₹2.98 Lakh,delhi-ncr
Maruti,Maruti Wagon RCNG LXI,2014,"80,321kms",CNG,Manual,₹2.44 Lakh,delhi-ncr
Honda,Honda AmazeS i-Vtech,2015,"74,730kms",Petrol,Manual,₹2.59 Lakh,delhi-ncr
Hyundai,Hyundai Xcent1.2 Kappa S Option,2014,"97,811kms",Petrol,Manual,₹2.26 Lakh,delhi-ncr
Honda,Honda AmazeS i-Vtech,2014,"55,014kms",Petrol,Manual,₹2.32 Lakh,delhi-ncr
Maruti,Maruti Swift DzireVXI,2014,"49,364kms",Petrol,Manual,₹2.45 Lakh,delhi-ncr
Maruti,Maruti Wagon RAMT VXI,2018,"22,259kms",Petrol,Automatic,₹2.58 Lakh,delhi-ncr
Maruti,Maruti Alto 800LXi,2015,"1,03,493kms",Petrol,Manual,₹2.02 Lakh,delhi-ncr
Honda,Honda AmazeS i-VTEC,2015,"81,491kms",Petrol,Manual,₹2.76 Lakh,delhi-ncr
Honda,Honda AmazeS i-VTEC,2014,"39,753kms",Petrol,Manual,₹3 Lakh,delhi-ncr
Hyundai,Hyundai i10Magna 1.1L,2014,"38,066kms",Petrol,Manual,₹1.80 Lakh,delhi-ncr
Tata,Tata Tiago1.05 Revotorq XZ,2016,"77,558kms",Diesel,Manual,₹2.60 Lakh,delhi-ncr
Renault,Renault KWIDRXT,2017,"41,654kms",Petrol,Manual,₹2.22 Lakh,delhi-ncr
MG,MG HectorSmart DCT,2019,"32,506kms",Petrol,Automatic,₹8.61 Lakh,delhi-ncr
Maruti,Maruti Swift DzireVXI,2014,"46,549kms",Petrol,Manual,₹2.20 Lakh,delhi-ncr
Hyundai,Hyundai Grand i10AT Asta,2015,"27,338kms",Petrol,Automatic,₹2.84 Lakh,delhi-ncr
Toyota,Toyota EtiosG,2015,"65,292kms",Petrol,Manual,₹2.26 Lakh,delhi-ncr
Maruti,Maruti Wagon RVXI BS IV,2018,"37,968kms",Petrol,Manual,₹2.80 Lakh,delhi-ncr
Honda,Honda AmazeS i-VTEC,2015,"81,491kms",Petrol,Manual,₹2.76 Lakh,delhi-ncr
Honda,Honda AmazeS i-VTEC,2014,"39,753kms",Petrol,Manual,₹3 Lakh,delhi-ncr
Hyundai,Hyundai i10Magna 1.1L,2014,"38,066kms",Petrol,Manual,₹1.80 Lakh,delhi-ncr
Toyota,Toyota EtiosG,2014,"59,486kms",Petrol,Manual,₹2.24 Lakh,delhi-ncr
Honda,Honda AmazeS i-Vtech,2015,"68,267kms",Petrol,Manual,₹2.21 Lakh,delhi-ncr
Hyundai,Hyundai Grand i101.2 Kappa Magna BSIV,2018,"72,057kms",Petrol,Manual,₹2.98 Lakh,delhi-ncr
Maruti,Maruti Wagon RCNG LXI,2014,"80,321kms",CNG,Manual,₹2.44 Lakh,delhi-ncr
Maruti,Maruti Alto 800LXi,2015,"1,03,493kms",Petrol,Manual,₹2.02 Lakh,delhi-ncr
Maruti,Maruti Swift DzireVXI,2014,"49,364kms",Petrol,Manual,₹2.45 Lakh,delhi-ncr
Maruti,Maruti Wagon RAMT VXI,2018,"22,259kms",Petrol,Automatic,₹2.58 Lakh,delhi-ncr
Hyundai,Hyundai Xcent1.2 Kappa S Option,2014,"97,811kms",Petrol,Manual,₹2.26 Lakh,delhi-ncr
Honda,Honda AmazeS i-Vtech,2014,"55,014kms",Petrol,Manual,₹2.32 Lakh,delhi-ncr
Honda,Honda AmazeS i-Vtech,2015,"74,730kms",Petrol,Manual,₹2.59 Lakh,delhi-ncr
Tata,Tata Tiago1.05 Revotorq XZ,2016,"77,558kms",Diesel,Manual,₹2.60 Lakh,delhi-ncr
Renault,Renault KWIDRXT,2017,"41,654kms",Petrol,Manual,₹2.22 Lakh,delhi-ncr
MG,MG HectorSmart DCT,2019,"32,506kms",Petrol,Automatic,₹8.61 Lakh,delhi-ncr
Maruti,Maruti Swift DzireVXI,2014,"46,549kms",Petrol,Manual,₹2.20 Lakh,delhi-ncr
Honda,Honda AmazeSX i-VTEC,2016,"75,014kms",Petrol,Manual,₹2.83 Lakh,delhi-ncr
Renault,Renault KWIDRXL,2017,"29,313kms",Petrol,Manual,₹2.06 Lakh,delhi-ncr
Maruti,Maruti Wagon RVXI BS IV,2018,"37,968kms",Petrol,Manual,₹2.80 Lakh,delhi-ncr
Honda,Honda AmazeS i-VTEC,2015,"81,491kms",Petrol,Manual,₹2.76 Lakh,delhi-ncr
Honda,Honda AmazeS i-VTEC,2014,"39,753kms",Petrol,Manual,₹3 Lakh,delhi-ncr
Hyundai,Hyundai i10Magna 1.1L,2014,"38,066kms",Petrol,Manual,₹1.80 Lakh,delhi-ncr
Honda,Honda AmazeS i-Vtech,2015,"68,267kms",Petrol,Manual,₹2.21 Lakh,delhi-ncr
Hyundai,Hyundai Grand i101.2 Kappa Magna BSIV,2018,"72,057kms",Petrol,Manual,₹2.98 Lakh,delhi-ncr
Maruti,Maruti Wagon RCNG LXI,2014,"80,321kms",CNG,Manual,₹2.44 Lakh,delhi-ncr
Hyundai,Hyundai Xcent1.2 Kappa S Option,2014,"97,811kms",Petrol,Manual,₹2.26 Lakh,delhi-ncr
Honda,Honda AmazeS i-Vtech,2014,"55,014kms",Petrol,Manual,₹2.32 Lakh,delhi-ncr
Maruti,Maruti Swift DzireVXI,2014,"49,364kms",Petrol,Manual,₹2.45 Lakh,delhi-ncr
Maruti,Maruti Wagon RAMT VXI,2018,"22,259kms",Petrol,Automatic,₹2.58 Lakh,delhi-ncr
Maruti,Maruti Alto 800LXi,2015,"1,03,493kms",Petrol,Manual,₹2.02 Lakh,delhi-ncr
Toyota,Toyota EtiosG,2014,"59,486kms",Petrol,Manual,₹2.24 Lakh,delhi-ncr
Honda,Honda AmazeS i-Vtech,2015,"74,730kms",Petrol,Manual,₹2.59 Lakh,delhi-ncr
Tata,Tata Tiago1.05 Revotorq XZ,2016,"77,558kms",Diesel,Manual,₹2.60 Lakh,delhi-ncr
Renault,Renault KWIDRXT,2017,"41,654kms",Petrol,Manual,₹2.22 Lakh,delhi-ncr
MG,MG HectorSmart DCT,2019,"32,506kms",Petrol,Automatic,₹8.61 Lakh,delhi-ncr
Hyundai,Hyundai Grand i10AT Asta,2015,"27,338kms",Petrol,Automatic,₹2.84 Lakh,delhi-ncr
Maruti,Maruti Swift DzireVXI,2014,"46,549kms",Petrol,Manual,₹2.20 Lakh,delhi-ncr
Honda,Honda AmazeSX i-VTEC,2016,"75,014kms",Petrol,Manual,₹2.83 Lakh,delhi-ncr
Maruti,Maruti Wagon RVXI BS IV,2018,"37,968kms",Petrol,Manual,₹2.80 Lakh,delhi-ncr
Honda,Honda AmazeS i-VTEC,2015,"81,491kms",Petrol,Manual,₹2.76 Lakh,delhi-ncr
Honda,Honda AmazeS i-VTEC,2014,"39,753kms",Petrol,Manual,₹3 Lakh,delhi-ncr
Hyundai,Hyundai i10Magna 1.1L,2014,"38,066kms",Petrol,Manual,₹1.80 Lakh,delhi-ncr
Honda,Honda AmazeS i-Vtech,2015,"68,267kms",Petrol,Manual,₹2.21 Lakh,delhi-ncr
Hyundai,Hyundai Grand i101.2 Kappa Magna BSIV,2018,"72,057kms",Petrol,Manual,₹2.98 Lakh,delhi-ncr
Maruti,Maruti Wagon RCNG LXI,2014,"80,321kms",CNG,Manual,₹2.44 Lakh,delhi-ncr
Hyundai,Hyundai Xcent1.2 Kappa S Option,2014,"97,811kms",Petrol,Manual,₹2.26 Lakh,delhi-ncr
Honda,Honda AmazeS i-Vtech,2014,"55,014kms",Petrol,Manual,₹2.32 Lakh,delhi-ncr
Maruti,Maruti Swift DzireVXI,2014,"49,364kms",Petrol,Manual,₹2.45 Lakh,delhi-ncr
Maruti,Maruti Wagon RAMT VXI,2018,"22,259kms",Petrol,Automatic,₹2.58 Lakh,delhi-ncr
Maruti,Maruti Alto 800LXi,2015,"1,03,493kms",Petrol,Manual,₹2.02 Lakh,delhi-ncr
Toyota,Toyota EtiosG,2014,"59,486kms",Petrol,Manual,₹2.24 Lakh,delhi-ncr
Honda,Honda AmazeS i-Vtech,2015,"74,730kms",Petrol,Manual,₹2.59 Lakh,delhi-ncr
Tata,Tata Tiago1.05 Revotorq XZ,2016,"77,558kms",Diesel,Manual,₹2.60 Lakh,delhi-ncr
Renault,Renault KWIDRXT,2017,"41,654kms",Petrol,Manual,₹2.22 Lakh,delhi-ncr
MG,MG HectorSmart DCT,2019,"32,506kms",Petrol,Automatic,₹8.61 Lakh,delhi-ncr
Hyundai,Hyundai Grand i10AT Asta,2015,"27,338kms",Petrol,Automatic,₹2.84 Lakh,delhi-ncr
Maruti,Maruti Swift DzireVXI,2014,"46,549kms",Petrol,Manual,₹2.20 Lakh,delhi-ncr
Honda,Honda AmazeSX i-VTEC,2016,"75,014kms",Petrol,Manual,₹2.83 Lakh,delhi-ncr
Hyundai,Hyundai Grand i101.2 Kappa Asta,2015,"99,833kms",Petrol,Manual,₹2.94 Lakh,delhi-ncr
Maruti,Maruti Wagon RVXI BS IV,2018,"37,968kms",Petrol,Manual,₹2.80 Lakh,delhi-ncr
Honda,Honda AmazeS i-Vtech,2015,"68,267kms",Petrol,Manual,₹2.21 Lakh,delhi-ncr
Hyundai,Hyundai Grand i101.2 Kappa Magna BSIV,2018,"72,057kms",Petrol,Manual,₹2.98 Lakh,delhi-ncr
Maruti,Maruti Wagon RCNG LXI,2014,"80,321kms",CNG,Manual,₹2.44 Lakh,delhi-ncr
Honda,Honda AmazeS i-Vtech,2015,"74,730kms",Petrol,Manual,₹2.59 Lakh,delhi-ncr
Hyundai,Hyundai Xcent1.2 Kappa S Option,2014,"97,811kms",Petrol,Manual,₹2.26 Lakh,delhi-ncr
Honda,Honda AmazeS i-Vtech,2014,"55,014kms",Petrol,Manual,₹2.32 Lakh,delhi-ncr
Maruti,Maruti Swift DzireVXI,2014,"49,364kms",Petrol,Manual,₹2.45 Lakh,delhi-ncr
Maruti,Maruti Wagon RAMT VXI,2018,"22,259kms",Petrol,Automatic,₹2.58 Lakh,delhi-ncr
Maruti,Maruti Alto 800LXi,2015,"1,03,493kms",Petrol,Manual,₹2.02 Lakh,delhi-ncr
Honda,Honda AmazeS i-VTEC,2015,"81,491kms",Petrol,Manual,₹2.76 Lakh,delhi-ncr
Honda,Honda AmazeS i-VTEC,2014,"39,753kms",Petrol,Manual,₹3 Lakh,delhi-ncr
Hyundai,Hyundai i10Magna 1.1L,2014,"38,066kms",Petrol,Manual,₹1.80 Lakh,delhi-ncr
Tata,Tata Tiago1.05 Revotorq XZ,2016,"77,558kms",Diesel,Manual,₹2.60 Lakh,delhi-ncr
Renault,Renault KWIDRXT,2017,"41,654kms",Petrol,Manual,₹2.22 Lakh,delhi-ncr
MG,MG HectorSmart DCT,2019,"32,506kms",Petrol,Automatic,₹8.61 Lakh,delhi-ncr
Maruti,Maruti Swift DzireVXI,2014,"46,549kms",Petrol,Manual,₹2.20 Lakh,delhi-ncr
Hyundai,Hyundai Grand i10AT Asta,2015,"27,338kms",Petrol,Automatic,₹2.84 Lakh,delhi-ncr
Toyota,Toyota EtiosG,2015,"65,292kms",Petrol,Manual,₹2.26 Lakh,delhi-ncr
Maruti,Maruti Wagon RVXI BS IV,2018,"37,968kms",Petrol,Manual,₹2.80 Lakh,delhi-ncr
Honda,Honda AmazeS i-VTEC,2015,"81,491kms",Petrol,Manual,₹2.76 Lakh,delhi-ncr
Honda,Honda AmazeS i-VTEC,2014,"39,753kms",Petrol,Manual,₹3 Lakh,delhi-ncr
Hyundai,Hyundai i10Magna 1.1L,2014,"38,066kms",Petrol,Manual,₹1.80 Lakh,delhi-ncr
Honda,Honda AmazeS i-Vtech,2015,"68,267kms",Petrol,Manual,₹2.21 Lakh,delhi-ncr
Hyundai,Hyundai Grand i101.2 Kappa Magna BSIV,2018,"72,057kms",Petrol,Manual,₹2.98 Lakh,delhi-ncr
Maruti,Maruti Wagon RCNG LXI,2014,"80,321kms",CNG,Manual,₹2.44 Lakh,delhi-ncr
Hyundai,Hyundai Xcent1.2 Kappa S Option,2014,"97,811kms",Petrol,Manual,₹2.26 Lakh,delhi-ncr
Honda,Honda AmazeS i-Vtech,2014,"55,014kms",Petrol,Manual,₹2.32 Lakh,delhi-ncr
Maruti,Maruti Swift DzireVXI,2014,"49,364kms",Petrol,Manual,₹2.45 Lakh,delhi-ncr
Maruti,Maruti Wagon RAMT VXI,2018,"22,259kms",Petrol,Automatic,₹2.58 Lakh,delhi-ncr
Maruti,Maruti Alto 800LXi,2015,"1,03,493kms",Petrol,Manual,₹2.02 Lakh,delhi-ncr
Toyota,Toyota EtiosG,2014,"59,486kms",Petrol,Manual,₹2.24 Lakh,delhi-ncr
Honda,Honda AmazeS i-Vtech,2015,"74,730kms",Petrol,Manual,₹2.59 Lakh,delhi-ncr
Tata,Tata Tiago1.05 Revotorq XZ,2016,"77,558kms",Diesel,Manual,₹2.60 Lakh,delhi-ncr
Renault,Renault KWIDRXT,2017,"41,654kms",Petrol,Manual,₹2.22 Lakh,delhi-ncr
MG,MG HectorSmart DCT,2019,"32,506kms",Petrol,Automatic,₹8.61 Lakh,delhi-ncr
Hyundai,Hyundai Grand i10AT Asta,2015,"27,338kms",Petrol,Automatic,₹2.84 Lakh,delhi-ncr
Maruti,Maruti Swift DzireVXI,2014,"46,549kms",Petrol,Manual,₹2.20 Lakh,delhi-ncr
Honda,Honda AmazeSX i-VTEC,2016,"75,014kms",Petrol,Manual,₹2.83 Lakh,delhi-ncr
Maruti,Maruti Wagon RVXI BS IV,2018,"37,968kms",Petrol,Manual,₹2.80 Lakh,delhi-ncr
Honda,Honda AmazeS i-VTEC,2015,"81,491kms",Petrol,Manual,₹2.76 Lakh,delhi-ncr
Honda,Honda AmazeS i-VTEC,2014,"39,753kms",Petrol,Manual,₹3 Lakh,delhi-ncr
Hyundai,Hyundai i10Magna 1.1L,2014,"38,066kms",Petrol,Manual,₹1.80 Lakh,delhi-ncr
Toyota,Toyota EtiosG,2014,"59,486kms",Petrol,Manual,₹2.24 Lakh,delhi-ncr
Honda,Honda AmazeS i-Vtech,2015,"68,267kms",Petrol,Manual,₹2.21 Lakh,delhi-ncr
Hyundai,Hyundai Grand i101.2 Kappa Magna BSIV,2018,"72,057kms",Petrol,Manual,₹2.98 Lakh,delhi-ncr
Maruti,Maruti Wagon RCNG LXI,2014,"80,321kms",CNG,Manual,₹2.44 Lakh,delhi-ncr
Maruti,Maruti Alto 800LXi,2015,"1,03,493kms",Petrol,Manual,₹2.02 Lakh,delhi-ncr
Maruti,Maruti Swift DzireVXI,2014,"49,364kms",Petrol,Manual,₹2.45 Lakh,delhi-ncr
Maruti,Maruti Wagon RAMT VXI,2018,"22,259kms",Petrol,Automatic,₹2.58 Lakh,delhi-ncr
Hyundai,Hyundai Xcent1.2 Kappa S Option,2014,"97,811kms",Petrol,Manual,₹2.26 Lakh,delhi-ncr
Honda,Honda AmazeS i-Vtech,2014,"55,014kms",Petrol,Manual,₹2.32 Lakh,delhi-ncr
Honda,Honda AmazeS i-Vtech,2015,"74,730kms",Petrol,Manual,₹2.59 Lakh,delhi-ncr
Tata,Tata Tiago1.05 Revotorq XZ,2016,"77,558kms",Diesel,Manual,₹2.60 Lakh,delhi-ncr
Renault,Renault KWIDRXT,2017,"41,654kms",Petrol,Manual,₹2.22 Lakh,delhi-ncr
MG,MG HectorSmart DCT,2019,"32,506kms",Petrol,Automatic,₹8.61 Lakh,delhi-ncr
Maruti,Maruti Swift DzireVXI,2014,"46,549kms",Petrol,Manual,₹2.20 Lakh,delhi-ncr
Honda,Honda AmazeSX i-VTEC,2016,"75,014kms",Petrol,Manual,₹2.83 Lakh,delhi-ncr
Renault,Renault KWIDRXL,2017,"29,313kms",Petrol,Manual,₹2.06 Lakh,delhi-ncr
Hyundai,Hyundai Grand i101.2 Kappa Asta,2015,"99,833kms",Petrol,Manual,₹2.94 Lakh,delhi-ncr
Maruti,Maruti Wagon RVXI BS IV,2018,"37,968kms",Petrol,Manual,₹2.80 Lakh,delhi-ncr
Honda,Honda AmazeS i-Vtech,2015,"68,267kms",Petrol,Manual,₹2.21 Lakh,delhi-ncr
Hyundai,Hyundai Grand i101.2 Kappa Magna BSIV,2018,"72,057kms",Petrol,Manual,₹2.98 Lakh,delhi-ncr
Maruti,Maruti Wagon RCNG LXI,2014,"80,321kms",CNG,Manual,₹2.44 Lakh,delhi-ncr
Honda,Honda AmazeS i-Vtech,2015,"74,730kms",Petrol,Manual,₹2.59 Lakh,delhi-ncr
Hyundai,Hyundai Xcent1.2 Kappa S Option,2014,"97,811kms",Petrol,Manual,₹2.26 Lakh,delhi-ncr
Honda,Honda AmazeS i-Vtech,2014,"55,014kms",Petrol,Manual,₹2.32 Lakh,delhi-ncr
Maruti,Maruti Swift DzireVXI,2014,"49,364kms",Petrol,Manual,₹2.45 Lakh,delhi-ncr
Maruti,Maruti Wagon RAMT VXI,2018,"22,259kms",Petrol,Automatic,₹2.58 Lakh,delhi-ncr
Maruti,Maruti Alto 800LXi,2015,"1,03,493kms",Petrol,Manual,₹2.02 Lakh,delhi-ncr
Honda,Honda AmazeS i-VTEC,2015,"81,491kms",Petrol,Manual,₹2.76 Lakh,delhi-ncr
Honda,Honda AmazeS i-VTEC,2014,"39,753kms",Petrol,Manual,₹3 Lakh,delhi-ncr
Hyundai,Hyundai i10Magna 1.1L,2014,"38,066kms",Petrol,Manual,₹1.80 Lakh,delhi-ncr
Tata,Tata Tiago1.05 Revotorq XZ,2016,"77,558kms",Diesel,Manual,₹2.60 Lakh,delhi-ncr
Renault,Renault KWIDRXT,2017,"41,654kms",Petrol,Manual,₹2.22 Lakh,delhi-ncr
MG,MG HectorSmart DCT,2019,"32,506kms",Petrol,Automatic,₹8.61 Lakh,delhi-ncr
Maruti,Maruti Swift DzireVXI,2014,"46,549kms",Petrol,Manual,₹2.20 Lakh,delhi-ncr
Hyundai,Hyundai Grand i10AT Asta,2015,"27,338kms",Petrol,Automatic,₹2.84 Lakh,delhi-ncr
Toyota,Toyota EtiosG,2015,"65,292kms",Petrol,Manual,₹2.26 Lakh,delhi-ncr
Hyundai,Hyundai Grand i101.2 Kappa Asta,2015,"99,833kms",Petrol,Manual,₹2.94 Lakh,delhi-ncr
Maruti,Maruti Wagon RVXI BS IV,2018,"37,968kms",Petrol,Manual,₹2.80 Lakh,delhi-ncr
Honda,Honda AmazeS i-Vtech,2015,"68,267kms",Petrol,Manual,₹2.21 Lakh,delhi-ncr
Hyundai,Hyundai Grand i101.2 Kappa Magna BSIV,2018,"72,057kms",Petrol,Manual,₹2.98 Lakh,delhi-ncr
Maruti,Maruti Wagon RCNG LXI,2014,"80,321kms",CNG,Manual,₹2.44 Lakh,delhi-ncr
Honda,Honda AmazeS i-Vtech,2015,"74,730kms",Petrol,Manual,₹2.59 Lakh,delhi-ncr
Hyundai,Hyundai Xcent1.2 Kappa S Option,2014,"97,811kms",Petrol,Manual,₹2.26 Lakh,delhi-ncr
Honda,Honda AmazeS i-Vtech,2014,"55,014kms",Petrol,Manual,₹2.32 Lakh,delhi-ncr
Maruti,Maruti Swift DzireVXI,2014,"49,364kms",Petrol,Manual,₹2.45 Lakh,delhi-ncr
Maruti,Maruti Wagon RAMT VXI,2018,"22,259kms",Petrol,Automatic,₹2.58 Lakh,delhi-ncr
Maruti,Maruti Alto 800LXi,2015,"1,03,493kms",Petrol,Manual,₹2.02 Lakh,delhi-ncr
Honda,Honda AmazeS i-VTEC,2015,"81,491kms",Petrol,Manual,₹2.76 Lakh,delhi-ncr
Honda,Honda AmazeS i-VTEC,2014,"39,753kms",Petrol,Manual,₹3 Lakh,delhi-ncr
Hyundai,Hyundai i10Magna 1.1L,2014,"38,066kms",Petrol,Manual,₹1.80 Lakh,delhi-ncr
Tata,Tata Tiago1.05 Revotorq XZ,2016,"77,558kms",Diesel,Manual,₹2.60 Lakh,delhi-ncr
Renault,Renault KWIDRXT,2017,"41,654kms",Petrol,Manual,₹2.22 Lakh,delhi-ncr
MG,MG HectorSmart DCT,2019,"32,506kms",Petrol,Automatic,₹8.61 Lakh,delhi-ncr
Maruti,Maruti Swift DzireVXI,2014,"46,549kms",Petrol,Manual,₹2.20 Lakh,delhi-ncr
Hyundai,Hyundai Grand i10AT Asta,2015,"27,338kms",Petrol,Automatic,₹2.84 Lakh,delhi-ncr
Toyota,Toyota EtiosG,2015,"65,292kms",Petrol,Manual,₹2.26 Lakh,delhi-ncr
Hyundai,Hyundai Grand i101.2 Kappa Asta,2015,"99,833kms",Petrol,Manual,₹2.94 Lakh,delhi-ncr
Maruti,Maruti Wagon RVXI BS IV,2018,"37,968kms",Petrol,Manual,₹2.80 Lakh,delhi-ncr
Honda,Honda AmazeS i-Vtech,2015,"68,267kms",Petrol,Manual,₹2.21 Lakh,delhi-ncr
Hyundai,Hyundai Grand i101.2 Kappa Magna BSIV,2018,"72,057kms",Petrol,Manual,₹2.98 Lakh,delhi-ncr
Maruti,Maruti Wagon RCNG LXI,2014,"80,321kms",CNG,Manual,₹2.44 Lakh,delhi-ncr
Honda,Honda AmazeS i-Vtech,2015,"74,730kms",Petrol,Manual,₹2.59 Lakh,delhi-ncr
Hyundai,Hyundai Xcent1.2 Kappa S Option,2014,"97,811kms",Petrol,Manual,₹2.26 Lakh,delhi-ncr
Honda,Honda AmazeS i-Vtech,2014,"55,014kms",Petrol,Manual,₹2.32 Lakh,delhi-ncr
Maruti,Maruti Swift DzireVXI,2014,"49,364kms",Petrol,Manual,₹2.45 Lakh,delhi-ncr
Maruti,Maruti Wagon RAMT VXI,2018,"22,259kms",Petrol,Automatic,₹2.58 Lakh,delhi-ncr
Maruti,Maruti Alto 800LXi,2015,"1,03,493kms",Petrol,Manual,₹2.02 Lakh,delhi-ncr
Honda,Honda AmazeS i-VTEC,2015,"81,491kms",Petrol,Manual,₹2.76 Lakh,delhi-ncr
Honda,Honda AmazeS i-VTEC,2014,"39,753kms",Petrol,Manual,₹3 Lakh,delhi-ncr
Hyundai,Hyundai i10Magna 1.1L,2014,"38,066kms",Petrol,Manual,₹1.80 Lakh,delhi-ncr
Tata,Tata Tiago1.05 Revotorq XZ,2016,"77,558kms",Diesel,Manual,₹2.60 Lakh,delhi-ncr
Renault,Renault KWIDRXT,2017,"41,654kms",Petrol,Manual,₹2.22 Lakh,delhi-ncr
MG,MG HectorSmart DCT,2019,"32,506kms",Petrol,Automatic,₹8.61 Lakh,delhi-ncr
Maruti,Maruti Swift DzireVXI,2014,"46,549kms",Petrol,Manual,₹2.20 Lakh,delhi-ncr
Hyundai,Hyundai Grand i10AT Asta,2015,"27,338kms",Petrol,Automatic,₹2.84 Lakh,delhi-ncr
Toyota,Toyota EtiosG,2015,"65,292kms",Petrol,Manual,₹2.26 Lakh,delhi-ncr
Maruti,Maruti Wagon RVXI BS IV,2018,"37,968kms",Petrol,Manual,₹2.80 Lakh,delhi-ncr
Honda,Honda AmazeS i-VTEC,2015,"81,491kms",Petrol,Manual,₹2.76 Lakh,delhi-ncr
Honda,Honda AmazeS i-VTEC,2014,"39,753kms",Petrol,Manual,₹3 Lakh,delhi-ncr
Hyundai,Hyundai i10Magna 1.1L,2014,"38,066kms",Petrol,Manual,₹1.80 Lakh,delhi-ncr
Toyota,Toyota EtiosG,2014,"59,486kms",Petrol,Manual,₹2.24 Lakh,delhi-ncr
Honda,Honda AmazeS i-Vtech,2015,"68,267kms",Petrol,Manual,₹2.21 Lakh,delhi-ncr
Hyundai,Hyundai Grand i101.2 Kappa Magna BSIV,2018,"72,057kms",Petrol,Manual,₹2.98 Lakh,delhi-ncr
Maruti,Maruti Wagon RCNG LXI,2014,"80,321kms",CNG,Manual,₹2.44 Lakh,delhi-ncr
Maruti,Maruti Alto 800LXi,2015,"1,03,493kms",Petrol,Manual,₹2.02 Lakh,delhi-ncr
Maruti,Maruti Swift DzireVXI,2014,"49,364kms",Petrol,Manual,₹2.45 Lakh,delhi-ncr
Maruti,Maruti Wagon RAMT VXI,2018,"22,259kms",Petrol,Automatic,₹2.58 Lakh,delhi-ncr
Hyundai,Hyundai Xcent1.2 Kappa S Option,2014,"97,811kms",Petrol,Manual,₹2.26 Lakh,delhi-ncr
Honda,Honda AmazeS i-Vtech,2014,"55,014kms",Petrol,Manual,₹2.32 Lakh,delhi-ncr
Honda,Honda AmazeS i-Vtech,2015,"74,730kms",Petrol,Manual,₹2.59 Lakh,delhi-ncr
Tata,Tata Tiago1.05 Revotorq XZ,2016,"77,558kms",Diesel,Manual,₹2.60 Lakh,delhi-ncr
Renault,Renault KWIDRXT,2017,"41,654kms",Petrol,Manual,₹2.22 Lakh,delhi-ncr
MG,MG HectorSmart DCT,2019,"32,506kms",Petrol,Automatic,₹8.61 Lakh,delhi-ncr
Maruti,Maruti Swift DzireVXI,2014,"46,549kms",Petrol,Manual,₹2.20 Lakh,delhi-ncr
Honda,Honda AmazeSX i-VTEC,2016,"75,014kms",Petrol,Manual,₹2.83 Lakh,delhi-ncr
Renault,Renault KWIDRXL,2017,"29,313kms",Petrol,Manual,₹2.06 Lakh,delhi-ncr
Maruti,Maruti Wagon RVXI BS IV,2018,"37,968kms",Petrol,Manual,₹2.80 Lakh,delhi-ncr
Honda,Honda AmazeS i-VTEC,2015,"81,491kms",Petrol,Manual,₹2.76 Lakh,delhi-ncr
Honda,Honda AmazeS i-VTEC,2014,"39,753kms",Petrol,Manual,₹3 Lakh,delhi-ncr
Hyundai,Hyundai i10Magna 1.1L,2014,"38,066kms",Petrol,Manual,₹1.80 Lakh,delhi-ncr
Toyota,Toyota EtiosG,2014,"59,486kms",Petrol,Manual,₹2.24 Lakh,delhi-ncr
Honda,Honda AmazeS i-Vtech,2015,"68,267kms",Petrol,Manual,₹2.21 Lakh,delhi-ncr
Hyundai,Hyundai Grand i101.2 Kappa Magna BSIV,2018,"72,057kms",Petrol,Manual,₹2.98 Lakh,delhi-ncr
Maruti,Maruti Wagon RCNG LXI,2014,"80,321kms",CNG,Manual,₹2.44 Lakh,delhi-ncr
Maruti,Maruti Alto 800LXi,2015,"1,03,493kms",Petrol,Manual,₹2.02 Lakh,delhi-ncr
Maruti,Maruti Swift DzireVXI,2014,"49,364kms",Petrol,Manual,₹2.45 Lakh,delhi-ncr
Maruti,Maruti Wagon RAMT VXI,2018,"22,259kms",Petrol,Automatic,₹2.58 Lakh,delhi-ncr
Hyundai,Hyundai Xcent1.2 Kappa S Option,2014,"97,811kms",Petrol,Manual,₹2.26 Lakh,delhi-ncr
Honda,Honda AmazeS i-Vtech,2014,"55,014kms",Petrol,Manual,₹2.32 Lakh,delhi-ncr
Honda,Honda AmazeS i-Vtech,2015,"74,730kms",Petrol,Manual,₹2.59 Lakh,delhi-ncr
Tata,Tata Tiago1.05 Revotorq XZ,2016,"77,558kms",Diesel,Manual,₹2.60 Lakh,delhi-ncr
Renault,Renault KWIDRXT,2017,"41,654kms",Petrol,Manual,₹2.22 Lakh,delhi-ncr
MG,MG HectorSmart DCT,2019,"32,506kms",Petrol,Automatic,₹8.61 Lakh,delhi-ncr
Maruti,Maruti Swift DzireVXI,2014,"46,549kms",Petrol,Manual,₹2.20 Lakh,delhi-ncr
Honda,Honda AmazeSX i-VTEC,2016,"75,014kms",Petrol,Manual,₹2.83 Lakh,delhi-ncr
Renault,Renault KWIDRXL,2017,"29,313kms",Petrol,Manual,₹2.06 Lakh,delhi-ncr
Maruti,Maruti Wagon RVXI BS IV,2018,"37,968kms",Petrol,Manual,₹2.80 Lakh,delhi-ncr
Honda,Honda AmazeS i-VTEC,2015,"81,491kms",Petrol,Manual,₹2.76 Lakh,delhi-ncr
Honda,Honda AmazeS i-VTEC,2014,"39,753kms",Petrol,Manual,₹3 Lakh,delhi-ncr
Hyundai,Hyundai i10Magna 1.1L,2014,"38,066kms",Petrol,Manual,₹1.80 Lakh,delhi-ncr
Honda,Honda AmazeS i-Vtech,2015,"68,267kms",Petrol,Manual,₹2.21 Lakh,delhi-ncr
Hyundai,Hyundai Grand i101.2 Kappa Magna BSIV,2018,"72,057kms",Petrol,Manual,₹2.98 Lakh,delhi-ncr
Maruti,Maruti Wagon RCNG LXI,2014,"80,321kms",CNG,Manual,₹2.44 Lakh,delhi-ncr
Hyundai,Hyundai Xcent1.2 Kappa S Option,2014,"97,811kms",Petrol,Manual,₹2.26 Lakh,delhi-ncr
Honda,Honda AmazeS i-Vtech,2014,"55,014kms",Petrol,Manual,₹2.32 Lakh,delhi-ncr
Maruti,Maruti Swift DzireVXI,2014,"49,364kms",Petrol,Manual,₹2.45 Lakh,delhi-ncr
Maruti,Maruti Wagon RAMT VXI,2018,"22,259kms",Petrol,Automatic,₹2.58 Lakh,delhi-ncr
Maruti,Maruti Alto 800LXi,2015,"1,03,493kms",Petrol,Manual,₹2.02 Lakh,delhi-ncr
Toyota,Toyota EtiosG,2014,"59,486kms",Petrol,Manual,₹2.24 Lakh,delhi-ncr
Honda,Honda AmazeS i-Vtech,2015,"74,730kms",Petrol,Manual,₹2.59 Lakh,delhi-ncr
Tata,Tata Tiago1.05 Revotorq XZ,2016,"77,558kms",Diesel,Manual,₹2.60 Lakh,delhi-ncr
Renault,Renault KWIDRXT,2017,"41,654kms",Petrol,Manual,₹2.22 Lakh,delhi-ncr
MG,MG HectorSmart DCT,2019,"32,506kms",Petrol,Automatic,₹8.61 Lakh,delhi-ncr
Hyundai,Hyundai Grand i10AT Asta,2015,"27,338kms",Petrol,Automatic,₹2.84 Lakh,delhi-ncr
Maruti,Maruti Swift DzireVXI,2014,"46,549kms",Petrol,Manual,₹2.20 Lakh,delhi-ncr
Honda,Honda AmazeSX i-VTEC,2016,"75,014kms",Petrol,Manual,₹2.83 Lakh,delhi-ncr
Maruti,Maruti Wagon RVXI BS IV,2018,"37,968kms",Petrol,Manual,₹2.80 Lakh,delhi-ncr
Honda,Honda AmazeS i-VTEC,2015,"81,491kms",Petrol,Manual,₹2.76 Lakh,delhi-ncr
Honda,Honda AmazeS i-VTEC,2014,"39,753kms",Petrol,Manual,₹3 Lakh,delhi-ncr
Hyundai,Hyundai i10Magna 1.1L,2014,"38,066kms",Petrol,Manual,₹1.80 Lakh,delhi-ncr
Honda,Honda AmazeS i-Vtech,2015,"68,267kms",Petrol,Manual,₹2.21 Lakh,delhi-ncr
Hyundai,Hyundai Grand i101.2 Kappa Magna BSIV,2018,"72,057kms",Petrol,Manual,₹2.98 Lakh,delhi-ncr
Maruti,Maruti Wagon RCNG LXI,2014,"80,321kms",CNG,Manual,₹2.44 Lakh,delhi-ncr
Hyundai,Hyundai Xcent1.2 Kappa S Option,2014,"97,811kms",Petrol,Manual,₹2.26 Lakh,delhi-ncr
Honda,Honda AmazeS i-Vtech,2014,"55,014kms",Petrol,Manual,₹2.32 Lakh,delhi-ncr
Maruti,Maruti Swift DzireVXI,2014,"49,364kms",Petrol,Manual,₹2.45 Lakh,delhi-ncr
Maruti,Maruti Wagon RAMT VXI,2018,"22,259kms",Petrol,Automatic,₹2.58 Lakh,delhi-ncr
Maruti,Maruti Alto 800LXi,2015,"1,03,493kms",Petrol,Manual,₹2.02 Lakh,delhi-ncr
Toyota,Toyota EtiosG,2014,"59,486kms",Petrol,Manual,₹2.24 Lakh,delhi-ncr
Honda,Honda AmazeS i-Vtech,2015,"74,730kms",Petrol,Manual,₹2.59 Lakh,delhi-ncr
Tata,Tata Tiago1.05 Revotorq XZ,2016,"77,558kms",Diesel,Manual,₹2.60 Lakh,delhi-ncr
Renault,Renault KWIDRXT,2017,"41,654kms",Petrol,Manual,₹2.22 Lakh,delhi-ncr
MG,MG HectorSmart DCT,2019,"32,506kms",Petrol,Automatic,₹8.61 Lakh,delhi-ncr
Hyundai,Hyundai Grand i10AT Asta,2015,"27,338kms",Petrol,Automatic,₹2.84 Lakh,delhi-ncr
Maruti,Maruti Swift DzireVXI,2014,"46,549kms",Petrol,Manual,₹2.20 Lakh,delhi-ncr
Honda,Honda AmazeSX i-VTEC,2016,"75,014kms",Petrol,Manual,₹2.83 Lakh,delhi-ncr
Maruti,Maruti Wagon RVXI BS IV,2018,"37,968kms",Petrol,Manual,₹2.80 Lakh,delhi-ncr
Honda,Honda AmazeS i-VTEC,2015,"81,491kms",Petrol,Manual,₹2.76 Lakh,delhi-ncr
Honda,Honda AmazeS i-VTEC,2014,"39,753kms",Petrol,Manual,₹3 Lakh,delhi-ncr
Hyundai,Hyundai i10Magna 1.1L,2014,"38,066kms",Petrol,Manual,₹1.80 Lakh,delhi-ncr
Toyota,Toyota EtiosG,2014,"59,486kms",Petrol,Manual,₹2.24 Lakh,delhi-ncr
Honda,Honda AmazeS i-Vtech,2015,"68,267kms",Petrol,Manual,₹2.21 Lakh,delhi-ncr
Hyundai,Hyundai Grand i101.2 Kappa Magna BSIV,2018,"72,057kms",Petrol,Manual,₹2.98 Lakh,delhi-ncr
Maruti,Maruti Wagon RCNG LXI,2014,"80,321kms",CNG,Manual,₹2.44 Lakh,delhi-ncr
Maruti,Maruti Alto 800LXi,2015,"1,03,493kms",Petrol,Manual,₹2.02 Lakh,delhi-ncr
Maruti,Maruti Swift DzireVXI,2014,"49,364kms",Petrol,Manual,₹2.45 Lakh,delhi-ncr
Maruti,Maruti Wagon RAMT VXI,2018,"22,259kms",Petrol,Automatic,₹2.58 Lakh,delhi-ncr
Hyundai,Hyundai Xcent1.2 Kappa S Option,2014,"97,811kms",Petrol,Manual,₹2.26 Lakh,delhi-ncr
Honda,Honda AmazeS i-Vtech,2014,"55,014kms",Petrol,Manual,₹2.32 Lakh,delhi-ncr
Honda,Honda AmazeS i-Vtech,2015,"74,730kms",Petrol,Manual,₹2.59 Lakh,delhi-ncr
Tata,Tata Tiago1.05 Revotorq XZ,2016,"77,558kms",Diesel,Manual,₹2.60 Lakh,delhi-ncr
Renault,Renault KWIDRXT,2017,"41,654kms",Petrol,Manual,₹2.22 Lakh,delhi-ncr
MG,MG HectorSmart DCT,2019,"32,506kms",Petrol,Automatic,₹8.61 Lakh,delhi-ncr
Maruti,Maruti Swift DzireVXI,2014,"46,549kms",Petrol,Manual,₹2.20 Lakh,delhi-ncr
Honda,Honda AmazeSX i-VTEC,2016,"75,014kms",Petrol,Manual,₹2.83 Lakh,delhi-ncr
Renault,Renault KWIDRXL,2017,"29,313kms",Petrol,Manual,₹2.06 Lakh,delhi-ncr
Honda,Honda AmazeS i-VTEC,2014,"39,753kms",Petrol,Manual,₹3 Lakh,delhi-ncr
Hyundai,Hyundai i10Magna 1.1L,2014,"38,066kms",Petrol,Manual,₹1.80 Lakh,delhi-ncr
Honda,Honda AmazeS i-Vtech,2015,"68,267kms",Petrol,Manual,₹2.21 Lakh,delhi-ncr
Hyundai,Hyundai Grand i101.2 Kappa Magna BSIV,2018,"72,057kms",Petrol,Manual,₹2.98 Lakh,delhi-ncr
Maruti,Maruti Wagon RCNG LXI,2014,"80,321kms",CNG,Manual,₹2.44 Lakh,delhi-ncr
Hyundai,Hyundai Xcent1.2 Kappa S Option,2014,"97,811kms",Petrol,Manual,₹2.26 Lakh,delhi-ncr
Honda,Honda AmazeS i-Vtech,2014,"55,014kms",Petrol,Manual,₹2.32 Lakh,delhi-ncr
Maruti,Maruti Swift DzireVXI,2014,"49,364kms",Petrol,Manual,₹2.45 Lakh,delhi-ncr
Maruti,Maruti Wagon RAMT VXI,2018,"22,259kms",Petrol,Automatic,₹2.58 Lakh,delhi-ncr
Maruti,Maruti Alto 800LXi,2015,"1,03,493kms",Petrol,Manual,₹2.02 Lakh,delhi-ncr
Toyota,Toyota EtiosG,2014,"59,486kms",Petrol,Manual,₹2.24 Lakh,delhi-ncr
Honda,Honda AmazeS i-Vtech,2015,"74,730kms",Petrol,Manual,₹2.59 Lakh,delhi-ncr
Hyundai,Hyundai Grand i101.2 Kappa Asta,2015,"99,833kms",Petrol,Manual,₹2.94 Lakh,delhi-ncr
Maruti,Maruti Wagon RVXI BS IV,2018,"37,968kms",Petrol,Manual,₹2.80 Lakh,delhi-ncr
Tata,Tata Tiago1.05 Revotorq XZ,2016,"77,558kms",Diesel,Manual,₹2.60 Lakh,delhi-ncr
Renault,Renault KWIDRXT,2017,"41,654kms",Petrol,Manual,₹2.22 Lakh,delhi-ncr
MG,MG HectorSmart DCT,2019,"32,506kms",Petrol,Automatic,₹8.61 Lakh,delhi-ncr
Honda,Honda AmazeSX i-VTEC,2016,"75,014kms",Petrol,Manual,₹2.83 Lakh,delhi-ncr
Renault,Renault KWIDRXL,2017,"29,313kms",Petrol,Manual,₹2.06 Lakh,delhi-ncr
Toyota,Toyota EtiosG,2015,"65,292kms",Petrol,Manual,₹2.26 Lakh,delhi-ncr
Maruti,Maruti Swift DzireVXI,2014,"49,364kms",Petrol,Manual,₹2.45 Lakh,delhi-ncr
Maruti,Maruti Wagon RAMT VXI,2018,"22,259kms",Petrol,Automatic,₹2.58 Lakh,delhi-ncr
Honda,Honda AmazeS i-VTEC,2015,"81,491kms",Petrol,Manual,₹2.76 Lakh,delhi-ncr
Honda,Honda AmazeS i-VTEC,2014,"39,753kms",Petrol,Manual,₹3 Lakh,delhi-ncr
Hyundai,Hyundai i10Magna 1.1L,2014,"38,066kms",Petrol,Manual,₹1.80 Lakh,delhi-ncr
Hyundai,Hyundai Xcent1.2 Kappa S Option,2014,"97,811kms",Petrol,Manual,₹2.26 Lakh,delhi-ncr
Honda,Honda AmazeS i-Vtech,2014,"55,014kms",Petrol,Manual,₹2.32 Lakh,delhi-ncr
Honda,Honda AmazeS i-Vtech,2015,"74,730kms",Petrol,Manual,₹2.59 Lakh,delhi-ncr
Hyundai,Hyundai Grand i101.2 Kappa Asta,2015,"99,833kms",Petrol,Manual,₹2.94 Lakh,delhi-ncr
Toyota,Toyota EtiosG,2014,"59,486kms",Petrol,Manual,₹2.24 Lakh,delhi-ncr
Honda,Honda AmazeS i-Vtech,2015,"68,267kms",Petrol,Manual,₹2.21 Lakh,delhi-ncr
Hyundai,Hyundai Grand i101.2 Kappa Magna BSIV,2018,"72,057kms",Petrol,Manual,₹2.98 Lakh,delhi-ncr
Maruti,Maruti Wagon RCNG LXI,2014,"80,321kms",CNG,Manual,₹2.44 Lakh,delhi-ncr
Maruti,Maruti Alto 800LXi,2015,"1,03,493kms",Petrol,Manual,₹2.02 Lakh,delhi-ncr
Tata,Tata Tiago1.05 Revotorq XZ,2016,"77,558kms",Diesel,Manual,₹2.60 Lakh,delhi-ncr
Renault,Renault KWIDRXT,2017,"41,654kms",Petrol,Manual,₹2.22 Lakh,delhi-ncr
MG,MG HectorSmart DCT,2019,"32,506kms",Petrol,Automatic,₹8.61 Lakh,delhi-ncr
Maruti,Maruti Swift DzireVXI,2014,"46,549kms",Petrol,Manual,₹2.20 Lakh,delhi-ncr
Toyota,Toyota EtiosG,2015,"65,292kms",Petrol,Manual,₹2.26 Lakh,delhi-ncr
Renault,Renault KWIDRXL,2017,"29,313kms",Petrol,Manual,₹2.06 Lakh,delhi-ncr
Hyundai,Hyundai Grand i101.2 Kappa Magna BSIV,2018,"72,057kms",Petrol,Manual,₹2.98 Lakh,delhi-ncr
Maruti,Maruti Swift DzireVXI,2014,"49,364kms",Petrol,Manual,₹2.45 Lakh,delhi-ncr
Maruti,Maruti Wagon RAMT VXI,2018,"22,259kms",Petrol,Automatic,₹2.58 Lakh,delhi-ncr
Honda,Honda AmazeS i-VTEC,2015,"81,491kms",Petrol,Manual,₹2.76 Lakh,delhi-ncr
Honda,Honda AmazeS i-VTEC,2014,"39,753kms",Petrol,Manual,₹3 Lakh,delhi-ncr
Hyundai,Hyundai i10Magna 1.1L,2014,"38,066kms",Petrol,Manual,₹1.80 Lakh,delhi-ncr
Hyundai,Hyundai Xcent1.2 Kappa S Option,2014,"97,811kms",Petrol,Manual,₹2.26 Lakh,delhi-ncr
Honda,Honda AmazeS i-Vtech,2014,"55,014kms",Petrol,Manual,₹2.32 Lakh,delhi-ncr
Honda,Honda AmazeS i-Vtech,2015,"74,730kms",Petrol,Manual,₹2.59 Lakh,delhi-ncr
Toyota,Toyota EtiosG,2014,"59,486kms",Petrol,Manual,₹2.24 Lakh,delhi-ncr
Maruti,Maruti Wagon RVXI BS IV,2018,"37,968kms",Petrol,Manual,₹2.80 Lakh,delhi-ncr
Hyundai,Hyundai Grand i101.2 Kappa Asta,2015,"99,833kms",Petrol,Manual,₹2.94 Lakh,delhi-ncr
Maruti,Maruti Wagon RCNG LXI,2014,"80,321kms",CNG,Manual,₹2.44 Lakh,delhi-ncr
Maruti,Maruti Alto 800LXi,2015,"1,03,493kms",Petrol,Manual,₹2.02 Lakh,delhi-ncr
Tata,Tata Tiago1.05 Revotorq XZ,2016,"77,558kms",Diesel,Manual,₹2.60 Lakh,delhi-ncr
Renault,Renault KWIDRXT,2017,"41,654kms",Petrol,Manual,₹2.22 Lakh,delhi-ncr
MG,MG HectorSmart DCT,2019,"32,506kms",Petrol,Automatic,₹8.61 Lakh,delhi-ncr
Honda,Honda AmazeSX i-VTEC,2016,"75,014kms",Petrol,Manual,₹2.83 Lakh,delhi-ncr
Toyota,Toyota EtiosG,2015,"65,292kms",Petrol,Manual,₹2.26 Lakh,delhi-ncr
Renault,Renault KWIDRXL,2017,"29,313kms",Petrol,Manual,₹2.06 Lakh,delhi-ncr
Hyundai,Hyundai Grand i101.2 Kappa Magna BSIV,2018,"72,057kms",Petrol,Manual,₹2.98 Lakh,delhi-ncr
Maruti,Maruti Swift DzireVXI,2014,"49,364kms",Petrol,Manual,₹2.45 Lakh,delhi-ncr
Maruti,Maruti Wagon RAMT VXI,2018,"22,259kms",Petrol,Automatic,₹2.58 Lakh,delhi-ncr
Honda,Honda AmazeS i-VTEC,2015,"81,491kms",Petrol,Manual,₹2.76 Lakh,delhi-ncr
Honda,Honda AmazeS i-VTEC,2014,"39,753kms",Petrol,Manual,₹3 Lakh,delhi-ncr
Hyundai,Hyundai i10Magna 1.1L,2014,"38,066kms",Petrol,Manual,₹1.80 Lakh,delhi-ncr
Hyundai,Hyundai Xcent1.2 Kappa S Option,2014,"97,811kms",Petrol,Manual,₹2.26 Lakh,delhi-ncr
Honda,Honda AmazeS i-Vtech,2014,"55,014kms",Petrol,Manual,₹2.32 Lakh,delhi-ncr
Honda,Honda AmazeS i-Vtech,2015,"74,730kms",Petrol,Manual,₹2.59 Lakh,delhi-ncr
Toyota,Toyota EtiosG,2014,"59,486kms",Petrol,Manual,₹2.24 Lakh,delhi-ncr
Maruti,Maruti Wagon RVXI BS IV,2018,"37,968kms",Petrol,Manual,₹2.80 Lakh,delhi-ncr
Hyundai,Hyundai Grand i101.2 Kappa Asta,2015,"99,833kms",Petrol,Manual,₹2.94 Lakh,delhi-ncr
Maruti,Maruti Wagon RCNG LXI,2014,"80,321kms",CNG,Manual,₹2.44 Lakh,delhi-ncr
Maruti,Maruti Alto 800LXi,2015,"1,03,493kms",Petrol,Manual,₹2.02 Lakh,delhi-ncr
Tata,Tata Tiago1.05 Revotorq XZ,2016,"77,558kms",Diesel,Manual,₹2.60 Lakh,delhi-ncr
Renault,Renault KWIDRXT,2017,"41,654kms",Petrol,Manual,₹2.22 Lakh,delhi-ncr
MG,MG HectorSmart DCT,2019,"32,506kms",Petrol,Automatic,₹8.61 Lakh,delhi-ncr
Honda,Honda AmazeSX i-VTEC,2016,"75,014kms",Petrol,Manual,₹2.83 Lakh,delhi-ncr
Toyota,Toyota EtiosG,2015,"65,292kms",Petrol,Manual,₹2.26 Lakh,delhi-ncr
Renault,Renault KWIDRXL,2017,"29,313kms",Petrol,Manual,₹2.06 Lakh,delhi-ncr
Maruti,Maruti Swift DzireVXI,2014,"49,364kms",Petrol,Manual,₹2.45 Lakh,delhi-ncr
Maruti,Maruti Wagon RAMT VXI,2018,"22,259kms",Petrol,Automatic,₹2.58 Lakh,delhi-ncr
Honda,Honda AmazeS i-VTEC,2015,"81,491kms",Petrol,Manual,₹2.76 Lakh,delhi-ncr
Honda,Honda AmazeS i-VTEC,2014,"39,753kms",Petrol,Manual,₹3 Lakh,delhi-ncr
Hyundai,Hyundai i10Magna 1.1L,2014,"38,066kms",Petrol,Manual,₹1.80 Lakh,delhi-ncr
Hyundai,Hyundai Xcent1.2 Kappa S Option,2014,"97,811kms",Petrol,Manual,₹2.26 Lakh,delhi-ncr
Honda,Honda AmazeS i-Vtech,2014,"55,014kms",Petrol,Manual,₹2.32 Lakh,delhi-ncr
Maruti,Maruti Wagon RCNG LXI,2014,"80,321kms",CNG,Manual,₹2.44 Lakh,delhi-ncr
Maruti,Maruti Alto 800LXi,2015,"1,03,493kms",Petrol,Manual,₹2.02 Lakh,delhi-ncr
Toyota,Toyota EtiosG,2014,"59,486kms",Petrol,Manual,₹2.24 Lakh,delhi-ncr
Honda,Honda AmazeS i-Vtech,2015,"68,267kms",Petrol,Manual,₹2.21 Lakh,delhi-ncr
Hyundai,Hyundai Grand i101.2 Kappa Magna BSIV,2018,"72,057kms",Petrol,Manual,₹2.98 Lakh,delhi-ncr
Honda,Honda AmazeS i-Vtech,2015,"74,730kms",Petrol,Manual,₹2.59 Lakh,delhi-ncr
Hyundai,Hyundai Grand i101.2 Kappa Asta,2015,"99,833kms",Petrol,Manual,₹2.94 Lakh,delhi-ncr
Tata,Tata Tiago1.05 Revotorq XZ,2016,"77,558kms",Diesel,Manual,₹2.60 Lakh,delhi-ncr
Renault,Renault KWIDRXT,2017,"41,654kms",Petrol,Manual,₹2.22 Lakh,delhi-ncr
MG,MG HectorSmart DCT,2019,"32,506kms",Petrol,Automatic,₹8.61 Lakh,delhi-ncr
Maruti,Maruti Swift DzireVXI,2014,"46,549kms",Petrol,Manual,₹2.20 Lakh,delhi-ncr
Toyota,Toyota EtiosG,2015,"65,292kms",Petrol,Manual,₹2.26 Lakh,delhi-ncr
Renault,Renault KWIDRXL,2017,"29,313kms",Petrol,Manual,₹2.06 Lakh,delhi-ncr
Maruti,Maruti Wagon RVXI BS IV,2018,"37,968kms",Petrol,Manual,₹2.80 Lakh,delhi-ncr
Hyundai,Hyundai Grand i101.2 Kappa Asta,2015,"99,833kms",Petrol,Manual,₹2.94 Lakh,delhi-ncr
Honda,Honda AmazeS i-Vtech,2015,"68,267kms",Petrol,Manual,₹2.21 Lakh,delhi-ncr
Hyundai,Hyundai Grand i101.2 Kappa Magna BSIV,2018,"72,057kms",Petrol,Manual,₹2.98 Lakh,delhi-ncr
Maruti,Maruti Swift DzireVXI,2014,"49,364kms",Petrol,Manual,₹2.45 Lakh,delhi-ncr
Maruti,Maruti Wagon RAMT VXI,2018,"22,259kms",Petrol,Automatic,₹2.58 Lakh,delhi-ncr
Honda,Honda AmazeS i-VTEC,2015,"81,491kms",Petrol,Manual,₹2.76 Lakh,delhi-ncr
Honda,Honda AmazeS i-VTEC,2014,"39,753kms",Petrol,Manual,₹3 Lakh,delhi-ncr
Hyundai,Hyundai i10Magna 1.1L,2014,"38,066kms",Petrol,Manual,₹1.80 Lakh,delhi-ncr
Hyundai,Hyundai Xcent1.2 Kappa S Option,2014,"97,811kms",Petrol,Manual,₹2.26 Lakh,delhi-ncr
Honda,Honda AmazeS i-Vtech,2014,"55,014kms",Petrol,Manual,₹2.32 Lakh,delhi-ncr
Honda,Honda AmazeS i-Vtech,2015,"74,730kms",Petrol,Manual,₹2.59 Lakh,delhi-ncr
Maruti,Maruti Wagon RCNG LXI,2014,"80,321kms",CNG,Manual,₹2.44 Lakh,delhi-ncr
Maruti,Maruti Alto 800LXi,2015,"1,03,493kms",Petrol,Manual,₹2.02 Lakh,delhi-ncr
Tata,Tata Tiago1.05 Revotorq XZ,2016,"77,558kms",Diesel,Manual,₹2.60 Lakh,delhi-ncr
Renault,Renault KWIDRXT,2017,"41,654kms",Petrol,Manual,₹2.22 Lakh,delhi-ncr
MG,MG HectorSmart DCT,2019,"32,506kms",Petrol,Automatic,₹8.61 Lakh,delhi-ncr
Maruti,Maruti Swift DzireVXI,2014,"46,549kms",Petrol,Manual,₹2.20 Lakh,delhi-ncr
Hyundai,Hyundai Grand i10AT Asta,2015,"27,338kms",Petrol,Automatic,₹2.84 Lakh,delhi-ncr
Honda,Honda AmazeSX i-VTEC,2016,"75,014kms",Petrol,Manual,₹2.83 Lakh,delhi-ncr
Maruti,Maruti Swift DzireVXI,2014,"49,364kms",Petrol,Manual,₹2.45 Lakh,delhi-ncr
Maruti,Maruti Wagon RAMT VXI,2018,"22,259kms",Petrol,Automatic,₹2.58 Lakh,delhi-ncr
Honda,Honda AmazeS i-VTEC,2015,"81,491kms",Petrol,Manual,₹2.76 Lakh,delhi-ncr
Honda,Honda AmazeS i-VTEC,2014,"39,753kms",Petrol,Manual,₹3 Lakh,delhi-ncr
Hyundai,Hyundai i10Magna 1.1L,2014,"38,066kms",Petrol,Manual,₹1.80 Lakh,delhi-ncr
Hyundai,Hyundai Xcent1.2 Kappa S Option,2014,"97,811kms",Petrol,Manual,₹2.26 Lakh,delhi-ncr
Honda,Honda AmazeS i-Vtech,2014,"55,014kms",Petrol,Manual,₹2.32 Lakh,delhi-ncr
Maruti,Maruti Wagon RCNG LXI,2014,"80,321kms",CNG,Manual,₹2.44 Lakh,delhi-ncr
Maruti,Maruti Alto 800LXi,2015,"1,03,493kms",Petrol,Manual,₹2.02 Lakh,delhi-ncr
Toyota,Toyota EtiosG,2014,"59,486kms",Petrol,Manual,₹2.24 Lakh,delhi-ncr
Honda,Honda AmazeS i-Vtech,2015,"68,267kms",Petrol,Manual,₹2.21 Lakh,delhi-ncr
Hyundai,Hyundai Grand i101.2 Kappa Magna BSIV,2018,"72,057kms",Petrol,Manual,₹2.98 Lakh,delhi-ncr
Honda,Honda AmazeS i-Vtech,2015,"74,730kms",Petrol,Manual,₹2.59 Lakh,delhi-ncr
Hyundai,Hyundai Grand i101.2 Kappa Asta,2015,"99,833kms",Petrol,Manual,₹2.94 Lakh,delhi-ncr
Tata,Tata Tiago1.05 Revotorq XZ,2016,"77,558kms",Diesel,Manual,₹2.60 Lakh,delhi-ncr
Renault,Renault KWIDRXT,2017,"41,654kms",Petrol,Manual,₹2.22 Lakh,delhi-ncr
MG,MG HectorSmart DCT,2019,"32,506kms",Petrol,Automatic,₹8.61 Lakh,delhi-ncr
Maruti,Maruti Swift DzireVXI,2014,"46,549kms",Petrol,Manual,₹2.20 Lakh,delhi-ncr
Toyota,Toyota EtiosG,2015,"65,292kms",Petrol,Manual,₹2.26 Lakh,delhi-ncr
Renault,Renault KWIDRXL,2017,"29,313kms",Petrol,Manual,₹2.06 Lakh,delhi-ncr
Maruti,Maruti Wagon RVXI Optional,2019,"53,988kms",Petrol,Manual,₹3.44 Lakh,delhi-ncr
Hyundai,Hyundai VenueS,2021,"53,312kms",Petrol,Manual,₹5.34 Lakh,delhi-ncr
Ford,Ford Ecosport1.5 Petrol Titanium BSIV,2019,"28,638kms",Petrol,Manual,₹5 Lakh,delhi-ncr
Tata,Tata Tiago1.2 Revotron XZA,2019,"55,085kms",Petrol,Automatic,₹3.92 Lakh,delhi-ncr
Ford,Ford EcosportTrend,2019,"83,164kms",Petrol,Manual,₹4.79 Lakh,delhi-ncr
Ford,Ford Ecosport1.5 Petrol Titanium BSIV,2019,"82,116kms",Petrol,Manual,₹4.56 Lakh,delhi-ncr
Tata,Tata Nexon1.2 Revotron XZ Plus,2019,"40,741kms",Petrol,Manual,₹4.46 Lakh,delhi-ncr
Maruti,Maruti CiazAlpha Automatic BSIV,2019,"85,255kms",Petrol,Automatic,₹5.24 Lakh,delhi-ncr
Maruti,Maruti CiazAlpha BSVI,2020,"88,508kms",Petrol,Manual,₹5.71 Lakh,delhi-ncr
Maruti,Maruti CiazAlpha BSVI,2020,"60,613kms",Petrol,Manual,₹5.64 Lakh,delhi-ncr
Tata,Tata Tiago1.2 Revotron XZ,2018,"66,938kms",Petrol,Manual,₹3.97 Lakh,delhi-ncr
Renault,Renault KWID1.0 RXT AMT Opt,2018,"46,802kms",Petrol,Automatic,₹2.75 Lakh,delhi-ncr
Honda,Honda Amaze 2nd GenVX CVT,2023,"36,870kms",Petrol,Automatic,₹7.20 Lakh,delhi-ncr
Honda,Honda CityV MT,2020,"57,142kms",Petrol,Manual,₹6.65 Lakh,delhi-ncr
Tata,Tata CurvvAccomplished S Diesel,2025,"9,601kms",Diesel,Manual,₹15.57 Lakh,delhi-ncr
Renault,Renault KWIDRXL,2019,"46,915kms",Petrol,Manual,₹2.12 Lakh,delhi-ncr
Renault,Renault KWIDRXT,2016,"41,281kms",Petrol,Manual,₹1.56 Lakh,delhi-ncr
Maruti,Maruti DzireVXI,2017,"83,786kms",Petrol,Manual,₹4.19 Lakh,delhi-ncr
Maruti,Maruti CelerioZXI,2019,"30,351kms",Petrol,Manual,₹4.06 Lakh,delhi-ncr
Tata,Tata TiagoXZ Plus BSVI,2022,"83,247kms",Petrol,Manual,₹3.41 Lakh,delhi-ncr
Maruti,Maruti Wagon RVXI Optional,2019,"53,988kms",Petrol,Manual,₹3.44 Lakh,delhi-ncr
Hyundai,Hyundai VenueS,2021,"53,312kms",Petrol,Manual,₹5.34 Lakh,delhi-ncr
Ford,Ford Ecosport1.5 Petrol Titanium BSIV,2019,"28,638kms",Petrol,Manual,₹5 Lakh,delhi-ncr
Tata,Tata Tiago1.2 Revotron XZA,2019,"55,085kms",Petrol,Automatic,₹3.92 Lakh,delhi-ncr
Ford,Ford EcosportTrend,2019,"83,164kms",Petrol,Manual,₹4.79 Lakh,delhi-ncr
Ford,Ford Ecosport1.5 Petrol Titanium BSIV,2019,"82,116kms",Petrol,Manual,₹4.56 Lakh,delhi-ncr
Tata,Tata Nexon1.2 Revotron XZ Plus,2019,"40,741kms",Petrol,Manual,₹4.46 Lakh,delhi-ncr
Maruti,Maruti CiazAlpha Automatic BSIV,2019,"85,255kms",Petrol,Automatic,₹5.24 Lakh,delhi-ncr
Maruti,Maruti CiazAlpha BSVI,2020,"88,508kms",Petrol,Manual,₹5.71 Lakh,delhi-ncr
Maruti,Maruti CiazAlpha BSVI,2020,"60,613kms",Petrol,Manual,₹5.64 Lakh,delhi-ncr
Tata,Tata Tiago1.2 Revotron XZ,2018,"66,938kms",Petrol,Manual,₹3.97 Lakh,delhi-ncr
Renault,Renault KWID1.0 RXT AMT Opt,2018,"46,802kms",Petrol,Automatic,₹2.75 Lakh,delhi-ncr
Honda,Honda Amaze 2nd GenVX CVT,2023,"36,870kms",Petrol,Automatic,₹7.20 Lakh,delhi-ncr
Honda,Honda CityV MT,2020,"57,142kms",Petrol,Manual,₹6.65 Lakh,delhi-ncr
Tata,Tata CurvvAccomplished S Diesel,2025,"9,601kms",Diesel,Manual,₹15.57 Lakh,delhi-ncr
Renault,Renault KWIDRXL,2019,"46,915kms",Petrol,Manual,₹2.12 Lakh,delhi-ncr
Renault,Renault KWIDRXT,2016,"41,281kms",Petrol,Manual,₹1.56 Lakh,delhi-ncr
Maruti,Maruti DzireVXI,2017,"83,786kms",Petrol,Manual,₹4.19 Lakh,delhi-ncr
Maruti,Maruti CelerioZXI,2019,"30,351kms",Petrol,Manual,₹4.06 Lakh,delhi-ncr
Tata,Tata TiagoXZ Plus BSVI,2022,"83,247kms",Petrol,Manual,₹3.41 Lakh,delhi-ncr
Maruti,Maruti Wagon RVXI Optional,2019,"53,988kms",Petrol,Manual,₹3.44 Lakh,delhi-ncr
Hyundai,Hyundai VenueS,2021,"53,312kms",Petrol,Manual,₹5.34 Lakh,delhi-ncr
Ford,Ford Ecosport1.5 Petrol Titanium BSIV,2019,"28,638kms",Petrol,Manual,₹5 Lakh,delhi-ncr
Tata,Tata Tiago1.2 Revotron XZA,2019,"55,085kms",Petrol,Automatic,₹3.92 Lakh,delhi-ncr
Ford,Ford EcosportTrend,2019,"83,164kms",Petrol,Manual,₹4.79 Lakh,delhi-ncr
Ford,Ford Ecosport1.5 Petrol Titanium BSIV,2019,"82,116kms",Petrol,Manual,₹4.56 Lakh,delhi-ncr
Tata,Tata Nexon1.2 Revotron XZ Plus,2019,"40,741kms",Petrol,Manual,₹4.46 Lakh,delhi-ncr
Maruti,Maruti CiazAlpha Automatic BSIV,2019,"85,255kms",Petrol,Automatic,₹5.24 Lakh,delhi-ncr
Maruti,Maruti CiazAlpha BSVI,2020,"88,508kms",Petrol,Manual,₹5.71 Lakh,delhi-ncr
Maruti,Maruti CiazAlpha BSVI,2020,"60,613kms",Petrol,Manual,₹5.64 Lakh,delhi-ncr
Tata,Tata Tiago1.2 Revotron XZ,2018,"66,938kms",Petrol,Manual,₹3.97 Lakh,delhi-ncr
Renault,Renault KWID1.0 RXT AMT Opt,2018,"46,802kms",Petrol,Automatic,₹2.75 Lakh,delhi-ncr
Honda,Honda Amaze 2nd GenVX CVT,2023,"36,870kms",Petrol,Automatic,₹7.20 Lakh,delhi-ncr
Honda,Honda CityV MT,2020,"57,142kms",Petrol,Manual,₹6.65 Lakh,delhi-ncr
Tata,Tata CurvvAccomplished S Diesel,2025,"9,601kms",Diesel,Manual,₹15.57 Lakh,delhi-ncr
Renault,Renault KWIDRXL,2019,"46,915kms",Petrol,Manual,₹2.12 Lakh,delhi-ncr
Renault,Renault KWIDRXT,2016,"41,281kms",Petrol,Manual,₹1.56 Lakh,delhi-ncr
Maruti,Maruti DzireVXI,2017,"83,786kms",Petrol,Manual,₹4.19 Lakh,delhi-ncr
Maruti,Maruti CelerioZXI,2019,"30,351kms",Petrol,Manual,₹4.06 Lakh,delhi-ncr
Tata,Tata TiagoXZ Plus BSVI,2022,"83,247kms",Petrol,Manual,₹3.41 Lakh,delhi-ncr
Maruti,Maruti Wagon RVXI Optional,2019,"53,988kms",Petrol,Manual,₹3.44 Lakh,delhi-ncr
Hyundai,Hyundai VenueS,2021,"53,312kms",Petrol,Manual,₹5.34 Lakh,delhi-ncr
Maruti,Maruti CiazAlpha BSVI,2020,"88,508kms",Petrol,Manual,₹5.71 Lakh,delhi-ncr
Maruti,Maruti CiazAlpha BSVI,2020,"60,613kms",Petrol,Manual,₹5.64 Lakh,delhi-ncr
Ford,Ford EcosportTrend,2019,"83,164kms",Petrol,Manual,₹4.79 Lakh,delhi-ncr
Ford,Ford Ecosport1.5 Petrol Titanium BSIV,2019,"82,116kms",Petrol,Manual,₹4.56 Lakh,delhi-ncr
Tata,Tata Nexon1.2 Revotron XZ Plus,2019,"40,741kms",Petrol,Manual,₹4.46 Lakh,delhi-ncr
Ford,Ford Ecosport1.5 Petrol Titanium BSIV,2019,"28,638kms",Petrol,Manual,₹5 Lakh,delhi-ncr
Maruti,Maruti CiazAlpha Automatic BSIV,2019,"85,255kms",Petrol,Automatic,₹5.24 Lakh,delhi-ncr
Tata,Tata Tiago1.2 Revotron XZ,2018,"66,938kms",Petrol,Manual,₹3.97 Lakh,delhi-ncr
Tata,Tata Tiago1.2 Revotron XZA,2019,"55,085kms",Petrol,Automatic,₹3.92 Lakh,delhi-ncr
Renault,Renault KWID1.0 RXT AMT Opt,2018,"46,802kms",Petrol,Automatic,₹2.75 Lakh,delhi-ncr
Honda,Honda Amaze 2nd GenVX CVT,2023,"36,870kms",Petrol,Automatic,₹7.20 Lakh,delhi-ncr
Honda,Honda CityV MT,2020,"57,142kms",Petrol,Manual,₹6.65 Lakh,delhi-ncr
Tata,Tata CurvvAccomplished S Diesel,2025,"9,601kms",Diesel,Manual,₹15.57 Lakh,delhi-ncr
Renault,Renault KWIDRXL,2019,"46,915kms",Petrol,Manual,₹2.12 Lakh,delhi-ncr
Renault,Renault KWIDRXT,2016,"41,281kms",Petrol,Manual,₹1.56 Lakh,delhi-ncr
Tata,Tata TiagoXZ Plus BSVI,2022,"83,247kms",Petrol,Manual,₹3.41 Lakh,delhi-ncr
Maruti,Maruti DzireVXI,2017,"83,786kms",Petrol,Manual,₹4.19 Lakh,delhi-ncr
Maruti,Maruti CelerioZXI,2019,"30,351kms",Petrol,Manual,₹4.06 Lakh,delhi-ncr
Maruti,Maruti Wagon RVXI Optional,2019,"53,988kms",Petrol,Manual,₹3.44 Lakh,delhi-ncr
Hyundai,Hyundai VenueS,2021,"53,312kms",Petrol,Manual,₹5.34 Lakh,delhi-ncr
Maruti,Maruti CiazAlpha BSVI,2020,"88,508kms",Petrol,Manual,₹5.71 Lakh,delhi-ncr
Maruti,Maruti CiazAlpha BSVI,2020,"60,613kms",Petrol,Manual,₹5.64 Lakh,delhi-ncr
Ford,Ford EcosportTrend,2019,"83,164kms",Petrol,Manual,₹4.79 Lakh,delhi-ncr
Ford,Ford Ecosport1.5 Petrol Titanium BSIV,2019,"82,116kms",Petrol,Manual,₹4.56 Lakh,delhi-ncr
Tata,Tata Nexon1.2 Revotron XZ Plus,2019,"40,741kms",Petrol,Manual,₹4.46 Lakh,delhi-ncr
Ford,Ford Ecosport1.5 Petrol Titanium BSIV,2019,"28,638kms",Petrol,Manual,₹5 Lakh,delhi-ncr
Maruti,Maruti CiazAlpha Automatic BSIV,2019,"85,255kms",Petrol,Automatic,₹5.24 Lakh,delhi-ncr
Tata,Tata Tiago1.2 Revotron XZ,2018,"66,938kms",Petrol,Manual,₹3.97 Lakh,delhi-ncr
Tata,Tata Tiago1.2 Revotron XZA,2019,"55,085kms",Petrol,Automatic,₹3.92 Lakh,delhi-ncr
Renault,Renault KWID1.0 RXT AMT Opt,2018,"46,802kms",Petrol,Automatic,₹2.75 Lakh,delhi-ncr
Honda,Honda Amaze 2nd GenVX CVT,2023,"36,870kms",Petrol,Automatic,₹7.20 Lakh,delhi-ncr
Honda,Honda CityV MT,2020,"57,142kms",Petrol,Manual,₹6.65 Lakh,delhi-ncr
Tata,Tata CurvvAccomplished S Diesel,2025,"9,601kms",Diesel,Manual,₹15.57 Lakh,delhi-ncr
Renault,Renault KWIDRXL,2019,"46,915kms",Petrol,Manual,₹2.12 Lakh,delhi-ncr
Renault,Renault KWIDRXT,2016,"41,281kms",Petrol,Manual,₹1.56 Lakh,delhi-ncr
Tata,Tata TiagoXZ Plus BSVI,2022,"83,247kms",Petrol,Manual,₹3.41 Lakh,delhi-ncr
Maruti,Maruti DzireVXI,2017,"83,786kms",Petrol,Manual,₹4.19 Lakh,delhi-ncr
Maruti,Maruti CelerioZXI,2019,"30,351kms",Petrol,Manual,₹4.06 Lakh,delhi-ncr
Maruti,Maruti Wagon RVXI Optional,2019,"53,988kms",Petrol,Manual,₹3.44 Lakh,delhi-ncr
Hyundai,Hyundai VenueS,2021,"53,312kms",Petrol,Manual,₹5.34 Lakh,delhi-ncr
Ford,Ford Ecosport1.5 Petrol Titanium BSIV,2019,"28,638kms",Petrol,Manual,₹5 Lakh,delhi-ncr
Tata,Tata Tiago1.2 Revotron XZA,2019,"55,085kms",Petrol,Automatic,₹3.92 Lakh,delhi-ncr
Ford,Ford EcosportTrend,2019,"83,164kms",Petrol,Manual,₹4.79 Lakh,delhi-ncr
Ford,Ford Ecosport1.5 Petrol Titanium BSIV,2019,"82,116kms",Petrol,Manual,₹4.56 Lakh,delhi-ncr
Tata,Tata Nexon1.2 Revotron XZ Plus,2019,"40,741kms",Petrol,Manual,₹4.46 Lakh,delhi-ncr
Maruti,Maruti CiazAlpha Automatic BSIV,2019,"85,255kms",Petrol,Automatic,₹5.24 Lakh,delhi-ncr
Maruti,Maruti CiazAlpha BSVI,2020,"88,508kms",Petrol,Manual,₹5.71 Lakh,delhi-ncr
Maruti,Maruti CiazAlpha BSVI,2020,"60,613kms",Petrol,Manual,₹5.64 Lakh,delhi-ncr
Tata,Tata Tiago1.2 Revotron XZ,2018,"66,938kms",Petrol,Manual,₹3.97 Lakh,delhi-ncr
Renault,Renault KWID1.0 RXT AMT Opt,2018,"46,802kms",Petrol,Automatic,₹2.75 Lakh,delhi-ncr
Honda,Honda Amaze 2nd GenVX CVT,2023,"36,870kms",Petrol,Automatic,₹7.20 Lakh,delhi-ncr
Honda,Honda CityV MT,2020,"57,142kms",Petrol,Manual,₹6.65 Lakh,delhi-ncr
Tata,Tata CurvvAccomplished S Diesel,2025,"9,601kms",Diesel,Manual,₹15.57 Lakh,delhi-ncr
Renault,Renault KWIDRXL,2019,"46,915kms",Petrol,Manual,₹2.12 Lakh,delhi-ncr
Renault,Renault KWIDRXT,2016,"41,281kms",Petrol,Manual,₹1.56 Lakh,delhi-ncr
Maruti,Maruti DzireVXI,2017,"83,786kms",Petrol,Manual,₹4.19 Lakh,delhi-ncr
Maruti,Maruti CelerioZXI,2019,"30,351kms",Petrol,Manual,₹4.06 Lakh,delhi-ncr
Tata,Tata TiagoXZ Plus BSVI,2022,"83,247kms",Petrol,Manual,₹3.41 Lakh,delhi-ncr
Maruti,Maruti Wagon RVXI Optional,2019,"53,988kms",Petrol,Manual,₹3.44 Lakh,delhi-ncr
Ford,Ford EcosportTrend,2019,"83,164kms",Petrol,Manual,₹4.79 Lakh,delhi-ncr
Hyundai,Hyundai VenueS,2021,"53,312kms",Petrol,Manual,₹5.34 Lakh,delhi-ncr
Ford,Ford Ecosport1.5 Petrol Titanium BSIV,2019,"82,116kms",Petrol,Manual,₹4.56 Lakh,delhi-ncr
Tata,Tata Nexon1.2 Revotron XZ Plus,2019,"40,741kms",Petrol,Manual,₹4.46 Lakh,delhi-ncr
Maruti,Maruti CiazAlpha Automatic BSIV,2019,"85,255kms",Petrol,Automatic,₹5.24 Lakh,delhi-ncr
Tata,Tata Tiago1.2 Revotron XZ,2018,"66,938kms",Petrol,Manual,₹3.97 Lakh,delhi-ncr
Maruti,Maruti CiazAlpha BSVI,2020,"88,508kms",Petrol,Manual,₹5.71 Lakh,delhi-ncr
Maruti,Maruti CiazAlpha BSVI,2020,"60,613kms",Petrol,Manual,₹5.64 Lakh,delhi-ncr
Tata,Tata Tiago1.2 Revotron XZA,2019,"55,085kms",Petrol,Automatic,₹3.92 Lakh,delhi-ncr
Ford,Ford Ecosport1.5 Petrol Titanium BSIV,2019,"28,638kms",Petrol,Manual,₹5 Lakh,delhi-ncr
Renault,Renault KWID1.0 RXT AMT Opt,2018,"46,802kms",Petrol,Automatic,₹2.75 Lakh,delhi-ncr
Honda,Honda Amaze 2nd GenVX CVT,2023,"36,870kms",Petrol,Automatic,₹7.20 Lakh,delhi-ncr
Honda,Honda CityV MT,2020,"57,142kms",Petrol,Manual,₹6.65 Lakh,delhi-ncr
Tata,Tata CurvvAccomplished S Diesel,2025,"9,601kms",Diesel,Manual,₹15.57 Lakh,delhi-ncr
Renault,Renault KWIDRXL,2019,"46,915kms",Petrol,Manual,₹2.12 Lakh,delhi-ncr
Renault,Renault KWIDRXT,2016,"41,281kms",Petrol,Manual,₹1.56 Lakh,delhi-ncr
Tata,Tata TiagoXZ Plus BSVI,2022,"83,247kms",Petrol,Manual,₹3.41 Lakh,delhi-ncr
Maruti,Maruti DzireVXI,2017,"83,786kms",Petrol,Manual,₹4.19 Lakh,delhi-ncr
Maruti,Maruti CelerioZXI,2019,"30,351kms",Petrol,Manual,₹4.06 Lakh,delhi-ncr
Maruti,Maruti Wagon RVXI Optional,2019,"53,988kms",Petrol,Manual,₹3.44 Lakh,delhi-ncr
Hyundai,Hyundai VenueS,2021,"53,312kms",Petrol,Manual,₹5.34 Lakh,delhi-ncr
Ford,Ford Ecosport1.5 Petrol Titanium BSIV,2019,"28,638kms",Petrol,Manual,₹5 Lakh,delhi-ncr
Tata,Tata Tiago1.2 Revotron XZA,2019,"55,085kms",Petrol,Automatic,₹3.92 Lakh,delhi-ncr
Ford,Ford EcosportTrend,2019,"83,164kms",Petrol,Manual,₹4.79 Lakh,delhi-ncr
Ford,Ford Ecosport1.5 Petrol Titanium BSIV,2019,"82,116kms",Petrol,Manual,₹4.56 Lakh,delhi-ncr
Tata,Tata Nexon1.2 Revotron XZ Plus,2019,"40,741kms",Petrol,Manual,₹4.46 Lakh,delhi-ncr
Maruti,Maruti CiazAlpha Automatic BSIV,2019,"85,255kms",Petrol,Automatic,₹5.24 Lakh,delhi-ncr
Maruti,Maruti CiazAlpha BSVI,2020,"88,508kms",Petrol,Manual,₹5.71 Lakh,delhi-ncr
Maruti,Maruti CiazAlpha BSVI,2020,"60,613kms",Petrol,Manual,₹5.64 Lakh,delhi-ncr
Tata,Tata Tiago1.2 Revotron XZ,2018,"66,938kms",Petrol,Manual,₹3.97 Lakh,delhi-ncr
Renault,Renault KWID1.0 RXT AMT Opt,2018,"46,802kms",Petrol,Automatic,₹2.75 Lakh,delhi-ncr
Honda,Honda Amaze 2nd GenVX CVT,2023,"36,870kms",Petrol,Automatic,₹7.20 Lakh,delhi-ncr
Honda,Honda CityV MT,2020,"57,142kms",Petrol,Manual,₹6.65 Lakh,delhi-ncr
Tata,Tata CurvvAccomplished S Diesel,2025,"9,601kms",Diesel,Manual,₹15.57 Lakh,delhi-ncr
Renault,Renault KWIDRXL,2019,"46,915kms",Petrol,Manual,₹2.12 Lakh,delhi-ncr
Renault,Renault KWIDRXT,2016,"41,281kms",Petrol,Manual,₹1.56 Lakh,delhi-ncr
Maruti,Maruti DzireVXI,2017,"83,786kms",Petrol,Manual,₹4.19 Lakh,delhi-ncr
Maruti,Maruti CelerioZXI,2019,"30,351kms",Petrol,Manual,₹4.06 Lakh,delhi-ncr
Tata,Tata TiagoXZ Plus BSVI,2022,"83,247kms",Petrol,Manual,₹3.41 Lakh,delhi-ncr
Maruti,Maruti Wagon RVXI Optional,2019,"53,988kms",Petrol,Manual,₹3.44 Lakh,delhi-ncr
Hyundai,Hyundai VenueS,2021,"53,312kms",Petrol,Manual,₹5.34 Lakh,delhi-ncr
Ford,Ford Ecosport1.5 Petrol Titanium BSIV,2019,"28,638kms",Petrol,Manual,₹5 Lakh,delhi-ncr
Tata,Tata Tiago1.2 Revotron XZA,2019,"55,085kms",Petrol,Automatic,₹3.92 Lakh,delhi-ncr
Ford,Ford EcosportTrend,2019,"83,164kms",Petrol,Manual,₹4.79 Lakh,delhi-ncr
Ford,Ford Ecosport1.5 Petrol Titanium BSIV,2019,"82,116kms",Petrol,Manual,₹4.56 Lakh,delhi-ncr
Tata,Tata Nexon1.2 Revotron XZ Plus,2019,"40,741kms",Petrol,Manual,₹4.46 Lakh,delhi-ncr
Maruti,Maruti CiazAlpha Automatic BSIV,2019,"85,255kms",Petrol,Automatic,₹5.24 Lakh,delhi-ncr
Maruti,Maruti CiazAlpha BSVI,2020,"88,508kms",Petrol,Manual,₹5.71 Lakh,delhi-ncr
Maruti,Maruti CiazAlpha BSVI,2020,"60,613kms",Petrol,Manual,₹5.64 Lakh,delhi-ncr
Tata,Tata Tiago1.2 Revotron XZ,2018,"66,938kms",Petrol,Manual,₹3.97 Lakh,delhi-ncr
Renault,Renault KWID1.0 RXT AMT Opt,2018,"46,802kms",Petrol,Automatic,₹2.75 Lakh,delhi-ncr
Honda,Honda Amaze 2nd GenVX CVT,2023,"36,870kms",Petrol,Automatic,₹7.20 Lakh,delhi-ncr
Honda,Honda CityV MT,2020,"57,142kms",Petrol,Manual,₹6.65 Lakh,delhi-ncr
Tata,Tata CurvvAccomplished S Diesel,2025,"9,601kms",Diesel,Manual,₹15.57 Lakh,delhi-ncr
Renault,Renault KWIDRXL,2019,"46,915kms",Petrol,Manual,₹2.12 Lakh,delhi-ncr
Renault,Renault KWIDRXT,2016,"41,281kms",Petrol,Manual,₹1.56 Lakh,delhi-ncr
Maruti,Maruti DzireVXI,2017,"83,786kms",Petrol,Manual,₹4.19 Lakh,delhi-ncr
Maruti,Maruti CelerioZXI,2019,"30,351kms",Petrol,Manual,₹4.06 Lakh,delhi-ncr
Tata,Tata TiagoXZ Plus BSVI,2022,"83,247kms",Petrol,Manual,₹3.41 Lakh,delhi-ncr
Maruti,Maruti Wagon RVXI Optional,2019,"53,988kms",Petrol,Manual,₹3.44 Lakh,delhi-ncr
Hyundai,Hyundai VenueS,2021,"53,312kms",Petrol,Manual,₹5.34 Lakh,delhi-ncr
Maruti,Maruti CiazAlpha BSVI,2020,"88,508kms",Petrol,Manual,₹5.71 Lakh,delhi-ncr
Maruti,Maruti CiazAlpha BSVI,2020,"60,613kms",Petrol,Manual,₹5.64 Lakh,delhi-ncr
Ford,Ford EcosportTrend,2019,"83,164kms",Petrol,Manual,₹4.79 Lakh,delhi-ncr
Ford,Ford Ecosport1.5 Petrol Titanium BSIV,2019,"82,116kms",Petrol,Manual,₹4.56 Lakh,delhi-ncr
Tata,Tata Nexon1.2 Revotron XZ Plus,2019,"40,741kms",Petrol,Manual,₹4.46 Lakh,delhi-ncr
Ford,Ford Ecosport1.5 Petrol Titanium BSIV,2019,"28,638kms",Petrol,Manual,₹5 Lakh,delhi-ncr
Maruti,Maruti CiazAlpha Automatic BSIV,2019,"85,255kms",Petrol,Automatic,₹5.24 Lakh,delhi-ncr
Tata,Tata Tiago1.2 Revotron XZ,2018,"66,938kms",Petrol,Manual,₹3.97 Lakh,delhi-ncr
Tata,Tata Tiago1.2 Revotron XZA,2019,"55,085kms",Petrol,Automatic,₹3.92 Lakh,delhi-ncr
Renault,Renault KWID1.0 RXT AMT Opt,2018,"46,802kms",Petrol,Automatic,₹2.75 Lakh,delhi-ncr
Honda,Honda Amaze 2nd GenVX CVT,2023,"36,870kms",Petrol,Automatic,₹7.20 Lakh,delhi-ncr
Honda,Honda CityV MT,2020,"57,142kms",Petrol,Manual,₹6.65 Lakh,delhi-ncr
Tata,Tata CurvvAccomplished S Diesel,2025,"9,601kms",Diesel,Manual,₹15.57 Lakh,delhi-ncr
Renault,Renault KWIDRXL,2019,"46,915kms",Petrol,Manual,₹2.12 Lakh,delhi-ncr
Renault,Renault KWIDRXT,2016,"41,281kms",Petrol,Manual,₹1.56 Lakh,delhi-ncr
Tata,Tata TiagoXZ Plus BSVI,2022,"83,247kms",Petrol,Manual,₹3.41 Lakh,delhi-ncr
Maruti,Maruti DzireVXI,2017,"83,786kms",Petrol,Manual,₹4.19 Lakh,delhi-ncr
Maruti,Maruti CelerioZXI,2019,"30,351kms",Petrol,Manual,₹4.06 Lakh,delhi-ncr
Maruti,Maruti Wagon RVXI Optional,2019,"53,988kms",Petrol,Manual,₹3.44 Lakh,delhi-ncr
Hyundai,Hyundai VenueS,2021,"53,312kms",Petrol,Manual,₹5.34 Lakh,delhi-ncr
Maruti,Maruti CiazAlpha BSVI,2020,"88,508kms",Petrol,Manual,₹5.71 Lakh,delhi-ncr
Maruti,Maruti CiazAlpha BSVI,2020,"60,613kms",Petrol,Manual,₹5.64 Lakh,delhi-ncr
Ford,Ford EcosportTrend,2019,"83,164kms",Petrol,Manual,₹4.79 Lakh,delhi-ncr
Ford,Ford Ecosport1.5 Petrol Titanium BSIV,2019,"82,116kms",Petrol,Manual,₹4.56 Lakh,delhi-ncr
Tata,Tata Nexon1.2 Revotron XZ Plus,2019,"40,741kms",Petrol,Manual,₹4.46 Lakh,delhi-ncr
Ford,Ford Ecosport1.5 Petrol Titanium BSIV,2019,"28,638kms",Petrol,Manual,₹5 Lakh,delhi-ncr
Maruti,Maruti CiazAlpha Automatic BSIV,2019,"85,255kms",Petrol,Automatic,₹5.24 Lakh,delhi-ncr
Tata,Tata Tiago1.2 Revotron XZ,2018,"66,938kms",Petrol,Manual,₹3.97 Lakh,delhi-ncr
Tata,Tata Tiago1.2 Revotron XZA,2019,"55,085kms",Petrol,Automatic,₹3.92 Lakh,delhi-ncr
Renault,Renault KWID1.0 RXT AMT Opt,2018,"46,802kms",Petrol,Automatic,₹2.75 Lakh,delhi-ncr
Honda,Honda Amaze 2nd GenVX CVT,2023,"36,870kms",Petrol,Automatic,₹7.20 Lakh,delhi-ncr
Honda,Honda CityV MT,2020,"57,142kms",Petrol,Manual,₹6.65 Lakh,delhi-ncr
Tata,Tata CurvvAccomplished S Diesel,2025,"9,601kms",Diesel,Manual,₹15.57 Lakh,delhi-ncr
Renault,Renault KWIDRXL,2019,"46,915kms",Petrol,Manual,₹2.12 Lakh,delhi-ncr
Renault,Renault KWIDRXT,2016,"41,281kms",Petrol,Manual,₹1.56 Lakh,delhi-ncr
Tata,Tata TiagoXZ Plus BSVI,2022,"83,247kms",Petrol,Manual,₹3.41 Lakh,delhi-ncr
Maruti,Maruti DzireVXI,2017,"83,786kms",Petrol,Manual,₹4.19 Lakh,delhi-ncr
Maruti,Maruti CelerioZXI,2019,"30,351kms",Petrol,Manual,₹4.06 Lakh,delhi-ncr
Maruti,Maruti Wagon RVXI Optional,2019,"53,988kms",Petrol,Manual,₹3.44 Lakh,delhi-ncr
Hyundai,Hyundai VenueS,2021,"53,312kms",Petrol,Manual,₹5.34 Lakh,delhi-ncr
Ford,Ford Ecosport1.5 Petrol Titanium BSIV,2019,"28,638kms",Petrol,Manual,₹5 Lakh,delhi-ncr
Tata,Tata Tiago1.2 Revotron XZA,2019,"55,085kms",Petrol,Automatic,₹3.92 Lakh,delhi-ncr
Ford,Ford EcosportTrend,2019,"83,164kms",Petrol,Manual,₹4.79 Lakh,delhi-ncr
Ford,Ford Ecosport1.5 Petrol Titanium BSIV,2019,"82,116kms",Petrol,Manual,₹4.56 Lakh,delhi-ncr
Tata,Tata Nexon1.2 Revotron XZ Plus,2019,"40,741kms",Petrol,Manual,₹4.46 Lakh,delhi-ncr
Maruti,Maruti CiazAlpha Automatic BSIV,2019,"85,255kms",Petrol,Automatic,₹5.24 Lakh,delhi-ncr
Maruti,Maruti CiazAlpha BSVI,2020,"88,508kms",Petrol,Manual,₹5.71 Lakh,delhi-ncr
Maruti,Maruti CiazAlpha BSVI,2020,"60,613kms",Petrol,Manual,₹5.64 Lakh,delhi-ncr
Tata,Tata Tiago1.2 Revotron XZ,2018,"66,938kms",Petrol,Manual,₹3.97 Lakh,delhi-ncr
Renault,Renault KWID1.0 RXT AMT Opt,2018,"46,802kms",Petrol,Automatic,₹2.75 Lakh,delhi-ncr
Honda,Honda Amaze 2nd GenVX CVT,2023,"36,870kms",Petrol,Automatic,₹7.20 Lakh,delhi-ncr
Honda,Honda CityV MT,2020,"57,142kms",Petrol,Manual,₹6.65 Lakh,delhi-ncr
Tata,Tata CurvvAccomplished S Diesel,2025,"9,601kms",Diesel,Manual,₹15.57 Lakh,delhi-ncr
Renault,Renault KWIDRXL,2019,"46,915kms",Petrol,Manual,₹2.12 Lakh,delhi-ncr
Renault,Renault KWIDRXT,2016,"41,281kms",Petrol,Manual,₹1.56 Lakh,delhi-ncr
Maruti,Maruti DzireVXI,2017,"83,786kms",Petrol,Manual,₹4.19 Lakh,delhi-ncr
Maruti,Maruti CelerioZXI,2019,"30,351kms",Petrol,Manual,₹4.06 Lakh,delhi-ncr
Tata,Tata TiagoXZ Plus BSVI,2022,"83,247kms",Petrol,Manual,₹3.41 Lakh,delhi-ncr
Maruti,Maruti Wagon RVXI Optional,2019,"53,988kms",Petrol,Manual,₹3.44 Lakh,delhi-ncr
Hyundai,Hyundai VenueS,2021,"53,312kms",Petrol,Manual,₹5.34 Lakh,delhi-ncr
Maruti,Maruti CiazAlpha BSVI,2020,"88,508kms",Petrol,Manual,₹5.71 Lakh,delhi-ncr
Maruti,Maruti CiazAlpha BSVI,2020,"60,613kms",Petrol,Manual,₹5.64 Lakh,delhi-ncr
Ford,Ford EcosportTrend,2019,"83,164kms",Petrol,Manual,₹4.79 Lakh,delhi-ncr
Ford,Ford Ecosport1.5 Petrol Titanium BSIV,2019,"82,116kms",Petrol,Manual,₹4.56 Lakh,delhi-ncr
Tata,Tata Nexon1.2 Revotron XZ Plus,2019,"40,741kms",Petrol,Manual,₹4.46 Lakh,delhi-ncr
Ford,Ford Ecosport1.5 Petrol Titanium BSIV,2019,"28,638kms",Petrol,Manual,₹5 Lakh,delhi-ncr
Maruti,Maruti CiazAlpha Automatic BSIV,2019,"85,255kms",Petrol,Automatic,₹5.24 Lakh,delhi-ncr
Tata,Tata Tiago1.2 Revotron XZ,2018,"66,938kms",Petrol,Manual,₹3.97 Lakh,delhi-ncr
Tata,Tata Tiago1.2 Revotron XZA,2019,"55,085kms",Petrol,Automatic,₹3.92 Lakh,delhi-ncr
Renault,Renault KWID1.0 RXT AMT Opt,2018,"46,802kms",Petrol,Automatic,₹2.75 Lakh,delhi-ncr
Honda,Honda Amaze 2nd GenVX CVT,2023,"36,870kms",Petrol,Automatic,₹7.20 Lakh,delhi-ncr
Honda,Honda CityV MT,2020,"57,142kms",Petrol,Manual,₹6.65 Lakh,delhi-ncr
Tata,Tata CurvvAccomplished S Diesel,2025,"9,601kms",Diesel,Manual,₹15.57 Lakh,delhi-ncr
Renault,Renault KWIDRXL,2019,"46,915kms",Petrol,Manual,₹2.12 Lakh,delhi-ncr
Renault,Renault KWIDRXT,2016,"41,281kms",Petrol,Manual,₹1.56 Lakh,delhi-ncr
Tata,Tata TiagoXZ Plus BSVI,2022,"83,247kms",Petrol,Manual,₹3.41 Lakh,delhi-ncr
Maruti,Maruti DzireVXI,2017,"83,786kms",Petrol,Manual,₹4.19 Lakh,delhi-ncr
Maruti,Maruti CelerioZXI,2019,"30,351kms",Petrol,Manual,₹4.06 Lakh,delhi-ncr
Maruti,Maruti Wagon RVXI Optional,2019,"53,988kms",Petrol,Manual,₹3.44 Lakh,delhi-ncr
Ford,Ford EcosportTrend,2019,"83,164kms",Petrol,Manual,₹4.79 Lakh,delhi-ncr
Hyundai,Hyundai VenueS,2021,"53,312kms",Petrol,Manual,₹5.34 Lakh,delhi-ncr
Ford,Ford Ecosport1.5 Petrol Titanium BSIV,2019,"82,116kms",Petrol,Manual,₹4.56 Lakh,delhi-ncr
Tata,Tata Nexon1.2 Revotron XZ Plus,2019,"40,741kms",Petrol,Manual,₹4.46 Lakh,delhi-ncr
Maruti,Maruti CiazAlpha Automatic BSIV,2019,"85,255kms",Petrol,Automatic,₹5.24 Lakh,delhi-ncr
Tata,Tata Tiago1.2 Revotron XZ,2018,"66,938kms",Petrol,Manual,₹3.97 Lakh,delhi-ncr
Maruti,Maruti CiazAlpha BSVI,2020,"88,508kms",Petrol,Manual,₹5.71 Lakh,delhi-ncr
Maruti,Maruti CiazAlpha BSVI,2020,"60,613kms",Petrol,Manual,₹5.64 Lakh,delhi-ncr
Tata,Tata Tiago1.2 Revotron XZA,2019,"55,085kms",Petrol,Automatic,₹3.92 Lakh,delhi-ncr
Ford,Ford Ecosport1.5 Petrol Titanium BSIV,2019,"28,638kms",Petrol,Manual,₹5 Lakh,delhi-ncr
Renault,Renault KWID1.0 RXT AMT Opt,2018,"46,802kms",Petrol,Automatic,₹2.75 Lakh,delhi-ncr
Honda,Honda Amaze 2nd GenVX CVT,2023,"36,870kms",Petrol,Automatic,₹7.20 Lakh,delhi-ncr
Honda,Honda CityV MT,2020,"57,142kms",Petrol,Manual,₹6.65 Lakh,delhi-ncr
Tata,Tata CurvvAccomplished S Diesel,2025,"9,601kms",Diesel,Manual,₹15.57 Lakh,delhi-ncr
Renault,Renault KWIDRXL,2019,"46,915kms",Petrol,Manual,₹2.12 Lakh,delhi-ncr
Renault,Renault KWIDRXT,2016,"41,281kms",Petrol,Manual,₹1.56 Lakh,delhi-ncr
Tata,Tata TiagoXZ Plus BSVI,2022,"83,247kms",Petrol,Manual,₹3.41 Lakh,delhi-ncr
Maruti,Maruti DzireVXI,2017,"83,786kms",Petrol,Manual,₹4.19 Lakh,delhi-ncr
Maruti,Maruti CelerioZXI,2019,"30,351kms",Petrol,Manual,₹4.06 Lakh,delhi-ncr
Maruti,Maruti Wagon RVXI Optional,2019,"53,988kms",Petrol,Manual,₹3.44 Lakh,delhi-ncr
Hyundai,Hyundai VenueS,2021,"53,312kms",Petrol,Manual,₹5.34 Lakh,delhi-ncr
Ford,Ford Ecosport1.5 Petrol Titanium BSIV,2019,"28,638kms",Petrol,Manual,₹5 Lakh,delhi-ncr
Tata,Tata Tiago1.2 Revotron XZA,2019,"55,085kms",Petrol,Automatic,₹3.92 Lakh,delhi-ncr
Ford,Ford EcosportTrend,2019,"83,164kms",Petrol,Manual,₹4.79 Lakh,delhi-ncr
Ford,Ford Ecosport1.5 Petrol Titanium BSIV,2019,"82,116kms",Petrol,Manual,₹4.56 Lakh,delhi-ncr
Tata,Tata Nexon1.2 Revotron XZ Plus,2019,"40,741kms",Petrol,Manual,₹4.46 Lakh,delhi-ncr
Maruti,Maruti CiazAlpha Automatic BSIV,2019,"85,255kms",Petrol,Automatic,₹5.24 Lakh,delhi-ncr
Maruti,Maruti CiazAlpha BSVI,2020,"88,508kms",Petrol,Manual,₹5.71 Lakh,delhi-ncr
Maruti,Maruti CiazAlpha BSVI,2020,"60,613kms",Petrol,Manual,₹5.64 Lakh,delhi-ncr
Tata,Tata Tiago1.2 Revotron XZ,2018,"66,938kms",Petrol,Manual,₹3.97 Lakh,delhi-ncr
Renault,Renault KWID1.0 RXT AMT Opt,2018,"46,802kms",Petrol,Automatic,₹2.75 Lakh,delhi-ncr
Honda,Honda Amaze 2nd GenVX CVT,2023,"36,870kms",Petrol,Automatic,₹7.20 Lakh,delhi-ncr
Honda,Honda CityV MT,2020,"57,142kms",Petrol,Manual,₹6.65 Lakh,delhi-ncr
Tata,Tata CurvvAccomplished S Diesel,2025,"9,601kms",Diesel,Manual,₹15.57 Lakh,delhi-ncr
Renault,Renault KWIDRXL,2019,"46,915kms",Petrol,Manual,₹2.12 Lakh,delhi-ncr
Renault,Renault KWIDRXT,2016,"41,281kms",Petrol,Manual,₹1.56 Lakh,delhi-ncr
Maruti,Maruti DzireVXI,2017,"83,786kms",Petrol,Manual,₹4.19 Lakh,delhi-ncr
Maruti,Maruti CelerioZXI,2019,"30,351kms",Petrol,Manual,₹4.06 Lakh,delhi-ncr
Tata,Tata TiagoXZ Plus BSVI,2022,"83,247kms",Petrol,Manual,₹3.41 Lakh,delhi-ncr
Maruti,Maruti Wagon RVXI Optional,2019,"53,988kms",Petrol,Manual,₹3.44 Lakh,delhi-ncr
Hyundai,Hyundai VenueS,2021,"53,312kms",Petrol,Manual,₹5.34 Lakh,delhi-ncr
Ford,Ford Ecosport1.5 Petrol Titanium BSIV,2019,"28,638kms",Petrol,Manual,₹5 Lakh,delhi-ncr
Tata,Tata Tiago1.2 Revotron XZA,2019,"55,085kms",Petrol,Automatic,₹3.92 Lakh,delhi-ncr
Ford,Ford EcosportTrend,2019,"83,164kms",Petrol,Manual,₹4.79 Lakh,delhi-ncr
Ford,Ford Ecosport1.5 Petrol Titanium BSIV,2019,"82,116kms",Petrol,Manual,₹4.56 Lakh,delhi-ncr
Tata,Tata Nexon1.2 Revotron XZ Plus,2019,"40,741kms",Petrol,Manual,₹4.46 Lakh,delhi-ncr
Maruti,Maruti CiazAlpha Automatic BSIV,2019,"85,255kms",Petrol,Automatic,₹5.24 Lakh,delhi-ncr
Maruti,Maruti CiazAlpha BSVI,2020,"88,508kms",Petrol,Manual,₹5.71 Lakh,delhi-ncr
Maruti,Maruti CiazAlpha BSVI,2020,"60,613kms",Petrol,Manual,₹5.64 Lakh,delhi-ncr
Tata,Tata Tiago1.2 Revotron XZ,2018,"66,938kms",Petrol,Manual,₹3.97 Lakh,delhi-ncr
Renault,Renault KWID1.0 RXT AMT Opt,2018,"46,802kms",Petrol,Automatic,₹2.75 Lakh,delhi-ncr
Honda,Honda Amaze 2nd GenVX CVT,2023,"36,870kms",Petrol,Automatic,₹7.20 Lakh,delhi-ncr
Honda,Honda CityV MT,2020,"57,142kms",Petrol,Manual,₹6.65 Lakh,delhi-ncr
Tata,Tata CurvvAccomplished S Diesel,2025,"9,601kms",Diesel,Manual,₹15.57 Lakh,delhi-ncr
Renault,Renault KWIDRXL,2019,"46,915kms",Petrol,Manual,₹2.12 Lakh,delhi-ncr
Renault,Renault KWIDRXT,2016,"41,281kms",Petrol,Manual,₹1.56 Lakh,delhi-ncr
Maruti,Maruti DzireVXI,2017,"83,786kms",Petrol,Manual,₹4.19 Lakh,delhi-ncr
Maruti,Maruti CelerioZXI,2019,"30,351kms",Petrol,Manual,₹4.06 Lakh,delhi-ncr
Tata,Tata TiagoXZ Plus BSVI,2022,"83,247kms",Petrol,Manual,₹3.41 Lakh,delhi-ncr
Maruti,Maruti Wagon RVXI Optional,2019,"53,988kms",Petrol,Manual,₹3.44 Lakh,delhi-ncr
Ford,Ford EcosportTrend,2019,"83,164kms",Petrol,Manual,₹4.79 Lakh,delhi-ncr
Hyundai,Hyundai VenueS,2021,"53,312kms",Petrol,Manual,₹5.34 Lakh,delhi-ncr
Ford,Ford Ecosport1.5 Petrol Titanium BSIV,2019,"82,116kms",Petrol,Manual,₹4.56 Lakh,delhi-ncr
Tata,Tata Nexon1.2 Revotron XZ Plus,2019,"40,741kms",Petrol,Manual,₹4.46 Lakh,delhi-ncr
Maruti,Maruti CiazAlpha Automatic BSIV,2019,"85,255kms",Petrol,Automatic,₹5.24 Lakh,delhi-ncr
Tata,Tata Tiago1.2 Revotron XZ,2018,"66,938kms",Petrol,Manual,₹3.97 Lakh,delhi-ncr
Maruti,Maruti CiazAlpha BSVI,2020,"88,508kms",Petrol,Manual,₹5.71 Lakh,delhi-ncr
Maruti,Maruti CiazAlpha BSVI,2020,"60,613kms",Petrol,Manual,₹5.64 Lakh,delhi-ncr
Tata,Tata Tiago1.2 Revotron XZA,2019,"55,085kms",Petrol,Automatic,₹3.92 Lakh,delhi-ncr
Ford,Ford Ecosport1.5 Petrol Titanium BSIV,2019,"28,638kms",Petrol,Manual,₹5 Lakh,delhi-ncr
Renault,Renault KWID1.0 RXT AMT Opt,2018,"46,802kms",Petrol,Automatic,₹2.75 Lakh,delhi-ncr
Honda,Honda Amaze 2nd GenVX CVT,2023,"36,870kms",Petrol,Automatic,₹7.20 Lakh,delhi-ncr
Honda,Honda CityV MT,2020,"57,142kms",Petrol,Manual,₹6.65 Lakh,delhi-ncr
Tata,Tata CurvvAccomplished S Diesel,2025,"9,601kms",Diesel,Manual,₹15.57 Lakh,delhi-ncr
Renault,Renault KWIDRXL,2019,"46,915kms",Petrol,Manual,₹2.12 Lakh,delhi-ncr
Renault,Renault KWIDRXT,2016,"41,281kms",Petrol,Manual,₹1.56 Lakh,delhi-ncr
Tata,Tata TiagoXZ Plus BSVI,2022,"83,247kms",Petrol,Manual,₹3.41 Lakh,delhi-ncr
Maruti,Maruti DzireVXI,2017,"83,786kms",Petrol,Manual,₹4.19 Lakh,delhi-ncr
Maruti,Maruti CelerioZXI,2019,"30,351kms",Petrol,Manual,₹4.06 Lakh,delhi-ncr
Maruti,Maruti Wagon RVXI Optional,2019,"53,988kms",Petrol,Manual,₹3.44 Lakh,delhi-ncr
Hyundai,Hyundai VenueS,2021,"53,312kms",Petrol,Manual,₹5.34 Lakh,delhi-ncr
Maruti,Maruti CiazAlpha BSVI,2020,"88,508kms",Petrol,Manual,₹5.71 Lakh,delhi-ncr
Maruti,Maruti CiazAlpha BSVI,2020,"60,613kms",Petrol,Manual,₹5.64 Lakh,delhi-ncr
Ford,Ford EcosportTrend,2019,"83,164kms",Petrol,Manual,₹4.79 Lakh,delhi-ncr
Ford,Ford Ecosport1.5 Petrol Titanium BSIV,2019,"82,116kms",Petrol,Manual,₹4.56 Lakh,delhi-ncr
Tata,Tata Nexon1.2 Revotron XZ Plus,2019,"40,741kms",Petrol,Manual,₹4.46 Lakh,delhi-ncr
Ford,Ford Ecosport1.5 Petrol Titanium BSIV,2019,"28,638kms",Petrol,Manual,₹5 Lakh,delhi-ncr
Maruti,Maruti CiazAlpha Automatic BSIV,2019,"85,255kms",Petrol,Automatic,₹5.24 Lakh,delhi-ncr
Tata,Tata Tiago1.2 Revotron XZ,2018,"66,938kms",Petrol,Manual,₹3.97 Lakh,delhi-ncr
Tata,Tata Tiago1.2 Revotron XZA,2019,"55,085kms",Petrol,Automatic,₹3.92 Lakh,delhi-ncr
Renault,Renault KWID1.0 RXT AMT Opt,2018,"46,802kms",Petrol,Automatic,₹2.75 Lakh,delhi-ncr
Honda,Honda Amaze 2nd GenVX CVT,2023,"36,870kms",Petrol,Automatic,₹7.20 Lakh,delhi-ncr
Honda,Honda CityV MT,2020,"57,142kms",Petrol,Manual,₹6.65 Lakh,delhi-ncr
Tata,Tata CurvvAccomplished S Diesel,2025,"9,601kms",Diesel,Manual,₹15.57 Lakh,delhi-ncr
Renault,Renault KWIDRXL,2019,"46,915kms",Petrol,Manual,₹2.12 Lakh,delhi-ncr
Renault,Renault KWIDRXT,2016,"41,281kms",Petrol,Manual,₹1.56 Lakh,delhi-ncr
Tata,Tata TiagoXZ Plus BSVI,2022,"83,247kms",Petrol,Manual,₹3.41 Lakh,delhi-ncr
Maruti,Maruti DzireVXI,2017,"83,786kms",Petrol,Manual,₹4.19 Lakh,delhi-ncr
Maruti,Maruti CelerioZXI,2019,"30,351kms",Petrol,Manual,₹4.06 Lakh,delhi-ncr
Maruti,Maruti Wagon RVXI Optional,2019,"53,988kms",Petrol,Manual,₹3.44 Lakh,delhi-ncr
Hyundai,Hyundai VenueS,2021,"53,312kms",Petrol,Manual,₹5.34 Lakh,delhi-ncr
Maruti,Maruti CiazAlpha BSVI,2020,"88,508kms",Petrol,Manual,₹5.71 Lakh,delhi-ncr
Maruti,Maruti CiazAlpha BSVI,2020,"60,613kms",Petrol,Manual,₹5.64 Lakh,delhi-ncr
Ford,Ford EcosportTrend,2019,"83,164kms",Petrol,Manual,₹4.79 Lakh,delhi-ncr
Ford,Ford Ecosport1.5 Petrol Titanium BSIV,2019,"82,116kms",Petrol,Manual,₹4.56 Lakh,delhi-ncr
Tata,Tata Nexon1.2 Revotron XZ Plus,2019,"40,741kms",Petrol,Manual,₹4.46 Lakh,delhi-ncr
Ford,Ford Ecosport1.5 Petrol Titanium BSIV,2019,"28,638kms",Petrol,Manual,₹5 Lakh,delhi-ncr
Maruti,Maruti CiazAlpha Automatic BSIV,2019,"85,255kms",Petrol,Automatic,₹5.24 Lakh,delhi-ncr
Tata,Tata Tiago1.2 Revotron XZ,2018,"66,938kms",Petrol,Manual,₹3.97 Lakh,delhi-ncr
Tata,Tata Tiago1.2 Revotron XZA,2019,"55,085kms",Petrol,Automatic,₹3.92 Lakh,delhi-ncr
Renault,Renault KWID1.0 RXT AMT Opt,2018,"46,802kms",Petrol,Automatic,₹2.75 Lakh,delhi-ncr
Honda,Honda Amaze 2nd GenVX CVT,2023,"36,870kms",Petrol,Automatic,₹7.20 Lakh,delhi-ncr
Honda,Honda CityV MT,2020,"57,142kms",Petrol,Manual,₹6.65 Lakh,delhi-ncr
Tata,Tata CurvvAccomplished S Diesel,2025,"9,601kms",Diesel,Manual,₹15.57 Lakh,delhi-ncr
Renault,Renault KWIDRXL,2019,"46,915kms",Petrol,Manual,₹2.12 Lakh,delhi-ncr
Renault,Renault KWIDRXT,2016,"41,281kms",Petrol,Manual,₹1.56 Lakh,delhi-ncr
Tata,Tata TiagoXZ Plus BSVI,2022,"83,247kms",Petrol,Manual,₹3.41 Lakh,delhi-ncr
Maruti,Maruti DzireVXI,2017,"83,786kms",Petrol,Manual,₹4.19 Lakh,delhi-ncr
Maruti,Maruti CelerioZXI,2019,"30,351kms",Petrol,Manual,₹4.06 Lakh,delhi-ncr
Maruti,Maruti Wagon RVXI Optional,2019,"53,988kms",Petrol,Manual,₹3.44 Lakh,delhi-ncr
Hyundai,Hyundai VenueS,2021,"53,312kms",Petrol,Manual,₹5.34 Lakh,delhi-ncr
Ford,Ford Ecosport1.5 Petrol Titanium BSIV,2019,"28,638kms",Petrol,Manual,₹5 Lakh,delhi-ncr
Tata,Tata Tiago1.2 Revotron XZA,2019,"55,085kms",Petrol,Automatic,₹3.92 Lakh,delhi-ncr
Ford,Ford EcosportTrend,2019,"83,164kms",Petrol,Manual,₹4.79 Lakh,delhi-ncr
Ford,Ford Ecosport1.5 Petrol Titanium BSIV,2019,"82,116kms",Petrol,Manual,₹4.56 Lakh,delhi-ncr
Tata,Tata Nexon1.2 Revotron XZ Plus,2019,"40,741kms",Petrol,Manual,₹4.46 Lakh,delhi-ncr
Maruti,Maruti CiazAlpha Automatic BSIV,2019,"85,255kms",Petrol,Automatic,₹5.24 Lakh,delhi-ncr
Maruti,Maruti CiazAlpha BSVI,2020,"88,508kms",Petrol,Manual,₹5.71 Lakh,delhi-ncr
Maruti,Maruti CiazAlpha BSVI,2020,"60,613kms",Petrol,Manual,₹5.64 Lakh,delhi-ncr
Tata,Tata Tiago1.2 Revotron XZ,2018,"66,938kms",Petrol,Manual,₹3.97 Lakh,delhi-ncr
Renault,Renault KWID1.0 RXT AMT Opt,2018,"46,802kms",Petrol,Automatic,₹2.75 Lakh,delhi-ncr
Honda,Honda Amaze 2nd GenVX CVT,2023,"36,870kms",Petrol,Automatic,₹7.20 Lakh,delhi-ncr
Honda,Honda CityV MT,2020,"57,142kms",Petrol,Manual,₹6.65 Lakh,delhi-ncr
Tata,Tata CurvvAccomplished S Diesel,2025,"9,601kms",Diesel,Manual,₹15.57 Lakh,delhi-ncr
Renault,Renault KWIDRXL,2019,"46,915kms",Petrol,Manual,₹2.12 Lakh,delhi-ncr
Renault,Renault KWIDRXT,2016,"41,281kms",Petrol,Manual,₹1.56 Lakh,delhi-ncr
Maruti,Maruti DzireVXI,2017,"83,786kms",Petrol,Manual,₹4.19 Lakh,delhi-ncr
Maruti,Maruti CelerioZXI,2019,"30,351kms",Petrol,Manual,₹4.06 Lakh,delhi-ncr
Tata,Tata TiagoXZ Plus BSVI,2022,"83,247kms",Petrol,Manual,₹3.41 Lakh,delhi-ncr
Maruti,Maruti Wagon RVXI Optional,2019,"53,988kms",Petrol,Manual,₹3.44 Lakh,delhi-ncr
Hyundai,Hyundai VenueS,2021,"53,312kms",Petrol,Manual,₹5.34 Lakh,delhi-ncr
Maruti,Maruti CiazAlpha BSVI,2020,"88,508kms",Petrol,Manual,₹5.71 Lakh,delhi-ncr
Maruti,Maruti CiazAlpha BSVI,2020,"60,613kms",Petrol,Manual,₹5.64 Lakh,delhi-ncr
Ford,Ford EcosportTrend,2019,"83,164kms",Petrol,Manual,₹4.79 Lakh,delhi-ncr
Ford,Ford Ecosport1.5 Petrol Titanium BSIV,2019,"82,116kms",Petrol,Manual,₹4.56 Lakh,delhi-ncr
Tata,Tata Nexon1.2 Revotron XZ Plus,2019,"40,741kms",Petrol,Manual,₹4.46 Lakh,delhi-ncr
Ford,Ford Ecosport1.5 Petrol Titanium BSIV,2019,"28,638kms",Petrol,Manual,₹5 Lakh,delhi-ncr
Maruti,Maruti CiazAlpha Automatic BSIV,2019,"85,255kms",Petrol,Automatic,₹5.24 Lakh,delhi-ncr
Tata,Tata Tiago1.2 Revotron XZ,2018,"66,938kms",Petrol,Manual,₹3.97 Lakh,delhi-ncr
Tata,Tata Tiago1.2 Revotron XZA,2019,"55,085kms",Petrol,Automatic,₹3.92 Lakh,delhi-ncr
Renault,Renault KWID1.0 RXT AMT Opt,2018,"46,802kms",Petrol,Automatic,₹2.75 Lakh,delhi-ncr
Honda,Honda Amaze 2nd GenVX CVT,2023,"36,870kms",Petrol,Automatic,₹7.20 Lakh,delhi-ncr
Honda,Honda CityV MT,2020,"57,142kms",Petrol,Manual,₹6.65 Lakh,delhi-ncr
Tata,Tata CurvvAccomplished S Diesel,2025,"9,601kms",Diesel,Manual,₹15.57 Lakh,delhi-ncr
Renault,Renault KWIDRXL,2019,"46,915kms",Petrol,Manual,₹2.12 Lakh,delhi-ncr
Renault,Renault KWIDRXT,2016,"41,281kms",Petrol,Manual,₹1.56 Lakh,delhi-ncr
Tata,Tata TiagoXZ Plus BSVI,2022,"83,247kms",Petrol,Manual,₹3.41 Lakh,delhi-ncr
Maruti,Maruti DzireVXI,2017,"83,786kms",Petrol,Manual,₹4.19 Lakh,delhi-ncr
Maruti,Maruti CelerioZXI,2019,"30,351kms",Petrol,Manual,₹4.06 Lakh,delhi-ncr
Maruti,Maruti Wagon RVXI Optional,2019,"53,988kms",Petrol,Manual,₹3.44 Lakh,delhi-ncr
Hyundai,Hyundai VenueS,2021,"53,312kms",Petrol,Manual,₹5.34 Lakh,delhi-ncr
Ford,Ford Ecosport1.5 Petrol Titanium BSIV,2019,"28,638kms",Petrol,Manual,₹5 Lakh,delhi-ncr
Tata,Tata Tiago1.2 Revotron XZA,2019,"55,085kms",Petrol,Automatic,₹3.92 Lakh,delhi-ncr
Ford,Ford EcosportTrend,2019,"83,164kms",Petrol,Manual,₹4.79 Lakh,delhi-ncr
Ford,Ford Ecosport1.5 Petrol Titanium BSIV,2019,"82,116kms",Petrol,Manual,₹4.56 Lakh,delhi-ncr
Tata,Tata Nexon1.2 Revotron XZ Plus,2019,"40,741kms",Petrol,Manual,₹4.46 Lakh,delhi-ncr
Maruti,Maruti CiazAlpha Automatic BSIV,2019,"85,255kms",Petrol,Automatic,₹5.24 Lakh,delhi-ncr
Maruti,Maruti CiazAlpha BSVI,2020,"88,508kms",Petrol,Manual,₹5.71 Lakh,delhi-ncr
Maruti,Maruti CiazAlpha BSVI,2020,"60,613kms",Petrol,Manual,₹5.64 Lakh,delhi-ncr
Tata,Tata Tiago1.2 Revotron XZ,2018,"66,938kms",Petrol,Manual,₹3.97 Lakh,delhi-ncr
Renault,Renault KWID1.0 RXT AMT Opt,2018,"46,802kms",Petrol,Automatic,₹2.75 Lakh,delhi-ncr
Honda,Honda Amaze 2nd GenVX CVT,2023,"36,870kms",Petrol,Automatic,₹7.20 Lakh,delhi-ncr
Honda,Honda CityV MT,2020,"57,142kms",Petrol,Manual,₹6.65 Lakh,delhi-ncr
Tata,Tata CurvvAccomplished S Diesel,2025,"9,601kms",Diesel,Manual,₹15.57 Lakh,delhi-ncr
Renault,Renault KWIDRXL,2019,"46,915kms",Petrol,Manual,₹2.12 Lakh,delhi-ncr
Renault,Renault KWIDRXT,2016,"41,281kms",Petrol,Manual,₹1.56 Lakh,delhi-ncr
Maruti,Maruti DzireVXI,2017,"83,786kms",Petrol,Manual,₹4.19 Lakh,delhi-ncr
Maruti,Maruti CelerioZXI,2019,"30,351kms",Petrol,Manual,₹4.06 Lakh,delhi-ncr
Tata,Tata TiagoXZ Plus BSVI,2022,"83,247kms",Petrol,Manual,₹3.41 Lakh,delhi-ncr
Maruti,Maruti Wagon RVXI Optional,2019,"53,988kms",Petrol,Manual,₹3.44 Lakh,delhi-ncr
Hyundai,Hyundai VenueS,2021,"53,312kms",Petrol,Manual,₹5.34 Lakh,delhi-ncr
Ford,Ford Ecosport1.5 Petrol Titanium BSIV,2019,"28,638kms",Petrol,Manual,₹5 Lakh,delhi-ncr
Tata,Tata Tiago1.2 Revotron XZA,2019,"55,085kms",Petrol,Automatic,₹3.92 Lakh,delhi-ncr
Ford,Ford EcosportTrend,2019,"83,164kms",Petrol,Manual,₹4.79 Lakh,delhi-ncr
Ford,Ford Ecosport1.5 Petrol Titanium BSIV,2019,"82,116kms",Petrol,Manual,₹4.56 Lakh,delhi-ncr
Tata,Tata Nexon1.2 Revotron XZ Plus,2019,"40,741kms",Petrol,Manual,₹4.46 Lakh,delhi-ncr
Maruti,Maruti CiazAlpha Automatic BSIV,2019,"85,255kms",Petrol,Automatic,₹5.24 Lakh,delhi-ncr
Maruti,Maruti CiazAlpha BSVI,2020,"88,508kms",Petrol,Manual,₹5.71 Lakh,delhi-ncr
Maruti,Maruti CiazAlpha BSVI,2020,"60,613kms",Petrol,Manual,₹5.64 Lakh,delhi-ncr
Tata,Tata Tiago1.2 Revotron XZ,2018,"66,938kms",Petrol,Manual,₹3.97 Lakh,delhi-ncr
Renault,Renault KWID1.0 RXT AMT Opt,2018,"46,802kms",Petrol,Automatic,₹2.75 Lakh,delhi-ncr
Honda,Honda Amaze 2nd GenVX CVT,2023,"36,870kms",Petrol,Automatic,₹7.20 Lakh,delhi-ncr
Honda,Honda CityV MT,2020,"57,142kms",Petrol,Manual,₹6.65 Lakh,delhi-ncr
Tata,Tata CurvvAccomplished S Diesel,2025,"9,601kms",Diesel,Manual,₹15.57 Lakh,delhi-ncr
Renault,Renault KWIDRXL,2019,"46,915kms",Petrol,Manual,₹2.12 Lakh,delhi-ncr
Renault,Renault KWIDRXT,2016,"41,281kms",Petrol,Manual,₹1.56 Lakh,delhi-ncr
Maruti,Maruti DzireVXI,2017,"83,786kms",Petrol,Manual,₹4.19 Lakh,delhi-ncr
Maruti,Maruti CelerioZXI,2019,"30,351kms",Petrol,Manual,₹4.06 Lakh,delhi-ncr
Tata,Tata TiagoXZ Plus BSVI,2022,"83,247kms",Petrol,Manual,₹3.41 Lakh,delhi-ncr
Maruti,Maruti Wagon RVXI Optional,2019,"53,988kms",Petrol,Manual,₹3.44 Lakh,delhi-ncr
Hyundai,Hyundai VenueS,2021,"53,312kms",Petrol,Manual,₹5.34 Lakh,delhi-ncr
Ford,Ford Ecosport1.5 Petrol Titanium BSIV,2019,"28,638kms",Petrol,Manual,₹5 Lakh,delhi-ncr
Tata,Tata Tiago1.2 Revotron XZA,2019,"55,085kms",Petrol,Automatic,₹3.92 Lakh,delhi-ncr
Ford,Ford EcosportTrend,2019,"83,164kms",Petrol,Manual,₹4.79 Lakh,delhi-ncr
Ford,Ford Ecosport1.5 Petrol Titanium BSIV,2019,"82,116kms",Petrol,Manual,₹4.56 Lakh,delhi-ncr
Tata,Tata Nexon1.2 Revotron XZ Plus,2019,"40,741kms",Petrol,Manual,₹4.46 Lakh,delhi-ncr
Maruti,Maruti CiazAlpha Automatic BSIV,2019,"85,255kms",Petrol,Automatic,₹5.24 Lakh,delhi-ncr
Maruti,Maruti CiazAlpha BSVI,2020,"88,508kms",Petrol,Manual,₹5.71 Lakh,delhi-ncr
Maruti,Maruti CiazAlpha BSVI,2020,"60,613kms",Petrol,Manual,₹5.64 Lakh,delhi-ncr
Tata,Tata Tiago1.2 Revotron XZ,2018,"66,938kms",Petrol,Manual,₹3.97 Lakh,delhi-ncr
Renault,Renault KWID1.0 RXT AMT Opt,2018,"46,802kms",Petrol,Automatic,₹2.75 Lakh,delhi-ncr
Honda,Honda Amaze 2nd GenVX CVT,2023,"36,870kms",Petrol,Automatic,₹7.20 Lakh,delhi-ncr
Honda,Honda CityV MT,2020,"57,142kms",Petrol,Manual,₹6.65 Lakh,delhi-ncr
Tata,Tata CurvvAccomplished S Diesel,2025,"9,601kms",Diesel,Manual,₹15.57 Lakh,delhi-ncr
Renault,Renault KWIDRXL,2019,"46,915kms",Petrol,Manual,₹2.12 Lakh,delhi-ncr
Renault,Renault KWIDRXT,2016,"41,281kms",Petrol,Manual,₹1.56 Lakh,delhi-ncr
Maruti,Maruti DzireVXI,2017,"83,786kms",Petrol,Manual,₹4.19 Lakh,delhi-ncr
Maruti,Maruti CelerioZXI,2019,"30,351kms",Petrol,Manual,₹4.06 Lakh,delhi-ncr
Tata,Tata TiagoXZ Plus BSVI,2022,"83,247kms",Petrol,Manual,₹3.41 Lakh,delhi-ncr
Maruti,Maruti Wagon RVXI Optional,2019,"53,988kms",Petrol,Manual,₹3.44 Lakh,delhi-ncr
Hyundai,Hyundai VenueS,2021,"53,312kms",Petrol,Manual,₹5.34 Lakh,delhi-ncr
Maruti,Maruti CiazAlpha BSVI,2020,"88,508kms",Petrol,Manual,₹5.71 Lakh,delhi-ncr
Maruti,Maruti CiazAlpha BSVI,2020,"60,613kms",Petrol,Manual,₹5.64 Lakh,delhi-ncr
Ford,Ford EcosportTrend,2019,"83,164kms",Petrol,Manual,₹4.79 Lakh,delhi-ncr
Ford,Ford Ecosport1.5 Petrol Titanium BSIV,2019,"82,116kms",Petrol,Manual,₹4.56 Lakh,delhi-ncr
Tata,Tata Nexon1.2 Revotron XZ Plus,2019,"40,741kms",Petrol,Manual,₹4.46 Lakh,delhi-ncr
Ford,Ford Ecosport1.5 Petrol Titanium BSIV,2019,"28,638kms",Petrol,Manual,₹5 Lakh,delhi-ncr
Maruti,Maruti CiazAlpha Automatic BSIV,2019,"85,255kms",Petrol,Automatic,₹5.24 Lakh,delhi-ncr
Tata,Tata Tiago1.2 Revotron XZ,2018,"66,938kms",Petrol,Manual,₹3.97 Lakh,delhi-ncr
Tata,Tata Tiago1.2 Revotron XZA,2019,"55,085kms",Petrol,Automatic,₹3.92 Lakh,delhi-ncr
Renault,Renault KWID1.0 RXT AMT Opt,2018,"46,802kms",Petrol,Automatic,₹2.75 Lakh,delhi-ncr
Honda,Honda Amaze 2nd GenVX CVT,2023,"36,870kms",Petrol,Automatic,₹7.20 Lakh,delhi-ncr
Honda,Honda CityV MT,2020,"57,142kms",Petrol,Manual,₹6.65 Lakh,delhi-ncr
Tata,Tata CurvvAccomplished S Diesel,2025,"9,601kms",Diesel,Manual,₹15.57 Lakh,delhi-ncr
Renault,Renault KWIDRXL,2019,"46,915kms",Petrol,Manual,₹2.12 Lakh,delhi-ncr
Renault,Renault KWIDRXT,2016,"41,281kms",Petrol,Manual,₹1.56 Lakh,delhi-ncr
Tata,Tata TiagoXZ Plus BSVI,2022,"83,247kms",Petrol,Manual,₹3.41 Lakh,delhi-ncr
Maruti,Maruti DzireVXI,2017,"83,786kms",Petrol,Manual,₹4.19 Lakh,delhi-ncr
Maruti,Maruti CelerioZXI,2019,"30,351kms",Petrol,Manual,₹4.06 Lakh,delhi-ncr
Maruti,Maruti Wagon RVXI Optional,2019,"53,988kms",Petrol,Manual,₹3.44 Lakh,delhi-ncr
Hyundai,Hyundai VenueS,2021,"53,312kms",Petrol,Manual,₹5.34 Lakh,delhi-ncr
Ford,Ford Ecosport1.5 Petrol Titanium BSIV,2019,"28,638kms",Petrol,Manual,₹5 Lakh,delhi-ncr
Tata,Tata Tiago1.2 Revotron XZA,2019,"55,085kms",Petrol,Automatic,₹3.92 Lakh,delhi-ncr
Ford,Ford EcosportTrend,2019,"83,164kms",Petrol,Manual,₹4.79 Lakh,delhi-ncr
Ford,Ford Ecosport1.5 Petrol Titanium BSIV,2019,"82,116kms",Petrol,Manual,₹4.56 Lakh,delhi-ncr
Tata,Tata Nexon1.2 Revotron XZ Plus,2019,"40,741kms",Petrol,Manual,₹4.46 Lakh,delhi-ncr
Maruti,Maruti CiazAlpha Automatic BSIV,2019,"85,255kms",Petrol,Automatic,₹5.24 Lakh,delhi-ncr
Maruti,Maruti CiazAlpha BSVI,2020,"88,508kms",Petrol,Manual,₹5.71 Lakh,delhi-ncr
Maruti,Maruti CiazAlpha BSVI,2020,"60,613kms",Petrol,Manual,₹5.64 Lakh,delhi-ncr
Tata,Tata Tiago1.2 Revotron XZ,2018,"66,938kms",Petrol,Manual,₹3.97 Lakh,delhi-ncr
Renault,Renault KWID1.0 RXT AMT Opt,2018,"46,802kms",Petrol,Automatic,₹2.75 Lakh,delhi-ncr
Honda,Honda Amaze 2nd GenVX CVT,2023,"36,870kms",Petrol,Automatic,₹7.20 Lakh,delhi-ncr
Honda,Honda CityV MT,2020,"57,142kms",Petrol,Manual,₹6.65 Lakh,delhi-ncr
Tata,Tata CurvvAccomplished S Diesel,2025,"9,601kms",Diesel,Manual,₹15.57 Lakh,delhi-ncr
Renault,Renault KWIDRXL,2019,"46,915kms",Petrol,Manual,₹2.12 Lakh,delhi-ncr
Renault,Renault KWIDRXT,2016,"41,281kms",Petrol,Manual,₹1.56 Lakh,delhi-ncr
Maruti,Maruti DzireVXI,2017,"83,786kms",Petrol,Manual,₹4.19 Lakh,delhi-ncr
Maruti,Maruti CelerioZXI,2019,"30,351kms",Petrol,Manual,₹4.06 Lakh,delhi-ncr
Tata,Tata TiagoXZ Plus BSVI,2022,"83,247kms",Petrol,Manual,₹3.41 Lakh,delhi-ncr
Maruti,Maruti Wagon RVXI Optional,2019,"53,988kms",Petrol,Manual,₹3.44 Lakh,delhi-ncr
Ford,Ford EcosportTrend,2019,"83,164kms",Petrol,Manual,₹4.79 Lakh,delhi-ncr
Hyundai,Hyundai VenueS,2021,"53,312kms",Petrol,Manual,₹5.34 Lakh,delhi-ncr
Ford,Ford Ecosport1.5 Petrol Titanium BSIV,2019,"82,116kms",Petrol,Manual,₹4.56 Lakh,delhi-ncr
Tata,Tata Nexon1.2 Revotron XZ Plus,2019,"40,741kms",Petrol,Manual,₹4.46 Lakh,delhi-ncr
Maruti,Maruti CiazAlpha Automatic BSIV,2019,"85,255kms",Petrol,Automatic,₹5.24 Lakh,delhi-ncr
Tata,Tata Tiago1.2 Revotron XZ,2018,"66,938kms",Petrol,Manual,₹3.97 Lakh,delhi-ncr
Maruti,Maruti CiazAlpha BSVI,2020,"88,508kms",Petrol,Manual,₹5.71 Lakh,delhi-ncr
Maruti,Maruti CiazAlpha BSVI,2020,"60,613kms",Petrol,Manual,₹5.64 Lakh,delhi-ncr
Tata,Tata Tiago1.2 Revotron XZA,2019,"55,085kms",Petrol,Automatic,₹3.92 Lakh,delhi-ncr
Ford,Ford Ecosport1.5 Petrol Titanium BSIV,2019,"28,638kms",Petrol,Manual,₹5 Lakh,delhi-ncr
Renault,Renault KWID1.0 RXT AMT Opt,2018,"46,802kms",Petrol,Automatic,₹2.75 Lakh,delhi-ncr
Honda,Honda Amaze 2nd GenVX CVT,2023,"36,870kms",Petrol,Automatic,₹7.20 Lakh,delhi-ncr
Honda,Honda CityV MT,2020,"57,142kms",Petrol,Manual,₹6.65 Lakh,delhi-ncr
Tata,Tata CurvvAccomplished S Diesel,2025,"9,601kms",Diesel,Manual,₹15.57 Lakh,delhi-ncr
Renault,Renault KWIDRXL,2019,"46,915kms",Petrol,Manual,₹2.12 Lakh,delhi-ncr
Renault,Renault KWIDRXT,2016,"41,281kms",Petrol,Manual,₹1.56 Lakh,delhi-ncr
Tata,Tata TiagoXZ Plus BSVI,2022,"83,247kms",Petrol,Manual,₹3.41 Lakh,delhi-ncr
Maruti,Maruti DzireVXI,2017,"83,786kms",Petrol,Manual,₹4.19 Lakh,delhi-ncr
Maruti,Maruti CelerioZXI,2019,"30,351kms",Petrol,Manual,₹4.06 Lakh,delhi-ncr
Maruti,Maruti Wagon RVXI Optional,2019,"53,988kms",Petrol,Manual,₹3.44 Lakh,delhi-ncr
Hyundai,Hyundai VenueS,2021,"53,312kms",Petrol,Manual,₹5.34 Lakh,delhi-ncr
Maruti,Maruti CiazAlpha BSVI,2020,"88,508kms",Petrol,Manual,₹5.71 Lakh,delhi-ncr
Maruti,Maruti CiazAlpha BSVI,2020,"60,613kms",Petrol,Manual,₹5.64 Lakh,delhi-ncr
Ford,Ford EcosportTrend,2019,"83,164kms",Petrol,Manual,₹4.79 Lakh,delhi-ncr
Ford,Ford Ecosport1.5 Petrol Titanium BSIV,2019,"82,116kms",Petrol,Manual,₹4.56 Lakh,delhi-ncr
Tata,Tata Nexon1.2 Revotron XZ Plus,2019,"40,741kms",Petrol,Manual,₹4.46 Lakh,delhi-ncr
Ford,Ford Ecosport1.5 Petrol Titanium BSIV,2019,"28,638kms",Petrol,Manual,₹5 Lakh,delhi-ncr
Maruti,Maruti CiazAlpha Automatic BSIV,2019,"85,255kms",Petrol,Automatic,₹5.24 Lakh,delhi-ncr
Tata,Tata Tiago1.2 Revotron XZ,2018,"66,938kms",Petrol,Manual,₹3.97 Lakh,delhi-ncr
Tata,Tata Tiago1.2 Revotron XZA,2019,"55,085kms",Petrol,Automatic,₹3.92 Lakh,delhi-ncr
Renault,Renault KWID1.0 RXT AMT Opt,2018,"46,802kms",Petrol,Automatic,₹2.75 Lakh,delhi-ncr
Honda,Honda Amaze 2nd GenVX CVT,2023,"36,870kms",Petrol,Automatic,₹7.20 Lakh,delhi-ncr
Honda,Honda CityV MT,2020,"57,142kms",Petrol,Manual,₹6.65 Lakh,delhi-ncr
Tata,Tata CurvvAccomplished S Diesel,2025,"9,601kms",Diesel,Manual,₹15.57 Lakh,delhi-ncr
Renault,Renault KWIDRXL,2019,"46,915kms",Petrol,Manual,₹2.12 Lakh,delhi-ncr
Renault,Renault KWIDRXT,2016,"41,281kms",Petrol,Manual,₹1.56 Lakh,delhi-ncr
Tata,Tata TiagoXZ Plus BSVI,2022,"83,247kms",Petrol,Manual,₹3.41 Lakh,delhi-ncr
Maruti,Maruti DzireVXI,2017,"83,786kms",Petrol,Manual,₹4.19 Lakh,delhi-ncr
Maruti,Maruti CelerioZXI,2019,"30,351kms",Petrol,Manual,₹4.06 Lakh,delhi-ncr
Maruti,Maruti Wagon RVXI Optional,2019,"53,988kms",Petrol,Manual,₹3.44 Lakh,delhi-ncr
Ford,Ford EcosportTrend,2019,"83,164kms",Petrol,Manual,₹4.79 Lakh,delhi-ncr
Hyundai,Hyundai VenueS,2021,"53,312kms",Petrol,Manual,₹5.34 Lakh,delhi-ncr
Ford,Ford Ecosport1.5 Petrol Titanium BSIV,2019,"82,116kms",Petrol,Manual,₹4.56 Lakh,delhi-ncr
Tata,Tata Nexon1.2 Revotron XZ Plus,2019,"40,741kms",Petrol,Manual,₹4.46 Lakh,delhi-ncr
Maruti,Maruti CiazAlpha Automatic BSIV,2019,"85,255kms",Petrol,Automatic,₹5.24 Lakh,delhi-ncr
Tata,Tata Tiago1.2 Revotron XZ,2018,"66,938kms",Petrol,Manual,₹3.97 Lakh,delhi-ncr
Maruti,Maruti CiazAlpha BSVI,2020,"88,508kms",Petrol,Manual,₹5.71 Lakh,delhi-ncr
Maruti,Maruti CiazAlpha BSVI,2020,"60,613kms",Petrol,Manual,₹5.64 Lakh,delhi-ncr
Tata,Tata Tiago1.2 Revotron XZA,2019,"55,085kms",Petrol,Automatic,₹3.92 Lakh,delhi-ncr
Ford,Ford Ecosport1.5 Petrol Titanium BSIV,2019,"28,638kms",Petrol,Manual,₹5 Lakh,delhi-ncr
Renault,Renault KWID1.0 RXT AMT Opt,2018,"46,802kms",Petrol,Automatic,₹2.75 Lakh,delhi-ncr
Honda,Honda Amaze 2nd GenVX CVT,2023,"36,870kms",Petrol,Automatic,₹7.20 Lakh,delhi-ncr
Honda,Honda CityV MT,2020,"57,142kms",Petrol,Manual,₹6.65 Lakh,delhi-ncr
Tata,Tata CurvvAccomplished S Diesel,2025,"9,601kms",Diesel,Manual,₹15.57 Lakh,delhi-ncr
Renault,Renault KWIDRXL,2019,"46,915kms",Petrol,Manual,₹2.12 Lakh,delhi-ncr
Renault,Renault KWIDRXT,2016,"41,281kms",Petrol,Manual,₹1.56 Lakh,delhi-ncr
Tata,Tata TiagoXZ Plus BSVI,2022,"83,247kms",Petrol,Manual,₹3.41 Lakh,delhi-ncr
Maruti,Maruti DzireVXI,2017,"83,786kms",Petrol,Manual,₹4.19 Lakh,delhi-ncr
Maruti,Maruti CelerioZXI,2019,"30,351kms",Petrol,Manual,₹4.06 Lakh,delhi-ncr
Maruti,Maruti Wagon RVXI Optional,2019,"53,988kms",Petrol,Manual,₹3.44 Lakh,delhi-ncr
Hyundai,Hyundai VenueS,2021,"53,312kms",Petrol,Manual,₹5.34 Lakh,delhi-ncr
Maruti,Maruti CiazAlpha BSVI,2020,"88,508kms",Petrol,Manual,₹5.71 Lakh,delhi-ncr
Maruti,Maruti CiazAlpha BSVI,2020,"60,613kms",Petrol,Manual,₹5.64 Lakh,delhi-ncr
Ford,Ford EcosportTrend,2019,"83,164kms",Petrol,Manual,₹4.79 Lakh,delhi-ncr
Ford,Ford Ecosport1.5 Petrol Titanium BSIV,2019,"82,116kms",Petrol,Manual,₹4.56 Lakh,delhi-ncr
Tata,Tata Nexon1.2 Revotron XZ Plus,2019,"40,741kms",Petrol,Manual,₹4.46 Lakh,delhi-ncr
Ford,Ford Ecosport1.5 Petrol Titanium BSIV,2019,"28,638kms",Petrol,Manual,₹5 Lakh,delhi-ncr
Maruti,Maruti CiazAlpha Automatic BSIV,2019,"85,255kms",Petrol,Automatic,₹5.24 Lakh,delhi-ncr
Tata,Tata Tiago1.2 Revotron XZ,2018,"66,938kms",Petrol,Manual,₹3.97 Lakh,delhi-ncr
Tata,Tata Tiago1.2 Revotron XZA,2019,"55,085kms",Petrol,Automatic,₹3.92 Lakh,delhi-ncr
Renault,Renault KWID1.0 RXT AMT Opt,2018,"46,802kms",Petrol,Automatic,₹2.75 Lakh,delhi-ncr
Honda,Honda Amaze 2nd GenVX CVT,2023,"36,870kms",Petrol,Automatic,₹7.20 Lakh,delhi-ncr
Honda,Honda CityV MT,2020,"57,142kms",Petrol,Manual,₹6.65 Lakh,delhi-ncr
Tata,Tata CurvvAccomplished S Diesel,2025,"9,601kms",Diesel,Manual,₹15.57 Lakh,delhi-ncr
Renault,Renault KWIDRXL,2019,"46,915kms",Petrol,Manual,₹2.12 Lakh,delhi-ncr
Renault,Renault KWIDRXT,2016,"41,281kms",Petrol,Manual,₹1.56 Lakh,delhi-ncr
Tata,Tata TiagoXZ Plus BSVI,2022,"83,247kms",Petrol,Manual,₹3.41 Lakh,delhi-ncr
Maruti,Maruti DzireVXI,2017,"83,786kms",Petrol,Manual,₹4.19 Lakh,delhi-ncr
Maruti,Maruti CelerioZXI,2019,"30,351kms",Petrol,Manual,₹4.06 Lakh,delhi-ncr
Maruti,Maruti Wagon RVXI Optional,2019,"53,988kms",Petrol,Manual,₹3.44 Lakh,delhi-ncr
Hyundai,Hyundai VenueS,2021,"53,312kms",Petrol,Manual,₹5.34 Lakh,delhi-ncr
Ford,Ford Ecosport1.5 Petrol Titanium BSIV,2019,"28,638kms",Petrol,Manual,₹5 Lakh,delhi-ncr
Tata,Tata Tiago1.2 Revotron XZA,2019,"55,085kms",Petrol,Automatic,₹3.92 Lakh,delhi-ncr
Ford,Ford EcosportTrend,2019,"83,164kms",Petrol,Manual,₹4.79 Lakh,delhi-ncr
Ford,Ford Ecosport1.5 Petrol Titanium BSIV,2019,"82,116kms",Petrol,Manual,₹4.56 Lakh,delhi-ncr
Tata,Tata Nexon1.2 Revotron XZ Plus,2019,"40,741kms",Petrol,Manual,₹4.46 Lakh,delhi-ncr
Maruti,Maruti CiazAlpha Automatic BSIV,2019,"85,255kms",Petrol,Automatic,₹5.24 Lakh,delhi-ncr
Maruti,Maruti CiazAlpha BSVI,2020,"88,508kms",Petrol,Manual,₹5.71 Lakh,delhi-ncr
Maruti,Maruti CiazAlpha BSVI,2020,"60,613kms",Petrol,Manual,₹5.64 Lakh,delhi-ncr
Tata,Tata Tiago1.2 Revotron XZ,2018,"66,938kms",Petrol,Manual,₹3.97 Lakh,delhi-ncr
Renault,Renault KWID1.0 RXT AMT Opt,2018,"46,802kms",Petrol,Automatic,₹2.75 Lakh,delhi-ncr
Honda,Honda Amaze 2nd GenVX CVT,2023,"36,870kms",Petrol,Automatic,₹7.20 Lakh,delhi-ncr
Honda,Honda CityV MT,2020,"57,142kms",Petrol,Manual,₹6.65 Lakh,delhi-ncr
Tata,Tata CurvvAccomplished S Diesel,2025,"9,601kms",Diesel,Manual,₹15.57 Lakh,delhi-ncr
Renault,Renault KWIDRXL,2019,"46,915kms",Petrol,Manual,₹2.12 Lakh,delhi-ncr
Renault,Renault KWIDRXT,2016,"41,281kms",Petrol,Manual,₹1.56 Lakh,delhi-ncr
Maruti,Maruti DzireVXI,2017,"83,786kms",Petrol,Manual,₹4.19 Lakh,delhi-ncr
Maruti,Maruti CelerioZXI,2019,"30,351kms",Petrol,Manual,₹4.06 Lakh,delhi-ncr
Tata,Tata TiagoXZ Plus BSVI,2022,"83,247kms",Petrol,Manual,₹3.41 Lakh,delhi-ncr
Maruti,Maruti Wagon RVXI Optional,2019,"53,988kms",Petrol,Manual,₹3.44 Lakh,delhi-ncr
Hyundai,Hyundai VenueS,2021,"53,312kms",Petrol,Manual,₹5.34 Lakh,delhi-ncr
Maruti,Maruti CiazAlpha BSVI,2020,"88,508kms",Petrol,Manual,₹5.71 Lakh,delhi-ncr
Maruti,Maruti CiazAlpha BSVI,2020,"60,613kms",Petrol,Manual,₹5.64 Lakh,delhi-ncr
Ford,Ford EcosportTrend,2019,"83,164kms",Petrol,Manual,₹4.79 Lakh,delhi-ncr
Ford,Ford Ecosport1.5 Petrol Titanium BSIV,2019,"82,116kms",Petrol,Manual,₹4.56 Lakh,delhi-ncr
Tata,Tata Nexon1.2 Revotron XZ Plus,2019,"40,741kms",Petrol,Manual,₹4.46 Lakh,delhi-ncr
Ford,Ford Ecosport1.5 Petrol Titanium BSIV,2019,"28,638kms",Petrol,Manual,₹5 Lakh,delhi-ncr
Maruti,Maruti CiazAlpha Automatic BSIV,2019,"85,255kms",Petrol,Automatic,₹5.24 Lakh,delhi-ncr
Tata,Tata Tiago1.2 Revotron XZ,2018,"66,938kms",Petrol,Manual,₹3.97 Lakh,delhi-ncr
Tata,Tata Tiago1.2 Revotron XZA,2019,"55,085kms",Petrol,Automatic,₹3.92 Lakh,delhi-ncr
Renault,Renault KWID1.0 RXT AMT Opt,2018,"46,802kms",Petrol,Automatic,₹2.75 Lakh,delhi-ncr
Honda,Honda Amaze 2nd GenVX CVT,2023,"36,870kms",Petrol,Automatic,₹7.20 Lakh,delhi-ncr
Honda,Honda CityV MT,2020,"57,142kms",Petrol,Manual,₹6.65 Lakh,delhi-ncr
Tata,Tata CurvvAccomplished S Diesel,2025,"9,601kms",Diesel,Manual,₹15.57 Lakh,delhi-ncr
Renault,Renault KWIDRXL,2019,"46,915kms",Petrol,Manual,₹2.12 Lakh,delhi-ncr
Renault,Renault KWIDRXT,2016,"41,281kms",Petrol,Manual,₹1.56 Lakh,delhi-ncr
Tata,Tata TiagoXZ Plus BSVI,2022,"83,247kms",Petrol,Manual,₹3.41 Lakh,delhi-ncr
Maruti,Maruti DzireVXI,2017,"83,786kms",Petrol,Manual,₹4.19 Lakh,delhi-ncr
Maruti,Maruti CelerioZXI,2019,"30,351kms",Petrol,Manual,₹4.06 Lakh,delhi-ncr
Maruti,Maruti Wagon RVXI Optional,2019,"53,988kms",Petrol,Manual,₹3.44 Lakh,delhi-ncr
Hyundai,Hyundai VenueS,2021,"53,312kms",Petrol,Manual,₹5.34 Lakh,delhi-ncr
Ford,Ford Ecosport1.5 Petrol Titanium BSIV,2019,"28,638kms",Petrol,Manual,₹5 Lakh,delhi-ncr
Tata,Tata Tiago1.2 Revotron XZA,2019,"55,085kms",Petrol,Automatic,₹3.92 Lakh,delhi-ncr
Ford,Ford EcosportTrend,2019,"83,164kms",Petrol,Manual,₹4.79 Lakh,delhi-ncr
Ford,Ford Ecosport1.5 Petrol Titanium BSIV,2019,"82,116kms",Petrol,Manual,₹4.56 Lakh,delhi-ncr
Tata,Tata Nexon1.2 Revotron XZ Plus,2019,"40,741kms",Petrol,Manual,₹4.46 Lakh,delhi-ncr
Maruti,Maruti CiazAlpha Automatic BSIV,2019,"85,255kms",Petrol,Automatic,₹5.24 Lakh,delhi-ncr
Maruti,Maruti CiazAlpha BSVI,2020,"88,508kms",Petrol,Manual,₹5.71 Lakh,delhi-ncr
Maruti,Maruti CiazAlpha BSVI,2020,"60,613kms",Petrol,Manual,₹5.64 Lakh,delhi-ncr
Tata,Tata Tiago1.2 Revotron XZ,2018,"66,938kms",Petrol,Manual,₹3.97 Lakh,delhi-ncr
Renault,Renault KWID1.0 RXT AMT Opt,2018,"46,802kms",Petrol,Automatic,₹2.75 Lakh,delhi-ncr
Honda,Honda Amaze 2nd GenVX CVT,2023,"36,870kms",Petrol,Automatic,₹7.20 Lakh,delhi-ncr
Honda,Honda CityV MT,2020,"57,142kms",Petrol,Manual,₹6.65 Lakh,delhi-ncr
Tata,Tata CurvvAccomplished S Diesel,2025,"9,601kms",Diesel,Manual,₹15.57 Lakh,delhi-ncr
Renault,Renault KWIDRXL,2019,"46,915kms",Petrol,Manual,₹2.12 Lakh,delhi-ncr
Renault,Renault KWIDRXT,2016,"41,281kms",Petrol,Manual,₹1.56 Lakh,delhi-ncr
Maruti,Maruti DzireVXI,2017,"83,786kms",Petrol,Manual,₹4.19 Lakh,delhi-ncr
Maruti,Maruti CelerioZXI,2019,"30,351kms",Petrol,Manual,₹4.06 Lakh,delhi-ncr
Tata,Tata TiagoXZ Plus BSVI,2022,"83,247kms",Petrol,Manual,₹3.41 Lakh,delhi-ncr
Maruti,Maruti Wagon RVXI Optional,2019,"53,988kms",Petrol,Manual,₹3.44 Lakh,delhi-ncr
Ford,Ford EcosportTrend,2019,"83,164kms",Petrol,Manual,₹4.79 Lakh,delhi-ncr
Hyundai,Hyundai VenueS,2021,"53,312kms",Petrol,Manual,₹5.34 Lakh,delhi-ncr
Ford,Ford Ecosport1.5 Petrol Titanium BSIV,2019,"82,116kms",Petrol,Manual,₹4.56 Lakh,delhi-ncr
Tata,Tata Nexon1.2 Revotron XZ Plus,2019,"40,741kms",Petrol,Manual,₹4.46 Lakh,delhi-ncr
Maruti,Maruti CiazAlpha Automatic BSIV,2019,"85,255kms",Petrol,Automatic,₹5.24 Lakh,delhi-ncr
Tata,Tata Tiago1.2 Revotron XZ,2018,"66,938kms",Petrol,Manual,₹3.97 Lakh,delhi-ncr
Maruti,Maruti CiazAlpha BSVI,2020,"88,508kms",Petrol,Manual,₹5.71 Lakh,delhi-ncr
Maruti,Maruti CiazAlpha BSVI,2020,"60,613kms",Petrol,Manual,₹5.64 Lakh,delhi-ncr
Tata,Tata Tiago1.2 Revotron XZA,2019,"55,085kms",Petrol,Automatic,₹3.92 Lakh,delhi-ncr
Ford,Ford Ecosport1.5 Petrol Titanium BSIV,2019,"28,638kms",Petrol,Manual,₹5 Lakh,delhi-ncr
Renault,Renault KWID1.0 RXT AMT Opt,2018,"46,802kms",Petrol,Automatic,₹2.75 Lakh,delhi-ncr
Honda,Honda Amaze 2nd GenVX CVT,2023,"36,870kms",Petrol,Automatic,₹7.20 Lakh,delhi-ncr
Honda,Honda CityV MT,2020,"57,142kms",Petrol,Manual,₹6.65 Lakh,delhi-ncr
Tata,Tata CurvvAccomplished S Diesel,2025,"9,601kms",Diesel,Manual,₹15.57 Lakh,delhi-ncr
Renault,Renault KWIDRXL,2019,"46,915kms",Petrol,Manual,₹2.12 Lakh,delhi-ncr
Renault,Renault KWIDRXT,2016,"41,281kms",Petrol,Manual,₹1.56 Lakh,delhi-ncr
Tata,Tata TiagoXZ Plus BSVI,2022,"83,247kms",Petrol,Manual,₹3.41 Lakh,delhi-ncr
Maruti,Maruti DzireVXI,2017,"83,786kms",Petrol,Manual,₹4.19 Lakh,delhi-ncr
Maruti,Maruti CelerioZXI,2019,"30,351kms",Petrol,Manual,₹4.06 Lakh,delhi-ncr
Maruti,Maruti Wagon RVXI Optional,2019,"53,988kms",Petrol,Manual,₹3.44 Lakh,delhi-ncr
Hyundai,Hyundai VenueS,2021,"53,312kms",Petrol,Manual,₹5.34 Lakh,delhi-ncr
Ford,Ford Ecosport1.5 Petrol Titanium BSIV,2019,"28,638kms",Petrol,Manual,₹5 Lakh,delhi-ncr
Tata,Tata Tiago1.2 Revotron XZA,2019,"55,085kms",Petrol,Automatic,₹3.92 Lakh,delhi-ncr
Ford,Ford EcosportTrend,2019,"83,164kms",Petrol,Manual,₹4.79 Lakh,delhi-ncr
Ford,Ford Ecosport1.5 Petrol Titanium BSIV,2019,"82,116kms",Petrol,Manual,₹4.56 Lakh,delhi-ncr
Tata,Tata Nexon1.2 Revotron XZ Plus,2019,"40,741kms",Petrol,Manual,₹4.46 Lakh,delhi-ncr
Maruti,Maruti CiazAlpha Automatic BSIV,2019,"85,255kms",Petrol,Automatic,₹5.24 Lakh,delhi-ncr
Maruti,Maruti CiazAlpha BSVI,2020,"88,508kms",Petrol,Manual,₹5.71 Lakh,delhi-ncr
Maruti,Maruti CiazAlpha BSVI,2020,"60,613kms",Petrol,Manual,₹5.64 Lakh,delhi-ncr
Tata,Tata Tiago1.2 Revotron XZ,2018,"66,938kms",Petrol,Manual,₹3.97 Lakh,delhi-ncr
Renault,Renault KWID1.0 RXT AMT Opt,2018,"46,802kms",Petrol,Automatic,₹2.75 Lakh,delhi-ncr
Honda,Honda Amaze 2nd GenVX CVT,2023,"36,870kms",Petrol,Automatic,₹7.20 Lakh,delhi-ncr
Honda,Honda CityV MT,2020,"57,142kms",Petrol,Manual,₹6.65 Lakh,delhi-ncr
Tata,Tata CurvvAccomplished S Diesel,2025,"9,601kms",Diesel,Manual,₹15.57 Lakh,delhi-ncr
Renault,Renault KWIDRXL,2019,"46,915kms",Petrol,Manual,₹2.12 Lakh,delhi-ncr
Renault,Renault KWIDRXT,2016,"41,281kms",Petrol,Manual,₹1.56 Lakh,delhi-ncr
Maruti,Maruti DzireVXI,2017,"83,786kms",Petrol,Manual,₹4.19 Lakh,delhi-ncr
Maruti,Maruti CelerioZXI,2019,"30,351kms",Petrol,Manual,₹4.06 Lakh,delhi-ncr
Tata,Tata TiagoXZ Plus BSVI,2022,"83,247kms",Petrol,Manual,₹3.41 Lakh,delhi-ncr
Maruti,Maruti Wagon RVXI Optional,2019,"53,988kms",Petrol,Manual,₹3.44 Lakh,delhi-ncr
Hyundai,Hyundai VenueS,2021,"53,312kms",Petrol,Manual,₹5.34 Lakh,delhi-ncr
Maruti,Maruti CiazAlpha BSVI,2020,"88,508kms",Petrol,Manual,₹5.71 Lakh,delhi-ncr
Maruti,Maruti CiazAlpha BSVI,2020,"60,613kms",Petrol,Manual,₹5.64 Lakh,delhi-ncr
Ford,Ford EcosportTrend,2019,"83,164kms",Petrol,Manual,₹4.79 Lakh,delhi-ncr
Ford,Ford Ecosport1.5 Petrol Titanium BSIV,2019,"82,116kms",Petrol,Manual,₹4.56 Lakh,delhi-ncr
Tata,Tata Nexon1.2 Revotron XZ Plus,2019,"40,741kms",Petrol,Manual,₹4.46 Lakh,delhi-ncr
Ford,Ford Ecosport1.5 Petrol Titanium BSIV,2019,"28,638kms",Petrol,Manual,₹5 Lakh,delhi-ncr
Maruti,Maruti CiazAlpha Automatic BSIV,2019,"85,255kms",Petrol,Automatic,₹5.24 Lakh,delhi-ncr
Tata,Tata Tiago1.2 Revotron XZ,2018,"66,938kms",Petrol,Manual,₹3.97 Lakh,delhi-ncr
Tata,Tata Tiago1.2 Revotron XZA,2019,"55,085kms",Petrol,Automatic,₹3.92 Lakh,delhi-ncr
Renault,Renault KWID1.0 RXT AMT Opt,2018,"46,802kms",Petrol,Automatic,₹2.75 Lakh,delhi-ncr
Honda,Honda Amaze 2nd GenVX CVT,2023,"36,870kms",Petrol,Automatic,₹7.20 Lakh,delhi-ncr
Honda,Honda CityV MT,2020,"57,142kms",Petrol,Manual,₹6.65 Lakh,delhi-ncr
Tata,Tata CurvvAccomplished S Diesel,2025,"9,601kms",Diesel,Manual,₹15.57 Lakh,delhi-ncr
Renault,Renault KWIDRXL,2019,"46,915kms",Petrol,Manual,₹2.12 Lakh,delhi-ncr
Renault,Renault KWIDRXT,2016,"41,281kms",Petrol,Manual,₹1.56 Lakh,delhi-ncr
Tata,Tata TiagoXZ Plus BSVI,2022,"83,247kms",Petrol,Manual,₹3.41 Lakh,delhi-ncr
Maruti,Maruti DzireVXI,2017,"83,786kms",Petrol,Manual,₹4.19 Lakh,delhi-ncr
Maruti,Maruti CelerioZXI,2019,"30,351kms",Petrol,Manual,₹4.06 Lakh,delhi-ncr
Maruti,Maruti Wagon RVXI Optional,2019,"53,988kms",Petrol,Manual,₹3.44 Lakh,delhi-ncr
Hyundai,Hyundai VenueS,2021,"53,312kms",Petrol,Manual,₹5.34 Lakh,delhi-ncr
Ford,Ford Ecosport1.5 Petrol Titanium BSIV,2019,"28,638kms",Petrol,Manual,₹5 Lakh,delhi-ncr
Tata,Tata Tiago1.2 Revotron XZA,2019,"55,085kms",Petrol,Automatic,₹3.92 Lakh,delhi-ncr
Ford,Ford EcosportTrend,2019,"83,164kms",Petrol,Manual,₹4.79 Lakh,delhi-ncr
Ford,Ford Ecosport1.5 Petrol Titanium BSIV,2019,"82,116kms",Petrol,Manual,₹4.56 Lakh,delhi-ncr
Tata,Tata Nexon1.2 Revotron XZ Plus,2019,"40,741kms",Petrol,Manual,₹4.46 Lakh,delhi-ncr
Maruti,Maruti CiazAlpha Automatic BSIV,2019,"85,255kms",Petrol,Automatic,₹5.24 Lakh,delhi-ncr
Maruti,Maruti CiazAlpha BSVI,2020,"88,508kms",Petrol,Manual,₹5.71 Lakh,delhi-ncr
Maruti,Maruti CiazAlpha BSVI,2020,"60,613kms",Petrol,Manual,₹5.64 Lakh,delhi-ncr
Tata,Tata Tiago1.2 Revotron XZ,2018,"66,938kms",Petrol,Manual,₹3.97 Lakh,delhi-ncr
Renault,Renault KWID1.0 RXT AMT Opt,2018,"46,802kms",Petrol,Automatic,₹2.75 Lakh,delhi-ncr
Honda,Honda Amaze 2nd GenVX CVT,2023,"36,870kms",Petrol,Automatic,₹7.20 Lakh,delhi-ncr
Honda,Honda CityV MT,2020,"57,142kms",Petrol,Manual,₹6.65 Lakh,delhi-ncr
Tata,Tata CurvvAccomplished S Diesel,2025,"9,601kms",Diesel,Manual,₹15.57 Lakh,delhi-ncr
Renault,Renault KWIDRXL,2019,"46,915kms",Petrol,Manual,₹2.12 Lakh,delhi-ncr
Renault,Renault KWIDRXT,2016,"41,281kms",Petrol,Manual,₹1.56 Lakh,delhi-ncr
Maruti,Maruti DzireVXI,2017,"83,786kms",Petrol,Manual,₹4.19 Lakh,delhi-ncr
Maruti,Maruti CelerioZXI,2019,"30,351kms",Petrol,Manual,₹4.06 Lakh,delhi-ncr
Tata,Tata TiagoXZ Plus BSVI,2022,"83,247kms",Petrol,Manual,₹3.41 Lakh,delhi-ncr
Maruti,Maruti Wagon RVXI Optional,2019,"53,988kms",Petrol,Manual,₹3.44 Lakh,delhi-ncr
Hyundai,Hyundai VenueS,2021,"53,312kms",Petrol,Manual,₹5.34 Lakh,delhi-ncr
Ford,Ford Ecosport1.5 Petrol Titanium BSIV,2019,"28,638kms",Petrol,Manual,₹5 Lakh,delhi-ncr
Tata,Tata Tiago1.2 Revotron XZA,2019,"55,085kms",Petrol,Automatic,₹3.92 Lakh,delhi-ncr
Ford,Ford EcosportTrend,2019,"83,164kms",Petrol,Manual,₹4.79 Lakh,delhi-ncr
Ford,Ford Ecosport1.5 Petrol Titanium BSIV,2019,"82,116kms",Petrol,Manual,₹4.56 Lakh,delhi-ncr
Tata,Tata Nexon1.2 Revotron XZ Plus,2019,"40,741kms",Petrol,Manual,₹4.46 Lakh,delhi-ncr
Maruti,Maruti CiazAlpha Automatic BSIV,2019,"85,255kms",Petrol,Automatic,₹5.24 Lakh,delhi-ncr
Maruti,Maruti CiazAlpha BSVI,2020,"88,508kms",Petrol,Manual,₹5.71 Lakh,delhi-ncr
Maruti,Maruti CiazAlpha BSVI,2020,"60,613kms",Petrol,Manual,₹5.64 Lakh,delhi-ncr
Tata,Tata Tiago1.2 Revotron XZ,2018,"66,938kms",Petrol,Manual,₹3.97 Lakh,delhi-ncr
Renault,Renault KWID1.0 RXT AMT Opt,2018,"46,802kms",Petrol,Automatic,₹2.75 Lakh,delhi-ncr
Honda,Honda Amaze 2nd GenVX CVT,2023,"36,870kms",Petrol,Automatic,₹7.20 Lakh,delhi-ncr
Honda,Honda CityV MT,2020,"57,142kms",Petrol,Manual,₹6.65 Lakh,delhi-ncr
Tata,Tata CurvvAccomplished S Diesel,2025,"9,601kms",Diesel,Manual,₹15.57 Lakh,delhi-ncr
Renault,Renault KWIDRXL,2019,"46,915kms",Petrol,Manual,₹2.12 Lakh,delhi-ncr
Renault,Renault KWIDRXT,2016,"41,281kms",Petrol,Manual,₹1.56 Lakh,delhi-ncr
Maruti,Maruti DzireVXI,2017,"83,786kms",Petrol,Manual,₹4.19 Lakh,delhi-ncr
Maruti,Maruti CelerioZXI,2019,"30,351kms",Petrol,Manual,₹4.06 Lakh,delhi-ncr
Tata,Tata TiagoXZ Plus BSVI,2022,"83,247kms",Petrol,Manual,₹3.41 Lakh,delhi-ncr
Maruti,Maruti Wagon RVXI Optional,2019,"53,988kms",Petrol,Manual,₹3.44 Lakh,delhi-ncr
Hyundai,Hyundai VenueS,2021,"53,312kms",Petrol,Manual,₹5.34 Lakh,delhi-ncr
Ford,Ford Ecosport1.5 Petrol Titanium BSIV,2019,"28,638kms",Petrol,Manual,₹5 Lakh,delhi-ncr
Tata,Tata Tiago1.2 Revotron XZA,2019,"55,085kms",Petrol,Automatic,₹3.92 Lakh,delhi-ncr
Ford,Ford EcosportTrend,2019,"83,164kms",Petrol,Manual,₹4.79 Lakh,delhi-ncr
Ford,Ford Ecosport1.5 Petrol Titanium BSIV,2019,"82,116kms",Petrol,Manual,₹4.56 Lakh,delhi-ncr
Tata,Tata Nexon1.2 Revotron XZ Plus,2019,"40,741kms",Petrol,Manual,₹4.46 Lakh,delhi-ncr
Maruti,Maruti CiazAlpha Automatic BSIV,2019,"85,255kms",Petrol,Automatic,₹5.24 Lakh,delhi-ncr
Maruti,Maruti CiazAlpha BSVI,2020,"88,508kms",Petrol,Manual,₹5.71 Lakh,delhi-ncr
Maruti,Maruti CiazAlpha BSVI,2020,"60,613kms",Petrol,Manual,₹5.64 Lakh,delhi-ncr
Tata,Tata Tiago1.2 Revotron XZ,2018,"66,938kms",Petrol,Manual,₹3.97 Lakh,delhi-ncr
Renault,Renault KWID1.0 RXT AMT Opt,2018,"46,802kms",Petrol,Automatic,₹2.75 Lakh,delhi-ncr
Honda,Honda Amaze 2nd GenVX CVT,2023,"36,870kms",Petrol,Automatic,₹7.20 Lakh,delhi-ncr
Honda,Honda CityV MT,2020,"57,142kms",Petrol,Manual,₹6.65 Lakh,delhi-ncr
Tata,Tata CurvvAccomplished S Diesel,2025,"9,601kms",Diesel,Manual,₹15.57 Lakh,delhi-ncr
Renault,Renault KWIDRXL,2019,"46,915kms",Petrol,Manual,₹2.12 Lakh,delhi-ncr
Renault,Renault KWIDRXT,2016,"41,281kms",Petrol,Manual,₹1.56 Lakh,delhi-ncr
Maruti,Maruti DzireVXI,2017,"83,786kms",Petrol,Manual,₹4.19 Lakh,delhi-ncr
Maruti,Maruti CelerioZXI,2019,"30,351kms",Petrol,Manual,₹4.06 Lakh,delhi-ncr
Tata,Tata TiagoXZ Plus BSVI,2022,"83,247kms",Petrol,Manual,₹3.41 Lakh,delhi-ncr
Maruti,Maruti Wagon RVXI Optional,2019,"53,988kms",Petrol,Manual,₹3.44 Lakh,delhi-ncr
Hyundai,Hyundai VenueS,2021,"53,312kms",Petrol,Manual,₹5.34 Lakh,delhi-ncr
Ford,Ford Ecosport1.5 Petrol Titanium BSIV,2019,"28,638kms",Petrol,Manual,₹5 Lakh,delhi-ncr
Tata,Tata Tiago1.2 Revotron XZA,2019,"55,085kms",Petrol,Automatic,₹3.92 Lakh,delhi-ncr
Ford,Ford EcosportTrend,2019,"83,164kms",Petrol,Manual,₹4.79 Lakh,delhi-ncr
Ford,Ford Ecosport1.5 Petrol Titanium BSIV,2019,"82,116kms",Petrol,Manual,₹4.56 Lakh,delhi-ncr
Tata,Tata Nexon1.2 Revotron XZ Plus,2019,"40,741kms",Petrol,Manual,₹4.46 Lakh,delhi-ncr
Maruti,Maruti CiazAlpha Automatic BSIV,2019,"85,255kms",Petrol,Automatic,₹5.24 Lakh,delhi-ncr
Maruti,Maruti CiazAlpha BSVI,2020,"88,508kms",Petrol,Manual,₹5.71 Lakh,delhi-ncr
Maruti,Maruti CiazAlpha BSVI,2020,"60,613kms",Petrol,Manual,₹5.64 Lakh,delhi-ncr
Tata,Tata Tiago1.2 Revotron XZ,2018,"66,938kms",Petrol,Manual,₹3.97 Lakh,delhi-ncr
Renault,Renault KWID1.0 RXT AMT Opt,2018,"46,802kms",Petrol,Automatic,₹2.75 Lakh,delhi-ncr
Honda,Honda Amaze 2nd GenVX CVT,2023,"36,870kms",Petrol,Automatic,₹7.20 Lakh,delhi-ncr
Honda,Honda CityV MT,2020,"57,142kms",Petrol,Manual,₹6.65 Lakh,delhi-ncr
Tata,Tata CurvvAccomplished S Diesel,2025,"9,601kms",Diesel,Manual,₹15.57 Lakh,delhi-ncr
Renault,Renault KWIDRXL,2019,"46,915kms",Petrol,Manual,₹2.12 Lakh,delhi-ncr
Renault,Renault KWIDRXT,2016,"41,281kms",Petrol,Manual,₹1.56 Lakh,delhi-ncr
Maruti,Maruti DzireVXI,2017,"83,786kms",Petrol,Manual,₹4.19 Lakh,delhi-ncr
Maruti,Maruti CelerioZXI,2019,"30,351kms",Petrol,Manual,₹4.06 Lakh,delhi-ncr
Tata,Tata TiagoXZ Plus BSVI,2022,"83,247kms",Petrol,Manual,₹3.41 Lakh,delhi-ncr
Maruti,Maruti Wagon RVXI Optional,2019,"53,988kms",Petrol,Manual,₹3.44 Lakh,delhi-ncr
Ford,Ford EcosportTrend,2019,"83,164kms",Petrol,Manual,₹4.79 Lakh,delhi-ncr
Hyundai,Hyundai VenueS,2021,"53,312kms",Petrol,Manual,₹5.34 Lakh,delhi-ncr
Ford,Ford Ecosport1.5 Petrol Titanium BSIV,2019,"82,116kms",Petrol,Manual,₹4.56 Lakh,delhi-ncr
Tata,Tata Nexon1.2 Revotron XZ Plus,2019,"40,741kms",Petrol,Manual,₹4.46 Lakh,delhi-ncr
Maruti,Maruti CiazAlpha Automatic BSIV,2019,"85,255kms",Petrol,Automatic,₹5.24 Lakh,delhi-ncr
Tata,Tata Tiago1.2 Revotron XZ,2018,"66,938kms",Petrol,Manual,₹3.97 Lakh,delhi-ncr
Maruti,Maruti CiazAlpha BSVI,2020,"88,508kms",Petrol,Manual,₹5.71 Lakh,delhi-ncr
Maruti,Maruti CiazAlpha BSVI,2020,"60,613kms",Petrol,Manual,₹5.64 Lakh,delhi-ncr
Tata,Tata Tiago1.2 Revotron XZA,2019,"55,085kms",Petrol,Automatic,₹3.92 Lakh,delhi-ncr
Ford,Ford Ecosport1.5 Petrol Titanium BSIV,2019,"28,638kms",Petrol,Manual,₹5 Lakh,delhi-ncr
Renault,Renault KWID1.0 RXT AMT Opt,2018,"46,802kms",Petrol,Automatic,₹2.75 Lakh,delhi-ncr
Honda,Honda Amaze 2nd GenVX CVT,2023,"36,870kms",Petrol,Automatic,₹7.20 Lakh,delhi-ncr
Honda,Honda CityV MT,2020,"57,142kms",Petrol,Manual,₹6.65 Lakh,delhi-ncr
Tata,Tata CurvvAccomplished S Diesel,2025,"9,601kms",Diesel,Manual,₹15.57 Lakh,delhi-ncr
Renault,Renault KWIDRXL,2019,"46,915kms",Petrol,Manual,₹2.12 Lakh,delhi-ncr
Renault,Renault KWIDRXT,2016,"41,281kms",Petrol,Manual,₹1.56 Lakh,delhi-ncr
Tata,Tata TiagoXZ Plus BSVI,2022,"83,247kms",Petrol,Manual,₹3.41 Lakh,delhi-ncr
Maruti,Maruti DzireVXI,2017,"83,786kms",Petrol,Manual,₹4.19 Lakh,delhi-ncr
Maruti,Maruti CelerioZXI,2019,"30,351kms",Petrol,Manual,₹4.06 Lakh,delhi-ncr
Maruti,Maruti Wagon RVXI Optional,2019,"53,988kms",Petrol,Manual,₹3.44 Lakh,delhi-ncr
Hyundai,Hyundai VenueS,2021,"53,312kms",Petrol,Manual,₹5.34 Lakh,delhi-ncr
Maruti,Maruti CiazAlpha BSVI,2020,"88,508kms",Petrol,Manual,₹5.71 Lakh,delhi-ncr
Maruti,Maruti CiazAlpha BSVI,2020,"60,613kms",Petrol,Manual,₹5.64 Lakh,delhi-ncr
Ford,Ford EcosportTrend,2019,"83,164kms",Petrol,Manual,₹4.79 Lakh,delhi-ncr
Ford,Ford Ecosport1.5 Petrol Titanium BSIV,2019,"82,116kms",Petrol,Manual,₹4.56 Lakh,delhi-ncr
Tata,Tata Nexon1.2 Revotron XZ Plus,2019,"40,741kms",Petrol,Manual,₹4.46 Lakh,delhi-ncr
Ford,Ford Ecosport1.5 Petrol Titanium BSIV,2019,"28,638kms",Petrol,Manual,₹5 Lakh,delhi-ncr
Maruti,Maruti CiazAlpha Automatic BSIV,2019,"85,255kms",Petrol,Automatic,₹5.24 Lakh,delhi-ncr
Tata,Tata Tiago1.2 Revotron XZ,2018,"66,938kms",Petrol,Manual,₹3.97 Lakh,delhi-ncr
Tata,Tata Tiago1.2 Revotron XZA,2019,"55,085kms",Petrol,Automatic,₹3.92 Lakh,delhi-ncr
Renault,Renault KWID1.0 RXT AMT Opt,2018,"46,802kms",Petrol,Automatic,₹2.75 Lakh,delhi-ncr
Honda,Honda Amaze 2nd GenVX CVT,2023,"36,870kms",Petrol,Automatic,₹7.20 Lakh,delhi-ncr
Honda,Honda CityV MT,2020,"57,142kms",Petrol,Manual,₹6.65 Lakh,delhi-ncr
Tata,Tata CurvvAccomplished S Diesel,2025,"9,601kms",Diesel,Manual,₹15.57 Lakh,delhi-ncr
Renault,Renault KWIDRXL,2019,"46,915kms",Petrol,Manual,₹2.12 Lakh,delhi-ncr
Renault,Renault KWIDRXT,2016,"41,281kms",Petrol,Manual,₹1.56 Lakh,delhi-ncr
Tata,Tata TiagoXZ Plus BSVI,2022,"83,247kms",Petrol,Manual,₹3.41 Lakh,delhi-ncr
Maruti,Maruti DzireVXI,2017,"83,786kms",Petrol,Manual,₹4.19 Lakh,delhi-ncr
Maruti,Maruti CelerioZXI,2019,"30,351kms",Petrol,Manual,₹4.06 Lakh,delhi-ncr
Maruti,Maruti Wagon RVXI Optional,2019,"53,988kms",Petrol,Manual,₹3.44 Lakh,delhi-ncr
Ford,Ford EcosportTrend,2019,"83,164kms",Petrol,Manual,₹4.79 Lakh,delhi-ncr
Hyundai,Hyundai VenueS,2021,"53,312kms",Petrol,Manual,₹5.34 Lakh,delhi-ncr
Ford,Ford Ecosport1.5 Petrol Titanium BSIV,2019,"82,116kms",Petrol,Manual,₹4.56 Lakh,delhi-ncr
Tata,Tata Nexon1.2 Revotron XZ Plus,2019,"40,741kms",Petrol,Manual,₹4.46 Lakh,delhi-ncr
Maruti,Maruti CiazAlpha Automatic BSIV,2019,"85,255kms",Petrol,Automatic,₹5.24 Lakh,delhi-ncr
Tata,Tata Tiago1.2 Revotron XZ,2018,"66,938kms",Petrol,Manual,₹3.97 Lakh,delhi-ncr
Maruti,Maruti CiazAlpha BSVI,2020,"88,508kms",Petrol,Manual,₹5.71 Lakh,delhi-ncr
Maruti,Maruti CiazAlpha BSVI,2020,"60,613kms",Petrol,Manual,₹5.64 Lakh,delhi-ncr
Tata,Tata Tiago1.2 Revotron XZA,2019,"55,085kms",Petrol,Automatic,₹3.92 Lakh,delhi-ncr
Ford,Ford Ecosport1.5 Petrol Titanium BSIV,2019,"28,638kms",Petrol,Manual,₹5 Lakh,delhi-ncr
Renault,Renault KWID1.0 RXT AMT Opt,2018,"46,802kms",Petrol,Automatic,₹2.75 Lakh,delhi-ncr
Honda,Honda Amaze 2nd GenVX CVT,2023,"36,870kms",Petrol,Automatic,₹7.20 Lakh,delhi-ncr
Honda,Honda CityV MT,2020,"57,142kms",Petrol,Manual,₹6.65 Lakh,delhi-ncr
Tata,Tata CurvvAccomplished S Diesel,2025,"9,601kms",Diesel,Manual,₹15.57 Lakh,delhi-ncr
Renault,Renault KWIDRXL,2019,"46,915kms",Petrol,Manual,₹2.12 Lakh,delhi-ncr
Renault,Renault KWIDRXT,2016,"41,281kms",Petrol,Manual,₹1.56 Lakh,delhi-ncr
Tata,Tata TiagoXZ Plus BSVI,2022,"83,247kms",Petrol,Manual,₹3.41 Lakh,delhi-ncr
Maruti,Maruti DzireVXI,2017,"83,786kms",Petrol,Manual,₹4.19 Lakh,delhi-ncr
Maruti,Maruti CelerioZXI,2019,"30,351kms",Petrol,Manual,₹4.06 Lakh,delhi-ncr
Maruti,Maruti Wagon RVXI Optional,2019,"53,988kms",Petrol,Manual,₹3.44 Lakh,delhi-ncr
Ford,Ford EcosportTrend,2019,"83,164kms",Petrol,Manual,₹4.79 Lakh,delhi-ncr
Hyundai,Hyundai VenueS,2021,"53,312kms",Petrol,Manual,₹5.34 Lakh,delhi-ncr
Ford,Ford Ecosport1.5 Petrol Titanium BSIV,2019,"82,116kms",Petrol,Manual,₹4.56 Lakh,delhi-ncr
Tata,Tata Nexon1.2 Revotron XZ Plus,2019,"40,741kms",Petrol,Manual,₹4.46 Lakh,delhi-ncr
Maruti,Maruti CiazAlpha Automatic BSIV,2019,"85,255kms",Petrol,Automatic,₹5.24 Lakh,delhi-ncr
Tata,Tata Tiago1.2 Revotron XZ,2018,"66,938kms",Petrol,Manual,₹3.97 Lakh,delhi-ncr
Maruti,Maruti CiazAlpha BSVI,2020,"88,508kms",Petrol,Manual,₹5.71 Lakh,delhi-ncr
Maruti,Maruti CiazAlpha BSVI,2020,"60,613kms",Petrol,Manual,₹5.64 Lakh,delhi-ncr
Tata,Tata Tiago1.2 Revotron XZA,2019,"55,085kms",Petrol,Automatic,₹3.92 Lakh,delhi-ncr
Ford,Ford Ecosport1.5 Petrol Titanium BSIV,2019,"28,638kms",Petrol,Manual,₹5 Lakh,delhi-ncr
Renault,Renault KWID1.0 RXT AMT Opt,2018,"46,802kms",Petrol,Automatic,₹2.75 Lakh,delhi-ncr
Honda,Honda Amaze 2nd GenVX CVT,2023,"36,870kms",Petrol,Automatic,₹7.20 Lakh,delhi-ncr
Honda,Honda CityV MT,2020,"57,142kms",Petrol,Manual,₹6.65 Lakh,delhi-ncr
Tata,Tata CurvvAccomplished S Diesel,2025,"9,601kms",Diesel,Manual,₹15.57 Lakh,delhi-ncr
Renault,Renault KWIDRXL,2019,"46,915kms",Petrol,Manual,₹2.12 Lakh,delhi-ncr
Renault,Renault KWIDRXT,2016,"41,281kms",Petrol,Manual,₹1.56 Lakh,delhi-ncr
Tata,Tata TiagoXZ Plus BSVI,2022,"83,247kms",Petrol,Manual,₹3.41 Lakh,delhi-ncr
Maruti,Maruti DzireVXI,2017,"83,786kms",Petrol,Manual,₹4.19 Lakh,delhi-ncr
Maruti,Maruti CelerioZXI,2019,"30,351kms",Petrol,Manual,₹4.06 Lakh,delhi-ncr
Maruti,Maruti Wagon RVXI Optional,2019,"53,988kms",Petrol,Manual,₹3.44 Lakh,delhi-ncr
Hyundai,Hyundai VenueS,2021,"53,312kms",Petrol,Manual,₹5.34 Lakh,delhi-ncr
Ford,Ford Ecosport1.5 Petrol Titanium BSIV,2019,"28,638kms",Petrol,Manual,₹5 Lakh,delhi-ncr
Tata,Tata Tiago1.2 Revotron XZA,2019,"55,085kms",Petrol,Automatic,₹3.92 Lakh,delhi-ncr
Ford,Ford EcosportTrend,2019,"83,164kms",Petrol,Manual,₹4.79 Lakh,delhi-ncr
Ford,Ford Ecosport1.5 Petrol Titanium BSIV,2019,"82,116kms",Petrol,Manual,₹4.56 Lakh,delhi-ncr
Tata,Tata Nexon1.2 Revotron XZ Plus,2019,"40,741kms",Petrol,Manual,₹4.46 Lakh,delhi-ncr
Maruti,Maruti CiazAlpha Automatic BSIV,2019,"85,255kms",Petrol,Automatic,₹5.24 Lakh,delhi-ncr
Maruti,Maruti CiazAlpha BSVI,2020,"88,508kms",Petrol,Manual,₹5.71 Lakh,delhi-ncr
Maruti,Maruti CiazAlpha BSVI,2020,"60,613kms",Petrol,Manual,₹5.64 Lakh,delhi-ncr
Tata,Tata Tiago1.2 Revotron XZ,2018,"66,938kms",Petrol,Manual,₹3.97 Lakh,delhi-ncr
Renault,Renault KWID1.0 RXT AMT Opt,2018,"46,802kms",Petrol,Automatic,₹2.75 Lakh,delhi-ncr
Honda,Honda Amaze 2nd GenVX CVT,2023,"36,870kms",Petrol,Automatic,₹7.20 Lakh,delhi-ncr
Honda,Honda CityV MT,2020,"57,142kms",Petrol,Manual,₹6.65 Lakh,delhi-ncr
Tata,Tata CurvvAccomplished S Diesel,2025,"9,601kms",Diesel,Manual,₹15.57 Lakh,delhi-ncr
Renault,Renault KWIDRXL,2019,"46,915kms",Petrol,Manual,₹2.12 Lakh,delhi-ncr
Renault,Renault KWIDRXT,2016,"41,281kms",Petrol,Manual,₹1.56 Lakh,delhi-ncr
Maruti,Maruti DzireVXI,2017,"83,786kms",Petrol,Manual,₹4.19 Lakh,delhi-ncr
Maruti,Maruti CelerioZXI,2019,"30,351kms",Petrol,Manual,₹4.06 Lakh,delhi-ncr
Tata,Tata TiagoXZ Plus BSVI,2022,"83,247kms",Petrol,Manual,₹3.41 Lakh,delhi-ncr
Maruti,Maruti Wagon RVXI Optional,2019,"53,988kms",Petrol,Manual,₹3.44 Lakh,delhi-ncr
Ford,Ford EcosportTrend,2019,"83,164kms",Petrol,Manual,₹4.79 Lakh,delhi-ncr
Hyundai,Hyundai VenueS,2021,"53,312kms",Petrol,Manual,₹5.34 Lakh,delhi-ncr
Ford,Ford Ecosport1.5 Petrol Titanium BSIV,2019,"82,116kms",Petrol,Manual,₹4.56 Lakh,delhi-ncr
Tata,Tata Nexon1.2 Revotron XZ Plus,2019,"40,741kms",Petrol,Manual,₹4.46 Lakh,delhi-ncr
Maruti,Maruti CiazAlpha Automatic BSIV,2019,"85,255kms",Petrol,Automatic,₹5.24 Lakh,delhi-ncr
Tata,Tata Tiago1.2 Revotron XZ,2018,"66,938kms",Petrol,Manual,₹3.97 Lakh,delhi-ncr
Maruti,Maruti CiazAlpha BSVI,2020,"88,508kms",Petrol,Manual,₹5.71 Lakh,delhi-ncr
Maruti,Maruti CiazAlpha BSVI,2020,"60,613kms",Petrol,Manual,₹5.64 Lakh,delhi-ncr
Tata,Tata Tiago1.2 Revotron XZA,2019,"55,085kms",Petrol,Automatic,₹3.92 Lakh,delhi-ncr
Ford,Ford Ecosport1.5 Petrol Titanium BSIV,2019,"28,638kms",Petrol,Manual,₹5 Lakh,delhi-ncr
Renault,Renault KWID1.0 RXT AMT Opt,2018,"46,802kms",Petrol,Automatic,₹2.75 Lakh,delhi-ncr
Honda,Honda Amaze 2nd GenVX CVT,2023,"36,870kms",Petrol,Automatic,₹7.20 Lakh,delhi-ncr
Honda,Honda CityV MT,2020,"57,142kms",Petrol,Manual,₹6.65 Lakh,delhi-ncr
Tata,Tata CurvvAccomplished S Diesel,2025,"9,601kms",Diesel,Manual,₹15.57 Lakh,delhi-ncr
Renault,Renault KWIDRXL,2019,"46,915kms",Petrol,Manual,₹2.12 Lakh,delhi-ncr
Renault,Renault KWIDRXT,2016,"41,281kms",Petrol,Manual,₹1.56 Lakh,delhi-ncr
Tata,Tata TiagoXZ Plus BSVI,2022,"83,247kms",Petrol,Manual,₹3.41 Lakh,delhi-ncr
Maruti,Maruti DzireVXI,2017,"83,786kms",Petrol,Manual,₹4.19 Lakh,delhi-ncr
Maruti,Maruti CelerioZXI,2019,"30,351kms",Petrol,Manual,₹4.06 Lakh,delhi-ncr
Maruti,Maruti Wagon RVXI Optional,2019,"53,988kms",Petrol,Manual,₹3.44 Lakh,delhi-ncr
Hyundai,Hyundai VenueS,2021,"53,312kms",Petrol,Manual,₹5.34 Lakh,delhi-ncr
Ford,Ford Ecosport1.5 Petrol Titanium BSIV,2019,"28,638kms",Petrol,Manual,₹5 Lakh,delhi-ncr
Tata,Tata Tiago1.2 Revotron XZA,2019,"55,085kms",Petrol,Automatic,₹3.92 Lakh,delhi-ncr
Ford,Ford EcosportTrend,2019,"83,164kms",Petrol,Manual,₹4.79 Lakh,delhi-ncr
Ford,Ford Ecosport1.5 Petrol Titanium BSIV,2019,"82,116kms",Petrol,Manual,₹4.56 Lakh,delhi-ncr
Tata,Tata Nexon1.2 Revotron XZ Plus,2019,"40,741kms",Petrol,Manual,₹4.46 Lakh,delhi-ncr
Maruti,Maruti CiazAlpha Automatic BSIV,2019,"85,255kms",Petrol,Automatic,₹5.24 Lakh,delhi-ncr
Maruti,Maruti CiazAlpha BSVI,2020,"88,508kms",Petrol,Manual,₹5.71 Lakh,delhi-ncr
Maruti,Maruti CiazAlpha BSVI,2020,"60,613kms",Petrol,Manual,₹5.64 Lakh,delhi-ncr
Tata,Tata Tiago1.2 Revotron XZ,2018,"66,938kms",Petrol,Manual,₹3.97 Lakh,delhi-ncr
Renault,Renault KWID1.0 RXT AMT Opt,2018,"46,802kms",Petrol,Automatic,₹2.75 Lakh,delhi-ncr
Honda,Honda Amaze 2nd GenVX CVT,2023,"36,870kms",Petrol,Automatic,₹7.20 Lakh,delhi-ncr
Honda,Honda CityV MT,2020,"57,142kms",Petrol,Manual,₹6.65 Lakh,delhi-ncr
Tata,Tata CurvvAccomplished S Diesel,2025,"9,601kms",Diesel,Manual,₹15.57 Lakh,delhi-ncr
Renault,Renault KWIDRXL,2019,"46,915kms",Petrol,Manual,₹2.12 Lakh,delhi-ncr
Renault,Renault KWIDRXT,2016,"41,281kms",Petrol,Manual,₹1.56 Lakh,delhi-ncr
Maruti,Maruti DzireVXI,2017,"83,786kms",Petrol,Manual,₹4.19 Lakh,delhi-ncr
Maruti,Maruti CelerioZXI,2019,"30,351kms",Petrol,Manual,₹4.06 Lakh,delhi-ncr
Tata,Tata TiagoXZ Plus BSVI,2022,"83,247kms",Petrol,Manual,₹3.41 Lakh,delhi-ncr
Maruti,Maruti Wagon RVXI Optional,2019,"53,988kms",Petrol,Manual,₹3.44 Lakh,delhi-ncr
Ford,Ford EcosportTrend,2019,"83,164kms",Petrol,Manual,₹4.79 Lakh,delhi-ncr
Hyundai,Hyundai VenueS,2021,"53,312kms",Petrol,Manual,₹5.34 Lakh,delhi-ncr
Ford,Ford Ecosport1.5 Petrol Titanium BSIV,2019,"82,116kms",Petrol,Manual,₹4.56 Lakh,delhi-ncr
Tata,Tata Nexon1.2 Revotron XZ Plus,2019,"40,741kms",Petrol,Manual,₹4.46 Lakh,delhi-ncr
Maruti,Maruti CiazAlpha Automatic BSIV,2019,"85,255kms",Petrol,Automatic,₹5.24 Lakh,delhi-ncr
Tata,Tata Tiago1.2 Revotron XZ,2018,"66,938kms",Petrol,Manual,₹3.97 Lakh,delhi-ncr
Maruti,Maruti CiazAlpha BSVI,2020,"88,508kms",Petrol,Manual,₹5.71 Lakh,delhi-ncr
Maruti,Maruti CiazAlpha BSVI,2020,"60,613kms",Petrol,Manual,₹5.64 Lakh,delhi-ncr
Tata,Tata Tiago1.2 Revotron XZA,2019,"55,085kms",Petrol,Automatic,₹3.92 Lakh,delhi-ncr
Ford,Ford Ecosport1.5 Petrol Titanium BSIV,2019,"28,638kms",Petrol,Manual,₹5 Lakh,delhi-ncr
Renault,Renault KWID1.0 RXT AMT Opt,2018,"46,802kms",Petrol,Automatic,₹2.75 Lakh,delhi-ncr
Honda,Honda Amaze 2nd GenVX CVT,2023,"36,870kms",Petrol,Automatic,₹7.20 Lakh,delhi-ncr
Honda,Honda CityV MT,2020,"57,142kms",Petrol,Manual,₹6.65 Lakh,delhi-ncr
Tata,Tata CurvvAccomplished S Diesel,2025,"9,601kms",Diesel,Manual,₹15.57 Lakh,delhi-ncr
Renault,Renault KWIDRXL,2019,"46,915kms",Petrol,Manual,₹2.12 Lakh,delhi-ncr
Renault,Renault KWIDRXT,2016,"41,281kms",Petrol,Manual,₹1.56 Lakh,delhi-ncr
Tata,Tata TiagoXZ Plus BSVI,2022,"83,247kms",Petrol,Manual,₹3.41 Lakh,delhi-ncr
Maruti,Maruti DzireVXI,2017,"83,786kms",Petrol,Manual,₹4.19 Lakh,delhi-ncr
Maruti,Maruti CelerioZXI,2019,"30,351kms",Petrol,Manual,₹4.06 Lakh,delhi-ncr
Maruti,Maruti Wagon RVXI Optional,2019,"53,988kms",Petrol,Manual,₹3.44 Lakh,delhi-ncr
Hyundai,Hyundai VenueS,2021,"53,312kms",Petrol,Manual,₹5.34 Lakh,delhi-ncr
Maruti,Maruti CiazAlpha BSVI,2020,"88,508kms",Petrol,Manual,₹5.71 Lakh,delhi-ncr
Maruti,Maruti CiazAlpha BSVI,2020,"60,613kms",Petrol,Manual,₹5.64 Lakh,delhi-ncr
Ford,Ford EcosportTrend,2019,"83,164kms",Petrol,Manual,₹4.79 Lakh,delhi-ncr
Ford,Ford Ecosport1.5 Petrol Titanium BSIV,2019,"82,116kms",Petrol,Manual,₹4.56 Lakh,delhi-ncr
Tata,Tata Nexon1.2 Revotron XZ Plus,2019,"40,741kms",Petrol,Manual,₹4.46 Lakh,delhi-ncr
Ford,Ford Ecosport1.5 Petrol Titanium BSIV,2019,"28,638kms",Petrol,Manual,₹5 Lakh,delhi-ncr
Maruti,Maruti CiazAlpha Automatic BSIV,2019,"85,255kms",Petrol,Automatic,₹5.24 Lakh,delhi-ncr
Tata,Tata Tiago1.2 Revotron XZ,2018,"66,938kms",Petrol,Manual,₹3.97 Lakh,delhi-ncr
Tata,Tata Tiago1.2 Revotron XZA,2019,"55,085kms",Petrol,Automatic,₹3.92 Lakh,delhi-ncr
Renault,Renault KWID1.0 RXT AMT Opt,2018,"46,802kms",Petrol,Automatic,₹2.75 Lakh,delhi-ncr
Honda,Honda Amaze 2nd GenVX CVT,2023,"36,870kms",Petrol,Automatic,₹7.20 Lakh,delhi-ncr
Honda,Honda CityV MT,2020,"57,142kms",Petrol,Manual,₹6.65 Lakh,delhi-ncr
Tata,Tata CurvvAccomplished S Diesel,2025,"9,601kms",Diesel,Manual,₹15.57 Lakh,delhi-ncr
Renault,Renault KWIDRXL,2019,"46,915kms",Petrol,Manual,₹2.12 Lakh,delhi-ncr
Renault,Renault KWIDRXT,2016,"41,281kms",Petrol,Manual,₹1.56 Lakh,delhi-ncr
Tata,Tata TiagoXZ Plus BSVI,2022,"83,247kms",Petrol,Manual,₹3.41 Lakh,delhi-ncr
Maruti,Maruti DzireVXI,2017,"83,786kms",Petrol,Manual,₹4.19 Lakh,delhi-ncr
Maruti,Maruti CelerioZXI,2019,"30,351kms",Petrol,Manual,₹4.06 Lakh,delhi-ncr
Maruti,Maruti Wagon RVXI Optional,2019,"53,988kms",Petrol,Manual,₹3.44 Lakh,delhi-ncr
Hyundai,Hyundai VenueS,2021,"53,312kms",Petrol,Manual,₹5.34 Lakh,delhi-ncr
Maruti,Maruti CiazAlpha BSVI,2020,"88,508kms",Petrol,Manual,₹5.71 Lakh,delhi-ncr
Maruti,Maruti CiazAlpha BSVI,2020,"60,613kms",Petrol,Manual,₹5.64 Lakh,delhi-ncr
Ford,Ford EcosportTrend,2019,"83,164kms",Petrol,Manual,₹4.79 Lakh,delhi-ncr
Ford,Ford Ecosport1.5 Petrol Titanium BSIV,2019,"82,116kms",Petrol,Manual,₹4.56 Lakh,delhi-ncr
Tata,Tata Nexon1.2 Revotron XZ Plus,2019,"40,741kms",Petrol,Manual,₹4.46 Lakh,delhi-ncr
Ford,Ford Ecosport1.5 Petrol Titanium BSIV,2019,"28,638kms",Petrol,Manual,₹5 Lakh,delhi-ncr
Maruti,Maruti CiazAlpha Automatic BSIV,2019,"85,255kms",Petrol,Automatic,₹5.24 Lakh,delhi-ncr
Tata,Tata Tiago1.2 Revotron XZ,2018,"66,938kms",Petrol,Manual,₹3.97 Lakh,delhi-ncr
Tata,Tata Tiago1.2 Revotron XZA,2019,"55,085kms",Petrol,Automatic,₹3.92 Lakh,delhi-ncr
Renault,Renault KWID1.0 RXT AMT Opt,2018,"46,802kms",Petrol,Automatic,₹2.75 Lakh,delhi-ncr
Honda,Honda Amaze 2nd GenVX CVT,2023,"36,870kms",Petrol,Automatic,₹7.20 Lakh,delhi-ncr
Honda,Honda CityV MT,2020,"57,142kms",Petrol,Manual,₹6.65 Lakh,delhi-ncr
Tata,Tata CurvvAccomplished S Diesel,2025,"9,601kms",Diesel,Manual,₹15.57 Lakh,delhi-ncr
Renault,Renault KWIDRXL,2019,"46,915kms",Petrol,Manual,₹2.12 Lakh,delhi-ncr
Renault,Renault KWIDRXT,2016,"41,281kms",Petrol,Manual,₹1.56 Lakh,delhi-ncr
Tata,Tata TiagoXZ Plus BSVI,2022,"83,247kms",Petrol,Manual,₹3.41 Lakh,delhi-ncr
Maruti,Maruti DzireVXI,2017,"83,786kms",Petrol,Manual,₹4.19 Lakh,delhi-ncr
Maruti,Maruti CelerioZXI,2019,"30,351kms",Petrol,Manual,₹4.06 Lakh,delhi-ncr
Maruti,Maruti Wagon RVXI Optional,2019,"53,988kms",Petrol,Manual,₹3.44 Lakh,delhi-ncr
Hyundai,Hyundai VenueS,2021,"53,312kms",Petrol,Manual,₹5.34 Lakh,delhi-ncr
Maruti,Maruti CiazAlpha BSVI,2020,"88,508kms",Petrol,Manual,₹5.71 Lakh,delhi-ncr
Maruti,Maruti CiazAlpha BSVI,2020,"60,613kms",Petrol,Manual,₹5.64 Lakh,delhi-ncr
Ford,Ford EcosportTrend,2019,"83,164kms",Petrol,Manual,₹4.79 Lakh,delhi-ncr
Ford,Ford Ecosport1.5 Petrol Titanium BSIV,2019,"82,116kms",Petrol,Manual,₹4.56 Lakh,delhi-ncr
Tata,Tata Nexon1.2 Revotron XZ Plus,2019,"40,741kms",Petrol,Manual,₹4.46 Lakh,delhi-ncr
Ford,Ford Ecosport1.5 Petrol Titanium BSIV,2019,"28,638kms",Petrol,Manual,₹5 Lakh,delhi-ncr
Maruti,Maruti CiazAlpha Automatic BSIV,2019,"85,255kms",Petrol,Automatic,₹5.24 Lakh,delhi-ncr
Tata,Tata Tiago1.2 Revotron XZ,2018,"66,938kms",Petrol,Manual,₹3.97 Lakh,delhi-ncr
Tata,Tata Tiago1.2 Revotron XZA,2019,"55,085kms",Petrol,Automatic,₹3.92 Lakh,delhi-ncr
Renault,Renault KWID1.0 RXT AMT Opt,2018,"46,802kms",Petrol,Automatic,₹2.75 Lakh,delhi-ncr
Honda,Honda Amaze 2nd GenVX CVT,2023,"36,870kms",Petrol,Automatic,₹7.20 Lakh,delhi-ncr
Honda,Honda CityV MT,2020,"57,142kms",Petrol,Manual,₹6.65 Lakh,delhi-ncr
Tata,Tata CurvvAccomplished S Diesel,2025,"9,601kms",Diesel,Manual,₹15.57 Lakh,delhi-ncr
Renault,Renault KWIDRXL,2019,"46,915kms",Petrol,Manual,₹2.12 Lakh,delhi-ncr
Renault,Renault KWIDRXT,2016,"41,281kms",Petrol,Manual,₹1.56 Lakh,delhi-ncr
Tata,Tata TiagoXZ Plus BSVI,2022,"83,247kms",Petrol,Manual,₹3.41 Lakh,delhi-ncr
Maruti,Maruti DzireVXI,2017,"83,786kms",Petrol,Manual,₹4.19 Lakh,delhi-ncr
Maruti,Maruti CelerioZXI,2019,"30,351kms",Petrol,Manual,₹4.06 Lakh,delhi-ncr
Maruti,Maruti Wagon RVXI Optional,2019,"53,988kms",Petrol,Manual,₹3.44 Lakh,delhi-ncr
Hyundai,Hyundai VenueS,2021,"53,312kms",Petrol,Manual,₹5.34 Lakh,delhi-ncr
Ford,Ford Ecosport1.5 Petrol Titanium BSIV,2019,"28,638kms",Petrol,Manual,₹5 Lakh,delhi-ncr
Tata,Tata Tiago1.2 Revotron XZA,2019,"55,085kms",Petrol,Automatic,₹3.92 Lakh,delhi-ncr
Ford,Ford EcosportTrend,2019,"83,164kms",Petrol,Manual,₹4.79 Lakh,delhi-ncr
Ford,Ford Ecosport1.5 Petrol Titanium BSIV,2019,"82,116kms",Petrol,Manual,₹4.56 Lakh,delhi-ncr
Tata,Tata Nexon1.2 Revotron XZ Plus,2019,"40,741kms",Petrol,Manual,₹4.46 Lakh,delhi-ncr
Maruti,Maruti CiazAlpha Automatic BSIV,2019,"85,255kms",Petrol,Automatic,₹5.24 Lakh,delhi-ncr
Maruti,Maruti CiazAlpha BSVI,2020,"88,508kms",Petrol,Manual,₹5.71 Lakh,delhi-ncr
Maruti,Maruti CiazAlpha BSVI,2020,"60,613kms",Petrol,Manual,₹5.64 Lakh,delhi-ncr
Tata,Tata Tiago1.2 Revotron XZ,2018,"66,938kms",Petrol,Manual,₹3.97 Lakh,delhi-ncr
Renault,Renault KWID1.0 RXT AMT Opt,2018,"46,802kms",Petrol,Automatic,₹2.75 Lakh,delhi-ncr
Honda,Honda Amaze 2nd GenVX CVT,2023,"36,870kms",Petrol,Automatic,₹7.20 Lakh,delhi-ncr
Honda,Honda CityV MT,2020,"57,142kms",Petrol,Manual,₹6.65 Lakh,delhi-ncr
Tata,Tata CurvvAccomplished S Diesel,2025,"9,601kms",Diesel,Manual,₹15.57 Lakh,delhi-ncr
Renault,Renault KWIDRXL,2019,"46,915kms",Petrol,Manual,₹2.12 Lakh,delhi-ncr
Renault,Renault KWIDRXT,2016,"41,281kms",Petrol,Manual,₹1.56 Lakh,delhi-ncr
Maruti,Maruti DzireVXI,2017,"83,786kms",Petrol,Manual,₹4.19 Lakh,delhi-ncr
Maruti,Maruti CelerioZXI,2019,"30,351kms",Petrol,Manual,₹4.06 Lakh,delhi-ncr
Tata,Tata TiagoXZ Plus BSVI,2022,"83,247kms",Petrol,Manual,₹3.41 Lakh,delhi-ncr
Maruti,Maruti Wagon RVXI Optional,2019,"53,988kms",Petrol,Manual,₹3.44 Lakh,delhi-ncr
Hyundai,Hyundai VenueS,2021,"53,312kms",Petrol,Manual,₹5.34 Lakh,delhi-ncr
Maruti,Maruti CiazAlpha BSVI,2020,"88,508kms",Petrol,Manual,₹5.71 Lakh,delhi-ncr
Maruti,Maruti CiazAlpha BSVI,2020,"60,613kms",Petrol,Manual,₹5.64 Lakh,delhi-ncr
Ford,Ford EcosportTrend,2019,"83,164kms",Petrol,Manual,₹4.79 Lakh,delhi-ncr
Ford,Ford Ecosport1.5 Petrol Titanium BSIV,2019,"82,116kms",Petrol,Manual,₹4.56 Lakh,delhi-ncr
Tata,Tata Nexon1.2 Revotron XZ Plus,2019,"40,741kms",Petrol,Manual,₹4.46 Lakh,delhi-ncr
Ford,Ford Ecosport1.5 Petrol Titanium BSIV,2019,"28,638kms",Petrol,Manual,₹5 Lakh,delhi-ncr
Maruti,Maruti CiazAlpha Automatic BSIV,2019,"85,255kms",Petrol,Automatic,₹5.24 Lakh,delhi-ncr
Tata,Tata Tiago1.2 Revotron XZ,2018,"66,938kms",Petrol,Manual,₹3.97 Lakh,delhi-ncr
Tata,Tata Tiago1.2 Revotron XZA,2019,"55,085kms",Petrol,Automatic,₹3.92 Lakh,delhi-ncr
Renault,Renault KWID1.0 RXT AMT Opt,2018,"46,802kms",Petrol,Automatic,₹2.75 Lakh,delhi-ncr
Honda,Honda Amaze 2nd GenVX CVT,2023,"36,870kms",Petrol,Automatic,₹7.20 Lakh,delhi-ncr
Honda,Honda CityV MT,2020,"57,142kms",Petrol,Manual,₹6.65 Lakh,delhi-ncr
Tata,Tata CurvvAccomplished S Diesel,2025,"9,601kms",Diesel,Manual,₹15.57 Lakh,delhi-ncr
Renault,Renault KWIDRXL,2019,"46,915kms",Petrol,Manual,₹2.12 Lakh,delhi-ncr
Renault,Renault KWIDRXT,2016,"41,281kms",Petrol,Manual,₹1.56 Lakh,delhi-ncr
Tata,Tata TiagoXZ Plus BSVI,2022,"83,247kms",Petrol,Manual,₹3.41 Lakh,delhi-ncr
Maruti,Maruti DzireVXI,2017,"83,786kms",Petrol,Manual,₹4.19 Lakh,delhi-ncr
Maruti,Maruti CelerioZXI,2019,"30,351kms",Petrol,Manual,₹4.06 Lakh,delhi-ncr
Maruti,Maruti Wagon RVXI Optional,2019,"53,988kms",Petrol,Manual,₹3.44 Lakh,delhi-ncr
Hyundai,Hyundai VenueS,2021,"53,312kms",Petrol,Manual,₹5.34 Lakh,delhi-ncr
Maruti,Maruti CiazAlpha BSVI,2020,"88,508kms",Petrol,Manual,₹5.71 Lakh,delhi-ncr
Maruti,Maruti CiazAlpha BSVI,2020,"60,613kms",Petrol,Manual,₹5.64 Lakh,delhi-ncr
Ford,Ford EcosportTrend,2019,"83,164kms",Petrol,Manual,₹4.79 Lakh,delhi-ncr
Ford,Ford Ecosport1.5 Petrol Titanium BSIV,2019,"82,116kms",Petrol,Manual,₹4.56 Lakh,delhi-ncr
Tata,Tata Nexon1.2 Revotron XZ Plus,2019,"40,741kms",Petrol,Manual,₹4.46 Lakh,delhi-ncr
Ford,Ford Ecosport1.5 Petrol Titanium BSIV,2019,"28,638kms",Petrol,Manual,₹5 Lakh,delhi-ncr
Maruti,Maruti CiazAlpha Automatic BSIV,2019,"85,255kms",Petrol,Automatic,₹5.24 Lakh,delhi-ncr
Tata,Tata Tiago1.2 Revotron XZ,2018,"66,938kms",Petrol,Manual,₹3.97 Lakh,delhi-ncr
Tata,Tata Tiago1.2 Revotron XZA,2019,"55,085kms",Petrol,Automatic,₹3.92 Lakh,delhi-ncr
Renault,Renault KWID1.0 RXT AMT Opt,2018,"46,802kms",Petrol,Automatic,₹2.75 Lakh,delhi-ncr
Honda,Honda Amaze 2nd GenVX CVT,2023,"36,870kms",Petrol,Automatic,₹7.20 Lakh,delhi-ncr
Honda,Honda CityV MT,2020,"57,142kms",Petrol,Manual,₹6.65 Lakh,delhi-ncr
Tata,Tata CurvvAccomplished S Diesel,2025,"9,601kms",Diesel,Manual,₹15.57 Lakh,delhi-ncr
Renault,Renault KWIDRXL,2019,"46,915kms",Petrol,Manual,₹2.12 Lakh,delhi-ncr
Renault,Renault KWIDRXT,2016,"41,281kms",Petrol,Manual,₹1.56 Lakh,delhi-ncr
Tata,Tata TiagoXZ Plus BSVI,2022,"83,247kms",Petrol,Manual,₹3.41 Lakh,delhi-ncr
Maruti,Maruti DzireVXI,2017,"83,786kms",Petrol,Manual,₹4.19 Lakh,delhi-ncr
Maruti,Maruti CelerioZXI,2019,"30,351kms",Petrol,Manual,₹4.06 Lakh,delhi-ncr
Maruti,Maruti Wagon RVXI Optional,2019,"53,988kms",Petrol,Manual,₹3.44 Lakh,delhi-ncr
Hyundai,Hyundai VenueS,2021,"53,312kms",Petrol,Manual,₹5.34 Lakh,delhi-ncr
Ford,Ford Ecosport1.5 Petrol Titanium BSIV,2019,"28,638kms",Petrol,Manual,₹5 Lakh,delhi-ncr
Tata,Tata Tiago1.2 Revotron XZA,2019,"55,085kms",Petrol,Automatic,₹3.92 Lakh,delhi-ncr
Ford,Ford EcosportTrend,2019,"83,164kms",Petrol,Manual,₹4.79 Lakh,delhi-ncr
Ford,Ford Ecosport1.5 Petrol Titanium BSIV,2019,"82,116kms",Petrol,Manual,₹4.56 Lakh,delhi-ncr
Tata,Tata Nexon1.2 Revotron XZ Plus,2019,"40,741kms",Petrol,Manual,₹4.46 Lakh,delhi-ncr
Maruti,Maruti CiazAlpha Automatic BSIV,2019,"85,255kms",Petrol,Automatic,₹5.24 Lakh,delhi-ncr
Maruti,Maruti CiazAlpha BSVI,2020,"88,508kms",Petrol,Manual,₹5.71 Lakh,delhi-ncr
Maruti,Maruti CiazAlpha BSVI,2020,"60,613kms",Petrol,Manual,₹5.64 Lakh,delhi-ncr
Tata,Tata Tiago1.2 Revotron XZ,2018,"66,938kms",Petrol,Manual,₹3.97 Lakh,delhi-ncr
Renault,Renault KWID1.0 RXT AMT Opt,2018,"46,802kms",Petrol,Automatic,₹2.75 Lakh,delhi-ncr
Honda,Honda Amaze 2nd GenVX CVT,2023,"36,870kms",Petrol,Automatic,₹7.20 Lakh,delhi-ncr
Honda,Honda CityV MT,2020,"57,142kms",Petrol,Manual,₹6.65 Lakh,delhi-ncr
Tata,Tata CurvvAccomplished S Diesel,2025,"9,601kms",Diesel,Manual,₹15.57 Lakh,delhi-ncr
Renault,Renault KWIDRXL,2019,"46,915kms",Petrol,Manual,₹2.12 Lakh,delhi-ncr
Renault,Renault KWIDRXT,2016,"41,281kms",Petrol,Manual,₹1.56 Lakh,delhi-ncr
Maruti,Maruti DzireVXI,2017,"83,786kms",Petrol,Manual,₹4.19 Lakh,delhi-ncr
Maruti,Maruti CelerioZXI,2019,"30,351kms",Petrol,Manual,₹4.06 Lakh,delhi-ncr
Tata,Tata TiagoXZ Plus BSVI,2022,"83,247kms",Petrol,Manual,₹3.41 Lakh,delhi-ncr
Maruti,Maruti Wagon RVXI Optional,2019,"53,988kms",Petrol,Manual,₹3.44 Lakh,delhi-ncr
Hyundai,Hyundai VenueS,2021,"53,312kms",Petrol,Manual,₹5.34 Lakh,delhi-ncr
Maruti,Maruti CiazAlpha BSVI,2020,"88,508kms",Petrol,Manual,₹5.71 Lakh,delhi-ncr
Maruti,Maruti CiazAlpha BSVI,2020,"60,613kms",Petrol,Manual,₹5.64 Lakh,delhi-ncr
Ford,Ford EcosportTrend,2019,"83,164kms",Petrol,Manual,₹4.79 Lakh,delhi-ncr
Ford,Ford Ecosport1.5 Petrol Titanium BSIV,2019,"82,116kms",Petrol,Manual,₹4.56 Lakh,delhi-ncr
Tata,Tata Nexon1.2 Revotron XZ Plus,2019,"40,741kms",Petrol,Manual,₹4.46 Lakh,delhi-ncr
Ford,Ford Ecosport1.5 Petrol Titanium BSIV,2019,"28,638kms",Petrol,Manual,₹5 Lakh,delhi-ncr
Maruti,Maruti CiazAlpha Automatic BSIV,2019,"85,255kms",Petrol,Automatic,₹5.24 Lakh,delhi-ncr
Tata,Tata Tiago1.2 Revotron XZ,2018,"66,938kms",Petrol,Manual,₹3.97 Lakh,delhi-ncr
Tata,Tata Tiago1.2 Revotron XZA,2019,"55,085kms",Petrol,Automatic,₹3.92 Lakh,delhi-ncr
Renault,Renault KWID1.0 RXT AMT Opt,2018,"46,802kms",Petrol,Automatic,₹2.75 Lakh,delhi-ncr
Honda,Honda Amaze 2nd GenVX CVT,2023,"36,870kms",Petrol,Automatic,₹7.20 Lakh,delhi-ncr
Honda,Honda CityV MT,2020,"57,142kms",Petrol,Manual,₹6.65 Lakh,delhi-ncr
Tata,Tata CurvvAccomplished S Diesel,2025,"9,601kms",Diesel,Manual,₹15.57 Lakh,delhi-ncr
Renault,Renault KWIDRXL,2019,"46,915kms",Petrol,Manual,₹2.12 Lakh,delhi-ncr
Renault,Renault KWIDRXT,2016,"41,281kms",Petrol,Manual,₹1.56 Lakh,delhi-ncr
Tata,Tata TiagoXZ Plus BSVI,2022,"83,247kms",Petrol,Manual,₹3.41 Lakh,delhi-ncr
Maruti,Maruti DzireVXI,2017,"83,786kms",Petrol,Manual,₹4.19 Lakh,delhi-ncr
Maruti,Maruti CelerioZXI,2019,"30,351kms",Petrol,Manual,₹4.06 Lakh,delhi-ncr
Maruti,Maruti Wagon RVXI Optional,2019,"53,988kms",Petrol,Manual,₹3.44 Lakh,delhi-ncr
Hyundai,Hyundai VenueS,2021,"53,312kms",Petrol,Manual,₹5.34 Lakh,delhi-ncr
Maruti,Maruti CiazAlpha BSVI,2020,"88,508kms",Petrol,Manual,₹5.71 Lakh,delhi-ncr
Maruti,Maruti CiazAlpha BSVI,2020,"60,613kms",Petrol,Manual,₹5.64 Lakh,delhi-ncr
Ford,Ford EcosportTrend,2019,"83,164kms",Petrol,Manual,₹4.79 Lakh,delhi-ncr
Ford,Ford Ecosport1.5 Petrol Titanium BSIV,2019,"82,116kms",Petrol,Manual,₹4.56 Lakh,delhi-ncr
Tata,Tata Nexon1.2 Revotron XZ Plus,2019,"40,741kms",Petrol,Manual,₹4.46 Lakh,delhi-ncr
Ford,Ford Ecosport1.5 Petrol Titanium BSIV,2019,"28,638kms",Petrol,Manual,₹5 Lakh,delhi-ncr
Maruti,Maruti CiazAlpha Automatic BSIV,2019,"85,255kms",Petrol,Automatic,₹5.24 Lakh,delhi-ncr
Tata,Tata Tiago1.2 Revotron XZ,2018,"66,938kms",Petrol,Manual,₹3.97 Lakh,delhi-ncr
Tata,Tata Tiago1.2 Revotron XZA,2019,"55,085kms",Petrol,Automatic,₹3.92 Lakh,delhi-ncr
Renault,Renault KWID1.0 RXT AMT Opt,2018,"46,802kms",Petrol,Automatic,₹2.75 Lakh,delhi-ncr
Honda,Honda Amaze 2nd GenVX CVT,2023,"36,870kms",Petrol,Automatic,₹7.20 Lakh,delhi-ncr
Honda,Honda CityV MT,2020,"57,142kms",Petrol,Manual,₹6.65 Lakh,delhi-ncr
Tata,Tata CurvvAccomplished S Diesel,2025,"9,601kms",Diesel,Manual,₹15.57 Lakh,delhi-ncr
Renault,Renault KWIDRXL,2019,"46,915kms",Petrol,Manual,₹2.12 Lakh,delhi-ncr
Renault,Renault KWIDRXT,2016,"41,281kms",Petrol,Manual,₹1.56 Lakh,delhi-ncr
Tata,Tata TiagoXZ Plus BSVI,2022,"83,247kms",Petrol,Manual,₹3.41 Lakh,delhi-ncr
Maruti,Maruti DzireVXI,2017,"83,786kms",Petrol,Manual,₹4.19 Lakh,delhi-ncr
Maruti,Maruti CelerioZXI,2019,"30,351kms",Petrol,Manual,₹4.06 Lakh,delhi-ncr
Maruti,Maruti Wagon RVXI Optional,2019,"53,988kms",Petrol,Manual,₹3.44 Lakh,delhi-ncr
Hyundai,Hyundai VenueS,2021,"53,312kms",Petrol,Manual,₹5.34 Lakh,delhi-ncr
Maruti,Maruti CiazAlpha BSVI,2020,"88,508kms",Petrol,Manual,₹5.71 Lakh,delhi-ncr
Maruti,Maruti CiazAlpha BSVI,2020,"60,613kms",Petrol,Manual,₹5.64 Lakh,delhi-ncr
Ford,Ford EcosportTrend,2019,"83,164kms",Petrol,Manual,₹4.79 Lakh,delhi-ncr
Ford,Ford Ecosport1.5 Petrol Titanium BSIV,2019,"82,116kms",Petrol,Manual,₹4.56 Lakh,delhi-ncr
Tata,Tata Nexon1.2 Revotron XZ Plus,2019,"40,741kms",Petrol,Manual,₹4.46 Lakh,delhi-ncr
Ford,Ford Ecosport1.5 Petrol Titanium BSIV,2019,"28,638kms",Petrol,Manual,₹5 Lakh,delhi-ncr
Maruti,Maruti CiazAlpha Automatic BSIV,2019,"85,255kms",Petrol,Automatic,₹5.24 Lakh,delhi-ncr
Tata,Tata Tiago1.2 Revotron XZ,2018,"66,938kms",Petrol,Manual,₹3.97 Lakh,delhi-ncr
Tata,Tata Tiago1.2 Revotron XZA,2019,"55,085kms",Petrol,Automatic,₹3.92 Lakh,delhi-ncr
Renault,Renault KWID1.0 RXT AMT Opt,2018,"46,802kms",Petrol,Automatic,₹2.75 Lakh,delhi-ncr
Honda,Honda Amaze 2nd GenVX CVT,2023,"36,870kms",Petrol,Automatic,₹7.20 Lakh,delhi-ncr
Honda,Honda CityV MT,2020,"57,142kms",Petrol,Manual,₹6.65 Lakh,delhi-ncr
Tata,Tata CurvvAccomplished S Diesel,2025,"9,601kms",Diesel,Manual,₹15.57 Lakh,delhi-ncr
Renault,Renault KWIDRXL,2019,"46,915kms",Petrol,Manual,₹2.12 Lakh,delhi-ncr
Renault,Renault KWIDRXT,2016,"41,281kms",Petrol,Manual,₹1.56 Lakh,delhi-ncr
Tata,Tata TiagoXZ Plus BSVI,2022,"83,247kms",Petrol,Manual,₹3.41 Lakh,delhi-ncr
Maruti,Maruti DzireVXI,2017,"83,786kms",Petrol,Manual,₹4.19 Lakh,delhi-ncr
Maruti,Maruti CelerioZXI,2019,"30,351kms",Petrol,Manual,₹4.06 Lakh,delhi-ncr
Maruti,Maruti Wagon RVXI Optional,2019,"53,988kms",Petrol,Manual,₹3.44 Lakh,delhi-ncr
Hyundai,Hyundai VenueS,2021,"53,312kms",Petrol,Manual,₹5.34 Lakh,delhi-ncr
Maruti,Maruti CiazAlpha BSVI,2020,"88,508kms",Petrol,Manual,₹5.71 Lakh,delhi-ncr
Maruti,Maruti CiazAlpha BSVI,2020,"60,613kms",Petrol,Manual,₹5.64 Lakh,delhi-ncr
Ford,Ford EcosportTrend,2019,"83,164kms",Petrol,Manual,₹4.79 Lakh,delhi-ncr
Ford,Ford Ecosport1.5 Petrol Titanium BSIV,2019,"82,116kms",Petrol,Manual,₹4.56 Lakh,delhi-ncr
Tata,Tata Nexon1.2 Revotron XZ Plus,2019,"40,741kms",Petrol,Manual,₹4.46 Lakh,delhi-ncr
Ford,Ford Ecosport1.5 Petrol Titanium BSIV,2019,"28,638kms",Petrol,Manual,₹5 Lakh,delhi-ncr
Maruti,Maruti CiazAlpha Automatic BSIV,2019,"85,255kms",Petrol,Automatic,₹5.24 Lakh,delhi-ncr
Tata,Tata Tiago1.2 Revotron XZ,2018,"66,938kms",Petrol,Manual,₹3.97 Lakh,delhi-ncr
Tata,Tata Tiago1.2 Revotron XZA,2019,"55,085kms",Petrol,Automatic,₹3.92 Lakh,delhi-ncr
Renault,Renault KWID1.0 RXT AMT Opt,2018,"46,802kms",Petrol,Automatic,₹2.75 Lakh,delhi-ncr
Honda,Honda Amaze 2nd GenVX CVT,2023,"36,870kms",Petrol,Automatic,₹7.20 Lakh,delhi-ncr
Honda,Honda CityV MT,2020,"57,142kms",Petrol,Manual,₹6.65 Lakh,delhi-ncr
Tata,Tata CurvvAccomplished S Diesel,2025,"9,601kms",Diesel,Manual,₹15.57 Lakh,delhi-ncr
Renault,Renault KWIDRXL,2019,"46,915kms",Petrol,Manual,₹2.12 Lakh,delhi-ncr
Renault,Renault KWIDRXT,2016,"41,281kms",Petrol,Manual,₹1.56 Lakh,delhi-ncr
Tata,Tata TiagoXZ Plus BSVI,2022,"83,247kms",Petrol,Manual,₹3.41 Lakh,delhi-ncr
Maruti,Maruti DzireVXI,2017,"83,786kms",Petrol,Manual,₹4.19 Lakh,delhi-ncr
Maruti,Maruti CelerioZXI,2019,"30,351kms",Petrol,Manual,₹4.06 Lakh,delhi-ncr
Maruti,Maruti Wagon RVXI Optional,2019,"53,988kms",Petrol,Manual,₹3.44 Lakh,delhi-ncr
Hyundai,Hyundai VenueS,2021,"53,312kms",Petrol,Manual,₹5.34 Lakh,delhi-ncr
Maruti,Maruti CiazAlpha BSVI,2020,"88,508kms",Petrol,Manual,₹5.71 Lakh,delhi-ncr
Maruti,Maruti CiazAlpha BSVI,2020,"60,613kms",Petrol,Manual,₹5.64 Lakh,delhi-ncr
Ford,Ford EcosportTrend,2019,"83,164kms",Petrol,Manual,₹4.79 Lakh,delhi-ncr
Ford,Ford Ecosport1.5 Petrol Titanium BSIV,2019,"82,116kms",Petrol,Manual,₹4.56 Lakh,delhi-ncr
Tata,Tata Nexon1.2 Revotron XZ Plus,2019,"40,741kms",Petrol,Manual,₹4.46 Lakh,delhi-ncr
Ford,Ford Ecosport1.5 Petrol Titanium BSIV,2019,"28,638kms",Petrol,Manual,₹5 Lakh,delhi-ncr
Maruti,Maruti CiazAlpha Automatic BSIV,2019,"85,255kms",Petrol,Automatic,₹5.24 Lakh,delhi-ncr
Tata,Tata Tiago1.2 Revotron XZ,2018,"66,938kms",Petrol,Manual,₹3.97 Lakh,delhi-ncr
Tata,Tata Tiago1.2 Revotron XZA,2019,"55,085kms",Petrol,Automatic,₹3.92 Lakh,delhi-ncr
Renault,Renault KWID1.0 RXT AMT Opt,2018,"46,802kms",Petrol,Automatic,₹2.75 Lakh,delhi-ncr
Honda,Honda Amaze 2nd GenVX CVT,2023,"36,870kms",Petrol,Automatic,₹7.20 Lakh,delhi-ncr
Honda,Honda CityV MT,2020,"57,142kms",Petrol,Manual,₹6.65 Lakh,delhi-ncr
Tata,Tata CurvvAccomplished S Diesel,2025,"9,601kms",Diesel,Manual,₹15.57 Lakh,delhi-ncr
Renault,Renault KWIDRXL,2019,"46,915kms",Petrol,Manual,₹2.12 Lakh,delhi-ncr
Renault,Renault KWIDRXT,2016,"41,281kms",Petrol,Manual,₹1.56 Lakh,delhi-ncr
Tata,Tata TiagoXZ Plus BSVI,2022,"83,247kms",Petrol,Manual,₹3.41 Lakh,delhi-ncr
Maruti,Maruti DzireVXI,2017,"83,786kms",Petrol,Manual,₹4.19 Lakh,delhi-ncr
Maruti,Maruti CelerioZXI,2019,"30,351kms",Petrol,Manual,₹4.06 Lakh,delhi-ncr
Maruti,Maruti Wagon RVXI Optional,2019,"53,988kms",Petrol,Manual,₹3.44 Lakh,delhi-ncr
Hyundai,Hyundai VenueS,2021,"53,312kms",Petrol,Manual,₹5.34 Lakh,delhi-ncr
Ford,Ford Ecosport1.5 Petrol Titanium BSIV,2019,"28,638kms",Petrol,Manual,₹5 Lakh,delhi-ncr
Tata,Tata Tiago1.2 Revotron XZA,2019,"55,085kms",Petrol,Automatic,₹3.92 Lakh,delhi-ncr
Ford,Ford EcosportTrend,2019,"83,164kms",Petrol,Manual,₹4.79 Lakh,delhi-ncr
Ford,Ford Ecosport1.5 Petrol Titanium BSIV,2019,"82,116kms",Petrol,Manual,₹4.56 Lakh,delhi-ncr
Tata,Tata Nexon1.2 Revotron XZ Plus,2019,"40,741kms",Petrol,Manual,₹4.46 Lakh,delhi-ncr
Maruti,Maruti CiazAlpha Automatic BSIV,2019,"85,255kms",Petrol,Automatic,₹5.24 Lakh,delhi-ncr
Maruti,Maruti CiazAlpha BSVI,2020,"88,508kms",Petrol,Manual,₹5.71 Lakh,delhi-ncr
Maruti,Maruti CiazAlpha BSVI,2020,"60,613kms",Petrol,Manual,₹5.64 Lakh,delhi-ncr
Tata,Tata Tiago1.2 Revotron XZ,2018,"66,938kms",Petrol,Manual,₹3.97 Lakh,delhi-ncr
Renault,Renault KWID1.0 RXT AMT Opt,2018,"46,802kms",Petrol,Automatic,₹2.75 Lakh,delhi-ncr
Honda,Honda Amaze 2nd GenVX CVT,2023,"36,870kms",Petrol,Automatic,₹7.20 Lakh,delhi-ncr
Honda,Honda CityV MT,2020,"57,142kms",Petrol,Manual,₹6.65 Lakh,delhi-ncr
Tata,Tata CurvvAccomplished S Diesel,2025,"9,601kms",Diesel,Manual,₹15.57 Lakh,delhi-ncr
Renault,Renault KWIDRXL,2019,"46,915kms",Petrol,Manual,₹2.12 Lakh,delhi-ncr
Renault,Renault KWIDRXT,2016,"41,281kms",Petrol,Manual,₹1.56 Lakh,delhi-ncr
Maruti,Maruti DzireVXI,2017,"83,786kms",Petrol,Manual,₹4.19 Lakh,delhi-ncr
Maruti,Maruti CelerioZXI,2019,"30,351kms",Petrol,Manual,₹4.06 Lakh,delhi-ncr
Tata,Tata TiagoXZ Plus BSVI,2022,"83,247kms",Petrol,Manual,₹3.41 Lakh,delhi-ncr
Maruti,Maruti Wagon RVXI Optional,2019,"53,988kms",Petrol,Manual,₹3.44 Lakh,delhi-ncr
Hyundai,Hyundai VenueS,2021,"53,312kms",Petrol,Manual,₹5.34 Lakh,delhi-ncr
Ford,Ford Ecosport1.5 Petrol Titanium BSIV,2019,"28,638kms",Petrol,Manual,₹5 Lakh,delhi-ncr
Tata,Tata Tiago1.2 Revotron XZA,2019,"55,085kms",Petrol,Automatic,₹3.92 Lakh,delhi-ncr
Ford,Ford EcosportTrend,2019,"83,164kms",Petrol,Manual,₹4.79 Lakh,delhi-ncr
Ford,Ford Ecosport1.5 Petrol Titanium BSIV,2019,"82,116kms",Petrol,Manual,₹4.56 Lakh,delhi-ncr
Tata,Tata Nexon1.2 Revotron XZ Plus,2019,"40,741kms",Petrol,Manual,₹4.46 Lakh,delhi-ncr
Maruti,Maruti CiazAlpha Automatic BSIV,2019,"85,255kms",Petrol,Automatic,₹5.24 Lakh,delhi-ncr
Maruti,Maruti CiazAlpha BSVI,2020,"88,508kms",Petrol,Manual,₹5.71 Lakh,delhi-ncr
Maruti,Maruti CiazAlpha BSVI,2020,"60,613kms",Petrol,Manual,₹5.64 Lakh,delhi-ncr
Tata,Tata Tiago1.2 Revotron XZ,2018,"66,938kms",Petrol,Manual,₹3.97 Lakh,delhi-ncr
Renault,Renault KWID1.0 RXT AMT Opt,2018,"46,802kms",Petrol,Automatic,₹2.75 Lakh,delhi-ncr
Honda,Honda Amaze 2nd GenVX CVT,2023,"36,870kms",Petrol,Automatic,₹7.20 Lakh,delhi-ncr
Honda,Honda CityV MT,2020,"57,142kms",Petrol,Manual,₹6.65 Lakh,delhi-ncr
Tata,Tata CurvvAccomplished S Diesel,2025,"9,601kms",Diesel,Manual,₹15.57 Lakh,delhi-ncr
Renault,Renault KWIDRXL,2019,"46,915kms",Petrol,Manual,₹2.12 Lakh,delhi-ncr
Renault,Renault KWIDRXT,2016,"41,281kms",Petrol,Manual,₹1.56 Lakh,delhi-ncr
Maruti,Maruti DzireVXI,2017,"83,786kms",Petrol,Manual,₹4.19 Lakh,delhi-ncr
Maruti,Maruti CelerioZXI,2019,"30,351kms",Petrol,Manual,₹4.06 Lakh,delhi-ncr
Tata,Tata TiagoXZ Plus BSVI,2022,"83,247kms",Petrol,Manual,₹3.41 Lakh,delhi-ncr
Maruti,Maruti Wagon RVXI Optional,2019,"53,988kms",Petrol,Manual,₹3.44 Lakh,delhi-ncr
Hyundai,Hyundai VenueS,2021,"53,312kms",Petrol,Manual,₹5.34 Lakh,delhi-ncr
Ford,Ford Ecosport1.5 Petrol Titanium BSIV,2019,"28,638kms",Petrol,Manual,₹5 Lakh,delhi-ncr
Tata,Tata Tiago1.2 Revotron XZA,2019,"55,085kms",Petrol,Automatic,₹3.92 Lakh,delhi-ncr
Ford,Ford EcosportTrend,2019,"83,164kms",Petrol,Manual,₹4.79 Lakh,delhi-ncr
Ford,Ford Ecosport1.5 Petrol Titanium BSIV,2019,"82,116kms",Petrol,Manual,₹4.56 Lakh,delhi-ncr
Tata,Tata Nexon1.2 Revotron XZ Plus,2019,"40,741kms",Petrol,Manual,₹4.46 Lakh,delhi-ncr
Maruti,Maruti CiazAlpha Automatic BSIV,2019,"85,255kms",Petrol,Automatic,₹5.24 Lakh,delhi-ncr
Maruti,Maruti CiazAlpha BSVI,2020,"88,508kms",Petrol,Manual,₹5.71 Lakh,delhi-ncr
Maruti,Maruti CiazAlpha BSVI,2020,"60,613kms",Petrol,Manual,₹5.64 Lakh,delhi-ncr
Tata,Tata Tiago1.2 Revotron XZ,2018,"66,938kms",Petrol,Manual,₹3.97 Lakh,delhi-ncr
Renault,Renault KWID1.0 RXT AMT Opt,2018,"46,802kms",Petrol,Automatic,₹2.75 Lakh,delhi-ncr
Honda,Honda Amaze 2nd GenVX CVT,2023,"36,870kms",Petrol,Automatic,₹7.20 Lakh,delhi-ncr
Honda,Honda CityV MT,2020,"57,142kms",Petrol,Manual,₹6.65 Lakh,delhi-ncr
Tata,Tata CurvvAccomplished S Diesel,2025,"9,601kms",Diesel,Manual,₹15.57 Lakh,delhi-ncr
Renault,Renault KWIDRXL,2019,"46,915kms",Petrol,Manual,₹2.12 Lakh,delhi-ncr
Renault,Renault KWIDRXT,2016,"41,281kms",Petrol,Manual,₹1.56 Lakh,delhi-ncr
Maruti,Maruti DzireVXI,2017,"83,786kms",Petrol,Manual,₹4.19 Lakh,delhi-ncr
Maruti,Maruti CelerioZXI,2019,"30,351kms",Petrol,Manual,₹4.06 Lakh,delhi-ncr
Tata,Tata TiagoXZ Plus BSVI,2022,"83,247kms",Petrol,Manual,₹3.41 Lakh,delhi-ncr
Maruti,Maruti Wagon RVXI Optional,2019,"53,988kms",Petrol,Manual,₹3.44 Lakh,delhi-ncr
Hyundai,Hyundai VenueS,2021,"53,312kms",Petrol,Manual,₹5.34 Lakh,delhi-ncr
Maruti,Maruti CiazAlpha BSVI,2020,"88,508kms",Petrol,Manual,₹5.71 Lakh,delhi-ncr
Maruti,Maruti CiazAlpha BSVI,2020,"60,613kms",Petrol,Manual,₹5.64 Lakh,delhi-ncr
Ford,Ford EcosportTrend,2019,"83,164kms",Petrol,Manual,₹4.79 Lakh,delhi-ncr
Ford,Ford Ecosport1.5 Petrol Titanium BSIV,2019,"82,116kms",Petrol,Manual,₹4.56 Lakh,delhi-ncr
Tata,Tata Nexon1.2 Revotron XZ Plus,2019,"40,741kms",Petrol,Manual,₹4.46 Lakh,delhi-ncr
Ford,Ford Ecosport1.5 Petrol Titanium BSIV,2019,"28,638kms",Petrol,Manual,₹5 Lakh,delhi-ncr
Maruti,Maruti CiazAlpha Automatic BSIV,2019,"85,255kms",Petrol,Automatic,₹5.24 Lakh,delhi-ncr
Tata,Tata Tiago1.2 Revotron XZ,2018,"66,938kms",Petrol,Manual,₹3.97 Lakh,delhi-ncr
Tata,Tata Tiago1.2 Revotron XZA,2019,"55,085kms",Petrol,Automatic,₹3.92 Lakh,delhi-ncr
Renault,Renault KWID1.0 RXT AMT Opt,2018,"46,802kms",Petrol,Automatic,₹2.75 Lakh,delhi-ncr
Honda,Honda Amaze 2nd GenVX CVT,2023,"36,870kms",Petrol,Automatic,₹7.20 Lakh,delhi-ncr
Honda,Honda CityV MT,2020,"57,142kms",Petrol,Manual,₹6.65 Lakh,delhi-ncr
Tata,Tata CurvvAccomplished S Diesel,2025,"9,601kms",Diesel,Manual,₹15.57 Lakh,delhi-ncr
Renault,Renault KWIDRXL,2019,"46,915kms",Petrol,Manual,₹2.12 Lakh,delhi-ncr
Renault,Renault KWIDRXT,2016,"41,281kms",Petrol,Manual,₹1.56 Lakh,delhi-ncr
Tata,Tata TiagoXZ Plus BSVI,2022,"83,247kms",Petrol,Manual,₹3.41 Lakh,delhi-ncr
Maruti,Maruti DzireVXI,2017,"83,786kms",Petrol,Manual,₹4.19 Lakh,delhi-ncr
Maruti,Maruti CelerioZXI,2019,"30,351kms",Petrol,Manual,₹4.06 Lakh,delhi-ncr
Maruti,Maruti Wagon RVXI Optional,2019,"53,988kms",Petrol,Manual,₹3.44 Lakh,delhi-ncr
Hyundai,Hyundai VenueS,2021,"53,312kms",Petrol,Manual,₹5.34 Lakh,delhi-ncr
Maruti,Maruti CiazAlpha BSVI,2020,"88,508kms",Petrol,Manual,₹5.71 Lakh,delhi-ncr
Maruti,Maruti CiazAlpha BSVI,2020,"60,613kms",Petrol,Manual,₹5.64 Lakh,delhi-ncr
Ford,Ford EcosportTrend,2019,"83,164kms",Petrol,Manual,₹4.79 Lakh,delhi-ncr
Ford,Ford Ecosport1.5 Petrol Titanium BSIV,2019,"82,116kms",Petrol,Manual,₹4.56 Lakh,delhi-ncr
Tata,Tata Nexon1.2 Revotron XZ Plus,2019,"40,741kms",Petrol,Manual,₹4.46 Lakh,delhi-ncr
Ford,Ford Ecosport1.5 Petrol Titanium BSIV,2019,"28,638kms",Petrol,Manual,₹5 Lakh,delhi-ncr
Maruti,Maruti CiazAlpha Automatic BSIV,2019,"85,255kms",Petrol,Automatic,₹5.24 Lakh,delhi-ncr
Tata,Tata Tiago1.2 Revotron XZ,2018,"66,938kms",Petrol,Manual,₹3.97 Lakh,delhi-ncr
Tata,Tata Tiago1.2 Revotron XZA,2019,"55,085kms",Petrol,Automatic,₹3.92 Lakh,delhi-ncr
Renault,Renault KWID1.0 RXT AMT Opt,2018,"46,802kms",Petrol,Automatic,₹2.75 Lakh,delhi-ncr
Honda,Honda Amaze 2nd GenVX CVT,2023,"36,870kms",Petrol,Automatic,₹7.20 Lakh,delhi-ncr
Honda,Honda CityV MT,2020,"57,142kms",Petrol,Manual,₹6.65 Lakh,delhi-ncr
Tata,Tata CurvvAccomplished S Diesel,2025,"9,601kms",Diesel,Manual,₹15.57 Lakh,delhi-ncr
Renault,Renault KWIDRXL,2019,"46,915kms",Petrol,Manual,₹2.12 Lakh,delhi-ncr
Renault,Renault KWIDRXT,2016,"41,281kms",Petrol,Manual,₹1.56 Lakh,delhi-ncr
Tata,Tata TiagoXZ Plus BSVI,2022,"83,247kms",Petrol,Manual,₹3.41 Lakh,delhi-ncr
Maruti,Maruti DzireVXI,2017,"83,786kms",Petrol,Manual,₹4.19 Lakh,delhi-ncr
Maruti,Maruti CelerioZXI,2019,"30,351kms",Petrol,Manual,₹4.06 Lakh,delhi-ncr
Maruti,Maruti Wagon RVXI Optional,2019,"53,988kms",Petrol,Manual,₹3.44 Lakh,delhi-ncr
Hyundai,Hyundai VenueS,2021,"53,312kms",Petrol,Manual,₹5.34 Lakh,delhi-ncr
Maruti,Maruti CiazAlpha BSVI,2020,"88,508kms",Petrol,Manual,₹5.71 Lakh,delhi-ncr
Maruti,Maruti CiazAlpha BSVI,2020,"60,613kms",Petrol,Manual,₹5.64 Lakh,delhi-ncr
Ford,Ford EcosportTrend,2019,"83,164kms",Petrol,Manual,₹4.79 Lakh,delhi-ncr
Ford,Ford Ecosport1.5 Petrol Titanium BSIV,2019,"82,116kms",Petrol,Manual,₹4.56 Lakh,delhi-ncr
Tata,Tata Nexon1.2 Revotron XZ Plus,2019,"40,741kms",Petrol,Manual,₹4.46 Lakh,delhi-ncr
Ford,Ford Ecosport1.5 Petrol Titanium BSIV,2019,"28,638kms",Petrol,Manual,₹5 Lakh,delhi-ncr
Maruti,Maruti CiazAlpha Automatic BSIV,2019,"85,255kms",Petrol,Automatic,₹5.24 Lakh,delhi-ncr
Tata,Tata Tiago1.2 Revotron XZ,2018,"66,938kms",Petrol,Manual,₹3.97 Lakh,delhi-ncr
Tata,Tata Tiago1.2 Revotron XZA,2019,"55,085kms",Petrol,Automatic,₹3.92 Lakh,delhi-ncr
Renault,Renault KWID1.0 RXT AMT Opt,2018,"46,802kms",Petrol,Automatic,₹2.75 Lakh,delhi-ncr
Honda,Honda Amaze 2nd GenVX CVT,2023,"36,870kms",Petrol,Automatic,₹7.20 Lakh,delhi-ncr
Honda,Honda CityV MT,2020,"57,142kms",Petrol,Manual,₹6.65 Lakh,delhi-ncr
Tata,Tata CurvvAccomplished S Diesel,2025,"9,601kms",Diesel,Manual,₹15.57 Lakh,delhi-ncr
Renault,Renault KWIDRXL,2019,"46,915kms",Petrol,Manual,₹2.12 Lakh,delhi-ncr
Renault,Renault KWIDRXT,2016,"41,281kms",Petrol,Manual,₹1.56 Lakh,delhi-ncr
Tata,Tata TiagoXZ Plus BSVI,2022,"83,247kms",Petrol,Manual,₹3.41 Lakh,delhi-ncr
Maruti,Maruti DzireVXI,2017,"83,786kms",Petrol,Manual,₹4.19 Lakh,delhi-ncr
Maruti,Maruti CelerioZXI,2019,"30,351kms",Petrol,Manual,₹4.06 Lakh,delhi-ncr
Maruti,Maruti Wagon RVXI Optional,2019,"53,988kms",Petrol,Manual,₹3.44 Lakh,delhi-ncr
Hyundai,Hyundai VenueS,2021,"53,312kms",Petrol,Manual,₹5.34 Lakh,delhi-ncr
Ford,Ford Ecosport1.5 Petrol Titanium BSIV,2019,"28,638kms",Petrol,Manual,₹5 Lakh,delhi-ncr
Tata,Tata Tiago1.2 Revotron XZA,2019,"55,085kms",Petrol,Automatic,₹3.92 Lakh,delhi-ncr
Ford,Ford EcosportTrend,2019,"83,164kms",Petrol,Manual,₹4.79 Lakh,delhi-ncr
Ford,Ford Ecosport1.5 Petrol Titanium BSIV,2019,"82,116kms",Petrol,Manual,₹4.56 Lakh,delhi-ncr
Tata,Tata Nexon1.2 Revotron XZ Plus,2019,"40,741kms",Petrol,Manual,₹4.46 Lakh,delhi-ncr
Maruti,Maruti CiazAlpha Automatic BSIV,2019,"85,255kms",Petrol,Automatic,₹5.24 Lakh,delhi-ncr
Maruti,Maruti CiazAlpha BSVI,2020,"88,508kms",Petrol,Manual,₹5.71 Lakh,delhi-ncr
Maruti,Maruti CiazAlpha BSVI,2020,"60,613kms",Petrol,Manual,₹5.64 Lakh,delhi-ncr
Tata,Tata Tiago1.2 Revotron XZ,2018,"66,938kms",Petrol,Manual,₹3.97 Lakh,delhi-ncr
Renault,Renault KWID1.0 RXT AMT Opt,2018,"46,802kms",Petrol,Automatic,₹2.75 Lakh,delhi-ncr
Honda,Honda Amaze 2nd GenVX CVT,2023,"36,870kms",Petrol,Automatic,₹7.20 Lakh,delhi-ncr
Honda,Honda CityV MT,2020,"57,142kms",Petrol,Manual,₹6.65 Lakh,delhi-ncr
Tata,Tata CurvvAccomplished S Diesel,2025,"9,601kms",Diesel,Manual,₹15.57 Lakh,delhi-ncr
Renault,Renault KWIDRXL,2019,"46,915kms",Petrol,Manual,₹2.12 Lakh,delhi-ncr
Renault,Renault KWIDRXT,2016,"41,281kms",Petrol,Manual,₹1.56 Lakh,delhi-ncr
Maruti,Maruti DzireVXI,2017,"83,786kms",Petrol,Manual,₹4.19 Lakh,delhi-ncr
Maruti,Maruti CelerioZXI,2019,"30,351kms",Petrol,Manual,₹4.06 Lakh,delhi-ncr
Tata,Tata TiagoXZ Plus BSVI,2022,"83,247kms",Petrol,Manual,₹3.41 Lakh,delhi-ncr
Maruti,Maruti Wagon RVXI Optional,2019,"53,988kms",Petrol,Manual,₹3.44 Lakh,delhi-ncr
Hyundai,Hyundai VenueS,2021,"53,312kms",Petrol,Manual,₹5.34 Lakh,delhi-ncr
Maruti,Maruti CiazAlpha BSVI,2020,"88,508kms",Petrol,Manual,₹5.71 Lakh,delhi-ncr
Maruti,Maruti CiazAlpha BSVI,2020,"60,613kms",Petrol,Manual,₹5.64 Lakh,delhi-ncr
Ford,Ford EcosportTrend,2019,"83,164kms",Petrol,Manual,₹4.79 Lakh,delhi-ncr
Ford,Ford Ecosport1.5 Petrol Titanium BSIV,2019,"82,116kms",Petrol,Manual,₹4.56 Lakh,delhi-ncr
Tata,Tata Nexon1.2 Revotron XZ Plus,2019,"40,741kms",Petrol,Manual,₹4.46 Lakh,delhi-ncr
Ford,Ford Ecosport1.5 Petrol Titanium BSIV,2019,"28,638kms",Petrol,Manual,₹5 Lakh,delhi-ncr
Maruti,Maruti CiazAlpha Automatic BSIV,2019,"85,255kms",Petrol,Automatic,₹5.24 Lakh,delhi-ncr
Tata,Tata Tiago1.2 Revotron XZ,2018,"66,938kms",Petrol,Manual,₹3.97 Lakh,delhi-ncr
Tata,Tata Tiago1.2 Revotron XZA,2019,"55,085kms",Petrol,Automatic,₹3.92 Lakh,delhi-ncr
Renault,Renault KWID1.0 RXT AMT Opt,2018,"46,802kms",Petrol,Automatic,₹2.75 Lakh,delhi-ncr
Honda,Honda Amaze 2nd GenVX CVT,2023,"36,870kms",Petrol,Automatic,₹7.20 Lakh,delhi-ncr
Honda,Honda CityV MT,2020,"57,142kms",Petrol,Manual,₹6.65 Lakh,delhi-ncr
Tata,Tata CurvvAccomplished S Diesel,2025,"9,601kms",Diesel,Manual,₹15.57 Lakh,delhi-ncr
Renault,Renault KWIDRXL,2019,"46,915kms",Petrol,Manual,₹2.12 Lakh,delhi-ncr
Renault,Renault KWIDRXT,2016,"41,281kms",Petrol,Manual,₹1.56 Lakh,delhi-ncr
Tata,Tata TiagoXZ Plus BSVI,2022,"83,247kms",Petrol,Manual,₹3.41 Lakh,delhi-ncr
Maruti,Maruti DzireVXI,2017,"83,786kms",Petrol,Manual,₹4.19 Lakh,delhi-ncr
Maruti,Maruti CelerioZXI,2019,"30,351kms",Petrol,Manual,₹4.06 Lakh,delhi-ncr
Maruti,Maruti Wagon RVXI Optional,2019,"53,988kms",Petrol,Manual,₹3.44 Lakh,delhi-ncr
Ford,Ford EcosportTrend,2019,"83,164kms",Petrol,Manual,₹4.79 Lakh,delhi-ncr
Hyundai,Hyundai VenueS,2021,"53,312kms",Petrol,Manual,₹5.34 Lakh,delhi-ncr
Ford,Ford Ecosport1.5 Petrol Titanium BSIV,2019,"82,116kms",Petrol,Manual,₹4.56 Lakh,delhi-ncr
Tata,Tata Nexon1.2 Revotron XZ Plus,2019,"40,741kms",Petrol,Manual,₹4.46 Lakh,delhi-ncr
Maruti,Maruti CiazAlpha Automatic BSIV,2019,"85,255kms",Petrol,Automatic,₹5.24 Lakh,delhi-ncr
Tata,Tata Tiago1.2 Revotron XZ,2018,"66,938kms",Petrol,Manual,₹3.97 Lakh,delhi-ncr
Maruti,Maruti CiazAlpha BSVI,2020,"88,508kms",Petrol,Manual,₹5.71 Lakh,delhi-ncr
Maruti,Maruti CiazAlpha BSVI,2020,"60,613kms",Petrol,Manual,₹5.64 Lakh,delhi-ncr
Tata,Tata Tiago1.2 Revotron XZA,2019,"55,085kms",Petrol,Automatic,₹3.92 Lakh,delhi-ncr
Ford,Ford Ecosport1.5 Petrol Titanium BSIV,2019,"28,638kms",Petrol,Manual,₹5 Lakh,delhi-ncr
Renault,Renault KWID1.0 RXT AMT Opt,2018,"46,802kms",Petrol,Automatic,₹2.75 Lakh,delhi-ncr
Honda,Honda Amaze 2nd GenVX CVT,2023,"36,870kms",Petrol,Automatic,₹7.20 Lakh,delhi-ncr
Honda,Honda CityV MT,2020,"57,142kms",Petrol,Manual,₹6.65 Lakh,delhi-ncr
Tata,Tata CurvvAccomplished S Diesel,2025,"9,601kms",Diesel,Manual,₹15.57 Lakh,delhi-ncr
Renault,Renault KWIDRXL,2019,"46,915kms",Petrol,Manual,₹2.12 Lakh,delhi-ncr
Renault,Renault KWIDRXT,2016,"41,281kms",Petrol,Manual,₹1.56 Lakh,delhi-ncr
Tata,Tata TiagoXZ Plus BSVI,2022,"83,247kms",Petrol,Manual,₹3.41 Lakh,delhi-ncr
Maruti,Maruti DzireVXI,2017,"83,786kms",Petrol,Manual,₹4.19 Lakh,delhi-ncr
Maruti,Maruti CelerioZXI,2019,"30,351kms",Petrol,Manual,₹4.06 Lakh,delhi-ncr
Maruti,Maruti Wagon RVXI Optional,2019,"53,988kms",Petrol,Manual,₹3.44 Lakh,delhi-ncr
Hyundai,Hyundai VenueS,2021,"53,312kms",Petrol,Manual,₹5.34 Lakh,delhi-ncr
Maruti,Maruti CiazAlpha BSVI,2020,"88,508kms",Petrol,Manual,₹5.71 Lakh,delhi-ncr
Maruti,Maruti CiazAlpha BSVI,2020,"60,613kms",Petrol,Manual,₹5.64 Lakh,delhi-ncr
Ford,Ford EcosportTrend,2019,"83,164kms",Petrol,Manual,₹4.79 Lakh,delhi-ncr
Ford,Ford Ecosport1.5 Petrol Titanium BSIV,2019,"82,116kms",Petrol,Manual,₹4.56 Lakh,delhi-ncr
Tata,Tata Nexon1.2 Revotron XZ Plus,2019,"40,741kms",Petrol,Manual,₹4.46 Lakh,delhi-ncr
Ford,Ford Ecosport1.5 Petrol Titanium BSIV,2019,"28,638kms",Petrol,Manual,₹5 Lakh,delhi-ncr
Maruti,Maruti CiazAlpha Automatic BSIV,2019,"85,255kms",Petrol,Automatic,₹5.24 Lakh,delhi-ncr
Tata,Tata Tiago1.2 Revotron XZ,2018,"66,938kms",Petrol,Manual,₹3.97 Lakh,delhi-ncr
Tata,Tata Tiago1.2 Revotron XZA,2019,"55,085kms",Petrol,Automatic,₹3.92 Lakh,delhi-ncr
Renault,Renault KWID1.0 RXT AMT Opt,2018,"46,802kms",Petrol,Automatic,₹2.75 Lakh,delhi-ncr
Honda,Honda Amaze 2nd GenVX CVT,2023,"36,870kms",Petrol,Automatic,₹7.20 Lakh,delhi-ncr
Honda,Honda CityV MT,2020,"57,142kms",Petrol,Manual,₹6.65 Lakh,delhi-ncr
Tata,Tata CurvvAccomplished S Diesel,2025,"9,601kms",Diesel,Manual,₹15.57 Lakh,delhi-ncr
Renault,Renault KWIDRXL,2019,"46,915kms",Petrol,Manual,₹2.12 Lakh,delhi-ncr
Renault,Renault KWIDRXT,2016,"41,281kms",Petrol,Manual,₹1.56 Lakh,delhi-ncr
Tata,Tata TiagoXZ Plus BSVI,2022,"83,247kms",Petrol,Manual,₹3.41 Lakh,delhi-ncr
Maruti,Maruti DzireVXI,2017,"83,786kms",Petrol,Manual,₹4.19 Lakh,delhi-ncr
Maruti,Maruti CelerioZXI,2019,"30,351kms",Petrol,Manual,₹4.06 Lakh,delhi-ncr
Maruti,Maruti Wagon RVXI Optional,2019,"53,988kms",Petrol,Manual,₹3.44 Lakh,delhi-ncr
Ford,Ford EcosportTrend,2019,"83,164kms",Petrol,Manual,₹4.79 Lakh,delhi-ncr
Hyundai,Hyundai VenueS,2021,"53,312kms",Petrol,Manual,₹5.34 Lakh,delhi-ncr
Ford,Ford Ecosport1.5 Petrol Titanium BSIV,2019,"82,116kms",Petrol,Manual,₹4.56 Lakh,delhi-ncr
Tata,Tata Nexon1.2 Revotron XZ Plus,2019,"40,741kms",Petrol,Manual,₹4.46 Lakh,delhi-ncr
Maruti,Maruti CiazAlpha Automatic BSIV,2019,"85,255kms",Petrol,Automatic,₹5.24 Lakh,delhi-ncr
Tata,Tata Tiago1.2 Revotron XZ,2018,"66,938kms",Petrol,Manual,₹3.97 Lakh,delhi-ncr
Maruti,Maruti CiazAlpha BSVI,2020,"88,508kms",Petrol,Manual,₹5.71 Lakh,delhi-ncr
Maruti,Maruti CiazAlpha BSVI,2020,"60,613kms",Petrol,Manual,₹5.64 Lakh,delhi-ncr
Tata,Tata Tiago1.2 Revotron XZA,2019,"55,085kms",Petrol,Automatic,₹3.92 Lakh,delhi-ncr
Ford,Ford Ecosport1.5 Petrol Titanium BSIV,2019,"28,638kms",Petrol,Manual,₹5 Lakh,delhi-ncr
Renault,Renault KWID1.0 RXT AMT Opt,2018,"46,802kms",Petrol,Automatic,₹2.75 Lakh,delhi-ncr
Honda,Honda Amaze 2nd GenVX CVT,2023,"36,870kms",Petrol,Automatic,₹7.20 Lakh,delhi-ncr
Honda,Honda CityV MT,2020,"57,142kms",Petrol,Manual,₹6.65 Lakh,delhi-ncr
Tata,Tata CurvvAccomplished S Diesel,2025,"9,601kms",Diesel,Manual,₹15.57 Lakh,delhi-ncr
Renault,Renault KWIDRXL,2019,"46,915kms",Petrol,Manual,₹2.12 Lakh,delhi-ncr
Renault,Renault KWIDRXT,2016,"41,281kms",Petrol,Manual,₹1.56 Lakh,delhi-ncr
Tata,Tata TiagoXZ Plus BSVI,2022,"83,247kms",Petrol,Manual,₹3.41 Lakh,delhi-ncr
Maruti,Maruti DzireVXI,2017,"83,786kms",Petrol,Manual,₹4.19 Lakh,delhi-ncr
Maruti,Maruti CelerioZXI,2019,"30,351kms",Petrol,Manual,₹4.06 Lakh,delhi-ncr
Maruti,Maruti Wagon RVXI Optional,2019,"53,988kms",Petrol,Manual,₹3.44 Lakh,delhi-ncr
Hyundai,Hyundai VenueS,2021,"53,312kms",Petrol,Manual,₹5.34 Lakh,delhi-ncr
Maruti,Maruti CiazAlpha BSVI,2020,"88,508kms",Petrol,Manual,₹5.71 Lakh,delhi-ncr
Maruti,Maruti CiazAlpha BSVI,2020,"60,613kms",Petrol,Manual,₹5.64 Lakh,delhi-ncr
Ford,Ford EcosportTrend,2019,"83,164kms",Petrol,Manual,₹4.79 Lakh,delhi-ncr
Ford,Ford Ecosport1.5 Petrol Titanium BSIV,2019,"82,116kms",Petrol,Manual,₹4.56 Lakh,delhi-ncr
Tata,Tata Nexon1.2 Revotron XZ Plus,2019,"40,741kms",Petrol,Manual,₹4.46 Lakh,delhi-ncr
Ford,Ford Ecosport1.5 Petrol Titanium BSIV,2019,"28,638kms",Petrol,Manual,₹5 Lakh,delhi-ncr
Maruti,Maruti CiazAlpha Automatic BSIV,2019,"85,255kms",Petrol,Automatic,₹5.24 Lakh,delhi-ncr
Tata,Tata Tiago1.2 Revotron XZ,2018,"66,938kms",Petrol,Manual,₹3.97 Lakh,delhi-ncr
Tata,Tata Tiago1.2 Revotron XZA,2019,"55,085kms",Petrol,Automatic,₹3.92 Lakh,delhi-ncr
Renault,Renault KWID1.0 RXT AMT Opt,2018,"46,802kms",Petrol,Automatic,₹2.75 Lakh,delhi-ncr
Honda,Honda Amaze 2nd GenVX CVT,2023,"36,870kms",Petrol,Automatic,₹7.20 Lakh,delhi-ncr
Honda,Honda CityV MT,2020,"57,142kms",Petrol,Manual,₹6.65 Lakh,delhi-ncr
Tata,Tata CurvvAccomplished S Diesel,2025,"9,601kms",Diesel,Manual,₹15.57 Lakh,delhi-ncr
Renault,Renault KWIDRXL,2019,"46,915kms",Petrol,Manual,₹2.12 Lakh,delhi-ncr
Renault,Renault KWIDRXT,2016,"41,281kms",Petrol,Manual,₹1.56 Lakh,delhi-ncr
Tata,Tata TiagoXZ Plus BSVI,2022,"83,247kms",Petrol,Manual,₹3.41 Lakh,delhi-ncr
Maruti,Maruti DzireVXI,2017,"83,786kms",Petrol,Manual,₹4.19 Lakh,delhi-ncr
Maruti,Maruti CelerioZXI,2019,"30,351kms",Petrol,Manual,₹4.06 Lakh,delhi-ncr
Maruti,Maruti Wagon RVXI Optional,2019,"53,988kms",Petrol,Manual,₹3.44 Lakh,delhi-ncr
Ford,Ford EcosportTrend,2019,"83,164kms",Petrol,Manual,₹4.79 Lakh,delhi-ncr
Hyundai,Hyundai VenueS,2021,"53,312kms",Petrol,Manual,₹5.34 Lakh,delhi-ncr
Ford,Ford Ecosport1.5 Petrol Titanium BSIV,2019,"82,116kms",Petrol,Manual,₹4.56 Lakh,delhi-ncr
Tata,Tata Nexon1.2 Revotron XZ Plus,2019,"40,741kms",Petrol,Manual,₹4.46 Lakh,delhi-ncr
Maruti,Maruti CiazAlpha Automatic BSIV,2019,"85,255kms",Petrol,Automatic,₹5.24 Lakh,delhi-ncr
Tata,Tata Tiago1.2 Revotron XZ,2018,"66,938kms",Petrol,Manual,₹3.97 Lakh,delhi-ncr
Maruti,Maruti CiazAlpha BSVI,2020,"88,508kms",Petrol,Manual,₹5.71 Lakh,delhi-ncr
Maruti,Maruti CiazAlpha BSVI,2020,"60,613kms",Petrol,Manual,₹5.64 Lakh,delhi-ncr
Tata,Tata Tiago1.2 Revotron XZA,2019,"55,085kms",Petrol,Automatic,₹3.92 Lakh,delhi-ncr
Ford,Ford Ecosport1.5 Petrol Titanium BSIV,2019,"28,638kms",Petrol,Manual,₹5 Lakh,delhi-ncr
Renault,Renault KWID1.0 RXT AMT Opt,2018,"46,802kms",Petrol,Automatic,₹2.75 Lakh,delhi-ncr
Honda,Honda Amaze 2nd GenVX CVT,2023,"36,870kms",Petrol,Automatic,₹7.20 Lakh,delhi-ncr
Honda,Honda CityV MT,2020,"57,142kms",Petrol,Manual,₹6.65 Lakh,delhi-ncr
Tata,Tata CurvvAccomplished S Diesel,2025,"9,601kms",Diesel,Manual,₹15.57 Lakh,delhi-ncr
Renault,Renault KWIDRXL,2019,"46,915kms",Petrol,Manual,₹2.12 Lakh,delhi-ncr
Renault,Renault KWIDRXT,2016,"41,281kms",Petrol,Manual,₹1.56 Lakh,delhi-ncr
Tata,Tata TiagoXZ Plus BSVI,2022,"83,247kms",Petrol,Manual,₹3.41 Lakh,delhi-ncr
Maruti,Maruti DzireVXI,2017,"83,786kms",Petrol,Manual,₹4.19 Lakh,delhi-ncr
Maruti,Maruti CelerioZXI,2019,"30,351kms",Petrol,Manual,₹4.06 Lakh,delhi-ncr
Maruti,Maruti Wagon RVXI Optional,2019,"53,988kms",Petrol,Manual,₹3.44 Lakh,delhi-ncr
Hyundai,Hyundai VenueS,2021,"53,312kms",Petrol,Manual,₹5.34 Lakh,delhi-ncr
Ford,Ford Ecosport1.5 Petrol Titanium BSIV,2019,"28,638kms",Petrol,Manual,₹5 Lakh,delhi-ncr
Tata,Tata Tiago1.2 Revotron XZA,2019,"55,085kms",Petrol,Automatic,₹3.92 Lakh,delhi-ncr
Ford,Ford EcosportTrend,2019,"83,164kms",Petrol,Manual,₹4.79 Lakh,delhi-ncr
Ford,Ford Ecosport1.5 Petrol Titanium BSIV,2019,"82,116kms",Petrol,Manual,₹4.56 Lakh,delhi-ncr
Tata,Tata Nexon1.2 Revotron XZ Plus,2019,"40,741kms",Petrol,Manual,₹4.46 Lakh,delhi-ncr
Maruti,Maruti CiazAlpha Automatic BSIV,2019,"85,255kms",Petrol,Automatic,₹5.24 Lakh,delhi-ncr
Maruti,Maruti CiazAlpha BSVI,2020,"88,508kms",Petrol,Manual,₹5.71 Lakh,delhi-ncr
Maruti,Maruti CiazAlpha BSVI,2020,"60,613kms",Petrol,Manual,₹5.64 Lakh,delhi-ncr
Tata,Tata Tiago1.2 Revotron XZ,2018,"66,938kms",Petrol,Manual,₹3.97 Lakh,delhi-ncr
Renault,Renault KWID1.0 RXT AMT Opt,2018,"46,802kms",Petrol,Automatic,₹2.75 Lakh,delhi-ncr
Honda,Honda Amaze 2nd GenVX CVT,2023,"36,870kms",Petrol,Automatic,₹7.20 Lakh,delhi-ncr
Honda,Honda CityV MT,2020,"57,142kms",Petrol,Manual,₹6.65 Lakh,delhi-ncr
Tata,Tata CurvvAccomplished S Diesel,2025,"9,601kms",Diesel,Manual,₹15.57 Lakh,delhi-ncr
Renault,Renault KWIDRXL,2019,"46,915kms",Petrol,Manual,₹2.12 Lakh,delhi-ncr
Renault,Renault KWIDRXT,2016,"41,281kms",Petrol,Manual,₹1.56 Lakh,delhi-ncr
Maruti,Maruti DzireVXI,2017,"83,786kms",Petrol,Manual,₹4.19 Lakh,delhi-ncr
Maruti,Maruti CelerioZXI,2019,"30,351kms",Petrol,Manual,₹4.06 Lakh,delhi-ncr
Tata,Tata TiagoXZ Plus BSVI,2022,"83,247kms",Petrol,Manual,₹3.41 Lakh,delhi-ncr
BMW,BMW X4xDrive30i M Sport Black Shadow edition,2022,"33,017kms",Petrol,Automatic,₹55 Lakh,delhi-ncr
Porsche,Porsche Cayenne CoupePlatinum Edition BSVI,2022,"42,939kms",Petrol,Automatic,₹99 Lakh,delhi-ncr
Volvo,Volvo XC40B4 Ultimate BSVI,2022,"38,000kms",Petrol,Automatic,₹32.75 Lakh,delhi-ncr
Jaguar,Jaguar XJ50 Special Edition,2019,"45,000kms",Diesel,Automatic,₹45 Lakh,delhi-ncr
Mercedes-Benz,Mercedes-Benz GLC200,2022,"26,000kms",Petrol,Automatic,₹49.75 Lakh,delhi-ncr
Maruti,Maruti Ertiga1.5 VDI,2019,"1,46,000kms",Diesel,Manual,₹8.30 Lakh,delhi-ncr
BMW,BMW X7xDrive30d DPE Signature,2022,"44,000kms",Diesel,Automatic,₹88 Lakh,delhi-ncr
Kia,Kia CarnivalLimousine Plus,2025,"10,529kms",Diesel,Automatic,₹62 Lakh,delhi-ncr
Mercedes-Benz,Mercedes-Benz GLCProgressive 220d,2019,"45,000kms",Diesel,Automatic,₹31.99 Lakh,delhi-ncr
Volvo,Volvo XC60B5 Inscripition,2022,"33,254kms",Petrol,Automatic,₹41 Lakh,delhi-ncr
Audi,Audi Q3Premium Plus,2023,"24,000kms",Petrol,Automatic,₹32.50 Lakh,delhi-ncr
Jeep,Jeep Grand CherokeeLimited Opt,2024,"29,000kms",Petrol,Automatic,₹56 Lakh,delhi-ncr
Lexus,Lexus ES300h,2019,"51,000kms",Petrol,Automatic,₹39.90 Lakh,delhi-ncr
Mercedes-Benz,Mercedes-Benz C-ClassC 220d BSVI,2022,"27,200kms",Diesel,Automatic,₹39 Lakh,delhi-ncr
BMW,BMW X7xDrive30d DPE Signature,2021,"65,000kms",Diesel,Automatic,₹64.95 Lakh,delhi-ncr
Lexus,Lexus ES300h Luxury,2019,"54,002kms",Petrol,Automatic,₹39.75 Lakh,delhi-ncr
Land Rover,Land Rover Range Rover Sport2.0 Petrol SE,2020,"80,000kms",Petrol,Automatic,₹63 Lakh,delhi-ncr
Mercedes-Benz,Mercedes-Benz EQE SUV500 4MATIC,2025,"8,500kms",Electric,Automatic,₹90 Lakh,delhi-ncr
BMW,BMW X5xDrive 30d xLine,2020,"97,000kms",Diesel,Automatic,₹46.50 Lakh,delhi-ncr
Mercedes-Benz,Mercedes-Benz E-ClassE200 Edition E,2018,"15,983kms",Petrol,Automatic,₹32.22 Lakh,delhi-ncr
BMW,BMW X4xDrive30i M Sport Black Shadow edition,2022,"33,017kms",Petrol,Automatic,₹55 Lakh,delhi-ncr
Porsche,Porsche Cayenne CoupePlatinum Edition BSVI,2022,"42,939kms",Petrol,Automatic,₹99 Lakh,delhi-ncr
Volvo,Volvo XC40B4 Ultimate BSVI,2022,"38,000kms",Petrol,Automatic,₹32.75 Lakh,delhi-ncr
Jaguar,Jaguar XJ50 Special Edition,2019,"45,000kms",Diesel,Automatic,₹45 Lakh,delhi-ncr
Mercedes-Benz,Mercedes-Benz GLC200,2022,"26,000kms",Petrol,Automatic,₹49.75 Lakh,delhi-ncr
Maruti,Maruti Ertiga1.5 VDI,2019,"1,46,000kms",Diesel,Manual,₹8.30 Lakh,delhi-ncr
BMW,BMW X7xDrive30d DPE Signature,2022,"44,000kms",Diesel,Automatic,₹88 Lakh,delhi-ncr
Kia,Kia CarnivalLimousine Plus,2025,"10,529kms",Diesel,Automatic,₹62 Lakh,delhi-ncr
Mercedes-Benz,Mercedes-Benz GLCProgressive 220d,2019,"45,000kms",Diesel,Automatic,₹31.99 Lakh,delhi-ncr
Volvo,Volvo XC60B5 Inscripition,2022,"33,254kms",Petrol,Automatic,₹41 Lakh,delhi-ncr
Audi,Audi Q3Premium Plus,2023,"24,000kms",Petrol,Automatic,₹32.50 Lakh,delhi-ncr
Jeep,Jeep Grand CherokeeLimited Opt,2024,"29,000kms",Petrol,Automatic,₹56 Lakh,delhi-ncr
Lexus,Lexus ES300h,2019,"51,000kms",Petrol,Automatic,₹39.90 Lakh,delhi-ncr
Mercedes-Benz,Mercedes-Benz C-ClassC 220d BSVI,2022,"27,200kms",Diesel,Automatic,₹39 Lakh,delhi-ncr
BMW,BMW X7xDrive30d DPE Signature,2021,"65,000kms",Diesel,Automatic,₹64.95 Lakh,delhi-ncr
Lexus,Lexus ES300h Luxury,2019,"54,002kms",Petrol,Automatic,₹39.75 Lakh,delhi-ncr
Land Rover,Land Rover Range Rover Sport2.0 Petrol SE,2020,"80,000kms",Petrol,Automatic,₹63 Lakh,delhi-ncr
Mercedes-Benz,Mercedes-Benz EQE SUV500 4MATIC,2025,"8,500kms",Electric,Automatic,₹90 Lakh,delhi-ncr
BMW,BMW X5xDrive 30d xLine,2020,"97,000kms",Diesel,Automatic,₹46.50 Lakh,delhi-ncr
Mercedes-Benz,Mercedes-Benz E-ClassE200 Edition E,2018,"15,983kms",Petrol,Automatic,₹32.22 Lakh,delhi-ncr
BMW,BMW X4xDrive30i M Sport Black Shadow edition,2022,"33,017kms",Petrol,Automatic,₹55 Lakh,delhi-ncr
Porsche,Porsche Cayenne CoupePlatinum Edition BSVI,2022,"42,939kms",Petrol,Automatic,₹99 Lakh,delhi-ncr
Volvo,Volvo XC40B4 Ultimate BSVI,2022,"38,000kms",Petrol,Automatic,₹32.75 Lakh,delhi-ncr
Jaguar,Jaguar XJ50 Special Edition,2019,"45,000kms",Diesel,Automatic,₹45 Lakh,delhi-ncr
Audi,Audi Q3Premium Plus,2023,"24,000kms",Petrol,Automatic,₹32.50 Lakh,delhi-ncr
Maruti,Maruti Ertiga1.5 VDI,2019,"1,46,000kms",Diesel,Manual,₹8.30 Lakh,delhi-ncr
Land Rover,Land Rover Range Rover Sport2.0 Petrol SE,2020,"80,000kms",Petrol,Automatic,₹63 Lakh,delhi-ncr
BMW,BMW X7xDrive30d DPE Signature,2021,"65,000kms",Diesel,Automatic,₹64.95 Lakh,delhi-ncr
Jeep,Jeep Grand CherokeeLimited Opt,2024,"29,000kms",Petrol,Automatic,₹56 Lakh,delhi-ncr
Volvo,Volvo XC60B5 Inscripition,2022,"33,254kms",Petrol,Automatic,₹41 Lakh,delhi-ncr
Lexus,Lexus ES300h Luxury,2019,"54,002kms",Petrol,Automatic,₹39.75 Lakh,delhi-ncr
Mercedes-Benz,Mercedes-Benz GLC200,2022,"26,000kms",Petrol,Automatic,₹49.75 Lakh,delhi-ncr
BMW,BMW X7xDrive30d DPE Signature,2022,"44,000kms",Diesel,Automatic,₹88 Lakh,delhi-ncr
Mercedes-Benz,Mercedes-Benz C-ClassC 220d BSVI,2022,"27,200kms",Diesel,Automatic,₹39 Lakh,delhi-ncr
Lexus,Lexus ES300h,2019,"51,000kms",Petrol,Automatic,₹39.90 Lakh,delhi-ncr
Kia,Kia CarnivalLimousine Plus,2025,"10,529kms",Diesel,Automatic,₹62 Lakh,delhi-ncr
Mercedes-Benz,Mercedes-Benz GLCProgressive 220d,2019,"45,000kms",Diesel,Automatic,₹31.99 Lakh,delhi-ncr
Mercedes-Benz,Mercedes-Benz EQE SUV500 4MATIC,2025,"8,500kms",Electric,Automatic,₹90 Lakh,delhi-ncr
Mercedes-Benz,Mercedes-Benz E-ClassE200 Edition E,2018,"15,983kms",Petrol,Automatic,₹32.22 Lakh,delhi-ncr
BMW,BMW X5xDrive 30d xLine,2020,"97,000kms",Diesel,Automatic,₹46.50 Lakh,delhi-ncr
