car_brand,car_name,year,km_driven,fuel,transmission,price,city
Mercedes-Benz,Mercedes-Benz GLE300d BSVI,2022,"27,976kms",Diesel,Automatic,₹67.75 Lakh,bangalore
Renault,Renault KWIDRXL,2021,"29,042kms",Petrol,Manual,₹3.70 Lakh,bangalore
Maruti,Maruti IgnisSigma BSVI,2022,"46,564kms",Petrol,Manual,₹4.52 Lakh,bangalore
Hyundai,Hyundai Verna1.6 VTVT AT SX,2016,"95,846kms",Petrol,Automatic,₹5.93 Lakh,bangalore
Kia,Kia SeltosGTX Plus Diesel AT,2023,"24,860kms",Diesel,Automatic,₹19.49 Lakh,bangalore
Kia,Kia SonetGravity,2024,"30,000kms",Petrol,Manual,₹10.50 Lakh,bangalore
Kia,Kia SeltosGTX Plus DCT,2020,"48,547kms",Petrol,Automatic,₹11.43 Lakh,bangalore
Maruti,Maruti Grand VitaraAlpha AT BSVI,2022,"52,705kms",Petrol,Automatic,₹13.40 Lakh,bangalore
Skoda,Skoda SuperbLaurin & klement BSVI,2021,"54,626kms",Petrol,Automatic,₹29.75 Lakh,bangalore
Jeep,Jeep MeridianLimited Opt AT BSVI,2022,"54,158kms",Diesel,Automatic,₹25.95 Lakh,bangalore
Toyota,Toyota VellfireExecutive Lounge BSVI,2020,"33,000kms",Petrol,Automatic,₹85 Lakh,bangalore
Kia,Kia SonetGTX Plus Turbo DCT DT,2020,"47,961kms",Petrol,Automatic,₹10.49 Lakh,bangalore
Lexus,Lexus ES300h Luxury,2024,"4,500kms",Petrol,Automatic,₹59.75 Lakh,bangalore
Kia,Kia SeltosHTX IVT G,2022,"14,427kms",Petrol,Automatic,₹13.45 Lakh,bangalore
Volkswagen,Volkswagen Taigun1.0 Highline AT,2023,"17,119kms",Petrol,Automatic,₹13.85 Lakh,bangalore
MG,MG Hector PlusSharp CVT,2022,"25,279kms",Petrol,Automatic,₹16.59 Lakh,bangalore
Mahindra,Mahindra XUV700AX7 AT BSVI,2022,"22,000kms",Petrol,Automatic,₹22 Lakh,bangalore
Volvo,Volvo S60D4 KINETIC,2017,"90,389kms",Diesel,Automatic,₹15.95 Lakh,bangalore
Maruti,Maruti Grand VitaraAlpha BSVI,2023,"45,000kms",Petrol,Manual,₹15.50 Lakh,bangalore
Kia,Kia SeltosHTX Plus Diesel,2021,"27,000kms",Diesel,Manual,₹15.50 Lakh,bangalore
Lexus,Lexus ES300h Luxury,2024,"4,500kms",Petrol,Automatic,₹59.75 Lakh,bangalore
Kia,Kia SeltosGTX Plus Diesel AT,2023,"45,000kms",Diesel,Automatic,₹16.99 Lakh,bangalore
Volkswagen,Volkswagen Taigun1.0 Topline AT,2022,"53,908kms",Petrol,Automatic,₹13.03 Lakh,bangalore
Volkswagen,Volkswagen Taigun1.0 Topline AT,2022,"43,451kms",Petrol,Automatic,₹12.54 Lakh,bangalore
Mahindra,Mahindra XUV700AX7 AT BSVI,2022,"22,000kms",Petrol,Automatic,₹22 Lakh,bangalore
Volkswagen,Volkswagen Taigun1.0 TSI Topline AT BSVI,2022,"38,827kms",Petrol,Automatic,₹13.75 Lakh,bangalore
Volvo,Volvo XC40T4 R-Design,2020,"61,000kms",Petrol,Automatic,₹26 Lakh,bangalore
Volvo,Volvo S90D4 Inscription BSIV,2017,"77,000kms",Diesel,Automatic,₹25.50 Lakh,bangalore
Toyota,Toyota VellfireVIP Executive Lounge,2023,"9,200kms",Petrol,Automatic,₹1.09 Crore,bangalore
MG,MG HectorSharp Diesel MT,2023,"23,000kms",Diesel,Manual,₹20.95 Lakh,bangalore
Ford,Ford Endeavour3.2 Titanium AT 4X4,2016,"95,000kms",Diesel,Automatic,₹22.95 Lakh,bangalore
Mini Cooper,Mini Cooper Countryman  -2021Cooper S,2018,"30,000kms",Petrol,Automatic,₹29.75 Lakh,bangalore
Jeep,Jeep Compass2.0 Model S Opt 4x4 AT,2021,"61,000kms",Diesel,Automatic,₹19.25 Lakh,bangalore
Hyundai,Hyundai TucsonGLS AT,2021,"27,000kms",Petrol,Automatic,₹21.45 Lakh,bangalore
Audi,Audi Q530 TDI quattro Premium,2017,"1,29,000kms",Diesel,Automatic,₹21 Lakh,bangalore
Audi,Audi Q335 TDI Quattro Technology,2018,"62,000kms",Diesel,Automatic,₹26.50 Lakh,bangalore
Jeep,Jeep Compass2.0 Limited 4X4,2018,"80,000kms",Diesel,Manual,₹10.30 Lakh,bangalore
,Mini 3 DOORCooper D,2016,"36,000kms",Diesel,Automatic,₹22.96 Lakh,bangalore
Mercedes-Benz,Mercedes-Benz GL-Class350 CDI Blue Efficiency,2013,"1,49,000kms",Diesel,Automatic,₹21.50 Lakh,bangalore
Ford,Ford EndeavourTitanium Plus 4X4 AT,2020,"69,000kms",Diesel,Automatic,₹32.95 Lakh,bangalore
Volvo,Volvo S60T4 Inscription,2021,"70,500kms",Petrol,Automatic,₹34.75 Lakh,bangalore
Mercedes-Benz,Mercedes-Benz GLA220d 4M BSVI,2022,"45,000kms",Diesel,Automatic,₹42.50 Lakh,bangalore
Toyota,Toyota VellfireExecutive Lounge BSVI,2021,"31,000kms",Petrol,Automatic,₹99 Lakh,bangalore
Ford,Ford EndeavourTitanium Plus 4X4 AT,2020,"69,000kms",Diesel,Automatic,₹32.95 Lakh,bangalore
Jeep,Jeep Compass2.0 Model S Opt 4x4 AT,2023,"40,000kms",Diesel,Automatic,₹23.75 Lakh,bangalore
Toyota,Toyota VellfireVIP Executive Lounge,2023,"9,200kms",Petrol,Automatic,₹1.09 Crore,bangalore
Toyota,Toyota VellfireVIP Executive Lounge,2023,"9,200kms",Petrol,Automatic,₹1.09 Crore,bangalore
Kia,Kia CarnivalLimousine Plus,2022,"40,000kms",Diesel,Automatic,₹35.50 Lakh,bangalore
BMW,BMW X4M Sport X xDrive30d,2021,"34,000kms",Diesel,Automatic,₹53.21 Lakh,bangalore
Toyota,Toyota VellfireVIP Executive Lounge,2024,"27,000kms",Petrol,Automatic,₹1.39 Crore,bangalore
Nissan,Nissan MagniteTurbo CVT XV Premium,2024,"9,052kms",Petrol,Automatic,₹10.15 Lakh,bangalore
Kia,Kia SeltosGTX Plus,2020,"1,21,649kms",Petrol,Manual,₹11.82 Lakh,bangalore
Mahindra,Mahindra XUV500W9 AT 1.99,2017,"89,000kms",Diesel,Automatic,₹11.25 Lakh,bangalore
Skoda,Skoda Slavia1.0 TSI Style AT,2023,"20,903kms",Petrol,Automatic,₹14.99 Lakh,bangalore
Citroen,Citroen C5 AircrossShine,2021,"43,992kms",Diesel,Automatic,₹16.65 Lakh,bangalore
Kia,Kia SeltosGTX Plus Diesel AT,2023,"45,000kms",Diesel,Automatic,₹17.25 Lakh,bangalore
Jeep,Jeep Compass2.0 Limited 4X4,2018,"80,000kms",Diesel,Manual,₹10.30 Lakh,bangalore
Kia,Kia SeltosGTX Plus DCT,2020,"1,06,110kms",Petrol,Automatic,₹10.47 Lakh,bangalore
Maruti,Maruti FRONXAlpha Turbo AT,2024,"22,792kms",Petrol,Automatic,₹11.57 Lakh,bangalore
Kia,Kia SeltosGTX,2020,"50,756kms",Petrol,Manual,₹11.17 Lakh,bangalore
BYD,BYD Sealion 7Premium,2025,"26,000kms",Electric,Automatic,₹44.90 Lakh,bangalore
Kia,Kia SeltosGTX Plus DCT,2020,"1,06,110kms",Petrol,Automatic,₹10.47 Lakh,bangalore
Maruti,Maruti FRONXAlpha Turbo AT,2024,"22,792kms",Petrol,Automatic,₹11.57 Lakh,bangalore
MG,MG HectorShine CVT,2021,"33,191kms",Petrol,Automatic,₹12.90 Lakh,bangalore
Volvo,Volvo XC90D5 Inscription BSIV,2017,"1,15,000kms",Diesel,Automatic,₹38 Lakh,bangalore
Kia,Kia SonetGTX Plus Diesel BSVI,2022,"58,173kms",Diesel,Manual,₹12.95 Lakh,bangalore
Kia,Kia SonetGTX Plus Diesel BSVI,2023,"30,000kms",Diesel,Manual,₹14.75 Lakh,bangalore
MG,MG HectorSharp Diesel MT,2021,"60,273kms",Diesel,Manual,₹13.75 Lakh,bangalore
Skoda,Skoda Kushaq1.5 TSI Style DSG,2021,"40,827kms",Petrol,Automatic,₹14.89 Lakh,bangalore
Kia,Kia SeltosHTE Diesel,2021,"72,000kms",Diesel,Manual,₹10.85 Lakh,bangalore
Kia,Kia SeltosHTK Plus D,2019,"94,000kms",Diesel,Manual,₹10.50 Lakh,bangalore
Kia,Kia SeltosGTX Plus DCT,2021,"45,000kms",Petrol,Automatic,₹12.45 Lakh,bangalore
BMW,BMW X1sDrive20d xLine,2020,"27,557kms",Diesel,Automatic,₹28.75 Lakh,bangalore
Skoda,Skoda Slavia1.0 TSI Ambition BSVI,2022,"42,677kms",Petrol,Manual,₹10.70 Lakh,bangalore
Kia,Kia SeltosGTX Plus,2021,"28,010kms",Petrol,Manual,₹14.50 Lakh,bangalore
Kia,Kia SonetHTX Diesel BSVI,2021,"65,000kms",Diesel,Manual,₹10.50 Lakh,bangalore
Mahindra,Mahindra XUV700AX7 Diesel BSVI,2022,"18,000kms",Diesel,Manual,₹20.50 Lakh,bangalore
Volkswagen,Volkswagen Taigun1.0 TSI Topline AT BSVI,2021,"71,000kms",Petrol,Automatic,₹10.50 Lakh,bangalore
Hyundai,Hyundai Venue N LineN8 turbo DCT,2023,"31,000kms",Petrol,Automatic,₹12.85 Lakh,bangalore
MG,MG Hector PlusSharp DCT,2020,"33,000kms",Petrol,Automatic,₹13.49 Lakh,bangalore
Volvo,Volvo XC90D5 R-Design,2018,"1,47,139kms",Diesel,Automatic,₹43.50 Lakh,bangalore
MG,MG HectorSharp Diesel MT,2021,"60,273kms",Diesel,Manual,₹13.75 Lakh,bangalore
Kia,Kia SeltosHTX IVT G,2019,"53,568kms",Petrol,Automatic,₹10.50 Lakh,bangalore
Volkswagen,Volkswagen Taigun1.0 TSI Highline BSVI,2022,"40,000kms",Petrol,Manual,₹10.75 Lakh,bangalore
BMW,BMW X1sDrive20d xLine,2020,"27,557kms",Diesel,Automatic,₹28.75 Lakh,bangalore
Kia,Kia SeltosGTK,2020,"26,000kms",Petrol,Manual,₹11.75 Lakh,bangalore
Skoda,Skoda Slavia1.0 TSI Ambition BSVI,2023,"31,178kms",Petrol,Manual,₹11.10 Lakh,bangalore
Maruti,Maruti DzireZXI Plus,2017,"29,982kms",Petrol,Manual,₹5.88 Lakh,bangalore
Mahindra,Mahindra XUV700AX7 Diesel BSVI,2022,"18,000kms",Diesel,Manual,₹20.50 Lakh,bangalore
Volkswagen,Volkswagen VentoPetrol Comfortline,2013,"68,000kms",Petrol,Manual,₹3.45 Lakh,bangalore
Volkswagen,Volkswagen VentoPetrol Highline,2012,"99,000kms",Petrol,Manual,₹3.85 Lakh,bangalore
Honda,Honda BrioS MT,2012,"77,000kms",Petrol,Manual,₹3.45 Lakh,bangalore
Kia,Kia SonetHTX Turbo iMT BSVI,2023,"40,000kms",Petrol,Manual,₹10.20 Lakh,bangalore
Honda,Honda BrioS MT,2016,"42,000kms",Petrol,Manual,₹4.65 Lakh,bangalore
Nissan,Nissan MicraXE,2015,"65,000kms",Petrol,Manual,₹3.05 Lakh,bangalore
Hyundai,Hyundai Grand i10CRDi Sportz,2013,"78,000kms",Diesel,Manual,₹4.10 Lakh,bangalore
Hyundai,Hyundai TucsonSignature Diesel AT,2025,"6,400kms",Diesel,Automatic,₹33.90 Lakh,bangalore
Maruti,Maruti Swift DzireZXI,2017,"56,558kms",Petrol,Manual,₹5.75 Lakh,bangalore
Hyundai,Hyundai i20Petrol Magna,2018,"71,915kms",Petrol,Manual,₹5.25 Lakh,bangalore
Maruti,Maruti Baleno1.2 Sigma,2017,"60,000kms",Petrol,Manual,₹5.50 Lakh,bangalore
Jeep,Jeep Compass2.0 Model S Opt 4x4 AT,2021,"59,000kms",Diesel,Automatic,₹21.75 Lakh,bangalore
Honda,Honda City1.5 V MT,2011,"91,000kms",Petrol,Manual,₹3.65 Lakh,bangalore
Honda,Honda BrioS MT,2014,"74,938kms",Petrol,Manual,₹3.75 Lakh,bangalore
Maruti,Maruti RitzZXi,2012,"68,675kms",Petrol,Manual,₹3.79 Lakh,bangalore
Skoda,Skoda Kodiaq2.0 TDI Style,2018,"23,000kms",Diesel,Automatic,₹24.75 Lakh,bangalore
Hyundai,Hyundai Grand i10Asta Option AT,2016,"81,040kms",Petrol,Automatic,₹5.75 Lakh,bangalore
Maruti,Maruti CiazZDi,2015,"89,000kms",Diesel,Manual,₹5.75 Lakh,bangalore
Honda,Honda BrioS MT,2012,"1,66,000kms",Petrol,Manual,₹3.75 Lakh,bangalore
Mahindra,Mahindra XUV 3XOAX7 L Turbo AT,2024,"4,000kms",Petrol,Automatic,₹16.21 Lakh,bangalore
Honda,Honda BrioS MT,2014,"72,350kms",Petrol,Manual,₹3.65 Lakh,bangalore
Honda,Honda City1.5 E MT,2009,"1,11,175kms",Petrol,Manual,₹3.20 Lakh,bangalore
Nissan,Nissan Micra ActiveXV,2014,"75,205kms",Petrol,Manual,₹3.40 Lakh,bangalore
Mercedes-Benz,Mercedes-Benz E-ClassExclusive E 220d BSVI,2022,"78,000kms",Diesel,Automatic,₹42.50 Lakh,bangalore
Ford,Ford Aspire1.2 Ti-VCT Trend,2016,"87,000kms",Petrol,Manual,₹3.95 Lakh,bangalore
Ford,Ford Figo1.2P Ambiente MT,2016,"86,000kms",Petrol,Manual,₹3.10 Lakh,bangalore
Maruti,Maruti CiazZDi Plus,2015,"1,22,000kms",Diesel,Manual,₹5.70 Lakh,bangalore
Kia,Kia SonetHTX Diesel AT BSVI,2022,"40,600kms",Diesel,Automatic,₹11.95 Lakh,bangalore
Honda,Honda BrioS MT,2013,"26,251kms",Petrol,Manual,₹3.50 Lakh,bangalore
Volkswagen,Volkswagen Tiguan R Line2.0L TSI,2025,"1,900kms",Petrol,Automatic,₹45 Lakh,bangalore
Hyundai,Hyundai TucsonSignature Diesel AT,2025,"6,400kms",Diesel,Automatic,₹33.90 Lakh,bangalore
Skoda,Skoda Kodiaq2.0 TDI Style,2018,"23,000kms",Diesel,Automatic,₹24.75 Lakh,bangalore
Mini Cooper,Mini Cooper CountrymanCooper S JCW Inspired,2019,"33,000kms",Petrol,Automatic,₹32.75 Lakh,bangalore
Mercedes-Benz,Mercedes-Benz GLE43 AMG Coupe,2017,"60,128kms",Petrol,Automatic,₹58.95 Lakh,bangalore
Mercedes-Benz,Mercedes-Benz GLS400d 4MATIC BSVI,2020,"13,735kms",Diesel,Automatic,₹90 Lakh,bangalore
Mahindra,Mahindra XUV 3XOAX7 L Turbo AT,2024,"4,000kms",Petrol,Automatic,₹16.21 Lakh,bangalore
Toyota,Toyota VellfireExecutive Lounge BSVI,2022,"37,000kms",Petrol,Automatic,₹1.02 Crore,bangalore
Mercedes-Benz,Mercedes-Benz V-ClassExclusive,2019,"92,000kms",Diesel,Automatic,₹47 Lakh,bangalore
Jeep,Jeep Grand CherokeeLimited 4X4,2017,"97,500kms",Diesel,Automatic,₹34.75 Lakh,bangalore
Toyota,Toyota Innova Crysta2.4 VX 7 STR,2020,"1,28,000kms",Diesel,Manual,₹21 Lakh,bangalore
Hyundai,Hyundai TucsonSignature Diesel AT,2025,"6,400kms",Diesel,Automatic,₹33.90 Lakh,bangalore
Volkswagen,Volkswagen Tiguan R Line2.0L TSI,2025,"1,900kms",Petrol,Automatic,₹45 Lakh,bangalore
Mini Cooper,2019Mini Cooper Countryman  -2021Cooper S,2018,"33,318kms",Petrol,Automatic,₹32.75 Lakh,bangalore
Lexus,Lexus NX300h,2019,"82,500kms",Petrol,Automatic,₹37.50 Lakh,bangalore
Mercedes-Benz,Mercedes-Benz GLS400d 4MATIC BSVI,2021,"40,000kms",Diesel,Automatic,₹94.95 Lakh,bangalore
Mercedes-Benz,Mercedes-Benz GLA220d 4MATIC AMG Line,2024,"9,000kms",Diesel,Automatic,₹52.50 Lakh,bangalore
Jeep,Jeep Compass1.4 Model S Opt AT,2022,"36,000kms",Petrol,Automatic,₹22 Lakh,bangalore
Hyundai,Hyundai TucsonGLS AT,2021,"27,000kms",Petrol,Automatic,₹21.43 Lakh,bangalore
Skoda,Skoda Kodiaq2.0 TDI Style,2018,"53,000kms",Diesel,Automatic,₹24.50 Lakh,bangalore
Volkswagen,Volkswagen Tiguan2.0 TSI Elegance BSVI,2023,"16,279kms",Petrol,Automatic,₹34.75 Lakh,bangalore
Mercedes-Benz,Mercedes-Benz GL-Class350 CDI Blue Efficiency,2014,"1,49,010kms",Diesel,Automatic,₹21.50 Lakh,bangalore
Kia,Kia SeltosHTX IVT,2023,"10,000kms",Petrol,Automatic,₹13.50 Lakh,bangalore
MG,MG HectorSharp Diesel Dualtone,2022,"20,324kms",Diesel,Manual,₹16.42 Lakh,bangalore
MG,MG Hector PlusSharp CVT,2022,"25,275kms",Petrol,Automatic,₹17.06 Lakh,bangalore
Kia,Kia SeltosGTX Plus Diesel AT,2022,"41,508kms",Diesel,Automatic,₹15.97 Lakh,bangalore
MG,MG HectorSharp Diesel MT,2020,"71,510kms",Diesel,Manual,₹13.49 Lakh,bangalore
MG,MG Hector2.0 Sharp Pro Diesel BSVI,2023,"37,669kms",Diesel,Manual,₹16.82 Lakh,bangalore
MG,MG HectorSharp Pro Diesel  -2025,2023,"34,990kms",Diesel,Manual,₹17.59 Lakh,bangalore
Mercedes-Benz,Mercedes-Benz E-ClassE250 CDI Avantgrade,2014,"95,000kms",Diesel,Automatic,₹15.90 Lakh,bangalore
Kia,Kia SeltosGTX Plus Diesel AT,2023,"17,445kms",Diesel,Automatic,₹19.49 Lakh,bangalore
MG,MG HectorSharp Diesel MT,2020,"42,196kms",Diesel,Manual,₹16.75 Lakh,bangalore
MG,MG Hector PlusSharp Pro Diesel,2023,"68,000kms",Diesel,Manual,₹15.48 Lakh,bangalore
Kia,Kia SeltosGTX Plus Diesel AT,2023,"13,550kms",Diesel,Automatic,₹18.50 Lakh,bangalore
Mahindra,Mahindra TharLX 4WD Hard Top Diesel BSVI,2023,"34,000kms",Diesel,Manual,₹15.15 Lakh,bangalore
Hyundai,Hyundai AlcazarPlatinum AT,2022,"36,000kms",Petrol,Automatic,₹15.75 Lakh,bangalore
Maruti,Maruti Grand VitaraAlpha Plus Hybrid CVT BSVI,2023,"64,000kms",Petrol,Automatic,₹17.95 Lakh,bangalore
Mercedes-Benz,Mercedes-Benz E-ClassE250 CDI,2014,"99,000kms",Diesel,Automatic,₹15.50 Lakh,bangalore
Porsche,Porsche PanameraDiesel,2015,"51,000kms",Diesel,Automatic,₹38.25 Lakh,bangalore
Hyundai,Hyundai Creta N LineN8 Dual Tone,2024,"13,000kms",Petrol,Manual,₹17.75 Lakh,bangalore
Mercedes-Benz,Mercedes-Benz CLA200 CDI Sport,2016,"34,263kms",Diesel,Automatic,₹19.75 Lakh,bangalore
Audi,Audi Q335 TDI Quattro Premium,2015,"78,000kms",Diesel,Automatic,₹18.75 Lakh,bangalore
Mahindra,Mahindra XUV 3XOMX3 AT,2024,"20,000kms",Petrol,Automatic,₹10.60 Lakh,bangalore
Volkswagen,Volkswagen Vento1.5 TDI Highline,2016,"1,19,043kms",Diesel,Manual,₹5.27 Lakh,bangalore
Honda,Honda BrioS MT,2013,"62,317kms",Petrol,Manual,₹3.20 Lakh,bangalore
Maruti,Maruti CelerioZXI,2017,"74,807kms",Petrol,Manual,₹3.65 Lakh,bangalore
MG,MG Hector PlusSharp Diesel MT,2022,"42,500kms",Diesel,Manual,₹16.60 Lakh,bangalore
Hyundai,Hyundai i20Sportz 1.2,2018,"39,787kms",Petrol,Manual,₹5.54 Lakh,bangalore
Audi,Audi Q530 TDI quattro Premium Plus,2015,"1,39,000kms",Diesel,Automatic,₹22.50 Lakh,bangalore
Mercedes-Benz,Mercedes-Benz GL-Class350 CDI Blue Efficiency,2014,"66,000kms",Diesel,Automatic,₹25.50 Lakh,bangalore
Mahindra,Mahindra TharLX 4WD Hard Top Diesel BSVI,2023,"22,000kms",Diesel,Manual,₹15.15 Lakh,bangalore
Ford,Ford Endeavour3.2 Titanium AT 4X4,2017,"97,000kms",Diesel,Automatic,₹26 Lakh,bangalore
Kia,Kia SeltosGTX Plus Turbo DCT,2024,"8,000kms",Petrol,Automatic,₹20.50 Lakh,bangalore
Mercedes-Benz,Mercedes-Benz C-ClassC 220d Avantgarde Edition C,2017,"61,000kms",Diesel,Automatic,₹22 Lakh,bangalore
MG,MG AstorSavvy CVT Red BSVI,2022,"36,000kms",Petrol,Automatic,₹15 Lakh,bangalore
Mercedes-Benz,Mercedes-Benz C-ClassC 220 CDI Style,2017,"63,000kms",Diesel,Automatic,₹26 Lakh,bangalore
Kia,Kia CarnivalLimousine,2020,"82,000kms",Diesel,Automatic,₹26.50 Lakh,bangalore
MG,MG AstorSharp CVT BSVI,2022,"36,717kms",Petrol,Automatic,₹11.99 Lakh,bangalore
BMW,BMW X1sDrive20d,2014,"1,20,000kms",Diesel,Automatic,₹11 Lakh,bangalore
Mercedes-Benz,Mercedes-Benz GLC220d 4MATIC,2022,"45,193kms",Diesel,Automatic,₹49.75 Lakh,bangalore
Maruti,Maruti Baleno1.2 CVT Alpha,2018,"47,135kms",Petrol,Automatic,₹6.46 Lakh,bangalore
Hyundai,Hyundai i20Sportz Turbo iMT,2021,"84,622kms",Petrol,Manual,₹6.38 Lakh,bangalore
MG,MG AstorSavvy CVT Red BSVI,2022,"36,000kms",Petrol,Automatic,₹15 Lakh,bangalore
Hyundai,Hyundai TucsonSignature Diesel AT,2023,"9,324kms",Diesel,Automatic,₹28.45 Lakh,bangalore
MG,MG GlosterSavvy 4x4 6Str,2023,"41,275kms",Diesel,Automatic,₹31.95 Lakh,bangalore
Kia,Kia SeltosHTX G,2022,"26,183kms",Petrol,Manual,₹11.99 Lakh,bangalore
Jaguar,Jaguar XF3.0 Litre S Premium Luxury,2013,"53,000kms",Diesel,Automatic,₹16.75 Lakh,bangalore
Skoda,Skoda OctaviaLaurin and Klement,2021,"27,879kms",Petrol,Automatic,₹25.95 Lakh,bangalore
Volvo,Volvo XC40D4 R-Design,2018,"41,000kms",Diesel,Automatic,₹34 Lakh,bangalore
Mercedes-Benz,Mercedes-Benz GLS350d 4MATIC,2016,"81,000kms",Diesel,Automatic,₹41.90 Lakh,bangalore
Skoda,Skoda OctaviaAmbition Plus 1.8 TSI AT,2016,"42,000kms",Petrol,Automatic,₹11.75 Lakh,bangalore
Mercedes-Benz,Mercedes-Benz GLE43 AMG Coupe,2020,"12,000kms",Petrol,Automatic,₹95 Lakh,bangalore
Porsche,Porsche CayenneS Diesel,2016,"65,000kms",Diesel,Automatic,₹59.75 Lakh,bangalore
Land Rover,Land Rover Range Rover3.0 HSE,2014,"1,02,000kms",Diesel,Automatic,₹60 Lakh,bangalore
MG,MG HectorHybrid Sharp MT,2021,"62,000kms",Petrol,Manual,₹13.41 Lakh,bangalore
Hyundai,Hyundai TucsonSignature Diesel AT,2025,"6,400kms",Diesel,Automatic,₹33.90 Lakh,bangalore
Hyundai,Hyundai TucsonSignature Diesel AT,2025,"6,400kms",Diesel,Automatic,₹33.90 Lakh,bangalore
Volvo,Volvo S60T4 Inscription,2021,"70,500kms",Petrol,Automatic,₹34.75 Lakh,bangalore
Toyota,Toyota Innova Crysta2.4 GX 7 STR AT,2020,"1,00,000kms",Diesel,Automatic,₹20 Lakh,bangalore
Mercedes-Benz,Mercedes-Benz GLC220d 4MATIC,2022,"54,000kms",Diesel,Automatic,₹47.50 Lakh,bangalore
Mercedes-Benz,Mercedes-Benz GLS350d 4MATIC,2018,"68,611kms",Diesel,Automatic,₹61.75 Lakh,bangalore
Mercedes-Benz,Mercedes-Benz E-ClassExclusive E 220d BSVI,2021,"50,079kms",Diesel,Automatic,₹52.75 Lakh,bangalore
MG,MG HectorSharp DCT,2019,"90,000kms",Petrol,Automatic,₹10 Lakh,bangalore
Mercedes-Benz,Mercedes-Benz E-ClassExclusive E 220d BSVI,2021,"50,079kms",Diesel,Automatic,₹52.75 Lakh,bangalore
Volvo,Volvo S90D4 Inscription BSIV,2019,"25,380kms",Diesel,Automatic,₹40.50 Lakh,bangalore
Volvo,Volvo XC40D4 R-Design,2018,"41,000kms",Diesel,Automatic,₹34 Lakh,bangalore
Skoda,Skoda Slavia1.5 TSI Style AT BSVI,2022,"30,000kms",Petrol,Automatic,₹14.75 Lakh,bangalore
Kia,Kia CarnivalLimousine,2020,"45,898kms",Diesel,Automatic,₹32.45 Lakh,bangalore
Land Rover,Land Rover Discovery SportTD4 HSE 7S,2016,"63,000kms",Diesel,Automatic,₹31 Lakh,bangalore
Jeep,Jeep Compass2.0 Sport Plus BSIV,2019,"29,000kms",Diesel,Manual,₹11.95 Lakh,bangalore
Toyota,Toyota Innova Crysta2.8 GX AT BSIV,2019,"1,82,600kms",Diesel,Automatic,₹18 Lakh,bangalore
Kia,Kia SeltosGTX Plus Turbo DCT,2024,"17,133kms",Petrol,Automatic,₹19.45 Lakh,bangalore
Hyundai,Hyundai Grand i10AT Asta,2015,"67,000kms",Petrol,Automatic,₹5.10 Lakh,bangalore
Toyota,Toyota Innova HycrossZX Hybrid,2023,"36,923kms",Petrol,Automatic,₹31 Lakh,bangalore
Maruti,Maruti Ciaz1.4 AT Alpha,2018,"62,000kms",Petrol,Automatic,₹6.90 Lakh,bangalore
Mercedes-Benz,Mercedes-Benz E-ClassE240 V6 MT,2017,"44,996kms",Petrol,Manual,₹30.80 Lakh,bangalore
Mercedes-Benz,Mercedes-Benz GLC220d 4MATIC Sport,2018,"14,000kms",Diesel,Automatic,₹32 Lakh,bangalore
Volkswagen,Volkswagen Taigun1.0 Topline,2023,200kms,Petrol,Manual,₹17.50 Lakh,bangalore
Skoda,Skoda Rapid1.5 TDI AT Style BSIV,2017,"1,40,000kms",Diesel,Automatic,₹7 Lakh,bangalore
Honda,Honda Cityi VTEC V,2015,"51,571kms",Petrol,Manual,₹4.85 Lakh,bangalore
Maruti,Maruti Swift DzireZXI Plus,2018,"71,880kms",Petrol,Manual,₹5.57 Lakh,bangalore
Maruti,Maruti Wagon RVXI 1.2,2016,"37,436kms",Petrol,Manual,₹3.92 Lakh,bangalore
Renault,Renault KigerRXZ,2022,"69,000kms",Petrol,Manual,₹6.50 Lakh,bangalore
Honda,Honda WR-Vi-DTEC VX,2017,"58,000kms",Diesel,Manual,₹6.95 Lakh,bangalore
Hyundai,Hyundai i20Magna Plus BSIV,2019,"34,700kms",Petrol,Manual,₹6.20 Lakh,bangalore
Volkswagen,Volkswagen AmeoGT 1.5 TDI,2017,"48,000kms",Diesel,Manual,₹7.25 Lakh,bangalore
Maruti,Maruti CiazAlpha Diesel,2017,"40,000kms",Diesel,Manual,₹7.50 Lakh,bangalore
Maruti,Maruti Baleno1.2 Zeta,2016,"36,000kms",Petrol,Manual,₹6.75 Lakh,bangalore
Volkswagen,Volkswagen Vento1.6 Highline,2018,"73,901kms",Petrol,Manual,₹6.75 Lakh,bangalore
Maruti,Maruti Baleno1.2 CVT Delta,2018,"80,000kms",Petrol,Automatic,₹6.35 Lakh,bangalore
Hyundai,Hyundai VernaSX,2020,"80,000kms",Petrol,Manual,₹8 Lakh,bangalore
Honda,Honda Cityi VTEC VX,2016,"96,785kms",Petrol,Manual,₹6.95 Lakh,bangalore
Maruti,Maruti BalenoAlpha BSVI,2022,"27,415kms",Petrol,Manual,₹7.85 Lakh,bangalore
Honda,Honda Cityi-VTEC S,2018,"51,000kms",Petrol,Manual,₹7.95 Lakh,bangalore
Maruti,Maruti BalenoAlpha AMT BSVI,2023,"10,000kms",Petrol,Automatic,₹8.50 Lakh,bangalore
Skoda,Skoda Rapid1.6 MPI Ambition,2016,"54,000kms",Petrol,Manual,₹6.80 Lakh,bangalore
Honda,Honda WR-Vi-DTEC VX,2017,"55,000kms",Diesel,Manual,₹6.85 Lakh,bangalore
Maruti,Maruti Vitara BrezzaVXI,2021,"45,370kms",Petrol,Manual,₹7.90 Lakh,bangalore
Maruti,Maruti Ciaz1.4 AT Alpha,2018,"62,000kms",Petrol,Automatic,₹6.90 Lakh,bangalore
Hyundai,Hyundai i20Asta Opt BSVI,2021,"49,000kms",Petrol,Manual,₹7.25 Lakh,bangalore
Hyundai,Hyundai i201.2 Spotz,2018,"25,000kms",Petrol,Manual,₹6.95 Lakh,bangalore
Volkswagen,Volkswagen Polo1.2 MPI Comfortline,2017,"81,000kms",Petrol,Manual,₹6.25 Lakh,bangalore
Maruti,Maruti Ciaz1.4 AT Alpha,2018,"62,000kms",Petrol,Automatic,₹6.90 Lakh,bangalore
Hyundai,Hyundai i20Sportz BSVI,2021,"45,000kms",Petrol,Manual,₹6.70 Lakh,bangalore
Hyundai,Hyundai Grand i10 NiosSportz,2021,"31,000kms",Petrol,Manual,₹6.25 Lakh,bangalore
Maruti,Maruti Baleno1.2 Alpha,2018,"77,000kms",Petrol,Manual,₹6.25 Lakh,bangalore
MG,MG ZS EVExclusive,2022,"1,50,000kms",Electric,Automatic,₹14 Lakh,bangalore
Skoda,Skoda Rapid1.5 TDI Style Plus,2016,"70,200kms",Diesel,Manual,₹6.25 Lakh,bangalore
Maruti,Maruti Vitara BrezzaVXI,2021,"45,370kms",Petrol,Manual,₹7.90 Lakh,bangalore
Hyundai,Hyundai i20Asta Opt BSVI,2021,"49,000kms",Petrol,Manual,₹7.25 Lakh,bangalore
Hyundai,Hyundai Grand i10 NiosAMT Sportz,2020,"36,000kms",Petrol,Automatic,₹6.25 Lakh,bangalore
Maruti,Maruti BalenoAlpha CVT,2022,"32,562kms",Petrol,Automatic,₹6.75 Lakh,bangalore
Hyundai,Hyundai i20Sportz 1.2,2017,"30,000kms",Petrol,Manual,₹6.10 Lakh,bangalore
Hyundai,Hyundai i201.2 Spotz,2018,"25,000kms",Petrol,Manual,₹6.95 Lakh,bangalore
Mahindra,Mahindra XUV500AT W8 1.99 mHawk,2017,"80,000kms",Diesel,Automatic,₹8.95 Lakh,bangalore
Honda,Honda Cityi-DTEC ZX,2018,"1,47,229kms",Diesel,Manual,₹6.15 Lakh,bangalore
Kia,Kia SeltosGTX Plus Turbo DCT,2024,"17,133kms",Petrol,Automatic,₹19.45 Lakh,bangalore
Skoda,Skoda KodiaqL & K BSVI,2022,"50,000kms",Petrol,Automatic,₹32.50 Lakh,bangalore
Kia,Kia SonetHTX Turbo iMT BSVI,2020,"57,000kms",Petrol,Manual,₹8 Lakh,bangalore
Volkswagen,Volkswagen Vento1.5 TDI Highline,2016,"1,19,043kms",Diesel,Manual,₹5.27 Lakh,bangalore
Jeep,Jeep Compass2.0 Sport Plus BSIV,2020,"67,000kms",Diesel,Manual,₹12.75 Lakh,bangalore
MG,MG HectorSharp DCT,2019,"77,000kms",Petrol,Automatic,₹11.95 Lakh,bangalore
Honda,Honda AmazeVX i-VTEC,2019,"10,500kms",Petrol,Manual,₹6.50 Lakh,bangalore
Mercedes-Benz,Mercedes-Benz E-ClassExclusive E 220d,2022,"79,000kms",Diesel,Automatic,₹42.50 Lakh,bangalore
Land Rover,Land Rover Range Rover EvoquePetrol HSE Dynamic,2018,"34,000kms",Petrol,Automatic,₹46.95 Lakh,bangalore
Volvo,Volvo S60T4 Inscription,2021,"70,500kms",Petrol,Automatic,₹34.75 Lakh,bangalore
MG,MG ZS EVExclusive,2023,"28,000kms",Electric,Automatic,₹15.25 Lakh,bangalore
Land Rover,Land Rover Range Rover SportHSE,2015,"66,000kms",Diesel,Automatic,₹54.50 Lakh,bangalore
Mercedes-Benz,Mercedes-Benz GLS350d 4MATIC,2016,"81,000kms",Diesel,Automatic,₹41.90 Lakh,bangalore
Volvo,Volvo XC90D5 Inscription BSIV,2017,"1,15,000kms",Diesel,Automatic,₹38 Lakh,bangalore
Hyundai,Hyundai Creta1.6 VTVT SX Plus,2017,"60,000kms",Petrol,Manual,₹7.50 Lakh,bangalore
Volvo,Volvo XC90D5 Inscription BSIV,2017,"1,15,000kms",Diesel,Automatic,₹38 Lakh,bangalore
Mercedes-Benz,Mercedes-Benz GLC220d 4MATIC,2021,"42,000kms",Diesel,Automatic,₹46.50 Lakh,bangalore
Porsche,Porsche PanameraDiesel,2015,"56,000kms",Diesel,Automatic,₹39 Lakh,bangalore
Renault,Renault KigerRXT Opt AMT,2024,"30,000kms",Petrol,Automatic,₹7 Lakh,bangalore
Mercedes-Benz,Mercedes-Benz GLE250d,2018,"1,35,000kms",Diesel,Automatic,₹36 Lakh,bangalore
Mercedes-Benz,Mercedes-Benz GLC220d 4MATIC,2022,"80,000kms",Diesel,Automatic,₹46 Lakh,bangalore
Mercedes-Benz,Mercedes-Benz GLC220d 4MATIC,2022,"49,000kms",Diesel,Automatic,₹47.85 Lakh,bangalore
MG,MG HectorHybrid Sharp MT,2022,"18,000kms",Petrol,Manual,₹15 Lakh,bangalore
Audi,Audi Q3Premium Plus,2022,"25,545kms",Petrol,Automatic,₹37.27 Lakh,bangalore
Hyundai,Hyundai i20Sportz 1.2,2016,"76,000kms",Petrol,Manual,₹5.95 Lakh,bangalore
Maruti,Maruti Swift DzireVXi,2010,"82,000kms",Petrol,Manual,₹3.10 Lakh,bangalore
Hyundai,Hyundai VenueS Turbo DCT,2020,"50,000kms",Petrol,Automatic,₹6.50 Lakh,bangalore
Volkswagen,Volkswagen Polo1.2 MPI Comfortline,2016,"62,000kms",Petrol,Manual,₹5.35 Lakh,bangalore
Volkswagen,Volkswagen Polo1.2 MPI Comfortline,2017,"53,000kms",Petrol,Manual,₹5.75 Lakh,bangalore
Nissan,Nissan SunnyXV,2014,"71,000kms",Petrol,Manual,₹3.15 Lakh,bangalore
Maruti,Maruti ErtigaZXI AT,2021,"10,000kms",Petrol,Automatic,₹10.50 Lakh,bangalore
Maruti,Maruti Baleno1.3 Zeta,2019,"1,18,000kms",Diesel,Manual,₹5.80 Lakh,bangalore
Hyundai,Hyundai Grand i10Sportz Plus,2016,"53,000kms",Petrol,Manual,₹3.95 Lakh,bangalore
Renault,Renault ScalaRxL,2016,"63,000kms",Petrol,Manual,₹3.55 Lakh,bangalore
Mahindra,Mahindra XUV500W6 2WD,2017,"1,13,000kms",Diesel,Manual,₹10 Lakh,bangalore
Volkswagen,Volkswagen Polo1.2 MPI Comfortline,2013,"65,000kms",Petrol,Manual,₹4.15 Lakh,bangalore
Volkswagen,Volkswagen PoloPetrol Comfortline 1.2L,2012,"89,000kms",Petrol,Manual,₹3.35 Lakh,bangalore
Maruti,Maruti SX4ZXI AT,2011,"1,15,000kms",Petrol,Automatic,₹3.95 Lakh,bangalore
Hyundai,Hyundai Creta1.6 VTVT SX Plus,2018,"40,000kms",Petrol,Manual,₹7.25 Lakh,bangalore
Honda,Honda Cityi VTEC SV,2014,"82,000kms",Petrol,Manual,₹4.75 Lakh,bangalore
Skoda,Skoda Fabia1.2 MPI Elegance,2013,"64,000kms",Petrol,Manual,₹3.25 Lakh,bangalore
Volkswagen,Volkswagen PoloPetrol Highline 1.2L,2012,"87,000kms",Petrol,Manual,₹3.95 Lakh,bangalore
Mahindra,Mahindra TharLX 4-Str Hard Top AT RWD BSVI,2023,"22,000kms",Petrol,Automatic,₹13.99 Lakh,bangalore
Nissan,Nissan MicraXE,2015,"65,000kms",Petrol,Manual,₹3.05 Lakh,bangalore
Volkswagen,Volkswagen PoloPetrol Trendline 1.2L,2013,"53,000kms",Petrol,Manual,₹3.75 Lakh,bangalore
Ford,Ford FigoDiesel EXI,2014,"25,000kms",Diesel,Manual,₹3.95 Lakh,bangalore
Mahindra,Mahindra XUV500W8 FWD,2013,"74,000kms",Diesel,Manual,₹6.95 Lakh,bangalore
Ford,Ford FigoDiesel EXI,2014,"25,000kms",Diesel,Manual,₹3.95 Lakh,bangalore
Volkswagen,Volkswagen PoloPetrol Trendline 1.2L,2013,"53,000kms",Petrol,Manual,₹3.75 Lakh,bangalore
Hyundai,Hyundai i10Sportz,2012,"53,000kms",Petrol,Manual,₹3.45 Lakh,bangalore
Maruti,Maruti Vitara BrezzaVDi,2018,"90,000kms",Diesel,Manual,₹7.20 Lakh,bangalore
Maruti,Maruti Ciaz1.4 AT Zeta,2018,"52,825kms",Petrol,Automatic,₹6 Lakh,bangalore
Volkswagen,Volkswagen Polo1.2 MPI Comfortline,2016,"62,000kms",Petrol,Manual,₹5.18 Lakh,bangalore
Maruti,Maruti CiazZDi,2015,"89,000kms",Diesel,Manual,₹5.75 Lakh,bangalore
Mitsubishi,Mitsubishi PajeroSport 4X4,2014,"75,000kms",Diesel,Manual,₹11.50 Lakh,bangalore
Maruti,Maruti SX4ZXI AT,2011,"1,15,000kms",Petrol,Automatic,₹3.25 Lakh,bangalore
Honda,Honda BrioS MT,2012,"1,66,000kms",Petrol,Manual,₹3.75 Lakh,bangalore
Hyundai,Hyundai Grand i10CRDi Magna,2013,"72,000kms",Diesel,Manual,₹3.60 Lakh,bangalore
Tata,Tata AltrozXZ BSVI,2021,"20,200kms",Petrol,Manual,₹6.45 Lakh,bangalore
Hyundai,Hyundai Grand i10Asta,2015,"35,000kms",Petrol,Manual,₹5.50 Lakh,bangalore
Maruti,Maruti CiazAlpha Automatic BSIV,2017,"1,02,000kms",Petrol,Automatic,₹5.45 Lakh,bangalore
Honda,Honda Cityi VTEC V,2015,"63,244kms",Petrol,Manual,₹5.59 Lakh,bangalore
Volkswagen,Volkswagen PoloGT TSI,2017,"68,000kms",Petrol,Automatic,₹8.50 Lakh,bangalore
Hyundai,Hyundai Grand i10Asta Option,2016,"34,147kms",Petrol,Manual,₹4.95 Lakh,bangalore
Volkswagen,Volkswagen Polo1.2 MPI Comfortline,2014,"94,223kms",Petrol,Manual,₹4.99 Lakh,bangalore
Volkswagen,Volkswagen PoloPetrol Comfortline 1.2L,2012,"73,000kms",Petrol,Manual,₹4.25 Lakh,bangalore
Mahindra,Mahindra ScorpioS10 7 Seater 2WD,2014,"1,24,000kms",Diesel,Manual,₹8 Lakh,bangalore
Ford,Ford FigoDiesel EXI,2014,"25,000kms",Diesel,Manual,₹3.95 Lakh,bangalore
Hyundai,Hyundai Grand i10Sportz,2016,"80,556kms",Petrol,Manual,₹3.95 Lakh,bangalore
Volkswagen,Volkswagen PoloPetrol Comfortline 1.2L,2012,"89,000kms",Petrol,Manual,₹3.35 Lakh,bangalore
MG,MG Comet EVExclusive FC,2024,"11,800kms",Electric,Automatic,₹8.21 Lakh,bangalore
Honda,Honda Cityi VTEC SV,2014,"82,000kms",Petrol,Manual,₹4.75 Lakh,bangalore
Skoda,Skoda Fabia1.2 MPI Elegance,2013,"64,000kms",Petrol,Manual,₹3.25 Lakh,bangalore
Maruti,Maruti Swift DzireVDI Optional,2016,"1,04,000kms",Diesel,Manual,₹5.49 Lakh,bangalore
MG,MG Comet EVExcite FC,2024,"12,000kms",Electric,Automatic,₹7.11 Lakh,bangalore
Honda,Honda BrioS MT,2014,"42,000kms",Petrol,Manual,₹3.55 Lakh,bangalore
Volkswagen,Volkswagen Polo1.2 MPI Comfortline,2016,"62,000kms",Petrol,Manual,₹5.35 Lakh,bangalore
Nissan,Nissan MicraXE,2015,"65,000kms",Petrol,Manual,₹3.05 Lakh,bangalore
Hyundai,Hyundai i20Asta Option 1.2,2016,"90,000kms",Petrol,Manual,₹5.50 Lakh,bangalore
Volkswagen,Volkswagen PoloPetrol Highline 1.2L,2012,"87,000kms",Petrol,Manual,₹3.95 Lakh,bangalore
Honda,Honda CityS,2011,"88,000kms",Petrol,Manual,₹3.75 Lakh,bangalore
Hyundai,Hyundai Grand i10Sportz,2017,"86,000kms",Petrol,Manual,₹5.65 Lakh,bangalore
MG,MG Comet EV100 Year Limited Edition,2024,"2,500kms",Electric,Automatic,₹8.25 Lakh,bangalore
Hyundai,Hyundai i201.2 Magna,2012,"71,000kms",Petrol,Manual,₹3.75 Lakh,bangalore
Renault,Renault PulseRxZ,2015,"56,000kms",Diesel,Manual,₹4.50 Lakh,bangalore
Volkswagen,Volkswagen Polo1.2 MPI Highline,2013,"51,000kms",Petrol,Manual,₹4.25 Lakh,bangalore
Hyundai,Hyundai Verna1.6 VTVT,2011,"90,000kms",Petrol,Manual,₹3 Lakh,bangalore
Maruti,Maruti CiazAT ZXi,2016,"64,006kms",Petrol,Automatic,₹5.86 Lakh,bangalore
Maruti,Maruti DzireZXI Plus,2017,"91,430kms",Petrol,Manual,₹4.88 Lakh,bangalore
Volkswagen,Volkswagen Vento1.5 TDI Highline,2016,"1,20,000kms",Diesel,Manual,₹5.75 Lakh,bangalore
Tata,Tata Nexon1.5 Revotorq XZA Plus,2018,"50,000kms",Diesel,Automatic,₹5.90 Lakh,bangalore
Hyundai,Hyundai Grand i101.2 Kappa Sportz BSIV,2014,"44,002kms",Petrol,Manual,₹3.57 Lakh,bangalore
Hyundai,Hyundai i10Sportz 1.1L,2015,"77,553kms",Petrol,Manual,₹3.19 Lakh,bangalore
Maruti,Maruti CelerioVXI,2015,"1,22,295kms",Petrol,Manual,₹3.29 Lakh,bangalore
Ford,Ford AspireTitanium,2021,"50,000kms",Petrol,Manual,₹5 Lakh,bangalore
Hyundai,Hyundai Grand i10Magna,2016,"39,911kms",Petrol,Manual,₹3.93 Lakh,bangalore
Maruti,Maruti CelerioZXI,2017,"1,18,548kms",Petrol,Manual,₹4.07 Lakh,bangalore
Volkswagen,Volkswagen VentoPetrol Highline,2014,"1,05,619kms",Petrol,Manual,₹3.87 Lakh,bangalore
Skoda,Skoda Rapid1.6 MPI Ambition,2012,"1,00,000kms",Petrol,Manual,₹3 Lakh,bangalore
Maruti,Maruti CelerioZXI,2016,"74,141kms",Petrol,Manual,₹3.50 Lakh,bangalore
Maruti,Maruti CelerioZXI,2014,"70,588kms",Petrol,Manual,₹3.05 Lakh,bangalore
Hyundai,Hyundai Xcent1.2 Kappa SX,2015,"71,654kms",Petrol,Manual,₹3.35 Lakh,bangalore
Honda,Honda Jazz1.2 VX i VTEC,2016,"50,000kms",Petrol,Manual,₹4.50 Lakh,bangalore
Volkswagen,Volkswagen VentoPetrol Highline,2013,"51,652kms",Petrol,Manual,₹3.21 Lakh,bangalore
Maruti,Maruti CiazZXi Plus,2016,"89,367kms",Petrol,Manual,₹4.56 Lakh,bangalore
Maruti,Maruti CelerioVXI AMT,2014,"36,654kms",Petrol,Automatic,₹3.74 Lakh,bangalore
Honda,Honda Jazz1.2 V AT i VTEC,2016,"81,000kms",Petrol,Automatic,₹4.50 Lakh,bangalore
Honda,Honda City1.5 V MT,2011,"91,000kms",Petrol,Manual,₹3.65 Lakh,bangalore
Maruti,Maruti Swift DzireVXi,2010,"82,000kms",Petrol,Manual,₹3.10 Lakh,bangalore
Maruti,Maruti CelerioVXI AT,2016,"38,000kms",Petrol,Automatic,₹4.70 Lakh,bangalore
Volkswagen,Volkswagen VentoDiesel Highline,2012,"54,000kms",Diesel,Manual,₹4 Lakh,bangalore
Maruti,Maruti CiazZDi,2015,"89,000kms",Diesel,Manual,₹5.75 Lakh,bangalore
Maruti,Maruti SX4ZXI AT,2011,"1,15,000kms",Petrol,Automatic,₹3.25 Lakh,bangalore
Honda,Honda BrioS MT,2014,"72,350kms",Petrol,Manual,₹3.65 Lakh,bangalore
Chevrolet,Chevrolet BeatLS,2010,"40,000kms",Petrol,Manual,₹1.90 Lakh,bangalore
Hyundai,Hyundai Grand i10Asta Option,2016,"34,147kms",Petrol,Manual,₹4.95 Lakh,bangalore
Volkswagen,Volkswagen Polo1.2 MPI Comfortline,2014,"94,223kms",Petrol,Manual,₹4.99 Lakh,bangalore
Hyundai,Hyundai Grand i10Asta,2015,"35,000kms",Petrol,Manual,₹5.50 Lakh,bangalore
Maruti,Maruti CiazAlpha Automatic BSIV,2017,"1,02,000kms",Petrol,Automatic,₹5.45 Lakh,bangalore
Hyundai,Hyundai Grand i10CRDi Magna,2013,"72,000kms",Diesel,Manual,₹3.60 Lakh,bangalore
Honda,Honda Cityi VTEC V,2015,"63,244kms",Petrol,Manual,₹5.59 Lakh,bangalore
Honda,Honda BrioS MT,2012,"1,66,000kms",Petrol,Manual,₹3.75 Lakh,bangalore
Volkswagen,Volkswagen Polo1.2 MPI Comfortline,2016,"62,000kms",Petrol,Manual,₹5.18 Lakh,bangalore
Hyundai,Hyundai i201.2 Sportz,2011,"65,672kms",Petrol,Manual,₹3.05 Lakh,bangalore
Volkswagen,Volkswagen PoloPetrol Comfortline 1.2L,2012,"73,000kms",Petrol,Manual,₹4.25 Lakh,bangalore
Honda,Honda CityV MT,2012,"85,170kms",Petrol,Manual,₹4.40 Lakh,bangalore
Hyundai,Hyundai i10Magna 1.2,2010,"1,08,000kms",Petrol,Manual,₹3.25 Lakh,bangalore
Skoda,Skoda Rapid1.6 MPI Ambition Plus,2016,"58,000kms",Petrol,Manual,₹5.95 Lakh,bangalore
Volkswagen,Volkswagen VentoPetrol Highline,2012,"47,000kms",Petrol,Manual,₹4.55 Lakh,bangalore
Volkswagen,Volkswagen PoloPetrol Comfortline 1.2L,2012,"73,000kms",Petrol,Manual,₹4.25 Lakh,bangalore
Maruti,Maruti Ciaz1.4 AT Zeta,2018,"52,825kms",Petrol,Automatic,₹6 Lakh,bangalore
Hyundai,Hyundai i10Sportz,2012,"53,000kms",Petrol,Manual,₹3.45 Lakh,bangalore
Maruti,Maruti SX4ZXI AT,2011,"1,15,000kms",Petrol,Automatic,₹3.95 Lakh,bangalore
Volkswagen,Volkswagen Polo1.2 MPI Highline,2014,"64,000kms",Petrol,Manual,₹4.15 Lakh,bangalore
Ford,Ford FigoDiesel EXI,2014,"25,000kms",Diesel,Manual,₹3.95 Lakh,bangalore
Hyundai,Hyundai i201.2 Magna,2011,"71,260kms",Petrol,Manual,₹3.40 Lakh,bangalore
MG,MG Hector PlusSharp CVT,2021,"25,778kms",Petrol,Automatic,₹14.99 Lakh,bangalore
Ford,Ford EndeavourTitanium Plus 4X2,2020,"52,000kms",Diesel,Automatic,₹32.50 Lakh,bangalore
Hyundai,Hyundai VenueSX Turbo iMT,2020,"82,463kms",Petrol,Manual,₹6.16 Lakh,bangalore
Honda,Honda BrioS MT,2012,"77,961kms",Petrol,Manual,₹2.75 Lakh,bangalore
Hyundai,Hyundai VernaTransform CRDi VGT SX ABS,2011,"78,000kms",Diesel,Manual,₹2.65 Lakh,bangalore
Hyundai,Hyundai i10Magna 1.2,2010,"44,000kms",Petrol,Manual,₹2.45 Lakh,bangalore
Maruti,Maruti SX4ZXI MT BSIV,2010,"85,000kms",Petrol,Manual,₹2.30 Lakh,bangalore
Hyundai,Hyundai XcentPetrol,2017,"51,441kms",Petrol,Manual,₹5.02 Lakh,bangalore
Honda,Honda Cityi VTEC V,2014,"1,03,840kms",Petrol,Manual,₹4.13 Lakh,bangalore
Hyundai,Hyundai Grand i101.2 Kappa Sportz Option AT,2017,"29,408kms",Petrol,Automatic,₹4.99 Lakh,bangalore
Hyundai,Hyundai i10Magna 1.2,2010,"44,000kms",Petrol,Manual,₹2.45 Lakh,bangalore
Maruti,Maruti SX4ZXI MT BSIV,2010,"85,000kms",Petrol,Manual,₹2.30 Lakh,bangalore
Hyundai,Hyundai XcentPetrol,2017,"51,441kms",Petrol,Manual,₹5.02 Lakh,bangalore
Honda,Honda Cityi VTEC V,2014,"1,03,840kms",Petrol,Manual,₹4.13 Lakh,bangalore
Hyundai,Hyundai Grand i101.2 Kappa Sportz Option AT,2017,"29,408kms",Petrol,Automatic,₹4.99 Lakh,bangalore
Mercedes-Benz,Mercedes-Benz GLC220d 4MATIC,2022,"38,434kms",Diesel,Automatic,₹49.75 Lakh,bangalore
Hyundai,Hyundai i20Petrol CVT Asta,2018,"68,992kms",Petrol,Automatic,₹7.50 Lakh,bangalore
Maruti,Maruti CiazZXi,2015,"51,463kms",Petrol,Manual,₹5.19 Lakh,bangalore
Maruti,Maruti CiazZXi Plus,2017,"75,373kms",Petrol,Manual,₹5.40 Lakh,bangalore
Hyundai,Hyundai i201.2 Asta Option,2016,"57,998kms",Petrol,Manual,₹5.91 Lakh,bangalore
Volkswagen,Volkswagen PoloPetrol Comfortline 1.2L,2016,"53,245kms",Petrol,Manual,₹5.35 Lakh,bangalore
Honda,Honda BrioV MT,2014,"32,794kms",Petrol,Manual,₹3.56 Lakh,bangalore
Hyundai,Hyundai i20 Active1.2 SX Dual Tone,2018,"44,751kms",Petrol,Manual,₹5.77 Lakh,bangalore
Maruti,Maruti CiazZDi,2015,"89,000kms",Diesel,Manual,₹4.75 Lakh,bangalore
Hyundai,Hyundai i10Sportz,2011,"11,000kms",Petrol,Manual,₹3.25 Lakh,bangalore
Kia,Kia SonetGTX Plus Turbo DCT DT,2020,"47,961kms",Petrol,Automatic,₹10.49 Lakh,bangalore
Hyundai,Hyundai i20Sportz Petrol,2013,"40,343kms",Petrol,Manual,₹3.63 Lakh,bangalore
Maruti,Maruti Baleno1.2 Alpha,2018,"77,435kms",Petrol,Manual,₹5.72 Lakh,bangalore
Maruti,Maruti CiazAlpha BSIV,2018,"99,109kms",Petrol,Manual,₹5.68 Lakh,bangalore
Maruti,Maruti CiazDelta BSIV,2018,"1,11,327kms",Petrol,Manual,₹4.95 Lakh,bangalore
Kia,Kia SonetGTX Plus Turbo DCT DT,2020,"47,961kms",Petrol,Automatic,₹10.49 Lakh,bangalore
Hyundai,Hyundai i20Sportz Petrol,2013,"40,343kms",Petrol,Manual,₹3.63 Lakh,bangalore
Maruti,Maruti Baleno1.2 Alpha,2018,"77,435kms",Petrol,Manual,₹5.72 Lakh,bangalore
Maruti,Maruti CiazAlpha BSIV,2018,"99,109kms",Petrol,Manual,₹5.68 Lakh,bangalore
Maruti,Maruti CiazDelta BSIV,2018,"1,11,327kms",Petrol,Manual,₹4.95 Lakh,bangalore
Honda,Honda Cityi VTEC V,2015,"51,571kms",Petrol,Manual,₹4.85 Lakh,bangalore
Maruti,Maruti Swift DzireZXI Plus,2018,"71,880kms",Petrol,Manual,₹5.57 Lakh,bangalore
Honda,Honda Cityi DTec VX Option,2015,"1,38,727kms",Diesel,Manual,₹6.39 Lakh,bangalore
Hyundai,Hyundai i20Asta Opt BSVI,2022,"1,00,478kms",Petrol,Manual,₹6.79 Lakh,bangalore
Hyundai,Hyundai i20 N-LineN8 iMT BSVI,2022,"20,683kms",Petrol,Manual,₹8.09 Lakh,bangalore
Honda,Honda BrioS MT,2012,"76,775kms",Petrol,Manual,₹2.67 Lakh,bangalore
Volvo,Volvo XC60D5 Inscription,2016,"52,000kms",Diesel,Automatic,₹22.50 Lakh,bangalore
Skoda,Skoda Kodiaq2.0 TDI Style,2018,"87,000kms",Diesel,Automatic,₹23.75 Lakh,bangalore
Mahindra,Mahindra Alturas G44X2 AT,2022,"22,000kms",Diesel,Automatic,₹26.95 Lakh,bangalore
Audi,Audi Q745 TDI Quattro Premium Plus,2016,"1,08,000kms",Diesel,Automatic,₹28.50 Lakh,bangalore
Mahindra,Mahindra Scorpio NZ8L Diesel 4x4 AT,2023,"22,607kms",Diesel,Automatic,₹23.79 Lakh,bangalore
Mahindra,Mahindra Scorpio NZ8 Diesel AT,2022,"30,332kms",Diesel,Automatic,₹20.07 Lakh,bangalore
Mahindra,Mahindra Scorpio NZ8L Diesel 4x4 AT,2022,"31,350kms",Diesel,Automatic,₹21.84 Lakh,bangalore
Ford,Ford Endeavour2.2 Titanium AT 4X2,2017,"97,500kms",Diesel,Automatic,₹27.45 Lakh,bangalore
Mahindra,Mahindra Alturas G44X2 AT High,2022,"28,000kms",Diesel,Automatic,₹25 Lakh,bangalore
Mahindra,Mahindra Scorpio NZ8L Diesel 4x4 AT,2023,"22,607kms",Diesel,Automatic,₹23.79 Lakh,bangalore
Mahindra,Mahindra Scorpio NZ8 Diesel AT,2022,"30,332kms",Diesel,Automatic,₹20.07 Lakh,bangalore
Mahindra,Mahindra Scorpio NZ8L Diesel 4x4 AT,2022,"31,350kms",Diesel,Automatic,₹21.84 Lakh,bangalore
Ford,Ford Endeavour2.2 Titanium AT 4X2,2017,"97,500kms",Diesel,Automatic,₹27.45 Lakh,bangalore
Mahindra,Mahindra Alturas G44X2 AT High,2022,"28,000kms",Diesel,Automatic,₹25 Lakh,bangalore
Jeep,Jeep Compass2.0 Limited 4X4 Opt Diesel AT BSVI,2022,"19,000kms",Diesel,Automatic,₹27.25 Lakh,bangalore
Jeep,Jeep Compass2.0 Limited Plus 4X4 AT,2021,"59,000kms",Diesel,Automatic,₹21.75 Lakh,bangalore
Land Rover,Land Rover Range Rover Evoque2.0 TD4 HSE,2017,"1,05,000kms",Diesel,Automatic,₹29.50 Lakh,bangalore
Skoda,Skoda OctaviaStyle,2021,"35,494kms",Petrol,Automatic,₹22.95 Lakh,bangalore
Mahindra,Mahindra Scorpio NZ8L Diesel 4x4 AT,2022,"29,340kms",Diesel,Automatic,₹21.73 Lakh,bangalore
Jeep,Jeep MeridianLimited Opt AT BSVI,2022,"54,158kms",Diesel,Automatic,₹25.95 Lakh,bangalore
Land Rover,Land Rover Discovery SportTD4 HSE 7S,2018,"64,000kms",Diesel,Automatic,₹32.45 Lakh,bangalore
Mercedes-Benz,Mercedes-Benz GLC220d 4MATIC,2022,"33,000kms",Diesel,Automatic,₹44 Lakh,bangalore
Mercedes-Benz,Mercedes-Benz GLC220d 4MATIC,2022,"45,000kms",Diesel,Automatic,₹47.85 Lakh,bangalore
Mercedes-Benz,Mercedes-Benz GLC220d 4MATIC,2022,"30,000kms",Diesel,Automatic,₹48.50 Lakh,bangalore
Mercedes-Benz,Mercedes-Benz GLC43 AMG Coupe,2018,"53,000kms",Petrol,Automatic,₹56 Lakh,bangalore
Mercedes-Benz,Mercedes-Benz GLCProgressive 220d,2019,"56,000kms",Diesel,Automatic,₹39.25 Lakh,bangalore
Mercedes-Benz,Mercedes-Benz C-ClassProgressive C 220d,2019,"21,000kms",Diesel,Automatic,₹39 Lakh,bangalore
Land Rover,Land Rover Range Rover Sport3.0 Diesel Dynamic SE,2024,"10,000kms",Diesel,Automatic,₹1.65 Crore,bangalore
Lexus,Lexus NX300h,2019,"82,500kms",Petrol,Automatic,₹37.50 Lakh,bangalore
Mercedes-Benz,Mercedes-Benz C-ClassProgressive C 220d,2019,"21,000kms",Diesel,Automatic,₹39 Lakh,bangalore
Land Rover,Land Rover Range Rover Sport3.0 Diesel Dynamic SE,2024,"10,000kms",Diesel,Automatic,₹1.65 Crore,bangalore
Mercedes-Benz,Mercedes-Benz GLC43 AMG Coupe,2018,"53,000kms",Petrol,Automatic,₹56 Lakh,bangalore
Land Rover,Land Rover Discovery SportTD4 HSE 7S,2018,"64,000kms",Diesel,Automatic,₹32.45 Lakh,bangalore
Lexus,Lexus NX300h,2019,"82,500kms",Petrol,Automatic,₹37.50 Lakh,bangalore
Land Rover,Land Rover Range Rover Sport2.0 Petrol SE,2019,"30,000kms",Petrol,Automatic,₹84 Lakh,bangalore
Kia,Kia SeltosGTX Plus,2020,"38,487kms",Petrol,Manual,₹11.38 Lakh,bangalore
Mercedes-Benz,Mercedes-Benz GLC220d 4MATIC,2022,"39,000kms",Diesel,Automatic,₹48.75 Lakh,bangalore
Hyundai,Hyundai i10Sportz,2012,"70,000kms",Petrol,Manual,₹3.25 Lakh,bangalore
Volkswagen,Volkswagen Polo1.2 MPI Highline,2015,"1,08,000kms",Petrol,Manual,₹5.25 Lakh,bangalore
Hyundai,Hyundai i10Sportz 1.1L,2016,"57,000kms",Petrol,Manual,₹4.25 Lakh,bangalore
Maruti,Maruti DzireZXI Plus,2017,"69,498kms",Petrol,Manual,₹5.93 Lakh,bangalore
Hyundai,Hyundai i20Sportz 1.2,2017,"80,118kms",Petrol,Manual,₹5.49 Lakh,bangalore
Mahindra,Mahindra XUV700AX5 AT BSVI,2022,"44,000kms",Petrol,Automatic,₹14.65 Lakh,bangalore
Hyundai,Hyundai Creta1.6 SX Diesel,2019,"72,000kms",Diesel,Manual,₹12.75 Lakh,bangalore
Mercedes-Benz,Mercedes-Benz E-ClassE 250 Elegance,2011,"50,000kms",Petrol,Automatic,₹12 Lakh,bangalore
Mahindra,Mahindra XUV500W11 BSIV,2019,"1,03,321kms",Diesel,Manual,₹13.50 Lakh,bangalore
Hyundai,Hyundai Creta1.6 SX Automatic,2018,"53,000kms",Petrol,Automatic,₹11.25 Lakh,bangalore
Mahindra,Mahindra XUV500R W10 FWD,2016,"1,01,000kms",Diesel,Manual,₹10.75 Lakh,bangalore
Hyundai,Hyundai i20Sportz DCT,2023,"16,000kms",Petrol,Automatic,₹11.65 Lakh,bangalore
Hyundai,Hyundai i20Sportz DCT,2023,"16,000kms",Petrol,Automatic,₹11.65 Lakh,bangalore
Volkswagen,Volkswagen Taigun1.0 Topline AT,2021,"1,10,635kms",Petrol,Automatic,₹11.63 Lakh,bangalore
Kia,Kia SeltosGTX Plus DCT,2019,"35,942kms",Petrol,Automatic,₹10.55 Lakh,bangalore
Hyundai,Hyundai CretaSX Executive BSVI,2021,"47,624kms",Petrol,Manual,₹10.67 Lakh,bangalore
Kia,Kia SeltosGTX Plus S Turbo DCT,2020,"91,286kms",Petrol,Automatic,₹12.25 Lakh,bangalore
Kia,Kia CarensLuxury Plus 6 STR Diesel,2022,"15,202kms",Diesel,Manual,₹14.42 Lakh,bangalore
Maruti,Maruti FRONXAlpha Turbo AT,2024,"22,792kms",Petrol,Automatic,₹11.57 Lakh,bangalore
Hyundai,Hyundai CretaSX Executive BSVI,2022,"46,460kms",Petrol,Manual,₹10.17 Lakh,bangalore
Volkswagen,Volkswagen Taigun1.0 Topline AT,2022,"88,463kms",Petrol,Automatic,₹11.71 Lakh,bangalore
Hyundai,Hyundai Creta1.6 SX,2018,"95,773kms",Petrol,Manual,₹10.99 Lakh,bangalore
MG,MG HectorSharp DCT,2020,"67,311kms",Petrol,Automatic,₹10.55 Lakh,bangalore
Hyundai,Hyundai Creta1.6 SX,2018,"82,385kms",Petrol,Manual,₹11.03 Lakh,bangalore
Hyundai,Hyundai CretaSX Opt Turbo BSVI,2020,"67,600kms",Petrol,Automatic,₹10.61 Lakh,bangalore
Kia,Kia SeltosGTX Plus Diesel AT,2021,"93,973kms",Diesel,Automatic,₹10.80 Lakh,bangalore
Maruti,Maruti XL6Zeta,2022,"64,000kms",Petrol,Manual,₹11.25 Lakh,bangalore
Hyundai,Hyundai Creta1.6 VTVT SX Plus,2019,"72,718kms",Petrol,Manual,₹10.45 Lakh,bangalore
Maruti,Maruti XL6Zeta,2021,"49,000kms",Petrol,Manual,₹11.15 Lakh,bangalore
Mercedes-Benz,Mercedes-Benz GLA Class200 CDI,2014,"80,000kms",Diesel,Automatic,₹14.50 Lakh,bangalore
Hyundai,Hyundai CretaSX Opt Diesel AT BSVI,2020,"13,20,000kms",Diesel,Automatic,₹11.50 Lakh,bangalore
Kia,Kia SeltosGTX Plus,2020,"60,000kms",Petrol,Manual,₹10.99 Lakh,bangalore
Mercedes-Benz,Mercedes-Benz GLA Class200 CDI,2014,"80,000kms",Diesel,Automatic,₹14.50 Lakh,bangalore
Maruti,Maruti XL6Zeta,2022,"64,000kms",Petrol,Manual,₹11.25 Lakh,bangalore
Volkswagen,Volkswagen PoloGT TSI BSIV,2020,"31,000kms",Petrol,Automatic,₹11.25 Lakh,bangalore
Hyundai,Hyundai CretaSX Opt Diesel AT BSVI,2020,"13,20,000kms",Diesel,Automatic,₹11.50 Lakh,bangalore
Hyundai,Hyundai CretaE BSVI,2022,"55,000kms",Petrol,Manual,₹11.90 Lakh,bangalore
Hyundai,Hyundai Creta1.6 CRDi AT SX Plus,2018,"49,000kms",Diesel,Automatic,₹11 Lakh,bangalore
Hyundai,Hyundai Creta1.6 CRDi AT SX Plus,2019,"1,13,000kms",Diesel,Automatic,₹11.25 Lakh,bangalore
Volkswagen,Volkswagen Taigun1.0 TSI Topline AT BSVI,2022,"15,000kms",Petrol,Automatic,₹14.50 Lakh,bangalore
Hyundai,Hyundai CretaSX BSVI,2022,"37,348kms",Petrol,Manual,₹13.45 Lakh,bangalore
Kia,Kia SeltosGTX Plus,2020,"60,000kms",Petrol,Manual,₹10.99 Lakh,bangalore
Hyundai,Hyundai Creta1.6 SX Automatic,2018,"53,000kms",Petrol,Automatic,₹11.25 Lakh,bangalore
Mahindra,Mahindra XUV500R W10 FWD,2016,"1,01,000kms",Diesel,Manual,₹10.75 Lakh,bangalore
Hyundai,Hyundai i20Sportz DCT,2023,"16,000kms",Petrol,Automatic,₹11.65 Lakh,bangalore
Mahindra,Mahindra XUV500W11 BSIV,2019,"1,03,321kms",Diesel,Manual,₹13.50 Lakh,bangalore
Mercedes-Benz,Mercedes-Benz E-ClassE 250 Elegance,2011,"50,000kms",Petrol,Automatic,₹12 Lakh,bangalore
Mercedes-Benz,Mercedes-Benz GLC200,2020,"43,654kms",Petrol,Automatic,₹38.45 Lakh,bangalore
Jeep,Jeep Compass2.0 Longitude BSIV,2017,"69,000kms",Diesel,Manual,₹8.95 Lakh,bangalore
Honda,Honda Cityi VTEC V,2017,"93,000kms",Petrol,Manual,₹7.25 Lakh,bangalore
Maruti,Maruti BalenoDelta,2019,"42,196kms",Petrol,Manual,₹5.99 Lakh,bangalore
Maruti,Maruti CelerioZXI AMT Optional,2018,"42,418kms",Petrol,Automatic,₹4.54 Lakh,bangalore
Mercedes-Benz,Mercedes-Benz GLC200,2020,"43,654kms",Petrol,Automatic,₹38.45 Lakh,bangalore
Jeep,Jeep Compass2.0 Longitude BSIV,2017,"69,000kms",Diesel,Manual,₹8.95 Lakh,bangalore
Honda,Honda Cityi VTEC V,2017,"93,000kms",Petrol,Manual,₹7.25 Lakh,bangalore
Maruti,Maruti BalenoDelta,2019,"42,196kms",Petrol,Manual,₹5.99 Lakh,bangalore
Maruti,Maruti CelerioZXI AMT Optional,2018,"42,418kms",Petrol,Automatic,₹4.54 Lakh,bangalore
Hyundai,Hyundai Xcent1.2 Kappa S Option,2015,"85,143kms",Petrol,Manual,₹3.65 Lakh,bangalore
Maruti,Maruti Wagon RVXI,2014,"1,14,288kms",Petrol,Manual,₹3.03 Lakh,bangalore
Maruti,Maruti CiazAT ZXi,2016,"49,305kms",Petrol,Automatic,₹5.64 Lakh,bangalore
Hyundai,Hyundai XcentPetrol,2014,"61,301kms",Petrol,Manual,₹3.58 Lakh,bangalore
Maruti,Maruti CiazAlpha BSIV,2018,"1,22,682kms",Petrol,Manual,₹5 Lakh,bangalore
Honda,Honda Cityi VTEC SV,2017,"43,945kms",Petrol,Manual,₹5.27 Lakh,bangalore
Maruti,Maruti CelerioZXI,2017,"73,344kms",Petrol,Manual,₹3.90 Lakh,bangalore
Hyundai,Hyundai i10Sportz,2013,"50,000kms",Petrol,Manual,₹3.25 Lakh,bangalore
Honda,Honda BrioS MT,2012,"30,918kms",Petrol,Manual,₹3.15 Lakh,bangalore
Hyundai,Hyundai Grand i101.2 Kappa Sportz BSIV,2015,"55,333kms",Petrol,Manual,₹4.17 Lakh,bangalore
Hyundai,Hyundai Verna1.6 SX VTVT,2014,"99,204kms",Petrol,Manual,₹3.05 Lakh,bangalore
Maruti,Maruti Baleno1.2 Zeta,2016,"83,182kms",Petrol,Manual,₹4.73 Lakh,bangalore
Maruti,Maruti Baleno RS1.0 Petrol,2018,"78,999kms",Petrol,Manual,₹5.08 Lakh,bangalore
Maruti,Maruti Baleno1.2 Alpha,2017,"99,529kms",Petrol,Manual,₹5.15 Lakh,bangalore
Kia,Kia SeltosGTX Plus Diesel AT,2023,"45,000kms",Diesel,Automatic,₹16.99 Lakh,bangalore
Maruti,Maruti Baleno RS1.0 Petrol,2018,"78,999kms",Petrol,Manual,₹5.08 Lakh,bangalore
Maruti,Maruti Baleno1.2 Alpha,2017,"99,529kms",Petrol,Manual,₹5.15 Lakh,bangalore
Hyundai,Hyundai Verna1.6 SX VTVT,2014,"99,204kms",Petrol,Manual,₹3.05 Lakh,bangalore
Maruti,Maruti Baleno1.2 Zeta,2016,"83,182kms",Petrol,Manual,₹4.73 Lakh,bangalore
Audi,Audi Q335 TDI Quattro Premium,2016,"69,000kms",Diesel,Automatic,₹19.75 Lakh,bangalore
Kia,Kia SeltosGTX Plus Turbo DCT,2024,"5,756kms",Petrol,Automatic,₹19.45 Lakh,bangalore
Citroen,Citroen C5 AircrossShine,2021,"43,992kms",Diesel,Automatic,₹16.65 Lakh,bangalore
MG,MG Hector PlusSharp Diesel MT,2020,"49,000kms",Diesel,Manual,₹16.95 Lakh,bangalore
MG,MG Hector PlusSharp Pro CVT 7 Str  -2025,2023,"31,701kms",Petrol,Automatic,₹18.95 Lakh,bangalore
Mahindra,Mahindra Scorpio NZ8L 6 Str,2023,"80,646kms",Petrol,Manual,₹17.16 Lakh,bangalore
Hyundai,Hyundai CretaSX IVT BSVI,2021,"52,000kms",Petrol,Automatic,₹15.99 Lakh,bangalore
Audi,Audi Q335 TDI Quattro Premium,2016,"77,817kms",Diesel,Automatic,₹16.75 Lakh,bangalore
Maruti,Maruti Ignis1.2 Alpha BSIV,2018,"26,929kms",Petrol,Manual,₹5.75 Lakh,bangalore
Hyundai,Hyundai i20Sportz Plus Dual Tone BSIV,2019,"49,919kms",Petrol,Manual,₹5.85 Lakh,bangalore
Hyundai,Hyundai i20Sportz Petrol,2013,"45,034kms",Petrol,Manual,₹3.04 Lakh,bangalore
Maruti,Maruti Swift DzireVXI,2017,"30,091kms",Petrol,Manual,₹4.56 Lakh,bangalore
Renault,Renault KWIDRXL,2021,"29,042kms",Petrol,Manual,₹3.70 Lakh,bangalore
Jeep,Jeep Compass1.4 Model S Opt AT,2021,"29,000kms",Petrol,Automatic,₹17.95 Lakh,bangalore
Mercedes-Benz,Mercedes-Benz E-ClassE250 CDI Avantgrade,2014,"95,000kms",Diesel,Automatic,₹15.90 Lakh,bangalore
Hyundai,Hyundai Creta N LineN8,2024,"13,000kms",Petrol,Manual,₹18.50 Lakh,bangalore
MG,MG Hector PlusSharp Diesel MT,2020,"49,000kms",Diesel,Manual,₹16.95 Lakh,bangalore
Hyundai,Hyundai CretaSX IVT BSVI,2021,"52,000kms",Petrol,Automatic,₹15.99 Lakh,bangalore
Jeep,Jeep Compass1.4 Model S Opt AT,2021,"29,000kms",Petrol,Automatic,₹17.95 Lakh,bangalore
Audi,Audi Q335 TDI Quattro Premium,2016,"77,817kms",Diesel,Automatic,₹16.75 Lakh,bangalore
Kia,Kia SeltosGTX Plus Diesel AT,2023,"45,000kms",Diesel,Automatic,₹16.99 Lakh,bangalore
MG,MG Hector PlusSharp Pro CVT 7 Str  -2025,2023,"31,701kms",Petrol,Automatic,₹18.95 Lakh,bangalore
Hyundai,Hyundai i10Sportz,2011,"83,000kms",Petrol,Manual,₹2.25 Lakh,bangalore
Datsun,Datsun RediGOA,2018,"18,994kms",Petrol,Manual,₹2.24 Lakh,bangalore
Hyundai,Hyundai Creta1.6 CRDi SX,2019,"72,000kms",Diesel,Manual,₹12.75 Lakh,bangalore
MG,MG HectorSharp DCT,2020,"41,176kms",Petrol,Automatic,₹12.98 Lakh,bangalore
Kia,Kia SeltosGTX Plus Diesel AT,2022,"40,908kms",Diesel,Automatic,₹14.96 Lakh,bangalore
Mahindra,Mahindra XUV700AX5 7 Str BSVI,2022,"33,700kms",Petrol,Manual,₹21 Lakh,bangalore
Hyundai,Hyundai i10Magna,2013,"79,492kms",Petrol,Manual,₹2.79 Lakh,bangalore
Honda,Honda WR-Vi-VTEC VX,2018,"40,340kms",Petrol,Manual,₹7.65 Lakh,bangalore
Honda,Honda CityV,2018,"82,408kms",Petrol,Manual,₹6.38 Lakh,bangalore
Hyundai,Hyundai Creta1.6 VTVT AT SX Plus,2017,"1,39,997kms",Petrol,Automatic,₹6.98 Lakh,bangalore
Hyundai,Hyundai Grand i10 NiosAsta,2024,"38,000kms",Petrol,Manual,₹6.75 Lakh,bangalore
Volkswagen,Volkswagen Vento1.2 TSI Highline AT,2018,"69,000kms",Petrol,Automatic,₹7.25 Lakh,bangalore
Hyundai,Hyundai Creta1.6 VTVT AT SX Plus,2017,"86,080kms",Petrol,Automatic,₹7.82 Lakh,bangalore
Mercedes-Benz,Mercedes-Benz GLA Class200 d Sport,2019,"45,128kms",Diesel,Automatic,₹22.95 Lakh,bangalore
Hyundai,Hyundai Creta1.6 VTVT AT SX Plus,2017,"1,39,997kms",Petrol,Automatic,₹6.98 Lakh,bangalore
Hyundai,Hyundai Grand i10 NiosAsta,2024,"38,000kms",Petrol,Manual,₹6.75 Lakh,bangalore
Volkswagen,Volkswagen Vento1.2 TSI Highline AT,2018,"69,000kms",Petrol,Automatic,₹7.25 Lakh,bangalore
Hyundai,Hyundai Creta1.6 VTVT AT SX Plus,2017,"86,080kms",Petrol,Automatic,₹7.82 Lakh,bangalore
Mercedes-Benz,Mercedes-Benz GLA Class200 d Sport,2019,"45,128kms",Diesel,Automatic,₹22.95 Lakh,bangalore
Maruti,Maruti Wagon RVXI BS IV,2014,"55,241kms",Petrol,Manual,₹2.90 Lakh,bangalore
Maruti,Maruti Alto 800LXi,2013,"96,505kms",Petrol,Manual,₹2.31 Lakh,bangalore
Maruti,Maruti Wagon RVXI,2013,"82,841kms",Petrol,Manual,₹2.39 Lakh,bangalore
Hyundai,Hyundai EONEra,2016,"1,04,684kms",Petrol,Manual,₹2.50 Lakh,bangalore
Maruti,Maruti Alto 800LXi,2016,"86,626kms",Petrol,Manual,₹2.74 Lakh,bangalore
Hyundai,Hyundai i10Sportz,2013,"40,837kms",Petrol,Manual,₹2.68 Lakh,bangalore
Maruti,Maruti A-StarLxi,2013,"61,000kms",Petrol,Manual,₹2.85 Lakh,bangalore
Hyundai,Hyundai EOND Lite Plus,2012,"63,806kms",Petrol,Manual,₹2.05 Lakh,bangalore
Maruti,Maruti Alto 800VXI Optional,2017,"13,017kms",Petrol,Manual,₹2.99 Lakh,bangalore
Hyundai,Hyundai i201.2 Magna Opt,2012,"71,643kms",Petrol,Manual,₹2.88 Lakh,bangalore
Nissan,Nissan SunnyDiesel XL,2012,"1,17,959kms",Diesel,Manual,₹2.23 Lakh,bangalore
Hyundai,Hyundai i10Sportz,2013,"32,151kms",Petrol,Manual,₹2.68 Lakh,bangalore
Maruti,Maruti Alto 800LXi,2015,"41,408kms",Petrol,Manual,₹2.46 Lakh,bangalore
Maruti,Maruti Alto 800LXi,2016,"85,133kms",Petrol,Manual,₹2.74 Lakh,bangalore
Ford,Ford FigoAmbiente BSIV,2012,"50,028kms",Petrol,Manual,₹2.65 Lakh,bangalore
Hyundai,Hyundai i201.2 Magna,2011,"70,389kms",Petrol,Manual,₹2.75 Lakh,bangalore
Honda,Honda CityE,2011,"74,234kms",Petrol,Manual,₹2.95 Lakh,bangalore
Hyundai,Hyundai EONEra Plus,2018,"74,000kms",Petrol,Manual,₹2.85 Lakh,bangalore
Hyundai,Hyundai VernaCRDi,2009,"1,15,000kms",Diesel,Manual,₹2.40 Lakh,bangalore
Ford,Ford FigoDiesel Titanium,2012,"1,32,000kms",Diesel,Manual,₹2.35 Lakh,bangalore
Maruti,Maruti Wagon RVXI BS IV,2014,"55,241kms",Petrol,Manual,₹2.90 Lakh,bangalore
Hyundai,Hyundai i201.2 Magna Opt,2012,"71,643kms",Petrol,Manual,₹2.88 Lakh,bangalore
Nissan,Nissan SunnyDiesel XL,2012,"1,17,959kms",Diesel,Manual,₹2.23 Lakh,bangalore
Maruti,Maruti Alto 800LXi,2015,"41,408kms",Petrol,Manual,₹2.46 Lakh,bangalore
Hyundai,Hyundai EONEra,2016,"1,04,684kms",Petrol,Manual,₹2.50 Lakh,bangalore
Maruti,Maruti Alto 800LXi,2016,"86,626kms",Petrol,Manual,₹2.74 Lakh,bangalore
Hyundai,Hyundai i10Sportz,2013,"40,837kms",Petrol,Manual,₹2.68 Lakh,bangalore
Hyundai,Hyundai Grand i10Asta,2014,"63,419kms",Petrol,Manual,₹2.80 Lakh,bangalore
Hyundai,Hyundai i10Sportz,2013,"32,151kms",Petrol,Manual,₹2.68 Lakh,bangalore
Maruti,Maruti Alto 800LXi,2016,"85,133kms",Petrol,Manual,₹2.74 Lakh,bangalore
Ford,Ford FigoAmbiente BSIV,2012,"50,028kms",Petrol,Manual,₹2.65 Lakh,bangalore
Maruti,Maruti Alto 800LXi,2013,"86,006kms",Petrol,Manual,₹2.19 Lakh,bangalore
Maruti,Maruti Alto 800VXI,2016,"35,935kms",Petrol,Manual,₹2.92 Lakh,bangalore
Maruti,Maruti Alto 800LXi,2014,"20,321kms",Petrol,Manual,₹2.77 Lakh,bangalore
Ford,Ford FigoAmbiente BSIV,2011,"58,874kms",Petrol,Manual,₹2.34 Lakh,bangalore
Ford,Ford FigoAmbiente BSIV,2012,"50,028kms",Petrol,Manual,₹2.65 Lakh,bangalore
Maruti,Maruti Alto 800LXi,2013,"86,006kms",Petrol,Manual,₹2.19 Lakh,bangalore
Maruti,Maruti Alto 800VXI,2016,"35,935kms",Petrol,Manual,₹2.92 Lakh,bangalore
Maruti,Maruti Alto 800LXi,2014,"20,321kms",Petrol,Manual,₹2.77 Lakh,bangalore
Ford,Ford FigoAmbiente BSIV,2011,"58,874kms",Petrol,Manual,₹2.34 Lakh,bangalore
Maruti,Maruti Alto 800VXI,2014,"69,527kms",Petrol,Manual,₹2.31 Lakh,bangalore
Maruti,Maruti Alto 800LXi,2013,"96,505kms",Petrol,Manual,₹2.31 Lakh,bangalore
Maruti,Maruti Wagon RVXI,2013,"82,841kms",Petrol,Manual,₹2.39 Lakh,bangalore
Maruti,Maruti Alto 800LXi,2016,"18,736kms",Petrol,Manual,₹2.99 Lakh,bangalore
Hyundai,Hyundai EONMagna Optional,2014,"72,000kms",Petrol,Manual,₹2.65 Lakh,bangalore
Skoda,Skoda Fabia1.2L Diesel Elegance,2011,"86,000kms",Diesel,Manual,₹2.60 Lakh,bangalore
Maruti,Maruti SX4VXI,2009,"1,11,800kms",Petrol,Manual,₹2.65 Lakh,bangalore
Hyundai,Hyundai Sonata2.4L MT,2006,"1,12,598kms",Petrol,Manual,₹2.95 Lakh,bangalore
Chevrolet,Chevrolet BeatLT,2013,"31,000kms",Petrol,Manual,₹2.65 Lakh,bangalore
Hyundai,Hyundai i10Sportz 1.2,2010,"42,000kms",Petrol,Manual,₹2.75 Lakh,bangalore
,Fiat LineaT-Jet Active,2014,"43,000kms",Petrol,Manual,₹2.60 Lakh,bangalore
Hyundai,Hyundai Getz1.5 CRDi GVS,2008,"78,000kms",Diesel,Manual,₹2.50 Lakh,bangalore
Maruti,Maruti A-StarLxi,2013,"61,000kms",Petrol,Manual,₹2.85 Lakh,bangalore
Hyundai,Hyundai EOND Lite Plus,2012,"63,806kms",Petrol,Manual,₹2.05 Lakh,bangalore
Renault,Renault KWID1.0 RXT,2016,"28,606kms",Petrol,Manual,₹2.95 Lakh,bangalore
Hyundai,Hyundai i10Sportz 1.2,2010,"42,000kms",Petrol,Manual,₹2.75 Lakh,bangalore
Hyundai,Hyundai i10Magna 1.2,2009,"83,000kms",Petrol,Manual,₹2.45 Lakh,bangalore
Maruti,Maruti Wagon RLXI BS IV,2010,"91,000kms",Petrol,Manual,₹3 Lakh,bangalore
Hyundai,Hyundai EOND Lite Plus,2012,"63,806kms",Petrol,Manual,₹2.05 Lakh,bangalore
Ford,Ford FigoDiesel Titanium,2012,"1,32,000kms",Diesel,Manual,₹2.35 Lakh,bangalore
Hyundai,Hyundai i10Sportz 1.2,2010,"43,000kms",Petrol,Manual,₹2.75 Lakh,bangalore
Ford,Ford FigoDiesel EXI,2012,"99,000kms",Diesel,Manual,₹2.75 Lakh,bangalore
Maruti,Maruti Alto 800LXI,2013,"87,000kms",Petrol,Manual,₹2.25 Lakh,bangalore
Hyundai,Hyundai Getz1.5 CRDi GVS,2008,"78,000kms",Diesel,Manual,₹2.50 Lakh,bangalore
Chevrolet,Chevrolet Optra2.0 LT,2011,"1,02,185kms",Diesel,Manual,₹2.45 Lakh,bangalore
Renault,Renault KWID1.0 RXT,2016,"28,606kms",Petrol,Manual,₹2.95 Lakh,bangalore
Hyundai,Hyundai EONSportz,2015,"41,000kms",Petrol,Manual,₹3 Lakh,bangalore
Honda,Honda City1.5 S MT,2009,"83,000kms",Petrol,Manual,₹2.85 Lakh,bangalore
Ford,Ford FigoDiesel ZXI,2011,"70,000kms",Diesel,Manual,₹2.75 Lakh,bangalore
Honda,Honda City1.5 S MT,2011,"69,242kms",Petrol,Manual,₹3 Lakh,bangalore
Volvo,Volvo XC60Inscription D5 BSIV,2018,"45,000kms",Diesel,Automatic,₹37.25 Lakh,bangalore
Mercedes-Benz,Mercedes-Benz GLE350d,2016,"46,698kms",Diesel,Automatic,₹42.75 Lakh,bangalore
Mercedes-Benz,Mercedes-Benz S-ClassS 350 CDI,2015,"69,000kms",Diesel,Automatic,₹34.50 Lakh,bangalore
Audi,Audi Q745 TDI Quattro Premium Plus,2016,"1,30,000kms",Diesel,Automatic,₹35 Lakh,bangalore
Mercedes-Benz,Mercedes-Benz GLE250d,2017,"1,73,000kms",Diesel,Automatic,₹39.75 Lakh,bangalore
Mercedes-Benz,Mercedes-Benz GLE350d,2016,"46,698kms",Diesel,Automatic,₹42.75 Lakh,bangalore
Volvo,Volvo XC60Inscription D5 BSIV,2018,"45,000kms",Diesel,Automatic,₹37.25 Lakh,bangalore
Audi,Audi Q745 TDI Quattro Premium Plus,2016,"1,30,000kms",Diesel,Automatic,₹35 Lakh,bangalore
Mercedes-Benz,Mercedes-Benz S-ClassS 350 CDI,2015,"69,000kms",Diesel,Automatic,₹34.50 Lakh,bangalore
Mercedes-Benz,Mercedes-Benz GLE250d,2017,"1,73,000kms",Diesel,Automatic,₹39.75 Lakh,bangalore
Hyundai,Hyundai CretaSX Executive BSVI,2021,"31,771kms",Petrol,Manual,₹12.50 Lakh,bangalore
Hyundai,Hyundai Grand i101.2 Kappa Sportz BSIV,2015,"51,791kms",Petrol,Manual,₹4.01 Lakh,bangalore
Maruti,Maruti Alto 800VXI,2016,"40,511kms",Petrol,Manual,₹3.07 Lakh,bangalore
Maruti,Maruti CelerioZXI,2016,"58,614kms",Petrol,Manual,₹4.12 Lakh,bangalore
Hyundai,Hyundai Grand i101.2 Kappa Magna BSIV,2015,"51,836kms",Petrol,Manual,₹3.92 Lakh,bangalore
Hyundai,Hyundai i20Sportz 1.2,2017,"70,517kms",Petrol,Manual,₹5.64 Lakh,bangalore
Volkswagen,Volkswagen Polo1.0 TSI Highline Plus,2018,"61,801kms",Petrol,Manual,₹5.50 Lakh,bangalore
Maruti,Maruti Wagon RVXI Plus,2018,"33,300kms",Petrol,Manual,₹3.95 Lakh,bangalore
Hyundai,Hyundai i10Magna 1.1,2016,"40,057kms",Petrol,Manual,₹3.43 Lakh,bangalore
Hyundai,Hyundai i20Magna 1.2,2012,"63,729kms",Petrol,Manual,₹3.38 Lakh,bangalore
Volkswagen,Volkswagen VentoPetrol Highline,2014,"64,278kms",Petrol,Manual,₹3.95 Lakh,bangalore
Honda,Honda BrioS MT,2013,"62,317kms",Petrol,Manual,₹3.20 Lakh,bangalore
Maruti,Maruti CiazVXi,2018,"1,01,652kms",Petrol,Manual,₹4.50 Lakh,bangalore
Maruti,Maruti CelerioVXI AT,2014,"70,017kms",Petrol,Automatic,₹3.25 Lakh,bangalore
Volkswagen,Volkswagen Polo1.2 MPI Highline,2013,"1,15,017kms",Petrol,Manual,₹3.95 Lakh,bangalore
Volkswagen,Volkswagen VentoPetrol Highline,2014,"64,278kms",Petrol,Manual,₹3.95 Lakh,bangalore
Honda,Honda BrioS MT,2013,"62,317kms",Petrol,Manual,₹3.20 Lakh,bangalore
Maruti,Maruti CiazVXi,2018,"1,01,652kms",Petrol,Manual,₹4.50 Lakh,bangalore
Maruti,Maruti CelerioVXI AT,2014,"70,017kms",Petrol,Automatic,₹3.25 Lakh,bangalore
Volkswagen,Volkswagen Polo1.2 MPI Highline,2013,"1,15,017kms",Petrol,Manual,₹3.95 Lakh,bangalore
Maruti,Maruti Alto 800LXi,2013,"1,20,589kms",Petrol,Manual,₹2.24 Lakh,bangalore
Renault,Renault KWID1.0 RXT,2018,"57,335kms",Petrol,Manual,₹2.58 Lakh,bangalore
Hyundai,Hyundai i10Era 1.1 iTech SE,2013,"43,417kms",Petrol,Manual,₹2.68 Lakh,bangalore
Toyota,Toyota Innova Crysta2.7 ZX 7 STR AT,2022,"61,000kms",Petrol,Automatic,₹21 Lakh,bangalore
Hyundai,Hyundai i20Sportz Turbo iMT,2021,"84,622kms",Petrol,Manual,₹6.38 Lakh,bangalore
Hyundai,Hyundai VenueSX Plus Turbo DCT BSIV,2019,"61,795kms",Petrol,Automatic,₹7.27 Lakh,bangalore
Maruti,Maruti BalenoAlpha Diesel,2018,"27,833kms",Diesel,Manual,₹6.51 Lakh,bangalore
Maruti,Maruti S CrossZeta,2021,"1,06,818kms",Petrol,Manual,₹6.75 Lakh,bangalore
Renault,Renault Captur1.5 Diesel Platine Mono,2017,"80,052kms",Diesel,Manual,₹7.25 Lakh,bangalore
Hyundai,Hyundai i20Asta 1.2,2017,"55,870kms",Petrol,Manual,₹5.29 Lakh,bangalore
Hyundai,Hyundai EONEra Plus,2013,"33,000kms",Petrol,Manual,₹2.75 Lakh,bangalore
Hyundai,Hyundai Verna1.6 SX VTVT,2017,"79,333kms",Petrol,Manual,₹6.22 Lakh,bangalore
Hyundai,Hyundai VenueE,2020,"14,973kms",Petrol,Manual,₹6.99 Lakh,bangalore
Ford,Ford Endeavour3.2 Titanium AT 4X4,2016,"59,000kms",Diesel,Automatic,₹28.50 Lakh,bangalore
Ford,Ford Endeavour3.2 Titanium AT 4X4,2016,"95,000kms",Diesel,Automatic,₹23.50 Lakh,bangalore
Hyundai,Hyundai EONEra Plus,2013,"33,000kms",Petrol,Manual,₹2.75 Lakh,bangalore
Hyundai,Hyundai Verna1.6 SX VTVT,2017,"79,333kms",Petrol,Manual,₹6.22 Lakh,bangalore
Hyundai,Hyundai VenueE,2020,"14,973kms",Petrol,Manual,₹6.99 Lakh,bangalore
Porsche,Porsche CayenneDiesel,2011,"1,27,000kms",Diesel,Automatic,₹20.35 Lakh,bangalore
Toyota,Toyota Innova Crysta2.4 G 7 STR,2021,"61,000kms",Diesel,Manual,₹21.25 Lakh,bangalore
Ford,Ford Endeavour3.2 Titanium AT 4X4,2016,"95,000kms",Diesel,Automatic,₹23.50 Lakh,bangalore
Ford,Ford Endeavour3.2 Titanium AT 4X4,2016,"59,000kms",Diesel,Automatic,₹28.50 Lakh,bangalore
Toyota,Toyota Innova Crysta2.4 VX MT,2019,"67,200kms",Diesel,Manual,₹21.75 Lakh,bangalore
Mercedes-Benz,Mercedes-Benz GL-Class350 CDI Blue Efficiency,2014,"66,000kms",Diesel,Automatic,₹25.50 Lakh,bangalore
Skoda,Skoda Kodiaq2.0 TDI Style,2019,"55,836kms",Diesel,Automatic,₹24.95 Lakh,bangalore
Skoda,Skoda OctaviaLaurin and Klement,2021,"28,097kms",Petrol,Automatic,₹25.25 Lakh,bangalore
Hyundai,Hyundai Creta1.6 VTVT SX Plus,2017,"99,631kms",Petrol,Manual,₹6.79 Lakh,bangalore
Hyundai,Hyundai VenueSX Plus Turbo DCT BSIV,2020,"74,766kms",Petrol,Automatic,₹7.11 Lakh,bangalore
Jeep,Jeep Compass2.0 Longitude Option BSIV,2018,"1,45,715kms",Diesel,Manual,₹7.85 Lakh,bangalore
Kia,Kia SonetHTX Diesel Anniversary Edition,2022,"24,322kms",Diesel,Manual,₹9.80 Lakh,bangalore
Hyundai,Hyundai Creta1.6 CRDi SX,2016,"87,605kms",Diesel,Manual,₹7.44 Lakh,bangalore
Hyundai,Hyundai VenueSX Turbo BSIV,2020,"37,133kms",Petrol,Manual,₹6.69 Lakh,bangalore
Honda,Honda Cityi VTEC CVT VX,2017,"57,720kms",Petrol,Automatic,₹6.33 Lakh,bangalore
Hyundai,Hyundai VernaSX Opt,2020,"91,811kms",Petrol,Manual,₹8.33 Lakh,bangalore
Kia,Kia SeltosHTK G,2019,"1,21,642kms",Petrol,Manual,₹6.66 Lakh,bangalore
Hyundai,Hyundai VenueSX Turbo BSIV,2019,"62,000kms",Petrol,Manual,₹8.25 Lakh,bangalore
Maruti,Maruti Vitara BrezzaZDi,2017,"62,000kms",Diesel,Manual,₹7.95 Lakh,bangalore
Volkswagen,Volkswagen PoloGT TSI,2019,"45,343kms",Petrol,Automatic,₹9.45 Lakh,bangalore
Renault,Renault Lodgy85PS RxL,2016,"75,000kms",Diesel,Manual,₹6.25 Lakh,bangalore
Skoda,Skoda Rapid1.5 TDI AT Elegance,2015,"42,322kms",Diesel,Automatic,₹6.75 Lakh,bangalore
Hyundai,Hyundai Creta1.6 VTVT Base,2016,"52,000kms",Petrol,Manual,₹7.75 Lakh,bangalore
Hyundai,Hyundai i20Asta Opt BSVI,2021,"49,000kms",Petrol,Manual,₹8.40 Lakh,bangalore
Hyundai,Hyundai i20Asta 1.2,2017,"51,000kms",Petrol,Manual,₹6.10 Lakh,bangalore
Kia,Kia SonetHTX Diesel Anniversary Edition,2022,"24,322kms",Diesel,Manual,₹9.80 Lakh,bangalore
Hyundai,Hyundai Creta1.6 SX Automatic,2019,"34,528kms",Petrol,Automatic,₹9.97 Lakh,bangalore
Hyundai,Hyundai Creta1.6 CRDi SX,2016,"87,605kms",Diesel,Manual,₹7.44 Lakh,bangalore
Hyundai,Hyundai Grand i10 NiosSportz,2023,"5,100kms",Petrol,Manual,₹7.35 Lakh,bangalore
Volkswagen,Volkswagen PoloGT TSI,2018,"60,000kms",Petrol,Automatic,₹8.45 Lakh,bangalore
Volkswagen,Volkswagen Polo1.2 MPI Highline,2016,"45,000kms",Petrol,Manual,₹6.50 Lakh,bangalore
Volkswagen,Volkswagen Polo1.2 MPI Highline,2017,"54,345kms",Petrol,Manual,₹6.98 Lakh,bangalore
Hyundai,Hyundai VenueSX Turbo BSIV,2020,"37,133kms",Petrol,Manual,₹6.69 Lakh,bangalore
Honda,Honda Cityi VTEC CVT VX,2017,"57,720kms",Petrol,Automatic,₹6.33 Lakh,bangalore
Hyundai,Hyundai VernaSX Opt,2020,"91,811kms",Petrol,Manual,₹8.33 Lakh,bangalore
Hyundai,Hyundai VernaVTVT 1.6 SX,2019,"84,490kms",Petrol,Manual,₹6.27 Lakh,bangalore
Kia,Kia SeltosHTK G,2019,"1,21,642kms",Petrol,Manual,₹6.66 Lakh,bangalore
Volkswagen,Volkswagen Vento1.5 TDI Highline AT,2015,"75,000kms",Diesel,Automatic,₹6.45 Lakh,bangalore
Hyundai,Hyundai VenueS Turbo BSIV,2019,"62,950kms",Petrol,Manual,₹9.95 Lakh,bangalore
Maruti,Maruti Baleno1.2 Zeta,2018,"55,000kms",Petrol,Manual,₹6.25 Lakh,bangalore
Maruti,Maruti Baleno1.2 Delta,2017,"40,000kms",Petrol,Manual,₹6.85 Lakh,bangalore
Maruti,Maruti KizashiCVT,2012,"8,200kms",Petrol,Automatic,₹6.41 Lakh,bangalore
Volkswagen,Volkswagen Polo1.0 TSI Highline Plus,2020,"30,000kms",Petrol,Manual,₹9.95 Lakh,bangalore
Hyundai,Hyundai i20Asta Opt BSVI,2021,"80,233kms",Petrol,Manual,₹7.10 Lakh,bangalore
Volkswagen,Volkswagen PoloGT TSI,2019,"87,121kms",Petrol,Automatic,₹8.65 Lakh,bangalore
Hyundai,Hyundai Creta1.4 CRDi S,2016,"1,40,000kms",Diesel,Manual,₹7.75 Lakh,bangalore
Maruti,Maruti Swift DzireVDI,2017,"1,00,000kms",Diesel,Manual,₹6.25 Lakh,bangalore
Volkswagen,Volkswagen PoloGT TSI,2017,"72,000kms",Petrol,Automatic,₹9.25 Lakh,bangalore
Maruti,Maruti Baleno1.2 CVT Delta,2018,"82,000kms",Petrol,Automatic,₹6.50 Lakh,bangalore
Hyundai,Hyundai VenueS BSIV,2019,"30,214kms",Petrol,Manual,₹8.25 Lakh,bangalore
Maruti,Maruti Swift DzireZDI,2016,"1,09,000kms",Diesel,Manual,₹6.45 Lakh,bangalore
Hyundai,Hyundai Creta1.6 VTVT AT SX Plus,2017,"57,000kms",Petrol,Automatic,₹8.49 Lakh,bangalore
Volkswagen,Volkswagen PoloGT TSI,2018,"72,000kms",Petrol,Automatic,₹8.75 Lakh,bangalore
Honda,Honda Cityi VTEC V,2017,"94,123kms",Petrol,Manual,₹6.95 Lakh,bangalore
Kia,Kia SonetHTX Diesel Anniversary Edition,2022,"24,322kms",Diesel,Manual,₹9.80 Lakh,bangalore
Hyundai,Hyundai VenueSX Turbo BSIV,2020,"37,133kms",Petrol,Manual,₹6.69 Lakh,bangalore
Honda,Honda Cityi VTEC CVT VX,2017,"57,720kms",Petrol,Automatic,₹6.33 Lakh,bangalore
Volkswagen,Volkswagen PoloGT TSI,2018,"72,000kms",Petrol,Automatic,₹8.75 Lakh,bangalore
Honda,Honda Cityi VTEC V,2017,"94,123kms",Petrol,Manual,₹6.95 Lakh,bangalore
Kia,Kia SonetHTX Diesel Anniversary Edition,2022,"24,322kms",Diesel,Manual,₹9.80 Lakh,bangalore
Hyundai,Hyundai VenueSX Turbo BSIV,2020,"37,133kms",Petrol,Manual,₹6.69 Lakh,bangalore
Honda,Honda Cityi VTEC CVT VX,2017,"57,720kms",Petrol,Automatic,₹6.33 Lakh,bangalore
Hyundai,Hyundai VernaSX Opt,2020,"91,811kms",Petrol,Manual,₹8.33 Lakh,bangalore
Hyundai,Hyundai VernaVTVT 1.6 SX,2019,"84,490kms",Petrol,Manual,₹6.27 Lakh,bangalore
Hyundai,Hyundai Creta1.6 CRDi SX,2016,"87,605kms",Diesel,Manual,₹7.44 Lakh,bangalore
Hyundai,Hyundai i20Asta Option CVT,2019,"94,029kms",Petrol,Automatic,₹6.22 Lakh,bangalore
Honda,Honda Cityi-VTEC ZX,2019,"31,348kms",Petrol,Manual,₹7.74 Lakh,bangalore
Kia,Kia SeltosHTK G,2019,"1,21,642kms",Petrol,Manual,₹6.66 Lakh,bangalore
Maruti,Maruti XL6Alpha AT,2020,"74,374kms",Petrol,Automatic,₹8.26 Lakh,bangalore
Hyundai,Hyundai Creta1.6 VTVT S,2016,"48,769kms",Petrol,Manual,₹6.31 Lakh,bangalore
Hyundai,Hyundai Creta1.6 VTVT AT SX Plus,2016,"87,878kms",Petrol,Automatic,₹6.74 Lakh,bangalore
Renault,Renault KigerRXZ Turbo,2022,"41,042kms",Petrol,Manual,₹7.07 Lakh,bangalore
Hyundai,Hyundai Creta1.6 SX Automatic,2019,"34,528kms",Petrol,Automatic,₹9.97 Lakh,bangalore
Honda,Honda Cityi VTEC CVT VX,2016,"74,454kms",Petrol,Automatic,₹6.25 Lakh,bangalore
Kia,Kia SonetHTX Turbo iMT BSVI,2021,"62,086kms",Petrol,Manual,₹7.20 Lakh,bangalore
Hyundai,Hyundai Grand i10 NiosSportz,2023,"5,100kms",Petrol,Manual,₹7.35 Lakh,bangalore
Volkswagen,Volkswagen Polo1.2 MPI Highline,2017,"54,345kms",Petrol,Manual,₹6.98 Lakh,bangalore
Mahindra,Mahindra TUV 300T8,2017,"70,000kms",Diesel,Manual,₹7.65 Lakh,bangalore
Hyundai,Hyundai i201.2 Asta,2018,"55,200kms",Petrol,Manual,₹6.65 Lakh,bangalore
Hyundai,Hyundai VenueS Turbo BSIV,2019,"62,950kms",Petrol,Manual,₹9.95 Lakh,bangalore
Maruti,Maruti Baleno1.2 Zeta,2018,"55,000kms",Petrol,Manual,₹6.25 Lakh,bangalore
Maruti,Maruti Baleno1.2 Delta,2017,"40,000kms",Petrol,Manual,₹6.85 Lakh,bangalore
Honda,Honda Cityi VTEC V,2017,"94,123kms",Petrol,Manual,₹6.95 Lakh,bangalore
Hyundai,Hyundai VernaVTVT 1.6 SX,2019,"40,000kms",Petrol,Manual,₹8.50 Lakh,bangalore
Volkswagen,Volkswagen Polo1.2 MPI Highline,2016,"48,000kms",Petrol,Manual,₹6.25 Lakh,bangalore
Hyundai,Hyundai VenueSX Turbo BSIV,2019,"62,000kms",Petrol,Manual,₹8.25 Lakh,bangalore
Hyundai,Hyundai Creta1.6 VTVT AT SX Plus,2016,"77,000kms",Petrol,Automatic,₹8.25 Lakh,bangalore
Hyundai,Hyundai VenueS BSIV,2019,"43,000kms",Petrol,Manual,₹7.25 Lakh,bangalore
Renault,Renault Lodgy85PS RxL,2016,"75,000kms",Diesel,Manual,₹6.25 Lakh,bangalore
Skoda,Skoda Rapid1.5 TDI AT Elegance,2015,"42,322kms",Diesel,Automatic,₹6.75 Lakh,bangalore
Hyundai,Hyundai Creta1.6 VTVT Base,2016,"52,000kms",Petrol,Manual,₹7.75 Lakh,bangalore
Hyundai,Hyundai i20Asta Opt BSVI,2021,"49,000kms",Petrol,Manual,₹8.40 Lakh,bangalore
Hyundai,Hyundai i20Asta 1.2,2017,"51,000kms",Petrol,Manual,₹6.10 Lakh,bangalore
Hyundai,Hyundai i20Sportz BSVI,2021,"27,140kms",Petrol,Manual,₹7.49 Lakh,bangalore
Maruti,Maruti Vitara BrezzaVXI,2021,"44,752kms",Petrol,Manual,₹8 Lakh,bangalore
Honda,Honda Cityi-VTEC V,2018,"62,861kms",Petrol,Manual,₹8.25 Lakh,bangalore
Maruti,Maruti Baleno1.2 CVT Alpha,2017,"53,378kms",Petrol,Automatic,₹6.95 Lakh,bangalore
Hyundai,Hyundai Creta1.6 VTVT S,2016,"71,260kms",Petrol,Manual,₹7.69 Lakh,bangalore
Hyundai,Hyundai VernaVTVT 1.6 SX,2019,"40,000kms",Petrol,Manual,₹8.50 Lakh,bangalore
Mahindra,Mahindra TUV 300T8,2017,"70,000kms",Diesel,Manual,₹7.65 Lakh,bangalore
Hyundai,Hyundai i201.2 Asta,2018,"55,200kms",Petrol,Manual,₹6.65 Lakh,bangalore
Maruti,Maruti CiazZDi Plus,2015,"1,00,600kms",Diesel,Manual,₹6.95 Lakh,bangalore
Volkswagen,Volkswagen Vento1.5 TDI Highline AT,2015,"75,000kms",Diesel,Automatic,₹6.45 Lakh,bangalore
Hyundai,Hyundai i20Sportz BSVI,2021,"27,140kms",Petrol,Manual,₹7.49 Lakh,bangalore
Maruti,Maruti Vitara BrezzaVXI,2021,"44,752kms",Petrol,Manual,₹8 Lakh,bangalore
Hyundai,Hyundai Creta1.6 VTVT SX Plus,2016,"80,000kms",Petrol,Manual,₹7 Lakh,bangalore
Hyundai,Hyundai i20Asta Opt BSVI,2021,"80,233kms",Petrol,Manual,₹7.10 Lakh,bangalore
Volkswagen,Volkswagen PoloGT TSI,2019,"87,121kms",Petrol,Automatic,₹8.65 Lakh,bangalore
Hyundai,Hyundai VenueS Turbo BSIV,2019,"62,950kms",Petrol,Manual,₹9.95 Lakh,bangalore
Maruti,Maruti Baleno1.2 Zeta,2018,"55,000kms",Petrol,Manual,₹6.25 Lakh,bangalore
Hyundai,Hyundai Creta1.4 CRDi S,2016,"1,40,000kms",Diesel,Manual,₹7.75 Lakh,bangalore
Maruti,Maruti Swift DzireVDI,2017,"1,00,000kms",Diesel,Manual,₹6.25 Lakh,bangalore
Volkswagen,Volkswagen PoloGT TSI,2017,"72,000kms",Petrol,Automatic,₹9.25 Lakh,bangalore
Hyundai,Hyundai Creta1.6 VTVT AT SX Plus,2017,"57,000kms",Petrol,Automatic,₹8.49 Lakh,bangalore
Volkswagen,Volkswagen Polo1.0 TSI Highline Plus,2020,"30,000kms",Petrol,Manual,₹9.95 Lakh,bangalore
Maruti,Maruti CiazZDi Plus,2015,"1,00,000kms",Diesel,Manual,₹6.06 Lakh,bangalore
Honda,Honda WR-Vi-DTEC VX,2017,"79,000kms",Diesel,Manual,₹7.45 Lakh,bangalore
Maruti,Maruti Vitara BrezzaVXI,2021,"44,752kms",Petrol,Manual,₹8 Lakh,bangalore
Mahindra,Mahindra TUV 300T8,2017,"70,000kms",Diesel,Manual,₹7.65 Lakh,bangalore
Hyundai,Hyundai i201.2 Asta,2018,"55,200kms",Petrol,Manual,₹6.65 Lakh,bangalore
Hyundai,Hyundai Creta1.6 VTVT SX Plus,2016,"80,000kms",Petrol,Manual,₹7 Lakh,bangalore
Hyundai,Hyundai Creta1.6 VTVT AT SX Plus,2016,"77,000kms",Petrol,Automatic,₹8.25 Lakh,bangalore
Hyundai,Hyundai VenueS BSIV,2019,"43,000kms",Petrol,Manual,₹7.25 Lakh,bangalore
Hyundai,Hyundai Creta1.6 VTVT SX Plus,2016,"78,000kms",Petrol,Manual,₹7.50 Lakh,bangalore
Honda,Honda Cityi VTEC CVT VX,2016,"81,000kms",Petrol,Automatic,₹6.85 Lakh,bangalore
Volkswagen,Volkswagen PoloGT TSI,2018,"84,000kms",Petrol,Automatic,₹8.45 Lakh,bangalore
Honda,Honda Cityi VTEC CVT VX,2016,"81,000kms",Petrol,Automatic,₹6.85 Lakh,bangalore
Hyundai,Hyundai Creta1.6 VTVT S,2016,"71,260kms",Petrol,Manual,₹7.69 Lakh,bangalore
Hyundai,Hyundai VernaVTVT 1.6 SX,2019,"40,000kms",Petrol,Manual,₹8.50 Lakh,bangalore
Maruti,Maruti CiazZDi Plus,2015,"1,00,000kms",Diesel,Manual,₹6.06 Lakh,bangalore
Honda,Honda WR-Vi-DTEC VX,2017,"79,000kms",Diesel,Manual,₹7.45 Lakh,bangalore
Volkswagen,Volkswagen PoloGT TSI,2018,"60,000kms",Petrol,Automatic,₹8.45 Lakh,bangalore
Volkswagen,Volkswagen Polo1.2 MPI Highline,2016,"45,000kms",Petrol,Manual,₹6.50 Lakh,bangalore
Hyundai,Hyundai Creta1.6 VTVT SX Plus,2018,"92,000kms",Petrol,Manual,₹9.45 Lakh,bangalore
Skoda,Skoda Rapid1.6 MPI Style BSIV,2019,"64,000kms",Petrol,Manual,₹7.75 Lakh,bangalore
Maruti,Maruti Swift DzireAMT ZXI,2019,"42,000kms",Petrol,Automatic,₹6.25 Lakh,bangalore
Hyundai,Hyundai i20Sportz Plus,2020,"45,600kms",Petrol,Manual,₹6.35 Lakh,bangalore
Volkswagen,Volkswagen PoloGT TSI,2017,"53,000kms",Petrol,Automatic,₹7.75 Lakh,bangalore
Hyundai,Hyundai Creta1.6 CRDi SX Option,2016,"1,10,000kms",Diesel,Manual,₹7.85 Lakh,bangalore
Hyundai,Hyundai VenueSX Plus Turbo DCT BSIV,2019,"39,000kms",Petrol,Automatic,₹8.85 Lakh,bangalore
Hyundai,Hyundai ExterS,2024,"23,291kms",Petrol,Manual,₹7.25 Lakh,bangalore
Toyota,Toyota GlanzaG CVT,2019,"1,08,000kms",Petrol,Automatic,₹6.25 Lakh,bangalore
Hyundai,Hyundai Creta1.4 E Plus CRDi,2017,"44,337kms",Diesel,Manual,₹8.79 Lakh,bangalore
Skoda,Skoda Rapid1.5 TDI AT Ambition BSIV,2019,"25,000kms",Diesel,Automatic,₹8.45 Lakh,bangalore
Hyundai,Hyundai Creta1.6 SX Option,2018,"89,000kms",Petrol,Manual,₹9.99 Lakh,bangalore
Hyundai,Hyundai i20Asta 1.2,2017,"79,000kms",Petrol,Manual,₹6.50 Lakh,bangalore
Maruti,Maruti CiazZeta Automatic BSIV,2018,"32,000kms",Petrol,Automatic,₹6.95 Lakh,bangalore
Honda,Honda WR-Vi-DTEC VX,2017,"39,000kms",Diesel,Manual,₹7.55 Lakh,bangalore
Hyundai,Hyundai Creta1.6 E Plus,2018,"73,000kms",Petrol,Manual,₹6.99 Lakh,bangalore
Maruti,Maruti Wagon RVXI,2011,"94,386kms",Petrol,Manual,₹2.47 Lakh,bangalore
Hyundai,Hyundai Creta1.6 E Plus,2019,"61,822kms",Petrol,Manual,₹7.40 Lakh,bangalore
Maruti,Maruti S CrossZeta,2021,"33,046kms",Petrol,Manual,₹7.02 Lakh,bangalore
Hyundai,Hyundai Creta1.6 VTVT E Plus,2017,"80,850kms",Petrol,Manual,₹6.09 Lakh,bangalore
Renault,Renault KigerRXZ AMT,2021,"65,355kms",Petrol,Automatic,₹6.12 Lakh,bangalore
Hyundai,Hyundai VenueSX Diesel,2021,"98,826kms",Diesel,Manual,₹8.32 Lakh,bangalore
Hyundai,Hyundai CretaE Diesel BSVI,2020,"73,011kms",Diesel,Manual,₹9.43 Lakh,bangalore
Maruti,Maruti BalenoZeta BSVI,2023,"29,137kms",Petrol,Manual,₹7.25 Lakh,bangalore
Hyundai,Hyundai Creta1.6 VTVT E Plus,2017,"80,850kms",Petrol,Manual,₹6.09 Lakh,bangalore
Renault,Renault KigerRXZ AMT,2021,"65,355kms",Petrol,Automatic,₹6.12 Lakh,bangalore
Hyundai,Hyundai VenueSX Diesel,2021,"98,826kms",Diesel,Manual,₹8.32 Lakh,bangalore
Hyundai,Hyundai CretaE Diesel BSVI,2020,"73,011kms",Diesel,Manual,₹9.43 Lakh,bangalore
Maruti,Maruti BalenoZeta BSVI,2023,"29,137kms",Petrol,Manual,₹7.25 Lakh,bangalore
Audi,Audi A62.0 TDI,2014,"1,02,300kms",Diesel,Automatic,₹14.85 Lakh,bangalore
Honda,Honda CityVX CVT,2020,"13,645kms",Petrol,Automatic,₹12.24 Lakh,bangalore
Maruti,Maruti Wagon RAMT VXI Option,2017,"49,218kms",Petrol,Automatic,₹3.66 Lakh,bangalore
Volkswagen,Volkswagen PoloDiesel Highline 1.2L,2013,"83,205kms",Diesel,Manual,₹3.96 Lakh,bangalore
Renault,Renault KWIDRXT,2016,"45,276kms",Petrol,Manual,₹2.77 Lakh,bangalore
Hyundai,Hyundai Grand i101.2 Kappa Asta,2017,"37,422kms",Petrol,Manual,₹5.10 Lakh,bangalore
Maruti,Maruti CelerioVXI AMT,2016,"39,592kms",Petrol,Automatic,₹4.12 Lakh,bangalore
Maruti,Maruti Wagon RVXI 1.2,2016,"37,436kms",Petrol,Manual,₹3.92 Lakh,bangalore
Renault,Renault KWID1.0 RXT Opt,2017,"32,895kms",Petrol,Manual,₹3.33 Lakh,bangalore
Renault,Renault KWIDRXT,2016,"32,614kms",Petrol,Manual,₹3.12 Lakh,bangalore
Hyundai,Hyundai i201.4 Asta,2018,"1,04,078kms",Diesel,Manual,₹5.95 Lakh,bangalore
Maruti,Maruti Baleno1.2 CVT Alpha,2018,"70,115kms",Petrol,Automatic,₹5.61 Lakh,bangalore
Honda,Honda AmazeS Petrol,2016,"31,443kms",Petrol,Manual,₹4 Lakh,bangalore
Hyundai,Hyundai VernaVTVT 1.6 SX Option,2019,"48,411kms",Petrol,Manual,₹8 Lakh,bangalore
Hyundai,Hyundai i20Asta IVT DT,2021,"60,448kms",Petrol,Automatic,₹7.10 Lakh,bangalore
Maruti,Maruti Wagon RAMT VXI Option,2017,"49,218kms",Petrol,Automatic,₹3.66 Lakh,bangalore
Volkswagen,Volkswagen PoloDiesel Highline 1.2L,2013,"83,205kms",Diesel,Manual,₹3.96 Lakh,bangalore
Honda,Honda AmazeS Petrol,2016,"31,443kms",Petrol,Manual,₹4 Lakh,bangalore
Hyundai,Hyundai VernaVTVT 1.6 SX Option,2019,"48,411kms",Petrol,Manual,₹8 Lakh,bangalore
Hyundai,Hyundai i20Asta IVT DT,2021,"60,448kms",Petrol,Automatic,₹7.10 Lakh,bangalore
Maruti,Maruti Baleno1.3 Alpha,2016,"30,000kms",Diesel,Manual,₹6.85 Lakh,bangalore
Maruti,Maruti S CrossAlpha AT,2020,"71,241kms",Petrol,Automatic,₹8 Lakh,bangalore
Hyundai,Hyundai Grand i10 NiosSportz,2021,"20,693kms",Petrol,Manual,₹5.28 Lakh,bangalore
Hyundai,Hyundai Grand i101.2 Kappa Magna BSIV,2018,"1,10,383kms",Petrol,Manual,₹4.24 Lakh,bangalore
Maruti,Maruti CiazAT ZXi,2016,"82,173kms",Petrol,Automatic,₹5.17 Lakh,bangalore
Volkswagen,Volkswagen PoloPetrol Highline 1.2L,2016,"69,857kms",Petrol,Manual,₹4.94 Lakh,bangalore
Honda,Honda Jazz1.2 V i VTEC,2017,"33,063kms",Petrol,Manual,₹5.49 Lakh,bangalore
Honda,Honda WR-Vi-VTEC VX,2017,"1,10,000kms",Petrol,Manual,₹5.25 Lakh,bangalore
Maruti,Maruti Grand VitaraAlpha Plus Hybrid CVT,2024,"33,782kms",Petrol,Automatic,₹15.99 Lakh,bangalore
Volvo,Volvo XC60Inscription D5,2020,"60,000kms",Diesel,Automatic,₹39.75 Lakh,bangalore
Hyundai,Hyundai i20Magna Plus,2020,"73,942kms",Petrol,Manual,₹5.70 Lakh,bangalore
Maruti,Maruti CelerioZXI,2017,"74,807kms",Petrol,Manual,₹3.65 Lakh,bangalore
Hyundai,Hyundai i20Sportz 1.2,2018,"39,787kms",Petrol,Manual,₹5.54 Lakh,bangalore
Mercedes-Benz,Mercedes-Benz C-ClassProgressive C 200,2021,"47,657kms",Petrol,Automatic,₹32.82 Lakh,bangalore
Mercedes-Benz,Mercedes-Benz GLC220d 4MATIC Sport,2018,"1,34,168kms",Diesel,Automatic,₹35.75 Lakh,bangalore
Hyundai,Hyundai i20Magna Plus,2020,"73,942kms",Petrol,Manual,₹5.70 Lakh,bangalore
Maruti,Maruti CelerioZXI,2017,"74,807kms",Petrol,Manual,₹3.65 Lakh,bangalore
Hyundai,Hyundai i20Sportz 1.2,2018,"39,787kms",Petrol,Manual,₹5.54 Lakh,bangalore
Mercedes-Benz,Mercedes-Benz C-ClassProgressive C 200,2021,"47,657kms",Petrol,Automatic,₹32.82 Lakh,bangalore
Mercedes-Benz,Mercedes-Benz GLC220d 4MATIC Sport,2018,"1,34,168kms",Diesel,Automatic,₹35.75 Lakh,bangalore
Hyundai,Hyundai Grand i10 NiosAsta,2024,"23,420kms",Petrol,Manual,₹6.47 Lakh,bangalore
Kia,Kia SeltosHTK Plus G,2021,"21,130kms",Petrol,Manual,₹9.77 Lakh,bangalore
Maruti,Maruti CiazAlpha BSVI,2020,"57,608kms",Petrol,Manual,₹8.50 Lakh,bangalore
Hyundai,Hyundai i20 Active1.2 SX,2017,"56,000kms",Petrol,Manual,₹6.75 Lakh,bangalore
Skoda,Skoda Octavia1.8 TSI AT Style,2018,"57,122kms",Petrol,Automatic,₹15.75 Lakh,bangalore
Jeep,Jeep Compass1.4 Model S Opt AT,2021,"29,502kms",Petrol,Automatic,₹16.75 Lakh,bangalore
Mahindra,Mahindra XUV700AX3 BSVI,2022,"54,000kms",Petrol,Manual,₹14.50 Lakh,bangalore
Hyundai,Hyundai i10Sportz,2012,"68,000kms",Petrol,Manual,₹3.10 Lakh,bangalore
Nissan,Nissan MicraXV CVT,2014,"34,375kms",Petrol,Automatic,₹4.25 Lakh,bangalore
Honda,Honda Cityi VTEC S,2014,"49,000kms",Petrol,Manual,₹4.95 Lakh,bangalore
Maruti,Maruti SwiftZXI BSIV,2010,"79,000kms",Petrol,Manual,₹3.35 Lakh,bangalore
Honda,Honda Cityi VTEC SV,2015,"60,000kms",Petrol,Manual,₹5.95 Lakh,bangalore
Hyundai,Hyundai i20Sportz 1.2,2013,"86,000kms",Petrol,Manual,₹3.99 Lakh,bangalore
Maruti,Maruti SwiftVXI,2016,"63,000kms",Petrol,Manual,₹5.85 Lakh,bangalore
Volkswagen,Volkswagen PoloHighline Breeze,2011,"38,000kms",Petrol,Manual,₹4.75 Lakh,bangalore
Maruti,Maruti SwiftZXI BSIV,2010,"79,000kms",Petrol,Manual,₹3.35 Lakh,bangalore
Honda,Honda Cityi VTEC SV,2015,"60,000kms",Petrol,Manual,₹5.95 Lakh,bangalore
Hyundai,Hyundai i20Sportz 1.2,2013,"86,000kms",Petrol,Manual,₹3.99 Lakh,bangalore
Maruti,Maruti SwiftVXI,2016,"63,000kms",Petrol,Manual,₹5.85 Lakh,bangalore
Volkswagen,Volkswagen PoloHighline Breeze,2011,"38,000kms",Petrol,Manual,₹4.75 Lakh,bangalore
Hyundai,Hyundai Grand i10AT Asta,2015,"74,000kms",Petrol,Automatic,₹4.35 Lakh,bangalore
Ford,Ford FigoDiesel EXI,2014,"90,000kms",Diesel,Manual,₹3.65 Lakh,bangalore
Hyundai,Hyundai i10Magna 1.1L,2015,"53,000kms",Petrol,Manual,₹3.50 Lakh,bangalore
Skoda,Skoda Rapid1.6 TDI Ambition Plus Alloy,2012,"92,991kms",Diesel,Manual,₹3.65 Lakh,bangalore
Maruti,Maruti CiazZXi,2015,"73,000kms",Petrol,Manual,₹5.95 Lakh,bangalore
Honda,Honda Cityi DTEC E,2014,"1,40,000kms",Diesel,Manual,₹5.95 Lakh,bangalore
Hyundai,Hyundai i201.2 Asta,2012,"94,000kms",Petrol,Manual,₹4 Lakh,bangalore
Maruti,Maruti Wagon RAMT VXI Option,2018,"57,355kms",Petrol,Automatic,₹3.22 Lakh,bangalore
Hyundai,Hyundai Grand i10Asta,2016,"54,873kms",Petrol,Manual,₹3.94 Lakh,bangalore
Honda,Honda Cityi VTEC V,2017,"88,154kms",Petrol,Manual,₹5.22 Lakh,bangalore
Maruti,Maruti Baleno1.2 Alpha,2019,"1,11,531kms",Petrol,Manual,₹5.40 Lakh,bangalore
Hyundai,Hyundai i20Sportz 1.2,2014,"92,759kms",Petrol,Manual,₹4.04 Lakh,bangalore
Maruti,Maruti CelerioZXI,2015,"99,005kms",Petrol,Manual,₹3.59 Lakh,bangalore
Hyundai,Hyundai Grand i101.2 Kappa Asta,2014,"1,05,850kms",Petrol,Manual,₹3.65 Lakh,bangalore
Maruti,Maruti BalenoZeta AMT,2017,"89,022kms",Petrol,Automatic,₹5.13 Lakh,bangalore
Maruti,Maruti Ignis1.2 AMT Delta BSIV,2018,"1,00,168kms",Petrol,Automatic,₹3.95 Lakh,bangalore
Maruti,Maruti BalenoAlpha Diesel,2017,"80,965kms",Diesel,Manual,₹5.16 Lakh,bangalore
Maruti,Maruti Baleno1.2 Delta,2018,"29,492kms",Petrol,Manual,₹5.30 Lakh,bangalore
Volkswagen,Volkswagen PoloComfortline Breeze,2012,"55,000kms",Petrol,Manual,₹3.50 Lakh,bangalore
Honda,Honda AmazeVX Diesel,2013,"1,09,780kms",Diesel,Manual,₹3.65 Lakh,bangalore
Skoda,Skoda Rapid1.5 TDI Style Plus,2015,"1,89,000kms",Diesel,Manual,₹4 Lakh,bangalore
Maruti,Maruti Baleno1.2 Sigma,2017,"60,000kms",Petrol,Manual,₹5.50 Lakh,bangalore
Hyundai,Hyundai Grand i10AT Asta,2015,"5,000kms",Petrol,Automatic,₹5.40 Lakh,bangalore
Maruti,Maruti Wagon RAMT VXI,2016,"68,523kms",Petrol,Automatic,₹3.25 Lakh,bangalore
Skoda,Skoda Rapid1.5 TDI AT Style Plus,2016,"78,000kms",Diesel,Automatic,₹5.81 Lakh,bangalore
Hyundai,Hyundai Xcent1.2 Kappa S Option,2014,"1,12,121kms",Petrol,Manual,₹3.31 Lakh,bangalore
Maruti,Maruti BalenoZeta AMT,2017,"70,276kms",Petrol,Automatic,₹5.87 Lakh,bangalore
Maruti,Maruti CelerioVXI AMT,2014,"64,816kms",Petrol,Automatic,₹3.64 Lakh,bangalore
Ford,Ford FreestyleTitanium Plus,2021,"52,791kms",Petrol,Manual,₹5.47 Lakh,bangalore
Ford,Ford FreestyleTitanium Plus,2021,"42,627kms",Petrol,Manual,₹5.59 Lakh,bangalore
Maruti,Maruti CiazAlpha BSIV,2018,"75,843kms",Petrol,Manual,₹5.56 Lakh,bangalore
Honda,Honda CityVX MT Diesel,2016,"1,46,411kms",Diesel,Manual,₹5.73 Lakh,bangalore
Maruti,Maruti CiazZXi Plus,2015,"58,073kms",Petrol,Manual,₹4.69 Lakh,bangalore
Maruti,Maruti BalenoDelta Diesel,2016,"93,370kms",Diesel,Manual,₹4.67 Lakh,bangalore
Maruti,Maruti CiazAT ZXi,2015,"68,049kms",Petrol,Automatic,₹5.30 Lakh,bangalore
Maruti,Maruti CiazAlpha BSIV,2018,"75,843kms",Petrol,Manual,₹5.56 Lakh,bangalore
Honda,Honda CityVX MT Diesel,2016,"1,46,411kms",Diesel,Manual,₹5.73 Lakh,bangalore
Maruti,Maruti CiazZXi Plus,2015,"58,073kms",Petrol,Manual,₹4.69 Lakh,bangalore
Maruti,Maruti BalenoDelta Diesel,2016,"93,370kms",Diesel,Manual,₹4.67 Lakh,bangalore
Maruti,Maruti CiazAT ZXi,2015,"68,049kms",Petrol,Automatic,₹5.30 Lakh,bangalore
Maruti,Maruti BalenoAlpha Diesel,2018,"1,01,677kms",Diesel,Manual,₹5.77 Lakh,bangalore
Renault,Renault KWIDRXT,2018,"40,966kms",Petrol,Manual,₹3.20 Lakh,bangalore
Maruti,Maruti CelerioZXI,2017,"52,943kms",Petrol,Manual,₹4.48 Lakh,bangalore
Maruti,Maruti Wagon RAMT VXI,2016,"40,016kms",Petrol,Automatic,₹3.31 Lakh,bangalore
Honda,Honda AmazeS i-Vtech,2014,"31,379kms",Petrol,Manual,₹3.19 Lakh,bangalore
Maruti,Maruti SwiftVDI,2013,"1,28,567kms",Diesel,Manual,₹3.59 Lakh,bangalore
Maruti,Maruti Wagon RVXI BS IV,2016,"63,564kms",Petrol,Manual,₹3.09 Lakh,bangalore
Hyundai,Hyundai Grand i101.2 Kappa Sportz Option AT,2014,"43,762kms",Petrol,Automatic,₹4.45 Lakh,bangalore
Hyundai,Hyundai Grand i101.2 Kappa Sportz BSIV,2019,"78,244kms",Petrol,Manual,₹4.23 Lakh,bangalore
Ford,Ford Figo1.5D Titanium MT,2016,"1,01,534kms",Diesel,Manual,₹3.50 Lakh,bangalore
Skoda,Skoda Rapid1.5 TDI AT Style Plus,2016,"93,490kms",Diesel,Automatic,₹5.95 Lakh,bangalore
Honda,Honda AmazeS i-Vtech,2013,"30,000kms",Petrol,Manual,₹3.75 Lakh,bangalore
Maruti,Maruti Swift DzireVXI,2017,"87,452kms",Petrol,Manual,₹4.75 Lakh,bangalore
Hyundai,Hyundai Grand i10AT Asta,2014,"42,000kms",Petrol,Automatic,₹3.95 Lakh,bangalore
Renault,Renault KWID1.0 RXT,2018,"70,000kms",Petrol,Manual,₹3.25 Lakh,bangalore
Volkswagen,Volkswagen PoloDiesel Comfortline 1.2L,2013,"73,040kms",Diesel,Manual,₹3.08 Lakh,bangalore
Hyundai,Hyundai i20Sportz 1.2,2016,"84,328kms",Petrol,Manual,₹4.97 Lakh,bangalore
Maruti,Maruti CiazAT ZXi,2016,"67,116kms",Petrol,Automatic,₹5.85 Lakh,bangalore
Maruti,Maruti CelerioZXI,2015,"78,568kms",Petrol,Manual,₹3.31 Lakh,bangalore
Hyundai,Hyundai i10Sportz 1.1L,2016,"57,175kms",Petrol,Manual,₹3.45 Lakh,bangalore
Honda,Honda CityVX MT,2014,"86,184kms",Petrol,Manual,₹5.38 Lakh,bangalore
Maruti,Maruti BalenoZeta AMT,2017,"77,567kms",Petrol,Automatic,₹5.57 Lakh,bangalore
Hyundai,Hyundai Grand i10Asta Option,2015,"37,228kms",Petrol,Manual,₹3.65 Lakh,bangalore
Maruti,Maruti Swift DzireZXI,2014,"58,960kms",Petrol,Manual,₹3.39 Lakh,bangalore
Hyundai,Hyundai i10Sportz 1.1L,2015,"1,08,643kms",Petrol,Manual,₹3.37 Lakh,bangalore
Maruti,Maruti BalenoDelta Diesel,2016,"50,861kms",Diesel,Manual,₹5.35 Lakh,bangalore
Volkswagen,Volkswagen PoloPetrol Highline 1.2L,2014,"1,22,024kms",Petrol,Manual,₹4.65 Lakh,bangalore
Volkswagen,Volkswagen Polo1.2 MPI Comfortline,2017,"70,942kms",Petrol,Manual,₹4.54 Lakh,bangalore
Hyundai,Hyundai i20Sportz Petrol,2012,"58,327kms",Petrol,Manual,₹2.90 Lakh,bangalore
Hyundai,Hyundai i20Sportz Petrol,2011,"72,469kms",Petrol,Manual,₹2.78 Lakh,bangalore
Maruti,Maruti Alto 800VXI,2015,"37,645kms",Petrol,Manual,₹2.80 Lakh,bangalore
Honda,Honda BrioVX AT,2015,"1,01,243kms",Petrol,Automatic,₹3.40 Lakh,bangalore
Maruti,Maruti Ignis1.2 AMT Delta BSIV,2018,"1,00,168kms",Petrol,Automatic,₹3.95 Lakh,bangalore
Maruti,Maruti BalenoZeta AMT,2017,"89,022kms",Petrol,Automatic,₹5.13 Lakh,bangalore
Honda,Honda CityV MT Diesel,2015,"1,17,722kms",Diesel,Manual,₹5.04 Lakh,bangalore
Maruti,Maruti Alto 800VXI,2015,"37,645kms",Petrol,Manual,₹2.80 Lakh,bangalore
Honda,Honda BrioVX AT,2015,"1,01,243kms",Petrol,Automatic,₹3.40 Lakh,bangalore
Maruti,Maruti Ignis1.2 AMT Delta BSIV,2018,"1,00,168kms",Petrol,Automatic,₹3.95 Lakh,bangalore
Maruti,Maruti BalenoZeta AMT,2017,"89,022kms",Petrol,Automatic,₹5.13 Lakh,bangalore
Honda,Honda CityV MT Diesel,2015,"1,17,722kms",Diesel,Manual,₹5.04 Lakh,bangalore
Hyundai,Hyundai i20Asta Option BSIV,2019,"49,142kms",Petrol,Manual,₹5.77 Lakh,bangalore
Maruti,Maruti Swift DzireZXI Plus,2017,"75,698kms",Petrol,Manual,₹4.55 Lakh,bangalore
Maruti,Maruti BalenoAlpha Diesel,2016,"61,671kms",Diesel,Manual,₹5.49 Lakh,bangalore
Hyundai,Hyundai i10Sportz,2012,"68,000kms",Petrol,Manual,₹3.10 Lakh,bangalore
Honda,Honda Cityi VTEC CVT SV,2014,"79,000kms",Petrol,Automatic,₹5.25 Lakh,bangalore
Skoda,Skoda Rapid1.5 TDI Ambition,2015,"87,000kms",Diesel,Manual,₹5 Lakh,bangalore
Honda,Honda AmazeVX i-DTEC,2013,"92,000kms",Diesel,Manual,₹3.49 Lakh,bangalore
Hyundai,Hyundai VenueE BSIV,2019,"41,000kms",Petrol,Manual,₹6 Lakh,bangalore
Honda,Honda AmazeSX i-DTEC,2015,"77,224kms",Diesel,Manual,₹4.45 Lakh,bangalore
Honda,Honda BrioS MT,2016,"42,000kms",Petrol,Manual,₹4.65 Lakh,bangalore
Maruti,Maruti SwiftVXI,2016,"63,000kms",Petrol,Manual,₹5.85 Lakh,bangalore
Volkswagen,Volkswagen PoloHighline Breeze,2011,"38,000kms",Petrol,Manual,₹4.75 Lakh,bangalore
Volkswagen,Volkswagen PoloDiesel Comfortline 1.2L,2012,"68,000kms",Diesel,Manual,₹3.85 Lakh,bangalore
Maruti,Maruti Swift DzireVXi AT,2012,"60,640kms",Petrol,Automatic,₹4.85 Lakh,bangalore
Honda,Honda Jazz1.2 E i VTEC,2017,"63,804kms",Petrol,Manual,₹5.75 Lakh,bangalore
Hyundai,Hyundai i201.2 Asta Option,2018,"71,713kms",Petrol,Manual,₹4.95 Lakh,bangalore
Honda,Honda Cityi VTEC V,2014,"75,390kms",Petrol,Manual,₹4.45 Lakh,bangalore
Ford,Ford FreestyleTitanium Diesel BSIV,2018,"89,710kms",Diesel,Manual,₹4.33 Lakh,bangalore
Maruti,Maruti Baleno1.2 Delta,2019,"56,774kms",Petrol,Manual,₹5.43 Lakh,bangalore
Ford,Ford FreestyleTitanium Plus,2021,"42,627kms",Petrol,Manual,₹5.59 Lakh,bangalore
Maruti,Maruti CelerioZXI,2017,"52,943kms",Petrol,Manual,₹4.48 Lakh,bangalore
Maruti,Maruti Wagon RAMT VXI,2016,"40,016kms",Petrol,Automatic,₹3.31 Lakh,bangalore
Maruti,Maruti CelerioZXI,2015,"52,052kms",Petrol,Manual,₹3.82 Lakh,bangalore
Maruti,Maruti Baleno1.2 Delta,2016,"46,313kms",Petrol,Manual,₹3.92 Lakh,bangalore
Honda,Honda AmazeS i-Vtech,2014,"31,379kms",Petrol,Manual,₹3.19 Lakh,bangalore
Maruti,Maruti SwiftVDI,2013,"1,28,567kms",Diesel,Manual,₹3.59 Lakh,bangalore
Maruti,Maruti Wagon RVXI BS IV,2016,"63,564kms",Petrol,Manual,₹3.09 Lakh,bangalore
Hyundai,Hyundai Grand i101.2 Kappa Sportz Option AT,2014,"43,762kms",Petrol,Automatic,₹4.45 Lakh,bangalore
Hyundai,Hyundai Grand i101.2 Kappa Sportz BSIV,2019,"78,244kms",Petrol,Manual,₹4.23 Lakh,bangalore
Honda,Honda BrioVX AT,2015,"1,01,243kms",Petrol,Automatic,₹3.40 Lakh,bangalore
Maruti,Maruti Ignis1.2 AMT Delta BSIV,2018,"1,00,168kms",Petrol,Automatic,₹3.95 Lakh,bangalore
Hyundai,Hyundai i20Sportz Petrol,2012,"58,327kms",Petrol,Manual,₹2.90 Lakh,bangalore
Hyundai,Hyundai i20Sportz Petrol,2011,"72,469kms",Petrol,Manual,₹2.78 Lakh,bangalore
Maruti,Maruti Alto 800VXI,2015,"37,645kms",Petrol,Manual,₹2.80 Lakh,bangalore
Maruti,Maruti CelerioVXI AMT,2014,"37,685kms",Petrol,Automatic,₹3.76 Lakh,bangalore
Maruti,Maruti BalenoZeta AMT,2017,"77,567kms",Petrol,Automatic,₹5.57 Lakh,bangalore
Hyundai,Hyundai Grand i10Asta Option,2015,"37,228kms",Petrol,Manual,₹3.65 Lakh,bangalore
Maruti,Maruti Swift DzireZXI,2014,"58,960kms",Petrol,Manual,₹3.39 Lakh,bangalore
Hyundai,Hyundai i10Sportz 1.1L,2015,"1,08,643kms",Petrol,Manual,₹3.37 Lakh,bangalore
Maruti,Maruti Wagon RVXI 1.2,2016,"80,049kms",Petrol,Manual,₹3.70 Lakh,bangalore
Maruti,Maruti CiazAT ZXi,2016,"52,850kms",Petrol,Automatic,₹5.67 Lakh,bangalore
Maruti,Maruti CiazAT ZXi,2016,"67,116kms",Petrol,Automatic,₹5.85 Lakh,bangalore
Maruti,Maruti BalenoZeta Diesel,2016,"61,928kms",Diesel,Manual,₹4.84 Lakh,bangalore
Hyundai,Hyundai i20Sportz 1.2,2017,"54,576kms",Petrol,Manual,₹3.84 Lakh,bangalore
Volkswagen,Volkswagen PoloDiesel Comfortline 1.2L,2013,"73,040kms",Diesel,Manual,₹3.08 Lakh,bangalore
Hyundai,Hyundai i20Sportz 1.2,2016,"84,328kms",Petrol,Manual,₹4.97 Lakh,bangalore
Hyundai,Hyundai i10Sportz,2012,"68,000kms",Petrol,Manual,₹3.10 Lakh,bangalore
Nissan,Nissan MicraXV CVT,2014,"34,375kms",Petrol,Automatic,₹4.25 Lakh,bangalore
Honda,Honda Cityi VTEC S,2014,"49,000kms",Petrol,Manual,₹4.95 Lakh,bangalore
Ford,Ford FigoDiesel EXI,2014,"90,000kms",Diesel,Manual,₹3.65 Lakh,bangalore
Maruti,Maruti RitzLDi,2016,"40,605kms",Diesel,Manual,₹4.35 Lakh,bangalore
Honda,Honda BrioS MT,2013,"60,146kms",Petrol,Manual,₹3.75 Lakh,bangalore
Maruti,Maruti CelerioVXI AT,2015,"64,800kms",Petrol,Automatic,₹3.69 Lakh,bangalore
Volkswagen,Volkswagen VentoMagnific 1.6 Highline,2015,"95,000kms",Petrol,Manual,₹5.25 Lakh,bangalore
Hyundai,Hyundai i10Magna 1.1L,2015,"53,000kms",Petrol,Manual,₹3.50 Lakh,bangalore
Maruti,Maruti RitzLDi,2016,"40,605kms",Diesel,Manual,₹4.35 Lakh,bangalore
Honda,Honda BrioS MT,2013,"60,146kms",Petrol,Manual,₹3.75 Lakh,bangalore
Maruti,Maruti CelerioVXI AT,2015,"64,800kms",Petrol,Automatic,₹3.69 Lakh,bangalore
Volkswagen,Volkswagen VentoMagnific 1.6 Highline,2015,"95,000kms",Petrol,Manual,₹5.25 Lakh,bangalore
Hyundai,Hyundai i10Magna 1.1L,2015,"53,000kms",Petrol,Manual,₹3.50 Lakh,bangalore
Volkswagen,Volkswagen Polo1.2 MPI Highline,2015,"42,000kms",Petrol,Manual,₹5.75 Lakh,bangalore
Hyundai,Hyundai i201.2 Magna,2012,"1,14,000kms",Petrol,Manual,₹4.10 Lakh,bangalore
Ford,Ford Aspire1.2 Ti-VCT Titanium,2017,"74,000kms",Petrol,Manual,₹3.95 Lakh,bangalore
Hyundai,Hyundai i10Sportz 1.1L,2012,"38,995kms",Petrol,Manual,₹3.29 Lakh,bangalore
Volkswagen,Volkswagen Vento1.6 Highline,2015,"79,000kms",Petrol,Manual,₹5.39 Lakh,bangalore
Maruti,Maruti Swift DzireVXI,2014,"40,000kms",Petrol,Manual,₹5.10 Lakh,bangalore
Hyundai,Hyundai EONEra Plus,2016,"20,000kms",Petrol,Manual,₹3.10 Lakh,bangalore
Volkswagen,Volkswagen PoloDiesel Comfortline 1.2L,2012,"68,000kms",Diesel,Manual,₹3.85 Lakh,bangalore
Maruti,Maruti Swift DzireVXi AT,2012,"60,640kms",Petrol,Automatic,₹4.85 Lakh,bangalore
Honda,Honda Jazz1.2 E i VTEC,2017,"63,804kms",Petrol,Manual,₹5.75 Lakh,bangalore
Volkswagen,Volkswagen Polo1.5 TDI Highline,2014,"62,000kms",Diesel,Manual,₹5.75 Lakh,bangalore
Volkswagen,Volkswagen PoloIPL II 1.2 Diesel Highline,2013,"76,000kms",Diesel,Manual,₹4.85 Lakh,bangalore
Honda,Honda CityV MT,2013,"51,000kms",Petrol,Manual,₹4.70 Lakh,bangalore
Honda,Honda CityV AT,2012,"76,000kms",Petrol,Automatic,₹4 Lakh,bangalore
Honda,Honda Cityi VTEC CVT SV,2014,"79,000kms",Petrol,Automatic,₹5.25 Lakh,bangalore
Volkswagen,Volkswagen Polo1.5 TDI Highline,2014,"62,000kms",Diesel,Manual,₹5.75 Lakh,bangalore
Volkswagen,Volkswagen PoloIPL II 1.2 Diesel Highline,2013,"76,000kms",Diesel,Manual,₹4.85 Lakh,bangalore
Honda,Honda CityV MT,2013,"51,000kms",Petrol,Manual,₹4.70 Lakh,bangalore
Honda,Honda CityV AT,2012,"76,000kms",Petrol,Automatic,₹4 Lakh,bangalore
Honda,Honda Cityi VTEC CVT SV,2014,"79,000kms",Petrol,Automatic,₹5.25 Lakh,bangalore
Skoda,Skoda Rapid1.5 TDI Ambition,2015,"87,000kms",Diesel,Manual,₹5 Lakh,bangalore
Honda,Honda AmazeVX i-DTEC,2013,"92,000kms",Diesel,Manual,₹3.49 Lakh,bangalore
Hyundai,Hyundai VenueE BSIV,2019,"41,000kms",Petrol,Manual,₹6 Lakh,bangalore
Maruti,Maruti Wagon RAMT VXI Plus Option,2017,"85,400kms",Petrol,Automatic,₹3.99 Lakh,bangalore
Honda,Honda BrioS MT,2012,"77,000kms",Petrol,Manual,₹3.45 Lakh,bangalore
Maruti,Maruti RitzVXI,2010,"84,500kms",Petrol,Manual,₹3.25 Lakh,bangalore
Honda,Honda WR-Vi-DTEC VX,2017,"68,000kms",Diesel,Manual,₹5.55 Lakh,bangalore
Maruti,Maruti Wagon RAMT VXI Plus Option,2017,"84,798kms",Petrol,Automatic,₹3.85 Lakh,bangalore
Skoda,Skoda RapidLeisure 1.6 TDI MT,2013,"2,00,000kms",Diesel,Manual,₹3.20 Lakh,bangalore
Maruti,Maruti RitzVXi,2010,"84,500kms",Petrol,Manual,₹3.25 Lakh,bangalore
Volkswagen,Volkswagen Polo1.5 TDI Highline,2015,"80,000kms",Diesel,Manual,₹5.45 Lakh,bangalore
Hyundai,Hyundai i10Asta,2011,"1,08,000kms",Petrol,Manual,₹3.25 Lakh,bangalore
Maruti,Maruti CelerioZXI Optional AMT BSIV,2017,"70,000kms",Petrol,Automatic,₹4.80 Lakh,bangalore
Maruti,Maruti SwiftVDI,2014,"76,000kms",Diesel,Manual,₹5.45 Lakh,bangalore
Honda,Honda BrioS MT,2016,"42,000kms",Petrol,Manual,₹4.65 Lakh,bangalore
Volkswagen,Volkswagen Polo1.5 TDI Highline,2015,"80,000kms",Diesel,Manual,₹5.45 Lakh,bangalore
Hyundai,Hyundai i10Asta,2011,"1,08,000kms",Petrol,Manual,₹3.25 Lakh,bangalore
Maruti,Maruti CelerioZXI Optional AMT BSIV,2017,"70,000kms",Petrol,Automatic,₹4.80 Lakh,bangalore
Maruti,Maruti SwiftVDI,2014,"76,000kms",Diesel,Manual,₹5.45 Lakh,bangalore
Honda,Honda BrioS MT,2016,"42,000kms",Petrol,Manual,₹4.65 Lakh,bangalore
Hyundai,Hyundai i10Sportz,2013,"86,035kms",Petrol,Manual,₹3.45 Lakh,bangalore
Renault,Renault KWIDRXT,2016,"47,000kms",Petrol,Manual,₹3.25 Lakh,bangalore
Hyundai,Hyundai Grand i10AT Asta,2014,"53,000kms",Petrol,Automatic,₹4.55 Lakh,bangalore
Honda,Honda AmazeVX i-DTEC,2015,"1,15,868kms",Diesel,Manual,₹3.85 Lakh,bangalore
Hyundai,Hyundai Grand i10 NiosSportz,2021,"33,000kms",Petrol,Manual,₹5.65 Lakh,bangalore
Hyundai,Hyundai Grand i10CRDi Sportz,2013,"78,000kms",Diesel,Manual,₹4.10 Lakh,bangalore
Hyundai,Hyundai i20Asta 1.4 CRDi,2013,"55,000kms",Diesel,Manual,₹4.35 Lakh,bangalore
Maruti,Maruti Ciaz1.4 Delta,2017,"88,000kms",Petrol,Manual,₹5.99 Lakh,bangalore
Renault,Renault KWIDRXL,2017,"56,000kms",Petrol,Manual,₹4.25 Lakh,bangalore
Maruti,Maruti Wagon RAMT VXI,2016,"28,000kms",Petrol,Automatic,₹4.25 Lakh,bangalore
Honda,Honda AmazeSX i-DTEC,2015,"77,224kms",Diesel,Manual,₹4.45 Lakh,bangalore
Maruti,Maruti Ciaz1.3 Delta,2017,"88,000kms",Diesel,Manual,₹6 Lakh,bangalore
Maruti,Maruti SwiftAMT VXI,2019,"54,500kms",Petrol,Automatic,₹5.50 Lakh,bangalore
Honda,Honda Cityi VTEC VX,2014,"63,000kms",Petrol,Manual,₹5.90 Lakh,bangalore
Volkswagen,Volkswagen VentoPetrol Comfortline,2014,"72,000kms",Petrol,Manual,₹5.25 Lakh,bangalore
Ford,Ford Figo1.5D Titanium MT,2016,"1,01,534kms",Diesel,Manual,₹3.50 Lakh,bangalore
Skoda,Skoda Rapid1.5 TDI AT Style Plus,2016,"93,490kms",Diesel,Automatic,₹5.95 Lakh,bangalore
Maruti,Maruti BalenoZeta,2021,"1,00,000kms",Petrol,Manual,₹6 Lakh,bangalore
Maruti,Maruti Baleno1.2 Delta,2017,"58,000kms",Petrol,Manual,₹4.85 Lakh,bangalore
Honda,Honda AmazeS i-Dtech,2013,"78,000kms",Diesel,Manual,₹3.35 Lakh,bangalore
Honda,Honda Cityi VTEC VX,2014,"63,000kms",Petrol,Manual,₹5.90 Lakh,bangalore
Skoda,Skoda Rapid1.6 TDI Elegance Plus,2014,"72,000kms",Diesel,Manual,₹3.95 Lakh,bangalore
Maruti,Maruti SwiftAMT VXI,2019,"54,500kms",Petrol,Automatic,₹5.50 Lakh,bangalore
Volkswagen,Volkswagen VentoPetrol Comfortline,2014,"72,000kms",Petrol,Manual,₹5.25 Lakh,bangalore
Hyundai,Hyundai i20Sportz 1.2,2013,"32,000kms",Petrol,Manual,₹3.75 Lakh,bangalore
Honda,Honda BrioS MT,2013,"26,251kms",Petrol,Manual,₹3.50 Lakh,bangalore
Ford,Ford Figo1.5 Sports Edition MT,2015,"1,33,000kms",Diesel,Manual,₹4.25 Lakh,bangalore
Maruti,Maruti CelerioVXI AT,2015,"48,229kms",Petrol,Automatic,₹3.75 Lakh,bangalore
Maruti,Maruti Baleno1.2 Delta,2016,"31,580kms",Petrol,Manual,₹4.99 Lakh,bangalore
Volkswagen,Volkswagen Polo1.2 MPI Highline,2016,"1,38,000kms",Petrol,Manual,₹4.99 Lakh,bangalore
Hyundai,Hyundai Sonata2.4 GDi AT,2013,"1,42,000kms",Petrol,Automatic,₹4.95 Lakh,bangalore
Maruti,Maruti Wagon RVXI Optional,2018,"65,000kms",Petrol,Manual,₹3.95 Lakh,bangalore
Toyota,Toyota GlanzaV AMT BSVI,2022,"14,530kms",Petrol,Automatic,₹7.20 Lakh,bangalore
Kia,Kia SonetHTX Diesel BSVI,2022,"71,501kms",Diesel,Manual,₹9.11 Lakh,bangalore
Maruti,Maruti FRONXDelta Plus AMT,2024,"14,676kms",Petrol,Automatic,₹8.99 Lakh,bangalore
Honda,Honda BrioS MT,2013,"26,251kms",Petrol,Manual,₹3.50 Lakh,bangalore
Ford,Ford Figo1.5 Sports Edition MT,2015,"1,33,000kms",Diesel,Manual,₹4.25 Lakh,bangalore
Toyota,Toyota GlanzaV AMT BSVI,2022,"14,530kms",Petrol,Automatic,₹7.20 Lakh,bangalore
Kia,Kia SonetHTX Diesel BSVI,2022,"71,501kms",Diesel,Manual,₹9.11 Lakh,bangalore
Maruti,Maruti FRONXDelta Plus AMT,2024,"14,676kms",Petrol,Automatic,₹8.99 Lakh,bangalore
Hyundai,Hyundai i20Sportz Petrol,2012,"42,225kms",Petrol,Manual,₹2.92 Lakh,bangalore
Maruti,Maruti Wagon R StingrayVXI,2013,"52,037kms",Petrol,Manual,₹2.91 Lakh,bangalore
Maruti,Maruti Alto 800VXI,2016,"76,945kms",Petrol,Manual,₹2.70 Lakh,bangalore
Toyota,Toyota Etios LivaG,2012,"96,531kms",Petrol,Manual,₹2.89 Lakh,bangalore
Volkswagen,Volkswagen PoloPetrol Highline 1.2L,2010,"83,000kms",Petrol,Manual,₹2.75 Lakh,bangalore
MG,MG HectorHybrid Smart MT BSIV,2020,"39,286kms",Petrol,Manual,₹9.99 Lakh,bangalore
Skoda,Skoda Octavia1.8 TSI AT L K,2018,"48,692kms",Petrol,Automatic,₹16.99 Lakh,bangalore
Kia,Kia SeltosHTX Plus Diesel,2021,"27,000kms",Diesel,Manual,₹15.50 Lakh,bangalore
Jaguar,Jaguar XFS 2.2,2013,"78,000kms",Diesel,Automatic,₹16.95 Lakh,bangalore
Jaguar,Jaguar XF2.0 Petrol Portfolio,2017,"62,000kms",Petrol,Automatic,₹18.99 Lakh,bangalore
Toyota,Toyota Innova Crysta2.8 GX AT BSIV,2017,"86,000kms",Diesel,Automatic,₹16.75 Lakh,bangalore
Toyota,Toyota Innova Crysta2.8 ZX AT BSIV,2016,"2,08,000kms",Diesel,Automatic,₹15.90 Lakh,bangalore
MG,MG Hector PlusSharp DCT,2021,"28,000kms",Petrol,Automatic,₹16.25 Lakh,bangalore
Toyota,Toyota Innova Crysta2.4 ZX MT BSIV,2019,"1,10,000kms",Diesel,Manual,₹18 Lakh,bangalore
Toyota,Toyota Innova Crysta2.8 GX AT BSIV,2016,"1,11,456kms",Diesel,Automatic,₹17.75 Lakh,bangalore
Toyota,Toyota Innova Crysta2.8 GX AT BSIV,2017,"86,000kms",Diesel,Automatic,₹16.75 Lakh,bangalore
Toyota,Toyota Innova Crysta2.8 ZX AT BSIV,2016,"2,08,000kms",Diesel,Automatic,₹15.90 Lakh,bangalore
MG,MG Hector PlusSharp DCT,2021,"28,000kms",Petrol,Automatic,₹16.25 Lakh,bangalore
Toyota,Toyota Innova Crysta2.4 ZX MT BSIV,2019,"1,10,000kms",Diesel,Manual,₹18 Lakh,bangalore
Toyota,Toyota Innova Crysta2.8 GX AT BSIV,2016,"1,11,456kms",Diesel,Automatic,₹17.75 Lakh,bangalore
Audi,Audi Q32.0 TDI,2014,"52,000kms",Diesel,Automatic,₹16.75 Lakh,bangalore
Toyota,Toyota Innova Crysta2.4 G MT BSIV,2018,"51,000kms",Diesel,Manual,₹19.50 Lakh,bangalore
Volvo,Volvo XC60D4 KINETIC,2015,"1,12,000kms",Diesel,Automatic,₹15.33 Lakh,bangalore
Mercedes-Benz,Mercedes-Benz E-ClassE250 CDI Avantgrade,2014,"95,000kms",Diesel,Automatic,₹15.90 Lakh,bangalore
Audi,Audi Q330 TDI Premium FWD,2018,"40,000kms",Diesel,Automatic,₹19.85 Lakh,bangalore
Audi,Audi Q530 TDI quattro Premium Plus,2015,"77,000kms",Diesel,Automatic,₹19.85 Lakh,bangalore
Jeep,Jeep Compass2.0 Model S Opt 4x4 AT,2021,"61,000kms",Diesel,Automatic,₹19.25 Lakh,bangalore
Hyundai,Hyundai Creta1.4 CRDi S Plus,2016,"70,000kms",Diesel,Manual,₹7.75 Lakh,bangalore
Kia,Kia SonetHTE,2023,"18,542kms",Petrol,Manual,₹7.50 Lakh,bangalore
Mercedes-Benz,Mercedes-Benz E-ClassE250 CDI,2014,"56,000kms",Diesel,Automatic,₹14.50 Lakh,bangalore
Mahindra,Mahindra XUV500AT W10 FWD,2016,"65,000kms",Diesel,Automatic,₹10.75 Lakh,bangalore
Honda,Honda CityZX MT,2021,"48,713kms",Petrol,Manual,₹11.93 Lakh,bangalore
Maruti,Maruti XL6Zeta AT,2021,"52,000kms",Petrol,Automatic,₹10.99 Lakh,bangalore
Mahindra,Mahindra XUV500AT W10 FWD,2017,"94,189kms",Diesel,Automatic,₹10.45 Lakh,bangalore
MG,MG HectorSharp Diesel MT,2021,"58,313kms",Diesel,Manual,₹14.45 Lakh,bangalore
Maruti,Maruti Alto K10VXI,2014,"76,204kms",Petrol,Manual,₹2.60 Lakh,bangalore
Hyundai,Hyundai EONMagna Plus,2013,"43,596kms",Petrol,Manual,₹2.06 Lakh,bangalore
Skoda,Skoda Kushaq1.5 TSI Style BSVI,2021,"37,540kms",Petrol,Manual,₹12.95 Lakh,bangalore
Honda,Honda CityZX CVT,2022,"40,000kms",Petrol,Automatic,₹11.90 Lakh,bangalore
Skoda,Skoda Kushaq1.0 TSI Style,2023,"18,254kms",Petrol,Manual,₹13.75 Lakh,bangalore
Skoda,Skoda Kushaq1.5 TSI Style BSVI,2021,"75,800kms",Petrol,Manual,₹10.90 Lakh,bangalore
Maruti,Maruti XL6Zeta AT,2021,"52,000kms",Petrol,Automatic,₹10.99 Lakh,bangalore
Mercedes-Benz,Mercedes-Benz E-ClassE250 CDI,2014,"56,000kms",Diesel,Automatic,₹14.50 Lakh,bangalore
Land Rover,Land Rover Freelander 2TD4 SE,2013,"74,000kms",Diesel,Automatic,₹12.50 Lakh,bangalore
Mahindra,Mahindra XUV500AT W10 FWD,2016,"65,000kms",Diesel,Automatic,₹10.75 Lakh,bangalore
Hyundai,Hyundai CretaS BSVI,2020,"22,750kms",Petrol,Manual,₹10.50 Lakh,bangalore
Mahindra,Mahindra XUV500AT W10 FWD,2017,"94,189kms",Diesel,Automatic,₹10.45 Lakh,bangalore
MG,MG HectorSharp Diesel MT,2021,"58,313kms",Diesel,Manual,₹14.45 Lakh,bangalore
Hyundai,Hyundai CretaSX IVT BSVI,2020,"27,709kms",Petrol,Automatic,₹13.75 Lakh,bangalore
Audi,Audi Q53.0 TDI Quattro,2015,"90,899kms",Diesel,Automatic,₹15 Lakh,bangalore
Maruti,Maruti XL6Zeta,2024,"19,000kms",Petrol,Manual,₹12.70 Lakh,bangalore
Audi,Audi Q335 TDI Quattro Premium Plus,2016,"1,72,000kms",Diesel,Automatic,₹12.50 Lakh,bangalore
Honda,Honda CityV CVT,2021,"37,497kms",Petrol,Automatic,₹10.95 Lakh,bangalore
Hyundai,Hyundai VenueSX Diesel,2022,"39,373kms",Diesel,Manual,₹10.50 Lakh,bangalore
Jeep,Jeep Compass1.4 Limited Option,2018,"46,000kms",Petrol,Automatic,₹11.75 Lakh,bangalore
Mahindra,Mahindra XUV500AT W10 FWD,2016,"65,000kms",Diesel,Automatic,₹10.75 Lakh,bangalore
Skoda,Skoda Kushaq1.5 TSI Style BSVI,2021,"75,800kms",Petrol,Manual,₹10.90 Lakh,bangalore
Maruti,Maruti XL6Zeta AT,2021,"52,000kms",Petrol,Automatic,₹10.99 Lakh,bangalore
Mahindra,Mahindra XUV500AT W10 FWD,2017,"94,189kms",Diesel,Automatic,₹10.45 Lakh,bangalore
MG,MG HectorSharp Diesel MT,2021,"58,313kms",Diesel,Manual,₹14.45 Lakh,bangalore
Skoda,Skoda Kushaq1.5 TSI Style BSVI,2021,"37,540kms",Petrol,Manual,₹12.95 Lakh,bangalore
Hyundai,Hyundai CretaS BSVI,2020,"22,750kms",Petrol,Manual,₹10.50 Lakh,bangalore
MG,MG AstorSharp Turbo AT BSVI,2022,"26,537kms",Petrol,Automatic,₹12.95 Lakh,bangalore
Jeep,Jeep Compass1.4 Limited Option,2018,"46,000kms",Petrol,Automatic,₹11.75 Lakh,bangalore
Jeep,Jeep Compass1.4 Limited,2018,"25,000kms",Petrol,Automatic,₹14 Lakh,bangalore
Hyundai,Hyundai Creta1.6 SX Automatic Diesel,2020,"71,000kms",Diesel,Automatic,₹13.95 Lakh,bangalore
Honda,Honda CityV CVT,2011,"60,287kms",Petrol,Automatic,₹3.26 Lakh,bangalore
Maruti,Maruti CiazZXi,2017,"1,11,130kms",Petrol,Manual,₹5.62 Lakh,bangalore
Mahindra,Mahindra KUV 100 NXTG80 K8 6Str,2016,"63,223kms",Petrol,Manual,₹3.81 Lakh,bangalore
Maruti,Maruti Alto K10VXI AMT,2016,"62,022kms",Petrol,Automatic,₹3.41 Lakh,bangalore
Honda,Honda Cityi VTEC CVT VX,2016,"1,29,335kms",Petrol,Automatic,₹4.74 Lakh,bangalore
Hyundai,Hyundai Grand i10Sportz,2015,"45,220kms",Petrol,Manual,₹4.25 Lakh,bangalore
Mahindra,Mahindra XUV700AX7 AT Luxury Pack BSVI,2023,"28,740kms",Petrol,Automatic,₹22.29 Lakh,bangalore
Hyundai,Hyundai Creta1.6 VTVT AT SX Plus,2017,"1,08,638kms",Petrol,Automatic,₹7.20 Lakh,bangalore
Hyundai,Hyundai i10Magna 1.2,2012,"52,887kms",Petrol,Manual,₹2.63 Lakh,bangalore
Honda,Honda Cityi VTEC CVT VX,2016,"1,29,335kms",Petrol,Automatic,₹4.74 Lakh,bangalore
Hyundai,Hyundai Grand i10Sportz,2015,"45,220kms",Petrol,Manual,₹4.25 Lakh,bangalore
Mahindra,Mahindra XUV700AX7 AT Luxury Pack BSVI,2023,"28,740kms",Petrol,Automatic,₹22.29 Lakh,bangalore
Ford,Ford FigoAmbiente BSIV,2011,"63,737kms",Petrol,Manual,₹2.29 Lakh,bangalore
Ford,Ford FigoAmbiente BSIV,2012,"56,734kms",Petrol,Manual,₹2.67 Lakh,bangalore
Hyundai,Hyundai i20Sportz Petrol,2010,"75,575kms",Petrol,Manual,₹2.04 Lakh,bangalore
Honda,Honda BrioVX,2013,"1,27,821kms",Petrol,Manual,₹2.92 Lakh,bangalore
Volkswagen,Volkswagen PoloDiesel Comfortline 1.2L,2012,"67,695kms",Diesel,Manual,₹2.48 Lakh,bangalore
Maruti,Maruti Alto K10VXI,2013,"93,419kms",Petrol,Manual,₹2.16 Lakh,bangalore
Maruti,Maruti Alto 800LXi,2014,"51,416kms",Petrol,Manual,₹2.69 Lakh,bangalore
Honda,Honda BrioVX AT,2014,"1,03,862kms",Petrol,Automatic,₹2.61 Lakh,bangalore
Hyundai,Hyundai i10Magna 1.2,2011,"91,161kms",Petrol,Manual,₹2.32 Lakh,bangalore
Maruti,2011Maruti Alto K10 -2014 VXI,2010,"40,885kms",Petrol,Manual,₹2.10 Lakh,bangalore
Hyundai,Hyundai i10Magna 1.2,2012,"52,887kms",Petrol,Manual,₹2.63 Lakh,bangalore
Hyundai,Hyundai i10Magna 1.1,2013,"40,323kms",Petrol,Manual,₹2.88 Lakh,bangalore
Hyundai,Hyundai Grand i10Magna,2014,"55,667kms",Petrol,Manual,₹2.55 Lakh,bangalore
Hyundai,Hyundai i10Magna 1.1,2014,"68,330kms",Petrol,Manual,₹2.95 Lakh,bangalore
Hyundai,Hyundai i10Magna 1.2,2011,"39,560kms",Petrol,Manual,₹2.74 Lakh,bangalore
Nissan,Nissan SunnyXE,2013,"1,29,347kms",Petrol,Manual,₹2.93 Lakh,bangalore
Hyundai,Hyundai i10Magna 1.2,2011,"74,115kms",Petrol,Manual,₹2.61 Lakh,bangalore
Hyundai,Hyundai Grand i10Magna,2014,"55,667kms",Petrol,Manual,₹2.55 Lakh,bangalore
Hyundai,Hyundai i10Magna 1.1,2014,"68,330kms",Petrol,Manual,₹2.95 Lakh,bangalore
Hyundai,Hyundai i10Magna 1.2,2011,"39,560kms",Petrol,Manual,₹2.74 Lakh,bangalore
Nissan,Nissan SunnyXE,2013,"1,29,347kms",Petrol,Manual,₹2.93 Lakh,bangalore
Hyundai,Hyundai i10Magna 1.2,2011,"74,115kms",Petrol,Manual,₹2.61 Lakh,bangalore
Hyundai,Hyundai Grand i10Magna,2013,"61,294kms",Petrol,Manual,₹2.65 Lakh,bangalore
Maruti,Maruti Wagon R StingrayVXI,2014,"99,934kms",Petrol,Manual,₹2.51 Lakh,bangalore
Maruti,Maruti Alto 800LXI,2016,"50,117kms",Petrol,Manual,₹2.27 Lakh,bangalore
Honda,Honda Amaze 2nd GenE,2013,"1,07,897kms",Petrol,Manual,₹2.89 Lakh,bangalore
Hyundai,Hyundai i10Magna 1.2,2011,"96,961kms",Petrol,Manual,₹2.57 Lakh,bangalore
Datsun,Datsun RediGO1.0 T Option,2019,"25,042kms",Petrol,Manual,₹2.40 Lakh,bangalore
Maruti,Maruti Alto 800LXi,2016,"43,886kms",Petrol,Manual,₹2.67 Lakh,bangalore
Hyundai,Hyundai EONMagna,2014,"77,485kms",Petrol,Manual,₹2.40 Lakh,bangalore
Hyundai,Hyundai Creta1.6 VTVT AT SX Plus,2017,"1,08,638kms",Petrol,Automatic,₹7.20 Lakh,bangalore
Ford,Ford FigoAmbiente BSIV,2011,"89,217kms",Petrol,Manual,₹2.12 Lakh,bangalore
Maruti,Maruti Wagon RVXI BS IV,2012,"37,326kms",Petrol,Manual,₹2.08 Lakh,bangalore
Maruti,Maruti Alto 800LXi,2015,"74,848kms",Petrol,Manual,₹2.74 Lakh,bangalore
Hyundai,Hyundai i10Asta,2013,"72,934kms",Petrol,Manual,₹2.47 Lakh,bangalore
Maruti,Maruti Wagon RLXI Minor,2010,"63,000kms",Petrol,Manual,₹2.95 Lakh,bangalore
,Fiat Punto1.3 Emotion,2014,"85,000kms",Diesel,Manual,₹2.20 Lakh,bangalore
Ford,Ford FigoAmbiente BSIV,2011,"89,217kms",Petrol,Manual,₹2.12 Lakh,bangalore
Maruti,Maruti Wagon RVXI BS IV,2012,"37,326kms",Petrol,Manual,₹2.08 Lakh,bangalore
Maruti,Maruti Alto 800LXi,2015,"74,848kms",Petrol,Manual,₹2.74 Lakh,bangalore
Maruti,Maruti Alto 800LXI,2016,"50,117kms",Petrol,Manual,₹2.27 Lakh,bangalore
Maruti,Maruti Alto 800LXi,2016,"43,886kms",Petrol,Manual,₹2.67 Lakh,bangalore
Honda,Honda BrioVX AT,2014,"1,03,862kms",Petrol,Automatic,₹2.61 Lakh,bangalore
Hyundai,Hyundai i10Magna 1.2,2011,"91,161kms",Petrol,Manual,₹2.32 Lakh,bangalore
Hyundai,Hyundai i10Sportz,2011,"64,000kms",Petrol,Manual,₹2.95 Lakh,bangalore
Maruti,Maruti Wagon RVXI,2011,"48,000kms",Petrol,Manual,₹2.75 Lakh,bangalore
Maruti,2012Maruti Alto K10 -2014 VXI,2010,"65,000kms",Petrol,Manual,₹2.65 Lakh,bangalore
Chevrolet,Chevrolet BeatDiesel,2012,"79,000kms",Diesel,Manual,₹2.25 Lakh,bangalore
Maruti,2011Maruti Alto K10 -2014 VXI,2010,"40,885kms",Petrol,Manual,₹2.10 Lakh,bangalore
Hyundai,Hyundai i20Asta 1.4 CRDi,2012,"92,000kms",Diesel,Manual,₹2.89 Lakh,bangalore
Hyundai,Hyundai i10Asta,2011,"93,000kms",Petrol,Manual,₹3 Lakh,bangalore
Maruti,Maruti Alto 800LXI,2013,"15,000kms",Petrol,Manual,₹2.55 Lakh,bangalore
Hyundai,Hyundai i10Era 1.1 iTech SE,2014,"1,40,000kms",Petrol,Manual,₹2.99 Lakh,bangalore
Hyundai,Hyundai EONMagna,2013,"61,975kms",Petrol,Manual,₹2.51 Lakh,bangalore
Honda,Honda BrioS MT,2013,"58,885kms",Petrol,Manual,₹3.16 Lakh,bangalore
Maruti,Maruti CelerioZXI,2016,"62,876kms",Petrol,Manual,₹4.18 Lakh,bangalore
Hyundai,Hyundai Grand i101.2 Kappa Magna BSIV,2014,"1,01,277kms",Petrol,Manual,₹3.48 Lakh,bangalore
Hyundai,Hyundai i10Era 1.1 iTech SE,2014,"1,40,000kms",Petrol,Manual,₹2.99 Lakh,bangalore
Hyundai,Hyundai EONMagna,2013,"61,975kms",Petrol,Manual,₹2.51 Lakh,bangalore
Honda,Honda BrioS MT,2013,"58,885kms",Petrol,Manual,₹3.16 Lakh,bangalore
Maruti,Maruti CelerioZXI,2016,"62,876kms",Petrol,Manual,₹4.18 Lakh,bangalore
Hyundai,Hyundai Grand i101.2 Kappa Magna BSIV,2014,"1,01,277kms",Petrol,Manual,₹3.48 Lakh,bangalore
Maruti,Maruti Ignis1.2 AMT Delta BSIV,2018,"72,879kms",Petrol,Automatic,₹4.75 Lakh,bangalore
Maruti,Maruti Wagon RVXI,2011,"38,236kms",Petrol,Manual,₹2.86 Lakh,bangalore
Renault,Renault TriberRXT,2022,"39,364kms",Petrol,Manual,₹5.28 Lakh,bangalore
Maruti,Maruti CelerioZXI Plus AMT BSVI,2022,"19,852kms",Petrol,Automatic,₹5.60 Lakh,bangalore
Maruti,Maruti Swift DzireAMT ZXI,2018,"32,548kms",Petrol,Automatic,₹5.67 Lakh,bangalore
Honda,Honda Cityi DTEC VX,2014,"88,000kms",Diesel,Manual,₹6.85 Lakh,bangalore
Tata,Tata AltrozXZ Plus BSVI,2021,"20,597kms",Petrol,Manual,₹6.99 Lakh,bangalore
Toyota,Toyota Innova Crysta2.4 ZX MT BSIV,2017,"44,000kms",Diesel,Manual,₹20.50 Lakh,bangalore
Mercedes-Benz,Mercedes-Benz CLA200 CDI Sport,2016,"48,000kms",Diesel,Automatic,₹23.45 Lakh,bangalore
Audi,Audi Q2Premium,2020,"80,000kms",Petrol,Automatic,₹25.75 Lakh,bangalore
Mahindra,Mahindra XUV700AX7 AT Luxury Pack BSVI,2022,"33,365kms",Petrol,Automatic,₹20.59 Lakh,bangalore
Toyota,Toyota Innova Crysta2.4 ZX MT,2020,"91,000kms",Diesel,Manual,₹23 Lakh,bangalore
Mercedes-Benz,Mercedes-Benz C-ClassC 220d Avantgarde Edition C,2017,"61,000kms",Diesel,Automatic,₹22 Lakh,bangalore
Toyota,Toyota Innova Crysta2.4 ZX 7 STR AT,2020,"69,000kms",Diesel,Automatic,₹24.50 Lakh,bangalore
Toyota,Toyota Innova Crysta2.4 G MT,2020,"1,25,000kms",Diesel,Manual,₹21 Lakh,bangalore
Mahindra,Mahindra XUV700AX7 AT Luxury Pack BSVI,2022,"33,365kms",Petrol,Automatic,₹20.59 Lakh,bangalore
Toyota,Toyota Innova Crysta2.4 ZX MT,2020,"91,000kms",Diesel,Manual,₹23 Lakh,bangalore
Mercedes-Benz,Mercedes-Benz C-ClassC 220d Avantgarde Edition C,2017,"61,000kms",Diesel,Automatic,₹22 Lakh,bangalore
Toyota,Toyota Innova Crysta2.4 ZX 7 STR AT,2020,"69,000kms",Diesel,Automatic,₹24.50 Lakh,bangalore
Toyota,Toyota Innova Crysta2.4 G MT,2020,"1,25,000kms",Diesel,Manual,₹21 Lakh,bangalore
Mercedes-Benz,Mercedes-Benz C-ClassC 220 CDI Style,2017,"63,000kms",Diesel,Automatic,₹26 Lakh,bangalore
Audi,Audi Q745 TDI Quattro Premium Plus,2016,"1,44,000kms",Diesel,Automatic,₹29.75 Lakh,bangalore
Toyota,Toyota Innova Crysta2.4 G MT,2020,"55,000kms",Diesel,Manual,₹23.95 Lakh,bangalore
Toyota,Toyota Innova Crysta2.4 G MT,2020,"73,000kms",Diesel,Manual,₹22.75 Lakh,bangalore
Renault,Renault KWIDRXT,2016,"60,149kms",Petrol,Manual,₹2.85 Lakh,bangalore
Maruti,Maruti A-StarAT VXI,2011,"54,000kms",Petrol,Automatic,₹2.75 Lakh,bangalore
Toyota,Toyota VellfireExecutive Lounge BSVI,2020,"33,000kms",Petrol,Automatic,₹85 Lakh,bangalore
Honda,Honda Cityi DTEC VX,2015,"65,425kms",Diesel,Manual,₹5.36 Lakh,bangalore
Hyundai,Hyundai Xcent1.2 Kappa AT SX Option,2014,"1,09,489kms",Petrol,Automatic,₹3.21 Lakh,bangalore
Hyundai,Hyundai SantroAsta BSIV,2018,"74,553kms",Petrol,Manual,₹3.83 Lakh,bangalore
Hyundai,Hyundai Grand i10Asta,2014,"56,000kms",Petrol,Manual,₹4.40 Lakh,bangalore
Maruti,Maruti RitzZXi,2015,"82,000kms",Petrol,Manual,₹3.85 Lakh,bangalore
Mahindra,Mahindra XUV700AX7 AT Luxury Pack BSVI,2023,"18,062kms",Petrol,Automatic,₹21.85 Lakh,bangalore
Maruti,Maruti XL6Zeta,2022,"37,869kms",Petrol,Manual,₹9.92 Lakh,bangalore
MG,MG AstorSharp BSVI,2022,"30,050kms",Petrol,Manual,₹9.99 Lakh,bangalore
Hyundai,Hyundai Grand i10Asta,2014,"56,000kms",Petrol,Manual,₹4.40 Lakh,bangalore
Maruti,Maruti RitzZXi,2015,"82,000kms",Petrol,Manual,₹3.85 Lakh,bangalore
Mahindra,Mahindra XUV700AX7 AT Luxury Pack BSVI,2023,"18,062kms",Petrol,Automatic,₹21.85 Lakh,bangalore
Maruti,Maruti XL6Zeta,2022,"37,869kms",Petrol,Manual,₹9.92 Lakh,bangalore
MG,MG AstorSharp BSVI,2022,"30,050kms",Petrol,Manual,₹9.99 Lakh,bangalore
Hyundai,Hyundai i20Asta,2024,"24,000kms",Petrol,Manual,₹9.75 Lakh,bangalore
Mahindra,Mahindra XUV500W11 BSIV,2018,"52,365kms",Diesel,Manual,₹11.50 Lakh,bangalore
Hyundai,Hyundai CretaE,2023,"16,977kms",Petrol,Manual,₹11.75 Lakh,bangalore
Kia,Kia SeltosGTX Plus DCT,2019,"81,333kms",Petrol,Automatic,₹9.79 Lakh,bangalore
Kia,Kia SonetHTX Turbo iMT BSVI,2023,"21,456kms",Petrol,Manual,₹9.71 Lakh,bangalore
Maruti,Maruti Baleno1.2 CVT Alpha,2018,"47,135kms",Petrol,Automatic,₹6.46 Lakh,bangalore
Ford,Ford Ecosport1.5 Petrol Titanium BSIV,2018,"69,580kms",Petrol,Manual,₹7.25 Lakh,bangalore
Honda,Honda Cityi-VTEC CVT ZX,2018,"37,000kms",Petrol,Automatic,₹8.95 Lakh,bangalore
Tata,Tata NexonXZ Plus (O) BSVI,2020,"42,734kms",Petrol,Manual,₹7.45 Lakh,bangalore
Maruti,Maruti Vitara BrezzaZXI Plus,2021,"17,737kms",Petrol,Manual,₹8.95 Lakh,bangalore
Renault,Renault KWID1.0 AMT RXT,2016,"1,12,825kms",Petrol,Automatic,₹2.18 Lakh,bangalore
Toyota,Toyota Fortuner2.8 2WD MT,2020,"1,63,000kms",Diesel,Manual,₹31.50 Lakh,bangalore
Hyundai,Hyundai i20Sportz Petrol,2011,"34,362kms",Petrol,Manual,₹2.80 Lakh,bangalore
Hyundai,Hyundai EONSportz,2014,"41,401kms",Petrol,Manual,₹2.93 Lakh,bangalore
Maruti,Maruti Swift DzireVXI 1.2,2018,"66,191kms",Petrol,Manual,₹4.87 Lakh,bangalore
Renault,Renault KWID1.0 AMT RXT,2016,"1,12,825kms",Petrol,Automatic,₹2.18 Lakh,bangalore
Toyota,Toyota Fortuner2.8 2WD MT,2020,"1,63,000kms",Diesel,Manual,₹31.50 Lakh,bangalore
Hyundai,Hyundai i20Sportz Petrol,2011,"34,362kms",Petrol,Manual,₹2.80 Lakh,bangalore
Hyundai,Hyundai EONSportz,2014,"41,401kms",Petrol,Manual,₹2.93 Lakh,bangalore
Maruti,Maruti Swift DzireVXI 1.2,2018,"66,191kms",Petrol,Manual,₹4.87 Lakh,bangalore
Maruti,Maruti BalenoDelta,2020,"50,806kms",Petrol,Manual,₹5.36 Lakh,bangalore
Maruti,Maruti Wagon RZXI 1.2,2021,"31,904kms",Petrol,Manual,₹5.58 Lakh,bangalore
Maruti,Maruti CelerioVXI AMT,2017,"45,315kms",Petrol,Automatic,₹4.32 Lakh,bangalore
Maruti,Maruti CelerioVXI AMT,2016,"53,356kms",Petrol,Automatic,₹4.07 Lakh,bangalore
Hyundai,Hyundai Grand i10 NiosSportz,2022,"39,614kms",Petrol,Manual,₹5.95 Lakh,bangalore
Hyundai,Hyundai Grand i101.2 Kappa Sportz BSIV,2019,"45,169kms",Petrol,Manual,₹4.55 Lakh,bangalore
Skoda,Skoda Rapid1.6 TDI Ambition Plus,2013,"89,400kms",Diesel,Manual,₹3.42 Lakh,bangalore
Maruti,Maruti CelerioVXI,2024,"21,523kms",Petrol,Manual,₹5.25 Lakh,bangalore
Toyota,Toyota Innova Crysta2.4 ZX 7 STR,2022,"52,000kms",Diesel,Manual,₹27.75 Lakh,bangalore
Hyundai,Hyundai VenueSX Diesel,2025,"5,500kms",Diesel,Manual,₹10.50 Lakh,bangalore
MG,MG HectorHybrid Sharp MT,2021,"54,081kms",Petrol,Manual,₹12.95 Lakh,bangalore
Maruti,Maruti BalenoZeta AMT,2016,"24,843kms",Petrol,Automatic,₹5.37 Lakh,bangalore
Maruti,Maruti ErtigaZxi (O),2023,"26,021kms",Petrol,Manual,₹10.46 Lakh,bangalore
Mahindra,Mahindra XUV500AT W10 1.99 mHawk,2017,"78,236kms",Diesel,Automatic,₹10.52 Lakh,bangalore
Kia,Kia SeltosGTX Plus DCT,2019,"28,337kms",Petrol,Automatic,₹11.37 Lakh,bangalore
Hyundai,Hyundai VenueSX Diesel,2025,"5,500kms",Diesel,Manual,₹10.50 Lakh,bangalore
Maruti,Maruti BalenoZeta AMT,2016,"24,843kms",Petrol,Automatic,₹5.37 Lakh,bangalore
Mahindra,Mahindra XUV500AT W10 1.99 mHawk,2017,"78,236kms",Diesel,Automatic,₹10.52 Lakh,bangalore
Kia,Kia SeltosGTX Plus DCT,2019,"28,337kms",Petrol,Automatic,₹11.37 Lakh,bangalore
Maruti,Maruti ErtigaZxi (O),2023,"26,021kms",Petrol,Manual,₹10.46 Lakh,bangalore
Volkswagen,Volkswagen Taigun1.0 Highline AT,2021,"69,906kms",Petrol,Automatic,₹9.98 Lakh,bangalore
Renault,Renault TriberRXT,2022,"70,106kms",Petrol,Manual,₹5.68 Lakh,bangalore
Hyundai,Hyundai i20Asta 1.2,2015,"42,962kms",Petrol,Manual,₹4.80 Lakh,bangalore
Skoda,Skoda RapidLeisure 1.6 TDI MT,2013,"1,02,515kms",Diesel,Manual,₹3.78 Lakh,bangalore
Ford,Ford FreestyleTitanium Petrol BSIV,2021,"21,759kms",Petrol,Manual,₹5.79 Lakh,bangalore
Volkswagen,Volkswagen PoloGT TSI,2014,"92,000kms",Petrol,Automatic,₹4.75 Lakh,bangalore
Hyundai,Hyundai AuraSX Option,2020,"29,987kms",Petrol,Manual,₹5.99 Lakh,bangalore
Tata,Tata NexonXM S BSVI,2021,"25,347kms",Petrol,Manual,₹7.95 Lakh,bangalore
Hyundai,Hyundai Verna1.6 VTVT AT SX,2016,"63,000kms",Petrol,Automatic,₹6.95 Lakh,bangalore
Hyundai,Hyundai SantroSportz BSIV,2019,"53,517kms",Petrol,Manual,₹3.85 Lakh,bangalore
Hyundai,Hyundai Creta1.6 VTVT SX Plus,2016,"36,776kms",Petrol,Manual,₹6.41 Lakh,bangalore
Renault,Renault TriberRXZ,2022,"25,243kms",Petrol,Manual,₹6.54 Lakh,bangalore
Toyota,Toyota GlanzaV,2021,"45,673kms",Petrol,Manual,₹6.69 Lakh,bangalore
Hyundai,Hyundai i20Diesel Asta,2018,"6,952kms",Diesel,Manual,₹6.64 Lakh,bangalore
Maruti,Maruti Alto K10LXI,2011,"29,593kms",Petrol,Manual,₹2.23 Lakh,bangalore
Renault,Renault TriberRXZ,2022,"25,243kms",Petrol,Manual,₹6.54 Lakh,bangalore
Toyota,Toyota GlanzaV,2021,"45,673kms",Petrol,Manual,₹6.69 Lakh,bangalore
Hyundai,Hyundai i20Diesel Asta,2018,"6,952kms",Diesel,Manual,₹6.64 Lakh,bangalore
Hyundai,Hyundai Creta1.6 VTVT SX Plus,2016,"36,776kms",Petrol,Manual,₹6.41 Lakh,bangalore
Maruti,Maruti Alto K10LXI,2011,"29,593kms",Petrol,Manual,₹2.23 Lakh,bangalore
Renault,Renault KWID1.0 RXT,2016,"47,594kms",Petrol,Manual,₹2.50 Lakh,bangalore
Toyota,2024Toyota FortunerLeader Edition 4x2 Diesel  -2025,2023,"45,000kms",Diesel,Manual,₹45.45 Lakh,bangalore
Toyota,Toyota Fortuner4X2 Diesel,2023,"59,000kms",Diesel,Manual,₹37.50 Lakh,bangalore
Toyota,Toyota Innova Crysta2.4 ZX 7 STR AT,2021,"1,60,000kms",Diesel,Automatic,₹24.45 Lakh,bangalore
Toyota,Toyota Fortuner4X2 Diesel AT,2024,"3,388kms",Diesel,Automatic,₹41.99 Lakh,bangalore
Honda,Honda Jazz1.2 SV i VTEC,2017,"1,11,800kms",Petrol,Manual,₹4.75 Lakh,bangalore
Mercedes-Benz,Mercedes-Benz GLA220d 4M BSVI,2022,"45,000kms",Diesel,Automatic,₹42.50 Lakh,bangalore
Hyundai,Hyundai Grand i10 NiosAMT Sportz,2022,"54,956kms",Petrol,Automatic,₹5.98 Lakh,bangalore
Honda,Honda Jazz1.5 SV i DTEC,2015,"79,887kms",Diesel,Manual,₹4.04 Lakh,bangalore
Renault,Renault KigerRXT,2021,"29,497kms",Petrol,Manual,₹5.26 Lakh,bangalore
Honda,Honda Cityi VTEC CVT SV,2014,"82,405kms",Petrol,Automatic,₹4.78 Lakh,bangalore
Maruti,Maruti ErtigaZXI,2014,"54,724kms",Petrol,Manual,₹5.39 Lakh,bangalore
Hyundai,Hyundai Grand i101.2 Kappa Sportz BSIV,2019,"25,161kms",Petrol,Manual,₹4.10 Lakh,bangalore
Hyundai,Hyundai VenueSX Plus Turbo DCT,2020,"65,616kms",Petrol,Automatic,₹9.25 Lakh,bangalore
Volkswagen,Volkswagen Vento1.2 TSI Comfortline AT,2015,"58,500kms",Petrol,Automatic,₹6.25 Lakh,bangalore
Honda,Honda Cityi VTEC CVT SV,2014,"82,405kms",Petrol,Automatic,₹4.78 Lakh,bangalore
Maruti,Maruti ErtigaZXI,2014,"54,724kms",Petrol,Manual,₹5.39 Lakh,bangalore
Hyundai,Hyundai Grand i101.2 Kappa Sportz BSIV,2019,"25,161kms",Petrol,Manual,₹4.10 Lakh,bangalore
Hyundai,Hyundai i20Asta Option CVT,2019,"63,168kms",Petrol,Automatic,₹6.75 Lakh,bangalore
Maruti,Maruti DzireZXI Plus AMT,2022,"83,792kms",Petrol,Automatic,₹6.92 Lakh,bangalore
Hyundai,Hyundai VenueS,2021,"31,299kms",Petrol,Manual,₹6.79 Lakh,bangalore
Kia,Kia SonetHTX Diesel BSVI,2021,"34,880kms",Diesel,Manual,₹8.58 Lakh,bangalore
Kia,Kia SonetGTX Plus Turbo DCT BSVI,2021,"39,387kms",Petrol,Automatic,₹8.60 Lakh,bangalore
Renault,Renault KigerRXZ Turbo CVT DT,2023,"34,213kms",Petrol,Automatic,₹8.52 Lakh,bangalore
Renault,Renault KigerRXZ Turbo CVT DT,2021,"16,723kms",Petrol,Automatic,₹8.09 Lakh,bangalore
Kia,Kia SonetGTX Plus Turbo iMT BSVI,2020,"31,346kms",Petrol,Manual,₹7.72 Lakh,bangalore
Kia,Kia SeltosHTX G,2021,"48,395kms",Petrol,Manual,₹9.75 Lakh,bangalore
Kia,Kia SonetHTX Diesel Anniversary Edition,2022,"21,481kms",Diesel,Manual,₹8.99 Lakh,bangalore
Honda,Honda BR-Vi-VTEC V CVT,2018,"72,048kms",Petrol,Automatic,₹6.90 Lakh,bangalore
Renault,Renault KigerRXZ Turbo CVT DT,2022,"39,300kms",Petrol,Automatic,₹7.92 Lakh,bangalore
Maruti,Maruti XL6Alpha,2021,"54,293kms",Petrol,Manual,₹9 Lakh,bangalore
Hyundai,Hyundai Verna1.6 SX VTVT AT,2018,"49,044kms",Petrol,Automatic,₹7.25 Lakh,bangalore
Maruti,Maruti S CrossZeta,2022,"89,654kms",Petrol,Manual,₹6.67 Lakh,bangalore
Kia,Kia SeltosHTX G,2020,"57,595kms",Petrol,Manual,₹9.48 Lakh,bangalore
Kia,Kia SeltosHTK Plus AT D,2019,"87,807kms",Diesel,Automatic,₹9.19 Lakh,bangalore
Honda,Honda BR-Vi-VTEC V CVT,2018,"72,048kms",Petrol,Automatic,₹6.90 Lakh,bangalore
Maruti,Maruti XL6Alpha,2021,"54,293kms",Petrol,Manual,₹9 Lakh,bangalore
Hyundai,Hyundai Verna1.6 SX VTVT AT,2018,"49,044kms",Petrol,Automatic,₹7.25 Lakh,bangalore
Renault,Renault KigerRXZ Turbo CVT DT,2022,"39,300kms",Petrol,Automatic,₹7.92 Lakh,bangalore
Hyundai,Hyundai VernaVTVT 1.6 SX Option,2018,"64,000kms",Petrol,Manual,₹9.75 Lakh,bangalore
Honda,Honda Cityi-VTEC VX,2018,"26,000kms",Petrol,Manual,₹8.50 Lakh,bangalore
Ford,Ford Ecosport1.5 DV5 MT Titanium,2014,"68,000kms",Diesel,Manual,₹6.50 Lakh,bangalore
Maruti,Maruti Vitara BrezzaZDi Plus AMT,2018,"1,05,000kms",Diesel,Automatic,₹7.55 Lakh,bangalore
Kia,Kia SeltosHTE Diesel,2020,"66,000kms",Diesel,Manual,₹8.90 Lakh,bangalore
Kia,Kia SeltosHTX IVT G,2019,"56,000kms",Petrol,Automatic,₹9.20 Lakh,bangalore
Hyundai,Hyundai VenueSX Opt iMT,2022,"8,500kms",Petrol,Manual,₹9.65 Lakh,bangalore
Hyundai,Hyundai VenueS Plus,2021,"24,155kms",Petrol,Manual,₹7.35 Lakh,bangalore
Nissan,Nissan TerranoXV Premium 110 PS,2017,"59,000kms",Diesel,Manual,₹6.95 Lakh,bangalore
Maruti,Maruti S CrossDDiS 200 Zeta,2017,"1,19,000kms",Diesel,Manual,₹6.45 Lakh,bangalore
Honda,Honda BR-VStyle Edition VX,2016,"1,08,697kms",Petrol,Manual,₹6.34 Lakh,bangalore
Toyota,Toyota GlanzaV,2019,"94,280kms",Petrol,Manual,₹6.19 Lakh,bangalore
Kia,Kia SonetGTX Plus Turbo iMT BSVI,2020,"41,767kms",Petrol,Manual,₹7.26 Lakh,bangalore
Maruti,Maruti DzireZXI Plus AMT,2022,"83,792kms",Petrol,Automatic,₹6.92 Lakh,bangalore
Hyundai,Hyundai VenueS,2021,"31,299kms",Petrol,Manual,₹6.79 Lakh,bangalore
Kia,Kia SonetHTX Diesel BSVI,2021,"34,880kms",Diesel,Manual,₹8.58 Lakh,bangalore
Renault,Renault TriberRXZ EASY-R AMT,2022,"24,472kms",Petrol,Automatic,₹6.94 Lakh,bangalore
Maruti,Maruti S CrossDDiS 200 Alpha,2016,"49,574kms",Diesel,Manual,₹7.50 Lakh,bangalore
Maruti,Maruti Baleno1.2 CVT Alpha,2017,"56,000kms",Petrol,Automatic,₹6.90 Lakh,bangalore
Hyundai,Hyundai i20Asta Opt Diesel DT,2020,"49,000kms",Diesel,Manual,₹8.25 Lakh,bangalore
Maruti,Maruti S CrossAlpha,2022,"38,085kms",Petrol,Manual,₹8.25 Lakh,bangalore
Maruti,Maruti Vitara BrezzaVXI,2022,"55,000kms",Petrol,Manual,₹8.65 Lakh,bangalore
Mahindra,Mahindra TUV 300T8,2016,"93,069kms",Diesel,Manual,₹6.25 Lakh,bangalore
Volkswagen,Volkswagen Polo1.5 TDI Highline,2016,"89,000kms",Diesel,Manual,₹6.45 Lakh,bangalore
Volkswagen,Volkswagen PoloDiesel Highline 1.2L,2014,"71,000kms",Diesel,Manual,₹6.45 Lakh,bangalore
Mahindra,Mahindra XUV500W6 1.99 mHawk,2016,"1,25,000kms",Diesel,Manual,₹7.85 Lakh,bangalore
Maruti,Maruti S CrossZeta,2022,"29,563kms",Petrol,Manual,₹8.60 Lakh,bangalore
Maruti,Maruti Vitara BrezzaZDi AMT,2019,"51,379kms",Diesel,Automatic,₹8.90 Lakh,bangalore
Nissan,Nissan MagniteTurbo XV Premium BSVI,2022,"36,000kms",Petrol,Manual,₹8.25 Lakh,bangalore
Honda,Honda Cityi VTEC S,2017,"35,800kms",Petrol,Manual,₹6.25 Lakh,bangalore
Maruti,Maruti Vitara BrezzaZDi,2018,"1,29,548kms",Diesel,Manual,₹8.25 Lakh,bangalore
Mahindra,Mahindra XUV500W7 BSIV,2018,"1,01,000kms",Diesel,Manual,₹9.50 Lakh,bangalore
Maruti,Maruti S CrossZeta,2020,"71,051kms",Petrol,Manual,₹7.95 Lakh,bangalore
Hyundai,Hyundai Verna1.6 VTVT AT S Option,2015,"96,047kms",Petrol,Automatic,₹6.60 Lakh,bangalore
Hyundai,Hyundai Verna1.6 SX VTVT,2016,"63,796kms",Petrol,Manual,₹6.75 Lakh,bangalore
Hyundai,Hyundai i201.4 Magna Executive,2017,"64,000kms",Diesel,Manual,₹6.25 Lakh,bangalore
Skoda,Skoda Rapid1.5 TDI AT Style Plus,2016,"95,505kms",Diesel,Automatic,₹6.05 Lakh,bangalore
Hyundai,Hyundai VenueSX,2021,"72,120kms",Petrol,Manual,₹8.74 Lakh,bangalore
Renault,Renault TriberRXZ EASY-R AMT,2022,"24,472kms",Petrol,Automatic,₹6.94 Lakh,bangalore
Mahindra,Mahindra XUV500AT W10 1.99 mHawk,2016,"1,15,749kms",Diesel,Automatic,₹7.96 Lakh,bangalore
Hyundai,Hyundai Creta1.6 VTVT SX Plus,2016,"75,687kms",Petrol,Manual,₹6.52 Lakh,bangalore
Hyundai,Hyundai VernaVTVT 1.6 SX Option,2018,"59,644kms",Petrol,Manual,₹7.13 Lakh,bangalore
Hyundai,Hyundai VenueSX Turbo,2021,"20,372kms",Petrol,Manual,₹7.77 Lakh,bangalore
Hyundai,Hyundai VenueSX Plus Turbo DCT,2020,"65,616kms",Petrol,Automatic,₹9.25 Lakh,bangalore
Volkswagen,Volkswagen Vento1.2 TSI Comfortline AT,2015,"58,500kms",Petrol,Automatic,₹6.25 Lakh,bangalore
Hyundai,Hyundai Creta1.6 VTVT SX Plus,2018,"77,000kms",Petrol,Manual,₹9 Lakh,bangalore
Mahindra,Mahindra Bolero Power PlusSLX,2019,"1,46,000kms",Diesel,Manual,₹7.40 Lakh,bangalore
Hyundai,Hyundai i201.4 CRDi Anniversary Edition,2015,"77,000kms",Diesel,Manual,₹6.25 Lakh,bangalore
Honda,Honda Cityi-VTEC CVT V,2019,"30,000kms",Petrol,Automatic,₹8.41 Lakh,bangalore
Maruti,Maruti S CrossZeta,2020,"71,051kms",Petrol,Manual,₹7.95 Lakh,bangalore
Hyundai,Hyundai i201.4 Magna Executive,2017,"64,000kms",Diesel,Manual,₹6.25 Lakh,bangalore
Maruti,Maruti Vitara BrezzaVDi Option,2017,"1,19,000kms",Diesel,Manual,₹8.25 Lakh,bangalore
Hyundai,Hyundai Verna1.6 VTVT AT S Option,2015,"96,047kms",Petrol,Automatic,₹6.60 Lakh,bangalore
Hyundai,Hyundai Verna1.6 SX VTVT,2016,"63,796kms",Petrol,Manual,₹6.75 Lakh,bangalore
Hyundai,Hyundai i20Asta Opt Diesel DT,2020,"49,000kms",Diesel,Manual,₹8.25 Lakh,bangalore
Mahindra,Mahindra TUV 300T8,2016,"93,069kms",Diesel,Manual,₹6.25 Lakh,bangalore
Hyundai,Hyundai i10Asta,2011,"70,000kms",Petrol,Manual,₹6.25 Lakh,bangalore
Volkswagen,Volkswagen Ameo1.5 TDI Highline Plus AT,2017,"48,000kms",Diesel,Automatic,₹7.25 Lakh,bangalore
Hyundai,Hyundai Creta1.6 VTVT SX Plus,2018,"77,000kms",Petrol,Manual,₹9 Lakh,bangalore
Mahindra,Mahindra Bolero Power PlusSLX,2019,"1,46,000kms",Diesel,Manual,₹7.40 Lakh,bangalore
Hyundai,Hyundai i201.4 CRDi Anniversary Edition,2015,"77,000kms",Diesel,Manual,₹6.25 Lakh,bangalore
Maruti,Maruti XL6Zeta AT,2019,"37,000kms",Petrol,Automatic,₹9.75 Lakh,bangalore
Volkswagen,Volkswagen PoloGT TSI,2015,"74,000kms",Petrol,Automatic,₹6.10 Lakh,bangalore
Maruti,Maruti Baleno1.3 Zeta,2019,"61,000kms",Diesel,Manual,₹7.95 Lakh,bangalore
Hyundai,Hyundai VenueSX Plus Turbo DCT,2020,"65,616kms",Petrol,Automatic,₹9.25 Lakh,bangalore
Volkswagen,Volkswagen Vento1.2 TSI Comfortline AT,2015,"58,500kms",Petrol,Automatic,₹6.25 Lakh,bangalore
Ford,Ford Ecosport1.5 Petrol Titanium BSIV,2018,"59,000kms",Petrol,Manual,₹6.95 Lakh,bangalore
Hyundai,Hyundai i20Sportz Plus BSIV,2019,"68,000kms",Petrol,Manual,₹6.85 Lakh,bangalore
Hyundai,Hyundai VenueSX,2021,"72,120kms",Petrol,Manual,₹8.74 Lakh,bangalore
Skoda,Skoda Rapid1.5 TDI AT Style Plus,2016,"95,505kms",Diesel,Automatic,₹6.05 Lakh,bangalore
Volkswagen,Volkswagen Polo1.5 TDI Highline,2015,"71,000kms",Diesel,Manual,₹6.45 Lakh,bangalore
Mahindra,Mahindra XUV500R W10 FWD,2015,"1,00,000kms",Diesel,Manual,₹8.95 Lakh,bangalore
Hyundai,Hyundai VenueSX Diesel,2020,"62,950kms",Diesel,Manual,₹9.95 Lakh,bangalore
Honda,Honda CityV MT AVN,2019,"14,728kms",Petrol,Manual,₹8.15 Lakh,bangalore
Hyundai,Hyundai VenueSX Plus Turbo DCT BSIV,2019,"39,000kms",Petrol,Automatic,₹9.25 Lakh,bangalore
Honda,Honda Cityi VTEC V,2017,"95,000kms",Petrol,Manual,₹6.85 Lakh,bangalore
Honda,Honda CR-V2.0L 2WD AT,2016,"1,21,000kms",Petrol,Automatic,₹8.41 Lakh,bangalore
Mahindra,Mahindra XUV500R W10 FWD,2016,"70,000kms",Diesel,Manual,₹9.25 Lakh,bangalore
Maruti,Maruti Vitara BrezzaZDi,2017,"79,000kms",Diesel,Manual,₹8.75 Lakh,bangalore
Hyundai,Hyundai VenueSX Turbo BSIV,2019,"52,800kms",Petrol,Manual,₹7.95 Lakh,bangalore
Maruti,Maruti Baleno1.3 Zeta,2019,"61,000kms",Diesel,Manual,₹7.95 Lakh,bangalore
Mahindra,Mahindra XUV500W8 2WD,2013,"1,00,000kms",Diesel,Manual,₹6.75 Lakh,bangalore
Honda,Honda Cityi VTEC V,2016,"68,000kms",Petrol,Manual,₹6.75 Lakh,bangalore
Hyundai,Hyundai i201.2 Spotz,2017,"73,000kms",Petrol,Manual,₹6.45 Lakh,bangalore
Ford,Ford Ecosport1.5 Petrol Titanium BSIV,2018,"59,000kms",Petrol,Manual,₹6.95 Lakh,bangalore
Hyundai,Hyundai i20Sportz Plus BSIV,2019,"68,000kms",Petrol,Manual,₹6.85 Lakh,bangalore
Hyundai,Hyundai i20Sportz,2023,"31,506kms",Petrol,Manual,₹8.50 Lakh,bangalore
Maruti,Maruti Swift DzireVDI,2017,"1,10,000kms",Diesel,Manual,₹6.35 Lakh,bangalore
Maruti,Maruti Vitara BrezzaZDi AMT,2019,"51,379kms",Diesel,Automatic,₹8.90 Lakh,bangalore
Nissan,Nissan MagniteTurbo XV Premium BSVI,2022,"36,000kms",Petrol,Manual,₹8.25 Lakh,bangalore
Honda,Honda Cityi VTEC S,2017,"35,800kms",Petrol,Manual,₹6.25 Lakh,bangalore
Honda,Honda CityV MT AVN,2019,"14,728kms",Petrol,Manual,₹8.15 Lakh,bangalore
Hyundai,Hyundai VenueSX Plus Turbo DCT BSIV,2019,"39,000kms",Petrol,Automatic,₹9.25 Lakh,bangalore
Honda,Honda Cityi VTEC V,2017,"95,000kms",Petrol,Manual,₹6.85 Lakh,bangalore
Maruti,Maruti S CrossDDiS 200 Delta,2015,"65,000kms",Diesel,Manual,₹6.25 Lakh,bangalore
Maruti,Maruti Vitara BrezzaZDi,2016,"89,000kms",Diesel,Manual,₹7.45 Lakh,bangalore
Maruti,Maruti S CrossDDiS 200 Delta,2015,"65,000kms",Diesel,Manual,₹6.25 Lakh,bangalore
Maruti,Maruti Vitara BrezzaZDi,2016,"89,000kms",Diesel,Manual,₹7.45 Lakh,bangalore
Maruti,Maruti Vitara BrezzaZDi,2017,"79,000kms",Diesel,Manual,₹8.75 Lakh,bangalore
Mahindra,Mahindra XUV500AT W6 1.99 mHawk,2017,"69,936kms",Diesel,Automatic,₹9.25 Lakh,bangalore
Hyundai,Hyundai VernaSX IVT Opt,2022,"90,000kms",Petrol,Automatic,₹9.75 Lakh,bangalore
Maruti,Maruti CiazZDi,2015,"87,000kms",Diesel,Manual,₹6.75 Lakh,bangalore
Maruti,Maruti Swift DzireVXI 1.2,2017,"35,000kms",Petrol,Manual,₹6.15 Lakh,bangalore
Honda,Honda CityV MT,2021,"43,000kms",Petrol,Manual,₹8.99 Lakh,bangalore
Honda,Honda Cityi VTEC V,2016,"70,000kms",Petrol,Manual,₹7.75 Lakh,bangalore
Tata,Tata AltrozXZ BSVI,2020,"51,199kms",Petrol,Manual,₹6.45 Lakh,bangalore
Honda,Honda CR-V2.0L 2WD AT,2016,"1,21,000kms",Petrol,Automatic,₹8.41 Lakh,bangalore
Kia,Kia SonetHTK Plus Diesel BSVI,2023,"27,357kms",Diesel,Manual,₹9.95 Lakh,bangalore
Kia,Kia SonetHTK Plus Diesel BSVI,2021,"70,000kms",Diesel,Manual,₹8.85 Lakh,bangalore
Hyundai,Hyundai VenueS Turbo,2021,"81,000kms",Petrol,Manual,₹7.25 Lakh,bangalore
Ford,Ford Ecosport1.5 TDCi Titanium BSIV,2016,"75,000kms",Diesel,Manual,₹6.75 Lakh,bangalore
Mahindra,Mahindra XUV500R W10 FWD,2016,"70,000kms",Diesel,Manual,₹9.25 Lakh,bangalore
Kia,Kia SeltosHTK G,2020,"68,000kms",Petrol,Manual,₹8.45 Lakh,bangalore
Honda,Honda Cityi VTEC CVT VX,2015,"13,000kms",Petrol,Automatic,₹7.35 Lakh,bangalore
Volkswagen,Volkswagen Polo1.0 MPI Comfortline BSIV,2020,"44,787kms",Petrol,Manual,₹7.45 Lakh,bangalore
Toyota,Toyota Innova Crysta2.8 ZX AT BSIV,2016,"1,33,000kms",Diesel,Automatic,₹16.50 Lakh,bangalore
Hyundai,Hyundai i20Asta Option CVT,2019,"63,168kms",Petrol,Automatic,₹6.75 Lakh,bangalore
Hyundai,Hyundai VenueSX,2021,"72,120kms",Petrol,Manual,₹8.74 Lakh,bangalore
Honda,Honda Cityi VTEC CVT VX,2015,"13,000kms",Petrol,Automatic,₹7.35 Lakh,bangalore
Volkswagen,Volkswagen Polo1.0 MPI Comfortline BSIV,2020,"44,787kms",Petrol,Manual,₹7.45 Lakh,bangalore
Toyota,Toyota Innova Crysta2.8 ZX AT BSIV,2016,"1,33,000kms",Diesel,Automatic,₹16.50 Lakh,bangalore
Renault,Renault KWID1.0 RXT Opt,2018,"1,15,721kms",Petrol,Manual,₹2.94 Lakh,bangalore
Renault,Renault KWIDRXT,2015,"1,37,299kms",Petrol,Manual,₹2.24 Lakh,bangalore
Renault,Renault KWIDRXT,2016,"86,050kms",Petrol,Manual,₹2.23 Lakh,bangalore
Maruti,Maruti Alto 800LXi,2014,"79,804kms",Petrol,Manual,₹2.35 Lakh,bangalore
Hyundai,Hyundai SantroEra Executive BSIV,2019,"36,924kms",Petrol,Manual,₹2.90 Lakh,bangalore
Renault,Renault KWIDRXT,2016,"1,07,735kms",Petrol,Manual,₹2.43 Lakh,bangalore
Hyundai,Hyundai i20Sportz Petrol,2012,"39,542kms",Petrol,Manual,₹2.87 Lakh,bangalore
Renault,Renault KWID1.0 RXL,2018,"77,765kms",Petrol,Manual,₹2.34 Lakh,bangalore
Nissan,Nissan MicraDiesel XE,2013,"1,05,962kms",Diesel,Manual,₹2.34 Lakh,bangalore
Nissan,Nissan SunnyXL,2012,"79,890kms",Petrol,Manual,₹2.96 Lakh,bangalore
Nissan,Nissan MicraXV CVT,2014,"1,02,607kms",Petrol,Automatic,₹2.30 Lakh,bangalore
Hyundai,Hyundai i10Sportz 1.1L,2014,"78,486kms",Petrol,Manual,₹3 Lakh,bangalore
Hyundai,Hyundai EONMagna Plus,2015,"69,876kms",Petrol,Manual,₹2.79 Lakh,bangalore
Renault,Renault KWIDRXT,2016,"74,479kms",Petrol,Manual,₹2.10 Lakh,bangalore
Ford,Ford FigoAmbiente BSIV,2012,"63,064kms",Petrol,Manual,₹2.62 Lakh,bangalore
Maruti,Maruti CelerioVXI AMT,2015,"81,580kms",Petrol,Automatic,₹2.61 Lakh,bangalore
Hyundai,Hyundai i10Sportz,2012,"62,134kms",Petrol,Manual,₹2.06 Lakh,bangalore
Hyundai,Hyundai i10Magna 1.2,2013,"1,02,822kms",Petrol,Manual,₹2.59 Lakh,bangalore
Renault,Renault KWID1.0 RXL,2018,"77,765kms",Petrol,Manual,₹2.34 Lakh,bangalore
Nissan,Nissan MicraDiesel XE,2013,"1,05,962kms",Diesel,Manual,₹2.34 Lakh,bangalore
Nissan,Nissan SunnyXL,2012,"79,890kms",Petrol,Manual,₹2.96 Lakh,bangalore
Hyundai,Hyundai i10Sportz 1.1L,2014,"78,486kms",Petrol,Manual,₹3 Lakh,bangalore
Nissan,Nissan MicraXV CVT,2014,"1,02,607kms",Petrol,Automatic,₹2.30 Lakh,bangalore
Hyundai,Hyundai i20Sportz Petrol,2012,"39,542kms",Petrol,Manual,₹2.87 Lakh,bangalore
Renault,Renault KWIDRXT,2016,"1,07,735kms",Petrol,Manual,₹2.43 Lakh,bangalore
Hyundai,Hyundai i10Sportz AT,2011,"76,000kms",Petrol,Automatic,₹2.99 Lakh,bangalore
Hyundai,Hyundai EONMagna Plus,2015,"69,876kms",Petrol,Manual,₹2.79 Lakh,bangalore
Maruti,Maruti Wagon RVXI,2010,"95,000kms",Petrol,Manual,₹2.55 Lakh,bangalore
Maruti,Maruti Alto K10LXI,2010,"78,000kms",Petrol,Manual,₹2.20 Lakh,bangalore
Honda,Honda AmazeE i-Vtech,2015,"89,000kms",Petrol,Manual,₹2.95 Lakh,bangalore
Maruti,Maruti A-StarAT VXI,2013,"54,000kms",Petrol,Automatic,₹2.85 Lakh,bangalore
Maruti,Maruti Alto K10VXI,2014,"83,203kms",Petrol,Manual,₹2.20 Lakh,bangalore
Hyundai,Hyundai i10Sportz 1.2 AT,2010,"30,000kms",Petrol,Automatic,₹2.95 Lakh,bangalore
Mercedes-Benz,Mercedes-Benz GLC220d 4MATIC,2022,"31,000kms",Diesel,Automatic,₹51.75 Lakh,bangalore
Toyota,Toyota Fortuner2.8 2WD AT BSIV,2019,"1,34,403kms",Diesel,Automatic,₹31.95 Lakh,bangalore
Maruti,Maruti Wagon RVXI,2010,"95,000kms",Petrol,Manual,₹2.55 Lakh,bangalore
Hyundai,Hyundai i10Sportz AT,2011,"76,000kms",Petrol,Automatic,₹2.99 Lakh,bangalore
Maruti,Maruti Alto K10LXI,2010,"78,000kms",Petrol,Manual,₹2.20 Lakh,bangalore
Mercedes-Benz,Mercedes-Benz GLC220d 4MATIC,2022,"31,000kms",Diesel,Automatic,₹51.75 Lakh,bangalore
Toyota,Toyota Fortuner2.8 2WD AT BSIV,2019,"1,34,403kms",Diesel,Automatic,₹31.95 Lakh,bangalore
Datsun,Datsun RediGOAMT 1.0 T Option,2018,"61,404kms",Petrol,Automatic,₹2.35 Lakh,bangalore
Toyota,Toyota Innova Crysta2.4 G MT,2020,"1,01,000kms",Diesel,Manual,₹18.75 Lakh,bangalore
Audi,Audi Q3S,2015,"90,000kms",Diesel,Manual,₹15.45 Lakh,bangalore
Toyota,Toyota Innova Crysta2.4 VX MT 8 STR,2016,"1,60,000kms",Diesel,Manual,₹16.50 Lakh,bangalore
Toyota,Toyota Innova Crysta2.8 ZX AT BSIV,2016,"1,98,780kms",Diesel,Automatic,₹17 Lakh,bangalore
Toyota,Toyota Innova Crysta2.8 GX AT BSIV,2017,"1,30,000kms",Diesel,Automatic,₹19.50 Lakh,bangalore
Toyota,Toyota Innova Crysta2.4 VX MT BSIV,2016,"84,000kms",Diesel,Manual,₹18.25 Lakh,bangalore
Hyundai,Hyundai AlcazarPrestige (O) 7-Str Diesel AT,2022,"26,000kms",Diesel,Automatic,₹16.25 Lakh,bangalore
Audi,Audi Q53.0 TDI Quattro,2015,"1,12,000kms",Diesel,Automatic,₹15.95 Lakh,bangalore
Mahindra,Mahindra XUV700AX7 Diesel AT Luxury Pack BSVI,2021,"63,000kms",Diesel,Automatic,₹20 Lakh,bangalore
Jeep,Jeep Compass1.4 Limited Opt DCT BSVI,2022,"46,173kms",Petrol,Automatic,₹17.95 Lakh,bangalore
Maruti,Maruti Grand VitaraAlpha BSVI,2023,"45,000kms",Petrol,Manual,₹15.50 Lakh,bangalore
Toyota,Toyota Innova Crysta2.4 ZX MT BSIV,2018,"49,000kms",Diesel,Manual,₹18.50 Lakh,bangalore
Toyota,Toyota Innova Crysta2.4 ZX MT BSIV,2017,"75,000kms",Diesel,Manual,₹18.75 Lakh,bangalore
MG,MG Hector PlusSharp Pro Diesel,2023,"56,200kms",Diesel,Manual,₹15.85 Lakh,bangalore
Toyota,Toyota Innova Crysta2.4 ZX AT,2018,"1,71,500kms",Diesel,Automatic,₹19.25 Lakh,bangalore
Toyota,Toyota Innova Crysta2.8 GX AT BSIV,2017,"1,30,000kms",Diesel,Automatic,₹19.50 Lakh,bangalore
Toyota,Toyota Innova Crysta2.4 VX MT BSIV,2016,"84,000kms",Diesel,Manual,₹18.25 Lakh,bangalore
Hyundai,Hyundai AlcazarPrestige (O) 7-Str Diesel AT,2022,"26,000kms",Diesel,Automatic,₹16.25 Lakh,bangalore
Audi,Audi Q53.0 TDI Quattro,2015,"1,12,000kms",Diesel,Automatic,₹15.95 Lakh,bangalore
Toyota,Toyota Innova Crysta2.4 VX MT 8 STR,2016,"1,60,000kms",Diesel,Manual,₹16.50 Lakh,bangalore
Toyota,Toyota Innova Crysta2.8 ZX AT BSIV,2016,"1,98,780kms",Diesel,Automatic,₹17 Lakh,bangalore
Toyota,Toyota Innova Crysta2.4 G MT 8S BSIV,2018,"46,000kms",Diesel,Manual,₹17.95 Lakh,bangalore
Mahindra,Mahindra XUV700AX7 Diesel AT Luxury Pack BSVI,2021,"63,000kms",Diesel,Automatic,₹20 Lakh,bangalore
Toyota,Toyota Innova Crysta2.4 VX MT 8S BSIV,2018,"1,23,000kms",Diesel,Manual,₹19.25 Lakh,bangalore
Mahindra,Mahindra XUV700AX7 AT Luxury Pack BSVI,2022,"34,981kms",Petrol,Automatic,₹18.95 Lakh,bangalore
Hyundai,Hyundai Tucson2.0 Dual VTVT 2WD AT GLS,2019,"35,330kms",Petrol,Automatic,₹18.75 Lakh,bangalore
Maruti,Maruti Swift DzireVXI 1.2,2020,"41,988kms",Petrol,Manual,₹5.09 Lakh,bangalore
Hyundai,Hyundai Verna1.6 VTVT SX,2011,"81,669kms",Petrol,Manual,₹3.70 Lakh,bangalore
Toyota,Toyota FortunerLegender 4x4 AT,2023,"81,000kms",Diesel,Automatic,₹47.50 Lakh,bangalore
Hyundai,Hyundai Verna1.6 SX,2014,"57,800kms",Diesel,Manual,₹4.99 Lakh,bangalore
Hyundai,Hyundai i10Magna 1.2,2011,"1,20,172kms",Petrol,Manual,₹2.17 Lakh,bangalore
Maruti,Maruti Alto K10VXI,2016,"1,03,853kms",Petrol,Manual,₹2.86 Lakh,bangalore
Hyundai,Hyundai Grand i10 NiosAsta AMT,2022,"12,261kms",Petrol,Automatic,₹7.21 Lakh,bangalore
Toyota,Toyota Innova Crysta2.8 ZX AT BSIV,2016,"93,000kms",Diesel,Automatic,₹20.75 Lakh,bangalore
Hyundai,Hyundai Verna1.6 SX,2014,"57,800kms",Diesel,Manual,₹4.99 Lakh,bangalore
Maruti,Maruti Alto K10VXI,2016,"1,03,853kms",Petrol,Manual,₹2.86 Lakh,bangalore
Hyundai,Hyundai i10Magna 1.2,2011,"1,20,172kms",Petrol,Manual,₹2.17 Lakh,bangalore
Hyundai,Hyundai Grand i10 NiosAsta AMT,2022,"12,261kms",Petrol,Automatic,₹7.21 Lakh,bangalore
Toyota,Toyota Innova Crysta2.4 GX 7Str,2023,"78,000kms",Diesel,Manual,₹21 Lakh,bangalore
Toyota,Toyota Innova Crysta2.8 ZX AT BSIV,2016,"93,000kms",Diesel,Automatic,₹20.75 Lakh,bangalore
Volkswagen,Volkswagen VentoDiesel Highline,2013,"1,11,000kms",Diesel,Manual,₹4.85 Lakh,bangalore
Kia,Kia SonetHTX Diesel BSVI,2020,"52,300kms",Diesel,Manual,₹9.75 Lakh,bangalore
Maruti,Maruti Vitara BrezzaZXI,2021,"27,410kms",Petrol,Manual,₹9.50 Lakh,bangalore
Hyundai,Hyundai VenueSX Diesel,2022,"51,219kms",Diesel,Manual,₹10.25 Lakh,bangalore
Audi,Audi Q32.0 TDI,2013,"96,000kms",Diesel,Automatic,₹11.95 Lakh,bangalore
Maruti,Maruti ErtigaZXI Plus,2021,"50,000kms",Petrol,Manual,₹10.65 Lakh,bangalore
Hyundai,Hyundai i20Asta Opt Diesel,2022,"44,000kms",Diesel,Manual,₹11 Lakh,bangalore
Toyota,Toyota Innova Crysta2.4 G MT BSIV,2016,"1,02,000kms",Diesel,Manual,₹14.85 Lakh,bangalore
Maruti,Maruti Ertiga1.5 ZDI Plus,2019,"86,575kms",Diesel,Manual,₹10.89 Lakh,bangalore
Tata,Tata CurvvCreative S Diesel,2024,"10,320kms",Diesel,Manual,₹12.91 Lakh,bangalore
Hyundai,Hyundai i20 N-LineN8 DCT,2024,"6,000kms",Petrol,Automatic,₹11.45 Lakh,bangalore
Audi,Audi A42.0 TDI,2014,"84,878kms",Diesel,Automatic,₹13.50 Lakh,bangalore
Mahindra,Mahindra XUV500R W10 FWD,2018,"81,000kms",Diesel,Manual,₹12.95 Lakh,bangalore
Maruti,Maruti ErtigaZXI Plus,2023,"33,159kms",Petrol,Manual,₹10.66 Lakh,bangalore
Mercedes-Benz,Mercedes-Benz C-ClassC 250 CDI Avantgarde,2014,"66,000kms",Diesel,Automatic,₹12.99 Lakh,bangalore
Toyota,Toyota Innova Crysta2.4 G MT BSIV,2016,"1,02,000kms",Diesel,Manual,₹14.85 Lakh,bangalore
Maruti,Maruti ErtigaZXI Plus,2021,"50,000kms",Petrol,Manual,₹10.65 Lakh,bangalore
Hyundai,Hyundai i20Asta Opt Diesel,2022,"44,000kms",Diesel,Manual,₹11 Lakh,bangalore
Hyundai,Hyundai VernaSX,2023,"36,000kms",Petrol,Manual,₹11.90 Lakh,bangalore
MG,MG Hector PlusSharp Diesel MT,2020,"1,14,000kms",Diesel,Manual,₹14.25 Lakh,bangalore
Mahindra,Mahindra XUV500W9,2020,"7,70,000kms",Diesel,Manual,₹13.60 Lakh,bangalore
Audi,Audi Q32.0 TDI,2013,"96,000kms",Diesel,Automatic,₹11.95 Lakh,bangalore
Jeep,Jeep Compass2.0 Limited,2018,"37,437kms",Diesel,Manual,₹14.95 Lakh,bangalore
Mahindra,Mahindra XUV500R W10 FWD,2016,"87,000kms",Diesel,Manual,₹11 Lakh,bangalore
Hyundai,Hyundai i20 N-LineN8 DCT,2024,"6,000kms",Petrol,Automatic,₹11.45 Lakh,bangalore
Audi,Audi A42.0 TDI,2014,"84,878kms",Diesel,Automatic,₹13.50 Lakh,bangalore
Mahindra,Mahindra XUV500R W10 FWD,2018,"81,000kms",Diesel,Manual,₹12.95 Lakh,bangalore
Maruti,Maruti ErtigaZXI Plus AT,2024,"7,200kms",Petrol,Automatic,₹14 Lakh,bangalore
Audi,Audi A635 TDI Technology,2015,"1,16,000kms",Diesel,Automatic,₹12.50 Lakh,bangalore
Toyota,Toyota Innova2.5 Z Diesel 7 Seater BS IV,2013,"1,98,000kms",Diesel,Manual,₹10.50 Lakh,bangalore
Renault,Renault TriberRXZ,2024,"51,144kms",Petrol,Manual,₹5.90 Lakh,bangalore
Hyundai,Hyundai Verna1.6 VTVT SX,2013,"68,933kms",Petrol,Manual,₹4.15 Lakh,bangalore
Maruti,Maruti XL6Zeta CNG,2024,"17,013kms",CNG,Manual,₹12.86 Lakh,bangalore
Maruti,Maruti XL6Alpha,2022,"38,391kms",Petrol,Manual,₹11.33 Lakh,bangalore
Maruti,Maruti ErtigaZXI Plus AT,2024,"7,200kms",Petrol,Automatic,₹14 Lakh,bangalore
Hyundai,Hyundai Verna1.6 VTVT SX,2013,"68,933kms",Petrol,Manual,₹4.15 Lakh,bangalore
Renault,Renault TriberRXZ,2024,"51,144kms",Petrol,Manual,₹5.90 Lakh,bangalore
Maruti,Maruti XL6Zeta CNG,2024,"17,013kms",CNG,Manual,₹12.86 Lakh,bangalore
Maruti,Maruti XL6Alpha,2022,"38,391kms",Petrol,Manual,₹11.33 Lakh,bangalore
Toyota,Toyota Innova2.5 VX (Diesel) 7 Seater,2015,"67,000kms",Diesel,Manual,₹12.70 Lakh,bangalore
Toyota,Toyota Innova Crysta2.4 ZX 7 STR AT,2021,"34,000kms",Diesel,Automatic,₹28 Lakh,bangalore
Kia,Kia SeltosGTX Plus DCT,2019,"59,139kms",Petrol,Automatic,₹9.50 Lakh,bangalore
Maruti,Maruti Vitara BrezzaZDi Plus AMT,2018,"69,984kms",Diesel,Automatic,₹9.50 Lakh,bangalore
Ford,Ford Ecosport1.5 Petrol Titanium BSIV,2018,"46,892kms",Petrol,Manual,₹6.85 Lakh,bangalore
Audi,Audi A42.0 TDI Multitronic,2012,"90,000kms",Diesel,Automatic,₹9 Lakh,bangalore
Toyota,Toyota Innova Crysta2.4 ZX 7 STR AT,2020,"64,000kms",Diesel,Automatic,₹24.90 Lakh,bangalore
Maruti,Maruti ErtigaZDI Plus,2019,"60,000kms",Diesel,Manual,₹12.25 Lakh,bangalore
Honda,Honda BrioS MT,2012,"1,08,169kms",Petrol,Manual,₹2.50 Lakh,bangalore
Ford,Ford FigoAmbiente BSIV,2011,"89,471kms",Petrol,Manual,₹2.28 Lakh,bangalore
Ford,Ford FigoAmbiente BSIV,2012,"83,554kms",Petrol,Manual,₹2.47 Lakh,bangalore
Maruti,Maruti Alto K10VXI,2013,"37,537kms",Petrol,Manual,₹2.44 Lakh,bangalore
Maruti,Maruti Alto 800VXI,2015,"36,841kms",Petrol,Manual,₹2.99 Lakh,bangalore
,Fiat Punto1.2 Dynamic,2013,"52,830kms",Petrol,Manual,₹2.75 Lakh,bangalore
Maruti,Maruti ErtigaZXI Plus AT BSVI,2022,"44,758kms",Petrol,Automatic,₹10.50 Lakh,bangalore
Ford,Ford FigoAmbiente BSIV,2012,"83,554kms",Petrol,Manual,₹2.47 Lakh,bangalore
Maruti,Maruti Alto K10VXI,2013,"37,537kms",Petrol,Manual,₹2.44 Lakh,bangalore
Maruti,Maruti Alto 800VXI,2015,"36,841kms",Petrol,Manual,₹2.99 Lakh,bangalore
,Fiat Punto1.2 Dynamic,2013,"52,830kms",Petrol,Manual,₹2.75 Lakh,bangalore
Maruti,Maruti ErtigaZXI Plus AT BSVI,2022,"44,758kms",Petrol,Automatic,₹10.50 Lakh,bangalore
Toyota,Toyota Fortuner4X2 Diesel BSVI,2021,"77,000kms",Diesel,Manual,₹34.50 Lakh,bangalore
Toyota,Toyota Fortuner4X2 Diesel,2023,"61,000kms",Diesel,Manual,₹35.75 Lakh,bangalore
Toyota,Toyota Fortuner4X4 Diesel,2023,"70,000kms",Diesel,Manual,₹38.45 Lakh,bangalore
Mini Cooper,Mini Cooper CountrymanCooper S JCW Inspired,2019,"33,000kms",Petrol,Automatic,₹32.75 Lakh,bangalore
Toyota,Toyota Fortuner2.8 4WD MT,2018,"92,000kms",Diesel,Manual,₹30.95 Lakh,bangalore
Toyota,Toyota Fortuner2.8 2WD MT,2020,"1,43,000kms",Diesel,Manual,₹30.50 Lakh,bangalore
Hyundai,Hyundai Grand i101.2 Kappa Magna BSIV,2018,"53,994kms",Petrol,Manual,₹4.45 Lakh,bangalore
Hyundai,Hyundai Grand i101.2 Kappa Magna BSIV,2014,"96,409kms",Petrol,Manual,₹3.52 Lakh,bangalore
Hyundai,Hyundai Grand i101.2 Kappa Magna BSIV,2018,"19,121kms",Petrol,Manual,₹4.61 Lakh,bangalore
Honda,Honda AmazeS i-VTEC,2016,"56,000kms",Petrol,Manual,₹3.90 Lakh,bangalore
Hyundai,Hyundai VenueSX Opt Turbo,2021,"22,549kms",Petrol,Manual,₹9.20 Lakh,bangalore
Renault,Renault DusterPetrol RXS CVT,2017,"63,300kms",Petrol,Automatic,₹6.99 Lakh,bangalore
Maruti,Maruti ErtigaVXI Limited Edition,2018,"46,000kms",Petrol,Manual,₹7.90 Lakh,bangalore
Toyota,Toyota CorollaAE,2009,"1,16,203kms",Petrol,Manual,₹2.50 Lakh,bangalore
Hyundai,Hyundai i10Magna,2011,"48,000kms",Petrol,Manual,₹2.25 Lakh,bangalore
Renault,Renault DusterPetrol RXS CVT,2017,"63,300kms",Petrol,Automatic,₹6.99 Lakh,bangalore
Hyundai,Hyundai VenueSX Opt Turbo,2021,"22,549kms",Petrol,Manual,₹9.20 Lakh,bangalore
Maruti,Maruti ErtigaVXI Limited Edition,2018,"46,000kms",Petrol,Manual,₹7.90 Lakh,bangalore
Hyundai,Hyundai i10Magna,2011,"48,000kms",Petrol,Manual,₹2.25 Lakh,bangalore
Toyota,Toyota CorollaAE,2009,"1,16,203kms",Petrol,Manual,₹2.50 Lakh,bangalore
Hyundai,Hyundai i20Sportz 1.2,2016,"77,000kms",Petrol,Manual,₹5.75 Lakh,bangalore
Honda,Honda Jazz1.2 SV i VTEC,2015,"35,000kms",Petrol,Manual,₹4.85 Lakh,bangalore
Maruti,Maruti SwiftVXI,2015,"54,000kms",Petrol,Manual,₹5.49 Lakh,bangalore
Ford,Ford Figo1.5P Titanium AT,2017,"67,000kms",Petrol,Automatic,₹4.95 Lakh,bangalore
Nissan,Nissan SunnyXL,2011,"1,00,827kms",Petrol,Manual,₹3.65 Lakh,bangalore
Maruti,Maruti Swift1.2 VDI BSII W ABS,2010,"89,000kms",Diesel,Manual,₹3.60 Lakh,bangalore
Maruti,Maruti Celerio XVXI BSIV,2018,"94,879kms",Petrol,Manual,₹3.85 Lakh,bangalore
Maruti,Maruti SwiftVXI BSII,2011,"92,000kms",Petrol,Manual,₹3.10 Lakh,bangalore
Maruti,Maruti BalenoDelta,2020,"48,405kms",Petrol,Manual,₹5.52 Lakh,bangalore
Maruti,Maruti CelerioVXI AMT,2015,"95,806kms",Petrol,Automatic,₹3.33 Lakh,bangalore
Maruti,Maruti BalenoZeta AMT,2016,"49,745kms",Petrol,Automatic,₹4.91 Lakh,bangalore
Honda,Honda Amaze 2nd GenVX,2013,"63,490kms",Petrol,Manual,₹3.69 Lakh,bangalore
Volkswagen,Volkswagen PoloPetrol Highline 1.2L,2014,"63,227kms",Petrol,Manual,₹4.79 Lakh,bangalore
Hyundai,Hyundai SantroAsta BSIV,2019,"31,054kms",Petrol,Manual,₹3.90 Lakh,bangalore
Maruti,Maruti CelerioZXI Optional AMT BSIV,2017,"42,701kms",Petrol,Automatic,₹3.69 Lakh,bangalore
Maruti,Maruti SwiftVXI BSII,2011,"92,000kms",Petrol,Manual,₹3.10 Lakh,bangalore
Hyundai,Hyundai i20Asta Option 1.2,2016,"79,884kms",Petrol,Manual,₹4.60 Lakh,bangalore
Ford,Ford FreestyleTitanium Diesel BSIV,2020,"32,553kms",Diesel,Manual,₹5.10 Lakh,bangalore
Maruti,Maruti Swift DzireVXI AT,2014,"76,460kms",Petrol,Automatic,₹4.13 Lakh,bangalore
Hyundai,Hyundai i20Sportz 1.2,2016,"46,386kms",Petrol,Manual,₹4.50 Lakh,bangalore
Maruti,Maruti RitzVXi,2013,"47,402kms",Petrol,Manual,₹3.56 Lakh,bangalore
Volkswagen,Volkswagen PoloPetrol Highline 1.2L,2014,"90,253kms",Petrol,Manual,₹4.47 Lakh,bangalore
Hyundai,Hyundai i20Sportz Plus,2020,"63,436kms",Petrol,Manual,₹5.35 Lakh,bangalore
Maruti,Maruti ErtigaZXI,2015,"65,078kms",Petrol,Manual,₹5.15 Lakh,bangalore
Maruti,Maruti CelerioVXI AMT,2016,"96,023kms",Petrol,Automatic,₹3.47 Lakh,bangalore
Maruti,Maruti Swift DzireZDI,2014,"60,786kms",Diesel,Manual,₹4.44 Lakh,bangalore
Mahindra,Mahindra KUV 100 NXTG80 K4 Plus 6Str,2016,"51,852kms",Petrol,Manual,₹3.09 Lakh,bangalore
Hyundai,Hyundai Verna1.6 VTVT AT SX,2014,"29,010kms",Petrol,Automatic,₹4.42 Lakh,bangalore
Maruti,Maruti CelerioVXI AMT,2016,"70,129kms",Petrol,Automatic,₹3.56 Lakh,bangalore
Hyundai,Hyundai i20Sportz 1.4 CRDi,2012,"1,05,062kms",Diesel,Manual,₹3.53 Lakh,bangalore
Hyundai,Hyundai EONMagna,2017,"50,279kms",Petrol,Manual,₹3.20 Lakh,bangalore
Nissan,Nissan SunnyXV,2014,"98,770kms",Petrol,Manual,₹3.51 Lakh,bangalore
Maruti,Maruti Swift DzireVXI 1.2 BS IV,2011,"1,47,382kms",Petrol,Manual,₹3.02 Lakh,bangalore
Ford,Ford Aspire1.5 TDCi Titanium,2015,"80,273kms",Diesel,Manual,₹3.90 Lakh,bangalore
Skoda,Skoda Rapid1.5 TDI AT Ambition BSIV,2018,"1,32,014kms",Diesel,Automatic,₹5.18 Lakh,bangalore
Maruti,Maruti DzireZXI Plus,2017,"29,982kms",Petrol,Manual,₹5.88 Lakh,bangalore
Mahindra,Mahindra KUV 100 NXTG80 K8 6Str,2016,"1,09,387kms",Petrol,Manual,₹3.31 Lakh,bangalore
Hyundai,Hyundai i20Sportz 1.2,2015,"1,19,506kms",Petrol,Manual,₹5.21 Lakh,bangalore
Mahindra,Mahindra KUV 100 NXTG80 K4 Plus 6Str,2017,"1,20,555kms",Petrol,Manual,₹3.53 Lakh,bangalore
Hyundai,Hyundai i20Asta Option 1.2,2016,"79,884kms",Petrol,Manual,₹4.60 Lakh,bangalore
Ford,Ford FreestyleTitanium Diesel BSIV,2020,"32,553kms",Diesel,Manual,₹5.10 Lakh,bangalore
Hyundai,Hyundai Xcent1.2 Kappa SX Option AT,2014,"68,489kms",Petrol,Automatic,₹3.94 Lakh,bangalore
Maruti,Maruti CiazDelta Diesel,2017,"1,24,295kms",Diesel,Automatic,₹5.49 Lakh,bangalore
Hyundai,Hyundai Grand i101.2 Kappa Magna BSIV,2019,"38,577kms",Petrol,Manual,₹5.02 Lakh,bangalore
Maruti,Maruti S CrossDDiS 200 Alpha,2017,"87,011kms",Diesel,Manual,₹5.88 Lakh,bangalore
Hyundai,Hyundai i201.2 Asta Dual Tone,2017,"90,554kms",Petrol,Manual,₹4.97 Lakh,bangalore
Hyundai,Hyundai Xcent1.2 Kappa AT SX Option,2015,"80,603kms",Petrol,Automatic,₹3.47 Lakh,bangalore
Maruti,Maruti Swift DzireZXI 1.2,2019,"51,894kms",Petrol,Manual,₹5.59 Lakh,bangalore
Maruti,Maruti CelerioVXI AMT,2014,"46,047kms",Petrol,Automatic,₹3.38 Lakh,bangalore
Maruti,Maruti CelerioVXI AMT,2014,"1,18,201kms",Petrol,Automatic,₹3.11 Lakh,bangalore
Hyundai,Hyundai Grand i101.2 Kappa Magna BSIV,2017,"86,420kms",Petrol,Manual,₹3.09 Lakh,bangalore
Volkswagen,Volkswagen Polo1.5 TDI Highline,2014,"86,989kms",Diesel,Manual,₹4.42 Lakh,bangalore
Hyundai,Hyundai Verna1.6 VTVT AT SX,2014,"29,010kms",Petrol,Automatic,₹4.42 Lakh,bangalore
Maruti,Maruti CelerioVXI AMT,2016,"70,129kms",Petrol,Automatic,₹3.56 Lakh,bangalore
Nissan,Nissan KicksXL D BSIV,2019,"48,512kms",Diesel,Manual,₹5.74 Lakh,bangalore
Hyundai,Hyundai i201.2 Sportz,2012,"77,000kms",Petrol,Manual,₹4.25 Lakh,bangalore
Honda,Honda BrioS MT,2012,"77,000kms",Petrol,Manual,₹3.45 Lakh,bangalore
Maruti,Maruti Swift1.2 VDI BSII,2009,"53,000kms",Diesel,Manual,₹3.75 Lakh,bangalore
Hyundai,Hyundai Grand i10Asta Option AT,2016,"81,040kms",Petrol,Automatic,₹5.75 Lakh,bangalore
Hyundai,Hyundai i10Sportz AT,2011,"33,845kms",Petrol,Automatic,₹3.75 Lakh,bangalore
Hyundai,Hyundai i10Sportz AT,2011,"69,000kms",Petrol,Automatic,₹3.25 Lakh,bangalore
Renault,Renault DusterRXZ AWD,2016,"82,000kms",Diesel,Manual,₹5.95 Lakh,bangalore
Maruti,Maruti SwiftVXI,2018,"57,500kms",Petrol,Manual,₹5.75 Lakh,bangalore
Maruti,Maruti BalenoDelta,2020,"48,405kms",Petrol,Manual,₹5.52 Lakh,bangalore
Maruti,Maruti CelerioVXI AMT,2015,"95,806kms",Petrol,Automatic,₹3.33 Lakh,bangalore
Maruti,Maruti BalenoZeta AMT,2016,"49,745kms",Petrol,Automatic,₹4.91 Lakh,bangalore
Maruti,Maruti RitzVXi,2015,"85,204kms",Petrol,Manual,₹3.57 Lakh,bangalore
Hyundai,Hyundai i20 Active1.2 SX,2016,"79,914kms",Petrol,Manual,₹4.79 Lakh,bangalore
Maruti,Maruti CiazZXi,2015,"74,839kms",Petrol,Manual,₹4.20 Lakh,bangalore
Maruti,Maruti CelerioVXI AMT,2016,"56,789kms",Petrol,Automatic,₹3.25 Lakh,bangalore
Hyundai,Hyundai VenueS Plus,2022,"1,01,922kms",Petrol,Manual,₹5.80 Lakh,bangalore
Hyundai,Hyundai i20Sportz 1.2,2015,"1,19,506kms",Petrol,Manual,₹5.21 Lakh,bangalore
Mahindra,Mahindra KUV 100 NXTG80 K8 6Str,2016,"1,09,387kms",Petrol,Manual,₹3.31 Lakh,bangalore
Volkswagen,Volkswagen PoloPetrol Highline 1.2L,2014,"63,227kms",Petrol,Manual,₹4.79 Lakh,bangalore
Hyundai,Hyundai SantroAsta BSIV,2019,"31,054kms",Petrol,Manual,₹3.90 Lakh,bangalore
Mahindra,Mahindra KUV 100 NXTG80 K4 Plus 6Str,2017,"1,20,555kms",Petrol,Manual,₹3.53 Lakh,bangalore
Hyundai,Hyundai Xcent1.2 Kappa SX Option AT,2014,"68,489kms",Petrol,Automatic,₹3.94 Lakh,bangalore
Maruti,Maruti CiazDelta Diesel,2017,"1,24,295kms",Diesel,Automatic,₹5.49 Lakh,bangalore
Hyundai,Hyundai Grand i101.2 Kappa Magna BSIV,2019,"38,577kms",Petrol,Manual,₹5.02 Lakh,bangalore
Maruti,Maruti Swift DzireZXI 1.2,2019,"51,894kms",Petrol,Manual,₹5.59 Lakh,bangalore
Maruti,Maruti S CrossDDiS 200 Alpha,2017,"87,011kms",Diesel,Manual,₹5.88 Lakh,bangalore
Hyundai,Hyundai i201.2 Asta Dual Tone,2017,"90,554kms",Petrol,Manual,₹4.97 Lakh,bangalore
Hyundai,Hyundai Xcent1.2 Kappa AT SX Option,2015,"80,603kms",Petrol,Automatic,₹3.47 Lakh,bangalore
Maruti,Maruti CelerioVXI AMT,2014,"46,047kms",Petrol,Automatic,₹3.38 Lakh,bangalore
Maruti,Maruti CelerioVXI AMT,2014,"1,18,201kms",Petrol,Automatic,₹3.11 Lakh,bangalore
Hyundai,Hyundai Grand i101.2 Kappa Magna BSIV,2017,"86,420kms",Petrol,Manual,₹3.09 Lakh,bangalore
Volkswagen,Volkswagen Polo1.5 TDI Highline,2014,"86,989kms",Diesel,Manual,₹4.42 Lakh,bangalore
Hyundai,Hyundai Grand i101.2 Kappa Magna BSIV,2018,"1,08,422kms",Petrol,Manual,₹3.85 Lakh,bangalore
Hyundai,Hyundai i20Magna Plus,2020,"61,932kms",Petrol,Manual,₹5.01 Lakh,bangalore
Mahindra,Mahindra KUV 100 NXTG80 K4 Plus 6Str,2016,"51,852kms",Petrol,Manual,₹3.09 Lakh,bangalore
Hyundai,Hyundai Verna1.6 VTVT AT SX,2014,"29,010kms",Petrol,Automatic,₹4.42 Lakh,bangalore
Maruti,Maruti CelerioVXI AMT,2016,"70,129kms",Petrol,Automatic,₹3.56 Lakh,bangalore
Hyundai,Hyundai i20Sportz 1.4 CRDi,2012,"1,05,062kms",Diesel,Manual,₹3.53 Lakh,bangalore
Hyundai,Hyundai EONMagna,2017,"50,279kms",Petrol,Manual,₹3.20 Lakh,bangalore
Nissan,Nissan SunnyXV,2014,"98,770kms",Petrol,Manual,₹3.51 Lakh,bangalore
Maruti,Maruti SwiftVVT VXI,2014,"1,50,000kms",Petrol,Manual,₹3.95 Lakh,bangalore
Maruti,Maruti Swift DzireZXI,2017,"56,558kms",Petrol,Manual,₹5.75 Lakh,bangalore
Mahindra,Mahindra TUV 300T4,2015,"84,000kms",Diesel,Manual,₹5.10 Lakh,bangalore
Mahindra,Mahindra XyloH8,2015,"79,000kms",Diesel,Manual,₹5.65 Lakh,bangalore
Maruti,Maruti SwiftVVT VXI,2016,"45,000kms",Petrol,Manual,₹5.15 Lakh,bangalore
Maruti,Maruti Wagon RVXI,2024,"58,500kms",Petrol,Manual,₹5.75 Lakh,bangalore
Honda,Honda Jazz1.2 V i VTEC,2015,"46,900kms",Petrol,Manual,₹4.40 Lakh,bangalore
Hyundai,Hyundai Grand i10AT Asta,2014,"66,000kms",Petrol,Automatic,₹4.95 Lakh,bangalore
Maruti,Maruti Wagon RAMT VXI Option,2017,"60,000kms",Petrol,Automatic,₹4.35 Lakh,bangalore
Maruti,Maruti RitzZXi,2012,"68,675kms",Petrol,Manual,₹3.79 Lakh,bangalore
Hyundai,Hyundai Grand i10Asta Option AT,2016,"81,040kms",Petrol,Automatic,₹5.75 Lakh,bangalore
Hyundai,Hyundai i10Sportz AT,2011,"33,845kms",Petrol,Automatic,₹3.75 Lakh,bangalore
Hyundai,Hyundai i10Sportz AT,2011,"69,000kms",Petrol,Automatic,₹3.25 Lakh,bangalore
Hyundai,Hyundai i20Sportz 1.2,2016,"77,000kms",Petrol,Manual,₹5.75 Lakh,bangalore
Honda,Honda Jazz1.2 SV i VTEC,2015,"35,000kms",Petrol,Manual,₹4.85 Lakh,bangalore
Volkswagen,Volkswagen Polo1.5 TDI Comfortline,2016,"5,95,000kms",Diesel,Manual,₹5.95 Lakh,bangalore
Hyundai,Hyundai i20Magna 1.4 CRDi (Diesel),2013,"73,000kms",Diesel,Manual,₹3.95 Lakh,bangalore
Maruti,Maruti ErtigaVXI,2015,"92,000kms",Petrol,Manual,₹6 Lakh,bangalore
Honda,Honda JazzVX CVT,2018,"31,000kms",Petrol,Automatic,₹5.95 Lakh,bangalore
Ford,Ford FigoDiesel Titanium,2014,"51,000kms",Diesel,Manual,₹3.95 Lakh,bangalore
Honda,Honda Jazz1.2 V i VTEC,2017,"59,615kms",Petrol,Manual,₹5.55 Lakh,bangalore
Tata,Tata TiagoXZ Plus,2020,"50,976kms",Petrol,Manual,₹5.65 Lakh,bangalore
Honda,Honda BrioVX AT,2014,"89,000kms",Petrol,Automatic,₹4.45 Lakh,bangalore
Hyundai,Hyundai SantroSportz BSIV,2018,"79,000kms",Petrol,Manual,₹4.95 Lakh,bangalore
Volkswagen,Volkswagen Polo1.5 TDI Comfortline,2016,"5,95,000kms",Diesel,Manual,₹5.95 Lakh,bangalore
Hyundai,Hyundai Grand i10Asta Option AT,2016,"81,040kms",Petrol,Automatic,₹5.75 Lakh,bangalore
Hyundai,Hyundai i10Sportz AT,2011,"33,845kms",Petrol,Automatic,₹3.75 Lakh,bangalore
Hyundai,Hyundai i10Sportz AT,2011,"69,000kms",Petrol,Automatic,₹3.25 Lakh,bangalore
Maruti,Maruti RitzZXi,2012,"68,675kms",Petrol,Manual,₹3.79 Lakh,bangalore
Honda,Honda BrioVX AT,2015,"55,000kms",Petrol,Automatic,₹4.95 Lakh,bangalore
Hyundai,Hyundai Grand i10CRDi Magna,2015,"62,000kms",Diesel,Manual,₹4.25 Lakh,bangalore
Maruti,Maruti Alto K10VXI,2018,"52,000kms",Petrol,Manual,₹3.70 Lakh,bangalore
Maruti,Maruti Swift DzireAMT ZXI Plus,2017,"71,884kms",Petrol,Automatic,₹5 Lakh,bangalore
Maruti,Maruti SwiftZXI BSIV,2015,"1,18,000kms",Petrol,Manual,₹5.10 Lakh,bangalore
Hyundai,Hyundai i20Magna 1.4 CRDi (Diesel),2013,"73,000kms",Diesel,Manual,₹3.95 Lakh,bangalore
Maruti,Maruti ErtigaVXI,2015,"92,000kms",Petrol,Manual,₹6 Lakh,bangalore
Volkswagen,Volkswagen PoloIPL II 1.2 Diesel Highline,2011,"76,000kms",Diesel,Manual,₹3.85 Lakh,bangalore
Volkswagen,Volkswagen PoloDiesel Trendline 1.2L,2012,"35,256kms",Diesel,Manual,₹4.35 Lakh,bangalore
Maruti,Maruti Swift DzireVDI,2013,"75,000kms",Diesel,Manual,₹4.48 Lakh,bangalore
Ford,Ford Aspire1.2 Ti-VCT Trend,2016,"87,000kms",Petrol,Manual,₹3.95 Lakh,bangalore
Maruti,Maruti ErtigaVXI,2015,"92,000kms",Petrol,Manual,₹6 Lakh,bangalore
Volkswagen,Volkswagen PoloIPL II 1.2 Diesel Highline,2011,"76,000kms",Diesel,Manual,₹3.85 Lakh,bangalore
Volkswagen,Volkswagen PoloDiesel Trendline 1.2L,2012,"35,256kms",Diesel,Manual,₹4.35 Lakh,bangalore
Maruti,Maruti Swift DzireVDI,2013,"75,000kms",Diesel,Manual,₹4.48 Lakh,bangalore
Ford,Ford Aspire1.2 Ti-VCT Trend,2016,"87,000kms",Petrol,Manual,₹3.95 Lakh,bangalore
Maruti,Maruti RitzVDi,2011,"89,000kms",Diesel,Manual,₹3.50 Lakh,bangalore
Honda,Honda Cityi DTEC SV,2014,"87,222kms",Diesel,Manual,₹3.75 Lakh,bangalore
Hyundai,Hyundai ElantraSX AT,2012,"91,000kms",Petrol,Automatic,₹5.10 Lakh,bangalore
Nissan,Nissan MicraDiesel XE,2013,"54,961kms",Diesel,Manual,₹3.69 Lakh,bangalore
Honda,Honda JazzVX CVT,2018,"31,000kms",Petrol,Automatic,₹5.95 Lakh,bangalore
Ford,Ford FigoDiesel Titanium,2014,"51,000kms",Diesel,Manual,₹3.95 Lakh,bangalore
Honda,Honda Brio1.2 VX AT,2017,"30,500kms",Petrol,Automatic,₹5.95 Lakh,bangalore
Skoda,Skoda Rapid1.5 TDI AT Ambition,2015,"90,000kms",Diesel,Automatic,₹5.75 Lakh,bangalore
Renault,Renault DusterRXZ AWD,2016,"82,000kms",Diesel,Manual,₹5.95 Lakh,bangalore
Maruti,Maruti SwiftVXI,2018,"57,500kms",Petrol,Manual,₹5.75 Lakh,bangalore
Hyundai,Hyundai i201.2 Sportz,2012,"77,000kms",Petrol,Manual,₹4.25 Lakh,bangalore
Honda,Honda BrioS MT,2012,"77,000kms",Petrol,Manual,₹3.45 Lakh,bangalore
Hyundai,Hyundai Verna1.6 SX VTVT,2011,"88,000kms",Petrol,Manual,₹3.45 Lakh,bangalore
Maruti,Maruti SwiftVXI,2018,"57,500kms",Petrol,Manual,₹5.75 Lakh,bangalore
Hyundai,Hyundai Verna1.6 SX,2014,"98,000kms",Diesel,Manual,₹4.65 Lakh,bangalore
Honda,Honda JazzVX CVT,2018,"31,000kms",Petrol,Automatic,₹5.95 Lakh,bangalore
Ford,Ford Aspire1.2 Ti-VCT Trend,2016,"87,000kms",Petrol,Manual,₹3.95 Lakh,bangalore
Maruti,Maruti RitzVDi,2011,"89,000kms",Diesel,Manual,₹3.50 Lakh,bangalore
Maruti,2013Maruti Alto K10 -2014 VXI,2010,"34,000kms",Petrol,Manual,₹3.15 Lakh,bangalore
Hyundai,Hyundai i20 Active1.2 SX,2016,"89,091kms",Petrol,Manual,₹5.25 Lakh,bangalore
Hyundai,Hyundai Verna1.6 SX VTVT,2011,"88,000kms",Petrol,Manual,₹3.45 Lakh,bangalore
Maruti,Maruti SwiftVVT VXI,2016,"45,000kms",Petrol,Manual,₹5.15 Lakh,bangalore
Maruti,Maruti Wagon RVXI,2024,"58,500kms",Petrol,Manual,₹5.75 Lakh,bangalore
Hyundai,Hyundai Grand i10AT Asta,2014,"66,000kms",Petrol,Automatic,₹4.95 Lakh,bangalore
Honda,Honda Jazz1.2 V i VTEC,2015,"46,900kms",Petrol,Manual,₹4.40 Lakh,bangalore
Hyundai,Hyundai i20Asta 1.4 CRDi,2013,"55,000kms",Diesel,Manual,₹4.35 Lakh,bangalore
Hyundai,Hyundai Grand i10AT Asta,2014,"33,000kms",Petrol,Automatic,₹4.25 Lakh,bangalore
Maruti,Maruti SwiftVDI BSIV,2015,"84,000kms",Diesel,Manual,₹4.95 Lakh,bangalore
Mahindra,Mahindra TUV 300T4,2015,"84,000kms",Diesel,Manual,₹5.10 Lakh,bangalore
Maruti,Maruti SwiftVVT VXI,2014,"1,50,000kms",Petrol,Manual,₹3.95 Lakh,bangalore
Maruti,Maruti Swift DzireZXI,2017,"56,558kms",Petrol,Manual,₹5.75 Lakh,bangalore
Hyundai,Hyundai i201.4 CRDi Sportz,2012,"86,000kms",Diesel,Manual,₹3.90 Lakh,bangalore
Mahindra,Mahindra XyloD4 BSIV,2012,"86,000kms",Diesel,Manual,₹3.99 Lakh,bangalore
Maruti,Maruti SwiftLXI BSIV,2014,"47,500kms",Petrol,Manual,₹3.80 Lakh,bangalore
Maruti,Maruti Wagon RAMT VXI,2018,"47,000kms",Petrol,Automatic,₹4.65 Lakh,bangalore
Honda,Honda Cityi DTEC E,2014,"99,000kms",Diesel,Manual,₹4.25 Lakh,bangalore
Maruti,Maruti SwiftZDi,2013,"68,000kms",Diesel,Manual,₹4.85 Lakh,bangalore
Mahindra,Mahindra XUV500W6 2WD,2012,"95,000kms",Diesel,Manual,₹5.45 Lakh,bangalore
Honda,Honda BrioVX AT,2015,"32,000kms",Petrol,Automatic,₹4.80 Lakh,bangalore
Honda,Honda JazzV CVT,2018,"37,108kms",Petrol,Automatic,₹5.99 Lakh,bangalore
Mahindra,Mahindra KUV 100mFALCON G80 K4 Plus,2016,"68,000kms",Petrol,Manual,₹3.15 Lakh,bangalore
Honda,Honda BrioVX AT,2013,"25,000kms",Petrol,Automatic,₹4.70 Lakh,bangalore
Ford,Ford Figo1.5P Titanium AT,2017,"49,000kms",Petrol,Automatic,₹4.45 Lakh,bangalore
Maruti,Maruti Wagon RAMT VXI Option,2016,"56,000kms",Petrol,Automatic,₹4.45 Lakh,bangalore
Maruti,Maruti Baleno1.3 Alpha,2016,"70,000kms",Diesel,Manual,₹5.65 Lakh,bangalore
Honda,Honda Cityi VTEC CVT VX,2017,"67,000kms",Petrol,Automatic,₹5.25 Lakh,bangalore
Hyundai,Hyundai i20Sportz Petrol,2012,"81,761kms",Petrol,Manual,₹2.57 Lakh,bangalore
Renault,Renault KWID1.0 AMT RXT,2017,"75,218kms",Petrol,Automatic,₹2.89 Lakh,bangalore
Honda,Honda BrioEX MT,2013,"53,389kms",Petrol,Manual,₹2.55 Lakh,bangalore
Tata,Tata Nexon1.2 Revotron XM,2019,"29,164kms",Petrol,Manual,₹6.75 Lakh,bangalore
Skoda,Skoda Rapid1.6 MPI Style BSIV,2018,"62,319kms",Petrol,Manual,₹7.95 Lakh,bangalore
Toyota,Toyota Innova Crysta2.8 ZX AT BSIV,2017,"77,000kms",Diesel,Automatic,₹18.25 Lakh,bangalore
Hyundai,Hyundai Alcazar1.5 Signature (O) 7-Seater Diesel AT,2023,"33,285kms",Diesel,Automatic,₹18.35 Lakh,bangalore
Toyota,Toyota Innova2.5 G (Diesel) 7 Seater BS IV,2016,"99,000kms",Diesel,Manual,₹15.50 Lakh,bangalore
Toyota,Toyota Innova Crysta2.4 GX 7 STR AT,2021,"1,18,649kms",Diesel,Automatic,₹18.95 Lakh,bangalore
Skoda,Skoda Rapid1.6 MPI Style BSIV,2018,"62,319kms",Petrol,Manual,₹7.95 Lakh,bangalore
Toyota,Toyota Innova Crysta2.8 ZX AT BSIV,2017,"77,000kms",Diesel,Automatic,₹18.25 Lakh,bangalore
Toyota,Toyota Innova2.5 G (Diesel) 7 Seater BS IV,2016,"99,000kms",Diesel,Manual,₹15.50 Lakh,bangalore
Toyota,Toyota Innova Crysta2.4 GX 7 STR AT,2021,"1,18,649kms",Diesel,Automatic,₹18.95 Lakh,bangalore
MG,MG Hector2.0 Sharp Pro Diesel BSVI,2023,"64,793kms",Diesel,Manual,₹16.45 Lakh,bangalore
Hyundai,Hyundai Alcazar1.5 Signature (O) 7-Seater Diesel AT,2023,"33,285kms",Diesel,Automatic,₹18.35 Lakh,bangalore
Maruti,Maruti Swift DzireVXI,2013,"49,948kms",Petrol,Manual,₹3.79 Lakh,bangalore
Citroen,Citroen C3Feel BSVI,2022,"36,000kms",Petrol,Manual,₹5.25 Lakh,bangalore
Maruti,Maruti XL6Zeta AT,2020,"11,644kms",Petrol,Automatic,₹9.20 Lakh,bangalore
Renault,Renault KigerRXZ,2022,"9,000kms",Petrol,Manual,₹6.90 Lakh,bangalore
MG,MG AstorStyle BSVI,2022,"23,169kms",Petrol,Manual,₹8.99 Lakh,bangalore
Hyundai,Hyundai i20Petrol Magna,2010,"84,670kms",Petrol,Manual,₹2.13 Lakh,bangalore
Honda,Honda BrioS MT,2012,"51,961kms",Petrol,Manual,₹2.75 Lakh,bangalore
Hyundai,Hyundai VenueSX Plus Turbo DCT,2021,"47,760kms",Petrol,Automatic,₹8.72 Lakh,bangalore
Volkswagen,Volkswagen Ameo1.2 MPI Highline,2016,"67,291kms",Petrol,Manual,₹4.28 Lakh,bangalore
Honda,Honda Jazz1.2 SV i VTEC,2015,"51,622kms",Petrol,Manual,₹3.64 Lakh,bangalore
Maruti,Maruti Swift DzireVXi AT,2014,"73,898kms",Petrol,Automatic,₹3.63 Lakh,bangalore
Maruti,Maruti SwiftVXI,2016,"18,988kms",Petrol,Manual,₹4.78 Lakh,bangalore
Honda,Honda Brio1.2 VX AT,2017,"84,842kms",Petrol,Automatic,₹4 Lakh,bangalore
Maruti,Maruti Swift DzireZDI,2013,"1,10,175kms",Diesel,Manual,₹4.24 Lakh,bangalore
Honda,Honda Jazz1.2 SV i VTEC,2015,"51,622kms",Petrol,Manual,₹3.64 Lakh,bangalore
Maruti,Maruti Swift DzireVXi AT,2014,"73,898kms",Petrol,Automatic,₹3.63 Lakh,bangalore
Maruti,Maruti SwiftVXI,2016,"18,988kms",Petrol,Manual,₹4.78 Lakh,bangalore
Honda,Honda Brio1.2 VX AT,2017,"84,842kms",Petrol,Automatic,₹4 Lakh,bangalore
Maruti,Maruti Swift DzireZDI,2013,"1,10,175kms",Diesel,Manual,₹4.24 Lakh,bangalore
Maruti,Maruti CelerioZXI AMT,2018,"25,735kms",Petrol,Automatic,₹4.98 Lakh,bangalore
Hyundai,Hyundai Grand i101.2 Kappa Asta,2014,"53,294kms",Petrol,Manual,₹3.95 Lakh,bangalore
Ford,Ford FigoAmbiente BSIV,2012,"75,353kms",Petrol,Manual,₹2.35 Lakh,bangalore
Maruti,Maruti Alto K10VXI,2018,"72,039kms",Petrol,Manual,₹2.70 Lakh,bangalore
Hyundai,Hyundai i20Asta 1.4 CRDi,2012,"1,05,260kms",Diesel,Manual,₹2.80 Lakh,bangalore
Hyundai,Hyundai EONEra Plus,2014,"29,859kms",Petrol,Manual,₹2.15 Lakh,bangalore
Maruti,Maruti Alto 800LXI Opt BSIV,2019,"14,377kms",Petrol,Manual,₹2.24 Lakh,bangalore
Maruti,Maruti CelerioVXI AMT,2015,"65,613kms",Petrol,Automatic,₹2.95 Lakh,bangalore
Hyundai,Hyundai EONMagna Plus,2018,"1,09,456kms",Petrol,Manual,₹2.61 Lakh,bangalore
Ford,Ford FigoAmbiente BSIV,2010,"67,977kms",Petrol,Manual,₹2.21 Lakh,bangalore
Ford,Ford FigoTitanium Blu Diesel,2012,"1,27,322kms",Diesel,Manual,₹2.33 Lakh,bangalore
Maruti,Maruti SwiftVXI,2013,"1,08,127kms",Petrol,Manual,₹2.90 Lakh,bangalore
Volkswagen,Volkswagen PoloPetrol Highline 1.2L,2013,"97,663kms",Petrol,Manual,₹3.82 Lakh,bangalore
Maruti,Maruti CelerioVXI AMT,2014,"65,860kms",Petrol,Automatic,₹3.20 Lakh,bangalore
Honda,Honda BrioS MT,2016,"54,165kms",Petrol,Manual,₹3.19 Lakh,bangalore
Hyundai,Hyundai EONEra Plus,2014,"29,859kms",Petrol,Manual,₹2.15 Lakh,bangalore
Hyundai,Hyundai EONMagna Plus,2018,"1,09,456kms",Petrol,Manual,₹2.61 Lakh,bangalore
Volkswagen,Volkswagen PoloPetrol Highline 1.2L,2013,"97,663kms",Petrol,Manual,₹3.82 Lakh,bangalore
Maruti,Maruti CelerioVXI AMT,2014,"65,860kms",Petrol,Automatic,₹3.20 Lakh,bangalore
Honda,Honda BrioS MT,2016,"54,165kms",Petrol,Manual,₹3.19 Lakh,bangalore
Maruti,Maruti Wagon RVXI,2012,"47,915kms",Petrol,Manual,₹2.93 Lakh,bangalore
Renault,Renault KWIDRXT,2016,"88,138kms",Petrol,Manual,₹2.26 Lakh,bangalore
Ford,Ford FigoAmbiente BSIV,2011,"41,971kms",Petrol,Manual,₹2.59 Lakh,bangalore
Tata,Tata ZestRevotron 1.2 XT,2017,"81,757kms",Petrol,Manual,₹4.15 Lakh,bangalore
Renault,Renault Duster85PS Diesel RxZ,2016,"97,900kms",Diesel,Manual,₹5.64 Lakh,bangalore
Volkswagen,Volkswagen Vento1.2 TSI Highline AT,2014,"1,13,524kms",Petrol,Automatic,₹3.81 Lakh,bangalore
Maruti,Maruti Alto K10VXI AMT,2015,"16,950kms",Petrol,Automatic,₹3.44 Lakh,bangalore
Tata,Tata TigorXZ Plus BSVI,2021,"36,206kms",Petrol,Manual,₹5.70 Lakh,bangalore
Maruti,Maruti Alto K10VXI AMT,2014,"1,45,379kms",Petrol,Automatic,₹2.54 Lakh,bangalore
Hyundai,Hyundai i20Sportz 1.2,2016,"82,675kms",Petrol,Manual,₹5.23 Lakh,bangalore
Honda,Honda Cityi VTEC CVT SV,2015,"1,11,049kms",Petrol,Automatic,₹4.10 Lakh,bangalore
Nissan,Nissan MagniteTurbo CVT XV BSVI,2022,"27,479kms",Petrol,Automatic,₹6.90 Lakh,bangalore
Hyundai,Hyundai Grand i101.2 Kappa Asta,2021,"43,849kms",Petrol,Manual,₹6.14 Lakh,bangalore
Mahindra,Mahindra XUV500W10 2WD,2015,"77,461kms",Diesel,Manual,₹8.38 Lakh,bangalore
Kia,Kia SeltosHTX Diesel AT,2021,"62,178kms",Diesel,Automatic,₹9.54 Lakh,bangalore
Honda,Honda Cityi VTEC CVT SV,2015,"1,11,049kms",Petrol,Automatic,₹4.10 Lakh,bangalore
Honda,Honda BR-VStyle Edition S,2018,"84,091kms",Petrol,Manual,₹6.47 Lakh,bangalore
Hyundai,Hyundai VenueS Turbo iMT,2022,"19,024kms",Petrol,Manual,₹7.23 Lakh,bangalore
Hyundai,Hyundai VenueS Turbo iMT,2021,"35,525kms",Petrol,Manual,₹6.69 Lakh,bangalore
Hyundai,Hyundai VenueS,2021,"48,742kms",Petrol,Manual,₹6.30 Lakh,bangalore
Maruti,Maruti Baleno1.2 CVT Alpha,2020,"36,850kms",Petrol,Automatic,₹6.15 Lakh,bangalore
Maruti,Maruti ErtigaVXI AT,2021,"52,323kms",Petrol,Automatic,₹8.37 Lakh,bangalore
Honda,Honda AmazeVX i DTEC,2018,"29,472kms",Diesel,Manual,₹6.20 Lakh,bangalore
Nissan,Nissan MagniteTurbo CVT XV BSVI,2022,"27,479kms",Petrol,Automatic,₹6.90 Lakh,bangalore
Hyundai,Hyundai Grand i101.2 Kappa Asta,2021,"43,849kms",Petrol,Manual,₹6.14 Lakh,bangalore
Mahindra,Mahindra XUV500W10 2WD,2015,"77,461kms",Diesel,Manual,₹8.38 Lakh,bangalore
Kia,Kia SeltosHTX Diesel AT,2021,"62,178kms",Diesel,Automatic,₹9.54 Lakh,bangalore
Honda,Honda Amaze 2nd GenVX CVT,2023,"32,339kms",Petrol,Automatic,₹7.13 Lakh,bangalore
Hyundai,Hyundai Verna1.6 SX VTVT AT,2017,"1,04,328kms",Petrol,Automatic,₹7.60 Lakh,bangalore
Hyundai,Hyundai VenueSX Turbo iMT,2020,"58,065kms",Petrol,Manual,₹6.46 Lakh,bangalore
Maruti,Maruti Vitara BrezzaZDi Plus,2017,"74,011kms",Diesel,Manual,₹6.80 Lakh,bangalore
Skoda,Skoda Kushaq1.0 TSI Ambition BSVI,2022,"32,356kms",Petrol,Manual,₹8.49 Lakh,bangalore
Maruti,Maruti Vitara BrezzaZXI Plus AT,2022,"77,009kms",Petrol,Automatic,₹7.59 Lakh,bangalore
Maruti,Maruti Vitara BrezzaZDi,2019,"28,376kms",Diesel,Manual,₹8.23 Lakh,bangalore
Maruti,Maruti Wagon RAMT VXI,2016,"51,228kms",Petrol,Automatic,₹3.50 Lakh,bangalore
Honda,Honda AmazeVX i DTEC,2018,"29,472kms",Diesel,Manual,₹6.20 Lakh,bangalore
Hyundai,Hyundai Verna1.6 SX VTVT AT,2017,"1,04,328kms",Petrol,Automatic,₹7.60 Lakh,bangalore
Nissan,Nissan MagniteTurbo CVT XV BSVI,2022,"27,479kms",Petrol,Automatic,₹6.90 Lakh,bangalore
Hyundai,Hyundai VenueSX Turbo iMT,2020,"58,065kms",Petrol,Manual,₹6.46 Lakh,bangalore
Maruti,Maruti Vitara BrezzaZDi Plus,2017,"74,011kms",Diesel,Manual,₹6.80 Lakh,bangalore
Skoda,Skoda Kushaq1.0 TSI Ambition BSVI,2022,"32,356kms",Petrol,Manual,₹8.49 Lakh,bangalore
Maruti,Maruti Vitara BrezzaZXI Plus AT,2022,"77,009kms",Petrol,Automatic,₹7.59 Lakh,bangalore
Maruti,Maruti Vitara BrezzaZDi,2019,"28,376kms",Diesel,Manual,₹8.23 Lakh,bangalore
Honda,Honda BR-VStyle Edition S,2018,"84,091kms",Petrol,Manual,₹6.47 Lakh,bangalore
Maruti,Maruti Wagon RAMT VXI,2016,"51,228kms",Petrol,Automatic,₹3.50 Lakh,bangalore
Skoda,Skoda Rapid1.0 TSI Ambition,2020,"38,988kms",Petrol,Manual,₹5.82 Lakh,bangalore
Maruti,Maruti Swift DzireAMT VXI,2018,"41,032kms",Petrol,Automatic,₹5.26 Lakh,bangalore
Renault,Renault KWIDRXT,2016,"48,861kms",Petrol,Manual,₹3.07 Lakh,bangalore
Honda,Honda JazzVX,2017,"1,10,412kms",Petrol,Manual,₹4.75 Lakh,bangalore
Tata,Tata ZestRevotron 1.2T XMS,2014,"76,499kms",Petrol,Manual,₹3.19 Lakh,bangalore
Honda,Honda AmazeS i-VTEC,2015,"64,083kms",Petrol,Manual,₹4.02 Lakh,bangalore
Skoda,Skoda Kushaq1.0 TSI Style BSVI,2021,"45,878kms",Petrol,Manual,₹10.70 Lakh,bangalore
Hyundai,Hyundai AlcazarPlatinum 7-Seater Diesel BSVI,2022,"80,331kms",Diesel,Manual,₹13.99 Lakh,bangalore
Hyundai,Hyundai i10Sportz,2013,"68,100kms",Petrol,Manual,₹2.85 Lakh,bangalore
Kia,Kia SeltosGTX Plus DCT,2020,"48,547kms",Petrol,Automatic,₹11.43 Lakh,bangalore
Mahindra,Mahindra XUV500W10 2WD,2015,"77,461kms",Diesel,Manual,₹8.38 Lakh,bangalore
Kia,Kia SeltosHTX Diesel AT,2021,"62,178kms",Diesel,Automatic,₹9.54 Lakh,bangalore
Honda,Honda Amaze 2nd GenVX CVT,2023,"32,339kms",Petrol,Automatic,₹7.13 Lakh,bangalore
Hyundai,Hyundai Verna1.6 SX VTVT AT,2017,"1,04,328kms",Petrol,Automatic,₹7.60 Lakh,bangalore
Hyundai,Hyundai VenueSX Turbo iMT,2020,"58,065kms",Petrol,Manual,₹6.46 Lakh,bangalore
Maruti,Maruti Vitara BrezzaZDi Plus,2017,"74,011kms",Diesel,Manual,₹6.80 Lakh,bangalore
Skoda,Skoda Kushaq1.0 TSI Ambition BSVI,2022,"32,356kms",Petrol,Manual,₹8.49 Lakh,bangalore
Maruti,Maruti Vitara BrezzaZXI Plus AT,2022,"77,009kms",Petrol,Automatic,₹7.59 Lakh,bangalore
Maruti,Maruti Vitara BrezzaZDi,2019,"28,376kms",Diesel,Manual,₹8.23 Lakh,bangalore
Maruti,Maruti Wagon RAMT VXI,2016,"51,228kms",Petrol,Automatic,₹3.50 Lakh,bangalore
Skoda,Skoda Rapid1.0 TSI Ambition,2020,"38,988kms",Petrol,Manual,₹5.82 Lakh,bangalore
Maruti,Maruti Swift DzireAMT VXI,2018,"41,032kms",Petrol,Automatic,₹5.26 Lakh,bangalore
Renault,Renault KWIDRXT,2016,"48,861kms",Petrol,Manual,₹3.07 Lakh,bangalore
Honda,Honda JazzVX,2017,"1,10,412kms",Petrol,Manual,₹4.75 Lakh,bangalore
Honda,Honda AmazeS i-VTEC,2015,"64,083kms",Petrol,Manual,₹4.02 Lakh,bangalore
Tata,Tata ZestRevotron 1.2T XMS,2014,"76,499kms",Petrol,Manual,₹3.19 Lakh,bangalore
Hyundai,Hyundai AlcazarPlatinum 7-Seater Diesel BSVI,2022,"80,331kms",Diesel,Manual,₹13.99 Lakh,bangalore
Skoda,Skoda Kushaq1.0 TSI Style BSVI,2021,"45,878kms",Petrol,Manual,₹10.70 Lakh,bangalore
Kia,Kia SeltosGTX Plus DCT,2020,"48,547kms",Petrol,Automatic,₹11.43 Lakh,bangalore
Hyundai,Hyundai i10Sportz,2013,"68,100kms",Petrol,Manual,₹2.85 Lakh,bangalore
Mahindra,Mahindra XUV500W10 2WD,2015,"77,461kms",Diesel,Manual,₹8.38 Lakh,bangalore
Kia,Kia SeltosHTX Diesel AT,2021,"62,178kms",Diesel,Automatic,₹9.54 Lakh,bangalore
Honda,Honda Amaze 2nd GenVX CVT,2023,"32,339kms",Petrol,Automatic,₹7.13 Lakh,bangalore
Hyundai,Hyundai Verna1.6 SX VTVT AT,2017,"1,04,328kms",Petrol,Automatic,₹7.60 Lakh,bangalore
Hyundai,Hyundai VenueSX Turbo iMT,2020,"58,065kms",Petrol,Manual,₹6.46 Lakh,bangalore
Maruti,Maruti Vitara BrezzaZDi Plus,2017,"74,011kms",Diesel,Manual,₹6.80 Lakh,bangalore
Skoda,Skoda Kushaq1.0 TSI Ambition BSVI,2022,"32,356kms",Petrol,Manual,₹8.49 Lakh,bangalore
Maruti,Maruti Vitara BrezzaZXI Plus AT,2022,"77,009kms",Petrol,Automatic,₹7.59 Lakh,bangalore
Maruti,Maruti Vitara BrezzaZDi,2019,"28,376kms",Diesel,Manual,₹8.23 Lakh,bangalore
Maruti,Maruti Wagon RAMT VXI,2016,"51,228kms",Petrol,Automatic,₹3.50 Lakh,bangalore
Skoda,Skoda Rapid1.0 TSI Ambition,2020,"38,988kms",Petrol,Manual,₹5.82 Lakh,bangalore
Maruti,Maruti Swift DzireAMT VXI,2018,"41,032kms",Petrol,Automatic,₹5.26 Lakh,bangalore
Renault,Renault KWIDRXT,2016,"48,861kms",Petrol,Manual,₹3.07 Lakh,bangalore
Honda,Honda JazzVX,2017,"1,10,412kms",Petrol,Manual,₹4.75 Lakh,bangalore
Honda,Honda AmazeS i-VTEC,2015,"64,083kms",Petrol,Manual,₹4.02 Lakh,bangalore
Tata,Tata ZestRevotron 1.2T XMS,2014,"76,499kms",Petrol,Manual,₹3.19 Lakh,bangalore
Hyundai,Hyundai AlcazarPlatinum 7-Seater Diesel BSVI,2022,"80,331kms",Diesel,Manual,₹13.99 Lakh,bangalore
Skoda,Skoda Kushaq1.0 TSI Style BSVI,2021,"45,878kms",Petrol,Manual,₹10.70 Lakh,bangalore
Kia,Kia SeltosGTX Plus DCT,2020,"48,547kms",Petrol,Automatic,₹11.43 Lakh,bangalore
Hyundai,Hyundai i10Sportz,2013,"68,100kms",Petrol,Manual,₹2.85 Lakh,bangalore
Honda,Honda AmazeVX i DTEC,2018,"29,472kms",Diesel,Manual,₹6.20 Lakh,bangalore
Hyundai,Hyundai Verna1.6 SX VTVT AT,2017,"1,04,328kms",Petrol,Automatic,₹7.60 Lakh,bangalore
Nissan,Nissan MagniteTurbo CVT XV BSVI,2022,"27,479kms",Petrol,Automatic,₹6.90 Lakh,bangalore
Hyundai,Hyundai VenueSX Turbo iMT,2020,"58,065kms",Petrol,Manual,₹6.46 Lakh,bangalore
Maruti,Maruti Vitara BrezzaZDi Plus,2017,"74,011kms",Diesel,Manual,₹6.80 Lakh,bangalore
Skoda,Skoda Kushaq1.0 TSI Ambition BSVI,2022,"32,356kms",Petrol,Manual,₹8.49 Lakh,bangalore
Maruti,Maruti Vitara BrezzaZXI Plus AT,2022,"77,009kms",Petrol,Automatic,₹7.59 Lakh,bangalore
Maruti,Maruti Vitara BrezzaZDi,2019,"28,376kms",Diesel,Manual,₹8.23 Lakh,bangalore
Honda,Honda BR-VStyle Edition S,2018,"84,091kms",Petrol,Manual,₹6.47 Lakh,bangalore
Maruti,Maruti Wagon RAMT VXI,2016,"51,228kms",Petrol,Automatic,₹3.50 Lakh,bangalore
Skoda,Skoda Rapid1.0 TSI Ambition,2020,"38,988kms",Petrol,Manual,₹5.82 Lakh,bangalore
Maruti,Maruti Swift DzireAMT VXI,2018,"41,032kms",Petrol,Automatic,₹5.26 Lakh,bangalore
Renault,Renault KWIDRXT,2016,"48,861kms",Petrol,Manual,₹3.07 Lakh,bangalore
Honda,Honda JazzVX,2017,"1,10,412kms",Petrol,Manual,₹4.75 Lakh,bangalore
Tata,Tata ZestRevotron 1.2T XMS,2014,"76,499kms",Petrol,Manual,₹3.19 Lakh,bangalore
Honda,Honda AmazeS i-VTEC,2015,"64,083kms",Petrol,Manual,₹4.02 Lakh,bangalore
Skoda,Skoda Kushaq1.0 TSI Style BSVI,2021,"45,878kms",Petrol,Manual,₹10.70 Lakh,bangalore
Hyundai,Hyundai AlcazarPlatinum 7-Seater Diesel BSVI,2022,"80,331kms",Diesel,Manual,₹13.99 Lakh,bangalore
Hyundai,Hyundai i10Sportz,2013,"68,100kms",Petrol,Manual,₹2.85 Lakh,bangalore
Kia,Kia SeltosGTX Plus DCT,2020,"48,547kms",Petrol,Automatic,₹11.43 Lakh,bangalore
Hyundai,Hyundai VenueSX Turbo iMT,2020,"58,065kms",Petrol,Manual,₹6.46 Lakh,bangalore
Hyundai,Hyundai VenueS,2021,"48,742kms",Petrol,Manual,₹6.30 Lakh,bangalore
Maruti,Maruti Vitara BrezzaZDi Plus,2017,"74,011kms",Diesel,Manual,₹6.80 Lakh,bangalore
Skoda,Skoda Kushaq1.0 TSI Ambition BSVI,2022,"32,356kms",Petrol,Manual,₹8.49 Lakh,bangalore
Maruti,Maruti Baleno1.2 CVT Alpha,2020,"36,850kms",Petrol,Automatic,₹6.15 Lakh,bangalore
Maruti,Maruti ErtigaVXI AT,2021,"52,323kms",Petrol,Automatic,₹8.37 Lakh,bangalore
Honda,Honda AmazeVX i DTEC,2018,"29,472kms",Diesel,Manual,₹6.20 Lakh,bangalore
Honda,Honda BR-VStyle Edition S,2018,"84,091kms",Petrol,Manual,₹6.47 Lakh,bangalore
Hyundai,Hyundai Verna1.6 SX VTVT AT,2017,"1,04,328kms",Petrol,Automatic,₹7.60 Lakh,bangalore
Maruti,Maruti Wagon RAMT VXI,2016,"51,228kms",Petrol,Automatic,₹3.50 Lakh,bangalore
Skoda,Skoda Rapid1.0 TSI Ambition,2020,"38,988kms",Petrol,Manual,₹5.82 Lakh,bangalore
Maruti,Maruti Swift DzireAMT VXI,2018,"41,032kms",Petrol,Automatic,₹5.26 Lakh,bangalore
Renault,Renault KWIDRXT,2016,"48,861kms",Petrol,Manual,₹3.07 Lakh,bangalore
Honda,Honda JazzVX,2017,"1,10,412kms",Petrol,Manual,₹4.75 Lakh,bangalore
Tata,Tata ZestRevotron 1.2T XMS,2014,"76,499kms",Petrol,Manual,₹3.19 Lakh,bangalore
Honda,Honda AmazeS i-VTEC,2015,"64,083kms",Petrol,Manual,₹4.02 Lakh,bangalore
Skoda,Skoda Kushaq1.0 TSI Style BSVI,2021,"45,878kms",Petrol,Manual,₹10.70 Lakh,bangalore
Hyundai,Hyundai AlcazarPlatinum 7-Seater Diesel BSVI,2022,"80,331kms",Diesel,Manual,₹13.99 Lakh,bangalore
Kia,Kia SeltosGTX Plus DCT,2020,"48,547kms",Petrol,Automatic,₹11.43 Lakh,bangalore
Hyundai,Hyundai i10Sportz,2013,"68,100kms",Petrol,Manual,₹2.85 Lakh,bangalore
Honda,Honda AmazeVX i DTEC,2018,"29,472kms",Diesel,Manual,₹6.20 Lakh,bangalore
Hyundai,Hyundai Verna1.6 SX VTVT AT,2017,"1,04,328kms",Petrol,Automatic,₹7.60 Lakh,bangalore
Nissan,Nissan MagniteTurbo CVT XV BSVI,2022,"27,479kms",Petrol,Automatic,₹6.90 Lakh,bangalore
Hyundai,Hyundai VenueSX Turbo iMT,2020,"58,065kms",Petrol,Manual,₹6.46 Lakh,bangalore
Maruti,Maruti Vitara BrezzaZDi Plus,2017,"74,011kms",Diesel,Manual,₹6.80 Lakh,bangalore
Skoda,Skoda Kushaq1.0 TSI Ambition BSVI,2022,"32,356kms",Petrol,Manual,₹8.49 Lakh,bangalore
Maruti,Maruti Vitara BrezzaZXI Plus AT,2022,"77,009kms",Petrol,Automatic,₹7.59 Lakh,bangalore
Maruti,Maruti Vitara BrezzaZDi,2019,"28,376kms",Diesel,Manual,₹8.23 Lakh,bangalore
Honda,Honda BR-VStyle Edition S,2018,"84,091kms",Petrol,Manual,₹6.47 Lakh,bangalore
Maruti,Maruti Wagon RAMT VXI,2016,"51,228kms",Petrol,Automatic,₹3.50 Lakh,bangalore
Skoda,Skoda Rapid1.0 TSI Ambition,2020,"38,988kms",Petrol,Manual,₹5.82 Lakh,bangalore
Maruti,Maruti Swift DzireAMT VXI,2018,"41,032kms",Petrol,Automatic,₹5.26 Lakh,bangalore
Renault,Renault KWIDRXT,2016,"48,861kms",Petrol,Manual,₹3.07 Lakh,bangalore
Honda,Honda JazzVX,2017,"1,10,412kms",Petrol,Manual,₹4.75 Lakh,bangalore
Tata,Tata ZestRevotron 1.2T XMS,2014,"76,499kms",Petrol,Manual,₹3.19 Lakh,bangalore
Honda,Honda AmazeS i-VTEC,2015,"64,083kms",Petrol,Manual,₹4.02 Lakh,bangalore
Skoda,Skoda Kushaq1.0 TSI Style BSVI,2021,"45,878kms",Petrol,Manual,₹10.70 Lakh,bangalore
Hyundai,Hyundai AlcazarPlatinum 7-Seater Diesel BSVI,2022,"80,331kms",Diesel,Manual,₹13.99 Lakh,bangalore
Hyundai,Hyundai i10Sportz,2013,"68,100kms",Petrol,Manual,₹2.85 Lakh,bangalore
Kia,Kia SeltosGTX Plus DCT,2020,"48,547kms",Petrol,Automatic,₹11.43 Lakh,bangalore
Hyundai,Hyundai VenueSX Turbo iMT,2020,"58,065kms",Petrol,Manual,₹6.46 Lakh,bangalore
Hyundai,Hyundai VenueS,2021,"48,742kms",Petrol,Manual,₹6.30 Lakh,bangalore
Maruti,Maruti Vitara BrezzaZDi Plus,2017,"74,011kms",Diesel,Manual,₹6.80 Lakh,bangalore
Skoda,Skoda Kushaq1.0 TSI Ambition BSVI,2022,"32,356kms",Petrol,Manual,₹8.49 Lakh,bangalore
Maruti,Maruti Baleno1.2 CVT Alpha,2020,"36,850kms",Petrol,Automatic,₹6.15 Lakh,bangalore
Maruti,Maruti ErtigaVXI AT,2021,"52,323kms",Petrol,Automatic,₹8.37 Lakh,bangalore
Honda,Honda AmazeVX i DTEC,2018,"29,472kms",Diesel,Manual,₹6.20 Lakh,bangalore
Honda,Honda BR-VStyle Edition S,2018,"84,091kms",Petrol,Manual,₹6.47 Lakh,bangalore
Hyundai,Hyundai Verna1.6 SX VTVT AT,2017,"1,04,328kms",Petrol,Automatic,₹7.60 Lakh,bangalore
Maruti,Maruti Wagon RAMT VXI,2016,"51,228kms",Petrol,Automatic,₹3.50 Lakh,bangalore
Skoda,Skoda Rapid1.0 TSI Ambition,2020,"38,988kms",Petrol,Manual,₹5.82 Lakh,bangalore
Maruti,Maruti Swift DzireAMT VXI,2018,"41,032kms",Petrol,Automatic,₹5.26 Lakh,bangalore
Renault,Renault KWIDRXT,2016,"48,861kms",Petrol,Manual,₹3.07 Lakh,bangalore
Honda,Honda JazzVX,2017,"1,10,412kms",Petrol,Manual,₹4.75 Lakh,bangalore
Tata,Tata ZestRevotron 1.2T XMS,2014,"76,499kms",Petrol,Manual,₹3.19 Lakh,bangalore
Honda,Honda AmazeS i-VTEC,2015,"64,083kms",Petrol,Manual,₹4.02 Lakh,bangalore
Skoda,Skoda Kushaq1.0 TSI Style BSVI,2021,"45,878kms",Petrol,Manual,₹10.70 Lakh,bangalore
Hyundai,Hyundai AlcazarPlatinum 7-Seater Diesel BSVI,2022,"80,331kms",Diesel,Manual,₹13.99 Lakh,bangalore
Kia,Kia SeltosGTX Plus DCT,2020,"48,547kms",Petrol,Automatic,₹11.43 Lakh,bangalore
Hyundai,Hyundai i10Sportz,2013,"68,100kms",Petrol,Manual,₹2.85 Lakh,bangalore
Hyundai,Hyundai VenueSX Turbo iMT,2020,"58,065kms",Petrol,Manual,₹6.46 Lakh,bangalore
Hyundai,Hyundai VenueS,2021,"48,742kms",Petrol,Manual,₹6.30 Lakh,bangalore
Maruti,Maruti Vitara BrezzaZDi Plus,2017,"74,011kms",Diesel,Manual,₹6.80 Lakh,bangalore
Skoda,Skoda Kushaq1.0 TSI Ambition BSVI,2022,"32,356kms",Petrol,Manual,₹8.49 Lakh,bangalore
Maruti,Maruti Baleno1.2 CVT Alpha,2020,"36,850kms",Petrol,Automatic,₹6.15 Lakh,bangalore
Maruti,Maruti ErtigaVXI AT,2021,"52,323kms",Petrol,Automatic,₹8.37 Lakh,bangalore
Honda,Honda AmazeVX i DTEC,2018,"29,472kms",Diesel,Manual,₹6.20 Lakh,bangalore
Honda,Honda BR-VStyle Edition S,2018,"84,091kms",Petrol,Manual,₹6.47 Lakh,bangalore
Hyundai,Hyundai Verna1.6 SX VTVT AT,2017,"1,04,328kms",Petrol,Automatic,₹7.60 Lakh,bangalore
Maruti,Maruti Wagon RAMT VXI,2016,"51,228kms",Petrol,Automatic,₹3.50 Lakh,bangalore
Skoda,Skoda Rapid1.0 TSI Ambition,2020,"38,988kms",Petrol,Manual,₹5.82 Lakh,bangalore
Maruti,Maruti Swift DzireAMT VXI,2018,"41,032kms",Petrol,Automatic,₹5.26 Lakh,bangalore
Renault,Renault KWIDRXT,2016,"48,861kms",Petrol,Manual,₹3.07 Lakh,bangalore
Honda,Honda JazzVX,2017,"1,10,412kms",Petrol,Manual,₹4.75 Lakh,bangalore
Tata,Tata ZestRevotron 1.2T XMS,2014,"76,499kms",Petrol,Manual,₹3.19 Lakh,bangalore
Honda,Honda AmazeS i-VTEC,2015,"64,083kms",Petrol,Manual,₹4.02 Lakh,bangalore
Skoda,Skoda Kushaq1.0 TSI Style BSVI,2021,"45,878kms",Petrol,Manual,₹10.70 Lakh,bangalore
Hyundai,Hyundai AlcazarPlatinum 7-Seater Diesel BSVI,2022,"80,331kms",Diesel,Manual,₹13.99 Lakh,bangalore
Kia,Kia SeltosGTX Plus DCT,2020,"48,547kms",Petrol,Automatic,₹11.43 Lakh,bangalore
Hyundai,Hyundai i10Sportz,2013,"68,100kms",Petrol,Manual,₹2.85 Lakh,bangalore
Hyundai,Hyundai VenueSX Turbo iMT,2020,"58,065kms",Petrol,Manual,₹6.46 Lakh,bangalore
Hyundai,Hyundai VenueS,2021,"48,742kms",Petrol,Manual,₹6.30 Lakh,bangalore
Maruti,Maruti Vitara BrezzaZDi Plus,2017,"74,011kms",Diesel,Manual,₹6.80 Lakh,bangalore
Skoda,Skoda Kushaq1.0 TSI Ambition BSVI,2022,"32,356kms",Petrol,Manual,₹8.49 Lakh,bangalore
Maruti,Maruti Baleno1.2 CVT Alpha,2020,"36,850kms",Petrol,Automatic,₹6.15 Lakh,bangalore
Maruti,Maruti ErtigaVXI AT,2021,"52,323kms",Petrol,Automatic,₹8.37 Lakh,bangalore
Honda,Honda AmazeVX i DTEC,2018,"29,472kms",Diesel,Manual,₹6.20 Lakh,bangalore
Honda,Honda BR-VStyle Edition S,2018,"84,091kms",Petrol,Manual,₹6.47 Lakh,bangalore
Hyundai,Hyundai Verna1.6 SX VTVT AT,2017,"1,04,328kms",Petrol,Automatic,₹7.60 Lakh,bangalore
Maruti,Maruti Wagon RAMT VXI,2016,"51,228kms",Petrol,Automatic,₹3.50 Lakh,bangalore
Skoda,Skoda Rapid1.0 TSI Ambition,2020,"38,988kms",Petrol,Manual,₹5.82 Lakh,bangalore
Maruti,Maruti Swift DzireAMT VXI,2018,"41,032kms",Petrol,Automatic,₹5.26 Lakh,bangalore
Renault,Renault KWIDRXT,2016,"48,861kms",Petrol,Manual,₹3.07 Lakh,bangalore
Honda,Honda JazzVX,2017,"1,10,412kms",Petrol,Manual,₹4.75 Lakh,bangalore
Tata,Tata ZestRevotron 1.2T XMS,2014,"76,499kms",Petrol,Manual,₹3.19 Lakh,bangalore
Honda,Honda AmazeS i-VTEC,2015,"64,083kms",Petrol,Manual,₹4.02 Lakh,bangalore
Skoda,Skoda Kushaq1.0 TSI Style BSVI,2021,"45,878kms",Petrol,Manual,₹10.70 Lakh,bangalore
Hyundai,Hyundai AlcazarPlatinum 7-Seater Diesel BSVI,2022,"80,331kms",Diesel,Manual,₹13.99 Lakh,bangalore
Kia,Kia SeltosGTX Plus DCT,2020,"48,547kms",Petrol,Automatic,₹11.43 Lakh,bangalore
Hyundai,Hyundai i10Sportz,2013,"68,100kms",Petrol,Manual,₹2.85 Lakh,bangalore
Mahindra,Mahindra XUV500W10 2WD,2015,"77,461kms",Diesel,Manual,₹8.38 Lakh,bangalore
Kia,Kia SeltosHTX Diesel AT,2021,"62,178kms",Diesel,Automatic,₹9.54 Lakh,bangalore
Honda,Honda Amaze 2nd GenVX CVT,2023,"32,339kms",Petrol,Automatic,₹7.13 Lakh,bangalore
Hyundai,Hyundai Verna1.6 SX VTVT AT,2017,"1,04,328kms",Petrol,Automatic,₹7.60 Lakh,bangalore
Hyundai,Hyundai VenueSX Turbo iMT,2020,"58,065kms",Petrol,Manual,₹6.46 Lakh,bangalore
Maruti,Maruti Vitara BrezzaZDi Plus,2017,"74,011kms",Diesel,Manual,₹6.80 Lakh,bangalore
Skoda,Skoda Kushaq1.0 TSI Ambition BSVI,2022,"32,356kms",Petrol,Manual,₹8.49 Lakh,bangalore
Maruti,Maruti Vitara BrezzaZXI Plus AT,2022,"77,009kms",Petrol,Automatic,₹7.59 Lakh,bangalore
Maruti,Maruti Vitara BrezzaZDi,2019,"28,376kms",Diesel,Manual,₹8.23 Lakh,bangalore
Maruti,Maruti Wagon RAMT VXI,2016,"51,228kms",Petrol,Automatic,₹3.50 Lakh,bangalore
Skoda,Skoda Rapid1.0 TSI Ambition,2020,"38,988kms",Petrol,Manual,₹5.82 Lakh,bangalore
Maruti,Maruti Swift DzireAMT VXI,2018,"41,032kms",Petrol,Automatic,₹5.26 Lakh,bangalore
Renault,Renault KWIDRXT,2016,"48,861kms",Petrol,Manual,₹3.07 Lakh,bangalore
Honda,Honda JazzVX,2017,"1,10,412kms",Petrol,Manual,₹4.75 Lakh,bangalore
Honda,Honda AmazeS i-VTEC,2015,"64,083kms",Petrol,Manual,₹4.02 Lakh,bangalore
Tata,Tata ZestRevotron 1.2T XMS,2014,"76,499kms",Petrol,Manual,₹3.19 Lakh,bangalore
Hyundai,Hyundai AlcazarPlatinum 7-Seater Diesel BSVI,2022,"80,331kms",Diesel,Manual,₹13.99 Lakh,bangalore
Skoda,Skoda Kushaq1.0 TSI Style BSVI,2021,"45,878kms",Petrol,Manual,₹10.70 Lakh,bangalore
Kia,Kia SeltosGTX Plus DCT,2020,"48,547kms",Petrol,Automatic,₹11.43 Lakh,bangalore
Hyundai,Hyundai i10Sportz,2013,"68,100kms",Petrol,Manual,₹2.85 Lakh,bangalore
Mahindra,Mahindra XUV500W10 2WD,2015,"77,461kms",Diesel,Manual,₹8.38 Lakh,bangalore
Kia,Kia SeltosHTX Diesel AT,2021,"62,178kms",Diesel,Automatic,₹9.54 Lakh,bangalore
Honda,Honda Amaze 2nd GenVX CVT,2023,"32,339kms",Petrol,Automatic,₹7.13 Lakh,bangalore
Hyundai,Hyundai Verna1.6 SX VTVT AT,2017,"1,04,328kms",Petrol,Automatic,₹7.60 Lakh,bangalore
Hyundai,Hyundai VenueSX Turbo iMT,2020,"58,065kms",Petrol,Manual,₹6.46 Lakh,bangalore
Maruti,Maruti Vitara BrezzaZDi Plus,2017,"74,011kms",Diesel,Manual,₹6.80 Lakh,bangalore
Skoda,Skoda Kushaq1.0 TSI Ambition BSVI,2022,"32,356kms",Petrol,Manual,₹8.49 Lakh,bangalore
Maruti,Maruti Vitara BrezzaZXI Plus AT,2022,"77,009kms",Petrol,Automatic,₹7.59 Lakh,bangalore
Maruti,Maruti Vitara BrezzaZDi,2019,"28,376kms",Diesel,Manual,₹8.23 Lakh,bangalore
Maruti,Maruti Wagon RAMT VXI,2016,"51,228kms",Petrol,Automatic,₹3.50 Lakh,bangalore
Skoda,Skoda Rapid1.0 TSI Ambition,2020,"38,988kms",Petrol,Manual,₹5.82 Lakh,bangalore
Maruti,Maruti Swift DzireAMT VXI,2018,"41,032kms",Petrol,Automatic,₹5.26 Lakh,bangalore
Renault,Renault KWIDRXT,2016,"48,861kms",Petrol,Manual,₹3.07 Lakh,bangalore
Honda,Honda JazzVX,2017,"1,10,412kms",Petrol,Manual,₹4.75 Lakh,bangalore
Honda,Honda AmazeS i-VTEC,2015,"64,083kms",Petrol,Manual,₹4.02 Lakh,bangalore
Tata,Tata ZestRevotron 1.2T XMS,2014,"76,499kms",Petrol,Manual,₹3.19 Lakh,bangalore
Hyundai,Hyundai AlcazarPlatinum 7-Seater Diesel BSVI,2022,"80,331kms",Diesel,Manual,₹13.99 Lakh,bangalore
Skoda,Skoda Kushaq1.0 TSI Style BSVI,2021,"45,878kms",Petrol,Manual,₹10.70 Lakh,bangalore
Kia,Kia SeltosGTX Plus DCT,2020,"48,547kms",Petrol,Automatic,₹11.43 Lakh,bangalore
Hyundai,Hyundai i10Sportz,2013,"68,100kms",Petrol,Manual,₹2.85 Lakh,bangalore
Honda,Honda AmazeVX i DTEC,2018,"29,472kms",Diesel,Manual,₹6.20 Lakh,bangalore
Hyundai,Hyundai Verna1.6 SX VTVT AT,2017,"1,04,328kms",Petrol,Automatic,₹7.60 Lakh,bangalore
Nissan,Nissan MagniteTurbo CVT XV BSVI,2022,"27,479kms",Petrol,Automatic,₹6.90 Lakh,bangalore
Hyundai,Hyundai VenueSX Turbo iMT,2020,"58,065kms",Petrol,Manual,₹6.46 Lakh,bangalore
Maruti,Maruti Vitara BrezzaZDi Plus,2017,"74,011kms",Diesel,Manual,₹6.80 Lakh,bangalore
Skoda,Skoda Kushaq1.0 TSI Ambition BSVI,2022,"32,356kms",Petrol,Manual,₹8.49 Lakh,bangalore
Maruti,Maruti Vitara BrezzaZXI Plus AT,2022,"77,009kms",Petrol,Automatic,₹7.59 Lakh,bangalore
Maruti,Maruti Vitara BrezzaZDi,2019,"28,376kms",Diesel,Manual,₹8.23 Lakh,bangalore
Honda,Honda BR-VStyle Edition S,2018,"84,091kms",Petrol,Manual,₹6.47 Lakh,bangalore
Maruti,Maruti Wagon RAMT VXI,2016,"51,228kms",Petrol,Automatic,₹3.50 Lakh,bangalore
Skoda,Skoda Rapid1.0 TSI Ambition,2020,"38,988kms",Petrol,Manual,₹5.82 Lakh,bangalore
Maruti,Maruti Swift DzireAMT VXI,2018,"41,032kms",Petrol,Automatic,₹5.26 Lakh,bangalore
Renault,Renault KWIDRXT,2016,"48,861kms",Petrol,Manual,₹3.07 Lakh,bangalore
Honda,Honda JazzVX,2017,"1,10,412kms",Petrol,Manual,₹4.75 Lakh,bangalore
Tata,Tata ZestRevotron 1.2T XMS,2014,"76,499kms",Petrol,Manual,₹3.19 Lakh,bangalore
Honda,Honda AmazeS i-VTEC,2015,"64,083kms",Petrol,Manual,₹4.02 Lakh,bangalore
Skoda,Skoda Kushaq1.0 TSI Style BSVI,2021,"45,878kms",Petrol,Manual,₹10.70 Lakh,bangalore
Hyundai,Hyundai AlcazarPlatinum 7-Seater Diesel BSVI,2022,"80,331kms",Diesel,Manual,₹13.99 Lakh,bangalore
Hyundai,Hyundai i10Sportz,2013,"68,100kms",Petrol,Manual,₹2.85 Lakh,bangalore
Kia,Kia SeltosGTX Plus DCT,2020,"48,547kms",Petrol,Automatic,₹11.43 Lakh,bangalore
Honda,Honda AmazeVX i DTEC,2018,"29,472kms",Diesel,Manual,₹6.20 Lakh,bangalore
Hyundai,Hyundai Verna1.6 SX VTVT AT,2017,"1,04,328kms",Petrol,Automatic,₹7.60 Lakh,bangalore
Nissan,Nissan MagniteTurbo CVT XV BSVI,2022,"27,479kms",Petrol,Automatic,₹6.90 Lakh,bangalore
Hyundai,Hyundai VenueSX Turbo iMT,2020,"58,065kms",Petrol,Manual,₹6.46 Lakh,bangalore
Maruti,Maruti Vitara BrezzaZDi Plus,2017,"74,011kms",Diesel,Manual,₹6.80 Lakh,bangalore
Skoda,Skoda Kushaq1.0 TSI Ambition BSVI,2022,"32,356kms",Petrol,Manual,₹8.49 Lakh,bangalore
Maruti,Maruti Vitara BrezzaZXI Plus AT,2022,"77,009kms",Petrol,Automatic,₹7.59 Lakh,bangalore
Maruti,Maruti Vitara BrezzaZDi,2019,"28,376kms",Diesel,Manual,₹8.23 Lakh,bangalore
Honda,Honda BR-VStyle Edition S,2018,"84,091kms",Petrol,Manual,₹6.47 Lakh,bangalore
Maruti,Maruti Wagon RAMT VXI,2016,"51,228kms",Petrol,Automatic,₹3.50 Lakh,bangalore
Skoda,Skoda Rapid1.0 TSI Ambition,2020,"38,988kms",Petrol,Manual,₹5.82 Lakh,bangalore
Maruti,Maruti Swift DzireAMT VXI,2018,"41,032kms",Petrol,Automatic,₹5.26 Lakh,bangalore
Renault,Renault KWIDRXT,2016,"48,861kms",Petrol,Manual,₹3.07 Lakh,bangalore
Honda,Honda JazzVX,2017,"1,10,412kms",Petrol,Manual,₹4.75 Lakh,bangalore
Tata,Tata ZestRevotron 1.2T XMS,2014,"76,499kms",Petrol,Manual,₹3.19 Lakh,bangalore
Honda,Honda AmazeS i-VTEC,2015,"64,083kms",Petrol,Manual,₹4.02 Lakh,bangalore
Skoda,Skoda Kushaq1.0 TSI Style BSVI,2021,"45,878kms",Petrol,Manual,₹10.70 Lakh,bangalore
Hyundai,Hyundai AlcazarPlatinum 7-Seater Diesel BSVI,2022,"80,331kms",Diesel,Manual,₹13.99 Lakh,bangalore
Hyundai,Hyundai i10Sportz,2013,"68,100kms",Petrol,Manual,₹2.85 Lakh,bangalore
Kia,Kia SeltosGTX Plus DCT,2020,"48,547kms",Petrol,Automatic,₹11.43 Lakh,bangalore
Honda,Honda AmazeVX i DTEC,2018,"29,472kms",Diesel,Manual,₹6.20 Lakh,bangalore
Hyundai,Hyundai Verna1.6 SX VTVT AT,2017,"1,04,328kms",Petrol,Automatic,₹7.60 Lakh,bangalore
Nissan,Nissan MagniteTurbo CVT XV BSVI,2022,"27,479kms",Petrol,Automatic,₹6.90 Lakh,bangalore
Hyundai,Hyundai VenueSX Turbo iMT,2020,"58,065kms",Petrol,Manual,₹6.46 Lakh,bangalore
Maruti,Maruti Vitara BrezzaZDi Plus,2017,"74,011kms",Diesel,Manual,₹6.80 Lakh,bangalore
Skoda,Skoda Kushaq1.0 TSI Ambition BSVI,2022,"32,356kms",Petrol,Manual,₹8.49 Lakh,bangalore
Maruti,Maruti Vitara BrezzaZXI Plus AT,2022,"77,009kms",Petrol,Automatic,₹7.59 Lakh,bangalore
Maruti,Maruti Vitara BrezzaZDi,2019,"28,376kms",Diesel,Manual,₹8.23 Lakh,bangalore
Honda,Honda BR-VStyle Edition S,2018,"84,091kms",Petrol,Manual,₹6.47 Lakh,bangalore
Maruti,Maruti Wagon RAMT VXI,2016,"51,228kms",Petrol,Automatic,₹3.50 Lakh,bangalore
Skoda,Skoda Rapid1.0 TSI Ambition,2020,"38,988kms",Petrol,Manual,₹5.82 Lakh,bangalore
Maruti,Maruti Swift DzireAMT VXI,2018,"41,032kms",Petrol,Automatic,₹5.26 Lakh,bangalore
Renault,Renault KWIDRXT,2016,"48,861kms",Petrol,Manual,₹3.07 Lakh,bangalore
Honda,Honda JazzVX,2017,"1,10,412kms",Petrol,Manual,₹4.75 Lakh,bangalore
Tata,Tata ZestRevotron 1.2T XMS,2014,"76,499kms",Petrol,Manual,₹3.19 Lakh,bangalore
Honda,Honda AmazeS i-VTEC,2015,"64,083kms",Petrol,Manual,₹4.02 Lakh,bangalore
Skoda,Skoda Kushaq1.0 TSI Style BSVI,2021,"45,878kms",Petrol,Manual,₹10.70 Lakh,bangalore
Hyundai,Hyundai AlcazarPlatinum 7-Seater Diesel BSVI,2022,"80,331kms",Diesel,Manual,₹13.99 Lakh,bangalore
Hyundai,Hyundai i10Sportz,2013,"68,100kms",Petrol,Manual,₹2.85 Lakh,bangalore
Kia,Kia SeltosGTX Plus DCT,2020,"48,547kms",Petrol,Automatic,₹11.43 Lakh,bangalore
Honda,Honda AmazeVX i DTEC,2018,"29,472kms",Diesel,Manual,₹6.20 Lakh,bangalore
Hyundai,Hyundai Verna1.6 SX VTVT AT,2017,"1,04,328kms",Petrol,Automatic,₹7.60 Lakh,bangalore
Nissan,Nissan MagniteTurbo CVT XV BSVI,2022,"27,479kms",Petrol,Automatic,₹6.90 Lakh,bangalore
Hyundai,Hyundai VenueSX Turbo iMT,2020,"58,065kms",Petrol,Manual,₹6.46 Lakh,bangalore
Maruti,Maruti Vitara BrezzaZDi Plus,2017,"74,011kms",Diesel,Manual,₹6.80 Lakh,bangalore
Skoda,Skoda Kushaq1.0 TSI Ambition BSVI,2022,"32,356kms",Petrol,Manual,₹8.49 Lakh,bangalore
Maruti,Maruti Vitara BrezzaZXI Plus AT,2022,"77,009kms",Petrol,Automatic,₹7.59 Lakh,bangalore
Maruti,Maruti Vitara BrezzaZDi,2019,"28,376kms",Diesel,Manual,₹8.23 Lakh,bangalore
Honda,Honda BR-VStyle Edition S,2018,"84,091kms",Petrol,Manual,₹6.47 Lakh,bangalore
Maruti,Maruti Wagon RAMT VXI,2016,"51,228kms",Petrol,Automatic,₹3.50 Lakh,bangalore
Skoda,Skoda Rapid1.0 TSI Ambition,2020,"38,988kms",Petrol,Manual,₹5.82 Lakh,bangalore
Maruti,Maruti Swift DzireAMT VXI,2018,"41,032kms",Petrol,Automatic,₹5.26 Lakh,bangalore
Renault,Renault KWIDRXT,2016,"48,861kms",Petrol,Manual,₹3.07 Lakh,bangalore
Honda,Honda JazzVX,2017,"1,10,412kms",Petrol,Manual,₹4.75 Lakh,bangalore
Tata,Tata ZestRevotron 1.2T XMS,2014,"76,499kms",Petrol,Manual,₹3.19 Lakh,bangalore
Honda,Honda AmazeS i-VTEC,2015,"64,083kms",Petrol,Manual,₹4.02 Lakh,bangalore
Skoda,Skoda Kushaq1.0 TSI Style BSVI,2021,"45,878kms",Petrol,Manual,₹10.70 Lakh,bangalore
Hyundai,Hyundai AlcazarPlatinum 7-Seater Diesel BSVI,2022,"80,331kms",Diesel,Manual,₹13.99 Lakh,bangalore
Hyundai,Hyundai i10Sportz,2013,"68,100kms",Petrol,Manual,₹2.85 Lakh,bangalore
Kia,Kia SeltosGTX Plus DCT,2020,"48,547kms",Petrol,Automatic,₹11.43 Lakh,bangalore
Hyundai,Hyundai VenueSX Turbo iMT,2020,"58,065kms",Petrol,Manual,₹6.46 Lakh,bangalore
Hyundai,Hyundai VenueS,2021,"48,742kms",Petrol,Manual,₹6.30 Lakh,bangalore
Maruti,Maruti Vitara BrezzaZDi Plus,2017,"74,011kms",Diesel,Manual,₹6.80 Lakh,bangalore
Skoda,Skoda Kushaq1.0 TSI Ambition BSVI,2022,"32,356kms",Petrol,Manual,₹8.49 Lakh,bangalore
Maruti,Maruti Baleno1.2 CVT Alpha,2020,"36,850kms",Petrol,Automatic,₹6.15 Lakh,bangalore
Maruti,Maruti ErtigaVXI AT,2021,"52,323kms",Petrol,Automatic,₹8.37 Lakh,bangalore
Honda,Honda AmazeVX i DTEC,2018,"29,472kms",Diesel,Manual,₹6.20 Lakh,bangalore
Honda,Honda BR-VStyle Edition S,2018,"84,091kms",Petrol,Manual,₹6.47 Lakh,bangalore
Hyundai,Hyundai Verna1.6 SX VTVT AT,2017,"1,04,328kms",Petrol,Automatic,₹7.60 Lakh,bangalore
Maruti,Maruti Wagon RAMT VXI,2016,"51,228kms",Petrol,Automatic,₹3.50 Lakh,bangalore
Skoda,Skoda Rapid1.0 TSI Ambition,2020,"38,988kms",Petrol,Manual,₹5.82 Lakh,bangalore
Maruti,Maruti Swift DzireAMT VXI,2018,"41,032kms",Petrol,Automatic,₹5.26 Lakh,bangalore
Renault,Renault KWIDRXT,2016,"48,861kms",Petrol,Manual,₹3.07 Lakh,bangalore
Honda,Honda JazzVX,2017,"1,10,412kms",Petrol,Manual,₹4.75 Lakh,bangalore
Tata,Tata ZestRevotron 1.2T XMS,2014,"76,499kms",Petrol,Manual,₹3.19 Lakh,bangalore
Honda,Honda AmazeS i-VTEC,2015,"64,083kms",Petrol,Manual,₹4.02 Lakh,bangalore
Skoda,Skoda Kushaq1.0 TSI Style BSVI,2021,"45,878kms",Petrol,Manual,₹10.70 Lakh,bangalore
Hyundai,Hyundai AlcazarPlatinum 7-Seater Diesel BSVI,2022,"80,331kms",Diesel,Manual,₹13.99 Lakh,bangalore
Kia,Kia SeltosGTX Plus DCT,2020,"48,547kms",Petrol,Automatic,₹11.43 Lakh,bangalore
Hyundai,Hyundai i10Sportz,2013,"68,100kms",Petrol,Manual,₹2.85 Lakh,bangalore
Honda,Honda AmazeVX i DTEC,2018,"29,472kms",Diesel,Manual,₹6.20 Lakh,bangalore
Hyundai,Hyundai Verna1.6 SX VTVT AT,2017,"1,04,328kms",Petrol,Automatic,₹7.60 Lakh,bangalore
Nissan,Nissan MagniteTurbo CVT XV BSVI,2022,"27,479kms",Petrol,Automatic,₹6.90 Lakh,bangalore
Hyundai,Hyundai VenueSX Turbo iMT,2020,"58,065kms",Petrol,Manual,₹6.46 Lakh,bangalore
Maruti,Maruti Vitara BrezzaZDi Plus,2017,"74,011kms",Diesel,Manual,₹6.80 Lakh,bangalore
Skoda,Skoda Kushaq1.0 TSI Ambition BSVI,2022,"32,356kms",Petrol,Manual,₹8.49 Lakh,bangalore
Maruti,Maruti Vitara BrezzaZXI Plus AT,2022,"77,009kms",Petrol,Automatic,₹7.59 Lakh,bangalore
Maruti,Maruti Vitara BrezzaZDi,2019,"28,376kms",Diesel,Manual,₹8.23 Lakh,bangalore
Honda,Honda BR-VStyle Edition S,2018,"84,091kms",Petrol,Manual,₹6.47 Lakh,bangalore
Maruti,Maruti Wagon RAMT VXI,2016,"51,228kms",Petrol,Automatic,₹3.50 Lakh,bangalore
Skoda,Skoda Rapid1.0 TSI Ambition,2020,"38,988kms",Petrol,Manual,₹5.82 Lakh,bangalore
Maruti,Maruti Swift DzireAMT VXI,2018,"41,032kms",Petrol,Automatic,₹5.26 Lakh,bangalore
Renault,Renault KWIDRXT,2016,"48,861kms",Petrol,Manual,₹3.07 Lakh,bangalore
Honda,Honda JazzVX,2017,"1,10,412kms",Petrol,Manual,₹4.75 Lakh,bangalore
Tata,Tata ZestRevotron 1.2T XMS,2014,"76,499kms",Petrol,Manual,₹3.19 Lakh,bangalore
Honda,Honda AmazeS i-VTEC,2015,"64,083kms",Petrol,Manual,₹4.02 Lakh,bangalore
Skoda,Skoda Kushaq1.0 TSI Style BSVI,2021,"45,878kms",Petrol,Manual,₹10.70 Lakh,bangalore
Hyundai,Hyundai AlcazarPlatinum 7-Seater Diesel BSVI,2022,"80,331kms",Diesel,Manual,₹13.99 Lakh,bangalore
Hyundai,Hyundai i10Sportz,2013,"68,100kms",Petrol,Manual,₹2.85 Lakh,bangalore
Kia,Kia SeltosGTX Plus DCT,2020,"48,547kms",Petrol,Automatic,₹11.43 Lakh,bangalore
Mahindra,Mahindra XUV500W10 2WD,2015,"77,461kms",Diesel,Manual,₹8.38 Lakh,bangalore
Kia,Kia SeltosHTX Diesel AT,2021,"62,178kms",Diesel,Automatic,₹9.54 Lakh,bangalore
Honda,Honda Amaze 2nd GenVX CVT,2023,"32,339kms",Petrol,Automatic,₹7.13 Lakh,bangalore
Hyundai,Hyundai Verna1.6 SX VTVT AT,2017,"1,04,328kms",Petrol,Automatic,₹7.60 Lakh,bangalore
Hyundai,Hyundai VenueSX Turbo iMT,2020,"58,065kms",Petrol,Manual,₹6.46 Lakh,bangalore
Maruti,Maruti Vitara BrezzaZDi Plus,2017,"74,011kms",Diesel,Manual,₹6.80 Lakh,bangalore
Skoda,Skoda Kushaq1.0 TSI Ambition BSVI,2022,"32,356kms",Petrol,Manual,₹8.49 Lakh,bangalore
Maruti,Maruti Vitara BrezzaZXI Plus AT,2022,"77,009kms",Petrol,Automatic,₹7.59 Lakh,bangalore
Maruti,Maruti Vitara BrezzaZDi,2019,"28,376kms",Diesel,Manual,₹8.23 Lakh,bangalore
Maruti,Maruti Wagon RAMT VXI,2016,"51,228kms",Petrol,Automatic,₹3.50 Lakh,bangalore
Skoda,Skoda Rapid1.0 TSI Ambition,2020,"38,988kms",Petrol,Manual,₹5.82 Lakh,bangalore
Maruti,Maruti Swift DzireAMT VXI,2018,"41,032kms",Petrol,Automatic,₹5.26 Lakh,bangalore
Renault,Renault KWIDRXT,2016,"48,861kms",Petrol,Manual,₹3.07 Lakh,bangalore
Honda,Honda JazzVX,2017,"1,10,412kms",Petrol,Manual,₹4.75 Lakh,bangalore
Honda,Honda AmazeS i-VTEC,2015,"64,083kms",Petrol,Manual,₹4.02 Lakh,bangalore
Tata,Tata ZestRevotron 1.2T XMS,2014,"76,499kms",Petrol,Manual,₹3.19 Lakh,bangalore
Hyundai,Hyundai AlcazarPlatinum 7-Seater Diesel BSVI,2022,"80,331kms",Diesel,Manual,₹13.99 Lakh,bangalore
Skoda,Skoda Kushaq1.0 TSI Style BSVI,2021,"45,878kms",Petrol,Manual,₹10.70 Lakh,bangalore
Kia,Kia SeltosGTX Plus DCT,2020,"48,547kms",Petrol,Automatic,₹11.43 Lakh,bangalore
Hyundai,Hyundai i10Sportz,2013,"68,100kms",Petrol,Manual,₹2.85 Lakh,bangalore
Hyundai,Hyundai VenueSX Turbo iMT,2020,"58,065kms",Petrol,Manual,₹6.46 Lakh,bangalore
Hyundai,Hyundai VenueS,2021,"48,742kms",Petrol,Manual,₹6.30 Lakh,bangalore
Maruti,Maruti Vitara BrezzaZDi Plus,2017,"74,011kms",Diesel,Manual,₹6.80 Lakh,bangalore
Skoda,Skoda Kushaq1.0 TSI Ambition BSVI,2022,"32,356kms",Petrol,Manual,₹8.49 Lakh,bangalore
Maruti,Maruti Baleno1.2 CVT Alpha,2020,"36,850kms",Petrol,Automatic,₹6.15 Lakh,bangalore
Maruti,Maruti ErtigaVXI AT,2021,"52,323kms",Petrol,Automatic,₹8.37 Lakh,bangalore
Honda,Honda AmazeVX i DTEC,2018,"29,472kms",Diesel,Manual,₹6.20 Lakh,bangalore
Honda,Honda BR-VStyle Edition S,2018,"84,091kms",Petrol,Manual,₹6.47 Lakh,bangalore
Hyundai,Hyundai Verna1.6 SX VTVT AT,2017,"1,04,328kms",Petrol,Automatic,₹7.60 Lakh,bangalore
Maruti,Maruti Wagon RAMT VXI,2016,"51,228kms",Petrol,Automatic,₹3.50 Lakh,bangalore
Skoda,Skoda Rapid1.0 TSI Ambition,2020,"38,988kms",Petrol,Manual,₹5.82 Lakh,bangalore
Maruti,Maruti Swift DzireAMT VXI,2018,"41,032kms",Petrol,Automatic,₹5.26 Lakh,bangalore
Renault,Renault KWIDRXT,2016,"48,861kms",Petrol,Manual,₹3.07 Lakh,bangalore
Honda,Honda JazzVX,2017,"1,10,412kms",Petrol,Manual,₹4.75 Lakh,bangalore
Tata,Tata ZestRevotron 1.2T XMS,2014,"76,499kms",Petrol,Manual,₹3.19 Lakh,bangalore
Honda,Honda AmazeS i-VTEC,2015,"64,083kms",Petrol,Manual,₹4.02 Lakh,bangalore
Skoda,Skoda Kushaq1.0 TSI Style BSVI,2021,"45,878kms",Petrol,Manual,₹10.70 Lakh,bangalore
Hyundai,Hyundai AlcazarPlatinum 7-Seater Diesel BSVI,2022,"80,331kms",Diesel,Manual,₹13.99 Lakh,bangalore
Kia,Kia SeltosGTX Plus DCT,2020,"48,547kms",Petrol,Automatic,₹11.43 Lakh,bangalore
Hyundai,Hyundai i10Sportz,2013,"68,100kms",Petrol,Manual,₹2.85 Lakh,bangalore
Hyundai,Hyundai VenueSX Turbo iMT,2020,"58,065kms",Petrol,Manual,₹6.46 Lakh,bangalore
Hyundai,Hyundai VenueS,2021,"48,742kms",Petrol,Manual,₹6.30 Lakh,bangalore
Maruti,Maruti Vitara BrezzaZDi Plus,2017,"74,011kms",Diesel,Manual,₹6.80 Lakh,bangalore
Skoda,Skoda Kushaq1.0 TSI Ambition BSVI,2022,"32,356kms",Petrol,Manual,₹8.49 Lakh,bangalore
Maruti,Maruti Baleno1.2 CVT Alpha,2020,"36,850kms",Petrol,Automatic,₹6.15 Lakh,bangalore
Maruti,Maruti ErtigaVXI AT,2021,"52,323kms",Petrol,Automatic,₹8.37 Lakh,bangalore
Honda,Honda AmazeVX i DTEC,2018,"29,472kms",Diesel,Manual,₹6.20 Lakh,bangalore
Honda,Honda BR-VStyle Edition S,2018,"84,091kms",Petrol,Manual,₹6.47 Lakh,bangalore
Hyundai,Hyundai Verna1.6 SX VTVT AT,2017,"1,04,328kms",Petrol,Automatic,₹7.60 Lakh,bangalore
Maruti,Maruti Wagon RAMT VXI,2016,"51,228kms",Petrol,Automatic,₹3.50 Lakh,bangalore
Skoda,Skoda Rapid1.0 TSI Ambition,2020,"38,988kms",Petrol,Manual,₹5.82 Lakh,bangalore
Maruti,Maruti Swift DzireAMT VXI,2018,"41,032kms",Petrol,Automatic,₹5.26 Lakh,bangalore
Renault,Renault KWIDRXT,2016,"48,861kms",Petrol,Manual,₹3.07 Lakh,bangalore
Honda,Honda JazzVX,2017,"1,10,412kms",Petrol,Manual,₹4.75 Lakh,bangalore
Tata,Tata ZestRevotron 1.2T XMS,2014,"76,499kms",Petrol,Manual,₹3.19 Lakh,bangalore
Honda,Honda AmazeS i-VTEC,2015,"64,083kms",Petrol,Manual,₹4.02 Lakh,bangalore
Skoda,Skoda Kushaq1.0 TSI Style BSVI,2021,"45,878kms",Petrol,Manual,₹10.70 Lakh,bangalore
Hyundai,Hyundai AlcazarPlatinum 7-Seater Diesel BSVI,2022,"80,331kms",Diesel,Manual,₹13.99 Lakh,bangalore
Kia,Kia SeltosGTX Plus DCT,2020,"48,547kms",Petrol,Automatic,₹11.43 Lakh,bangalore
Hyundai,Hyundai i10Sportz,2013,"68,100kms",Petrol,Manual,₹2.85 Lakh,bangalore
Honda,Honda AmazeVX i DTEC,2018,"29,472kms",Diesel,Manual,₹6.20 Lakh,bangalore
Hyundai,Hyundai Verna1.6 SX VTVT AT,2017,"1,04,328kms",Petrol,Automatic,₹7.60 Lakh,bangalore
Nissan,Nissan MagniteTurbo CVT XV BSVI,2022,"27,479kms",Petrol,Automatic,₹6.90 Lakh,bangalore
Hyundai,Hyundai VenueSX Turbo iMT,2020,"58,065kms",Petrol,Manual,₹6.46 Lakh,bangalore
Maruti,Maruti Vitara BrezzaZDi Plus,2017,"74,011kms",Diesel,Manual,₹6.80 Lakh,bangalore
Skoda,Skoda Kushaq1.0 TSI Ambition BSVI,2022,"32,356kms",Petrol,Manual,₹8.49 Lakh,bangalore
Maruti,Maruti Vitara BrezzaZXI Plus AT,2022,"77,009kms",Petrol,Automatic,₹7.59 Lakh,bangalore
Maruti,Maruti Vitara BrezzaZDi,2019,"28,376kms",Diesel,Manual,₹8.23 Lakh,bangalore
Honda,Honda BR-VStyle Edition S,2018,"84,091kms",Petrol,Manual,₹6.47 Lakh,bangalore
Maruti,Maruti Wagon RAMT VXI,2016,"51,228kms",Petrol,Automatic,₹3.50 Lakh,bangalore
Skoda,Skoda Rapid1.0 TSI Ambition,2020,"38,988kms",Petrol,Manual,₹5.82 Lakh,bangalore
Maruti,Maruti Swift DzireAMT VXI,2018,"41,032kms",Petrol,Automatic,₹5.26 Lakh,bangalore
Renault,Renault KWIDRXT,2016,"48,861kms",Petrol,Manual,₹3.07 Lakh,bangalore
Honda,Honda JazzVX,2017,"1,10,412kms",Petrol,Manual,₹4.75 Lakh,bangalore
Tata,Tata ZestRevotron 1.2T XMS,2014,"76,499kms",Petrol,Manual,₹3.19 Lakh,bangalore
Honda,Honda AmazeS i-VTEC,2015,"64,083kms",Petrol,Manual,₹4.02 Lakh,bangalore
Skoda,Skoda Kushaq1.0 TSI Style BSVI,2021,"45,878kms",Petrol,Manual,₹10.70 Lakh,bangalore
Hyundai,Hyundai AlcazarPlatinum 7-Seater Diesel BSVI,2022,"80,331kms",Diesel,Manual,₹13.99 Lakh,bangalore
Hyundai,Hyundai i10Sportz,2013,"68,100kms",Petrol,Manual,₹2.85 Lakh,bangalore
Kia,Kia SeltosGTX Plus DCT,2020,"48,547kms",Petrol,Automatic,₹11.43 Lakh,bangalore
Honda,Honda AmazeVX i DTEC,2018,"29,472kms",Diesel,Manual,₹6.20 Lakh,bangalore
Hyundai,Hyundai Verna1.6 SX VTVT AT,2017,"1,04,328kms",Petrol,Automatic,₹7.60 Lakh,bangalore
Nissan,Nissan MagniteTurbo CVT XV BSVI,2022,"27,479kms",Petrol,Automatic,₹6.90 Lakh,bangalore
Hyundai,Hyundai VenueSX Turbo iMT,2020,"58,065kms",Petrol,Manual,₹6.46 Lakh,bangalore
Maruti,Maruti Vitara BrezzaZDi Plus,2017,"74,011kms",Diesel,Manual,₹6.80 Lakh,bangalore
Skoda,Skoda Kushaq1.0 TSI Ambition BSVI,2022,"32,356kms",Petrol,Manual,₹8.49 Lakh,bangalore
Maruti,Maruti Vitara BrezzaZXI Plus AT,2022,"77,009kms",Petrol,Automatic,₹7.59 Lakh,bangalore
Maruti,Maruti Vitara BrezzaZDi,2019,"28,376kms",Diesel,Manual,₹8.23 Lakh,bangalore
Honda,Honda BR-VStyle Edition S,2018,"84,091kms",Petrol,Manual,₹6.47 Lakh,bangalore
Maruti,Maruti Wagon RAMT VXI,2016,"51,228kms",Petrol,Automatic,₹3.50 Lakh,bangalore
Skoda,Skoda Rapid1.0 TSI Ambition,2020,"38,988kms",Petrol,Manual,₹5.82 Lakh,bangalore
Maruti,Maruti Swift DzireAMT VXI,2018,"41,032kms",Petrol,Automatic,₹5.26 Lakh,bangalore
Renault,Renault KWIDRXT,2016,"48,861kms",Petrol,Manual,₹3.07 Lakh,bangalore
Honda,Honda JazzVX,2017,"1,10,412kms",Petrol,Manual,₹4.75 Lakh,bangalore
Tata,Tata ZestRevotron 1.2T XMS,2014,"76,499kms",Petrol,Manual,₹3.19 Lakh,bangalore
Honda,Honda AmazeS i-VTEC,2015,"64,083kms",Petrol,Manual,₹4.02 Lakh,bangalore
Skoda,Skoda Kushaq1.0 TSI Style BSVI,2021,"45,878kms",Petrol,Manual,₹10.70 Lakh,bangalore
Hyundai,Hyundai AlcazarPlatinum 7-Seater Diesel BSVI,2022,"80,331kms",Diesel,Manual,₹13.99 Lakh,bangalore
Hyundai,Hyundai i10Sportz,2013,"68,100kms",Petrol,Manual,₹2.85 Lakh,bangalore
Kia,Kia SeltosGTX Plus DCT,2020,"48,547kms",Petrol,Automatic,₹11.43 Lakh,bangalore
Honda,Honda AmazeVX i DTEC,2018,"29,472kms",Diesel,Manual,₹6.20 Lakh,bangalore
Hyundai,Hyundai Verna1.6 SX VTVT AT,2017,"1,04,328kms",Petrol,Automatic,₹7.60 Lakh,bangalore
Nissan,Nissan MagniteTurbo CVT XV BSVI,2022,"27,479kms",Petrol,Automatic,₹6.90 Lakh,bangalore
Hyundai,Hyundai VenueSX Turbo iMT,2020,"58,065kms",Petrol,Manual,₹6.46 Lakh,bangalore
Maruti,Maruti Vitara BrezzaZDi Plus,2017,"74,011kms",Diesel,Manual,₹6.80 Lakh,bangalore
Skoda,Skoda Kushaq1.0 TSI Ambition BSVI,2022,"32,356kms",Petrol,Manual,₹8.49 Lakh,bangalore
Maruti,Maruti Vitara BrezzaZXI Plus AT,2022,"77,009kms",Petrol,Automatic,₹7.59 Lakh,bangalore
Maruti,Maruti Vitara BrezzaZDi,2019,"28,376kms",Diesel,Manual,₹8.23 Lakh,bangalore
Honda,Honda BR-VStyle Edition S,2018,"84,091kms",Petrol,Manual,₹6.47 Lakh,bangalore
Maruti,Maruti Wagon RAMT VXI,2016,"51,228kms",Petrol,Automatic,₹3.50 Lakh,bangalore
Skoda,Skoda Rapid1.0 TSI Ambition,2020,"38,988kms",Petrol,Manual,₹5.82 Lakh,bangalore
Maruti,Maruti Swift DzireAMT VXI,2018,"41,032kms",Petrol,Automatic,₹5.26 Lakh,bangalore
Renault,Renault KWIDRXT,2016,"48,861kms",Petrol,Manual,₹3.07 Lakh,bangalore
Honda,Honda JazzVX,2017,"1,10,412kms",Petrol,Manual,₹4.75 Lakh,bangalore
Tata,Tata ZestRevotron 1.2T XMS,2014,"76,499kms",Petrol,Manual,₹3.19 Lakh,bangalore
Honda,Honda AmazeS i-VTEC,2015,"64,083kms",Petrol,Manual,₹4.02 Lakh,bangalore
Skoda,Skoda Kushaq1.0 TSI Style BSVI,2021,"45,878kms",Petrol,Manual,₹10.70 Lakh,bangalore
Hyundai,Hyundai AlcazarPlatinum 7-Seater Diesel BSVI,2022,"80,331kms",Diesel,Manual,₹13.99 Lakh,bangalore
Hyundai,Hyundai i10Sportz,2013,"68,100kms",Petrol,Manual,₹2.85 Lakh,bangalore
Kia,Kia SeltosGTX Plus DCT,2020,"48,547kms",Petrol,Automatic,₹11.43 Lakh,bangalore
Hyundai,Hyundai VenueSX Turbo iMT,2020,"58,065kms",Petrol,Manual,₹6.46 Lakh,bangalore
Hyundai,Hyundai VenueS,2021,"48,742kms",Petrol,Manual,₹6.30 Lakh,bangalore
Maruti,Maruti Vitara BrezzaZDi Plus,2017,"74,011kms",Diesel,Manual,₹6.80 Lakh,bangalore
Skoda,Skoda Kushaq1.0 TSI Ambition BSVI,2022,"32,356kms",Petrol,Manual,₹8.49 Lakh,bangalore
Maruti,Maruti Baleno1.2 CVT Alpha,2020,"36,850kms",Petrol,Automatic,₹6.15 Lakh,bangalore
Maruti,Maruti ErtigaVXI AT,2021,"52,323kms",Petrol,Automatic,₹8.37 Lakh,bangalore
Honda,Honda AmazeVX i DTEC,2018,"29,472kms",Diesel,Manual,₹6.20 Lakh,bangalore
Honda,Honda BR-VStyle Edition S,2018,"84,091kms",Petrol,Manual,₹6.47 Lakh,bangalore
Hyundai,Hyundai Verna1.6 SX VTVT AT,2017,"1,04,328kms",Petrol,Automatic,₹7.60 Lakh,bangalore
Maruti,Maruti Wagon RAMT VXI,2016,"51,228kms",Petrol,Automatic,₹3.50 Lakh,bangalore
Skoda,Skoda Rapid1.0 TSI Ambition,2020,"38,988kms",Petrol,Manual,₹5.82 Lakh,bangalore
Maruti,Maruti Swift DzireAMT VXI,2018,"41,032kms",Petrol,Automatic,₹5.26 Lakh,bangalore
Renault,Renault KWIDRXT,2016,"48,861kms",Petrol,Manual,₹3.07 Lakh,bangalore
Honda,Honda JazzVX,2017,"1,10,412kms",Petrol,Manual,₹4.75 Lakh,bangalore
Tata,Tata ZestRevotron 1.2T XMS,2014,"76,499kms",Petrol,Manual,₹3.19 Lakh,bangalore
Honda,Honda AmazeS i-VTEC,2015,"64,083kms",Petrol,Manual,₹4.02 Lakh,bangalore
Skoda,Skoda Kushaq1.0 TSI Style BSVI,2021,"45,878kms",Petrol,Manual,₹10.70 Lakh,bangalore
Hyundai,Hyundai AlcazarPlatinum 7-Seater Diesel BSVI,2022,"80,331kms",Diesel,Manual,₹13.99 Lakh,bangalore
Kia,Kia SeltosGTX Plus DCT,2020,"48,547kms",Petrol,Automatic,₹11.43 Lakh,bangalore
Hyundai,Hyundai i10Sportz,2013,"68,100kms",Petrol,Manual,₹2.85 Lakh,bangalore
Hyundai,Hyundai VenueSX Turbo iMT,2020,"58,065kms",Petrol,Manual,₹6.46 Lakh,bangalore
Hyundai,Hyundai VenueS,2021,"48,742kms",Petrol,Manual,₹6.30 Lakh,bangalore
Maruti,Maruti Vitara BrezzaZDi Plus,2017,"74,011kms",Diesel,Manual,₹6.80 Lakh,bangalore
Skoda,Skoda Kushaq1.0 TSI Ambition BSVI,2022,"32,356kms",Petrol,Manual,₹8.49 Lakh,bangalore
Maruti,Maruti Baleno1.2 CVT Alpha,2020,"36,850kms",Petrol,Automatic,₹6.15 Lakh,bangalore
Maruti,Maruti ErtigaVXI AT,2021,"52,323kms",Petrol,Automatic,₹8.37 Lakh,bangalore
Honda,Honda AmazeVX i DTEC,2018,"29,472kms",Diesel,Manual,₹6.20 Lakh,bangalore
Honda,Honda BR-VStyle Edition S,2018,"84,091kms",Petrol,Manual,₹6.47 Lakh,bangalore
Hyundai,Hyundai Verna1.6 SX VTVT AT,2017,"1,04,328kms",Petrol,Automatic,₹7.60 Lakh,bangalore
Maruti,Maruti Wagon RAMT VXI,2016,"51,228kms",Petrol,Automatic,₹3.50 Lakh,bangalore
Skoda,Skoda Rapid1.0 TSI Ambition,2020,"38,988kms",Petrol,Manual,₹5.82 Lakh,bangalore
Maruti,Maruti Swift DzireAMT VXI,2018,"41,032kms",Petrol,Automatic,₹5.26 Lakh,bangalore
Renault,Renault KWIDRXT,2016,"48,861kms",Petrol,Manual,₹3.07 Lakh,bangalore
Honda,Honda JazzVX,2017,"1,10,412kms",Petrol,Manual,₹4.75 Lakh,bangalore
Tata,Tata ZestRevotron 1.2T XMS,2014,"76,499kms",Petrol,Manual,₹3.19 Lakh,bangalore
Honda,Honda AmazeS i-VTEC,2015,"64,083kms",Petrol,Manual,₹4.02 Lakh,bangalore
Skoda,Skoda Kushaq1.0 TSI Style BSVI,2021,"45,878kms",Petrol,Manual,₹10.70 Lakh,bangalore
Hyundai,Hyundai AlcazarPlatinum 7-Seater Diesel BSVI,2022,"80,331kms",Diesel,Manual,₹13.99 Lakh,bangalore
Kia,Kia SeltosGTX Plus DCT,2020,"48,547kms",Petrol,Automatic,₹11.43 Lakh,bangalore
Hyundai,Hyundai i10Sportz,2013,"68,100kms",Petrol,Manual,₹2.85 Lakh,bangalore
Honda,Honda AmazeVX i DTEC,2018,"29,472kms",Diesel,Manual,₹6.20 Lakh,bangalore
Hyundai,Hyundai Verna1.6 SX VTVT AT,2017,"1,04,328kms",Petrol,Automatic,₹7.60 Lakh,bangalore
Nissan,Nissan MagniteTurbo CVT XV BSVI,2022,"27,479kms",Petrol,Automatic,₹6.90 Lakh,bangalore
Hyundai,Hyundai VenueSX Turbo iMT,2020,"58,065kms",Petrol,Manual,₹6.46 Lakh,bangalore
Maruti,Maruti Vitara BrezzaZDi Plus,2017,"74,011kms",Diesel,Manual,₹6.80 Lakh,bangalore
Skoda,Skoda Kushaq1.0 TSI Ambition BSVI,2022,"32,356kms",Petrol,Manual,₹8.49 Lakh,bangalore
Maruti,Maruti Vitara BrezzaZXI Plus AT,2022,"77,009kms",Petrol,Automatic,₹7.59 Lakh,bangalore
Maruti,Maruti Vitara BrezzaZDi,2019,"28,376kms",Diesel,Manual,₹8.23 Lakh,bangalore
Honda,Honda BR-VStyle Edition S,2018,"84,091kms",Petrol,Manual,₹6.47 Lakh,bangalore
Maruti,Maruti Wagon RAMT VXI,2016,"51,228kms",Petrol,Automatic,₹3.50 Lakh,bangalore
Skoda,Skoda Rapid1.0 TSI Ambition,2020,"38,988kms",Petrol,Manual,₹5.82 Lakh,bangalore
Maruti,Maruti Swift DzireAMT VXI,2018,"41,032kms",Petrol,Automatic,₹5.26 Lakh,bangalore
Renault,Renault KWIDRXT,2016,"48,861kms",Petrol,Manual,₹3.07 Lakh,bangalore
Honda,Honda JazzVX,2017,"1,10,412kms",Petrol,Manual,₹4.75 Lakh,bangalore
Tata,Tata ZestRevotron 1.2T XMS,2014,"76,499kms",Petrol,Manual,₹3.19 Lakh,bangalore
Honda,Honda AmazeS i-VTEC,2015,"64,083kms",Petrol,Manual,₹4.02 Lakh,bangalore
Skoda,Skoda Kushaq1.0 TSI Style BSVI,2021,"45,878kms",Petrol,Manual,₹10.70 Lakh,bangalore
Hyundai,Hyundai AlcazarPlatinum 7-Seater Diesel BSVI,2022,"80,331kms",Diesel,Manual,₹13.99 Lakh,bangalore
Hyundai,Hyundai i10Sportz,2013,"68,100kms",Petrol,Manual,₹2.85 Lakh,bangalore
Kia,Kia SeltosGTX Plus DCT,2020,"48,547kms",Petrol,Automatic,₹11.43 Lakh,bangalore
Honda,Honda AmazeVX i DTEC,2018,"29,472kms",Diesel,Manual,₹6.20 Lakh,bangalore
Hyundai,Hyundai Verna1.6 SX VTVT AT,2017,"1,04,328kms",Petrol,Automatic,₹7.60 Lakh,bangalore
Nissan,Nissan MagniteTurbo CVT XV BSVI,2022,"27,479kms",Petrol,Automatic,₹6.90 Lakh,bangalore
Hyundai,Hyundai VenueSX Turbo iMT,2020,"58,065kms",Petrol,Manual,₹6.46 Lakh,bangalore
Maruti,Maruti Vitara BrezzaZDi Plus,2017,"74,011kms",Diesel,Manual,₹6.80 Lakh,bangalore
Skoda,Skoda Kushaq1.0 TSI Ambition BSVI,2022,"32,356kms",Petrol,Manual,₹8.49 Lakh,bangalore
Maruti,Maruti Vitara BrezzaZXI Plus AT,2022,"77,009kms",Petrol,Automatic,₹7.59 Lakh,bangalore
Maruti,Maruti Vitara BrezzaZDi,2019,"28,376kms",Diesel,Manual,₹8.23 Lakh,bangalore
Honda,Honda BR-VStyle Edition S,2018,"84,091kms",Petrol,Manual,₹6.47 Lakh,bangalore
Maruti,Maruti Wagon RAMT VXI,2016,"51,228kms",Petrol,Automatic,₹3.50 Lakh,bangalore
Skoda,Skoda Rapid1.0 TSI Ambition,2020,"38,988kms",Petrol,Manual,₹5.82 Lakh,bangalore
Maruti,Maruti Swift DzireAMT VXI,2018,"41,032kms",Petrol,Automatic,₹5.26 Lakh,bangalore
Renault,Renault KWIDRXT,2016,"48,861kms",Petrol,Manual,₹3.07 Lakh,bangalore
Honda,Honda JazzVX,2017,"1,10,412kms",Petrol,Manual,₹4.75 Lakh,bangalore
Tata,Tata ZestRevotron 1.2T XMS,2014,"76,499kms",Petrol,Manual,₹3.19 Lakh,bangalore
Honda,Honda AmazeS i-VTEC,2015,"64,083kms",Petrol,Manual,₹4.02 Lakh,bangalore
Skoda,Skoda Kushaq1.0 TSI Style BSVI,2021,"45,878kms",Petrol,Manual,₹10.70 Lakh,bangalore
Hyundai,Hyundai AlcazarPlatinum 7-Seater Diesel BSVI,2022,"80,331kms",Diesel,Manual,₹13.99 Lakh,bangalore
Hyundai,Hyundai i10Sportz,2013,"68,100kms",Petrol,Manual,₹2.85 Lakh,bangalore
Kia,Kia SeltosGTX Plus DCT,2020,"48,547kms",Petrol,Automatic,₹11.43 Lakh,bangalore
Mahindra,Mahindra XUV500W10 2WD,2015,"77,461kms",Diesel,Manual,₹8.38 Lakh,bangalore
Kia,Kia SeltosHTX Diesel AT,2021,"62,178kms",Diesel,Automatic,₹9.54 Lakh,bangalore
Honda,Honda Amaze 2nd GenVX CVT,2023,"32,339kms",Petrol,Automatic,₹7.13 Lakh,bangalore
Hyundai,Hyundai Verna1.6 SX VTVT AT,2017,"1,04,328kms",Petrol,Automatic,₹7.60 Lakh,bangalore
Hyundai,Hyundai VenueSX Turbo iMT,2020,"58,065kms",Petrol,Manual,₹6.46 Lakh,bangalore
Maruti,Maruti Vitara BrezzaZDi Plus,2017,"74,011kms",Diesel,Manual,₹6.80 Lakh,bangalore
Skoda,Skoda Kushaq1.0 TSI Ambition BSVI,2022,"32,356kms",Petrol,Manual,₹8.49 Lakh,bangalore
Maruti,Maruti Vitara BrezzaZXI Plus AT,2022,"77,009kms",Petrol,Automatic,₹7.59 Lakh,bangalore
Maruti,Maruti Vitara BrezzaZDi,2019,"28,376kms",Diesel,Manual,₹8.23 Lakh,bangalore
Maruti,Maruti Wagon RAMT VXI,2016,"51,228kms",Petrol,Automatic,₹3.50 Lakh,bangalore
Skoda,Skoda Rapid1.0 TSI Ambition,2020,"38,988kms",Petrol,Manual,₹5.82 Lakh,bangalore
Maruti,Maruti Swift DzireAMT VXI,2018,"41,032kms",Petrol,Automatic,₹5.26 Lakh,bangalore
Renault,Renault KWIDRXT,2016,"48,861kms",Petrol,Manual,₹3.07 Lakh,bangalore
Honda,Honda JazzVX,2017,"1,10,412kms",Petrol,Manual,₹4.75 Lakh,bangalore
Honda,Honda AmazeS i-VTEC,2015,"64,083kms",Petrol,Manual,₹4.02 Lakh,bangalore
Tata,Tata ZestRevotron 1.2T XMS,2014,"76,499kms",Petrol,Manual,₹3.19 Lakh,bangalore
Hyundai,Hyundai AlcazarPlatinum 7-Seater Diesel BSVI,2022,"80,331kms",Diesel,Manual,₹13.99 Lakh,bangalore
Skoda,Skoda Kushaq1.0 TSI Style BSVI,2021,"45,878kms",Petrol,Manual,₹10.70 Lakh,bangalore
Kia,Kia SeltosGTX Plus DCT,2020,"48,547kms",Petrol,Automatic,₹11.43 Lakh,bangalore
Hyundai,Hyundai i10Sportz,2013,"68,100kms",Petrol,Manual,₹2.85 Lakh,bangalore
Honda,Honda AmazeVX i DTEC,2018,"29,472kms",Diesel,Manual,₹6.20 Lakh,bangalore
Hyundai,Hyundai Verna1.6 SX VTVT AT,2017,"1,04,328kms",Petrol,Automatic,₹7.60 Lakh,bangalore
Nissan,Nissan MagniteTurbo CVT XV BSVI,2022,"27,479kms",Petrol,Automatic,₹6.90 Lakh,bangalore
Hyundai,Hyundai VenueSX Turbo iMT,2020,"58,065kms",Petrol,Manual,₹6.46 Lakh,bangalore
Maruti,Maruti Vitara BrezzaZDi Plus,2017,"74,011kms",Diesel,Manual,₹6.80 Lakh,bangalore
Skoda,Skoda Kushaq1.0 TSI Ambition BSVI,2022,"32,356kms",Petrol,Manual,₹8.49 Lakh,bangalore
Maruti,Maruti Vitara BrezzaZXI Plus AT,2022,"77,009kms",Petrol,Automatic,₹7.59 Lakh,bangalore
Maruti,Maruti Vitara BrezzaZDi,2019,"28,376kms",Diesel,Manual,₹8.23 Lakh,bangalore
Honda,Honda BR-VStyle Edition S,2018,"84,091kms",Petrol,Manual,₹6.47 Lakh,bangalore
Maruti,Maruti Wagon RAMT VXI,2016,"51,228kms",Petrol,Automatic,₹3.50 Lakh,bangalore
Skoda,Skoda Rapid1.0 TSI Ambition,2020,"38,988kms",Petrol,Manual,₹5.82 Lakh,bangalore
Maruti,Maruti Swift DzireAMT VXI,2018,"41,032kms",Petrol,Automatic,₹5.26 Lakh,bangalore
Renault,Renault KWIDRXT,2016,"48,861kms",Petrol,Manual,₹3.07 Lakh,bangalore
Honda,Honda JazzVX,2017,"1,10,412kms",Petrol,Manual,₹4.75 Lakh,bangalore
Tata,Tata ZestRevotron 1.2T XMS,2014,"76,499kms",Petrol,Manual,₹3.19 Lakh,bangalore
Honda,Honda AmazeS i-VTEC,2015,"64,083kms",Petrol,Manual,₹4.02 Lakh,bangalore
Skoda,Skoda Kushaq1.0 TSI Style BSVI,2021,"45,878kms",Petrol,Manual,₹10.70 Lakh,bangalore
Hyundai,Hyundai AlcazarPlatinum 7-Seater Diesel BSVI,2022,"80,331kms",Diesel,Manual,₹13.99 Lakh,bangalore
Hyundai,Hyundai i10Sportz,2013,"68,100kms",Petrol,Manual,₹2.85 Lakh,bangalore
Kia,Kia SeltosGTX Plus DCT,2020,"48,547kms",Petrol,Automatic,₹11.43 Lakh,bangalore
Mahindra,Mahindra XUV500W10 2WD,2015,"77,461kms",Diesel,Manual,₹8.38 Lakh,bangalore
Kia,Kia SeltosHTX Diesel AT,2021,"62,178kms",Diesel,Automatic,₹9.54 Lakh,bangalore
Honda,Honda Amaze 2nd GenVX CVT,2023,"32,339kms",Petrol,Automatic,₹7.13 Lakh,bangalore
Hyundai,Hyundai Verna1.6 SX VTVT AT,2017,"1,04,328kms",Petrol,Automatic,₹7.60 Lakh,bangalore
Hyundai,Hyundai VenueSX Turbo iMT,2020,"58,065kms",Petrol,Manual,₹6.46 Lakh,bangalore
Maruti,Maruti Vitara BrezzaZDi Plus,2017,"74,011kms",Diesel,Manual,₹6.80 Lakh,bangalore
Skoda,Skoda Kushaq1.0 TSI Ambition BSVI,2022,"32,356kms",Petrol,Manual,₹8.49 Lakh,bangalore
Maruti,Maruti Vitara BrezzaZXI Plus AT,2022,"77,009kms",Petrol,Automatic,₹7.59 Lakh,bangalore
Maruti,Maruti Vitara BrezzaZDi,2019,"28,376kms",Diesel,Manual,₹8.23 Lakh,bangalore
Maruti,Maruti Wagon RAMT VXI,2016,"51,228kms",Petrol,Automatic,₹3.50 Lakh,bangalore
Skoda,Skoda Rapid1.0 TSI Ambition,2020,"38,988kms",Petrol,Manual,₹5.82 Lakh,bangalore
Maruti,Maruti Swift DzireAMT VXI,2018,"41,032kms",Petrol,Automatic,₹5.26 Lakh,bangalore
Renault,Renault KWIDRXT,2016,"48,861kms",Petrol,Manual,₹3.07 Lakh,bangalore
Honda,Honda JazzVX,2017,"1,10,412kms",Petrol,Manual,₹4.75 Lakh,bangalore
Honda,Honda AmazeS i-VTEC,2015,"64,083kms",Petrol,Manual,₹4.02 Lakh,bangalore
Tata,Tata ZestRevotron 1.2T XMS,2014,"76,499kms",Petrol,Manual,₹3.19 Lakh,bangalore
Hyundai,Hyundai AlcazarPlatinum 7-Seater Diesel BSVI,2022,"80,331kms",Diesel,Manual,₹13.99 Lakh,bangalore
Skoda,Skoda Kushaq1.0 TSI Style BSVI,2021,"45,878kms",Petrol,Manual,₹10.70 Lakh,bangalore
Kia,Kia SeltosGTX Plus DCT,2020,"48,547kms",Petrol,Automatic,₹11.43 Lakh,bangalore
Hyundai,Hyundai i10Sportz,2013,"68,100kms",Petrol,Manual,₹2.85 Lakh,bangalore
Hyundai,Hyundai VenueSX Turbo iMT,2020,"58,065kms",Petrol,Manual,₹6.46 Lakh,bangalore
Hyundai,Hyundai VenueS,2021,"48,742kms",Petrol,Manual,₹6.30 Lakh,bangalore
Maruti,Maruti Vitara BrezzaZDi Plus,2017,"74,011kms",Diesel,Manual,₹6.80 Lakh,bangalore
Skoda,Skoda Kushaq1.0 TSI Ambition BSVI,2022,"32,356kms",Petrol,Manual,₹8.49 Lakh,bangalore
Maruti,Maruti Baleno1.2 CVT Alpha,2020,"36,850kms",Petrol,Automatic,₹6.15 Lakh,bangalore
Maruti,Maruti ErtigaVXI AT,2021,"52,323kms",Petrol,Automatic,₹8.37 Lakh,bangalore
Honda,Honda AmazeVX i DTEC,2018,"29,472kms",Diesel,Manual,₹6.20 Lakh,bangalore
Honda,Honda BR-VStyle Edition S,2018,"84,091kms",Petrol,Manual,₹6.47 Lakh,bangalore
Hyundai,Hyundai Verna1.6 SX VTVT AT,2017,"1,04,328kms",Petrol,Automatic,₹7.60 Lakh,bangalore
Maruti,Maruti Wagon RAMT VXI,2016,"51,228kms",Petrol,Automatic,₹3.50 Lakh,bangalore
Skoda,Skoda Rapid1.0 TSI Ambition,2020,"38,988kms",Petrol,Manual,₹5.82 Lakh,bangalore
Maruti,Maruti Swift DzireAMT VXI,2018,"41,032kms",Petrol,Automatic,₹5.26 Lakh,bangalore
Renault,Renault KWIDRXT,2016,"48,861kms",Petrol,Manual,₹3.07 Lakh,bangalore
Honda,Honda JazzVX,2017,"1,10,412kms",Petrol,Manual,₹4.75 Lakh,bangalore
Tata,Tata ZestRevotron 1.2T XMS,2014,"76,499kms",Petrol,Manual,₹3.19 Lakh,bangalore
Honda,Honda AmazeS i-VTEC,2015,"64,083kms",Petrol,Manual,₹4.02 Lakh,bangalore
Skoda,Skoda Kushaq1.0 TSI Style BSVI,2021,"45,878kms",Petrol,Manual,₹10.70 Lakh,bangalore
Hyundai,Hyundai AlcazarPlatinum 7-Seater Diesel BSVI,2022,"80,331kms",Diesel,Manual,₹13.99 Lakh,bangalore
Kia,Kia SeltosGTX Plus DCT,2020,"48,547kms",Petrol,Automatic,₹11.43 Lakh,bangalore
Hyundai,Hyundai i10Sportz,2013,"68,100kms",Petrol,Manual,₹2.85 Lakh,bangalore
Hyundai,Hyundai VenueSX Turbo iMT,2020,"58,065kms",Petrol,Manual,₹6.46 Lakh,bangalore
Hyundai,Hyundai VenueS,2021,"48,742kms",Petrol,Manual,₹6.30 Lakh,bangalore
Maruti,Maruti Vitara BrezzaZDi Plus,2017,"74,011kms",Diesel,Manual,₹6.80 Lakh,bangalore
Skoda,Skoda Kushaq1.0 TSI Ambition BSVI,2022,"32,356kms",Petrol,Manual,₹8.49 Lakh,bangalore
Maruti,Maruti Baleno1.2 CVT Alpha,2020,"36,850kms",Petrol,Automatic,₹6.15 Lakh,bangalore
Maruti,Maruti ErtigaVXI AT,2021,"52,323kms",Petrol,Automatic,₹8.37 Lakh,bangalore
Honda,Honda AmazeVX i DTEC,2018,"29,472kms",Diesel,Manual,₹6.20 Lakh,bangalore
Honda,Honda BR-VStyle Edition S,2018,"84,091kms",Petrol,Manual,₹6.47 Lakh,bangalore
Hyundai,Hyundai Verna1.6 SX VTVT AT,2017,"1,04,328kms",Petrol,Automatic,₹7.60 Lakh,bangalore
Maruti,Maruti Wagon RAMT VXI,2016,"51,228kms",Petrol,Automatic,₹3.50 Lakh,bangalore
Skoda,Skoda Rapid1.0 TSI Ambition,2020,"38,988kms",Petrol,Manual,₹5.82 Lakh,bangalore
Maruti,Maruti Swift DzireAMT VXI,2018,"41,032kms",Petrol,Automatic,₹5.26 Lakh,bangalore
Renault,Renault KWIDRXT,2016,"48,861kms",Petrol,Manual,₹3.07 Lakh,bangalore
Honda,Honda JazzVX,2017,"1,10,412kms",Petrol,Manual,₹4.75 Lakh,bangalore
Tata,Tata ZestRevotron 1.2T XMS,2014,"76,499kms",Petrol,Manual,₹3.19 Lakh,bangalore
Honda,Honda AmazeS i-VTEC,2015,"64,083kms",Petrol,Manual,₹4.02 Lakh,bangalore
Skoda,Skoda Kushaq1.0 TSI Style BSVI,2021,"45,878kms",Petrol,Manual,₹10.70 Lakh,bangalore
Hyundai,Hyundai AlcazarPlatinum 7-Seater Diesel BSVI,2022,"80,331kms",Diesel,Manual,₹13.99 Lakh,bangalore
Kia,Kia SeltosGTX Plus DCT,2020,"48,547kms",Petrol,Automatic,₹11.43 Lakh,bangalore
Hyundai,Hyundai i10Sportz,2013,"68,100kms",Petrol,Manual,₹2.85 Lakh,bangalore
Mahindra,Mahindra XUV500W10 2WD,2015,"77,461kms",Diesel,Manual,₹8.38 Lakh,bangalore
Kia,Kia SeltosHTX Diesel AT,2021,"62,178kms",Diesel,Automatic,₹9.54 Lakh,bangalore
Honda,Honda Amaze 2nd GenVX CVT,2023,"32,339kms",Petrol,Automatic,₹7.13 Lakh,bangalore
Hyundai,Hyundai Verna1.6 SX VTVT AT,2017,"1,04,328kms",Petrol,Automatic,₹7.60 Lakh,bangalore
Hyundai,Hyundai VenueSX Turbo iMT,2020,"58,065kms",Petrol,Manual,₹6.46 Lakh,bangalore
Maruti,Maruti Vitara BrezzaZDi Plus,2017,"74,011kms",Diesel,Manual,₹6.80 Lakh,bangalore
Skoda,Skoda Kushaq1.0 TSI Ambition BSVI,2022,"32,356kms",Petrol,Manual,₹8.49 Lakh,bangalore
Maruti,Maruti Vitara BrezzaZXI Plus AT,2022,"77,009kms",Petrol,Automatic,₹7.59 Lakh,bangalore
Maruti,Maruti Vitara BrezzaZDi,2019,"28,376kms",Diesel,Manual,₹8.23 Lakh,bangalore
Maruti,Maruti Wagon RAMT VXI,2016,"51,228kms",Petrol,Automatic,₹3.50 Lakh,bangalore
Skoda,Skoda Rapid1.0 TSI Ambition,2020,"38,988kms",Petrol,Manual,₹5.82 Lakh,bangalore
Maruti,Maruti Swift DzireAMT VXI,2018,"41,032kms",Petrol,Automatic,₹5.26 Lakh,bangalore
Renault,Renault KWIDRXT,2016,"48,861kms",Petrol,Manual,₹3.07 Lakh,bangalore
Honda,Honda JazzVX,2017,"1,10,412kms",Petrol,Manual,₹4.75 Lakh,bangalore
Honda,Honda AmazeS i-VTEC,2015,"64,083kms",Petrol,Manual,₹4.02 Lakh,bangalore
Tata,Tata ZestRevotron 1.2T XMS,2014,"76,499kms",Petrol,Manual,₹3.19 Lakh,bangalore
Hyundai,Hyundai AlcazarPlatinum 7-Seater Diesel BSVI,2022,"80,331kms",Diesel,Manual,₹13.99 Lakh,bangalore
Skoda,Skoda Kushaq1.0 TSI Style BSVI,2021,"45,878kms",Petrol,Manual,₹10.70 Lakh,bangalore
Kia,Kia SeltosGTX Plus DCT,2020,"48,547kms",Petrol,Automatic,₹11.43 Lakh,bangalore
Hyundai,Hyundai i10Sportz,2013,"68,100kms",Petrol,Manual,₹2.85 Lakh,bangalore
Mahindra,Mahindra XUV500W10 2WD,2015,"77,461kms",Diesel,Manual,₹8.38 Lakh,bangalore
Kia,Kia SeltosHTX Diesel AT,2021,"62,178kms",Diesel,Automatic,₹9.54 Lakh,bangalore
Honda,Honda Amaze 2nd GenVX CVT,2023,"32,339kms",Petrol,Automatic,₹7.13 Lakh,bangalore
Hyundai,Hyundai Verna1.6 SX VTVT AT,2017,"1,04,328kms",Petrol,Automatic,₹7.60 Lakh,bangalore
Hyundai,Hyundai VenueSX Turbo iMT,2020,"58,065kms",Petrol,Manual,₹6.46 Lakh,bangalore
Maruti,Maruti Vitara BrezzaZDi Plus,2017,"74,011kms",Diesel,Manual,₹6.80 Lakh,bangalore
Skoda,Skoda Kushaq1.0 TSI Ambition BSVI,2022,"32,356kms",Petrol,Manual,₹8.49 Lakh,bangalore
Maruti,Maruti Vitara BrezzaZXI Plus AT,2022,"77,009kms",Petrol,Automatic,₹7.59 Lakh,bangalore
Maruti,Maruti Vitara BrezzaZDi,2019,"28,376kms",Diesel,Manual,₹8.23 Lakh,bangalore
Maruti,Maruti Wagon RAMT VXI,2016,"51,228kms",Petrol,Automatic,₹3.50 Lakh,bangalore
Skoda,Skoda Rapid1.0 TSI Ambition,2020,"38,988kms",Petrol,Manual,₹5.82 Lakh,bangalore
Maruti,Maruti Swift DzireAMT VXI,2018,"41,032kms",Petrol,Automatic,₹5.26 Lakh,bangalore
Renault,Renault KWIDRXT,2016,"48,861kms",Petrol,Manual,₹3.07 Lakh,bangalore
Honda,Honda JazzVX,2017,"1,10,412kms",Petrol,Manual,₹4.75 Lakh,bangalore
Honda,Honda AmazeS i-VTEC,2015,"64,083kms",Petrol,Manual,₹4.02 Lakh,bangalore
Tata,Tata ZestRevotron 1.2T XMS,2014,"76,499kms",Petrol,Manual,₹3.19 Lakh,bangalore
Hyundai,Hyundai AlcazarPlatinum 7-Seater Diesel BSVI,2022,"80,331kms",Diesel,Manual,₹13.99 Lakh,bangalore
Skoda,Skoda Kushaq1.0 TSI Style BSVI,2021,"45,878kms",Petrol,Manual,₹10.70 Lakh,bangalore
Kia,Kia SeltosGTX Plus DCT,2020,"48,547kms",Petrol,Automatic,₹11.43 Lakh,bangalore
Hyundai,Hyundai i10Sportz,2013,"68,100kms",Petrol,Manual,₹2.85 Lakh,bangalore
Mahindra,Mahindra XUV500W10 2WD,2015,"77,461kms",Diesel,Manual,₹8.38 Lakh,bangalore
Kia,Kia SeltosHTX Diesel AT,2021,"62,178kms",Diesel,Automatic,₹9.54 Lakh,bangalore
Honda,Honda Amaze 2nd GenVX CVT,2023,"32,339kms",Petrol,Automatic,₹7.13 Lakh,bangalore
Hyundai,Hyundai Verna1.6 SX VTVT AT,2017,"1,04,328kms",Petrol,Automatic,₹7.60 Lakh,bangalore
Hyundai,Hyundai VenueSX Turbo iMT,2020,"58,065kms",Petrol,Manual,₹6.46 Lakh,bangalore
Maruti,Maruti Vitara BrezzaZDi Plus,2017,"74,011kms",Diesel,Manual,₹6.80 Lakh,bangalore
Skoda,Skoda Kushaq1.0 TSI Ambition BSVI,2022,"32,356kms",Petrol,Manual,₹8.49 Lakh,bangalore
Maruti,Maruti Vitara BrezzaZXI Plus AT,2022,"77,009kms",Petrol,Automatic,₹7.59 Lakh,bangalore
Maruti,Maruti Vitara BrezzaZDi,2019,"28,376kms",Diesel,Manual,₹8.23 Lakh,bangalore
Maruti,Maruti Wagon RAMT VXI,2016,"51,228kms",Petrol,Automatic,₹3.50 Lakh,bangalore
Skoda,Skoda Rapid1.0 TSI Ambition,2020,"38,988kms",Petrol,Manual,₹5.82 Lakh,bangalore
Maruti,Maruti Swift DzireAMT VXI,2018,"41,032kms",Petrol,Automatic,₹5.26 Lakh,bangalore
Renault,Renault KWIDRXT,2016,"48,861kms",Petrol,Manual,₹3.07 Lakh,bangalore
Honda,Honda JazzVX,2017,"1,10,412kms",Petrol,Manual,₹4.75 Lakh,bangalore
Honda,Honda AmazeS i-VTEC,2015,"64,083kms",Petrol,Manual,₹4.02 Lakh,bangalore
Tata,Tata ZestRevotron 1.2T XMS,2014,"76,499kms",Petrol,Manual,₹3.19 Lakh,bangalore
Hyundai,Hyundai AlcazarPlatinum 7-Seater Diesel BSVI,2022,"80,331kms",Diesel,Manual,₹13.99 Lakh,bangalore
Skoda,Skoda Kushaq1.0 TSI Style BSVI,2021,"45,878kms",Petrol,Manual,₹10.70 Lakh,bangalore
Kia,Kia SeltosGTX Plus DCT,2020,"48,547kms",Petrol,Automatic,₹11.43 Lakh,bangalore
Hyundai,Hyundai i10Sportz,2013,"68,100kms",Petrol,Manual,₹2.85 Lakh,bangalore
Hyundai,Hyundai VenueSX Turbo iMT,2020,"58,065kms",Petrol,Manual,₹6.46 Lakh,bangalore
Hyundai,Hyundai VenueS,2021,"48,742kms",Petrol,Manual,₹6.30 Lakh,bangalore
Maruti,Maruti Vitara BrezzaZDi Plus,2017,"74,011kms",Diesel,Manual,₹6.80 Lakh,bangalore
Skoda,Skoda Kushaq1.0 TSI Ambition BSVI,2022,"32,356kms",Petrol,Manual,₹8.49 Lakh,bangalore
Maruti,Maruti Baleno1.2 CVT Alpha,2020,"36,850kms",Petrol,Automatic,₹6.15 Lakh,bangalore
Maruti,Maruti ErtigaVXI AT,2021,"52,323kms",Petrol,Automatic,₹8.37 Lakh,bangalore
Honda,Honda AmazeVX i DTEC,2018,"29,472kms",Diesel,Manual,₹6.20 Lakh,bangalore
Honda,Honda BR-VStyle Edition S,2018,"84,091kms",Petrol,Manual,₹6.47 Lakh,bangalore
Hyundai,Hyundai Verna1.6 SX VTVT AT,2017,"1,04,328kms",Petrol,Automatic,₹7.60 Lakh,bangalore
Maruti,Maruti Wagon RAMT VXI,2016,"51,228kms",Petrol,Automatic,₹3.50 Lakh,bangalore
Skoda,Skoda Rapid1.0 TSI Ambition,2020,"38,988kms",Petrol,Manual,₹5.82 Lakh,bangalore
Maruti,Maruti Swift DzireAMT VXI,2018,"41,032kms",Petrol,Automatic,₹5.26 Lakh,bangalore
Renault,Renault KWIDRXT,2016,"48,861kms",Petrol,Manual,₹3.07 Lakh,bangalore
Honda,Honda JazzVX,2017,"1,10,412kms",Petrol,Manual,₹4.75 Lakh,bangalore
Tata,Tata ZestRevotron 1.2T XMS,2014,"76,499kms",Petrol,Manual,₹3.19 Lakh,bangalore
Honda,Honda AmazeS i-VTEC,2015,"64,083kms",Petrol,Manual,₹4.02 Lakh,bangalore
Skoda,Skoda Kushaq1.0 TSI Style BSVI,2021,"45,878kms",Petrol,Manual,₹10.70 Lakh,bangalore
Hyundai,Hyundai AlcazarPlatinum 7-Seater Diesel BSVI,2022,"80,331kms",Diesel,Manual,₹13.99 Lakh,bangalore
Kia,Kia SeltosGTX Plus DCT,2020,"48,547kms",Petrol,Automatic,₹11.43 Lakh,bangalore
Hyundai,Hyundai i10Sportz,2013,"68,100kms",Petrol,Manual,₹2.85 Lakh,bangalore
Honda,Honda AmazeVX i DTEC,2018,"29,472kms",Diesel,Manual,₹6.20 Lakh,bangalore
Hyundai,Hyundai Verna1.6 SX VTVT AT,2017,"1,04,328kms",Petrol,Automatic,₹7.60 Lakh,bangalore
Nissan,Nissan MagniteTurbo CVT XV BSVI,2022,"27,479kms",Petrol,Automatic,₹6.90 Lakh,bangalore
Hyundai,Hyundai VenueSX Turbo iMT,2020,"58,065kms",Petrol,Manual,₹6.46 Lakh,bangalore
Maruti,Maruti Vitara BrezzaZDi Plus,2017,"74,011kms",Diesel,Manual,₹6.80 Lakh,bangalore
Skoda,Skoda Kushaq1.0 TSI Ambition BSVI,2022,"32,356kms",Petrol,Manual,₹8.49 Lakh,bangalore
Maruti,Maruti Vitara BrezzaZXI Plus AT,2022,"77,009kms",Petrol,Automatic,₹7.59 Lakh,bangalore
Maruti,Maruti Vitara BrezzaZDi,2019,"28,376kms",Diesel,Manual,₹8.23 Lakh,bangalore
Honda,Honda BR-VStyle Edition S,2018,"84,091kms",Petrol,Manual,₹6.47 Lakh,bangalore
Maruti,Maruti Wagon RAMT VXI,2016,"51,228kms",Petrol,Automatic,₹3.50 Lakh,bangalore
Skoda,Skoda Rapid1.0 TSI Ambition,2020,"38,988kms",Petrol,Manual,₹5.82 Lakh,bangalore
Maruti,Maruti Swift DzireAMT VXI,2018,"41,032kms",Petrol,Automatic,₹5.26 Lakh,bangalore
Renault,Renault KWIDRXT,2016,"48,861kms",Petrol,Manual,₹3.07 Lakh,bangalore
Honda,Honda JazzVX,2017,"1,10,412kms",Petrol,Manual,₹4.75 Lakh,bangalore
Tata,Tata ZestRevotron 1.2T XMS,2014,"76,499kms",Petrol,Manual,₹3.19 Lakh,bangalore
Honda,Honda AmazeS i-VTEC,2015,"64,083kms",Petrol,Manual,₹4.02 Lakh,bangalore
Skoda,Skoda Kushaq1.0 TSI Style BSVI,2021,"45,878kms",Petrol,Manual,₹10.70 Lakh,bangalore
Hyundai,Hyundai AlcazarPlatinum 7-Seater Diesel BSVI,2022,"80,331kms",Diesel,Manual,₹13.99 Lakh,bangalore
Hyundai,Hyundai i10Sportz,2013,"68,100kms",Petrol,Manual,₹2.85 Lakh,bangalore
Kia,Kia SeltosGTX Plus DCT,2020,"48,547kms",Petrol,Automatic,₹11.43 Lakh,bangalore
Mahindra,Mahindra XUV500W10 2WD,2015,"77,461kms",Diesel,Manual,₹8.38 Lakh,bangalore
Kia,Kia SeltosHTX Diesel AT,2021,"62,178kms",Diesel,Automatic,₹9.54 Lakh,bangalore
Honda,Honda Amaze 2nd GenVX CVT,2023,"32,339kms",Petrol,Automatic,₹7.13 Lakh,bangalore
Hyundai,Hyundai Verna1.6 SX VTVT AT,2017,"1,04,328kms",Petrol,Automatic,₹7.60 Lakh,bangalore
Hyundai,Hyundai VenueSX Turbo iMT,2020,"58,065kms",Petrol,Manual,₹6.46 Lakh,bangalore
Maruti,Maruti Vitara BrezzaZDi Plus,2017,"74,011kms",Diesel,Manual,₹6.80 Lakh,bangalore
Skoda,Skoda Kushaq1.0 TSI Ambition BSVI,2022,"32,356kms",Petrol,Manual,₹8.49 Lakh,bangalore
Maruti,Maruti Vitara BrezzaZXI Plus AT,2022,"77,009kms",Petrol,Automatic,₹7.59 Lakh,bangalore
Maruti,Maruti Vitara BrezzaZDi,2019,"28,376kms",Diesel,Manual,₹8.23 Lakh,bangalore
Maruti,Maruti Wagon RAMT VXI,2016,"51,228kms",Petrol,Automatic,₹3.50 Lakh,bangalore
Skoda,Skoda Rapid1.0 TSI Ambition,2020,"38,988kms",Petrol,Manual,₹5.82 Lakh,bangalore
Maruti,Maruti Swift DzireAMT VXI,2018,"41,032kms",Petrol,Automatic,₹5.26 Lakh,bangalore
Renault,Renault KWIDRXT,2016,"48,861kms",Petrol,Manual,₹3.07 Lakh,bangalore
Honda,Honda JazzVX,2017,"1,10,412kms",Petrol,Manual,₹4.75 Lakh,bangalore
Honda,Honda AmazeS i-VTEC,2015,"64,083kms",Petrol,Manual,₹4.02 Lakh,bangalore
Tata,Tata ZestRevotron 1.2T XMS,2014,"76,499kms",Petrol,Manual,₹3.19 Lakh,bangalore
Hyundai,Hyundai AlcazarPlatinum 7-Seater Diesel BSVI,2022,"80,331kms",Diesel,Manual,₹13.99 Lakh,bangalore
Skoda,Skoda Kushaq1.0 TSI Style BSVI,2021,"45,878kms",Petrol,Manual,₹10.70 Lakh,bangalore
Kia,Kia SeltosGTX Plus DCT,2020,"48,547kms",Petrol,Automatic,₹11.43 Lakh,bangalore
Hyundai,Hyundai i10Sportz,2013,"68,100kms",Petrol,Manual,₹2.85 Lakh,bangalore
Mahindra,Mahindra XUV500W10 2WD,2015,"77,461kms",Diesel,Manual,₹8.38 Lakh,bangalore
Kia,Kia SeltosHTX Diesel AT,2021,"62,178kms",Diesel,Automatic,₹9.54 Lakh,bangalore
Honda,Honda Amaze 2nd GenVX CVT,2023,"32,339kms",Petrol,Automatic,₹7.13 Lakh,bangalore
Hyundai,Hyundai Verna1.6 SX VTVT AT,2017,"1,04,328kms",Petrol,Automatic,₹7.60 Lakh,bangalore
Hyundai,Hyundai VenueSX Turbo iMT,2020,"58,065kms",Petrol,Manual,₹6.46 Lakh,bangalore
Maruti,Maruti Vitara BrezzaZDi Plus,2017,"74,011kms",Diesel,Manual,₹6.80 Lakh,bangalore
Skoda,Skoda Kushaq1.0 TSI Ambition BSVI,2022,"32,356kms",Petrol,Manual,₹8.49 Lakh,bangalore
Maruti,Maruti Vitara BrezzaZXI Plus AT,2022,"77,009kms",Petrol,Automatic,₹7.59 Lakh,bangalore
Maruti,Maruti Vitara BrezzaZDi,2019,"28,376kms",Diesel,Manual,₹8.23 Lakh,bangalore
Maruti,Maruti Wagon RAMT VXI,2016,"51,228kms",Petrol,Automatic,₹3.50 Lakh,bangalore
Skoda,Skoda Rapid1.0 TSI Ambition,2020,"38,988kms",Petrol,Manual,₹5.82 Lakh,bangalore
Maruti,Maruti Swift DzireAMT VXI,2018,"41,032kms",Petrol,Automatic,₹5.26 Lakh,bangalore
Renault,Renault KWIDRXT,2016,"48,861kms",Petrol,Manual,₹3.07 Lakh,bangalore
Honda,Honda JazzVX,2017,"1,10,412kms",Petrol,Manual,₹4.75 Lakh,bangalore
Honda,Honda AmazeS i-VTEC,2015,"64,083kms",Petrol,Manual,₹4.02 Lakh,bangalore
Tata,Tata ZestRevotron 1.2T XMS,2014,"76,499kms",Petrol,Manual,₹3.19 Lakh,bangalore
Hyundai,Hyundai AlcazarPlatinum 7-Seater Diesel BSVI,2022,"80,331kms",Diesel,Manual,₹13.99 Lakh,bangalore
Skoda,Skoda Kushaq1.0 TSI Style BSVI,2021,"45,878kms",Petrol,Manual,₹10.70 Lakh,bangalore
Kia,Kia SeltosGTX Plus DCT,2020,"48,547kms",Petrol,Automatic,₹11.43 Lakh,bangalore
Hyundai,Hyundai i10Sportz,2013,"68,100kms",Petrol,Manual,₹2.85 Lakh,bangalore
Honda,Honda AmazeVX i DTEC,2018,"29,472kms",Diesel,Manual,₹6.20 Lakh,bangalore
Hyundai,Hyundai Verna1.6 SX VTVT AT,2017,"1,04,328kms",Petrol,Automatic,₹7.60 Lakh,bangalore
Nissan,Nissan MagniteTurbo CVT XV BSVI,2022,"27,479kms",Petrol,Automatic,₹6.90 Lakh,bangalore
Hyundai,Hyundai VenueSX Turbo iMT,2020,"58,065kms",Petrol,Manual,₹6.46 Lakh,bangalore
Maruti,Maruti Vitara BrezzaZDi Plus,2017,"74,011kms",Diesel,Manual,₹6.80 Lakh,bangalore
Skoda,Skoda Kushaq1.0 TSI Ambition BSVI,2022,"32,356kms",Petrol,Manual,₹8.49 Lakh,bangalore
Maruti,Maruti Vitara BrezzaZXI Plus AT,2022,"77,009kms",Petrol,Automatic,₹7.59 Lakh,bangalore
Maruti,Maruti Vitara BrezzaZDi,2019,"28,376kms",Diesel,Manual,₹8.23 Lakh,bangalore
Honda,Honda BR-VStyle Edition S,2018,"84,091kms",Petrol,Manual,₹6.47 Lakh,bangalore
Maruti,Maruti Wagon RAMT VXI,2016,"51,228kms",Petrol,Automatic,₹3.50 Lakh,bangalore
Skoda,Skoda Rapid1.0 TSI Ambition,2020,"38,988kms",Petrol,Manual,₹5.82 Lakh,bangalore
Maruti,Maruti Swift DzireAMT VXI,2018,"41,032kms",Petrol,Automatic,₹5.26 Lakh,bangalore
Renault,Renault KWIDRXT,2016,"48,861kms",Petrol,Manual,₹3.07 Lakh,bangalore
Honda,Honda JazzVX,2017,"1,10,412kms",Petrol,Manual,₹4.75 Lakh,bangalore
Tata,Tata ZestRevotron 1.2T XMS,2014,"76,499kms",Petrol,Manual,₹3.19 Lakh,bangalore
Honda,Honda AmazeS i-VTEC,2015,"64,083kms",Petrol,Manual,₹4.02 Lakh,bangalore
Skoda,Skoda Kushaq1.0 TSI Style BSVI,2021,"45,878kms",Petrol,Manual,₹10.70 Lakh,bangalore
Hyundai,Hyundai AlcazarPlatinum 7-Seater Diesel BSVI,2022,"80,331kms",Diesel,Manual,₹13.99 Lakh,bangalore
Hyundai,Hyundai i10Sportz,2013,"68,100kms",Petrol,Manual,₹2.85 Lakh,bangalore
Kia,Kia SeltosGTX Plus DCT,2020,"48,547kms",Petrol,Automatic,₹11.43 Lakh,bangalore
Mahindra,Mahindra XUV500W10 2WD,2015,"77,461kms",Diesel,Manual,₹8.38 Lakh,bangalore
Kia,Kia SeltosHTX Diesel AT,2021,"62,178kms",Diesel,Automatic,₹9.54 Lakh,bangalore
Honda,Honda Amaze 2nd GenVX CVT,2023,"32,339kms",Petrol,Automatic,₹7.13 Lakh,bangalore
Hyundai,Hyundai Verna1.6 SX VTVT AT,2017,"1,04,328kms",Petrol,Automatic,₹7.60 Lakh,bangalore
Hyundai,Hyundai VenueSX Turbo iMT,2020,"58,065kms",Petrol,Manual,₹6.46 Lakh,bangalore
Maruti,Maruti Vitara BrezzaZDi Plus,2017,"74,011kms",Diesel,Manual,₹6.80 Lakh,bangalore
Skoda,Skoda Kushaq1.0 TSI Ambition BSVI,2022,"32,356kms",Petrol,Manual,₹8.49 Lakh,bangalore
Maruti,Maruti Vitara BrezzaZXI Plus AT,2022,"77,009kms",Petrol,Automatic,₹7.59 Lakh,bangalore
Maruti,Maruti Vitara BrezzaZDi,2019,"28,376kms",Diesel,Manual,₹8.23 Lakh,bangalore
Maruti,Maruti Wagon RAMT VXI,2016,"51,228kms",Petrol,Automatic,₹3.50 Lakh,bangalore
Skoda,Skoda Rapid1.0 TSI Ambition,2020,"38,988kms",Petrol,Manual,₹5.82 Lakh,bangalore
Maruti,Maruti Swift DzireAMT VXI,2018,"41,032kms",Petrol,Automatic,₹5.26 Lakh,bangalore
Renault,Renault KWIDRXT,2016,"48,861kms",Petrol,Manual,₹3.07 Lakh,bangalore
Honda,Honda JazzVX,2017,"1,10,412kms",Petrol,Manual,₹4.75 Lakh,bangalore
Honda,Honda AmazeS i-VTEC,2015,"64,083kms",Petrol,Manual,₹4.02 Lakh,bangalore
Tata,Tata ZestRevotron 1.2T XMS,2014,"76,499kms",Petrol,Manual,₹3.19 Lakh,bangalore
Hyundai,Hyundai AlcazarPlatinum 7-Seater Diesel BSVI,2022,"80,331kms",Diesel,Manual,₹13.99 Lakh,bangalore
Skoda,Skoda Kushaq1.0 TSI Style BSVI,2021,"45,878kms",Petrol,Manual,₹10.70 Lakh,bangalore
Kia,Kia SeltosGTX Plus DCT,2020,"48,547kms",Petrol,Automatic,₹11.43 Lakh,bangalore
Hyundai,Hyundai i10Sportz,2013,"68,100kms",Petrol,Manual,₹2.85 Lakh,bangalore
Hyundai,Hyundai VenueSX Turbo iMT,2020,"58,065kms",Petrol,Manual,₹6.46 Lakh,bangalore
Hyundai,Hyundai VenueS,2021,"48,742kms",Petrol,Manual,₹6.30 Lakh,bangalore
Maruti,Maruti Vitara BrezzaZDi Plus,2017,"74,011kms",Diesel,Manual,₹6.80 Lakh,bangalore
Skoda,Skoda Kushaq1.0 TSI Ambition BSVI,2022,"32,356kms",Petrol,Manual,₹8.49 Lakh,bangalore
Maruti,Maruti Baleno1.2 CVT Alpha,2020,"36,850kms",Petrol,Automatic,₹6.15 Lakh,bangalore
Maruti,Maruti ErtigaVXI AT,2021,"52,323kms",Petrol,Automatic,₹8.37 Lakh,bangalore
Honda,Honda AmazeVX i DTEC,2018,"29,472kms",Diesel,Manual,₹6.20 Lakh,bangalore
Honda,Honda BR-VStyle Edition S,2018,"84,091kms",Petrol,Manual,₹6.47 Lakh,bangalore
Hyundai,Hyundai Verna1.6 SX VTVT AT,2017,"1,04,328kms",Petrol,Automatic,₹7.60 Lakh,bangalore
Maruti,Maruti Wagon RAMT VXI,2016,"51,228kms",Petrol,Automatic,₹3.50 Lakh,bangalore
Skoda,Skoda Rapid1.0 TSI Ambition,2020,"38,988kms",Petrol,Manual,₹5.82 Lakh,bangalore
Maruti,Maruti Swift DzireAMT VXI,2018,"41,032kms",Petrol,Automatic,₹5.26 Lakh,bangalore
Renault,Renault KWIDRXT,2016,"48,861kms",Petrol,Manual,₹3.07 Lakh,bangalore
Honda,Honda JazzVX,2017,"1,10,412kms",Petrol,Manual,₹4.75 Lakh,bangalore
Tata,Tata ZestRevotron 1.2T XMS,2014,"76,499kms",Petrol,Manual,₹3.19 Lakh,bangalore
Honda,Honda AmazeS i-VTEC,2015,"64,083kms",Petrol,Manual,₹4.02 Lakh,bangalore
Skoda,Skoda Kushaq1.0 TSI Style BSVI,2021,"45,878kms",Petrol,Manual,₹10.70 Lakh,bangalore
Hyundai,Hyundai AlcazarPlatinum 7-Seater Diesel BSVI,2022,"80,331kms",Diesel,Manual,₹13.99 Lakh,bangalore
Kia,Kia SeltosGTX Plus DCT,2020,"48,547kms",Petrol,Automatic,₹11.43 Lakh,bangalore
Hyundai,Hyundai i10Sportz,2013,"68,100kms",Petrol,Manual,₹2.85 Lakh,bangalore
Honda,Honda AmazeVX i DTEC,2018,"29,472kms",Diesel,Manual,₹6.20 Lakh,bangalore
Hyundai,Hyundai Verna1.6 SX VTVT AT,2017,"1,04,328kms",Petrol,Automatic,₹7.60 Lakh,bangalore
Nissan,Nissan MagniteTurbo CVT XV BSVI,2022,"27,479kms",Petrol,Automatic,₹6.90 Lakh,bangalore
Hyundai,Hyundai VenueSX Turbo iMT,2020,"58,065kms",Petrol,Manual,₹6.46 Lakh,bangalore
Maruti,Maruti Vitara BrezzaZDi Plus,2017,"74,011kms",Diesel,Manual,₹6.80 Lakh,bangalore
Skoda,Skoda Kushaq1.0 TSI Ambition BSVI,2022,"32,356kms",Petrol,Manual,₹8.49 Lakh,bangalore
Maruti,Maruti Vitara BrezzaZXI Plus AT,2022,"77,009kms",Petrol,Automatic,₹7.59 Lakh,bangalore
Maruti,Maruti Vitara BrezzaZDi,2019,"28,376kms",Diesel,Manual,₹8.23 Lakh,bangalore
Honda,Honda BR-VStyle Edition S,2018,"84,091kms",Petrol,Manual,₹6.47 Lakh,bangalore
Maruti,Maruti Wagon RAMT VXI,2016,"51,228kms",Petrol,Automatic,₹3.50 Lakh,bangalore
Skoda,Skoda Rapid1.0 TSI Ambition,2020,"38,988kms",Petrol,Manual,₹5.82 Lakh,bangalore
Maruti,Maruti Swift DzireAMT VXI,2018,"41,032kms",Petrol,Automatic,₹5.26 Lakh,bangalore
Renault,Renault KWIDRXT,2016,"48,861kms",Petrol,Manual,₹3.07 Lakh,bangalore
Honda,Honda JazzVX,2017,"1,10,412kms",Petrol,Manual,₹4.75 Lakh,bangalore
Tata,Tata ZestRevotron 1.2T XMS,2014,"76,499kms",Petrol,Manual,₹3.19 Lakh,bangalore
Honda,Honda AmazeS i-VTEC,2015,"64,083kms",Petrol,Manual,₹4.02 Lakh,bangalore
Skoda,Skoda Kushaq1.0 TSI Style BSVI,2021,"45,878kms",Petrol,Manual,₹10.70 Lakh,bangalore
Hyundai,Hyundai AlcazarPlatinum 7-Seater Diesel BSVI,2022,"80,331kms",Diesel,Manual,₹13.99 Lakh,bangalore
Hyundai,Hyundai i10Sportz,2013,"68,100kms",Petrol,Manual,₹2.85 Lakh,bangalore
Kia,Kia SeltosGTX Plus DCT,2020,"48,547kms",Petrol,Automatic,₹11.43 Lakh,bangalore
Hyundai,Hyundai VenueSX Turbo iMT,2020,"58,065kms",Petrol,Manual,₹6.46 Lakh,bangalore
Hyundai,Hyundai VenueS,2021,"48,742kms",Petrol,Manual,₹6.30 Lakh,bangalore
Maruti,Maruti Vitara BrezzaZDi Plus,2017,"74,011kms",Diesel,Manual,₹6.80 Lakh,bangalore
Skoda,Skoda Kushaq1.0 TSI Ambition BSVI,2022,"32,356kms",Petrol,Manual,₹8.49 Lakh,bangalore
Maruti,Maruti Baleno1.2 CVT Alpha,2020,"36,850kms",Petrol,Automatic,₹6.15 Lakh,bangalore
Maruti,Maruti ErtigaVXI AT,2021,"52,323kms",Petrol,Automatic,₹8.37 Lakh,bangalore
Honda,Honda AmazeVX i DTEC,2018,"29,472kms",Diesel,Manual,₹6.20 Lakh,bangalore
Honda,Honda BR-VStyle Edition S,2018,"84,091kms",Petrol,Manual,₹6.47 Lakh,bangalore
Hyundai,Hyundai Verna1.6 SX VTVT AT,2017,"1,04,328kms",Petrol,Automatic,₹7.60 Lakh,bangalore
Maruti,Maruti Wagon RAMT VXI,2016,"51,228kms",Petrol,Automatic,₹3.50 Lakh,bangalore
Skoda,Skoda Rapid1.0 TSI Ambition,2020,"38,988kms",Petrol,Manual,₹5.82 Lakh,bangalore
Maruti,Maruti Swift DzireAMT VXI,2018,"41,032kms",Petrol,Automatic,₹5.26 Lakh,bangalore
Renault,Renault KWIDRXT,2016,"48,861kms",Petrol,Manual,₹3.07 Lakh,bangalore
Honda,Honda JazzVX,2017,"1,10,412kms",Petrol,Manual,₹4.75 Lakh,bangalore
Tata,Tata ZestRevotron 1.2T XMS,2014,"76,499kms",Petrol,Manual,₹3.19 Lakh,bangalore
Honda,Honda AmazeS i-VTEC,2015,"64,083kms",Petrol,Manual,₹4.02 Lakh,bangalore
Skoda,Skoda Kushaq1.0 TSI Style BSVI,2021,"45,878kms",Petrol,Manual,₹10.70 Lakh,bangalore
Hyundai,Hyundai AlcazarPlatinum 7-Seater Diesel BSVI,2022,"80,331kms",Diesel,Manual,₹13.99 Lakh,bangalore
Kia,Kia SeltosGTX Plus DCT,2020,"48,547kms",Petrol,Automatic,₹11.43 Lakh,bangalore
Hyundai,Hyundai i10Sportz,2013,"68,100kms",Petrol,Manual,₹2.85 Lakh,bangalore
Hyundai,Hyundai VenueSX Turbo iMT,2020,"58,065kms",Petrol,Manual,₹6.46 Lakh,bangalore
Hyundai,Hyundai VenueS,2021,"48,742kms",Petrol,Manual,₹6.30 Lakh,bangalore
Maruti,Maruti Vitara BrezzaZDi Plus,2017,"74,011kms",Diesel,Manual,₹6.80 Lakh,bangalore
Skoda,Skoda Kushaq1.0 TSI Ambition BSVI,2022,"32,356kms",Petrol,Manual,₹8.49 Lakh,bangalore
Maruti,Maruti Baleno1.2 CVT Alpha,2020,"36,850kms",Petrol,Automatic,₹6.15 Lakh,bangalore
Maruti,Maruti ErtigaVXI AT,2021,"52,323kms",Petrol,Automatic,₹8.37 Lakh,bangalore
Honda,Honda AmazeVX i DTEC,2018,"29,472kms",Diesel,Manual,₹6.20 Lakh,bangalore
Honda,Honda BR-VStyle Edition S,2018,"84,091kms",Petrol,Manual,₹6.47 Lakh,bangalore
Hyundai,Hyundai Verna1.6 SX VTVT AT,2017,"1,04,328kms",Petrol,Automatic,₹7.60 Lakh,bangalore
Maruti,Maruti Wagon RAMT VXI,2016,"51,228kms",Petrol,Automatic,₹3.50 Lakh,bangalore
Skoda,Skoda Rapid1.0 TSI Ambition,2020,"38,988kms",Petrol,Manual,₹5.82 Lakh,bangalore
Maruti,Maruti Swift DzireAMT VXI,2018,"41,032kms",Petrol,Automatic,₹5.26 Lakh,bangalore
Renault,Renault KWIDRXT,2016,"48,861kms",Petrol,Manual,₹3.07 Lakh,bangalore
Honda,Honda JazzVX,2017,"1,10,412kms",Petrol,Manual,₹4.75 Lakh,bangalore
Tata,Tata ZestRevotron 1.2T XMS,2014,"76,499kms",Petrol,Manual,₹3.19 Lakh,bangalore
Honda,Honda AmazeS i-VTEC,2015,"64,083kms",Petrol,Manual,₹4.02 Lakh,bangalore
Skoda,Skoda Kushaq1.0 TSI Style BSVI,2021,"45,878kms",Petrol,Manual,₹10.70 Lakh,bangalore
Hyundai,Hyundai AlcazarPlatinum 7-Seater Diesel BSVI,2022,"80,331kms",Diesel,Manual,₹13.99 Lakh,bangalore
Kia,Kia SeltosGTX Plus DCT,2020,"48,547kms",Petrol,Automatic,₹11.43 Lakh,bangalore
Hyundai,Hyundai i10Sportz,2013,"68,100kms",Petrol,Manual,₹2.85 Lakh,bangalore
Hyundai,Hyundai VenueSX Turbo iMT,2020,"58,065kms",Petrol,Manual,₹6.46 Lakh,bangalore
Hyundai,Hyundai VenueS,2021,"48,742kms",Petrol,Manual,₹6.30 Lakh,bangalore
Maruti,Maruti Vitara BrezzaZDi Plus,2017,"74,011kms",Diesel,Manual,₹6.80 Lakh,bangalore
Skoda,Skoda Kushaq1.0 TSI Ambition BSVI,2022,"32,356kms",Petrol,Manual,₹8.49 Lakh,bangalore
Maruti,Maruti Baleno1.2 CVT Alpha,2020,"36,850kms",Petrol,Automatic,₹6.15 Lakh,bangalore
Maruti,Maruti ErtigaVXI AT,2021,"52,323kms",Petrol,Automatic,₹8.37 Lakh,bangalore
Honda,Honda AmazeVX i DTEC,2018,"29,472kms",Diesel,Manual,₹6.20 Lakh,bangalore
Honda,Honda BR-VStyle Edition S,2018,"84,091kms",Petrol,Manual,₹6.47 Lakh,bangalore
Hyundai,Hyundai Verna1.6 SX VTVT AT,2017,"1,04,328kms",Petrol,Automatic,₹7.60 Lakh,bangalore
Maruti,Maruti Wagon RAMT VXI,2016,"51,228kms",Petrol,Automatic,₹3.50 Lakh,bangalore
Skoda,Skoda Rapid1.0 TSI Ambition,2020,"38,988kms",Petrol,Manual,₹5.82 Lakh,bangalore
Maruti,Maruti Swift DzireAMT VXI,2018,"41,032kms",Petrol,Automatic,₹5.26 Lakh,bangalore
Renault,Renault KWIDRXT,2016,"48,861kms",Petrol,Manual,₹3.07 Lakh,bangalore
Honda,Honda JazzVX,2017,"1,10,412kms",Petrol,Manual,₹4.75 Lakh,bangalore
Tata,Tata ZestRevotron 1.2T XMS,2014,"76,499kms",Petrol,Manual,₹3.19 Lakh,bangalore
Honda,Honda AmazeS i-VTEC,2015,"64,083kms",Petrol,Manual,₹4.02 Lakh,bangalore
Skoda,Skoda Kushaq1.0 TSI Style BSVI,2021,"45,878kms",Petrol,Manual,₹10.70 Lakh,bangalore
Hyundai,Hyundai AlcazarPlatinum 7-Seater Diesel BSVI,2022,"80,331kms",Diesel,Manual,₹13.99 Lakh,bangalore
Kia,Kia SeltosGTX Plus DCT,2020,"48,547kms",Petrol,Automatic,₹11.43 Lakh,bangalore
Hyundai,Hyundai i10Sportz,2013,"68,100kms",Petrol,Manual,₹2.85 Lakh,bangalore
Hyundai,Hyundai VenueSX Turbo iMT,2020,"58,065kms",Petrol,Manual,₹6.46 Lakh,bangalore
Hyundai,Hyundai VenueS,2021,"48,742kms",Petrol,Manual,₹6.30 Lakh,bangalore
Maruti,Maruti Vitara BrezzaZDi Plus,2017,"74,011kms",Diesel,Manual,₹6.80 Lakh,bangalore
Skoda,Skoda Kushaq1.0 TSI Ambition BSVI,2022,"32,356kms",Petrol,Manual,₹8.49 Lakh,bangalore
Maruti,Maruti Baleno1.2 CVT Alpha,2020,"36,850kms",Petrol,Automatic,₹6.15 Lakh,bangalore
Maruti,Maruti ErtigaVXI AT,2021,"52,323kms",Petrol,Automatic,₹8.37 Lakh,bangalore
Honda,Honda AmazeVX i DTEC,2018,"29,472kms",Diesel,Manual,₹6.20 Lakh,bangalore
Honda,Honda BR-VStyle Edition S,2018,"84,091kms",Petrol,Manual,₹6.47 Lakh,bangalore
Hyundai,Hyundai Verna1.6 SX VTVT AT,2017,"1,04,328kms",Petrol,Automatic,₹7.60 Lakh,bangalore
Maruti,Maruti Wagon RAMT VXI,2016,"51,228kms",Petrol,Automatic,₹3.50 Lakh,bangalore
Skoda,Skoda Rapid1.0 TSI Ambition,2020,"38,988kms",Petrol,Manual,₹5.82 Lakh,bangalore
Maruti,Maruti Swift DzireAMT VXI,2018,"41,032kms",Petrol,Automatic,₹5.26 Lakh,bangalore
Renault,Renault KWIDRXT,2016,"48,861kms",Petrol,Manual,₹3.07 Lakh,bangalore
Honda,Honda JazzVX,2017,"1,10,412kms",Petrol,Manual,₹4.75 Lakh,bangalore
Tata,Tata ZestRevotron 1.2T XMS,2014,"76,499kms",Petrol,Manual,₹3.19 Lakh,bangalore
Honda,Honda AmazeS i-VTEC,2015,"64,083kms",Petrol,Manual,₹4.02 Lakh,bangalore
Skoda,Skoda Kushaq1.0 TSI Style BSVI,2021,"45,878kms",Petrol,Manual,₹10.70 Lakh,bangalore
Hyundai,Hyundai AlcazarPlatinum 7-Seater Diesel BSVI,2022,"80,331kms",Diesel,Manual,₹13.99 Lakh,bangalore
Kia,Kia SeltosGTX Plus DCT,2020,"48,547kms",Petrol,Automatic,₹11.43 Lakh,bangalore
Hyundai,Hyundai i10Sportz,2013,"68,100kms",Petrol,Manual,₹2.85 Lakh,bangalore
Mahindra,Mahindra XUV500W10 2WD,2015,"77,461kms",Diesel,Manual,₹8.38 Lakh,bangalore
Kia,Kia SeltosHTX Diesel AT,2021,"62,178kms",Diesel,Automatic,₹9.54 Lakh,bangalore
Honda,Honda Amaze 2nd GenVX CVT,2023,"32,339kms",Petrol,Automatic,₹7.13 Lakh,bangalore
Hyundai,Hyundai Verna1.6 SX VTVT AT,2017,"1,04,328kms",Petrol,Automatic,₹7.60 Lakh,bangalore
Hyundai,Hyundai VenueSX Turbo iMT,2020,"58,065kms",Petrol,Manual,₹6.46 Lakh,bangalore
Maruti,Maruti Vitara BrezzaZDi Plus,2017,"74,011kms",Diesel,Manual,₹6.80 Lakh,bangalore
Skoda,Skoda Kushaq1.0 TSI Ambition BSVI,2022,"32,356kms",Petrol,Manual,₹8.49 Lakh,bangalore
Maruti,Maruti Vitara BrezzaZXI Plus AT,2022,"77,009kms",Petrol,Automatic,₹7.59 Lakh,bangalore
Maruti,Maruti Vitara BrezzaZDi,2019,"28,376kms",Diesel,Manual,₹8.23 Lakh,bangalore
Maruti,Maruti Wagon RAMT VXI,2016,"51,228kms",Petrol,Automatic,₹3.50 Lakh,bangalore
Skoda,Skoda Rapid1.0 TSI Ambition,2020,"38,988kms",Petrol,Manual,₹5.82 Lakh,bangalore
Maruti,Maruti Swift DzireAMT VXI,2018,"41,032kms",Petrol,Automatic,₹5.26 Lakh,bangalore
Renault,Renault KWIDRXT,2016,"48,861kms",Petrol,Manual,₹3.07 Lakh,bangalore
Honda,Honda JazzVX,2017,"1,10,412kms",Petrol,Manual,₹4.75 Lakh,bangalore
Honda,Honda AmazeS i-VTEC,2015,"64,083kms",Petrol,Manual,₹4.02 Lakh,bangalore
Tata,Tata ZestRevotron 1.2T XMS,2014,"76,499kms",Petrol,Manual,₹3.19 Lakh,bangalore
Hyundai,Hyundai AlcazarPlatinum 7-Seater Diesel BSVI,2022,"80,331kms",Diesel,Manual,₹13.99 Lakh,bangalore
Skoda,Skoda Kushaq1.0 TSI Style BSVI,2021,"45,878kms",Petrol,Manual,₹10.70 Lakh,bangalore
Kia,Kia SeltosGTX Plus DCT,2020,"48,547kms",Petrol,Automatic,₹11.43 Lakh,bangalore
Hyundai,Hyundai i10Sportz,2013,"68,100kms",Petrol,Manual,₹2.85 Lakh,bangalore
Mahindra,Mahindra XUV500W10 2WD,2015,"77,461kms",Diesel,Manual,₹8.38 Lakh,bangalore
Kia,Kia SeltosHTX Diesel AT,2021,"62,178kms",Diesel,Automatic,₹9.54 Lakh,bangalore
Honda,Honda Amaze 2nd GenVX CVT,2023,"32,339kms",Petrol,Automatic,₹7.13 Lakh,bangalore
Hyundai,Hyundai Verna1.6 SX VTVT AT,2017,"1,04,328kms",Petrol,Automatic,₹7.60 Lakh,bangalore
Hyundai,Hyundai VenueSX Turbo iMT,2020,"58,065kms",Petrol,Manual,₹6.46 Lakh,bangalore
Maruti,Maruti Vitara BrezzaZDi Plus,2017,"74,011kms",Diesel,Manual,₹6.80 Lakh,bangalore
Skoda,Skoda Kushaq1.0 TSI Ambition BSVI,2022,"32,356kms",Petrol,Manual,₹8.49 Lakh,bangalore
Maruti,Maruti Vitara BrezzaZXI Plus AT,2022,"77,009kms",Petrol,Automatic,₹7.59 Lakh,bangalore
Maruti,Maruti Vitara BrezzaZDi,2019,"28,376kms",Diesel,Manual,₹8.23 Lakh,bangalore
Maruti,Maruti Wagon RAMT VXI,2016,"51,228kms",Petrol,Automatic,₹3.50 Lakh,bangalore
Skoda,Skoda Rapid1.0 TSI Ambition,2020,"38,988kms",Petrol,Manual,₹5.82 Lakh,bangalore
Maruti,Maruti Swift DzireAMT VXI,2018,"41,032kms",Petrol,Automatic,₹5.26 Lakh,bangalore
Renault,Renault KWIDRXT,2016,"48,861kms",Petrol,Manual,₹3.07 Lakh,bangalore
Honda,Honda JazzVX,2017,"1,10,412kms",Petrol,Manual,₹4.75 Lakh,bangalore
Honda,Honda AmazeS i-VTEC,2015,"64,083kms",Petrol,Manual,₹4.02 Lakh,bangalore
Tata,Tata ZestRevotron 1.2T XMS,2014,"76,499kms",Petrol,Manual,₹3.19 Lakh,bangalore
Hyundai,Hyundai AlcazarPlatinum 7-Seater Diesel BSVI,2022,"80,331kms",Diesel,Manual,₹13.99 Lakh,bangalore
Skoda,Skoda Kushaq1.0 TSI Style BSVI,2021,"45,878kms",Petrol,Manual,₹10.70 Lakh,bangalore
Kia,Kia SeltosGTX Plus DCT,2020,"48,547kms",Petrol,Automatic,₹11.43 Lakh,bangalore
Hyundai,Hyundai i10Sportz,2013,"68,100kms",Petrol,Manual,₹2.85 Lakh,bangalore
Honda,Honda AmazeVX i DTEC,2018,"29,472kms",Diesel,Manual,₹6.20 Lakh,bangalore
Hyundai,Hyundai Verna1.6 SX VTVT AT,2017,"1,04,328kms",Petrol,Automatic,₹7.60 Lakh,bangalore
Nissan,Nissan MagniteTurbo CVT XV BSVI,2022,"27,479kms",Petrol,Automatic,₹6.90 Lakh,bangalore
Hyundai,Hyundai VenueSX Turbo iMT,2020,"58,065kms",Petrol,Manual,₹6.46 Lakh,bangalore
Maruti,Maruti Vitara BrezzaZDi Plus,2017,"74,011kms",Diesel,Manual,₹6.80 Lakh,bangalore
Skoda,Skoda Kushaq1.0 TSI Ambition BSVI,2022,"32,356kms",Petrol,Manual,₹8.49 Lakh,bangalore
Maruti,Maruti Vitara BrezzaZXI Plus AT,2022,"77,009kms",Petrol,Automatic,₹7.59 Lakh,bangalore
Maruti,Maruti Vitara BrezzaZDi,2019,"28,376kms",Diesel,Manual,₹8.23 Lakh,bangalore
Honda,Honda BR-VStyle Edition S,2018,"84,091kms",Petrol,Manual,₹6.47 Lakh,bangalore
Maruti,Maruti Wagon RAMT VXI,2016,"51,228kms",Petrol,Automatic,₹3.50 Lakh,bangalore
Skoda,Skoda Rapid1.0 TSI Ambition,2020,"38,988kms",Petrol,Manual,₹5.82 Lakh,bangalore
Maruti,Maruti Swift DzireAMT VXI,2018,"41,032kms",Petrol,Automatic,₹5.26 Lakh,bangalore
Renault,Renault KWIDRXT,2016,"48,861kms",Petrol,Manual,₹3.07 Lakh,bangalore
Honda,Honda JazzVX,2017,"1,10,412kms",Petrol,Manual,₹4.75 Lakh,bangalore
Tata,Tata ZestRevotron 1.2T XMS,2014,"76,499kms",Petrol,Manual,₹3.19 Lakh,bangalore
Honda,Honda AmazeS i-VTEC,2015,"64,083kms",Petrol,Manual,₹4.02 Lakh,bangalore
Skoda,Skoda Kushaq1.0 TSI Style BSVI,2021,"45,878kms",Petrol,Manual,₹10.70 Lakh,bangalore
Hyundai,Hyundai AlcazarPlatinum 7-Seater Diesel BSVI,2022,"80,331kms",Diesel,Manual,₹13.99 Lakh,bangalore
Hyundai,Hyundai i10Sportz,2013,"68,100kms",Petrol,Manual,₹2.85 Lakh,bangalore
Kia,Kia SeltosGTX Plus DCT,2020,"48,547kms",Petrol,Automatic,₹11.43 Lakh,bangalore
Honda,Honda AmazeVX i DTEC,2018,"29,472kms",Diesel,Manual,₹6.20 Lakh,bangalore
Hyundai,Hyundai Verna1.6 SX VTVT AT,2017,"1,04,328kms",Petrol,Automatic,₹7.60 Lakh,bangalore
Nissan,Nissan MagniteTurbo CVT XV BSVI,2022,"27,479kms",Petrol,Automatic,₹6.90 Lakh,bangalore
Hyundai,Hyundai VenueSX Turbo iMT,2020,"58,065kms",Petrol,Manual,₹6.46 Lakh,bangalore
Maruti,Maruti Vitara BrezzaZDi Plus,2017,"74,011kms",Diesel,Manual,₹6.80 Lakh,bangalore
Skoda,Skoda Kushaq1.0 TSI Ambition BSVI,2022,"32,356kms",Petrol,Manual,₹8.49 Lakh,bangalore
Maruti,Maruti Vitara BrezzaZXI Plus AT,2022,"77,009kms",Petrol,Automatic,₹7.59 Lakh,bangalore
Maruti,Maruti Vitara BrezzaZDi,2019,"28,376kms",Diesel,Manual,₹8.23 Lakh,bangalore
Honda,Honda BR-VStyle Edition S,2018,"84,091kms",Petrol,Manual,₹6.47 Lakh,bangalore
Maruti,Maruti Wagon RAMT VXI,2016,"51,228kms",Petrol,Automatic,₹3.50 Lakh,bangalore
Skoda,Skoda Rapid1.0 TSI Ambition,2020,"38,988kms",Petrol,Manual,₹5.82 Lakh,bangalore
Maruti,Maruti Swift DzireAMT VXI,2018,"41,032kms",Petrol,Automatic,₹5.26 Lakh,bangalore
Renault,Renault KWIDRXT,2016,"48,861kms",Petrol,Manual,₹3.07 Lakh,bangalore
Honda,Honda JazzVX,2017,"1,10,412kms",Petrol,Manual,₹4.75 Lakh,bangalore
Tata,Tata ZestRevotron 1.2T XMS,2014,"76,499kms",Petrol,Manual,₹3.19 Lakh,bangalore
Honda,Honda AmazeS i-VTEC,2015,"64,083kms",Petrol,Manual,₹4.02 Lakh,bangalore
Skoda,Skoda Kushaq1.0 TSI Style BSVI,2021,"45,878kms",Petrol,Manual,₹10.70 Lakh,bangalore
Hyundai,Hyundai AlcazarPlatinum 7-Seater Diesel BSVI,2022,"80,331kms",Diesel,Manual,₹13.99 Lakh,bangalore
Hyundai,Hyundai i10Sportz,2013,"68,100kms",Petrol,Manual,₹2.85 Lakh,bangalore
Kia,Kia SeltosGTX Plus DCT,2020,"48,547kms",Petrol,Automatic,₹11.43 Lakh,bangalore
Mahindra,Mahindra XUV500W10 2WD,2015,"77,461kms",Diesel,Manual,₹8.38 Lakh,bangalore
Kia,Kia SeltosHTX Diesel AT,2021,"62,178kms",Diesel,Automatic,₹9.54 Lakh,bangalore
Honda,Honda Amaze 2nd GenVX CVT,2023,"32,339kms",Petrol,Automatic,₹7.13 Lakh,bangalore
Hyundai,Hyundai Verna1.6 SX VTVT AT,2017,"1,04,328kms",Petrol,Automatic,₹7.60 Lakh,bangalore
Hyundai,Hyundai VenueSX Turbo iMT,2020,"58,065kms",Petrol,Manual,₹6.46 Lakh,bangalore
Maruti,Maruti Vitara BrezzaZDi Plus,2017,"74,011kms",Diesel,Manual,₹6.80 Lakh,bangalore
Skoda,Skoda Kushaq1.0 TSI Ambition BSVI,2022,"32,356kms",Petrol,Manual,₹8.49 Lakh,bangalore
Maruti,Maruti Vitara BrezzaZXI Plus AT,2022,"77,009kms",Petrol,Automatic,₹7.59 Lakh,bangalore
Maruti,Maruti Vitara BrezzaZDi,2019,"28,376kms",Diesel,Manual,₹8.23 Lakh,bangalore
Maruti,Maruti Wagon RAMT VXI,2016,"51,228kms",Petrol,Automatic,₹3.50 Lakh,bangalore
Skoda,Skoda Rapid1.0 TSI Ambition,2020,"38,988kms",Petrol,Manual,₹5.82 Lakh,bangalore
Maruti,Maruti Swift DzireAMT VXI,2018,"41,032kms",Petrol,Automatic,₹5.26 Lakh,bangalore
Renault,Renault KWIDRXT,2016,"48,861kms",Petrol,Manual,₹3.07 Lakh,bangalore
Honda,Honda JazzVX,2017,"1,10,412kms",Petrol,Manual,₹4.75 Lakh,bangalore
Honda,Honda AmazeS i-VTEC,2015,"64,083kms",Petrol,Manual,₹4.02 Lakh,bangalore
Tata,Tata ZestRevotron 1.2T XMS,2014,"76,499kms",Petrol,Manual,₹3.19 Lakh,bangalore
Hyundai,Hyundai AlcazarPlatinum 7-Seater Diesel BSVI,2022,"80,331kms",Diesel,Manual,₹13.99 Lakh,bangalore
Skoda,Skoda Kushaq1.0 TSI Style BSVI,2021,"45,878kms",Petrol,Manual,₹10.70 Lakh,bangalore
Kia,Kia SeltosGTX Plus DCT,2020,"48,547kms",Petrol,Automatic,₹11.43 Lakh,bangalore
Hyundai,Hyundai i10Sportz,2013,"68,100kms",Petrol,Manual,₹2.85 Lakh,bangalore
Honda,Honda AmazeVX i DTEC,2018,"29,472kms",Diesel,Manual,₹6.20 Lakh,bangalore
Hyundai,Hyundai Verna1.6 SX VTVT AT,2017,"1,04,328kms",Petrol,Automatic,₹7.60 Lakh,bangalore
Nissan,Nissan MagniteTurbo CVT XV BSVI,2022,"27,479kms",Petrol,Automatic,₹6.90 Lakh,bangalore
Hyundai,Hyundai VenueSX Turbo iMT,2020,"58,065kms",Petrol,Manual,₹6.46 Lakh,bangalore
Maruti,Maruti Vitara BrezzaZDi Plus,2017,"74,011kms",Diesel,Manual,₹6.80 Lakh,bangalore
Skoda,Skoda Kushaq1.0 TSI Ambition BSVI,2022,"32,356kms",Petrol,Manual,₹8.49 Lakh,bangalore
Maruti,Maruti Vitara BrezzaZXI Plus AT,2022,"77,009kms",Petrol,Automatic,₹7.59 Lakh,bangalore
Maruti,Maruti Vitara BrezzaZDi,2019,"28,376kms",Diesel,Manual,₹8.23 Lakh,bangalore
Honda,Honda BR-VStyle Edition S,2018,"84,091kms",Petrol,Manual,₹6.47 Lakh,bangalore
Maruti,Maruti Wagon RAMT VXI,2016,"51,228kms",Petrol,Automatic,₹3.50 Lakh,bangalore
Skoda,Skoda Rapid1.0 TSI Ambition,2020,"38,988kms",Petrol,Manual,₹5.82 Lakh,bangalore
Maruti,Maruti Swift DzireAMT VXI,2018,"41,032kms",Petrol,Automatic,₹5.26 Lakh,bangalore
Renault,Renault KWIDRXT,2016,"48,861kms",Petrol,Manual,₹3.07 Lakh,bangalore
Honda,Honda JazzVX,2017,"1,10,412kms",Petrol,Manual,₹4.75 Lakh,bangalore
Tata,Tata ZestRevotron 1.2T XMS,2014,"76,499kms",Petrol,Manual,₹3.19 Lakh,bangalore
Honda,Honda AmazeS i-VTEC,2015,"64,083kms",Petrol,Manual,₹4.02 Lakh,bangalore
Skoda,Skoda Kushaq1.0 TSI Style BSVI,2021,"45,878kms",Petrol,Manual,₹10.70 Lakh,bangalore
Hyundai,Hyundai AlcazarPlatinum 7-Seater Diesel BSVI,2022,"80,331kms",Diesel,Manual,₹13.99 Lakh,bangalore
Hyundai,Hyundai i10Sportz,2013,"68,100kms",Petrol,Manual,₹2.85 Lakh,bangalore
Kia,Kia SeltosGTX Plus DCT,2020,"48,547kms",Petrol,Automatic,₹11.43 Lakh,bangalore
Mahindra,Mahindra XUV500W10 2WD,2015,"77,461kms",Diesel,Manual,₹8.38 Lakh,bangalore
Kia,Kia SeltosHTX Diesel AT,2021,"62,178kms",Diesel,Automatic,₹9.54 Lakh,bangalore
Honda,Honda Amaze 2nd GenVX CVT,2023,"32,339kms",Petrol,Automatic,₹7.13 Lakh,bangalore
Hyundai,Hyundai Verna1.6 SX VTVT AT,2017,"1,04,328kms",Petrol,Automatic,₹7.60 Lakh,bangalore
Hyundai,Hyundai VenueSX Turbo iMT,2020,"58,065kms",Petrol,Manual,₹6.46 Lakh,bangalore
Maruti,Maruti Vitara BrezzaZDi Plus,2017,"74,011kms",Diesel,Manual,₹6.80 Lakh,bangalore
Skoda,Skoda Kushaq1.0 TSI Ambition BSVI,2022,"32,356kms",Petrol,Manual,₹8.49 Lakh,bangalore
Maruti,Maruti Vitara BrezzaZXI Plus AT,2022,"77,009kms",Petrol,Automatic,₹7.59 Lakh,bangalore
Maruti,Maruti Vitara BrezzaZDi,2019,"28,376kms",Diesel,Manual,₹8.23 Lakh,bangalore
Maruti,Maruti Wagon RAMT VXI,2016,"51,228kms",Petrol,Automatic,₹3.50 Lakh,bangalore
Skoda,Skoda Rapid1.0 TSI Ambition,2020,"38,988kms",Petrol,Manual,₹5.82 Lakh,bangalore
Maruti,Maruti Swift DzireAMT VXI,2018,"41,032kms",Petrol,Automatic,₹5.26 Lakh,bangalore
Renault,Renault KWIDRXT,2016,"48,861kms",Petrol,Manual,₹3.07 Lakh,bangalore
Honda,Honda JazzVX,2017,"1,10,412kms",Petrol,Manual,₹4.75 Lakh,bangalore
Honda,Honda AmazeS i-VTEC,2015,"64,083kms",Petrol,Manual,₹4.02 Lakh,bangalore
Tata,Tata ZestRevotron 1.2T XMS,2014,"76,499kms",Petrol,Manual,₹3.19 Lakh,bangalore
Hyundai,Hyundai AlcazarPlatinum 7-Seater Diesel BSVI,2022,"80,331kms",Diesel,Manual,₹13.99 Lakh,bangalore
Skoda,Skoda Kushaq1.0 TSI Style BSVI,2021,"45,878kms",Petrol,Manual,₹10.70 Lakh,bangalore
Kia,Kia SeltosGTX Plus DCT,2020,"48,547kms",Petrol,Automatic,₹11.43 Lakh,bangalore
Hyundai,Hyundai i10Sportz,2013,"68,100kms",Petrol,Manual,₹2.85 Lakh,bangalore
Hyundai,Hyundai VenueSX Turbo iMT,2020,"58,065kms",Petrol,Manual,₹6.46 Lakh,bangalore
Hyundai,Hyundai VenueS,2021,"48,742kms",Petrol,Manual,₹6.30 Lakh,bangalore
Maruti,Maruti Vitara BrezzaZDi Plus,2017,"74,011kms",Diesel,Manual,₹6.80 Lakh,bangalore
Skoda,Skoda Kushaq1.0 TSI Ambition BSVI,2022,"32,356kms",Petrol,Manual,₹8.49 Lakh,bangalore
Maruti,Maruti Baleno1.2 CVT Alpha,2020,"36,850kms",Petrol,Automatic,₹6.15 Lakh,bangalore
Maruti,Maruti ErtigaVXI AT,2021,"52,323kms",Petrol,Automatic,₹8.37 Lakh,bangalore
Honda,Honda AmazeVX i DTEC,2018,"29,472kms",Diesel,Manual,₹6.20 Lakh,bangalore
Honda,Honda BR-VStyle Edition S,2018,"84,091kms",Petrol,Manual,₹6.47 Lakh,bangalore
Hyundai,Hyundai Verna1.6 SX VTVT AT,2017,"1,04,328kms",Petrol,Automatic,₹7.60 Lakh,bangalore
Maruti,Maruti Wagon RAMT VXI,2016,"51,228kms",Petrol,Automatic,₹3.50 Lakh,bangalore
Skoda,Skoda Rapid1.0 TSI Ambition,2020,"38,988kms",Petrol,Manual,₹5.82 Lakh,bangalore
Maruti,Maruti Swift DzireAMT VXI,2018,"41,032kms",Petrol,Automatic,₹5.26 Lakh,bangalore
Renault,Renault KWIDRXT,2016,"48,861kms",Petrol,Manual,₹3.07 Lakh,bangalore
Honda,Honda JazzVX,2017,"1,10,412kms",Petrol,Manual,₹4.75 Lakh,bangalore
Tata,Tata ZestRevotron 1.2T XMS,2014,"76,499kms",Petrol,Manual,₹3.19 Lakh,bangalore
Honda,Honda AmazeS i-VTEC,2015,"64,083kms",Petrol,Manual,₹4.02 Lakh,bangalore
Skoda,Skoda Kushaq1.0 TSI Style BSVI,2021,"45,878kms",Petrol,Manual,₹10.70 Lakh,bangalore
Hyundai,Hyundai AlcazarPlatinum 7-Seater Diesel BSVI,2022,"80,331kms",Diesel,Manual,₹13.99 Lakh,bangalore
Kia,Kia SeltosGTX Plus DCT,2020,"48,547kms",Petrol,Automatic,₹11.43 Lakh,bangalore
Hyundai,Hyundai i10Sportz,2013,"68,100kms",Petrol,Manual,₹2.85 Lakh,bangalore
Mahindra,Mahindra XUV500W10 2WD,2015,"77,461kms",Diesel,Manual,₹8.38 Lakh,bangalore
Kia,Kia SeltosHTX Diesel AT,2021,"62,178kms",Diesel,Automatic,₹9.54 Lakh,bangalore
Honda,Honda Amaze 2nd GenVX CVT,2023,"32,339kms",Petrol,Automatic,₹7.13 Lakh,bangalore
Hyundai,Hyundai Verna1.6 SX VTVT AT,2017,"1,04,328kms",Petrol,Automatic,₹7.60 Lakh,bangalore
Hyundai,Hyundai VenueSX Turbo iMT,2020,"58,065kms",Petrol,Manual,₹6.46 Lakh,bangalore
Maruti,Maruti Vitara BrezzaZDi Plus,2017,"74,011kms",Diesel,Manual,₹6.80 Lakh,bangalore
Skoda,Skoda Kushaq1.0 TSI Ambition BSVI,2022,"32,356kms",Petrol,Manual,₹8.49 Lakh,bangalore
Maruti,Maruti Vitara BrezzaZXI Plus AT,2022,"77,009kms",Petrol,Automatic,₹7.59 Lakh,bangalore
Maruti,Maruti Vitara BrezzaZDi,2019,"28,376kms",Diesel,Manual,₹8.23 Lakh,bangalore
Maruti,Maruti Wagon RAMT VXI,2016,"51,228kms",Petrol,Automatic,₹3.50 Lakh,bangalore
Skoda,Skoda Rapid1.0 TSI Ambition,2020,"38,988kms",Petrol,Manual,₹5.82 Lakh,bangalore
Maruti,Maruti Swift DzireAMT VXI,2018,"41,032kms",Petrol,Automatic,₹5.26 Lakh,bangalore
Renault,Renault KWIDRXT,2016,"48,861kms",Petrol,Manual,₹3.07 Lakh,bangalore
Honda,Honda JazzVX,2017,"1,10,412kms",Petrol,Manual,₹4.75 Lakh,bangalore
Honda,Honda AmazeS i-VTEC,2015,"64,083kms",Petrol,Manual,₹4.02 Lakh,bangalore
Tata,Tata ZestRevotron 1.2T XMS,2014,"76,499kms",Petrol,Manual,₹3.19 Lakh,bangalore
Hyundai,Hyundai AlcazarPlatinum 7-Seater Diesel BSVI,2022,"80,331kms",Diesel,Manual,₹13.99 Lakh,bangalore
Skoda,Skoda Kushaq1.0 TSI Style BSVI,2021,"45,878kms",Petrol,Manual,₹10.70 Lakh,bangalore
Kia,Kia SeltosGTX Plus DCT,2020,"48,547kms",Petrol,Automatic,₹11.43 Lakh,bangalore
Hyundai,Hyundai i10Sportz,2013,"68,100kms",Petrol,Manual,₹2.85 Lakh,bangalore
Hyundai,Hyundai VenueSX Turbo iMT,2020,"58,065kms",Petrol,Manual,₹6.46 Lakh,bangalore
Hyundai,Hyundai VenueS,2021,"48,742kms",Petrol,Manual,₹6.30 Lakh,bangalore
Maruti,Maruti Vitara BrezzaZDi Plus,2017,"74,011kms",Diesel,Manual,₹6.80 Lakh,bangalore
Skoda,Skoda Kushaq1.0 TSI Ambition BSVI,2022,"32,356kms",Petrol,Manual,₹8.49 Lakh,bangalore
Maruti,Maruti Baleno1.2 CVT Alpha,2020,"36,850kms",Petrol,Automatic,₹6.15 Lakh,bangalore
Maruti,Maruti ErtigaVXI AT,2021,"52,323kms",Petrol,Automatic,₹8.37 Lakh,bangalore
Honda,Honda AmazeVX i DTEC,2018,"29,472kms",Diesel,Manual,₹6.20 Lakh,bangalore
Honda,Honda BR-VStyle Edition S,2018,"84,091kms",Petrol,Manual,₹6.47 Lakh,bangalore
Hyundai,Hyundai Verna1.6 SX VTVT AT,2017,"1,04,328kms",Petrol,Automatic,₹7.60 Lakh,bangalore
Maruti,Maruti Wagon RAMT VXI,2016,"51,228kms",Petrol,Automatic,₹3.50 Lakh,bangalore
Skoda,Skoda Rapid1.0 TSI Ambition,2020,"38,988kms",Petrol,Manual,₹5.82 Lakh,bangalore
Maruti,Maruti Swift DzireAMT VXI,2018,"41,032kms",Petrol,Automatic,₹5.26 Lakh,bangalore
Renault,Renault KWIDRXT,2016,"48,861kms",Petrol,Manual,₹3.07 Lakh,bangalore
Honda,Honda JazzVX,2017,"1,10,412kms",Petrol,Manual,₹4.75 Lakh,bangalore
Tata,Tata ZestRevotron 1.2T XMS,2014,"76,499kms",Petrol,Manual,₹3.19 Lakh,bangalore
Honda,Honda AmazeS i-VTEC,2015,"64,083kms",Petrol,Manual,₹4.02 Lakh,bangalore
Skoda,Skoda Kushaq1.0 TSI Style BSVI,2021,"45,878kms",Petrol,Manual,₹10.70 Lakh,bangalore
Hyundai,Hyundai AlcazarPlatinum 7-Seater Diesel BSVI,2022,"80,331kms",Diesel,Manual,₹13.99 Lakh,bangalore
Kia,Kia SeltosGTX Plus DCT,2020,"48,547kms",Petrol,Automatic,₹11.43 Lakh,bangalore
Hyundai,Hyundai i10Sportz,2013,"68,100kms",Petrol,Manual,₹2.85 Lakh,bangalore
Honda,Honda AmazeVX i DTEC,2018,"29,472kms",Diesel,Manual,₹6.20 Lakh,bangalore
Hyundai,Hyundai Verna1.6 SX VTVT AT,2017,"1,04,328kms",Petrol,Automatic,₹7.60 Lakh,bangalore
Nissan,Nissan MagniteTurbo CVT XV BSVI,2022,"27,479kms",Petrol,Automatic,₹6.90 Lakh,bangalore
Hyundai,Hyundai VenueSX Turbo iMT,2020,"58,065kms",Petrol,Manual,₹6.46 Lakh,bangalore
Maruti,Maruti Vitara BrezzaZDi Plus,2017,"74,011kms",Diesel,Manual,₹6.80 Lakh,bangalore
Skoda,Skoda Kushaq1.0 TSI Ambition BSVI,2022,"32,356kms",Petrol,Manual,₹8.49 Lakh,bangalore
Maruti,Maruti Vitara BrezzaZXI Plus AT,2022,"77,009kms",Petrol,Automatic,₹7.59 Lakh,bangalore
Maruti,Maruti Vitara BrezzaZDi,2019,"28,376kms",Diesel,Manual,₹8.23 Lakh,bangalore
Honda,Honda BR-VStyle Edition S,2018,"84,091kms",Petrol,Manual,₹6.47 Lakh,bangalore
Maruti,Maruti Wagon RAMT VXI,2016,"51,228kms",Petrol,Automatic,₹3.50 Lakh,bangalore
Skoda,Skoda Rapid1.0 TSI Ambition,2020,"38,988kms",Petrol,Manual,₹5.82 Lakh,bangalore
Maruti,Maruti Swift DzireAMT VXI,2018,"41,032kms",Petrol,Automatic,₹5.26 Lakh,bangalore
Renault,Renault KWIDRXT,2016,"48,861kms",Petrol,Manual,₹3.07 Lakh,bangalore
Honda,Honda JazzVX,2017,"1,10,412kms",Petrol,Manual,₹4.75 Lakh,bangalore
Tata,Tata ZestRevotron 1.2T XMS,2014,"76,499kms",Petrol,Manual,₹3.19 Lakh,bangalore
Honda,Honda AmazeS i-VTEC,2015,"64,083kms",Petrol,Manual,₹4.02 Lakh,bangalore
Skoda,Skoda Kushaq1.0 TSI Style BSVI,2021,"45,878kms",Petrol,Manual,₹10.70 Lakh,bangalore
Hyundai,Hyundai AlcazarPlatinum 7-Seater Diesel BSVI,2022,"80,331kms",Diesel,Manual,₹13.99 Lakh,bangalore
Hyundai,Hyundai i10Sportz,2013,"68,100kms",Petrol,Manual,₹2.85 Lakh,bangalore
Kia,Kia SeltosGTX Plus DCT,2020,"48,547kms",Petrol,Automatic,₹11.43 Lakh,bangalore
Skoda,Skoda Kushaq1.0 TSI Ambition BSVI,2022,"32,356kms",Petrol,Manual,₹8.49 Lakh,bangalore
Honda,Honda BR-VStyle Edition S,2018,"84,091kms",Petrol,Manual,₹6.47 Lakh,bangalore
Maruti,Maruti Vitara BrezzaZXI Plus AT,2022,"77,009kms",Petrol,Automatic,₹7.59 Lakh,bangalore
Maruti,Maruti Vitara BrezzaZDi,2019,"28,376kms",Diesel,Manual,₹8.23 Lakh,bangalore
Hyundai,Hyundai Grand i101.2 Kappa Asta,2021,"43,849kms",Petrol,Manual,₹6.14 Lakh,bangalore
Mahindra,Mahindra XUV500W10 2WD,2015,"77,461kms",Diesel,Manual,₹8.38 Lakh,bangalore
Honda,Honda Amaze 2nd GenVX CVT,2023,"32,339kms",Petrol,Automatic,₹7.13 Lakh,bangalore
Kia,Kia SeltosHTX Diesel AT,2021,"62,178kms",Diesel,Automatic,₹9.54 Lakh,bangalore
Nissan,Nissan MagniteTurbo CVT XV BSVI,2022,"27,479kms",Petrol,Automatic,₹6.90 Lakh,bangalore
Maruti,Maruti Wagon RAMT VXI,2016,"51,228kms",Petrol,Automatic,₹3.50 Lakh,bangalore
Skoda,Skoda Rapid1.0 TSI Ambition,2020,"38,988kms",Petrol,Manual,₹5.82 Lakh,bangalore
Maruti,Maruti Swift DzireAMT VXI,2018,"41,032kms",Petrol,Automatic,₹5.26 Lakh,bangalore
Renault,Renault KWIDRXT,2016,"48,861kms",Petrol,Manual,₹3.07 Lakh,bangalore
Honda,Honda JazzVX,2017,"1,10,412kms",Petrol,Manual,₹4.75 Lakh,bangalore
Tata,Tata ZestRevotron 1.2T XMS,2014,"76,499kms",Petrol,Manual,₹3.19 Lakh,bangalore
Honda,Honda AmazeS i-VTEC,2015,"64,083kms",Petrol,Manual,₹4.02 Lakh,bangalore
Hyundai,Hyundai AlcazarPlatinum 7-Seater Diesel BSVI,2022,"80,331kms",Diesel,Manual,₹13.99 Lakh,bangalore
Hyundai,Hyundai i10Sportz,2013,"68,100kms",Petrol,Manual,₹2.85 Lakh,bangalore
Kia,Kia SeltosGTX Plus DCT,2020,"48,547kms",Petrol,Automatic,₹11.43 Lakh,bangalore
Skoda,Skoda Kushaq1.0 TSI Style BSVI,2021,"45,878kms",Petrol,Manual,₹10.70 Lakh,bangalore
Skoda,Skoda Kushaq1.0 TSI Ambition BSVI,2022,"32,356kms",Petrol,Manual,₹8.49 Lakh,bangalore
Hyundai,Hyundai Verna1.6 SX VTVT AT,2017,"1,04,328kms",Petrol,Automatic,₹7.60 Lakh,bangalore
Honda,Honda Amaze 2nd GenVX CVT,2023,"32,339kms",Petrol,Automatic,₹7.13 Lakh,bangalore
Nissan,Nissan MagniteTurbo CVT XV BSVI,2022,"27,479kms",Petrol,Automatic,₹6.90 Lakh,bangalore
Kia,Kia SeltosHTX Diesel AT,2021,"62,178kms",Diesel,Automatic,₹9.54 Lakh,bangalore
Mahindra,Mahindra XUV500W10 2WD,2015,"77,461kms",Diesel,Manual,₹8.38 Lakh,bangalore
Hyundai,Hyundai Grand i101.2 Kappa Asta,2021,"43,849kms",Petrol,Manual,₹6.14 Lakh,bangalore
Maruti,Maruti Vitara BrezzaZXI Plus AT,2022,"77,009kms",Petrol,Automatic,₹7.59 Lakh,bangalore
Maruti,Maruti Vitara BrezzaZDi,2019,"28,376kms",Diesel,Manual,₹8.23 Lakh,bangalore
Maruti,Maruti Wagon RAMT VXI,2016,"51,228kms",Petrol,Automatic,₹3.50 Lakh,bangalore
Skoda,Skoda Rapid1.0 TSI Ambition,2020,"38,988kms",Petrol,Manual,₹5.82 Lakh,bangalore
Maruti,Maruti Swift DzireAMT VXI,2018,"41,032kms",Petrol,Automatic,₹5.26 Lakh,bangalore
Renault,Renault KWIDRXT,2016,"48,861kms",Petrol,Manual,₹3.07 Lakh,bangalore
Honda,Honda JazzVX,2017,"1,10,412kms",Petrol,Manual,₹4.75 Lakh,bangalore
Tata,Tata ZestRevotron 1.2T XMS,2014,"76,499kms",Petrol,Manual,₹3.19 Lakh,bangalore
Honda,Honda AmazeS i-VTEC,2015,"64,083kms",Petrol,Manual,₹4.02 Lakh,bangalore
Kia,Kia SeltosGTX Plus DCT,2020,"48,547kms",Petrol,Automatic,₹11.43 Lakh,bangalore
Hyundai,Hyundai i10Sportz,2013,"68,100kms",Petrol,Manual,₹2.85 Lakh,bangalore
Skoda,Skoda Kushaq1.0 TSI Style BSVI,2021,"45,878kms",Petrol,Manual,₹10.70 Lakh,bangalore
Hyundai,Hyundai AlcazarPlatinum 7-Seater Diesel BSVI,2022,"80,331kms",Diesel,Manual,₹13.99 Lakh,bangalore
Maruti,Maruti Vitara BrezzaZXI Plus AT,2022,"77,009kms",Petrol,Automatic,₹7.59 Lakh,bangalore
Kia,Kia SeltosHTX Diesel AT,2021,"62,178kms",Diesel,Automatic,₹9.54 Lakh,bangalore
Hyundai,Hyundai VenueS Turbo iMT,2021,"35,525kms",Petrol,Manual,₹6.69 Lakh,bangalore
Hyundai,Hyundai VenueSX Turbo iMT,2020,"58,065kms",Petrol,Manual,₹6.46 Lakh,bangalore
Maruti,Maruti Vitara BrezzaZDi Plus,2017,"74,011kms",Diesel,Manual,₹6.80 Lakh,bangalore
Nissan,Nissan MagniteTurbo CVT XV BSVI,2022,"27,479kms",Petrol,Automatic,₹6.90 Lakh,bangalore
Skoda,Skoda Kushaq1.0 TSI Ambition BSVI,2022,"32,356kms",Petrol,Manual,₹8.49 Lakh,bangalore
Hyundai,Hyundai Verna1.6 SX VTVT AT,2017,"1,04,328kms",Petrol,Automatic,₹7.60 Lakh,bangalore
Hyundai,Hyundai VenueS,2021,"48,742kms",Petrol,Manual,₹6.30 Lakh,bangalore
Renault,Renault KWIDRXT,2016,"48,861kms",Petrol,Manual,₹3.07 Lakh,bangalore
Honda,Honda JazzVX,2017,"1,10,412kms",Petrol,Manual,₹4.75 Lakh,bangalore
Maruti,Maruti Wagon RAMT VXI,2016,"51,228kms",Petrol,Automatic,₹3.50 Lakh,bangalore
Skoda,Skoda Rapid1.0 TSI Ambition,2020,"38,988kms",Petrol,Manual,₹5.82 Lakh,bangalore
Maruti,Maruti Swift DzireAMT VXI,2018,"41,032kms",Petrol,Automatic,₹5.26 Lakh,bangalore
Honda,Honda AmazeS i-VTEC,2015,"64,083kms",Petrol,Manual,₹4.02 Lakh,bangalore
Tata,Tata ZestRevotron 1.2T XMS,2014,"76,499kms",Petrol,Manual,₹3.19 Lakh,bangalore
Hyundai,Hyundai AlcazarPlatinum 7-Seater Diesel BSVI,2022,"80,331kms",Diesel,Manual,₹13.99 Lakh,bangalore
Skoda,Skoda Kushaq1.0 TSI Style BSVI,2021,"45,878kms",Petrol,Manual,₹10.70 Lakh,bangalore
Kia,Kia SeltosGTX Plus DCT,2020,"48,547kms",Petrol,Automatic,₹11.43 Lakh,bangalore
Hyundai,Hyundai i10Sportz,2013,"68,100kms",Petrol,Manual,₹2.85 Lakh,bangalore
Maruti,Maruti Vitara BrezzaZXI Plus AT,2022,"77,009kms",Petrol,Automatic,₹7.59 Lakh,bangalore
Kia,Kia SeltosHTX Diesel AT,2021,"62,178kms",Diesel,Automatic,₹9.54 Lakh,bangalore
Hyundai,Hyundai VenueS Turbo iMT,2021,"35,525kms",Petrol,Manual,₹6.69 Lakh,bangalore
Hyundai,Hyundai VenueSX Turbo iMT,2020,"58,065kms",Petrol,Manual,₹6.46 Lakh,bangalore
Maruti,Maruti Vitara BrezzaZDi Plus,2017,"74,011kms",Diesel,Manual,₹6.80 Lakh,bangalore
Nissan,Nissan MagniteTurbo CVT XV BSVI,2022,"27,479kms",Petrol,Automatic,₹6.90 Lakh,bangalore
Skoda,Skoda Kushaq1.0 TSI Ambition BSVI,2022,"32,356kms",Petrol,Manual,₹8.49 Lakh,bangalore
Hyundai,Hyundai Verna1.6 SX VTVT AT,2017,"1,04,328kms",Petrol,Automatic,₹7.60 Lakh,bangalore
Hyundai,Hyundai VenueS,2021,"48,742kms",Petrol,Manual,₹6.30 Lakh,bangalore
Renault,Renault KWIDRXT,2016,"48,861kms",Petrol,Manual,₹3.07 Lakh,bangalore
Honda,Honda JazzVX,2017,"1,10,412kms",Petrol,Manual,₹4.75 Lakh,bangalore
Maruti,Maruti Wagon RAMT VXI,2016,"51,228kms",Petrol,Automatic,₹3.50 Lakh,bangalore
Skoda,Skoda Rapid1.0 TSI Ambition,2020,"38,988kms",Petrol,Manual,₹5.82 Lakh,bangalore
Maruti,Maruti Swift DzireAMT VXI,2018,"41,032kms",Petrol,Automatic,₹5.26 Lakh,bangalore
Honda,Honda AmazeS i-VTEC,2015,"64,083kms",Petrol,Manual,₹4.02 Lakh,bangalore
Tata,Tata ZestRevotron 1.2T XMS,2014,"76,499kms",Petrol,Manual,₹3.19 Lakh,bangalore
Hyundai,Hyundai AlcazarPlatinum 7-Seater Diesel BSVI,2022,"80,331kms",Diesel,Manual,₹13.99 Lakh,bangalore
Skoda,Skoda Kushaq1.0 TSI Style BSVI,2021,"45,878kms",Petrol,Manual,₹10.70 Lakh,bangalore
Kia,Kia SeltosGTX Plus DCT,2020,"48,547kms",Petrol,Automatic,₹11.43 Lakh,bangalore
Hyundai,Hyundai i10Sportz,2013,"68,100kms",Petrol,Manual,₹2.85 Lakh,bangalore
Maruti,Maruti Vitara BrezzaZXI Plus AT,2022,"77,009kms",Petrol,Automatic,₹7.59 Lakh,bangalore
Kia,Kia SeltosHTX Diesel AT,2021,"62,178kms",Diesel,Automatic,₹9.54 Lakh,bangalore
Hyundai,Hyundai VenueS Turbo iMT,2021,"35,525kms",Petrol,Manual,₹6.69 Lakh,bangalore
Hyundai,Hyundai VenueSX Turbo iMT,2020,"58,065kms",Petrol,Manual,₹6.46 Lakh,bangalore
Maruti,Maruti Vitara BrezzaZDi Plus,2017,"74,011kms",Diesel,Manual,₹6.80 Lakh,bangalore
Nissan,Nissan MagniteTurbo CVT XV BSVI,2022,"27,479kms",Petrol,Automatic,₹6.90 Lakh,bangalore
Skoda,Skoda Kushaq1.0 TSI Ambition BSVI,2022,"32,356kms",Petrol,Manual,₹8.49 Lakh,bangalore
Hyundai,Hyundai Verna1.6 SX VTVT AT,2017,"1,04,328kms",Petrol,Automatic,₹7.60 Lakh,bangalore
Hyundai,Hyundai VenueS,2021,"48,742kms",Petrol,Manual,₹6.30 Lakh,bangalore
Renault,Renault KWIDRXT,2016,"48,861kms",Petrol,Manual,₹3.07 Lakh,bangalore
Honda,Honda JazzVX,2017,"1,10,412kms",Petrol,Manual,₹4.75 Lakh,bangalore
Maruti,Maruti Wagon RAMT VXI,2016,"51,228kms",Petrol,Automatic,₹3.50 Lakh,bangalore
Skoda,Skoda Rapid1.0 TSI Ambition,2020,"38,988kms",Petrol,Manual,₹5.82 Lakh,bangalore
Maruti,Maruti Swift DzireAMT VXI,2018,"41,032kms",Petrol,Automatic,₹5.26 Lakh,bangalore
Honda,Honda AmazeS i-VTEC,2015,"64,083kms",Petrol,Manual,₹4.02 Lakh,bangalore
Tata,Tata ZestRevotron 1.2T XMS,2014,"76,499kms",Petrol,Manual,₹3.19 Lakh,bangalore
Hyundai,Hyundai AlcazarPlatinum 7-Seater Diesel BSVI,2022,"80,331kms",Diesel,Manual,₹13.99 Lakh,bangalore
Skoda,Skoda Kushaq1.0 TSI Style BSVI,2021,"45,878kms",Petrol,Manual,₹10.70 Lakh,bangalore
Kia,Kia SeltosGTX Plus DCT,2020,"48,547kms",Petrol,Automatic,₹11.43 Lakh,bangalore
Hyundai,Hyundai i10Sportz,2013,"68,100kms",Petrol,Manual,₹2.85 Lakh,bangalore
Maruti,Maruti Vitara BrezzaZDi,2019,"28,376kms",Diesel,Manual,₹8.23 Lakh,bangalore
Mahindra,Mahindra XUV500W10 2WD,2015,"77,461kms",Diesel,Manual,₹8.38 Lakh,bangalore
Honda,Honda Amaze 2nd GenVX CVT,2023,"32,339kms",Petrol,Automatic,₹7.13 Lakh,bangalore
Hyundai,Hyundai Grand i101.2 Kappa Asta,2021,"43,849kms",Petrol,Manual,₹6.14 Lakh,bangalore
Maruti,Maruti Vitara BrezzaZXI Plus AT,2022,"77,009kms",Petrol,Automatic,₹7.59 Lakh,bangalore
Kia,Kia SeltosHTX Diesel AT,2021,"62,178kms",Diesel,Automatic,₹9.54 Lakh,bangalore
Hyundai,Hyundai VenueS Turbo iMT,2021,"35,525kms",Petrol,Manual,₹6.69 Lakh,bangalore
Hyundai,Hyundai VenueSX Turbo iMT,2020,"58,065kms",Petrol,Manual,₹6.46 Lakh,bangalore
Hyundai,Hyundai VenueS,2021,"48,742kms",Petrol,Manual,₹6.30 Lakh,bangalore
Renault,Renault KWIDRXT,2016,"48,861kms",Petrol,Manual,₹3.07 Lakh,bangalore
Honda,Honda JazzVX,2017,"1,10,412kms",Petrol,Manual,₹4.75 Lakh,bangalore
Maruti,Maruti Wagon RAMT VXI,2016,"51,228kms",Petrol,Automatic,₹3.50 Lakh,bangalore
Skoda,Skoda Rapid1.0 TSI Ambition,2020,"38,988kms",Petrol,Manual,₹5.82 Lakh,bangalore
Maruti,Maruti Swift DzireAMT VXI,2018,"41,032kms",Petrol,Automatic,₹5.26 Lakh,bangalore
Honda,Honda AmazeS i-VTEC,2015,"64,083kms",Petrol,Manual,₹4.02 Lakh,bangalore
Tata,Tata ZestRevotron 1.2T XMS,2014,"76,499kms",Petrol,Manual,₹3.19 Lakh,bangalore
Hyundai,Hyundai AlcazarPlatinum 7-Seater Diesel BSVI,2022,"80,331kms",Diesel,Manual,₹13.99 Lakh,bangalore
Skoda,Skoda Kushaq1.0 TSI Style BSVI,2021,"45,878kms",Petrol,Manual,₹10.70 Lakh,bangalore
Kia,Kia SeltosGTX Plus DCT,2020,"48,547kms",Petrol,Automatic,₹11.43 Lakh,bangalore
Hyundai,Hyundai i10Sportz,2013,"68,100kms",Petrol,Manual,₹2.85 Lakh,bangalore
Maruti,Maruti Vitara BrezzaZDi,2019,"28,376kms",Diesel,Manual,₹8.23 Lakh,bangalore
Mahindra,Mahindra XUV500W10 2WD,2015,"77,461kms",Diesel,Manual,₹8.38 Lakh,bangalore
Honda,Honda Amaze 2nd GenVX CVT,2023,"32,339kms",Petrol,Automatic,₹7.13 Lakh,bangalore
Hyundai,Hyundai Grand i101.2 Kappa Asta,2021,"43,849kms",Petrol,Manual,₹6.14 Lakh,bangalore
Maruti,Maruti Vitara BrezzaZXI Plus AT,2022,"77,009kms",Petrol,Automatic,₹7.59 Lakh,bangalore
Kia,Kia SeltosHTX Diesel AT,2021,"62,178kms",Diesel,Automatic,₹9.54 Lakh,bangalore
Hyundai,Hyundai VenueS Turbo iMT,2021,"35,525kms",Petrol,Manual,₹6.69 Lakh,bangalore
Hyundai,Hyundai VenueSX Turbo iMT,2020,"58,065kms",Petrol,Manual,₹6.46 Lakh,bangalore
Hyundai,Hyundai VenueS,2021,"48,742kms",Petrol,Manual,₹6.30 Lakh,bangalore
Renault,Renault KWIDRXT,2016,"48,861kms",Petrol,Manual,₹3.07 Lakh,bangalore
Honda,Honda JazzVX,2017,"1,10,412kms",Petrol,Manual,₹4.75 Lakh,bangalore
Maruti,Maruti Wagon RAMT VXI,2016,"51,228kms",Petrol,Automatic,₹3.50 Lakh,bangalore
Skoda,Skoda Rapid1.0 TSI Ambition,2020,"38,988kms",Petrol,Manual,₹5.82 Lakh,bangalore
Maruti,Maruti Swift DzireAMT VXI,2018,"41,032kms",Petrol,Automatic,₹5.26 Lakh,bangalore
Honda,Honda AmazeS i-VTEC,2015,"64,083kms",Petrol,Manual,₹4.02 Lakh,bangalore
Tata,Tata ZestRevotron 1.2T XMS,2014,"76,499kms",Petrol,Manual,₹3.19 Lakh,bangalore
Hyundai,Hyundai AlcazarPlatinum 7-Seater Diesel BSVI,2022,"80,331kms",Diesel,Manual,₹13.99 Lakh,bangalore
Skoda,Skoda Kushaq1.0 TSI Style BSVI,2021,"45,878kms",Petrol,Manual,₹10.70 Lakh,bangalore
Kia,Kia SeltosGTX Plus DCT,2020,"48,547kms",Petrol,Automatic,₹11.43 Lakh,bangalore
Hyundai,Hyundai i10Sportz,2013,"68,100kms",Petrol,Manual,₹2.85 Lakh,bangalore
Honda,Honda BR-VStyle Edition S,2018,"84,091kms",Petrol,Manual,₹6.47 Lakh,bangalore
Hyundai,Hyundai VenueS Turbo iMT,2022,"19,024kms",Petrol,Manual,₹7.23 Lakh,bangalore
Hyundai,Hyundai VenueS,2021,"48,742kms",Petrol,Manual,₹6.30 Lakh,bangalore
Hyundai,Hyundai VenueS Turbo iMT,2021,"35,525kms",Petrol,Manual,₹6.69 Lakh,bangalore
Maruti,Maruti Vitara BrezzaZDi Plus,2017,"74,011kms",Diesel,Manual,₹6.80 Lakh,bangalore
Skoda,Skoda Kushaq1.0 TSI Ambition BSVI,2022,"32,356kms",Petrol,Manual,₹8.49 Lakh,bangalore
Hyundai,Hyundai Verna1.6 SX VTVT AT,2017,"1,04,328kms",Petrol,Automatic,₹7.60 Lakh,bangalore
Hyundai,Hyundai VenueSX Turbo iMT,2020,"58,065kms",Petrol,Manual,₹6.46 Lakh,bangalore
Maruti,Maruti Vitara BrezzaZXI Plus AT,2022,"77,009kms",Petrol,Automatic,₹7.59 Lakh,bangalore
Renault,Renault KWIDRXT,2016,"48,861kms",Petrol,Manual,₹3.07 Lakh,bangalore
Honda,Honda JazzVX,2017,"1,10,412kms",Petrol,Manual,₹4.75 Lakh,bangalore
Maruti,Maruti Wagon RAMT VXI,2016,"51,228kms",Petrol,Automatic,₹3.50 Lakh,bangalore
Skoda,Skoda Rapid1.0 TSI Ambition,2020,"38,988kms",Petrol,Manual,₹5.82 Lakh,bangalore
Maruti,Maruti Swift DzireAMT VXI,2018,"41,032kms",Petrol,Automatic,₹5.26 Lakh,bangalore
Honda,Honda AmazeS i-VTEC,2015,"64,083kms",Petrol,Manual,₹4.02 Lakh,bangalore
Tata,Tata ZestRevotron 1.2T XMS,2014,"76,499kms",Petrol,Manual,₹3.19 Lakh,bangalore
Skoda,Skoda Kushaq1.0 TSI Style BSVI,2021,"45,878kms",Petrol,Manual,₹10.70 Lakh,bangalore
Hyundai,Hyundai AlcazarPlatinum 7-Seater Diesel BSVI,2022,"80,331kms",Diesel,Manual,₹13.99 Lakh,bangalore
Kia,Kia SeltosGTX Plus DCT,2020,"48,547kms",Petrol,Automatic,₹11.43 Lakh,bangalore
Hyundai,Hyundai i10Sportz,2013,"68,100kms",Petrol,Manual,₹2.85 Lakh,bangalore
Mahindra,Mahindra XUV500W11 Option,2021,"21,439kms",Diesel,Manual,₹15.30 Lakh,bangalore
Mahindra,Mahindra XUV700AX7 7Str AT,2022,"49,633kms",Petrol,Automatic,₹18.54 Lakh,bangalore
Mahindra,Mahindra XUV500W8 2WD,2014,"71,221kms",Diesel,Manual,₹6.50 Lakh,bangalore
Mahindra,Mahindra XUV500W7,2018,"90,668kms",Diesel,Manual,₹8.87 Lakh,bangalore
Renault,Renault TriberRXZ,2022,"25,243kms",Petrol,Manual,₹6.54 Lakh,bangalore
Hyundai,Hyundai i20Sportz Petrol,2011,"82,839kms",Petrol,Manual,₹2.48 Lakh,bangalore
Hyundai,Hyundai Grand i101.2 Kappa Asta,2014,"61,894kms",Petrol,Manual,₹3.53 Lakh,bangalore
Hyundai,Hyundai i201.2 Asta Option,2016,"1,08,313kms",Petrol,Manual,₹5.43 Lakh,bangalore
Renault,Renault KWID1.0 RXT AMT Opt,2019,"34,762kms",Petrol,Automatic,₹3.67 Lakh,bangalore
Renault,Renault KWIDRXT,2016,"88,138kms",Petrol,Manual,₹2.26 Lakh,bangalore
Maruti,Maruti Alto 800LXI Opt BSIV,2019,"14,377kms",Petrol,Manual,₹2.24 Lakh,bangalore
Datsun,Datsun RediGOT Option,2016,"51,150kms",Petrol,Manual,₹2.08 Lakh,bangalore
Maruti,Maruti Wagon RAMT VXI,2016,"85,608kms",Petrol,Automatic,₹2.90 Lakh,bangalore
Mahindra,Mahindra KUV 100mFALCON G80 K6,2016,"34,715kms",Petrol,Manual,₹2.98 Lakh,bangalore
Honda,Honda AmazeEX i-Vtech,2014,"1,44,908kms",Petrol,Manual,₹2.71 Lakh,bangalore
Ford,Ford FigoAmbiente BSIV,2011,"73,382kms",Petrol,Manual,₹2.36 Lakh,bangalore
Renault,Renault KWID1.0 RXT Opt,2018,"1,15,721kms",Petrol,Manual,₹2.94 Lakh,bangalore
Hyundai,Hyundai EONMagna Plus,2018,"1,09,456kms",Petrol,Manual,₹2.61 Lakh,bangalore
Maruti,Maruti XL6Zeta AT,2020,"11,644kms",Petrol,Automatic,₹9.20 Lakh,bangalore
Honda,Honda Amaze 2nd GenVX CVT,2023,"23,392kms",Petrol,Automatic,₹7.96 Lakh,bangalore
Mahindra,Mahindra XUV500W11 Option,2021,"21,439kms",Diesel,Manual,₹15.30 Lakh,bangalore
Mahindra,Mahindra XUV700AX7 7Str AT,2022,"49,633kms",Petrol,Automatic,₹18.54 Lakh,bangalore
Mahindra,Mahindra XUV500W8 2WD,2014,"71,221kms",Diesel,Manual,₹6.50 Lakh,bangalore
Renault,Renault TriberRXZ,2022,"25,243kms",Petrol,Manual,₹6.54 Lakh,bangalore
Mahindra,Mahindra XUV500W7,2018,"90,668kms",Diesel,Manual,₹8.87 Lakh,bangalore
Hyundai,Hyundai i20Sportz Petrol,2011,"82,839kms",Petrol,Manual,₹2.48 Lakh,bangalore
Hyundai,Hyundai Grand i101.2 Kappa Asta,2014,"61,894kms",Petrol,Manual,₹3.53 Lakh,bangalore
Hyundai,Hyundai i201.2 Asta Option,2016,"1,08,313kms",Petrol,Manual,₹5.43 Lakh,bangalore
Renault,Renault KWID1.0 RXT AMT Opt,2019,"34,762kms",Petrol,Automatic,₹3.67 Lakh,bangalore
Renault,Renault KWIDRXT,2016,"88,138kms",Petrol,Manual,₹2.26 Lakh,bangalore
Hyundai,Hyundai EONMagna Plus,2018,"1,09,456kms",Petrol,Manual,₹2.61 Lakh,bangalore
Maruti,Maruti Wagon RAMT VXI,2016,"85,608kms",Petrol,Automatic,₹2.90 Lakh,bangalore
Mahindra,Mahindra KUV 100mFALCON G80 K6,2016,"34,715kms",Petrol,Manual,₹2.98 Lakh,bangalore
Honda,Honda AmazeEX i-Vtech,2014,"1,44,908kms",Petrol,Manual,₹2.71 Lakh,bangalore
Ford,Ford FigoAmbiente BSIV,2011,"73,382kms",Petrol,Manual,₹2.36 Lakh,bangalore
Renault,Renault KWID1.0 RXT Opt,2018,"1,15,721kms",Petrol,Manual,₹2.94 Lakh,bangalore
Maruti,Maruti Alto 800LXI Opt BSIV,2019,"14,377kms",Petrol,Manual,₹2.24 Lakh,bangalore
Datsun,Datsun RediGOT Option,2016,"51,150kms",Petrol,Manual,₹2.08 Lakh,bangalore
Honda,Honda Amaze 2nd GenVX CVT,2023,"23,392kms",Petrol,Automatic,₹7.96 Lakh,bangalore
Maruti,Maruti XL6Zeta AT,2020,"11,644kms",Petrol,Automatic,₹9.20 Lakh,bangalore
Mahindra,Mahindra XUV500W11 Option,2021,"21,439kms",Diesel,Manual,₹15.30 Lakh,bangalore
Mahindra,Mahindra XUV700AX7 7Str AT,2022,"49,633kms",Petrol,Automatic,₹18.54 Lakh,bangalore
Mahindra,Mahindra XUV500W8 2WD,2014,"71,221kms",Diesel,Manual,₹6.50 Lakh,bangalore
Renault,Renault TriberRXZ,2022,"25,243kms",Petrol,Manual,₹6.54 Lakh,bangalore
Mahindra,Mahindra XUV500W7,2018,"90,668kms",Diesel,Manual,₹8.87 Lakh,bangalore
Hyundai,Hyundai i20Sportz Petrol,2011,"82,839kms",Petrol,Manual,₹2.48 Lakh,bangalore
Hyundai,Hyundai Grand i101.2 Kappa Asta,2014,"61,894kms",Petrol,Manual,₹3.53 Lakh,bangalore
Hyundai,Hyundai i201.2 Asta Option,2016,"1,08,313kms",Petrol,Manual,₹5.43 Lakh,bangalore
Renault,Renault KWID1.0 RXT AMT Opt,2019,"34,762kms",Petrol,Automatic,₹3.67 Lakh,bangalore
Renault,Renault KWIDRXT,2016,"88,138kms",Petrol,Manual,₹2.26 Lakh,bangalore
Hyundai,Hyundai EONMagna Plus,2018,"1,09,456kms",Petrol,Manual,₹2.61 Lakh,bangalore
Maruti,Maruti Wagon RAMT VXI,2016,"85,608kms",Petrol,Automatic,₹2.90 Lakh,bangalore
Mahindra,Mahindra KUV 100mFALCON G80 K6,2016,"34,715kms",Petrol,Manual,₹2.98 Lakh,bangalore
Honda,Honda AmazeEX i-Vtech,2014,"1,44,908kms",Petrol,Manual,₹2.71 Lakh,bangalore
Ford,Ford FigoAmbiente BSIV,2011,"73,382kms",Petrol,Manual,₹2.36 Lakh,bangalore
Renault,Renault KWID1.0 RXT Opt,2018,"1,15,721kms",Petrol,Manual,₹2.94 Lakh,bangalore
Maruti,Maruti Alto 800LXI Opt BSIV,2019,"14,377kms",Petrol,Manual,₹2.24 Lakh,bangalore
Datsun,Datsun RediGOT Option,2016,"51,150kms",Petrol,Manual,₹2.08 Lakh,bangalore
Honda,Honda Amaze 2nd GenVX CVT,2023,"23,392kms",Petrol,Automatic,₹7.96 Lakh,bangalore
Maruti,Maruti XL6Zeta AT,2020,"11,644kms",Petrol,Automatic,₹9.20 Lakh,bangalore
Mahindra,Mahindra XUV500W11 Option,2021,"21,439kms",Diesel,Manual,₹15.30 Lakh,bangalore
Mahindra,Mahindra XUV700AX7 7Str AT,2022,"49,633kms",Petrol,Automatic,₹18.54 Lakh,bangalore
Mahindra,Mahindra XUV500W8 2WD,2014,"71,221kms",Diesel,Manual,₹6.50 Lakh,bangalore
Renault,Renault TriberRXZ,2022,"25,243kms",Petrol,Manual,₹6.54 Lakh,bangalore
Mahindra,Mahindra XUV500W7,2018,"90,668kms",Diesel,Manual,₹8.87 Lakh,bangalore
Hyundai,Hyundai i20Sportz Petrol,2011,"82,839kms",Petrol,Manual,₹2.48 Lakh,bangalore
Hyundai,Hyundai Grand i101.2 Kappa Asta,2014,"61,894kms",Petrol,Manual,₹3.53 Lakh,bangalore
Hyundai,Hyundai i201.2 Asta Option,2016,"1,08,313kms",Petrol,Manual,₹5.43 Lakh,bangalore
Renault,Renault KWID1.0 RXT AMT Opt,2019,"34,762kms",Petrol,Automatic,₹3.67 Lakh,bangalore
Renault,Renault KWIDRXT,2016,"88,138kms",Petrol,Manual,₹2.26 Lakh,bangalore
Hyundai,Hyundai EONMagna Plus,2018,"1,09,456kms",Petrol,Manual,₹2.61 Lakh,bangalore
Ford,Ford FigoAmbiente BSIV,2011,"73,382kms",Petrol,Manual,₹2.36 Lakh,bangalore
Maruti,Maruti Alto 800LXI Opt BSIV,2019,"14,377kms",Petrol,Manual,₹2.24 Lakh,bangalore
Datsun,Datsun RediGOT Option,2016,"51,150kms",Petrol,Manual,₹2.08 Lakh,bangalore
Renault,Renault KWID1.0 RXT Opt,2018,"1,15,721kms",Petrol,Manual,₹2.94 Lakh,bangalore
Maruti,Maruti Wagon RAMT VXI,2016,"85,608kms",Petrol,Automatic,₹2.90 Lakh,bangalore
Mahindra,Mahindra KUV 100mFALCON G80 K6,2016,"34,715kms",Petrol,Manual,₹2.98 Lakh,bangalore
Honda,Honda AmazeEX i-Vtech,2014,"1,44,908kms",Petrol,Manual,₹2.71 Lakh,bangalore
Honda,Honda Amaze 2nd GenVX CVT,2023,"23,392kms",Petrol,Automatic,₹7.96 Lakh,bangalore
Maruti,Maruti XL6Zeta AT,2020,"11,644kms",Petrol,Automatic,₹9.20 Lakh,bangalore
Mahindra,Mahindra XUV500W11 Option,2021,"21,439kms",Diesel,Manual,₹15.30 Lakh,bangalore
Mahindra,Mahindra XUV700AX7 7Str AT,2022,"49,633kms",Petrol,Automatic,₹18.54 Lakh,bangalore
Mahindra,Mahindra XUV500W8 2WD,2014,"71,221kms",Diesel,Manual,₹6.50 Lakh,bangalore
Renault,Renault TriberRXZ,2022,"25,243kms",Petrol,Manual,₹6.54 Lakh,bangalore
Mahindra,Mahindra XUV500W7,2018,"90,668kms",Diesel,Manual,₹8.87 Lakh,bangalore
Hyundai,Hyundai i20Sportz Petrol,2011,"82,839kms",Petrol,Manual,₹2.48 Lakh,bangalore
Hyundai,Hyundai Grand i101.2 Kappa Asta,2014,"61,894kms",Petrol,Manual,₹3.53 Lakh,bangalore
Hyundai,Hyundai i201.2 Asta Option,2016,"1,08,313kms",Petrol,Manual,₹5.43 Lakh,bangalore
Renault,Renault KWID1.0 RXT AMT Opt,2019,"34,762kms",Petrol,Automatic,₹3.67 Lakh,bangalore
Renault,Renault KWIDRXT,2016,"88,138kms",Petrol,Manual,₹2.26 Lakh,bangalore
Hyundai,Hyundai EONMagna Plus,2018,"1,09,456kms",Petrol,Manual,₹2.61 Lakh,bangalore
Ford,Ford FigoAmbiente BSIV,2011,"73,382kms",Petrol,Manual,₹2.36 Lakh,bangalore
Maruti,Maruti Alto 800LXI Opt BSIV,2019,"14,377kms",Petrol,Manual,₹2.24 Lakh,bangalore
Datsun,Datsun RediGOT Option,2016,"51,150kms",Petrol,Manual,₹2.08 Lakh,bangalore
Renault,Renault KWID1.0 RXT Opt,2018,"1,15,721kms",Petrol,Manual,₹2.94 Lakh,bangalore
Maruti,Maruti Wagon RAMT VXI,2016,"85,608kms",Petrol,Automatic,₹2.90 Lakh,bangalore
Mahindra,Mahindra KUV 100mFALCON G80 K6,2016,"34,715kms",Petrol,Manual,₹2.98 Lakh,bangalore
Honda,Honda AmazeEX i-Vtech,2014,"1,44,908kms",Petrol,Manual,₹2.71 Lakh,bangalore
Honda,Honda Amaze 2nd GenVX CVT,2023,"23,392kms",Petrol,Automatic,₹7.96 Lakh,bangalore
Maruti,Maruti XL6Zeta AT,2020,"11,644kms",Petrol,Automatic,₹9.20 Lakh,bangalore
Skoda,Skoda SuperbStyle 1.8 TSI AT,2018,"53,898kms",Petrol,Automatic,₹16.55 Lakh,bangalore
Mahindra,Mahindra XUV700AX7 7Str AT,2022,"49,633kms",Petrol,Automatic,₹18.54 Lakh,bangalore
Mahindra,Mahindra XUV500W8 2WD,2014,"71,221kms",Diesel,Manual,₹6.50 Lakh,bangalore
Mahindra,Mahindra XUV500W7,2018,"90,668kms",Diesel,Manual,₹8.87 Lakh,bangalore
Renault,Renault TriberRXZ,2022,"25,243kms",Petrol,Manual,₹6.54 Lakh,bangalore
Hyundai,Hyundai i20Sportz Petrol,2011,"82,839kms",Petrol,Manual,₹2.48 Lakh,bangalore
Hyundai,Hyundai Grand i101.2 Kappa Asta,2014,"61,894kms",Petrol,Manual,₹3.53 Lakh,bangalore
Hyundai,Hyundai i201.2 Asta Option,2016,"1,08,313kms",Petrol,Manual,₹5.43 Lakh,bangalore
Renault,Renault KWID1.0 RXT AMT Opt,2019,"34,762kms",Petrol,Automatic,₹3.67 Lakh,bangalore
Renault,Renault KWIDRXT,2016,"88,138kms",Petrol,Manual,₹2.26 Lakh,bangalore
Maruti,Maruti Alto 800LXI Opt BSIV,2019,"14,377kms",Petrol,Manual,₹2.24 Lakh,bangalore
Datsun,Datsun RediGOT Option,2016,"51,150kms",Petrol,Manual,₹2.08 Lakh,bangalore
Maruti,Maruti Wagon RAMT VXI,2016,"85,608kms",Petrol,Automatic,₹2.90 Lakh,bangalore
Mahindra,Mahindra KUV 100mFALCON G80 K6,2016,"34,715kms",Petrol,Manual,₹2.98 Lakh,bangalore
Honda,Honda AmazeEX i-Vtech,2014,"1,44,908kms",Petrol,Manual,₹2.71 Lakh,bangalore
Ford,Ford FigoAmbiente BSIV,2011,"73,382kms",Petrol,Manual,₹2.36 Lakh,bangalore
Renault,Renault KWID1.0 RXT Opt,2018,"1,15,721kms",Petrol,Manual,₹2.94 Lakh,bangalore
Hyundai,Hyundai EONMagna Plus,2018,"1,09,456kms",Petrol,Manual,₹2.61 Lakh,bangalore
Maruti,Maruti XL6Zeta AT,2020,"11,644kms",Petrol,Automatic,₹9.20 Lakh,bangalore
Honda,Honda Amaze 2nd GenVX CVT,2023,"23,392kms",Petrol,Automatic,₹7.96 Lakh,bangalore
Mahindra,Mahindra XUV500W11 Option,2021,"21,439kms",Diesel,Manual,₹15.30 Lakh,bangalore
Mahindra,Mahindra XUV700AX7 7Str AT,2022,"49,633kms",Petrol,Automatic,₹18.54 Lakh,bangalore
Mahindra,Mahindra XUV500W8 2WD,2014,"71,221kms",Diesel,Manual,₹6.50 Lakh,bangalore
Renault,Renault TriberRXZ,2022,"25,243kms",Petrol,Manual,₹6.54 Lakh,bangalore
Mahindra,Mahindra XUV500W7,2018,"90,668kms",Diesel,Manual,₹8.87 Lakh,bangalore
Hyundai,Hyundai i20Sportz Petrol,2011,"82,839kms",Petrol,Manual,₹2.48 Lakh,bangalore
Hyundai,Hyundai Grand i101.2 Kappa Asta,2014,"61,894kms",Petrol,Manual,₹3.53 Lakh,bangalore
Hyundai,Hyundai i201.2 Asta Option,2016,"1,08,313kms",Petrol,Manual,₹5.43 Lakh,bangalore
Renault,Renault KWID1.0 RXT AMT Opt,2019,"34,762kms",Petrol,Automatic,₹3.67 Lakh,bangalore
Renault,Renault KWIDRXT,2016,"88,138kms",Petrol,Manual,₹2.26 Lakh,bangalore
Hyundai,Hyundai EONMagna Plus,2018,"1,09,456kms",Petrol,Manual,₹2.61 Lakh,bangalore
Ford,Ford FigoAmbiente BSIV,2011,"73,382kms",Petrol,Manual,₹2.36 Lakh,bangalore
Maruti,Maruti Alto 800LXI Opt BSIV,2019,"14,377kms",Petrol,Manual,₹2.24 Lakh,bangalore
Datsun,Datsun RediGOT Option,2016,"51,150kms",Petrol,Manual,₹2.08 Lakh,bangalore
Renault,Renault KWID1.0 RXT Opt,2018,"1,15,721kms",Petrol,Manual,₹2.94 Lakh,bangalore
Maruti,Maruti Wagon RAMT VXI,2016,"85,608kms",Petrol,Automatic,₹2.90 Lakh,bangalore
Mahindra,Mahindra KUV 100mFALCON G80 K6,2016,"34,715kms",Petrol,Manual,₹2.98 Lakh,bangalore
Honda,Honda AmazeEX i-Vtech,2014,"1,44,908kms",Petrol,Manual,₹2.71 Lakh,bangalore
Honda,Honda Amaze 2nd GenVX CVT,2023,"23,392kms",Petrol,Automatic,₹7.96 Lakh,bangalore
Maruti,Maruti XL6Zeta AT,2020,"11,644kms",Petrol,Automatic,₹9.20 Lakh,bangalore
Mahindra,Mahindra XUV500W11 Option,2021,"21,439kms",Diesel,Manual,₹15.30 Lakh,bangalore
Mahindra,Mahindra XUV700AX7 7Str AT,2022,"49,633kms",Petrol,Automatic,₹18.54 Lakh,bangalore
Mahindra,Mahindra XUV500W8 2WD,2014,"71,221kms",Diesel,Manual,₹6.50 Lakh,bangalore
Renault,Renault TriberRXZ,2022,"25,243kms",Petrol,Manual,₹6.54 Lakh,bangalore
Mahindra,Mahindra XUV500W7,2018,"90,668kms",Diesel,Manual,₹8.87 Lakh,bangalore
Hyundai,Hyundai i20Sportz Petrol,2011,"82,839kms",Petrol,Manual,₹2.48 Lakh,bangalore
Hyundai,Hyundai Grand i101.2 Kappa Asta,2014,"61,894kms",Petrol,Manual,₹3.53 Lakh,bangalore
Hyundai,Hyundai i201.2 Asta Option,2016,"1,08,313kms",Petrol,Manual,₹5.43 Lakh,bangalore
Renault,Renault KWID1.0 RXT AMT Opt,2019,"34,762kms",Petrol,Automatic,₹3.67 Lakh,bangalore
Renault,Renault KWIDRXT,2016,"88,138kms",Petrol,Manual,₹2.26 Lakh,bangalore
Hyundai,Hyundai EONMagna Plus,2018,"1,09,456kms",Petrol,Manual,₹2.61 Lakh,bangalore
Ford,Ford FigoAmbiente BSIV,2011,"73,382kms",Petrol,Manual,₹2.36 Lakh,bangalore
Maruti,Maruti Alto 800LXI Opt BSIV,2019,"14,377kms",Petrol,Manual,₹2.24 Lakh,bangalore
Datsun,Datsun RediGOT Option,2016,"51,150kms",Petrol,Manual,₹2.08 Lakh,bangalore
Renault,Renault KWID1.0 RXT Opt,2018,"1,15,721kms",Petrol,Manual,₹2.94 Lakh,bangalore
Maruti,Maruti Wagon RAMT VXI,2016,"85,608kms",Petrol,Automatic,₹2.90 Lakh,bangalore
Mahindra,Mahindra KUV 100mFALCON G80 K6,2016,"34,715kms",Petrol,Manual,₹2.98 Lakh,bangalore
Honda,Honda AmazeEX i-Vtech,2014,"1,44,908kms",Petrol,Manual,₹2.71 Lakh,bangalore
Honda,Honda Amaze 2nd GenVX CVT,2023,"23,392kms",Petrol,Automatic,₹7.96 Lakh,bangalore
Maruti,Maruti XL6Zeta AT,2020,"11,644kms",Petrol,Automatic,₹9.20 Lakh,bangalore
Mahindra,Mahindra XUV500W11 Option,2021,"21,439kms",Diesel,Manual,₹15.30 Lakh,bangalore
Mahindra,Mahindra XUV700AX7 7Str AT,2022,"49,633kms",Petrol,Automatic,₹18.54 Lakh,bangalore
Mahindra,Mahindra XUV500W8 2WD,2014,"71,221kms",Diesel,Manual,₹6.50 Lakh,bangalore
Renault,Renault TriberRXZ,2022,"25,243kms",Petrol,Manual,₹6.54 Lakh,bangalore
Mahindra,Mahindra XUV500W7,2018,"90,668kms",Diesel,Manual,₹8.87 Lakh,bangalore
Hyundai,Hyundai i20Sportz Petrol,2011,"82,839kms",Petrol,Manual,₹2.48 Lakh,bangalore
Hyundai,Hyundai Grand i101.2 Kappa Asta,2014,"61,894kms",Petrol,Manual,₹3.53 Lakh,bangalore
Hyundai,Hyundai i201.2 Asta Option,2016,"1,08,313kms",Petrol,Manual,₹5.43 Lakh,bangalore
Renault,Renault KWID1.0 RXT AMT Opt,2019,"34,762kms",Petrol,Automatic,₹3.67 Lakh,bangalore
Renault,Renault KWIDRXT,2016,"88,138kms",Petrol,Manual,₹2.26 Lakh,bangalore
Hyundai,Hyundai EONMagna Plus,2018,"1,09,456kms",Petrol,Manual,₹2.61 Lakh,bangalore
Maruti,Maruti Wagon RAMT VXI,2016,"85,608kms",Petrol,Automatic,₹2.90 Lakh,bangalore
Mahindra,Mahindra KUV 100mFALCON G80 K6,2016,"34,715kms",Petrol,Manual,₹2.98 Lakh,bangalore
Honda,Honda AmazeEX i-Vtech,2014,"1,44,908kms",Petrol,Manual,₹2.71 Lakh,bangalore
Ford,Ford FigoAmbiente BSIV,2011,"73,382kms",Petrol,Manual,₹2.36 Lakh,bangalore
Renault,Renault KWID1.0 RXT Opt,2018,"1,15,721kms",Petrol,Manual,₹2.94 Lakh,bangalore
Maruti,Maruti Alto 800LXI Opt BSIV,2019,"14,377kms",Petrol,Manual,₹2.24 Lakh,bangalore
Datsun,Datsun RediGOT Option,2016,"51,150kms",Petrol,Manual,₹2.08 Lakh,bangalore
Honda,Honda Amaze 2nd GenVX CVT,2023,"23,392kms",Petrol,Automatic,₹7.96 Lakh,bangalore
Maruti,Maruti XL6Zeta AT,2020,"11,644kms",Petrol,Automatic,₹9.20 Lakh,bangalore
Skoda,Skoda SuperbStyle 1.8 TSI AT,2018,"53,898kms",Petrol,Automatic,₹16.55 Lakh,bangalore
Mahindra,Mahindra XUV700AX7 7Str AT,2022,"49,633kms",Petrol,Automatic,₹18.54 Lakh,bangalore
Mahindra,Mahindra XUV500W8 2WD,2014,"71,221kms",Diesel,Manual,₹6.50 Lakh,bangalore
Mahindra,Mahindra XUV500W7,2018,"90,668kms",Diesel,Manual,₹8.87 Lakh,bangalore
Renault,Renault TriberRXZ,2022,"25,243kms",Petrol,Manual,₹6.54 Lakh,bangalore
Hyundai,Hyundai i20Sportz Petrol,2011,"82,839kms",Petrol,Manual,₹2.48 Lakh,bangalore
Hyundai,Hyundai Grand i101.2 Kappa Asta,2014,"61,894kms",Petrol,Manual,₹3.53 Lakh,bangalore
Hyundai,Hyundai i201.2 Asta Option,2016,"1,08,313kms",Petrol,Manual,₹5.43 Lakh,bangalore
Renault,Renault KWID1.0 RXT AMT Opt,2019,"34,762kms",Petrol,Automatic,₹3.67 Lakh,bangalore
Renault,Renault KWIDRXT,2016,"88,138kms",Petrol,Manual,₹2.26 Lakh,bangalore
Maruti,Maruti Alto 800LXI Opt BSIV,2019,"14,377kms",Petrol,Manual,₹2.24 Lakh,bangalore
Datsun,Datsun RediGOT Option,2016,"51,150kms",Petrol,Manual,₹2.08 Lakh,bangalore
Maruti,Maruti Wagon RAMT VXI,2016,"85,608kms",Petrol,Automatic,₹2.90 Lakh,bangalore
Mahindra,Mahindra KUV 100mFALCON G80 K6,2016,"34,715kms",Petrol,Manual,₹2.98 Lakh,bangalore
Honda,Honda AmazeEX i-Vtech,2014,"1,44,908kms",Petrol,Manual,₹2.71 Lakh,bangalore
Ford,Ford FigoAmbiente BSIV,2011,"73,382kms",Petrol,Manual,₹2.36 Lakh,bangalore
Renault,Renault KWID1.0 RXT Opt,2018,"1,15,721kms",Petrol,Manual,₹2.94 Lakh,bangalore
Hyundai,Hyundai EONMagna Plus,2018,"1,09,456kms",Petrol,Manual,₹2.61 Lakh,bangalore
Maruti,Maruti XL6Zeta AT,2020,"11,644kms",Petrol,Automatic,₹9.20 Lakh,bangalore
Honda,Honda Amaze 2nd GenVX CVT,2023,"23,392kms",Petrol,Automatic,₹7.96 Lakh,bangalore
Mahindra,Mahindra XUV500W11 Option,2021,"21,439kms",Diesel,Manual,₹15.30 Lakh,bangalore
Mahindra,Mahindra XUV700AX7 7Str AT,2022,"49,633kms",Petrol,Automatic,₹18.54 Lakh,bangalore
Mahindra,Mahindra XUV500W8 2WD,2014,"71,221kms",Diesel,Manual,₹6.50 Lakh,bangalore
Renault,Renault TriberRXZ,2022,"25,243kms",Petrol,Manual,₹6.54 Lakh,bangalore
Mahindra,Mahindra XUV500W7,2018,"90,668kms",Diesel,Manual,₹8.87 Lakh,bangalore
Hyundai,Hyundai i20Sportz Petrol,2011,"82,839kms",Petrol,Manual,₹2.48 Lakh,bangalore
Hyundai,Hyundai Grand i101.2 Kappa Asta,2014,"61,894kms",Petrol,Manual,₹3.53 Lakh,bangalore
Hyundai,Hyundai i201.2 Asta Option,2016,"1,08,313kms",Petrol,Manual,₹5.43 Lakh,bangalore
Renault,Renault KWID1.0 RXT AMT Opt,2019,"34,762kms",Petrol,Automatic,₹3.67 Lakh,bangalore
Renault,Renault KWIDRXT,2016,"88,138kms",Petrol,Manual,₹2.26 Lakh,bangalore
Hyundai,Hyundai EONMagna Plus,2018,"1,09,456kms",Petrol,Manual,₹2.61 Lakh,bangalore
Ford,Ford FigoAmbiente BSIV,2011,"73,382kms",Petrol,Manual,₹2.36 Lakh,bangalore
Maruti,Maruti Alto 800LXI Opt BSIV,2019,"14,377kms",Petrol,Manual,₹2.24 Lakh,bangalore
Datsun,Datsun RediGOT Option,2016,"51,150kms",Petrol,Manual,₹2.08 Lakh,bangalore
Renault,Renault KWID1.0 RXT Opt,2018,"1,15,721kms",Petrol,Manual,₹2.94 Lakh,bangalore
Maruti,Maruti Wagon RAMT VXI,2016,"85,608kms",Petrol,Automatic,₹2.90 Lakh,bangalore
Mahindra,Mahindra KUV 100mFALCON G80 K6,2016,"34,715kms",Petrol,Manual,₹2.98 Lakh,bangalore
Honda,Honda AmazeEX i-Vtech,2014,"1,44,908kms",Petrol,Manual,₹2.71 Lakh,bangalore
Honda,Honda Amaze 2nd GenVX CVT,2023,"23,392kms",Petrol,Automatic,₹7.96 Lakh,bangalore
Maruti,Maruti XL6Zeta AT,2020,"11,644kms",Petrol,Automatic,₹9.20 Lakh,bangalore
Mahindra,Mahindra XUV500W11 Option,2021,"21,439kms",Diesel,Manual,₹15.30 Lakh,bangalore
Mahindra,Mahindra XUV700AX7 7Str AT,2022,"49,633kms",Petrol,Automatic,₹18.54 Lakh,bangalore
Mahindra,Mahindra XUV500W8 2WD,2014,"71,221kms",Diesel,Manual,₹6.50 Lakh,bangalore
Renault,Renault TriberRXZ,2022,"25,243kms",Petrol,Manual,₹6.54 Lakh,bangalore
Mahindra,Mahindra XUV500W7,2018,"90,668kms",Diesel,Manual,₹8.87 Lakh,bangalore
Hyundai,Hyundai i20Sportz Petrol,2011,"82,839kms",Petrol,Manual,₹2.48 Lakh,bangalore
Hyundai,Hyundai Grand i101.2 Kappa Asta,2014,"61,894kms",Petrol,Manual,₹3.53 Lakh,bangalore
Hyundai,Hyundai i201.2 Asta Option,2016,"1,08,313kms",Petrol,Manual,₹5.43 Lakh,bangalore
Renault,Renault KWID1.0 RXT AMT Opt,2019,"34,762kms",Petrol,Automatic,₹3.67 Lakh,bangalore
Renault,Renault KWIDRXT,2016,"88,138kms",Petrol,Manual,₹2.26 Lakh,bangalore
Hyundai,Hyundai EONMagna Plus,2018,"1,09,456kms",Petrol,Manual,₹2.61 Lakh,bangalore
Ford,Ford FigoAmbiente BSIV,2011,"73,382kms",Petrol,Manual,₹2.36 Lakh,bangalore
Maruti,Maruti Alto 800LXI Opt BSIV,2019,"14,377kms",Petrol,Manual,₹2.24 Lakh,bangalore
Datsun,Datsun RediGOT Option,2016,"51,150kms",Petrol,Manual,₹2.08 Lakh,bangalore
Renault,Renault KWID1.0 RXT Opt,2018,"1,15,721kms",Petrol,Manual,₹2.94 Lakh,bangalore
Maruti,Maruti Wagon RAMT VXI,2016,"85,608kms",Petrol,Automatic,₹2.90 Lakh,bangalore
Mahindra,Mahindra KUV 100mFALCON G80 K6,2016,"34,715kms",Petrol,Manual,₹2.98 Lakh,bangalore
Honda,Honda AmazeEX i-Vtech,2014,"1,44,908kms",Petrol,Manual,₹2.71 Lakh,bangalore
Honda,Honda Amaze 2nd GenVX CVT,2023,"23,392kms",Petrol,Automatic,₹7.96 Lakh,bangalore
Maruti,Maruti XL6Zeta AT,2020,"11,644kms",Petrol,Automatic,₹9.20 Lakh,bangalore
Mahindra,Mahindra XUV500W11 Option,2021,"21,439kms",Diesel,Manual,₹15.30 Lakh,bangalore
Mahindra,Mahindra XUV700AX7 7Str AT,2022,"49,633kms",Petrol,Automatic,₹18.54 Lakh,bangalore
Mahindra,Mahindra XUV500W8 2WD,2014,"71,221kms",Diesel,Manual,₹6.50 Lakh,bangalore
Renault,Renault TriberRXZ,2022,"25,243kms",Petrol,Manual,₹6.54 Lakh,bangalore
Mahindra,Mahindra XUV500W7,2018,"90,668kms",Diesel,Manual,₹8.87 Lakh,bangalore
Hyundai,Hyundai i20Sportz Petrol,2011,"82,839kms",Petrol,Manual,₹2.48 Lakh,bangalore
Hyundai,Hyundai Grand i101.2 Kappa Asta,2014,"61,894kms",Petrol,Manual,₹3.53 Lakh,bangalore
Hyundai,Hyundai i201.2 Asta Option,2016,"1,08,313kms",Petrol,Manual,₹5.43 Lakh,bangalore
Renault,Renault KWID1.0 RXT AMT Opt,2019,"34,762kms",Petrol,Automatic,₹3.67 Lakh,bangalore
Renault,Renault KWIDRXT,2016,"88,138kms",Petrol,Manual,₹2.26 Lakh,bangalore
Hyundai,Hyundai EONMagna Plus,2018,"1,09,456kms",Petrol,Manual,₹2.61 Lakh,bangalore
Ford,Ford FigoAmbiente BSIV,2011,"73,382kms",Petrol,Manual,₹2.36 Lakh,bangalore
Maruti,Maruti Alto 800LXI Opt BSIV,2019,"14,377kms",Petrol,Manual,₹2.24 Lakh,bangalore
Datsun,Datsun RediGOT Option,2016,"51,150kms",Petrol,Manual,₹2.08 Lakh,bangalore
Renault,Renault KWID1.0 RXT Opt,2018,"1,15,721kms",Petrol,Manual,₹2.94 Lakh,bangalore
Maruti,Maruti Wagon RAMT VXI,2016,"85,608kms",Petrol,Automatic,₹2.90 Lakh,bangalore
Mahindra,Mahindra KUV 100mFALCON G80 K6,2016,"34,715kms",Petrol,Manual,₹2.98 Lakh,bangalore
Honda,Honda AmazeEX i-Vtech,2014,"1,44,908kms",Petrol,Manual,₹2.71 Lakh,bangalore
Honda,Honda Amaze 2nd GenVX CVT,2023,"23,392kms",Petrol,Automatic,₹7.96 Lakh,bangalore
Maruti,Maruti XL6Zeta AT,2020,"11,644kms",Petrol,Automatic,₹9.20 Lakh,bangalore
Mahindra,Mahindra XUV500W11 Option,2021,"21,439kms",Diesel,Manual,₹15.30 Lakh,bangalore
Mahindra,Mahindra XUV700AX7 7Str AT,2022,"49,633kms",Petrol,Automatic,₹18.54 Lakh,bangalore
Mahindra,Mahindra XUV500W8 2WD,2014,"71,221kms",Diesel,Manual,₹6.50 Lakh,bangalore
Renault,Renault TriberRXZ,2022,"25,243kms",Petrol,Manual,₹6.54 Lakh,bangalore
Mahindra,Mahindra XUV500W7,2018,"90,668kms",Diesel,Manual,₹8.87 Lakh,bangalore
Hyundai,Hyundai i20Sportz Petrol,2011,"82,839kms",Petrol,Manual,₹2.48 Lakh,bangalore
Hyundai,Hyundai Grand i101.2 Kappa Asta,2014,"61,894kms",Petrol,Manual,₹3.53 Lakh,bangalore
Hyundai,Hyundai i201.2 Asta Option,2016,"1,08,313kms",Petrol,Manual,₹5.43 Lakh,bangalore
Renault,Renault KWID1.0 RXT AMT Opt,2019,"34,762kms",Petrol,Automatic,₹3.67 Lakh,bangalore
Renault,Renault KWIDRXT,2016,"88,138kms",Petrol,Manual,₹2.26 Lakh,bangalore
Hyundai,Hyundai EONMagna Plus,2018,"1,09,456kms",Petrol,Manual,₹2.61 Lakh,bangalore
Maruti,Maruti Wagon RAMT VXI,2016,"85,608kms",Petrol,Automatic,₹2.90 Lakh,bangalore
Mahindra,Mahindra KUV 100mFALCON G80 K6,2016,"34,715kms",Petrol,Manual,₹2.98 Lakh,bangalore
Honda,Honda AmazeEX i-Vtech,2014,"1,44,908kms",Petrol,Manual,₹2.71 Lakh,bangalore
Ford,Ford FigoAmbiente BSIV,2011,"73,382kms",Petrol,Manual,₹2.36 Lakh,bangalore
Renault,Renault KWID1.0 RXT Opt,2018,"1,15,721kms",Petrol,Manual,₹2.94 Lakh,bangalore
Maruti,Maruti Alto 800LXI Opt BSIV,2019,"14,377kms",Petrol,Manual,₹2.24 Lakh,bangalore
Datsun,Datsun RediGOT Option,2016,"51,150kms",Petrol,Manual,₹2.08 Lakh,bangalore
Honda,Honda Amaze 2nd GenVX CVT,2023,"23,392kms",Petrol,Automatic,₹7.96 Lakh,bangalore
Maruti,Maruti XL6Zeta AT,2020,"11,644kms",Petrol,Automatic,₹9.20 Lakh,bangalore
Mahindra,Mahindra XUV500W11 Option,2021,"21,439kms",Diesel,Manual,₹15.30 Lakh,bangalore
Mahindra,Mahindra XUV700AX7 7Str AT,2022,"49,633kms",Petrol,Automatic,₹18.54 Lakh,bangalore
Mahindra,Mahindra XUV500W8 2WD,2014,"71,221kms",Diesel,Manual,₹6.50 Lakh,bangalore
Renault,Renault TriberRXZ,2022,"25,243kms",Petrol,Manual,₹6.54 Lakh,bangalore
Mahindra,Mahindra XUV500W7,2018,"90,668kms",Diesel,Manual,₹8.87 Lakh,bangalore
Hyundai,Hyundai i20Sportz Petrol,2011,"82,839kms",Petrol,Manual,₹2.48 Lakh,bangalore
Hyundai,Hyundai Grand i101.2 Kappa Asta,2014,"61,894kms",Petrol,Manual,₹3.53 Lakh,bangalore
Hyundai,Hyundai i201.2 Asta Option,2016,"1,08,313kms",Petrol,Manual,₹5.43 Lakh,bangalore
Renault,Renault KWID1.0 RXT AMT Opt,2019,"34,762kms",Petrol,Automatic,₹3.67 Lakh,bangalore
Renault,Renault KWIDRXT,2016,"88,138kms",Petrol,Manual,₹2.26 Lakh,bangalore
Hyundai,Hyundai EONMagna Plus,2018,"1,09,456kms",Petrol,Manual,₹2.61 Lakh,bangalore
Ford,Ford FigoAmbiente BSIV,2011,"73,382kms",Petrol,Manual,₹2.36 Lakh,bangalore
Maruti,Maruti Alto 800LXI Opt BSIV,2019,"14,377kms",Petrol,Manual,₹2.24 Lakh,bangalore
Datsun,Datsun RediGOT Option,2016,"51,150kms",Petrol,Manual,₹2.08 Lakh,bangalore
Renault,Renault KWID1.0 RXT Opt,2018,"1,15,721kms",Petrol,Manual,₹2.94 Lakh,bangalore
Maruti,Maruti Wagon RAMT VXI,2016,"85,608kms",Petrol,Automatic,₹2.90 Lakh,bangalore
Mahindra,Mahindra KUV 100mFALCON G80 K6,2016,"34,715kms",Petrol,Manual,₹2.98 Lakh,bangalore
Honda,Honda AmazeEX i-Vtech,2014,"1,44,908kms",Petrol,Manual,₹2.71 Lakh,bangalore
Honda,Honda Amaze 2nd GenVX CVT,2023,"23,392kms",Petrol,Automatic,₹7.96 Lakh,bangalore
Maruti,Maruti XL6Zeta AT,2020,"11,644kms",Petrol,Automatic,₹9.20 Lakh,bangalore
Skoda,Skoda SuperbStyle 1.8 TSI AT,2018,"53,898kms",Petrol,Automatic,₹16.55 Lakh,bangalore
Mahindra,Mahindra XUV700AX7 7Str AT,2022,"49,633kms",Petrol,Automatic,₹18.54 Lakh,bangalore
Mahindra,Mahindra XUV500W8 2WD,2014,"71,221kms",Diesel,Manual,₹6.50 Lakh,bangalore
Mahindra,Mahindra XUV500W7,2018,"90,668kms",Diesel,Manual,₹8.87 Lakh,bangalore
Renault,Renault TriberRXZ,2022,"25,243kms",Petrol,Manual,₹6.54 Lakh,bangalore
Hyundai,Hyundai i20Sportz Petrol,2011,"82,839kms",Petrol,Manual,₹2.48 Lakh,bangalore
Hyundai,Hyundai Grand i101.2 Kappa Asta,2014,"61,894kms",Petrol,Manual,₹3.53 Lakh,bangalore
Hyundai,Hyundai i201.2 Asta Option,2016,"1,08,313kms",Petrol,Manual,₹5.43 Lakh,bangalore
Renault,Renault KWID1.0 RXT AMT Opt,2019,"34,762kms",Petrol,Automatic,₹3.67 Lakh,bangalore
Renault,Renault KWIDRXT,2016,"88,138kms",Petrol,Manual,₹2.26 Lakh,bangalore
Maruti,Maruti Alto 800LXI Opt BSIV,2019,"14,377kms",Petrol,Manual,₹2.24 Lakh,bangalore
Datsun,Datsun RediGOT Option,2016,"51,150kms",Petrol,Manual,₹2.08 Lakh,bangalore
Maruti,Maruti Wagon RAMT VXI,2016,"85,608kms",Petrol,Automatic,₹2.90 Lakh,bangalore
Mahindra,Mahindra KUV 100mFALCON G80 K6,2016,"34,715kms",Petrol,Manual,₹2.98 Lakh,bangalore
Honda,Honda AmazeEX i-Vtech,2014,"1,44,908kms",Petrol,Manual,₹2.71 Lakh,bangalore
Ford,Ford FigoAmbiente BSIV,2011,"73,382kms",Petrol,Manual,₹2.36 Lakh,bangalore
Renault,Renault KWID1.0 RXT Opt,2018,"1,15,721kms",Petrol,Manual,₹2.94 Lakh,bangalore
Hyundai,Hyundai EONMagna Plus,2018,"1,09,456kms",Petrol,Manual,₹2.61 Lakh,bangalore
Maruti,Maruti XL6Zeta AT,2020,"11,644kms",Petrol,Automatic,₹9.20 Lakh,bangalore
Honda,Honda Amaze 2nd GenVX CVT,2023,"23,392kms",Petrol,Automatic,₹7.96 Lakh,bangalore
Mahindra,Mahindra XUV500W11 Option,2021,"21,439kms",Diesel,Manual,₹15.30 Lakh,bangalore
Mahindra,Mahindra XUV700AX7 7Str AT,2022,"49,633kms",Petrol,Automatic,₹18.54 Lakh,bangalore
Mahindra,Mahindra XUV500W8 2WD,2014,"71,221kms",Diesel,Manual,₹6.50 Lakh,bangalore
Renault,Renault TriberRXZ,2022,"25,243kms",Petrol,Manual,₹6.54 Lakh,bangalore
Mahindra,Mahindra XUV500W7,2018,"90,668kms",Diesel,Manual,₹8.87 Lakh,bangalore
Hyundai,Hyundai i20Sportz Petrol,2011,"82,839kms",Petrol,Manual,₹2.48 Lakh,bangalore
Hyundai,Hyundai Grand i101.2 Kappa Asta,2014,"61,894kms",Petrol,Manual,₹3.53 Lakh,bangalore
Hyundai,Hyundai i201.2 Asta Option,2016,"1,08,313kms",Petrol,Manual,₹5.43 Lakh,bangalore
Renault,Renault KWID1.0 RXT AMT Opt,2019,"34,762kms",Petrol,Automatic,₹3.67 Lakh,bangalore
Renault,Renault KWIDRXT,2016,"88,138kms",Petrol,Manual,₹2.26 Lakh,bangalore
Hyundai,Hyundai EONMagna Plus,2018,"1,09,456kms",Petrol,Manual,₹2.61 Lakh,bangalore
Ford,Ford FigoAmbiente BSIV,2011,"73,382kms",Petrol,Manual,₹2.36 Lakh,bangalore
Maruti,Maruti Alto 800LXI Opt BSIV,2019,"14,377kms",Petrol,Manual,₹2.24 Lakh,bangalore
Datsun,Datsun RediGOT Option,2016,"51,150kms",Petrol,Manual,₹2.08 Lakh,bangalore
Renault,Renault KWID1.0 RXT Opt,2018,"1,15,721kms",Petrol,Manual,₹2.94 Lakh,bangalore
Maruti,Maruti Wagon RAMT VXI,2016,"85,608kms",Petrol,Automatic,₹2.90 Lakh,bangalore
Mahindra,Mahindra KUV 100mFALCON G80 K6,2016,"34,715kms",Petrol,Manual,₹2.98 Lakh,bangalore
Honda,Honda AmazeEX i-Vtech,2014,"1,44,908kms",Petrol,Manual,₹2.71 Lakh,bangalore
Honda,Honda Amaze 2nd GenVX CVT,2023,"23,392kms",Petrol,Automatic,₹7.96 Lakh,bangalore
Maruti,Maruti XL6Zeta AT,2020,"11,644kms",Petrol,Automatic,₹9.20 Lakh,bangalore
Skoda,Skoda SuperbStyle 1.8 TSI AT,2018,"53,898kms",Petrol,Automatic,₹16.55 Lakh,bangalore
Mahindra,Mahindra XUV700AX7 7Str AT,2022,"49,633kms",Petrol,Automatic,₹18.54 Lakh,bangalore
Mahindra,Mahindra XUV500W8 2WD,2014,"71,221kms",Diesel,Manual,₹6.50 Lakh,bangalore
Mahindra,Mahindra XUV500W7,2018,"90,668kms",Diesel,Manual,₹8.87 Lakh,bangalore
Renault,Renault TriberRXZ,2022,"25,243kms",Petrol,Manual,₹6.54 Lakh,bangalore
Hyundai,Hyundai i20Sportz Petrol,2011,"82,839kms",Petrol,Manual,₹2.48 Lakh,bangalore
Hyundai,Hyundai Grand i101.2 Kappa Asta,2014,"61,894kms",Petrol,Manual,₹3.53 Lakh,bangalore
Hyundai,Hyundai i201.2 Asta Option,2016,"1,08,313kms",Petrol,Manual,₹5.43 Lakh,bangalore
Renault,Renault KWID1.0 RXT AMT Opt,2019,"34,762kms",Petrol,Automatic,₹3.67 Lakh,bangalore
Renault,Renault KWIDRXT,2016,"88,138kms",Petrol,Manual,₹2.26 Lakh,bangalore
Maruti,Maruti Alto 800LXI Opt BSIV,2019,"14,377kms",Petrol,Manual,₹2.24 Lakh,bangalore
Datsun,Datsun RediGOT Option,2016,"51,150kms",Petrol,Manual,₹2.08 Lakh,bangalore
Maruti,Maruti Wagon RAMT VXI,2016,"85,608kms",Petrol,Automatic,₹2.90 Lakh,bangalore
Mahindra,Mahindra KUV 100mFALCON G80 K6,2016,"34,715kms",Petrol,Manual,₹2.98 Lakh,bangalore
Honda,Honda AmazeEX i-Vtech,2014,"1,44,908kms",Petrol,Manual,₹2.71 Lakh,bangalore
Ford,Ford FigoAmbiente BSIV,2011,"73,382kms",Petrol,Manual,₹2.36 Lakh,bangalore
Renault,Renault KWID1.0 RXT Opt,2018,"1,15,721kms",Petrol,Manual,₹2.94 Lakh,bangalore
Hyundai,Hyundai EONMagna Plus,2018,"1,09,456kms",Petrol,Manual,₹2.61 Lakh,bangalore
Maruti,Maruti XL6Zeta AT,2020,"11,644kms",Petrol,Automatic,₹9.20 Lakh,bangalore
Honda,Honda Amaze 2nd GenVX CVT,2023,"23,392kms",Petrol,Automatic,₹7.96 Lakh,bangalore
Mahindra,Mahindra XUV500W11 Option,2021,"21,439kms",Diesel,Manual,₹15.30 Lakh,bangalore
Mahindra,Mahindra XUV700AX7 7Str AT,2022,"49,633kms",Petrol,Automatic,₹18.54 Lakh,bangalore
Mahindra,Mahindra XUV500W8 2WD,2014,"71,221kms",Diesel,Manual,₹6.50 Lakh,bangalore
Renault,Renault TriberRXZ,2022,"25,243kms",Petrol,Manual,₹6.54 Lakh,bangalore
Mahindra,Mahindra XUV500W7,2018,"90,668kms",Diesel,Manual,₹8.87 Lakh,bangalore
Hyundai,Hyundai i20Sportz Petrol,2011,"82,839kms",Petrol,Manual,₹2.48 Lakh,bangalore
Hyundai,Hyundai Grand i101.2 Kappa Asta,2014,"61,894kms",Petrol,Manual,₹3.53 Lakh,bangalore
Hyundai,Hyundai i201.2 Asta Option,2016,"1,08,313kms",Petrol,Manual,₹5.43 Lakh,bangalore
Renault,Renault KWID1.0 RXT AMT Opt,2019,"34,762kms",Petrol,Automatic,₹3.67 Lakh,bangalore
Renault,Renault KWIDRXT,2016,"88,138kms",Petrol,Manual,₹2.26 Lakh,bangalore
Hyundai,Hyundai EONMagna Plus,2018,"1,09,456kms",Petrol,Manual,₹2.61 Lakh,bangalore
Maruti,Maruti Wagon RAMT VXI,2016,"85,608kms",Petrol,Automatic,₹2.90 Lakh,bangalore
Mahindra,Mahindra KUV 100mFALCON G80 K6,2016,"34,715kms",Petrol,Manual,₹2.98 Lakh,bangalore
Honda,Honda AmazeEX i-Vtech,2014,"1,44,908kms",Petrol,Manual,₹2.71 Lakh,bangalore
Ford,Ford FigoAmbiente BSIV,2011,"73,382kms",Petrol,Manual,₹2.36 Lakh,bangalore
Renault,Renault KWID1.0 RXT Opt,2018,"1,15,721kms",Petrol,Manual,₹2.94 Lakh,bangalore
Maruti,Maruti Alto 800LXI Opt BSIV,2019,"14,377kms",Petrol,Manual,₹2.24 Lakh,bangalore
Datsun,Datsun RediGOT Option,2016,"51,150kms",Petrol,Manual,₹2.08 Lakh,bangalore
Honda,Honda Amaze 2nd GenVX CVT,2023,"23,392kms",Petrol,Automatic,₹7.96 Lakh,bangalore
Maruti,Maruti XL6Zeta AT,2020,"11,644kms",Petrol,Automatic,₹9.20 Lakh,bangalore
Mahindra,Mahindra XUV500W11 Option,2021,"21,439kms",Diesel,Manual,₹15.30 Lakh,bangalore
Mahindra,Mahindra XUV700AX7 7Str AT,2022,"49,633kms",Petrol,Automatic,₹18.54 Lakh,bangalore
Mahindra,Mahindra XUV500W8 2WD,2014,"71,221kms",Diesel,Manual,₹6.50 Lakh,bangalore
Renault,Renault TriberRXZ,2022,"25,243kms",Petrol,Manual,₹6.54 Lakh,bangalore
Mahindra,Mahindra XUV500W7,2018,"90,668kms",Diesel,Manual,₹8.87 Lakh,bangalore
Hyundai,Hyundai i20Sportz Petrol,2011,"82,839kms",Petrol,Manual,₹2.48 Lakh,bangalore
Hyundai,Hyundai Grand i101.2 Kappa Asta,2014,"61,894kms",Petrol,Manual,₹3.53 Lakh,bangalore
Hyundai,Hyundai i201.2 Asta Option,2016,"1,08,313kms",Petrol,Manual,₹5.43 Lakh,bangalore
Renault,Renault KWID1.0 RXT AMT Opt,2019,"34,762kms",Petrol,Automatic,₹3.67 Lakh,bangalore
Renault,Renault KWIDRXT,2016,"88,138kms",Petrol,Manual,₹2.26 Lakh,bangalore
Hyundai,Hyundai EONMagna Plus,2018,"1,09,456kms",Petrol,Manual,₹2.61 Lakh,bangalore
Ford,Ford FigoAmbiente BSIV,2011,"73,382kms",Petrol,Manual,₹2.36 Lakh,bangalore
Maruti,Maruti Alto 800LXI Opt BSIV,2019,"14,377kms",Petrol,Manual,₹2.24 Lakh,bangalore
Datsun,Datsun RediGOT Option,2016,"51,150kms",Petrol,Manual,₹2.08 Lakh,bangalore
Renault,Renault KWID1.0 RXT Opt,2018,"1,15,721kms",Petrol,Manual,₹2.94 Lakh,bangalore
Maruti,Maruti Wagon RAMT VXI,2016,"85,608kms",Petrol,Automatic,₹2.90 Lakh,bangalore
Mahindra,Mahindra KUV 100mFALCON G80 K6,2016,"34,715kms",Petrol,Manual,₹2.98 Lakh,bangalore
Honda,Honda AmazeEX i-Vtech,2014,"1,44,908kms",Petrol,Manual,₹2.71 Lakh,bangalore
Honda,Honda Amaze 2nd GenVX CVT,2023,"23,392kms",Petrol,Automatic,₹7.96 Lakh,bangalore
Maruti,Maruti XL6Zeta AT,2020,"11,644kms",Petrol,Automatic,₹9.20 Lakh,bangalore
Mahindra,Mahindra XUV500W11 Option,2021,"21,439kms",Diesel,Manual,₹15.30 Lakh,bangalore
Mahindra,Mahindra XUV700AX7 7Str AT,2022,"49,633kms",Petrol,Automatic,₹18.54 Lakh,bangalore
Mahindra,Mahindra XUV500W8 2WD,2014,"71,221kms",Diesel,Manual,₹6.50 Lakh,bangalore
Renault,Renault TriberRXZ,2022,"25,243kms",Petrol,Manual,₹6.54 Lakh,bangalore
Mahindra,Mahindra XUV500W7,2018,"90,668kms",Diesel,Manual,₹8.87 Lakh,bangalore
Hyundai,Hyundai i20Sportz Petrol,2011,"82,839kms",Petrol,Manual,₹2.48 Lakh,bangalore
Hyundai,Hyundai Grand i101.2 Kappa Asta,2014,"61,894kms",Petrol,Manual,₹3.53 Lakh,bangalore
Hyundai,Hyundai i201.2 Asta Option,2016,"1,08,313kms",Petrol,Manual,₹5.43 Lakh,bangalore
Renault,Renault KWID1.0 RXT AMT Opt,2019,"34,762kms",Petrol,Automatic,₹3.67 Lakh,bangalore
Renault,Renault KWIDRXT,2016,"88,138kms",Petrol,Manual,₹2.26 Lakh,bangalore
Hyundai,Hyundai EONMagna Plus,2018,"1,09,456kms",Petrol,Manual,₹2.61 Lakh,bangalore
Maruti,Maruti Wagon RAMT VXI,2016,"85,608kms",Petrol,Automatic,₹2.90 Lakh,bangalore
Mahindra,Mahindra KUV 100mFALCON G80 K6,2016,"34,715kms",Petrol,Manual,₹2.98 Lakh,bangalore
Honda,Honda AmazeEX i-Vtech,2014,"1,44,908kms",Petrol,Manual,₹2.71 Lakh,bangalore
Ford,Ford FigoAmbiente BSIV,2011,"73,382kms",Petrol,Manual,₹2.36 Lakh,bangalore
Renault,Renault KWID1.0 RXT Opt,2018,"1,15,721kms",Petrol,Manual,₹2.94 Lakh,bangalore
Maruti,Maruti Alto 800LXI Opt BSIV,2019,"14,377kms",Petrol,Manual,₹2.24 Lakh,bangalore
Datsun,Datsun RediGOT Option,2016,"51,150kms",Petrol,Manual,₹2.08 Lakh,bangalore
Honda,Honda Amaze 2nd GenVX CVT,2023,"23,392kms",Petrol,Automatic,₹7.96 Lakh,bangalore
Maruti,Maruti XL6Zeta AT,2020,"11,644kms",Petrol,Automatic,₹9.20 Lakh,bangalore
Mahindra,Mahindra XUV500W11 Option,2021,"21,439kms",Diesel,Manual,₹15.30 Lakh,bangalore
Mahindra,Mahindra XUV700AX7 7Str AT,2022,"49,633kms",Petrol,Automatic,₹18.54 Lakh,bangalore
Mahindra,Mahindra XUV500W8 2WD,2014,"71,221kms",Diesel,Manual,₹6.50 Lakh,bangalore
Renault,Renault TriberRXZ,2022,"25,243kms",Petrol,Manual,₹6.54 Lakh,bangalore
Mahindra,Mahindra XUV500W7,2018,"90,668kms",Diesel,Manual,₹8.87 Lakh,bangalore
Hyundai,Hyundai i20Sportz Petrol,2011,"82,839kms",Petrol,Manual,₹2.48 Lakh,bangalore
Hyundai,Hyundai Grand i101.2 Kappa Asta,2014,"61,894kms",Petrol,Manual,₹3.53 Lakh,bangalore
Hyundai,Hyundai i201.2 Asta Option,2016,"1,08,313kms",Petrol,Manual,₹5.43 Lakh,bangalore
Renault,Renault KWID1.0 RXT AMT Opt,2019,"34,762kms",Petrol,Automatic,₹3.67 Lakh,bangalore
Renault,Renault KWIDRXT,2016,"88,138kms",Petrol,Manual,₹2.26 Lakh,bangalore
Hyundai,Hyundai EONMagna Plus,2018,"1,09,456kms",Petrol,Manual,₹2.61 Lakh,bangalore
Maruti,Maruti Wagon RAMT VXI,2016,"85,608kms",Petrol,Automatic,₹2.90 Lakh,bangalore
Mahindra,Mahindra KUV 100mFALCON G80 K6,2016,"34,715kms",Petrol,Manual,₹2.98 Lakh,bangalore
Honda,Honda AmazeEX i-Vtech,2014,"1,44,908kms",Petrol,Manual,₹2.71 Lakh,bangalore
Ford,Ford FigoAmbiente BSIV,2011,"73,382kms",Petrol,Manual,₹2.36 Lakh,bangalore
Renault,Renault KWID1.0 RXT Opt,2018,"1,15,721kms",Petrol,Manual,₹2.94 Lakh,bangalore
Maruti,Maruti Alto 800LXI Opt BSIV,2019,"14,377kms",Petrol,Manual,₹2.24 Lakh,bangalore
Datsun,Datsun RediGOT Option,2016,"51,150kms",Petrol,Manual,₹2.08 Lakh,bangalore
Honda,Honda Amaze 2nd GenVX CVT,2023,"23,392kms",Petrol,Automatic,₹7.96 Lakh,bangalore
Maruti,Maruti XL6Zeta AT,2020,"11,644kms",Petrol,Automatic,₹9.20 Lakh,bangalore
Mahindra,Mahindra XUV500W11 Option,2021,"21,439kms",Diesel,Manual,₹15.30 Lakh,bangalore
Mahindra,Mahindra XUV700AX7 7Str AT,2022,"49,633kms",Petrol,Automatic,₹18.54 Lakh,bangalore
Mahindra,Mahindra XUV500W8 2WD,2014,"71,221kms",Diesel,Manual,₹6.50 Lakh,bangalore
Renault,Renault TriberRXZ,2022,"25,243kms",Petrol,Manual,₹6.54 Lakh,bangalore
Mahindra,Mahindra XUV500W7,2018,"90,668kms",Diesel,Manual,₹8.87 Lakh,bangalore
Hyundai,Hyundai i20Sportz Petrol,2011,"82,839kms",Petrol,Manual,₹2.48 Lakh,bangalore
Hyundai,Hyundai Grand i101.2 Kappa Asta,2014,"61,894kms",Petrol,Manual,₹3.53 Lakh,bangalore
Hyundai,Hyundai i201.2 Asta Option,2016,"1,08,313kms",Petrol,Manual,₹5.43 Lakh,bangalore
Renault,Renault KWID1.0 RXT AMT Opt,2019,"34,762kms",Petrol,Automatic,₹3.67 Lakh,bangalore
Renault,Renault KWIDRXT,2016,"88,138kms",Petrol,Manual,₹2.26 Lakh,bangalore
Hyundai,Hyundai EONMagna Plus,2018,"1,09,456kms",Petrol,Manual,₹2.61 Lakh,bangalore
Ford,Ford FigoAmbiente BSIV,2011,"73,382kms",Petrol,Manual,₹2.36 Lakh,bangalore
Maruti,Maruti Alto 800LXI Opt BSIV,2019,"14,377kms",Petrol,Manual,₹2.24 Lakh,bangalore
Datsun,Datsun RediGOT Option,2016,"51,150kms",Petrol,Manual,₹2.08 Lakh,bangalore
Renault,Renault KWID1.0 RXT Opt,2018,"1,15,721kms",Petrol,Manual,₹2.94 Lakh,bangalore
Maruti,Maruti Wagon RAMT VXI,2016,"85,608kms",Petrol,Automatic,₹2.90 Lakh,bangalore
Mahindra,Mahindra KUV 100mFALCON G80 K6,2016,"34,715kms",Petrol,Manual,₹2.98 Lakh,bangalore
Honda,Honda AmazeEX i-Vtech,2014,"1,44,908kms",Petrol,Manual,₹2.71 Lakh,bangalore
Honda,Honda Amaze 2nd GenVX CVT,2023,"23,392kms",Petrol,Automatic,₹7.96 Lakh,bangalore
Maruti,Maruti XL6Zeta AT,2020,"11,644kms",Petrol,Automatic,₹9.20 Lakh,bangalore
Mahindra,Mahindra XUV500W11 Option,2021,"21,439kms",Diesel,Manual,₹15.30 Lakh,bangalore
Mahindra,Mahindra XUV700AX7 7Str AT,2022,"49,633kms",Petrol,Automatic,₹18.54 Lakh,bangalore
Mahindra,Mahindra XUV500W8 2WD,2014,"71,221kms",Diesel,Manual,₹6.50 Lakh,bangalore
Renault,Renault TriberRXZ,2022,"25,243kms",Petrol,Manual,₹6.54 Lakh,bangalore
Mahindra,Mahindra XUV500W7,2018,"90,668kms",Diesel,Manual,₹8.87 Lakh,bangalore
Hyundai,Hyundai i20Sportz Petrol,2011,"82,839kms",Petrol,Manual,₹2.48 Lakh,bangalore
Hyundai,Hyundai Grand i101.2 Kappa Asta,2014,"61,894kms",Petrol,Manual,₹3.53 Lakh,bangalore
Hyundai,Hyundai i201.2 Asta Option,2016,"1,08,313kms",Petrol,Manual,₹5.43 Lakh,bangalore
Renault,Renault KWID1.0 RXT AMT Opt,2019,"34,762kms",Petrol,Automatic,₹3.67 Lakh,bangalore
Renault,Renault KWIDRXT,2016,"88,138kms",Petrol,Manual,₹2.26 Lakh,bangalore
Hyundai,Hyundai EONMagna Plus,2018,"1,09,456kms",Petrol,Manual,₹2.61 Lakh,bangalore
Ford,Ford FigoAmbiente BSIV,2011,"73,382kms",Petrol,Manual,₹2.36 Lakh,bangalore
Maruti,Maruti Alto 800LXI Opt BSIV,2019,"14,377kms",Petrol,Manual,₹2.24 Lakh,bangalore
Datsun,Datsun RediGOT Option,2016,"51,150kms",Petrol,Manual,₹2.08 Lakh,bangalore
Renault,Renault KWID1.0 RXT Opt,2018,"1,15,721kms",Petrol,Manual,₹2.94 Lakh,bangalore
Maruti,Maruti Wagon RAMT VXI,2016,"85,608kms",Petrol,Automatic,₹2.90 Lakh,bangalore
Mahindra,Mahindra KUV 100mFALCON G80 K6,2016,"34,715kms",Petrol,Manual,₹2.98 Lakh,bangalore
Honda,Honda AmazeEX i-Vtech,2014,"1,44,908kms",Petrol,Manual,₹2.71 Lakh,bangalore
Honda,Honda Amaze 2nd GenVX CVT,2023,"23,392kms",Petrol,Automatic,₹7.96 Lakh,bangalore
Maruti,Maruti XL6Zeta AT,2020,"11,644kms",Petrol,Automatic,₹9.20 Lakh,bangalore
Mahindra,Mahindra XUV500W11 Option,2021,"21,439kms",Diesel,Manual,₹15.30 Lakh,bangalore
Mahindra,Mahindra XUV700AX7 7Str AT,2022,"49,633kms",Petrol,Automatic,₹18.54 Lakh,bangalore
Mahindra,Mahindra XUV500W8 2WD,2014,"71,221kms",Diesel,Manual,₹6.50 Lakh,bangalore
Renault,Renault TriberRXZ,2022,"25,243kms",Petrol,Manual,₹6.54 Lakh,bangalore
Mahindra,Mahindra XUV500W7,2018,"90,668kms",Diesel,Manual,₹8.87 Lakh,bangalore
Hyundai,Hyundai i20Sportz Petrol,2011,"82,839kms",Petrol,Manual,₹2.48 Lakh,bangalore
Hyundai,Hyundai Grand i101.2 Kappa Asta,2014,"61,894kms",Petrol,Manual,₹3.53 Lakh,bangalore
Hyundai,Hyundai i201.2 Asta Option,2016,"1,08,313kms",Petrol,Manual,₹5.43 Lakh,bangalore
Renault,Renault KWID1.0 RXT AMT Opt,2019,"34,762kms",Petrol,Automatic,₹3.67 Lakh,bangalore
Renault,Renault KWIDRXT,2016,"88,138kms",Petrol,Manual,₹2.26 Lakh,bangalore
Hyundai,Hyundai EONMagna Plus,2018,"1,09,456kms",Petrol,Manual,₹2.61 Lakh,bangalore
Maruti,Maruti Wagon RAMT VXI,2016,"85,608kms",Petrol,Automatic,₹2.90 Lakh,bangalore
Mahindra,Mahindra KUV 100mFALCON G80 K6,2016,"34,715kms",Petrol,Manual,₹2.98 Lakh,bangalore
Honda,Honda AmazeEX i-Vtech,2014,"1,44,908kms",Petrol,Manual,₹2.71 Lakh,bangalore
Ford,Ford FigoAmbiente BSIV,2011,"73,382kms",Petrol,Manual,₹2.36 Lakh,bangalore
Renault,Renault KWID1.0 RXT Opt,2018,"1,15,721kms",Petrol,Manual,₹2.94 Lakh,bangalore
Maruti,Maruti Alto 800LXI Opt BSIV,2019,"14,377kms",Petrol,Manual,₹2.24 Lakh,bangalore
Datsun,Datsun RediGOT Option,2016,"51,150kms",Petrol,Manual,₹2.08 Lakh,bangalore
Honda,Honda Amaze 2nd GenVX CVT,2023,"23,392kms",Petrol,Automatic,₹7.96 Lakh,bangalore
Maruti,Maruti XL6Zeta AT,2020,"11,644kms",Petrol,Automatic,₹9.20 Lakh,bangalore
Mahindra,Mahindra XUV500W11 Option,2021,"21,439kms",Diesel,Manual,₹15.30 Lakh,bangalore
Mahindra,Mahindra XUV700AX7 7Str AT,2022,"49,633kms",Petrol,Automatic,₹18.54 Lakh,bangalore
Mahindra,Mahindra XUV500W8 2WD,2014,"71,221kms",Diesel,Manual,₹6.50 Lakh,bangalore
Renault,Renault TriberRXZ,2022,"25,243kms",Petrol,Manual,₹6.54 Lakh,bangalore
Mahindra,Mahindra XUV500W7,2018,"90,668kms",Diesel,Manual,₹8.87 Lakh,bangalore
Hyundai,Hyundai i20Sportz Petrol,2011,"82,839kms",Petrol,Manual,₹2.48 Lakh,bangalore
Hyundai,Hyundai Grand i101.2 Kappa Asta,2014,"61,894kms",Petrol,Manual,₹3.53 Lakh,bangalore
Hyundai,Hyundai i201.2 Asta Option,2016,"1,08,313kms",Petrol,Manual,₹5.43 Lakh,bangalore
Renault,Renault KWID1.0 RXT AMT Opt,2019,"34,762kms",Petrol,Automatic,₹3.67 Lakh,bangalore
Renault,Renault KWIDRXT,2016,"88,138kms",Petrol,Manual,₹2.26 Lakh,bangalore
Hyundai,Hyundai EONMagna Plus,2018,"1,09,456kms",Petrol,Manual,₹2.61 Lakh,bangalore
Ford,Ford FigoAmbiente BSIV,2011,"73,382kms",Petrol,Manual,₹2.36 Lakh,bangalore
Maruti,Maruti Alto 800LXI Opt BSIV,2019,"14,377kms",Petrol,Manual,₹2.24 Lakh,bangalore
Datsun,Datsun RediGOT Option,2016,"51,150kms",Petrol,Manual,₹2.08 Lakh,bangalore
Renault,Renault KWID1.0 RXT Opt,2018,"1,15,721kms",Petrol,Manual,₹2.94 Lakh,bangalore
Maruti,Maruti Wagon RAMT VXI,2016,"85,608kms",Petrol,Automatic,₹2.90 Lakh,bangalore
Mahindra,Mahindra KUV 100mFALCON G80 K6,2016,"34,715kms",Petrol,Manual,₹2.98 Lakh,bangalore
Honda,Honda AmazeEX i-Vtech,2014,"1,44,908kms",Petrol,Manual,₹2.71 Lakh,bangalore
Honda,Honda Amaze 2nd GenVX CVT,2023,"23,392kms",Petrol,Automatic,₹7.96 Lakh,bangalore
Maruti,Maruti XL6Zeta AT,2020,"11,644kms",Petrol,Automatic,₹9.20 Lakh,bangalore
Skoda,Skoda SuperbStyle 1.8 TSI AT,2018,"53,898kms",Petrol,Automatic,₹16.55 Lakh,bangalore
Mahindra,Mahindra XUV700AX7 7Str AT,2022,"49,633kms",Petrol,Automatic,₹18.54 Lakh,bangalore
Mahindra,Mahindra XUV500W8 2WD,2014,"71,221kms",Diesel,Manual,₹6.50 Lakh,bangalore
Mahindra,Mahindra XUV500W7,2018,"90,668kms",Diesel,Manual,₹8.87 Lakh,bangalore
Renault,Renault TriberRXZ,2022,"25,243kms",Petrol,Manual,₹6.54 Lakh,bangalore
Hyundai,Hyundai i20Sportz Petrol,2011,"82,839kms",Petrol,Manual,₹2.48 Lakh,bangalore
Hyundai,Hyundai Grand i101.2 Kappa Asta,2014,"61,894kms",Petrol,Manual,₹3.53 Lakh,bangalore
Hyundai,Hyundai i201.2 Asta Option,2016,"1,08,313kms",Petrol,Manual,₹5.43 Lakh,bangalore
Renault,Renault KWID1.0 RXT AMT Opt,2019,"34,762kms",Petrol,Automatic,₹3.67 Lakh,bangalore
Renault,Renault KWIDRXT,2016,"88,138kms",Petrol,Manual,₹2.26 Lakh,bangalore
Maruti,Maruti Alto 800LXI Opt BSIV,2019,"14,377kms",Petrol,Manual,₹2.24 Lakh,bangalore
Datsun,Datsun RediGOT Option,2016,"51,150kms",Petrol,Manual,₹2.08 Lakh,bangalore
Maruti,Maruti Wagon RAMT VXI,2016,"85,608kms",Petrol,Automatic,₹2.90 Lakh,bangalore
Mahindra,Mahindra KUV 100mFALCON G80 K6,2016,"34,715kms",Petrol,Manual,₹2.98 Lakh,bangalore
Honda,Honda AmazeEX i-Vtech,2014,"1,44,908kms",Petrol,Manual,₹2.71 Lakh,bangalore
Ford,Ford FigoAmbiente BSIV,2011,"73,382kms",Petrol,Manual,₹2.36 Lakh,bangalore
Renault,Renault KWID1.0 RXT Opt,2018,"1,15,721kms",Petrol,Manual,₹2.94 Lakh,bangalore
Hyundai,Hyundai EONMagna Plus,2018,"1,09,456kms",Petrol,Manual,₹2.61 Lakh,bangalore
Maruti,Maruti XL6Zeta AT,2020,"11,644kms",Petrol,Automatic,₹9.20 Lakh,bangalore
Honda,Honda Amaze 2nd GenVX CVT,2023,"23,392kms",Petrol,Automatic,₹7.96 Lakh,bangalore
Mahindra,Mahindra XUV500W11 Option,2021,"21,439kms",Diesel,Manual,₹15.30 Lakh,bangalore
Mahindra,Mahindra XUV700AX7 7Str AT,2022,"49,633kms",Petrol,Automatic,₹18.54 Lakh,bangalore
Mahindra,Mahindra XUV500W8 2WD,2014,"71,221kms",Diesel,Manual,₹6.50 Lakh,bangalore
Renault,Renault TriberRXZ,2022,"25,243kms",Petrol,Manual,₹6.54 Lakh,bangalore
Mahindra,Mahindra XUV500W7,2018,"90,668kms",Diesel,Manual,₹8.87 Lakh,bangalore
Hyundai,Hyundai i20Sportz Petrol,2011,"82,839kms",Petrol,Manual,₹2.48 Lakh,bangalore
Hyundai,Hyundai Grand i101.2 Kappa Asta,2014,"61,894kms",Petrol,Manual,₹3.53 Lakh,bangalore
Hyundai,Hyundai i201.2 Asta Option,2016,"1,08,313kms",Petrol,Manual,₹5.43 Lakh,bangalore
Renault,Renault KWID1.0 RXT AMT Opt,2019,"34,762kms",Petrol,Automatic,₹3.67 Lakh,bangalore
Renault,Renault KWIDRXT,2016,"88,138kms",Petrol,Manual,₹2.26 Lakh,bangalore
Hyundai,Hyundai EONMagna Plus,2018,"1,09,456kms",Petrol,Manual,₹2.61 Lakh,bangalore
Ford,Ford FigoAmbiente BSIV,2011,"73,382kms",Petrol,Manual,₹2.36 Lakh,bangalore
Maruti,Maruti Alto 800LXI Opt BSIV,2019,"14,377kms",Petrol,Manual,₹2.24 Lakh,bangalore
Datsun,Datsun RediGOT Option,2016,"51,150kms",Petrol,Manual,₹2.08 Lakh,bangalore
Renault,Renault KWID1.0 RXT Opt,2018,"1,15,721kms",Petrol,Manual,₹2.94 Lakh,bangalore
Maruti,Maruti Wagon RAMT VXI,2016,"85,608kms",Petrol,Automatic,₹2.90 Lakh,bangalore
Mahindra,Mahindra KUV 100mFALCON G80 K6,2016,"34,715kms",Petrol,Manual,₹2.98 Lakh,bangalore
Honda,Honda AmazeEX i-Vtech,2014,"1,44,908kms",Petrol,Manual,₹2.71 Lakh,bangalore
Honda,Honda Amaze 2nd GenVX CVT,2023,"23,392kms",Petrol,Automatic,₹7.96 Lakh,bangalore
Maruti,Maruti XL6Zeta AT,2020,"11,644kms",Petrol,Automatic,₹9.20 Lakh,bangalore
Skoda,Skoda SuperbStyle 1.8 TSI AT,2018,"53,898kms",Petrol,Automatic,₹16.55 Lakh,bangalore
Mahindra,Mahindra XUV700AX7 7Str AT,2022,"49,633kms",Petrol,Automatic,₹18.54 Lakh,bangalore
Mahindra,Mahindra XUV500W8 2WD,2014,"71,221kms",Diesel,Manual,₹6.50 Lakh,bangalore
Mahindra,Mahindra XUV500W7,2018,"90,668kms",Diesel,Manual,₹8.87 Lakh,bangalore
Renault,Renault TriberRXZ,2022,"25,243kms",Petrol,Manual,₹6.54 Lakh,bangalore
Hyundai,Hyundai i20Sportz Petrol,2011,"82,839kms",Petrol,Manual,₹2.48 Lakh,bangalore
Hyundai,Hyundai Grand i101.2 Kappa Asta,2014,"61,894kms",Petrol,Manual,₹3.53 Lakh,bangalore
Hyundai,Hyundai i201.2 Asta Option,2016,"1,08,313kms",Petrol,Manual,₹5.43 Lakh,bangalore
Renault,Renault KWID1.0 RXT AMT Opt,2019,"34,762kms",Petrol,Automatic,₹3.67 Lakh,bangalore
Renault,Renault KWIDRXT,2016,"88,138kms",Petrol,Manual,₹2.26 Lakh,bangalore
Maruti,Maruti Alto 800LXI Opt BSIV,2019,"14,377kms",Petrol,Manual,₹2.24 Lakh,bangalore
Datsun,Datsun RediGOT Option,2016,"51,150kms",Petrol,Manual,₹2.08 Lakh,bangalore
Maruti,Maruti Wagon RAMT VXI,2016,"85,608kms",Petrol,Automatic,₹2.90 Lakh,bangalore
Mahindra,Mahindra KUV 100mFALCON G80 K6,2016,"34,715kms",Petrol,Manual,₹2.98 Lakh,bangalore
Honda,Honda AmazeEX i-Vtech,2014,"1,44,908kms",Petrol,Manual,₹2.71 Lakh,bangalore
Ford,Ford FigoAmbiente BSIV,2011,"73,382kms",Petrol,Manual,₹2.36 Lakh,bangalore
Renault,Renault KWID1.0 RXT Opt,2018,"1,15,721kms",Petrol,Manual,₹2.94 Lakh,bangalore
Hyundai,Hyundai EONMagna Plus,2018,"1,09,456kms",Petrol,Manual,₹2.61 Lakh,bangalore
Maruti,Maruti XL6Zeta AT,2020,"11,644kms",Petrol,Automatic,₹9.20 Lakh,bangalore
Honda,Honda Amaze 2nd GenVX CVT,2023,"23,392kms",Petrol,Automatic,₹7.96 Lakh,bangalore
Mahindra,Mahindra XUV500W11 Option,2021,"21,439kms",Diesel,Manual,₹15.30 Lakh,bangalore
Mahindra,Mahindra XUV700AX7 7Str AT,2022,"49,633kms",Petrol,Automatic,₹18.54 Lakh,bangalore
Mahindra,Mahindra XUV500W8 2WD,2014,"71,221kms",Diesel,Manual,₹6.50 Lakh,bangalore
Renault,Renault TriberRXZ,2022,"25,243kms",Petrol,Manual,₹6.54 Lakh,bangalore
Mahindra,Mahindra XUV500W7,2018,"90,668kms",Diesel,Manual,₹8.87 Lakh,bangalore
Hyundai,Hyundai i20Sportz Petrol,2011,"82,839kms",Petrol,Manual,₹2.48 Lakh,bangalore
Hyundai,Hyundai Grand i101.2 Kappa Asta,2014,"61,894kms",Petrol,Manual,₹3.53 Lakh,bangalore
Hyundai,Hyundai i201.2 Asta Option,2016,"1,08,313kms",Petrol,Manual,₹5.43 Lakh,bangalore
Renault,Renault KWID1.0 RXT AMT Opt,2019,"34,762kms",Petrol,Automatic,₹3.67 Lakh,bangalore
Renault,Renault KWIDRXT,2016,"88,138kms",Petrol,Manual,₹2.26 Lakh,bangalore
Hyundai,Hyundai EONMagna Plus,2018,"1,09,456kms",Petrol,Manual,₹2.61 Lakh,bangalore
Maruti,Maruti Wagon RAMT VXI,2016,"85,608kms",Petrol,Automatic,₹2.90 Lakh,bangalore
Mahindra,Mahindra KUV 100mFALCON G80 K6,2016,"34,715kms",Petrol,Manual,₹2.98 Lakh,bangalore
Honda,Honda AmazeEX i-Vtech,2014,"1,44,908kms",Petrol,Manual,₹2.71 Lakh,bangalore
Ford,Ford FigoAmbiente BSIV,2011,"73,382kms",Petrol,Manual,₹2.36 Lakh,bangalore
Renault,Renault KWID1.0 RXT Opt,2018,"1,15,721kms",Petrol,Manual,₹2.94 Lakh,bangalore
Maruti,Maruti Alto 800LXI Opt BSIV,2019,"14,377kms",Petrol,Manual,₹2.24 Lakh,bangalore
Datsun,Datsun RediGOT Option,2016,"51,150kms",Petrol,Manual,₹2.08 Lakh,bangalore
Honda,Honda Amaze 2nd GenVX CVT,2023,"23,392kms",Petrol,Automatic,₹7.96 Lakh,bangalore
Maruti,Maruti XL6Zeta AT,2020,"11,644kms",Petrol,Automatic,₹9.20 Lakh,bangalore
Skoda,Skoda SuperbStyle 1.8 TSI AT,2018,"53,898kms",Petrol,Automatic,₹16.55 Lakh,bangalore
Mahindra,Mahindra XUV700AX7 7Str AT,2022,"49,633kms",Petrol,Automatic,₹18.54 Lakh,bangalore
Mahindra,Mahindra XUV500W8 2WD,2014,"71,221kms",Diesel,Manual,₹6.50 Lakh,bangalore
Mahindra,Mahindra XUV500W7,2018,"90,668kms",Diesel,Manual,₹8.87 Lakh,bangalore
Renault,Renault TriberRXZ,2022,"25,243kms",Petrol,Manual,₹6.54 Lakh,bangalore
Hyundai,Hyundai i20Sportz Petrol,2011,"82,839kms",Petrol,Manual,₹2.48 Lakh,bangalore
Hyundai,Hyundai Grand i101.2 Kappa Asta,2014,"61,894kms",Petrol,Manual,₹3.53 Lakh,bangalore
Hyundai,Hyundai i201.2 Asta Option,2016,"1,08,313kms",Petrol,Manual,₹5.43 Lakh,bangalore
Renault,Renault KWID1.0 RXT AMT Opt,2019,"34,762kms",Petrol,Automatic,₹3.67 Lakh,bangalore
Renault,Renault KWIDRXT,2016,"88,138kms",Petrol,Manual,₹2.26 Lakh,bangalore
Maruti,Maruti Alto 800LXI Opt BSIV,2019,"14,377kms",Petrol,Manual,₹2.24 Lakh,bangalore
Datsun,Datsun RediGOT Option,2016,"51,150kms",Petrol,Manual,₹2.08 Lakh,bangalore
Maruti,Maruti Wagon RAMT VXI,2016,"85,608kms",Petrol,Automatic,₹2.90 Lakh,bangalore
Mahindra,Mahindra KUV 100mFALCON G80 K6,2016,"34,715kms",Petrol,Manual,₹2.98 Lakh,bangalore
Honda,Honda AmazeEX i-Vtech,2014,"1,44,908kms",Petrol,Manual,₹2.71 Lakh,bangalore
Ford,Ford FigoAmbiente BSIV,2011,"73,382kms",Petrol,Manual,₹2.36 Lakh,bangalore
Renault,Renault KWID1.0 RXT Opt,2018,"1,15,721kms",Petrol,Manual,₹2.94 Lakh,bangalore
Hyundai,Hyundai EONMagna Plus,2018,"1,09,456kms",Petrol,Manual,₹2.61 Lakh,bangalore
Maruti,Maruti XL6Zeta AT,2020,"11,644kms",Petrol,Automatic,₹9.20 Lakh,bangalore
Honda,Honda Amaze 2nd GenVX CVT,2023,"23,392kms",Petrol,Automatic,₹7.96 Lakh,bangalore
Mahindra,Mahindra XUV500W11 Option,2021,"21,439kms",Diesel,Manual,₹15.30 Lakh,bangalore
Mahindra,Mahindra XUV700AX7 7Str AT,2022,"49,633kms",Petrol,Automatic,₹18.54 Lakh,bangalore
Mahindra,Mahindra XUV500W8 2WD,2014,"71,221kms",Diesel,Manual,₹6.50 Lakh,bangalore
Renault,Renault TriberRXZ,2022,"25,243kms",Petrol,Manual,₹6.54 Lakh,bangalore
Mahindra,Mahindra XUV500W7,2018,"90,668kms",Diesel,Manual,₹8.87 Lakh,bangalore
Hyundai,Hyundai i20Sportz Petrol,2011,"82,839kms",Petrol,Manual,₹2.48 Lakh,bangalore
Hyundai,Hyundai Grand i101.2 Kappa Asta,2014,"61,894kms",Petrol,Manual,₹3.53 Lakh,bangalore
Hyundai,Hyundai i201.2 Asta Option,2016,"1,08,313kms",Petrol,Manual,₹5.43 Lakh,bangalore
Renault,Renault KWID1.0 RXT AMT Opt,2019,"34,762kms",Petrol,Automatic,₹3.67 Lakh,bangalore
Renault,Renault KWIDRXT,2016,"88,138kms",Petrol,Manual,₹2.26 Lakh,bangalore
Hyundai,Hyundai EONMagna Plus,2018,"1,09,456kms",Petrol,Manual,₹2.61 Lakh,bangalore
Maruti,Maruti Wagon RAMT VXI,2016,"85,608kms",Petrol,Automatic,₹2.90 Lakh,bangalore
Mahindra,Mahindra KUV 100mFALCON G80 K6,2016,"34,715kms",Petrol,Manual,₹2.98 Lakh,bangalore
Honda,Honda AmazeEX i-Vtech,2014,"1,44,908kms",Petrol,Manual,₹2.71 Lakh,bangalore
Ford,Ford FigoAmbiente BSIV,2011,"73,382kms",Petrol,Manual,₹2.36 Lakh,bangalore
Renault,Renault KWID1.0 RXT Opt,2018,"1,15,721kms",Petrol,Manual,₹2.94 Lakh,bangalore
Maruti,Maruti Alto 800LXI Opt BSIV,2019,"14,377kms",Petrol,Manual,₹2.24 Lakh,bangalore
Datsun,Datsun RediGOT Option,2016,"51,150kms",Petrol,Manual,₹2.08 Lakh,bangalore
Honda,Honda Amaze 2nd GenVX CVT,2023,"23,392kms",Petrol,Automatic,₹7.96 Lakh,bangalore
Maruti,Maruti XL6Zeta AT,2020,"11,644kms",Petrol,Automatic,₹9.20 Lakh,bangalore
Mahindra,Mahindra XUV500W11 Option,2021,"21,439kms",Diesel,Manual,₹15.30 Lakh,bangalore
Mahindra,Mahindra XUV700AX7 7Str AT,2022,"49,633kms",Petrol,Automatic,₹18.54 Lakh,bangalore
Mahindra,Mahindra XUV500W8 2WD,2014,"71,221kms",Diesel,Manual,₹6.50 Lakh,bangalore
Renault,Renault TriberRXZ,2022,"25,243kms",Petrol,Manual,₹6.54 Lakh,bangalore
Mahindra,Mahindra XUV500W7,2018,"90,668kms",Diesel,Manual,₹8.87 Lakh,bangalore
Hyundai,Hyundai i20Sportz Petrol,2011,"82,839kms",Petrol,Manual,₹2.48 Lakh,bangalore
Hyundai,Hyundai Grand i101.2 Kappa Asta,2014,"61,894kms",Petrol,Manual,₹3.53 Lakh,bangalore
Hyundai,Hyundai i201.2 Asta Option,2016,"1,08,313kms",Petrol,Manual,₹5.43 Lakh,bangalore
Renault,Renault KWID1.0 RXT AMT Opt,2019,"34,762kms",Petrol,Automatic,₹3.67 Lakh,bangalore
Renault,Renault KWIDRXT,2016,"88,138kms",Petrol,Manual,₹2.26 Lakh,bangalore
Hyundai,Hyundai EONMagna Plus,2018,"1,09,456kms",Petrol,Manual,₹2.61 Lakh,bangalore
Ford,Ford FigoAmbiente BSIV,2011,"73,382kms",Petrol,Manual,₹2.36 Lakh,bangalore
Maruti,Maruti Alto 800LXI Opt BSIV,2019,"14,377kms",Petrol,Manual,₹2.24 Lakh,bangalore
Datsun,Datsun RediGOT Option,2016,"51,150kms",Petrol,Manual,₹2.08 Lakh,bangalore
Renault,Renault KWID1.0 RXT Opt,2018,"1,15,721kms",Petrol,Manual,₹2.94 Lakh,bangalore
Maruti,Maruti Wagon RAMT VXI,2016,"85,608kms",Petrol,Automatic,₹2.90 Lakh,bangalore
Mahindra,Mahindra KUV 100mFALCON G80 K6,2016,"34,715kms",Petrol,Manual,₹2.98 Lakh,bangalore
Honda,Honda AmazeEX i-Vtech,2014,"1,44,908kms",Petrol,Manual,₹2.71 Lakh,bangalore
Honda,Honda Amaze 2nd GenVX CVT,2023,"23,392kms",Petrol,Automatic,₹7.96 Lakh,bangalore
Maruti,Maruti XL6Zeta AT,2020,"11,644kms",Petrol,Automatic,₹9.20 Lakh,bangalore
Skoda,Skoda SuperbStyle 1.8 TSI AT,2018,"53,898kms",Petrol,Automatic,₹16.55 Lakh,bangalore
Mahindra,Mahindra XUV700AX7 7Str AT,2022,"49,633kms",Petrol,Automatic,₹18.54 Lakh,bangalore
Mahindra,Mahindra XUV500W8 2WD,2014,"71,221kms",Diesel,Manual,₹6.50 Lakh,bangalore
Mahindra,Mahindra XUV500W7,2018,"90,668kms",Diesel,Manual,₹8.87 Lakh,bangalore
Renault,Renault TriberRXZ,2022,"25,243kms",Petrol,Manual,₹6.54 Lakh,bangalore
Hyundai,Hyundai i20Sportz Petrol,2011,"82,839kms",Petrol,Manual,₹2.48 Lakh,bangalore
Hyundai,Hyundai Grand i101.2 Kappa Asta,2014,"61,894kms",Petrol,Manual,₹3.53 Lakh,bangalore
Hyundai,Hyundai i201.2 Asta Option,2016,"1,08,313kms",Petrol,Manual,₹5.43 Lakh,bangalore
Renault,Renault KWID1.0 RXT AMT Opt,2019,"34,762kms",Petrol,Automatic,₹3.67 Lakh,bangalore
Renault,Renault KWIDRXT,2016,"88,138kms",Petrol,Manual,₹2.26 Lakh,bangalore
Maruti,Maruti Alto 800LXI Opt BSIV,2019,"14,377kms",Petrol,Manual,₹2.24 Lakh,bangalore
Datsun,Datsun RediGOT Option,2016,"51,150kms",Petrol,Manual,₹2.08 Lakh,bangalore
Maruti,Maruti Wagon RAMT VXI,2016,"85,608kms",Petrol,Automatic,₹2.90 Lakh,bangalore
Mahindra,Mahindra KUV 100mFALCON G80 K6,2016,"34,715kms",Petrol,Manual,₹2.98 Lakh,bangalore
Honda,Honda AmazeEX i-Vtech,2014,"1,44,908kms",Petrol,Manual,₹2.71 Lakh,bangalore
Ford,Ford FigoAmbiente BSIV,2011,"73,382kms",Petrol,Manual,₹2.36 Lakh,bangalore
Renault,Renault KWID1.0 RXT Opt,2018,"1,15,721kms",Petrol,Manual,₹2.94 Lakh,bangalore
Hyundai,Hyundai EONMagna Plus,2018,"1,09,456kms",Petrol,Manual,₹2.61 Lakh,bangalore
Maruti,Maruti XL6Zeta AT,2020,"11,644kms",Petrol,Automatic,₹9.20 Lakh,bangalore
Honda,Honda Amaze 2nd GenVX CVT,2023,"23,392kms",Petrol,Automatic,₹7.96 Lakh,bangalore
Mahindra,Mahindra XUV500W11 Option,2021,"21,439kms",Diesel,Manual,₹15.30 Lakh,bangalore
Mahindra,Mahindra XUV700AX7 7Str AT,2022,"49,633kms",Petrol,Automatic,₹18.54 Lakh,bangalore
Mahindra,Mahindra XUV500W8 2WD,2014,"71,221kms",Diesel,Manual,₹6.50 Lakh,bangalore
Renault,Renault TriberRXZ,2022,"25,243kms",Petrol,Manual,₹6.54 Lakh,bangalore
Mahindra,Mahindra XUV500W7,2018,"90,668kms",Diesel,Manual,₹8.87 Lakh,bangalore
Hyundai,Hyundai i20Sportz Petrol,2011,"82,839kms",Petrol,Manual,₹2.48 Lakh,bangalore
Hyundai,Hyundai Grand i101.2 Kappa Asta,2014,"61,894kms",Petrol,Manual,₹3.53 Lakh,bangalore
Hyundai,Hyundai i201.2 Asta Option,2016,"1,08,313kms",Petrol,Manual,₹5.43 Lakh,bangalore
Renault,Renault KWID1.0 RXT AMT Opt,2019,"34,762kms",Petrol,Automatic,₹3.67 Lakh,bangalore
Renault,Renault KWIDRXT,2016,"88,138kms",Petrol,Manual,₹2.26 Lakh,bangalore
Hyundai,Hyundai EONMagna Plus,2018,"1,09,456kms",Petrol,Manual,₹2.61 Lakh,bangalore
Maruti,Maruti Wagon RAMT VXI,2016,"85,608kms",Petrol,Automatic,₹2.90 Lakh,bangalore
Mahindra,Mahindra KUV 100mFALCON G80 K6,2016,"34,715kms",Petrol,Manual,₹2.98 Lakh,bangalore
Honda,Honda AmazeEX i-Vtech,2014,"1,44,908kms",Petrol,Manual,₹2.71 Lakh,bangalore
Ford,Ford FigoAmbiente BSIV,2011,"73,382kms",Petrol,Manual,₹2.36 Lakh,bangalore
Renault,Renault KWID1.0 RXT Opt,2018,"1,15,721kms",Petrol,Manual,₹2.94 Lakh,bangalore
Maruti,Maruti Alto 800LXI Opt BSIV,2019,"14,377kms",Petrol,Manual,₹2.24 Lakh,bangalore
Datsun,Datsun RediGOT Option,2016,"51,150kms",Petrol,Manual,₹2.08 Lakh,bangalore
Honda,Honda Amaze 2nd GenVX CVT,2023,"23,392kms",Petrol,Automatic,₹7.96 Lakh,bangalore
Maruti,Maruti XL6Zeta AT,2020,"11,644kms",Petrol,Automatic,₹9.20 Lakh,bangalore
Mahindra,Mahindra XUV500W11 Option,2021,"21,439kms",Diesel,Manual,₹15.30 Lakh,bangalore
Mahindra,Mahindra XUV700AX7 7Str AT,2022,"49,633kms",Petrol,Automatic,₹18.54 Lakh,bangalore
Mahindra,Mahindra XUV500W8 2WD,2014,"71,221kms",Diesel,Manual,₹6.50 Lakh,bangalore
Renault,Renault TriberRXZ,2022,"25,243kms",Petrol,Manual,₹6.54 Lakh,bangalore
Mahindra,Mahindra XUV500W7,2018,"90,668kms",Diesel,Manual,₹8.87 Lakh,bangalore
Hyundai,Hyundai i20Sportz Petrol,2011,"82,839kms",Petrol,Manual,₹2.48 Lakh,bangalore
Hyundai,Hyundai Grand i101.2 Kappa Asta,2014,"61,894kms",Petrol,Manual,₹3.53 Lakh,bangalore
Hyundai,Hyundai i201.2 Asta Option,2016,"1,08,313kms",Petrol,Manual,₹5.43 Lakh,bangalore
Renault,Renault KWID1.0 RXT AMT Opt,2019,"34,762kms",Petrol,Automatic,₹3.67 Lakh,bangalore
Renault,Renault KWIDRXT,2016,"88,138kms",Petrol,Manual,₹2.26 Lakh,bangalore
Hyundai,Hyundai EONMagna Plus,2018,"1,09,456kms",Petrol,Manual,₹2.61 Lakh,bangalore
Ford,Ford FigoAmbiente BSIV,2011,"73,382kms",Petrol,Manual,₹2.36 Lakh,bangalore
Maruti,Maruti Alto 800LXI Opt BSIV,2019,"14,377kms",Petrol,Manual,₹2.24 Lakh,bangalore
Datsun,Datsun RediGOT Option,2016,"51,150kms",Petrol,Manual,₹2.08 Lakh,bangalore
Renault,Renault KWID1.0 RXT Opt,2018,"1,15,721kms",Petrol,Manual,₹2.94 Lakh,bangalore
Maruti,Maruti Wagon RAMT VXI,2016,"85,608kms",Petrol,Automatic,₹2.90 Lakh,bangalore
Mahindra,Mahindra KUV 100mFALCON G80 K6,2016,"34,715kms",Petrol,Manual,₹2.98 Lakh,bangalore
Honda,Honda AmazeEX i-Vtech,2014,"1,44,908kms",Petrol,Manual,₹2.71 Lakh,bangalore
Honda,Honda Amaze 2nd GenVX CVT,2023,"23,392kms",Petrol,Automatic,₹7.96 Lakh,bangalore
Maruti,Maruti XL6Zeta AT,2020,"11,644kms",Petrol,Automatic,₹9.20 Lakh,bangalore
Mahindra,Mahindra XUV500W11 Option,2021,"21,439kms",Diesel,Manual,₹15.30 Lakh,bangalore
Mahindra,Mahindra XUV700AX7 7Str AT,2022,"49,633kms",Petrol,Automatic,₹18.54 Lakh,bangalore
Mahindra,Mahindra XUV500W8 2WD,2014,"71,221kms",Diesel,Manual,₹6.50 Lakh,bangalore
Renault,Renault TriberRXZ,2022,"25,243kms",Petrol,Manual,₹6.54 Lakh,bangalore
Mahindra,Mahindra XUV500W7,2018,"90,668kms",Diesel,Manual,₹8.87 Lakh,bangalore
Hyundai,Hyundai i20Sportz Petrol,2011,"82,839kms",Petrol,Manual,₹2.48 Lakh,bangalore
Hyundai,Hyundai Grand i101.2 Kappa Asta,2014,"61,894kms",Petrol,Manual,₹3.53 Lakh,bangalore
Hyundai,Hyundai i201.2 Asta Option,2016,"1,08,313kms",Petrol,Manual,₹5.43 Lakh,bangalore
Renault,Renault KWID1.0 RXT AMT Opt,2019,"34,762kms",Petrol,Automatic,₹3.67 Lakh,bangalore
Renault,Renault KWIDRXT,2016,"88,138kms",Petrol,Manual,₹2.26 Lakh,bangalore
Hyundai,Hyundai EONMagna Plus,2018,"1,09,456kms",Petrol,Manual,₹2.61 Lakh,bangalore
Ford,Ford FigoAmbiente BSIV,2011,"73,382kms",Petrol,Manual,₹2.36 Lakh,bangalore
Maruti,Maruti Alto 800LXI Opt BSIV,2019,"14,377kms",Petrol,Manual,₹2.24 Lakh,bangalore
Datsun,Datsun RediGOT Option,2016,"51,150kms",Petrol,Manual,₹2.08 Lakh,bangalore
Renault,Renault KWID1.0 RXT Opt,2018,"1,15,721kms",Petrol,Manual,₹2.94 Lakh,bangalore
Maruti,Maruti Wagon RAMT VXI,2016,"85,608kms",Petrol,Automatic,₹2.90 Lakh,bangalore
Mahindra,Mahindra KUV 100mFALCON G80 K6,2016,"34,715kms",Petrol,Manual,₹2.98 Lakh,bangalore
Honda,Honda AmazeEX i-Vtech,2014,"1,44,908kms",Petrol,Manual,₹2.71 Lakh,bangalore
Honda,Honda Amaze 2nd GenVX CVT,2023,"23,392kms",Petrol,Automatic,₹7.96 Lakh,bangalore
Maruti,Maruti XL6Zeta AT,2020,"11,644kms",Petrol,Automatic,₹9.20 Lakh,bangalore
Mahindra,Mahindra XUV500W11 Option,2021,"21,439kms",Diesel,Manual,₹15.30 Lakh,bangalore
Mahindra,Mahindra XUV700AX7 7Str AT,2022,"49,633kms",Petrol,Automatic,₹18.54 Lakh,bangalore
Mahindra,Mahindra XUV500W8 2WD,2014,"71,221kms",Diesel,Manual,₹6.50 Lakh,bangalore
Renault,Renault TriberRXZ,2022,"25,243kms",Petrol,Manual,₹6.54 Lakh,bangalore
Mahindra,Mahindra XUV500W7,2018,"90,668kms",Diesel,Manual,₹8.87 Lakh,bangalore
Hyundai,Hyundai i20Sportz Petrol,2011,"82,839kms",Petrol,Manual,₹2.48 Lakh,bangalore
Hyundai,Hyundai Grand i101.2 Kappa Asta,2014,"61,894kms",Petrol,Manual,₹3.53 Lakh,bangalore
Hyundai,Hyundai i201.2 Asta Option,2016,"1,08,313kms",Petrol,Manual,₹5.43 Lakh,bangalore
Renault,Renault KWID1.0 RXT AMT Opt,2019,"34,762kms",Petrol,Automatic,₹3.67 Lakh,bangalore
Renault,Renault KWIDRXT,2016,"88,138kms",Petrol,Manual,₹2.26 Lakh,bangalore
Hyundai,Hyundai EONMagna Plus,2018,"1,09,456kms",Petrol,Manual,₹2.61 Lakh,bangalore
Maruti,Maruti Wagon RAMT VXI,2016,"85,608kms",Petrol,Automatic,₹2.90 Lakh,bangalore
Mahindra,Mahindra KUV 100mFALCON G80 K6,2016,"34,715kms",Petrol,Manual,₹2.98 Lakh,bangalore
Honda,Honda AmazeEX i-Vtech,2014,"1,44,908kms",Petrol,Manual,₹2.71 Lakh,bangalore
Ford,Ford FigoAmbiente BSIV,2011,"73,382kms",Petrol,Manual,₹2.36 Lakh,bangalore
Renault,Renault KWID1.0 RXT Opt,2018,"1,15,721kms",Petrol,Manual,₹2.94 Lakh,bangalore
Maruti,Maruti Alto 800LXI Opt BSIV,2019,"14,377kms",Petrol,Manual,₹2.24 Lakh,bangalore
Datsun,Datsun RediGOT Option,2016,"51,150kms",Petrol,Manual,₹2.08 Lakh,bangalore
Honda,Honda Amaze 2nd GenVX CVT,2023,"23,392kms",Petrol,Automatic,₹7.96 Lakh,bangalore
Maruti,Maruti XL6Zeta AT,2020,"11,644kms",Petrol,Automatic,₹9.20 Lakh,bangalore
Skoda,Skoda SuperbStyle 1.8 TSI AT,2018,"53,898kms",Petrol,Automatic,₹16.55 Lakh,bangalore
Mahindra,Mahindra XUV700AX7 7Str AT,2022,"49,633kms",Petrol,Automatic,₹18.54 Lakh,bangalore
Mahindra,Mahindra XUV500W8 2WD,2014,"71,221kms",Diesel,Manual,₹6.50 Lakh,bangalore
Mahindra,Mahindra XUV500W7,2018,"90,668kms",Diesel,Manual,₹8.87 Lakh,bangalore
Renault,Renault TriberRXZ,2022,"25,243kms",Petrol,Manual,₹6.54 Lakh,bangalore
Hyundai,Hyundai i20Sportz Petrol,2011,"82,839kms",Petrol,Manual,₹2.48 Lakh,bangalore
Hyundai,Hyundai Grand i101.2 Kappa Asta,2014,"61,894kms",Petrol,Manual,₹3.53 Lakh,bangalore
Hyundai,Hyundai i201.2 Asta Option,2016,"1,08,313kms",Petrol,Manual,₹5.43 Lakh,bangalore
Renault,Renault KWID1.0 RXT AMT Opt,2019,"34,762kms",Petrol,Automatic,₹3.67 Lakh,bangalore
Renault,Renault KWIDRXT,2016,"88,138kms",Petrol,Manual,₹2.26 Lakh,bangalore
Maruti,Maruti Alto 800LXI Opt BSIV,2019,"14,377kms",Petrol,Manual,₹2.24 Lakh,bangalore
Datsun,Datsun RediGOT Option,2016,"51,150kms",Petrol,Manual,₹2.08 Lakh,bangalore
Maruti,Maruti Wagon RAMT VXI,2016,"85,608kms",Petrol,Automatic,₹2.90 Lakh,bangalore
Mahindra,Mahindra KUV 100mFALCON G80 K6,2016,"34,715kms",Petrol,Manual,₹2.98 Lakh,bangalore
Honda,Honda AmazeEX i-Vtech,2014,"1,44,908kms",Petrol,Manual,₹2.71 Lakh,bangalore
Ford,Ford FigoAmbiente BSIV,2011,"73,382kms",Petrol,Manual,₹2.36 Lakh,bangalore
Renault,Renault KWID1.0 RXT Opt,2018,"1,15,721kms",Petrol,Manual,₹2.94 Lakh,bangalore
Hyundai,Hyundai EONMagna Plus,2018,"1,09,456kms",Petrol,Manual,₹2.61 Lakh,bangalore
Maruti,Maruti XL6Zeta AT,2020,"11,644kms",Petrol,Automatic,₹9.20 Lakh,bangalore
Honda,Honda Amaze 2nd GenVX CVT,2023,"23,392kms",Petrol,Automatic,₹7.96 Lakh,bangalore
