car_brand,car_name,year,km_driven,fuel,transmission,price,city
BMW,BMW X5xDrive 30d xLine,2022,"44,266kms",Diesel,Automatic,₹64 Lakh,new-delhi
Toyota,Toyota VellfireHi,2025,"5,900kms",Petrol,Automatic,₹1.19 Crore,new-delhi
Mercedes-Benz,Mercedes-Benz E-ClassExclusive E 200 BSIV,2019,"70,000kms",Petrol,Automatic,₹31.49 Lakh,new-delhi
Mercedes-Benz,Mercedes-Benz E-ClassExpression E 200 BSIV,2019,"28,000kms",Petrol,Automatic,₹37.50 Lakh,new-delhi
Mercedes-Benz,Mercedes-Benz E-ClassExpression E 200 BSIV,2019,"14,100kms",Petrol,Automatic,₹34.75 Lakh,new-delhi
Porsche,Porsche 911Turbo S  -2025,2023,"4,500kms",Petrol,Automatic,₹2.31 Crore,new-delhi
Honda,Honda CityS,2013,"67,245kms",Petrol,Manual,₹2.19 Lakh,new-delhi
Maruti,Maruti SwiftLXI Optional-O,2017,"64,000kms",Petrol,Manual,₹2.99 Lakh,new-delhi
Maruti,Maruti Swift DzireVXI,2015,"81,000kms",Petrol,Manual,₹2.89 Lakh,new-delhi
Kia,Kia SonetGTX Plus Turbo DCT BSVI,2020,"27,747kms",Petrol,Automatic,₹10.50 Lakh,new-delhi
Maruti,Maruti Swift DzireVXI,2014,"68,000kms",Petrol,Manual,₹2.75 Lakh,new-delhi
Maruti,Maruti Wagon RLXI BS IV,2016,"62,000kms",Petrol,Manual,₹2.35 Lakh,new-delhi
Hyundai,Hyundai CretaSX,2024,"43,000kms",Petrol,Manual,₹13.75 Lakh,new-delhi
Jaguar,Jaguar XJ2.0L Portfolio,2017,"13,000kms",Petrol,Automatic,₹40 Lakh,new-delhi
Hyundai,Hyundai CretaSX Opt Knight IVT,2023,"17,000kms",Petrol,Automatic,₹15 Lakh,new-delhi
Mahindra,Mahindra XUV700AX5 7 Str Diesel AT BSVI,2022,"50,000kms",Diesel,Automatic,₹16.75 Lakh,new-delhi
Mahindra,Mahindra XUV700AX7 Diesel AT Luxury Pack AWD BSVI,2022,"50,000kms",Diesel,Automatic,₹16.75 Lakh,new-delhi
BMW,BMW 5 Series530Li,2024,"27,000kms",Petrol,Automatic,₹64 Lakh,new-delhi
Hyundai,Hyundai i20 N-LineN6 iMT BSVI,2021,"66,000kms",Petrol,Manual,₹6.25 Lakh,new-delhi
Mercedes-Benz,Mercedes-Benz E-ClassExclusive E 220d,2018,"52,000kms",Diesel,Automatic,₹28 Lakh,new-delhi
Jaguar,Jaguar XE2.0L Diesel Prestige,2018,"25,000kms",Diesel,Automatic,₹27 Lakh,new-delhi
Jaguar,Jaguar XJ3.0L Portfolio,2014,"72,000kms",Diesel,Automatic,₹24.49 Lakh,new-delhi
Mercedes-Benz,Mercedes-Benz E-ClassE 220D,2017,"50,000kms",Diesel,Automatic,₹21.95 Lakh,new-delhi
Mercedes-Benz,Mercedes-Benz E-ClassE 200 CGI,2017,"34,000kms",Petrol,Automatic,₹29.50 Lakh,new-delhi
Mercedes-Benz,Mercedes-Benz GLC220d,2025,"20,000kms",Diesel,Automatic,₹64 Lakh,new-delhi
Mercedes-Benz,Mercedes-Benz E-ClassE250 CDI Avantgarde,2017,"52,000kms",Diesel,Automatic,₹24 Lakh,new-delhi
Mercedes-Benz,Mercedes-Benz E-ClassE 220D,2017,"50,000kms",Diesel,Automatic,₹22.90 Lakh,new-delhi
BMW,BMW 5 Series520d Luxury Line,2018,"37,000kms",Diesel,Automatic,₹25.50 Lakh,new-delhi
BMW,BMW X1sDrive18i M Sport,2025,"2,000kms",Petrol,Automatic,₹47.50 Lakh,new-delhi
Jeep,Jeep CompassModel S Diesel BSVI,2021,"14,000kms",Diesel,Manual,₹20.50 Lakh,new-delhi
Audi,Audi S5Sportback,2017,"51,000kms",Petrol,Automatic,₹24.90 Lakh,new-delhi
BMW,BMW 5 Series520d Luxury Line,2018,"70,000kms",Diesel,Automatic,₹22.90 Lakh,new-delhi
Mercedes-Benz,Mercedes-Benz CLA200 Sport Edition,2016,"55,000kms",Petrol,Automatic,₹12.50 Lakh,new-delhi
Jaguar,Jaguar XEPortfolio,2019,"34,000kms",Petrol,Automatic,₹24.50 Lakh,new-delhi
Hyundai,Hyundai SantroSportz CNG BSIV,2019,"60,000kms",CNG,Manual,₹3.75 Lakh,new-delhi
Hyundai,Hyundai Creta1.6 VTVT AT SX Plus,2017,"62,301kms",Petrol,Automatic,₹6.15 Lakh,new-delhi
Ford,Ford EndeavourTitanium Plus 4X2 AT,2021,"86,000kms",Diesel,Automatic,₹25.75 Lakh,new-delhi
Mahindra,Mahindra XUV300W8 BSVI,2020,"62,000kms",Petrol,Manual,₹6.25 Lakh,new-delhi
Hyundai,Hyundai Creta1.6 SX Automatic,2019,"70,001kms",Petrol,Automatic,₹8.75 Lakh,new-delhi
MG,MG HectorSuper MT,2020,"22,000kms",Petrol,Manual,₹7.99 Lakh,new-delhi
BMW,BMW X5xDrive 40i M Sport,2022,"30,000kms",Petrol,Automatic,₹69 Lakh,new-delhi
Mahindra,Mahindra XUV300W8 BSVI,2020,"62,000kms",Petrol,Manual,₹6.25 Lakh,new-delhi
Audi,Audi A435 TDI Technology,2017,"65,000kms",Diesel,Automatic,₹16.50 Lakh,new-delhi
Hyundai,Hyundai Creta1.6 SX Option,2019,"65,000kms",Petrol,Manual,₹7 Lakh,new-delhi
Ford,Ford MustangV8,2017,"24,000kms",Petrol,Automatic,₹76.75 Lakh,new-delhi
Hyundai,Hyundai Creta1.6 SX Option,2019,"68,000kms",Petrol,Manual,₹8.75 Lakh,new-delhi
BMW,BMW 5 Series520d Luxury Line,2017,"1,10,000kms",Diesel,Automatic,₹16.50 Lakh,new-delhi
Mercedes-Benz,Mercedes-Benz E-ClassExpression E 200 BSIV,2019,"53,000kms",Petrol,Automatic,₹35.50 Lakh,new-delhi
BMW,BMW X5xDrive 30d Sport,2019,"1,16,000kms",Diesel,Automatic,₹28.90 Lakh,new-delhi
Jeep,Jeep Grand Cherokee SRT4X4,2016,"1,16,000kms",Petrol,Automatic,₹40 Lakh,new-delhi
Mercedes-Benz,Mercedes-Benz E-ClassExpression E 220d,2020,"23,000kms",Diesel,Automatic,₹35 Lakh,new-delhi
Volvo,Volvo XC60Inscription D5 BSIV,2019,"40,000kms",Diesel,Automatic,₹39 Lakh,new-delhi
Maruti,Maruti Grand VitaraAlpha,2024,"32,000kms",Petrol,Manual,₹13.50 Lakh,new-delhi
Hyundai,Hyundai i20Sportz,2024,"18,000kms",Petrol,Manual,₹6.75 Lakh,new-delhi
Honda,Honda CityZX MT,2022,"59,691kms",Petrol,Manual,₹11.62 Lakh,new-delhi
Skoda,Skoda Kushaq1.5 TSI Style DSG,2022,"60,099kms",Petrol,Automatic,₹11.34 Lakh,new-delhi
Mercedes-Benz,Mercedes-Benz GLS350d Grand Edition,2019,"54,000kms",Diesel,Automatic,₹42 Lakh,new-delhi
Hyundai,Hyundai CretaSX Diesel AT BSVI,2021,"79,000kms",Diesel,Automatic,₹13.75 Lakh,new-delhi
Mahindra,Mahindra TharLX 4WD Hard Top Diesel BSVI,2021,"72,504kms",Diesel,Manual,₹11.50 Lakh,new-delhi
Hyundai,Hyundai CretaSX BSVI,2022,"54,000kms",Petrol,Manual,₹11.99 Lakh,new-delhi
BMW,BMW XMxDrive,2024,"26,000kms",Petrol,Automatic,₹1.52 Crore,new-delhi
Honda,Honda CityZX MT,2022,"59,691kms",Petrol,Manual,₹11.62 Lakh,new-delhi
Jaguar,Jaguar XE2.0L Diesel Prestige,2018,"48,000kms",Diesel,Automatic,₹14.90 Lakh,new-delhi
Maruti,Maruti Grand VitaraZeta AT BSVI,2022,"15,000kms",Petrol,Automatic,₹12.50 Lakh,new-delhi
Audi,Audi A335 TFSI Premium,2019,"21,000kms",Petrol,Automatic,₹18.60 Lakh,new-delhi
Kia,Kia SonetHTX Diesel AT,2024,"16,000kms",Diesel,Automatic,₹11.90 Lakh,new-delhi
Maruti,Maruti Grand VitaraAlpha Plus Hybrid CVT BSVI,2022,"42,000kms",Petrol,Automatic,₹14.95 Lakh,new-delhi
Kia,Kia SeltosHTX IVT G,2022,"48,000kms",Petrol,Automatic,₹11.45 Lakh,new-delhi
Jeep,Jeep Compass1.4 Limited Plus BSIV,2019,"86,000kms",Petrol,Automatic,₹10.90 Lakh,new-delhi
Kia,Kia SeltosHTX IVT,2023,"39,000kms",Petrol,Automatic,₹13.50 Lakh,new-delhi
Skoda,Skoda Kushaq1.0 TSI Style AT BSVI,2022,"29,000kms",Petrol,Automatic,₹11.90 Lakh,new-delhi
Hyundai,Hyundai CretaSX,2023,"49,000kms",Petrol,Manual,₹12.75 Lakh,new-delhi
MG,MG HectorSharp CVT,2022,"30,000kms",Petrol,Automatic,₹17 Lakh,new-delhi
Mercedes-Benz,Mercedes-Benz C-ClassC 200 AVANTGARDE,2015,"83,111kms",Petrol,Automatic,₹13.75 Lakh,new-delhi
Maruti,Maruti Grand VitaraAlpha BSVI,2022,"41,000kms",Petrol,Manual,₹11.45 Lakh,new-delhi
Mahindra,Mahindra XUV700AX5 BSVI,2022,"49,000kms",Petrol,Manual,₹14.45 Lakh,new-delhi
Ford,Ford Endeavour3.2 Titanium AT 4X4,2017,"1,00,000kms",Diesel,Automatic,₹25 Lakh,new-delhi
Tata,Tata NexonXZ Plus LUX,2023,"12,000kms",Petrol,Manual,₹11 Lakh,new-delhi
Toyota,Toyota Innova Crysta2.4 VX MT BSIV,2017,"1,90,000kms",Diesel,Manual,₹12.50 Lakh,new-delhi
Hyundai,Hyundai CretaEX BSVI,2022,"21,000kms",Petrol,Manual,₹10.35 Lakh,new-delhi
BMW,BMW i7xDrive60 M Sport,2024,"8,066kms",Electric,Automatic,₹1.36 Crore,new-delhi
Honda,Honda CityVX CVT,2022,"27,053kms",Petrol,Automatic,₹11.75 Lakh,new-delhi
Kia,Kia SeltosHTX IVT,2023,"67,000kms",Petrol,Automatic,₹13.25 Lakh,new-delhi
Mahindra,Mahindra TharLX 4WD Hard Top AT BSVI,2022,"38,000kms",Petrol,Automatic,₹12.95 Lakh,new-delhi
Toyota,Toyota Innova Crysta2.4 VX MT BSIV,2016,"1,27,000kms",Diesel,Manual,₹12 Lakh,new-delhi
Mahindra,Mahindra TharLX 4WD Convert Top AT BSVI,2020,"54,745kms",Petrol,Automatic,₹10.85 Lakh,new-delhi
Hyundai,Hyundai Creta1.6 SX Automatic Diesel,2020,"47,000kms",Diesel,Automatic,₹12 Lakh,new-delhi
Honda,Honda CityVX MT,2022,"12,074kms",Petrol,Manual,₹10.75 Lakh,new-delhi
Toyota,Toyota CamryHybrid,2016,"1,20,000kms",Petrol,Automatic,₹11 Lakh,new-delhi
MG,MG Hector PlusSharp Diesel MT,2022,"41,000kms",Diesel,Manual,₹13.50 Lakh,new-delhi
Maruti,Maruti Grand VitaraZeta AT BSVI,2022,"59,817kms",Petrol,Automatic,₹12.60 Lakh,new-delhi
Kia,Kia CarensLuxury Plus Turbo DCT  -2023,2022,"31,000kms",Petrol,Automatic,₹14.50 Lakh,new-delhi
Audi,Audi Q7Technology  -,2022,"18,000kms",Petrol,Automatic,₹64 Lakh,new-delhi
Toyota,Toyota Innova Crysta2.4 G Plus MT BSIV,2019,"1,75,000kms",Diesel,Manual,₹12.40 Lakh,new-delhi
Skoda,Skoda Kushaq1.5 TSI Style DSG,2022,"45,000kms",Petrol,Automatic,₹12.75 Lakh,new-delhi
Hyundai,Hyundai CretaS (O),2024,"9,000kms",Petrol,Manual,₹14.25 Lakh,new-delhi
BMW,BMW 6 SeriesGT,2018,"22,500kms",Petrol,Automatic,₹34.50 Lakh,new-delhi
Maruti,Maruti XL6Alpha AT,2022,"47,000kms",Petrol,Automatic,₹10.40 Lakh,new-delhi
MG,MG AstorSelect CVT,2024,"20,000kms",Petrol,Automatic,₹10.86 Lakh,new-delhi
Toyota,Toyota Innova Crysta2.4 G Plus MT BSIV,2019,"1,10,000kms",Diesel,Manual,₹12.75 Lakh,new-delhi
Hyundai,Hyundai VernaSX Turbo DCT,2023,"40,000kms",Petrol,Automatic,₹12.50 Lakh,new-delhi
Toyota,Toyota Innova Crysta2.4 G Plus MT BSIV,2019,"39,000kms",Diesel,Manual,₹13.90 Lakh,new-delhi
Hyundai,Hyundai CretaSX Executive BSVI,2022,"44,000kms",Petrol,Manual,₹11.90 Lakh,new-delhi
Kia,Kia SonetHTX Diesel AT,2024,"17,000kms",Diesel,Automatic,₹11.75 Lakh,new-delhi
Lexus,Lexus RX350h Luxury Lexus Premium System,2023,"20,000kms",Petrol,Automatic,₹85 Lakh,new-delhi
Kia,Kia SeltosHTX IVT,2024,"9,000kms",Petrol,Automatic,₹14.99 Lakh,new-delhi
Skoda,Skoda Kushaq1.5 TSI Style DSG,2022,"45,000kms",Petrol,Automatic,₹12.75 Lakh,new-delhi
Hyundai,Hyundai CretaS (O),2024,"9,000kms",Petrol,Manual,₹14.25 Lakh,new-delhi
Hyundai,Hyundai VenueS Plus,2021,"70,000kms",Petrol,Manual,₹6.40 Lakh,new-delhi
Maruti,Maruti XL6Alpha AT,2022,"47,000kms",Petrol,Automatic,₹10.40 Lakh,new-delhi
Audi,Audi A435 TDI Technology,2017,"69,000kms",Diesel,Automatic,₹13.90 Lakh,new-delhi
Toyota,Toyota Innova Crysta2.7 GX MT BSIV,2019,"38,000kms",Petrol,Manual,₹11.70 Lakh,new-delhi
MG,MG GlosterSavvy 6-Str,2021,"80,000kms",Diesel,Automatic,₹24.50 Lakh,new-delhi
Hyundai,Hyundai Creta1.6 Gamma SX Plus,2016,"62,488kms",Petrol,Manual,₹5.49 Lakh,new-delhi
Kia,Kia SeltosGTX Plus Turbo DCT,2023,"24,075kms",Petrol,Automatic,₹16.25 Lakh,new-delhi
Tata,Tata TigorXZ,2020,"85,263kms",Petrol,Manual,₹3.31 Lakh,new-delhi
Mercedes-Benz,Mercedes-Benz GLA Class200 Sport,2020,"60,000kms",Petrol,Automatic,₹23.50 Lakh,new-delhi
Hyundai,Hyundai i201.2 Asta Option,2019,"50,097kms",Petrol,Manual,₹5.89 Lakh,new-delhi
Maruti,Maruti Swift DzireAMT ZXI,2017,"65,000kms",Petrol,Automatic,₹3.95 Lakh,new-delhi
Maruti,Maruti Vitara BrezzaVDi AMT,2018,"62,000kms",Diesel,Automatic,₹5.90 Lakh,new-delhi
Mercedes-Benz,Mercedes-Benz GLA200,2024,"8,000kms",Petrol,Automatic,₹44.50 Lakh,new-delhi
Maruti,Maruti SwiftLXI Optional-O,2017,"50,000kms",Petrol,Manual,₹3.75 Lakh,new-delhi
Hyundai,Hyundai Grand i10 NiosAsta CRDi,2019,"82,000kms",Diesel,Manual,₹4.50 Lakh,new-delhi
Maruti,Maruti CiazAT ZXi,2017,"88,000kms",Petrol,Automatic,₹4.25 Lakh,new-delhi
BMW,BMW 7 Series740Li M Sport,2022,"16,000kms",Petrol,Automatic,₹77 Lakh,new-delhi
Hyundai,Hyundai Creta1.6 VTVT SX Plus,2017,"87,000kms",Petrol,Manual,₹5.35 Lakh,new-delhi
Honda,Honda Cityi VTEC CVT VX,2015,"85,000kms",Petrol,Automatic,₹4.75 Lakh,new-delhi
Hyundai,Hyundai Creta1.6 VTVT Base,2017,"83,000kms",Petrol,Manual,₹5.50 Lakh,new-delhi
Hyundai,Hyundai CretaS (O) Knight,2024,"52,000kms",Petrol,Manual,₹12 Lakh,new-delhi
Maruti,Maruti Vitara BrezzaZDi,2016,"80,000kms",Diesel,Manual,₹4.70 Lakh,new-delhi
Maruti,Maruti Baleno1.2 Sigma,2018,"50,000kms",Petrol,Manual,₹4.25 Lakh,new-delhi
Maruti,Maruti SwiftZXI Plus,2019,"68,000kms",Petrol,Manual,₹5.25 Lakh,new-delhi
BMW,BMW X1sDrive20i xLine,2022,"28,000kms",Petrol,Automatic,₹29.75 Lakh,new-delhi
Tata,Tata Nexon1.5 Revotorq XM,2019,"75,000kms",Diesel,Manual,₹5.90 Lakh,new-delhi
Tata,Tata Nexon1.5 Revotorq XM,2019,"65,000kms",Diesel,Manual,₹5.95 Lakh,new-delhi
Maruti,Maruti SwiftZXI,2019,"87,000kms",Petrol,Manual,₹5.25 Lakh,new-delhi
Ford,Ford Endeavour3.2 Titanium AT 4X4,2017,"1,00,000kms",Diesel,Automatic,₹16.50 Lakh,new-delhi
Hyundai,Hyundai Creta1.6 SX Option,2015,"1,00,000kms",Petrol,Manual,₹5.50 Lakh,new-delhi
Tata,Tata Nexon1.2 Revotron XM,2020,"76,000kms",Petrol,Manual,₹5.50 Lakh,new-delhi
Hyundai,Hyundai Creta1.6 VTVT SX Plus,2016,"70,000kms",Petrol,Manual,₹5.65 Lakh,new-delhi
Hyundai,Hyundai CretaEX,2024,"20,000kms",Petrol,Manual,₹11.50 Lakh,new-delhi
Honda,Honda AmazeS i-VTEC,2017,"61,000kms",Petrol,Manual,₹3.85 Lakh,new-delhi
Tata,Tata Nexon1.2 Revotron XZ,2018,"54,000kms",Petrol,Manual,₹4.99 Lakh,new-delhi
Hyundai,Hyundai i201.2 Spotz,2018,"55,000kms",Petrol,Manual,₹4.35 Lakh,new-delhi
Ford,Ford Endeavour3.2 Titanium AT 4X4,2016,"1,26,000kms",Diesel,Automatic,₹12.50 Lakh,new-delhi
Toyota,Toyota Innova Crysta2.4 G MT 8S BSIV,2017,"1,91,026kms",Diesel,Manual,₹6 Lakh,new-delhi
Honda,Honda Cityi VTEC CVT VX,2015,"42,000kms",Petrol,Automatic,₹5.25 Lakh,new-delhi
Hyundai,Hyundai Grand i101.2 Kappa Sportz Option AT,2017,"34,238kms",Petrol,Automatic,₹4.75 Lakh,new-delhi
Ford,Ford MustangV8,2019,"15,000kms",Petrol,Automatic,₹89 Lakh,new-delhi
Honda,Honda AmazeS AT i-Vtech,2015,"61,000kms",Petrol,Automatic,₹3.75 Lakh,new-delhi
Honda,Honda AmazeS Option i-VTEC,2017,"60,000kms",Petrol,Manual,₹3.90 Lakh,new-delhi
Hyundai,Hyundai Creta1.6 VTVT AT SX Plus,2017,"63,000kms",Petrol,Automatic,₹5.90 Lakh,new-delhi
Mercedes-Benz,Mercedes-Benz GLC200,2020,"55,000kms",Petrol,Automatic,₹34 Lakh,new-delhi
Maruti,Maruti Swift DzireVDI,2017,"56,000kms",Diesel,Manual,₹4.25 Lakh,new-delhi
Tata,Tata Tigor1.2 Revotron XZ Option,2018,"46,000kms",Petrol,Manual,₹3.80 Lakh,new-delhi
Honda,Honda Cityi VTEC CVT SV,2015,"68,000kms",Petrol,Automatic,₹4.95 Lakh,new-delhi
Kia,Kia SonetHTX Turbo iMT BSVI,2021,"80,000kms",Petrol,Manual,₹8 Lakh,new-delhi
Hyundai,Hyundai Creta1.6 VTVT S,2016,"71,000kms",Petrol,Manual,₹6 Lakh,new-delhi
Maruti,Maruti SwiftZXI BSIV,2017,"72,000kms",Petrol,Manual,₹3.85 Lakh,new-delhi
Hyundai,Hyundai i20Asta Option BSIV,2018,"64,219kms",Petrol,Manual,₹5.45 Lakh,new-delhi
Kia,Kia SeltosHTX,2024,"6,000kms",Petrol,Manual,₹15.75 Lakh,new-delhi
Hyundai,Hyundai Creta1.6 VTVT SX Plus,2016,"70,000kms",Petrol,Manual,₹6 Lakh,new-delhi
Hyundai,Hyundai Grand i101.2 CRDi Sportz,2018,"64,000kms",Diesel,Manual,₹3.75 Lakh,new-delhi
Honda,Honda AmazeS AT i-Vtech,2015,"61,000kms",Petrol,Automatic,₹3.75 Lakh,new-delhi
Audi,Audi Q8Celebration Edition BSVI,2022,"32,000kms",Petrol,Automatic,₹71 Lakh,new-delhi
Honda,Honda AmazeS Option i-VTEC,2017,"60,000kms",Petrol,Manual,₹3.90 Lakh,new-delhi
Hyundai,Hyundai Creta1.6 VTVT AT SX Plus,2017,"63,000kms",Petrol,Automatic,₹5.90 Lakh,new-delhi
Hyundai,Hyundai Creta1.6 E,2018,"68,000kms",Petrol,Manual,₹5.95 Lakh,new-delhi
Hyundai,Hyundai CretaEX BSVI,2020,"28,000kms",Petrol,Manual,₹10 Lakh,new-delhi
Honda,Honda AmazeS i-VTEC,2017,"61,000kms",Petrol,Manual,₹3.85 Lakh,new-delhi
Tata,Tata Nexon1.2 Revotron XM,2018,"48,000kms",Petrol,Manual,₹4.65 Lakh,new-delhi
Tata,Tata Nexon1.2 Revotron XZ,2019,"70,000kms",Petrol,Manual,₹4.95 Lakh,new-delhi
Maruti,Maruti Vitara BrezzaVDi AMT,2019,"70,000kms",Diesel,Automatic,₹5.50 Lakh,new-delhi
Honda,Honda AmazeV Petrol BSIV,2019,"60,000kms",Petrol,Manual,₹4.90 Lakh,new-delhi
Hyundai,Hyundai Creta1.6 VTVT S,2016,"56,000kms",Petrol,Manual,₹5.45 Lakh,new-delhi
Maruti,Maruti Wagon RAMT VXI,2019,"39,000kms",Petrol,Automatic,₹4.25 Lakh,new-delhi
Maruti,Maruti CiazAlpha BSIV,2019,"60,000kms",Petrol,Manual,₹6.30 Lakh,new-delhi
Tata,Tata Nexon1.2 Revotron XZ,2019,"65,000kms",Petrol,Manual,₹4.95 Lakh,new-delhi
Toyota,Toyota EtiosV,2016,"76,000kms",Petrol,Manual,₹4.20 Lakh,new-delhi
Honda,Honda Cityi DTEC SV,2014,"82,000kms",Diesel,Manual,₹3.90 Lakh,new-delhi
MG,MG HectorSharp CVT,2023,"30,000kms",Petrol,Automatic,₹14 Lakh,new-delhi
Hyundai,Hyundai Creta1.6 VTVT AT SX Plus,2016,"65,000kms",Petrol,Automatic,₹6 Lakh,new-delhi
Honda,Honda Cityi VTEC CVT SV,2015,"68,000kms",Petrol,Automatic,₹4.95 Lakh,new-delhi
Hyundai,Hyundai i201.2 Spotz,2018,"55,000kms",Petrol,Manual,₹4.35 Lakh,new-delhi
Mahindra,Mahindra XUV300W6 Diesel BSIV,2019,"9,300kms",Diesel,Manual,₹6.80 Lakh,new-delhi
Toyota,Toyota Innova Crysta2.4 G MT 8S BSIV,2017,"1,91,026kms",Diesel,Manual,₹6 Lakh,new-delhi
Honda,Honda Cityi VTEC CVT VX,2015,"42,000kms",Petrol,Automatic,₹5.25 Lakh,new-delhi
Hyundai,Hyundai Grand i101.2 Kappa Sportz Option AT,2017,"34,238kms",Petrol,Automatic,₹4.75 Lakh,new-delhi
Mahindra,Mahindra XUV700AX5 7 Str BSVI,2022,"18,000kms",Petrol,Manual,₹16 Lakh,new-delhi
Tata,Tata Nexon1.2 Revotron XZ,2018,"54,000kms",Petrol,Manual,₹4.99 Lakh,new-delhi
Maruti,Maruti Swift DzireVDI,2017,"56,000kms",Diesel,Manual,₹4.25 Lakh,new-delhi
Tata,Tata Tigor1.2 Revotron XZ Option,2018,"46,000kms",Petrol,Manual,₹3.80 Lakh,new-delhi
Honda,Honda Cityi-VTEC CVT VX,2018,"90,000kms",Petrol,Automatic,₹8 Lakh,new-delhi
Honda,Honda CityZX CVT,2018,"1,24,173kms",Petrol,Automatic,₹6.29 Lakh,new-delhi
Hyundai,Hyundai VenueSX Plus Turbo DCT BSIV,2019,"42,736kms",Petrol,Automatic,₹6.38 Lakh,new-delhi
Ford,Ford Ecosport1.5 Petrol Titanium BSIV,2020,"33,963kms",Petrol,Manual,₹6.38 Lakh,new-delhi
Honda,Honda CivicZX BSIV,2019,"50,000kms",Petrol,Automatic,₹11.25 Lakh,new-delhi
Mahindra,Mahindra XUV500W9 AT BSIV,2019,"1,10,000kms",Diesel,Automatic,₹8.25 Lakh,new-delhi
Maruti,Maruti Vitara BrezzaLDi Option,2018,"67,000kms",Diesel,Manual,₹6.99 Lakh,new-delhi
Hyundai,Hyundai Creta1.6 SX Automatic,2019,"4,20,000kms",Petrol,Automatic,₹9.50 Lakh,new-delhi
Mini Cooper,Mini Cooper Countryman  -2021Cooper S,2018,"28,000kms",Petrol,Automatic,₹34 Lakh,new-delhi
Skoda,Skoda Kushaq1.0 TSI Style 4 Airbags AT,2021,"92,000kms",Petrol,Automatic,₹9.90 Lakh,new-delhi
Ford,Ford Ecosport1.5 Petrol Titanium BSIV,2020,"33,963kms",Petrol,Manual,₹6.38 Lakh,new-delhi
MG,MG HectorSharp DCT,2019,"55,000kms",Petrol,Automatic,₹9.75 Lakh,new-delhi
Ford,Ford MustangV8,2017,"22,000kms",Petrol,Automatic,₹73 Lakh,new-delhi
Tata,Tata TigorXZ Plus,2023,"40,000kms",Petrol,Manual,₹8.49 Lakh,new-delhi
MG,MG HectorSharp DCT,2020,"59,101kms",Petrol,Automatic,₹9.93 Lakh,new-delhi
Kia,Kia CarensPrestige Plus Turbo  -2023,2022,"58,000kms",Petrol,Manual,₹9.80 Lakh,new-delhi
Hyundai,Hyundai Creta1.6 SX Automatic,2018,"60,200kms",Petrol,Automatic,₹8.40 Lakh,new-delhi
MG,MG HectorSharp DCT,2019,"49,000kms",Petrol,Automatic,₹8.60 Lakh,new-delhi
Maruti,Maruti XL6Alpha AT,2019,"54,000kms",Petrol,Automatic,₹7.85 Lakh,new-delhi
Kia,Kia SonetHTK BSVI,2021,"47,000kms",Petrol,Manual,₹6.49 Lakh,new-delhi
Toyota,Toyota Corolla AltisVL AT,2017,"56,873kms",Petrol,Automatic,₹7.45 Lakh,new-delhi
Maruti,Maruti Vitara BrezzaZXI,2022,"62,000kms",Petrol,Manual,₹7.75 Lakh,new-delhi
Maruti,Maruti XL6Zeta,2021,"19,900kms",Petrol,Manual,₹9.04 Lakh,new-delhi
Tata,Tata NexonXM S,2023,"48,000kms",Petrol,Manual,₹6.55 Lakh,new-delhi
Mercedes-Benz,Mercedes-Benz CLA200 CGI Sport,2019,"25,000kms",Petrol,Automatic,₹25.50 Lakh,new-delhi
Maruti,Maruti XL6Alpha,2019,"66,000kms",Petrol,Manual,₹6.40 Lakh,new-delhi
Toyota,Toyota Innova Crysta2.7 ZX AT BSIV,2016,"99,500kms",Petrol,Automatic,₹9.95 Lakh,new-delhi
Hyundai,Hyundai Creta1.6 CRDi AT SX Plus,2017,"84,000kms",Diesel,Automatic,₹6.75 Lakh,new-delhi
Mercedes-Benz,Mercedes-Benz GLE250d,2018,"80,000kms",Diesel,Automatic,₹28 Lakh,new-delhi
Maruti,Maruti Vitara BrezzaZXI,2022,"62,000kms",Petrol,Manual,₹7.75 Lakh,new-delhi
Mahindra,Mahindra XUV500W11 Option AWD,2019,"59,000kms",Diesel,Manual,₹9.50 Lakh,new-delhi
Kia,Kia SonetHTK Plus BSVI,2020,"24,000kms",Petrol,Manual,₹6.60 Lakh,new-delhi
Mercedes-Benz,Mercedes-Benz GLA200,2024,"5,500kms",Petrol,Automatic,₹44 Lakh,new-delhi
MG,MG HectorSharp DCT,2019,"55,000kms",Petrol,Automatic,₹9.75 Lakh,new-delhi
Maruti,Maruti XL6Alpha,2019,"66,000kms",Petrol,Manual,₹6.40 Lakh,new-delhi
Toyota,Toyota Innova Crysta2.7 ZX AT BSIV,2016,"99,500kms",Petrol,Automatic,₹9.95 Lakh,new-delhi
Renault,Renault DusterRXZ AWD,2016,"70,000kms",Diesel,Manual,₹3.40 Lakh,new-delhi
Hyundai,Hyundai Creta1.6 CRDi AT SX Plus,2017,"84,000kms",Diesel,Automatic,₹6.75 Lakh,new-delhi
Hyundai,Hyundai Creta1.6 VTVT E Plus,2017,"55,000kms",Petrol,Manual,₹6.50 Lakh,new-delhi
Hyundai,Hyundai Creta1.6 VTVT E Plus,2017,"35,000kms",Petrol,Manual,₹6.85 Lakh,new-delhi
Renault,Renault DusterPetrol RXS CVT,2017,"34,000kms",Petrol,Automatic,₹3.50 Lakh,new-delhi
Hyundai,Hyundai Creta1.6 VTVT SX Plus,2018,"65,000kms",Petrol,Manual,₹7.75 Lakh,new-delhi
Maruti,Maruti BalenoZeta AMT,2024,"5,000kms",Petrol,Automatic,₹7.99 Lakh,new-delhi
Mahindra,Mahindra Bolero NeoN10 R BSVI,2022,"32,000kms",Diesel,Manual,₹7.99 Lakh,new-delhi
Honda,Honda JazzVX CVT,2018,"63,000kms",Petrol,Automatic,₹3.85 Lakh,new-delhi
Hyundai,Hyundai VenueS BSIV,2020,"35,000kms",Petrol,Manual,₹6.75 Lakh,new-delhi
Honda,Honda WR-VVX,2021,"24,000kms",Petrol,Manual,₹7.50 Lakh,new-delhi
Hyundai,Hyundai Creta1.4 E Plus,2019,"75,000kms",Diesel,Manual,₹6.50 Lakh,new-delhi
Hyundai,Hyundai Creta1.4 CRDi Base,2016,"87,000kms",Diesel,Manual,₹4.70 Lakh,new-delhi
Honda,Honda Cityi-VTEC V,2018,"70,000kms",Petrol,Manual,₹6.50 Lakh,new-delhi
Hyundai,Hyundai Creta1.6 SX Automatic,2019,"78,000kms",Petrol,Automatic,₹7.40 Lakh,new-delhi
Mahindra,Mahindra XUV500AT W10 FWD,2018,"60,000kms",Diesel,Automatic,₹8.50 Lakh,new-delhi
Ford,Ford Ecosport1.5 Petrol Titanium Plus BSIV,2016,"60,000kms",Petrol,Manual,₹4.10 Lakh,new-delhi
Tata,Tata HarrierXT BSIV,2019,"44,000kms",Diesel,Manual,₹8.75 Lakh,new-delhi
Maruti,Maruti XL6Zeta,2020,"54,000kms",Petrol,Manual,₹7.82 Lakh,new-delhi
MG,MG HectorSharp DCT,2019,"54,000kms",Petrol,Automatic,₹8.99 Lakh,new-delhi
Mercedes-Benz,Mercedes-Benz GLE450 BSVI,2022,"27,000kms",Petrol,Automatic,₹85 Lakh,new-delhi
Hyundai,Hyundai VenueSX Opt Turbo BSIV,2019,"64,000kms",Petrol,Manual,₹6.85 Lakh,new-delhi
Kia,Kia SonetHTX Turbo iMT BSVI,2021,"42,000kms",Petrol,Manual,₹7.45 Lakh,new-delhi
Mahindra,Mahindra XUV500AT W10 FWD,2018,"84,000kms",Diesel,Automatic,₹9.75 Lakh,new-delhi
Maruti,Maruti ErtigaLXI,2013,"1,18,000kms",Petrol,Manual,₹3.25 Lakh,new-delhi
Kia,Kia SonetHTX Diesel BSVI,2021,"64,000kms",Diesel,Manual,₹8 Lakh,new-delhi
Maruti,Maruti CiazSigma BSVI,2023,"22,000kms",Petrol,Manual,₹8.15 Lakh,new-delhi
Hyundai,Hyundai Creta1.6 CRDi SX,2018,"81,000kms",Diesel,Manual,₹7.25 Lakh,new-delhi
Ford,Ford Ecosport1.5 Petrol Titanium Plus BSIV,2020,"60,700kms",Petrol,Manual,₹6.50 Lakh,new-delhi
Hyundai,Hyundai CretaS BSVI,2022,"34,000kms",Petrol,Manual,₹9 Lakh,new-delhi
Kia,Kia SeltosHTK Plus G,2020,"28,500kms",Petrol,Manual,₹8.80 Lakh,new-delhi
BMW,BMW X4xDrive30i M Sport Black Shadow edition,2022,"32,000kms",Petrol,Automatic,₹55 Lakh,new-delhi
MG,MG AstorSharp CVT BSVI,2023,"32,000kms",Petrol,Automatic,₹11.95 Lakh,new-delhi
Mercedes-Benz,Mercedes-Benz C-ClassProgressive C 200,2021,"13,000kms",Petrol,Automatic,₹33 Lakh,new-delhi
BMW,BMW 5 Series520d M Sport,2017,"65,000kms",Diesel,Automatic,₹17.50 Lakh,new-delhi
Mercedes-Benz,Mercedes-Benz C-ClassC 200 CGI,2017,"75,000kms",Petrol,Automatic,₹19 Lakh,new-delhi
Maruti,Maruti XL6Alpha,2019,"55,000kms",Petrol,Manual,₹7.75 Lakh,new-delhi
Toyota,Toyota Innova Crysta2.4 GX 7Str,2023,"53,000kms",Diesel,Manual,₹17.50 Lakh,new-delhi
Mahindra,Mahindra XUV700AX7 Diesel AT Luxury Pack AWD BSVI,2022,"52,000kms",Diesel,Automatic,₹18.90 Lakh,new-delhi
MG,MG Hector1.5 Turbo Savvy Pro CVT BSVI,2023,"17,000kms",Petrol,Automatic,₹16.50 Lakh,new-delhi
Audi,Audi Q745 TDI Quattro Premium Plus,2016,"80,000kms",Diesel,Automatic,₹24.75 Lakh,new-delhi
Mercedes-Benz,Mercedes-Benz C-ClassC 200 CGI,2016,"59,000kms",Petrol,Automatic,₹15.90 Lakh,new-delhi
Mercedes-Benz,Mercedes-Benz C-ClassC 200 AVANTGARDE,2015,"67,000kms",Petrol,Automatic,₹16 Lakh,new-delhi
Audi,Audi A435 TDI Technology,2018,"46,000kms",Diesel,Automatic,₹19.25 Lakh,new-delhi
Mercedes-Benz,Mercedes-Benz E-ClassExclusive E 200 BSIV,2018,"20,000kms",Petrol,Automatic,₹23.75 Lakh,new-delhi
MG,MG Hector PlusSharp DCT,2020,"50,000kms",Petrol,Automatic,₹19.80 Lakh,new-delhi
Audi,Audi A430 TFSI Technology,2017,"85,000kms",Petrol,Automatic,₹16.50 Lakh,new-delhi
Mahindra,Mahindra XUV700AX5 AT BSVI,2023,"23,000kms",Petrol,Automatic,₹17.50 Lakh,new-delhi
Toyota,Toyota Innova Crysta2.4 G 7 STR,2021,"94,644kms",Diesel,Manual,₹18 Lakh,new-delhi
MG,2024MG HectorSavvy Pro CVT  -2025,2023,"14,000kms",Petrol,Automatic,₹17.25 Lakh,new-delhi
MG,MG HectorSavvy Pro 7Str CVT,2023,"10,000kms",Petrol,Automatic,₹16.50 Lakh,new-delhi
Toyota,Toyota Innova Crysta2.8 ZX AT BSIV,2019,"1,32,000kms",Diesel,Automatic,₹16.75 Lakh,new-delhi
Audi,Audi Q3Premium Plus,2024,"29,000kms",Petrol,Automatic,₹35.75 Lakh,new-delhi
Toyota,Toyota Innova Crysta2.4 G 7 STR,2021,"69,000kms",Diesel,Manual,₹15.90 Lakh,new-delhi
MG,MG Hector1.5 Turbo Savvy Pro CVT BSVI,2023,"17,000kms",Petrol,Automatic,₹16.50 Lakh,new-delhi
Mahindra,Mahindra XUV700AX7 Diesel AT Luxury Pack AWD BSVI,2022,"52,000kms",Diesel,Automatic,₹18.90 Lakh,new-delhi
Hyundai,Hyundai CretaSX (O),2024,"30,000kms",Petrol,Manual,₹14.95 Lakh,new-delhi
Mercedes-Benz,Mercedes-Benz C-ClassC 200 AVANTGARDE,2015,"67,000kms",Petrol,Automatic,₹16 Lakh,new-delhi
Mercedes-Benz,Mercedes-Benz C-ClassC 200 CGI,2016,"59,000kms",Petrol,Automatic,₹15.90 Lakh,new-delhi
BMW,BMW X1sDrive 20d xLine,2018,"48,000kms",Diesel,Automatic,₹17.90 Lakh,new-delhi
Hyundai,Hyundai CretaSX IVT BSVI,2022,"48,000kms",Petrol,Automatic,₹11.50 Lakh,new-delhi
Kia,Kia CarensLuxury Plus Diesel,2024,"14,387kms",Diesel,Manual,₹16.75 Lakh,new-delhi
BMW,BMW X1sDrive 20d xLine,2019,"70,000kms",Diesel,Automatic,₹16.99 Lakh,new-delhi
BMW,BMW 5 Series520d M Sport,2017,"65,000kms",Diesel,Automatic,₹17.50 Lakh,new-delhi
BMW,BMW X1sDrive20d Expedition,2017,"33,000kms",Diesel,Automatic,₹13 Lakh,new-delhi
MG,2024MG HectorSavvy Pro CVT  -2025,2023,"14,000kms",Petrol,Automatic,₹17.25 Lakh,new-delhi
MG,MG HectorSavvy Pro 7Str CVT,2023,"10,000kms",Petrol,Automatic,₹16.50 Lakh,new-delhi
Mercedes-Benz,Mercedes-Benz CLA200 Sport Edition,2016,"34,000kms",Petrol,Automatic,₹16.95 Lakh,new-delhi
Mercedes-Benz,Mercedes-Benz C-ClassProgressive C 200,2019,"25,000kms",Petrol,Automatic,₹28.90 Lakh,new-delhi
Mercedes-Benz,Mercedes-Benz C-ClassC 220 CDI Avantgarde,2018,"69,000kms",Diesel,Automatic,₹18.50 Lakh,new-delhi
Kia,Kia SeltosGTX Plus Turbo DCT,2023,"36,000kms",Petrol,Automatic,₹16.99 Lakh,new-delhi
Audi,Audi A435 TDI Technology,2018,"46,000kms",Diesel,Automatic,₹19.25 Lakh,new-delhi
Maruti,Maruti InvictoZeta Plus 7Str,2024,"45,000kms",Petrol,Automatic,₹23 Lakh,new-delhi
Mahindra,Mahindra XUV700AX5 AT BSVI,2023,"23,000kms",Petrol,Automatic,₹17.50 Lakh,new-delhi
Audi,Audi A435 TDI Technology,2018,"46,000kms",Diesel,Automatic,₹19.25 Lakh,new-delhi
MG,MG Hector PlusSharp DCT,2020,"50,000kms",Petrol,Automatic,₹19.80 Lakh,new-delhi
Hyundai,Hyundai i201.4 Asta Option,2018,"91,000kms",Diesel,Manual,₹5.75 Lakh,new-delhi
Mercedes-Benz,Mercedes-Benz CLA200 CGI Sport,2018,"21,000kms",Petrol,Automatic,₹22.25 Lakh,new-delhi
Audi,Audi Q7Technology,2022,"25,000kms",Petrol,Automatic,₹63 Lakh,new-delhi
Mercedes-Benz,Mercedes-Benz C-ClassProgressive C 200,2019,"40,000kms",Petrol,Automatic,₹31.50 Lakh,new-delhi
Renault,Renault TriberRXT BSIV,2019,"60,000kms",Petrol,Manual,₹3.60 Lakh,new-delhi
Toyota,Toyota Camry2.5 Hybrid,2024,"23,000kms",Petrol,Automatic,₹38 Lakh,new-delhi
Toyota,Toyota Camry2.5 Hybrid,2024,"10,000kms",Petrol,Automatic,₹38.50 Lakh,new-delhi
Volvo,Volvo XC40T4 R-Design,2021,"39,000kms",Petrol,Automatic,₹31.75 Lakh,new-delhi
Hyundai,Hyundai i20 Active1.2,2016,"60,000kms",Petrol,Manual,₹3.12 Lakh,new-delhi
BMW,BMW X4M Sport X xDrive20d,2020,"46,000kms",Diesel,Automatic,₹38.90 Lakh,new-delhi
BMW,BMW X4M Sport X xDrive20d,2020,"48,000kms",Diesel,Automatic,₹38.90 Lakh,new-delhi
Mercedes-Benz,Mercedes-Benz GLC300,2023,"9,000kms",Petrol,Automatic,₹64.75 Lakh,new-delhi
Renault,Renault TriberRXT BSIV,2019,"38,000kms",Petrol,Manual,₹3.50 Lakh,new-delhi
BMW,BMW X7xDrive 40i M Sport,2023,"17,000kms",Petrol,Automatic,₹98 Lakh,new-delhi
Toyota,Toyota Camry2.5 Hybrid,2023,"15,000kms",Petrol,Automatic,₹34.90 Lakh,new-delhi
Jaguar,Jaguar F-PacePrestige 2.0 Petrol,2019,"41,000kms",Petrol,Automatic,₹39.50 Lakh,new-delhi
Citroen,Citroen C3Feel,2023,"45,000kms",Petrol,Manual,₹4.50 Lakh,new-delhi
Toyota,Toyota Camry2.5 Hybrid,2024,"23,000kms",Petrol,Automatic,₹38 Lakh,new-delhi
Mercedes-Benz,Mercedes-Benz GLE300d BSVI,2022,"70,000kms",Diesel,Automatic,₹54.90 Lakh,new-delhi
Audi,Audi Q7Technology Limited Edition,2022,"41,000kms",Petrol,Automatic,₹59 Lakh,new-delhi
Hyundai,Hyundai Creta1.6 CRDi AT SX Plus,2017,"1,00,000kms",Diesel,Automatic,₹6.50 Lakh,new-delhi
Volvo,Volvo S60T4 Inscription,2021,"31,500kms",Petrol,Automatic,₹32 Lakh,new-delhi
Lexus,Lexus RX450h Luxury,2017,"62,000kms",Petrol,Automatic,₹44 Lakh,new-delhi
Toyota,Toyota CamryElegance,2025,"4,000kms",Petrol,Automatic,₹46.50 Lakh,new-delhi
Hyundai,Hyundai VenueSX Diesel,2021,"40,000kms",Diesel,Manual,₹7 Lakh,new-delhi
Land Rover,Land Rover Range Rover SportAutobiography,2019,"49,000kms",Petrol,Automatic,₹57 Lakh,new-delhi
Mercedes-Benz,Mercedes-Benz GLE43 AMG Coupe,2017,"75,000kms",Petrol,Automatic,₹39.50 Lakh,new-delhi
Porsche,Porsche MacanTurbo,2016,"72,000kms",Petrol,Automatic,₹35.25 Lakh,new-delhi
Kia,Kia SonetHTX Diesel BSVI,2020,"1,05,000kms",Diesel,Manual,₹6.30 Lakh,new-delhi
Porsche,Porsche Macan2.0 Turbo,2022,"12,000kms",Petrol,Automatic,₹62.75 Lakh,new-delhi
Land Rover,Land Rover Range Rover Sport2.0 Petrol HSE,2022,"11,000kms",Petrol,Automatic,₹1.05 Crore,new-delhi
Porsche,Porsche CayenneTurbo,2022,"21,000kms",Petrol,Automatic,₹98 Lakh,new-delhi
Maruti,Maruti SwiftVXI AMT BSVI,2021,"5,700kms",Petrol,Automatic,₹6.55 Lakh,new-delhi
Mercedes-Benz,Mercedes-Benz GLS350d 4MATIC,2016,"55,000kms",Diesel,Automatic,₹30 Lakh,new-delhi
Land Rover,Land Rover Range Rover3.0 I LWB Autobiography,2025,"17,000kms",Petrol,Automatic,₹2.67 Crore,new-delhi
Skoda,Skoda Rapid1.6 MPI Active,2012,"38,000kms",Petrol,Manual,₹2.50 Lakh,new-delhi
Jeep,Jeep Compass2.0 Limited,2017,"1,17,000kms",Diesel,Manual,₹6.75 Lakh,new-delhi
Hyundai,Hyundai Grand i10 NiosMagna,2021,"40,000kms",Petrol,Manual,₹5.40 Lakh,new-delhi
Hyundai,Hyundai Grand i10Magna,2017,"56,000kms",Petrol,Manual,₹3.35 Lakh,new-delhi
Maruti,Maruti CiazDelta BSIV,2019,"24,000kms",Petrol,Manual,₹5.80 Lakh,new-delhi
Mercedes-Benz,Mercedes-Benz GLA Class200,2016,"70,000kms",Petrol,Automatic,₹17.75 Lakh,new-delhi
Hyundai,Hyundai VenueSX Plus Turbo DCT BSIV,2019,"50,000kms",Petrol,Automatic,₹6.50 Lakh,new-delhi
Tata,Tata Tiago1.2 Revotron XZA,2018,"68,178kms",Petrol,Automatic,₹3.41 Lakh,new-delhi
Maruti,Maruti Baleno1.2 CVT Zeta,2017,"73,000kms",Petrol,Automatic,₹4.25 Lakh,new-delhi
Toyota,Toyota Innova Crysta2.7 GX 8 STR,2022,"32,000kms",Petrol,Manual,₹15.50 Lakh,new-delhi
MG,2024MG Hector PlusSharp Pro CVT  -2025,2023,"9,900kms",Petrol,Automatic,₹18.90 Lakh,new-delhi
Mahindra,Mahindra TharLX 4WD Hard Top BSVI,2022,"35,000kms",Petrol,Manual,₹10.95 Lakh,new-delhi
Kia,Kia SeltosHTK G,2023,"19,000kms",Petrol,Manual,₹10.49 Lakh,new-delhi
Ford,Ford Ecosport1.5 TDCi Trend Plus BSIV,2016,"80,000kms",Diesel,Manual,₹3.03 Lakh,new-delhi
Maruti,Maruti BalenoDelta Diesel,2019,"66,064kms",Diesel,Manual,₹4.67 Lakh,new-delhi
Hyundai,Hyundai i201.2 Asta Option,2018,"62,000kms",Petrol,Manual,₹5.25 Lakh,new-delhi
Hyundai,Hyundai i20Asta Option BSIV,2018,"62,000kms",Petrol,Manual,₹5.20 Lakh,new-delhi
Hyundai,Hyundai Creta1.6 VTVT S,2015,"71,001kms",Petrol,Manual,₹4.95 Lakh,new-delhi
Hyundai,Hyundai i201.2 Asta Option,2018,"62,000kms",Petrol,Manual,₹5.15 Lakh,new-delhi
Mahindra,Mahindra XUV700AX7 Diesel BSVI,2022,"65,000kms",Diesel,Manual,₹17.25 Lakh,new-delhi
Kia,Kia SeltosHTX G,2020,"38,000kms",Petrol,Manual,₹8.50 Lakh,new-delhi
Maruti,Maruti CiazVDi Option SHVS,2016,"72,002kms",Diesel,Manual,₹3.58 Lakh,new-delhi
Hyundai,Hyundai CretaSX Tech iVT,2024,"32,000kms",Petrol,Automatic,₹16.80 Lakh,new-delhi
Maruti,Maruti BalenoZeta Diesel,2021,"39,039kms",Diesel,Manual,₹5.92 Lakh,new-delhi
Maruti,Maruti Wagon RCNG LXI,2022,"37,000kms",CNG,Manual,₹4.95 Lakh,new-delhi
Hyundai,Hyundai Creta1.4 E Plus CRDi,2017,"1,50,000kms",Diesel,Manual,₹6.25 Lakh,new-delhi
Toyota,Toyota YarisG CVT BSIV,2018,"75,000kms",Petrol,Automatic,₹4.99 Lakh,new-delhi
Hyundai,Hyundai i20Sportz Plus Diesel,2018,"69,357kms",Diesel,Manual,₹4.50 Lakh,new-delhi
Toyota,Toyota Innova Crysta2.4 GX 7 STR AT,2021,"30,000kms",Diesel,Automatic,₹22 Lakh,new-delhi
Hyundai,Hyundai VenueS BSVI,2022,"73,000kms",Petrol,Manual,₹6.25 Lakh,new-delhi
Mercedes-Benz,Mercedes-Benz C-ClassProgressive C 200,2019,"55,000kms",Petrol,Automatic,₹28.50 Lakh,new-delhi
Toyota,Toyota Innova Crysta2.4 ZX 7 STR AT,2022,"64,000kms",Diesel,Automatic,₹23.50 Lakh,new-delhi
Toyota,Toyota Innova Crysta2.4 G 7 STR,2022,"27,000kms",Diesel,Manual,₹20.90 Lakh,new-delhi
Jaguar,Jaguar XF2.0 Diesel Prestige,2018,"16,000kms",Diesel,Automatic,₹25.75 Lakh,new-delhi
Mercedes-Benz,Mercedes-Benz E-ClassExclusive E 200 BSIV,2019,"65,000kms",Petrol,Automatic,₹28.50 Lakh,new-delhi
Mercedes-Benz,Mercedes-Benz GLC300 4MATIC Sport,2017,"74,000kms",Petrol,Automatic,₹26.90 Lakh,new-delhi
Kia,Kia CarnivalPremium,2021,"45,000kms",Diesel,Automatic,₹21.25 Lakh,new-delhi
Jeep,Jeep WranglerRubicon BSVI,2023,"10,000kms",Petrol,Automatic,₹58 Lakh,new-delhi
Toyota,Toyota Innova Crysta2.4 ZX 7 STR AT,2022,"1,00,000kms",Diesel,Automatic,₹22 Lakh,new-delhi
Mercedes-Benz,Mercedes-Benz GLS350d 4MATIC,2016,"55,000kms",Diesel,Automatic,₹30 Lakh,new-delhi
Mercedes-Benz,Mercedes-Benz E-ClassExclusive E 200 BSIV,2019,"56,000kms",Petrol,Automatic,₹27.50 Lakh,new-delhi
Mahindra,Mahindra XUV400 EVEL Fast Charger,2023,"9,000kms",Electric,Automatic,₹14.50 Lakh,new-delhi
Toyota,Toyota Innova Crysta2.4 G 7 STR,2022,"27,000kms",Diesel,Manual,₹20.90 Lakh,new-delhi
Kia,Kia CarnivalPremium,2021,"45,000kms",Diesel,Automatic,₹21.25 Lakh,new-delhi
Volvo,Volvo XC60Inscription D5 BSIV,2018,"74,000kms",Diesel,Automatic,₹23.90 Lakh,new-delhi
Tata,Tata HexaXM,2017,"54,000kms",Diesel,Manual,₹4.75 Lakh,new-delhi
Kia,Kia CarnivalPrestige,2021,"71,500kms",Diesel,Automatic,₹21.99 Lakh,new-delhi
Volvo,Volvo S90D4 Inscription BSIV,2019,"60,000kms",Diesel,Automatic,₹22.80 Lakh,new-delhi
Toyota,Toyota Innova Crysta2.4 GX 7 STR AT,2021,"25,000kms",Diesel,Automatic,₹20.50 Lakh,new-delhi
Toyota,Toyota Corolla AltisGL,2011,"70,000kms",Petrol,Manual,₹3.50 Lakh,new-delhi
Mercedes-Benz,Mercedes-Benz C-ClassProgressive C 200,2019,"57,000kms",Petrol,Automatic,₹28 Lakh,new-delhi
Toyota,Toyota Innova Crysta2.4 ZX 7 STR AT,2022,"64,000kms",Diesel,Automatic,₹23.50 Lakh,new-delhi
Mercedes-Benz,Mercedes-Benz C-ClassProgressive C 200,2020,"38,000kms",Petrol,Automatic,₹29.90 Lakh,new-delhi
Hyundai,Hyundai Creta1.4 CRDi S,2018,"64,769kms",Diesel,Manual,₹8 Lakh,new-delhi
Toyota,Toyota CamryHybrid 2.5,2021,"34,000kms",Petrol,Automatic,₹30 Lakh,new-delhi
Mercedes-Benz,Mercedes-Benz C-ClassProgressive C 200,2019,"55,000kms",Petrol,Automatic,₹28.50 Lakh,new-delhi
Maruti,Maruti XL6Zeta AT,2021,"57,000kms",Petrol,Automatic,₹8.99 Lakh,new-delhi
Mahindra,Mahindra XUV500W9 1.99,2017,"67,000kms",Diesel,Manual,₹7 Lakh,new-delhi
Mahindra,Mahindra MarazzoM4,2019,"54,000kms",Diesel,Manual,₹6.99 Lakh,new-delhi
Mahindra,Mahindra XUV700MX BSVI,2022,"7,400kms",Petrol,Manual,₹12.75 Lakh,new-delhi
Toyota,Toyota Innova Crysta2.4 VX MT 8S BSIV,2018,"1,10,000kms",Diesel,Manual,₹14.50 Lakh,new-delhi
Maruti,Maruti Vitara BrezzaZXI Plus,2020,"40,000kms",Petrol,Manual,₹7.70 Lakh,new-delhi
Maruti,Maruti CiazAlpha Automatic BSIV,2019,"44,903kms",Petrol,Automatic,₹5.50 Lakh,new-delhi
Maruti,Maruti CiazZXi,2015,"52,912kms",Petrol,Manual,₹3.94 Lakh,new-delhi
Maruti,Maruti Ciaz1.4 Sigma,2018,"31,758kms",Petrol,Manual,₹4.50 Lakh,new-delhi
Toyota,Toyota Innova Crysta2.7 GX 7 STR AT,2022,"40,000kms",Petrol,Automatic,₹19 Lakh,new-delhi
Maruti,Maruti Grand VitaraDelta,2024,"15,000kms",Petrol,Manual,₹11.60 Lakh,new-delhi
Maruti,Maruti Vitara BrezzaVDi,2018,"1,10,000kms",Diesel,Manual,₹5 Lakh,new-delhi
Maruti,Maruti CelerioVXI CNG BSIV,2018,"57,000kms",CNG,Manual,₹3.49 Lakh,new-delhi
Skoda,Skoda SuperbLaurin & klement BSVI,2021,"38,000kms",Petrol,Automatic,₹25.75 Lakh,new-delhi
Hyundai,Hyundai i20Magna Plus BSIV,2020,"72,000kms",Petrol,Manual,₹4.90 Lakh,new-delhi
MG,MG Hector PlusSharp DCT,2020,"35,000kms",Petrol,Automatic,₹8.90 Lakh,new-delhi
Hyundai,Hyundai Creta N LineN8,2018,"70,000kms",Petrol,Manual,₹7.65 Lakh,new-delhi
Ford,Ford EndeavourTitanium Plus 4X2 AT,2021,"80,000kms",Diesel,Automatic,₹27.95 Lakh,new-delhi
Maruti,Maruti XL6Zeta,2021,"37,500kms",Petrol,Manual,₹8.25 Lakh,new-delhi
Mercedes-Benz,Mercedes-Benz GLC200,2023,"24,000kms",Petrol,Automatic,₹45 Lakh,new-delhi
Mercedes-Benz,Mercedes-Benz GLC200,2022,"19,000kms",Petrol,Automatic,₹45 Lakh,new-delhi
Kia,Kia CarnivalLimousine Plus,2022,"51,000kms",Diesel,Automatic,₹30 Lakh,new-delhi
Mercedes-Benz,Mercedes-Benz GLC200,2022,"24,000kms",Petrol,Automatic,₹46.90 Lakh,new-delhi
Mercedes-Benz,Mercedes-Benz C-ClassC 200,2023,"29,000kms",Petrol,Automatic,₹42 Lakh,new-delhi
Mercedes-Benz,Mercedes-Benz GLE300d BSVI,2021,"75,000kms",Diesel,Automatic,₹58.49 Lakh,new-delhi
BMW,BMW 3 Series Long Wheelbase330Li M Sport First Edition,2022,"48,000kms",Petrol,Automatic,₹38.75 Lakh,new-delhi
Mercedes-Benz,Mercedes-Benz GLE300d 4Matic AMG Line,2025,"8,000kms",Diesel,Automatic,₹91 Lakh,new-delhi
Kia,Kia CarnivalPrestige 6 STR,2020,"99,990kms",Diesel,Automatic,₹19.50 Lakh,new-delhi
Maruti,Maruti CiazVXi,2016,"50,887kms",Petrol,Manual,₹4.45 Lakh,new-delhi
Hyundai,Hyundai AlcazarPlatinum (O) Turbo DCT,2022,"40,000kms",Petrol,Automatic,₹14.45 Lakh,new-delhi
Hyundai,Hyundai Grand i101.2 Kappa Asta,2015,"1,00,153kms",Petrol,Manual,₹3.15 Lakh,new-delhi
Maruti,Maruti S-PressoVXi Plus,2022,"57,366kms",Petrol,Manual,₹3.78 Lakh,new-delhi
Honda,Honda AmazeS Option i-VTEC,2018,"78,000kms",Petrol,Manual,₹3.90 Lakh,new-delhi
Mercedes-Benz,2021Mercedes-Benz AMG G 634MATIC  -2023,2018,"45,000kms",Petrol,Automatic,₹2.58 Crore,new-delhi
Hyundai,Hyundai i20Petrol Asta,2019,"62,000kms",Petrol,Manual,₹5.35 Lakh,new-delhi
Maruti,Maruti BrezzaZxi CNG,2024,"9,000kms",CNG,Manual,₹12.25 Lakh,new-delhi
Kia,Kia SeltosHTX IVT G,2021,"28,000kms",Petrol,Automatic,₹11.65 Lakh,new-delhi
Maruti,Maruti CelerioZXI BSVI,2022,"60,000kms",Petrol,Manual,₹3.80 Lakh,new-delhi
Mercedes-Benz,Mercedes-Benz GLC300 4MATIC Sport,2018,"52,000kms",Petrol,Automatic,₹28 Lakh,new-delhi
Mercedes-Benz,Mercedes-Benz GLC300 4MATIC Sport,2017,"43,000kms",Petrol,Automatic,₹25.75 Lakh,new-delhi
Nissan,Nissan MicraXV CVT,2015,"67,369kms",Petrol,Automatic,₹3.28 Lakh,new-delhi
Honda,Honda WR-Vi-DTEC VX,2017,"56,000kms",Diesel,Manual,₹3.25 Lakh,new-delhi
Mahindra,Mahindra XUV700AX7 6Str AT,2024,"22,000kms",Petrol,Automatic,₹20.25 Lakh,new-delhi
BMW,BMW X1sDrive 20d Sportline,2019,"42,000kms",Diesel,Automatic,₹22.75 Lakh,new-delhi
Volvo,Volvo XC60Inscription D5,2020,"91,000kms",Diesel,Automatic,₹32 Lakh,new-delhi
Mahindra,Mahindra XUV300W8 Option BSVI,2020,"84,000kms",Petrol,Manual,₹5.75 Lakh,new-delhi
Mercedes-Benz,Mercedes-Benz S-ClassS400,2016,"1,15,000kms",Petrol,Automatic,₹34.50 Lakh,new-delhi
Volvo,Volvo XC60Inscription D5,2020,"91,000kms",Diesel,Automatic,₹32 Lakh,new-delhi
BMW,BMW X5xDrive 40i M Sport,2022,"24,000kms",Petrol,Automatic,₹72 Lakh,new-delhi
Maruti,Maruti ErtigaVXI CNG,2018,"48,000kms",CNG,Manual,₹5.25 Lakh,new-delhi
Mercedes-Benz,Mercedes-Benz GLC200,2022,"26,000kms",Petrol,Automatic,₹46 Lakh,new-delhi
Mercedes-Benz,Mercedes-Benz GLC200,2022,"42,000kms",Petrol,Automatic,₹47 Lakh,new-delhi
Audi,Audi Q5Technology,2023,"25,311kms",Petrol,Automatic,₹43 Lakh,new-delhi
Maruti,Maruti ErtigaSHVS VDI,2016,"62,000kms",Diesel,Manual,₹4.75 Lakh,new-delhi
BMW,BMW 5 Series530i Sport,2020,"2,300kms",Petrol,Automatic,₹44 Lakh,new-delhi
Toyota,Toyota Camry2.5 Hybrid,2023,"6,500kms",Petrol,Automatic,₹35.50 Lakh,new-delhi
Toyota,Toyota Camry2.5 Hybrid BSVI,2023,"15,000kms",Petrol,Automatic,₹34.99 Lakh,new-delhi
Tata,Tata HexaXM,2018,"74,000kms",Diesel,Manual,₹4.95 Lakh,new-delhi
Toyota,Toyota VellfireExecutive Lounge BSVI,2022,"53,000kms",Petrol,Automatic,₹85 Lakh,new-delhi
BMW,BMW 3 Series Long Wheelbase330Li M Sport First Edition,2022,"48,000kms",Petrol,Automatic,₹38.75 Lakh,new-delhi
BMW,BMW X1sDrive18i M Sport,2025,"3,000kms",Petrol,Automatic,₹49.90 Lakh,new-delhi
Toyota,Toyota YarisVX BSIV,2019,"70,000kms",Petrol,Manual,₹5 Lakh,new-delhi
BMW,BMW 5 Series520d Luxury Line,2020,"30,000kms",Diesel,Automatic,₹36 Lakh,new-delhi
Toyota,Toyota Land Cruiser 300ZX,2023,"12,000kms",Diesel,Automatic,₹2.21 Crore,new-delhi
Toyota,Toyota Camry2.5 Hybrid,2024,"4,000kms",Petrol,Automatic,₹39.50 Lakh,new-delhi
Mahindra,Mahindra TUV 300mHAWK100 T8,2018,"60,000kms",Diesel,Manual,₹4.15 Lakh,new-delhi
Ford,Ford MustangV8,2017,"16,000kms",Petrol,Automatic,₹78.50 Lakh,new-delhi
Lexus,Lexus ES300h Luxury,2025,"5,000kms",Petrol,Automatic,₹68 Lakh,new-delhi
Toyota,Toyota Camry2.5 Hybrid BSVI,2023,"15,000kms",Petrol,Automatic,₹34.99 Lakh,new-delhi
Land Rover,Land Rover Discovery SportTD4 SE 7S,2019,"36,000kms",Diesel,Automatic,₹24.75 Lakh,new-delhi
Audi,Audi Q5Technology,2023,"22,000kms",Petrol,Automatic,₹49.50 Lakh,new-delhi
BMW,2019BMW 6 SeriesGT 630i Luxury Line  -2021,2018,"23,000kms",Petrol,Automatic,₹32 Lakh,new-delhi
Toyota,Toyota VellfireExecutive Lounge BSVI,2022,"53,000kms",Petrol,Automatic,₹85 Lakh,new-delhi
Hyundai,Hyundai VenueS BSVI,2022,"34,000kms",Petrol,Manual,₹6.50 Lakh,new-delhi
Toyota,Toyota Camry2.5 Hybrid,2023,"6,500kms",Petrol,Automatic,₹35.50 Lakh,new-delhi
BMW,BMW 3 Series Long Wheelbase330Li M Sport First Edition,2022,"48,000kms",Petrol,Automatic,₹38.75 Lakh,new-delhi
BMW,BMW X1sDrive18i M Sport,2025,"3,000kms",Petrol,Automatic,₹49.90 Lakh,new-delhi
Toyota,Toyota Innova Crysta2.7 VX MT BSIV,2016,"1,12,000kms",Petrol,Manual,₹9.45 Lakh,new-delhi
BMW,BMW 5 Series530i Sport,2020,"2,300kms",Petrol,Automatic,₹44 Lakh,new-delhi
Toyota,Toyota Land Cruiser 300ZX,2023,"12,000kms",Diesel,Automatic,₹2.21 Crore,new-delhi
Toyota,Toyota Camry2.5 Hybrid,2024,"4,000kms",Petrol,Automatic,₹39.50 Lakh,new-delhi
Mahindra,Mahindra XUV700AX7L 7Str Diesel AT,2024,"37,000kms",Diesel,Automatic,₹22.75 Lakh,new-delhi
BMW,2021BMW 6 SeriesGT 630i Luxury Line  -2021,2018,"68,000kms",Petrol,Automatic,₹39 Lakh,new-delhi
BMW,BMW 3 Series Long Wheelbase330 Li Luxury Line,2022,"41,000kms",Petrol,Automatic,₹37.99 Lakh,new-delhi
Mercedes-Benz,Mercedes-Benz G-ClassAMG G 63 Grand Edition,2023,"27,500kms",Petrol,Automatic,₹46.90 Lakh,new-delhi
Mercedes-Benz,Mercedes-Benz CLA200 CGI Sport,2016,"16,000kms",Petrol,Automatic,₹20 Lakh,new-delhi
BMW,BMW X5xDrive40i M Sport,2024,"51,000kms",Petrol,Automatic,₹81 Lakh,new-delhi
Land Rover,Land Rover Range Rover3.0 Petrol LWB Vogue SE BSIV,2019,"78,000kms",Petrol,Automatic,₹95 Lakh,new-delhi
Lexus,Lexus ES300h Luxury,2025,"4,200kms",Petrol,Automatic,₹64 Lakh,new-delhi
Mahindra,Mahindra Alturas G44X4 AT BSIV,2019,"70,000kms",Diesel,Automatic,₹17.75 Lakh,new-delhi
Ford,Ford MustangV8,2017,"23,000kms",Petrol,Automatic,₹83 Lakh,new-delhi
BMW,BMW 3 SeriesM340i xDrive,2024,"19,000kms",Petrol,Automatic,₹61 Lakh,new-delhi
BMW,BMW 3 Series Long Wheelbase330 Li Luxury Line,2022,"41,000kms",Petrol,Automatic,₹37.99 Lakh,new-delhi
Audi,Audi Q740 TFSI Quattro Technology,2019,"59,000kms",Petrol,Automatic,₹35.75 Lakh,new-delhi
BMW,BMW X1sDrive18d M Sport BSVI,2023,"21,000kms",Diesel,Automatic,₹38.75 Lakh,new-delhi
Audi,Audi Q5Technology,2023,"22,000kms",Petrol,Automatic,₹49.50 Lakh,new-delhi
Lexus,Lexus RX450h Luxury,2017,"70,000kms",Petrol,Automatic,₹42 Lakh,new-delhi
Land Rover,Land Rover Discovery SportTD4 HSE 7S,2018,"40,000kms",Diesel,Automatic,₹26.50 Lakh,new-delhi
Honda,Honda Jazz1.2 V i VTEC,2016,"31,000kms",Petrol,Manual,₹3.49 Lakh,new-delhi
MG,MG HectorSuper MT,2020,"36,000kms",Petrol,Manual,₹7.96 Lakh,new-delhi
Ford,Ford MustangV8,2017,"16,000kms",Petrol,Automatic,₹75 Lakh,new-delhi
Ford,Ford Ecosport1.5 Petrol Trend Plus AT BSIV,2019,"39,000kms",Petrol,Automatic,₹4.75 Lakh,new-delhi
Audi,Audi A4Premium Plus,2021,"65,000kms",Petrol,Automatic,₹26.90 Lakh,new-delhi
Toyota,Toyota Innova Crysta2.8 GX AT BSIV,2020,"4,90,000kms",Diesel,Automatic,₹15.90 Lakh,new-delhi
MG,MG HectorSharp Diesel MT BSIV,2021,"47,308kms",Diesel,Manual,₹10.11 Lakh,new-delhi
Hyundai,Hyundai AuraS CNG,2020,"56,000kms",CNG,Manual,₹4.75 Lakh,new-delhi
Maruti,Maruti Grand VitaraZeta BSVI,2022,"23,746kms",Petrol,Manual,₹10.69 Lakh,new-delhi
Toyota,Toyota Innova Crysta2.7 GX MT BSIV,2019,"24,000kms",Petrol,Manual,₹14.49 Lakh,new-delhi
Mercedes-Benz,Mercedes-Benz CLA200 CDI Sport,2015,"84,000kms",Diesel,Automatic,₹14.75 Lakh,new-delhi
Mahindra,Mahindra MarazzoM2 8Str BSIV,2018,"65,000kms",Diesel,Manual,₹3.25 Lakh,new-delhi
Kia,Kia SeltosGTX Plus DCT,2020,"54,121kms",Petrol,Automatic,₹11.40 Lakh,new-delhi
Mahindra,Mahindra XUV700AX5 7 Str BSVI,2022,"56,000kms",Petrol,Manual,₹13.75 Lakh,new-delhi
Mahindra,Mahindra XUV700AX5 7 Str BSVI,2022,"25,000kms",Petrol,Manual,₹14.75 Lakh,new-delhi
Renault,Renault TriberRXZ Dual Tone BSVI,2021,"28,000kms",Petrol,Manual,₹4 Lakh,new-delhi
Maruti,Maruti Grand VitaraSigma,2023,"30,000kms",Petrol,Manual,₹10.40 Lakh,new-delhi
MG,MG AstorSavvy CVT Red BSVI,2022,"54,000kms",Petrol,Automatic,₹10.45 Lakh,new-delhi
Toyota,Toyota Innova Crysta2.4 G Plus MT BSIV,2019,"56,000kms",Diesel,Manual,₹14.85 Lakh,new-delhi
Renault,Renault TriberRXT BSVI,2021,"44,000kms",Petrol,Manual,₹3.65 Lakh,new-delhi
Toyota,Toyota Innova Crysta2.8 ZX AT BSIV,2016,"90,000kms",Diesel,Automatic,₹13.95 Lakh,new-delhi
Kia,Kia SeltosHTK Plus Diesel,2020,"45,000kms",Diesel,Manual,₹10.90 Lakh,new-delhi
Jeep,Jeep Compass2.0 Limited Plus AT,2020,"68,000kms",Diesel,Automatic,₹12.95 Lakh,new-delhi
Mahindra,Mahindra XUV500W8 2WD,2017,"1,00,000kms",Diesel,Manual,₹6 Lakh,new-delhi
Toyota,Toyota Innova Crysta2.4 ZX MT BSIV,2019,"1,58,000kms",Diesel,Manual,₹14.75 Lakh,new-delhi
MG,MG HectorSharp CVT,2021,"59,000kms",Petrol,Automatic,₹12.25 Lakh,new-delhi
Toyota,Toyota Innova Crysta2.4 G Plus MT BSIV,2019,"98,000kms",Diesel,Manual,₹13.25 Lakh,new-delhi
Maruti,Maruti CelerioLXI,2025,"1,200kms",Petrol,Manual,₹5.10 Lakh,new-delhi
Toyota,Toyota Innova Crysta2.4 G Plus MT BSIV,2019,"90,000kms",Diesel,Manual,₹13.25 Lakh,new-delhi
Toyota,Toyota Innova Crysta2.4 VX MT,2019,"1,60,000kms",Diesel,Manual,₹14.75 Lakh,new-delhi
Mercedes-Benz,Mercedes-Benz B ClassB180 Sport,2017,"58,000kms",Petrol,Automatic,₹13.50 Lakh,new-delhi
Maruti,Maruti Wagon RCNG LXI Opt,2021,"38,000kms",CNG,Manual,₹4.75 Lakh,new-delhi
Hyundai,Hyundai AlcazarPlatinum (O) AT,2021,"34,000kms",Petrol,Automatic,₹13.25 Lakh,new-delhi
Jeep,Jeep Compass2.0 Longitude Option,2020,"25,000kms",Diesel,Manual,₹12 Lakh,new-delhi
Mahindra,Mahindra XUV700AX5 7 Str BSVI,2022,"41,000kms",Petrol,Manual,₹14.50 Lakh,new-delhi
MG,MG HectorSharp Diesel MT BSIV,2019,"94,900kms",Diesel,Manual,₹8.95 Lakh,new-delhi
Toyota,Toyota Innova Crysta2.4 VX MT BSIV,2019,"1,65,000kms",Diesel,Manual,₹13.90 Lakh,new-delhi
Toyota,Toyota Innova Crysta2.4 G MT,2020,"94,000kms",Diesel,Manual,₹14.90 Lakh,new-delhi
Kia,Kia SeltosHTK G,2022,"37,000kms",Petrol,Manual,₹10.25 Lakh,new-delhi
Hyundai,Hyundai i20 N-LineN8 DCT BSVI,2022,"37,000kms",Petrol,Automatic,₹8.75 Lakh,new-delhi
Toyota,Toyota Innova Crysta2.4 VX MT 8S BSIV,2018,"1,41,000kms",Diesel,Manual,₹13.90 Lakh,new-delhi
Toyota,Toyota Innova Crysta2.8 ZX AT BSIV,2017,"1,65,000kms",Diesel,Automatic,₹13.40 Lakh,new-delhi
Maruti,Maruti Grand VitaraAlpha Plus Hybrid CVT BSVI,2023,"33,000kms",Petrol,Automatic,₹15 Lakh,new-delhi
MG,MG HectorHybrid Sharp MT,2020,"45,000kms",Petrol,Manual,₹9.66 Lakh,new-delhi
Kia,Kia SeltosGTX Plus DCT,2020,"52,000kms",Petrol,Automatic,₹11.40 Lakh,new-delhi
MG,MG HectorSharp DCT,2020,"45,000kms",Petrol,Automatic,₹11.40 Lakh,new-delhi
Toyota,Toyota Innova Crysta2.8 ZX AT BSIV,2017,"1,65,000kms",Diesel,Automatic,₹13.40 Lakh,new-delhi
MG,MG HectorSharp Diesel MT BSIV,2019,"94,900kms",Diesel,Manual,₹8.95 Lakh,new-delhi
Kia,Kia SeltosGTX Plus DCT,2020,"54,121kms",Petrol,Automatic,₹11.40 Lakh,new-delhi
Toyota,Toyota Innova Crysta2.4 G 7 STR,2021,"55,000kms",Diesel,Manual,₹14.10 Lakh,new-delhi
MG,MG HectorShine CVT,2023,"16,000kms",Petrol,Automatic,₹14.99 Lakh,new-delhi
Tata,Tata HarrierXZ Plus BSVI,2022,"41,000kms",Diesel,Manual,₹14.75 Lakh,new-delhi
Maruti,Maruti XL6Zeta,2024,"14,000kms",Petrol,Manual,₹10.99 Lakh,new-delhi
Toyota,Toyota Innova Crysta2.7 GX MT BSIV,2019,"24,000kms",Petrol,Manual,₹14.49 Lakh,new-delhi
Toyota,Toyota Innova Crysta2.8 ZX AT BSIV,2016,"90,000kms",Diesel,Automatic,₹13.95 Lakh,new-delhi
Ford,Ford FreestyleTitanium Plus Diesel BSIV,2019,"72,000kms",Diesel,Manual,₹4.15 Lakh,new-delhi
Kia,Kia SeltosHTK Plus Diesel,2020,"45,000kms",Diesel,Manual,₹10.90 Lakh,new-delhi
Jeep,Jeep Compass2.0 Limited Plus AT,2020,"68,000kms",Diesel,Automatic,₹12.95 Lakh,new-delhi
Kia,Kia SonetGTX Plus Turbo DCT,2024,"23,000kms",Petrol,Automatic,₹12.50 Lakh,new-delhi
Honda,Honda Jazz1.2 S i VTEC,2017,"61,020kms",Petrol,Manual,₹3.50 Lakh,new-delhi
Toyota,Toyota Innova Crysta2.4 GX MT 8S BSIV,2019,"90,000kms",Diesel,Manual,₹13.50 Lakh,new-delhi
MG,MG HectorSharp Diesel MT,2020,"55,000kms",Diesel,Manual,₹11.25 Lakh,new-delhi
Mahindra,Mahindra TharLX 4WD Convert Top Diesel BSVI,2022,"80,000kms",Diesel,Manual,₹14 Lakh,new-delhi
Maruti,Maruti Baleno1.2 Delta,2017,"57,002kms",Petrol,Manual,₹3.55 Lakh,new-delhi
Tata,Tata CurvvPure Plus S DCA,2024,"9,000kms",Petrol,Automatic,₹14.25 Lakh,new-delhi
Hyundai,Hyundai CretaE BSVI,2022,"23,000kms",Petrol,Manual,₹10.25 Lakh,new-delhi
Toyota,Toyota Innova Crysta2.4 ZX MT BSIV,2017,"68,000kms",Diesel,Manual,₹13.25 Lakh,new-delhi
Maruti,Maruti Wagon RCNG LXI Opt,2021,"20,000kms",CNG,Manual,₹4.70 Lakh,new-delhi
Kia,Kia SeltosHTK Plus iMT,2023,"35,000kms",Petrol,Manual,₹10.75 Lakh,new-delhi
Kia,Kia SonetGTX Plus Turbo DCT,2024,"23,000kms",Petrol,Automatic,₹12.50 Lakh,new-delhi
Kia,Kia SonetGTX Plus Diesel BSVI,2023,"25,564kms",Diesel,Manual,₹11 Lakh,new-delhi
Maruti,Maruti Baleno1.2 Delta,2016,"50,000kms",Petrol,Manual,₹3.50 Lakh,new-delhi
Kia,Kia SeltosHTX IVT,2023,"16,000kms",Petrol,Automatic,₹14 Lakh,new-delhi
Kia,Kia SonetX-Line Turbo DCT BSVI,2023,"14,000kms",Petrol,Automatic,₹10.25 Lakh,new-delhi
Skoda,Skoda Slavia1.0 TSI Style AT,2023,"42,000kms",Petrol,Automatic,₹11.46 Lakh,new-delhi
Maruti,Maruti SwiftVXI,2018,"1,60,000kms",Petrol,Manual,₹3.25 Lakh,new-delhi
Mahindra,Mahindra XUV700AX5 7 Str BSVI,2022,"45,000kms",Petrol,Manual,₹12.95 Lakh,new-delhi
Skoda,Skoda Slavia1.5 TSI Style AT,2023,"49,000kms",Petrol,Automatic,₹14 Lakh,new-delhi
Kia,Kia SonetHTX Turbo iMT,2024,"19,000kms",Petrol,Manual,₹10.75 Lakh,new-delhi
Toyota,Toyota GlanzaV,2022,"30,000kms",Petrol,Manual,₹6 Lakh,new-delhi
Toyota,Toyota Innova Crysta2.7 GX AT BSIV,2019,"40,000kms",Petrol,Automatic,₹13.35 Lakh,new-delhi
Audi,Audi A635 TDI,2017,"62,000kms",Diesel,Automatic,₹13.21 Lakh,new-delhi
Maruti,Maruti ErtigaVXI,2023,"24,000kms",Petrol,Manual,₹10.70 Lakh,new-delhi
Maruti,Maruti S CrossDDiS 200 Delta,2015,"70,000kms",Diesel,Manual,₹3.50 Lakh,new-delhi
Maruti,Maruti XL6Alpha Plus AT,2024,"13,000kms",Petrol,Automatic,₹12.50 Lakh,new-delhi
Kia,Kia CarensLuxury Turbo  -2023,2022,"72,000kms",Petrol,Manual,₹12.25 Lakh,new-delhi
Mahindra,Mahindra XUV700AX7 BSVI,2022,"77,000kms",Petrol,Manual,₹14.75 Lakh,new-delhi
Maruti,Maruti CiazZXi,2017,"80,000kms",Petrol,Manual,₹4.60 Lakh,new-delhi
Toyota,Toyota Innova Crysta2.8 ZX AT BSIV,2018,"2,15,000kms",Diesel,Automatic,₹14.50 Lakh,new-delhi
Hyundai,Hyundai CretaSX,2023,"16,000kms",Petrol,Manual,₹13.25 Lakh,new-delhi
Hyundai,Hyundai CretaS,2023,"11,000kms",Petrol,Manual,₹11.90 Lakh,new-delhi
Kia,Kia SeltosHTX G,2021,"53,000kms",Petrol,Manual,₹9.75 Lakh,new-delhi
Mahindra,Mahindra TharLX 4WD Hard Top BSVI,2022,"37,000kms",Petrol,Manual,₹10.83 Lakh,new-delhi
Kia,Kia SonetGTX Plus Turbo DCT DT,2022,"34,000kms",Petrol,Automatic,₹10.50 Lakh,new-delhi
Mahindra,Mahindra Alturas G44X4 AT BSIV,2019,"85,000kms",Diesel,Automatic,₹14.90 Lakh,new-delhi
Maruti,Maruti CiazAlpha BSVI,2019,"58,000kms",Petrol,Manual,₹6.75 Lakh,new-delhi
Toyota,Toyota Innova Crysta2.4 G MT BSIV,2017,"71,000kms",Diesel,Manual,₹14 Lakh,new-delhi
Maruti,Maruti XL6Alpha AT,2022,"17,500kms",Petrol,Automatic,₹11.85 Lakh,new-delhi
Toyota,Toyota Innova Crysta2.4 VX MT BSIV,2019,"45,000kms",Diesel,Manual,₹14.35 Lakh,new-delhi
Volkswagen,Volkswagen Taigun1.5 TSI GT Plus DSG,2021,"42,191kms",Petrol,Automatic,₹10 Lakh,new-delhi
Kia,Kia SeltosHTX IVT,2023,"35,000kms",Petrol,Automatic,₹13.95 Lakh,new-delhi
Kia,Kia SeltosGTX Plus DCT,2020,"53,000kms",Petrol,Automatic,₹11.90 Lakh,new-delhi
Toyota,Toyota Innova Crysta2.8 GX AT BSIV,2018,"2,85,000kms",Diesel,Automatic,₹13.75 Lakh,new-delhi
Volkswagen,Volkswagen Tiguan2.0 TDI Highline,2020,"64,000kms",Diesel,Automatic,₹19.75 Lakh,new-delhi
Skoda,Skoda Slavia1.5 TSI Style DSG,2024,"30,000kms",Petrol,Automatic,₹14.75 Lakh,new-delhi
Maruti,Maruti XL6Zeta CNG,2024,"35,000kms",CNG,Manual,₹12.50 Lakh,new-delhi
Honda,Honda Amaze 2nd GenS,2017,"31,204kms",Petrol,Manual,₹4.08 Lakh,new-delhi
Hyundai,Hyundai VernaSX Turbo DCT,2023,"43,000kms",Petrol,Automatic,₹13.75 Lakh,new-delhi
Tata,Tata Tiago1.2 Revotron XZA,2018,"28,718kms",Petrol,Automatic,₹4.40 Lakh,new-delhi
Maruti,Maruti BalenoAlpha Diesel,2018,"8,564kms",Diesel,Manual,₹5.38 Lakh,new-delhi
Maruti,Maruti CiazZeta Automatic BSIV,2019,"6,800kms",Petrol,Automatic,₹5.99 Lakh,new-delhi
Hyundai,Hyundai VernaSX IVT,2022,"46,000kms",Petrol,Automatic,₹10.95 Lakh,new-delhi
Hyundai,Hyundai Xcent1.2 VTVT E,2017,"61,500kms",Petrol,Manual,₹3.75 Lakh,new-delhi
Honda,Honda AmazeVX Opt Petrol BSIV,2019,"41,545kms",Petrol,Manual,₹5.25 Lakh,new-delhi
Hyundai,Hyundai VenueS BSIV,2020,"75,000kms",Petrol,Manual,₹5.30 Lakh,new-delhi
Audi,Audi A635 TDI Technology,2015,"70,000kms",Diesel,Automatic,₹13 Lakh,new-delhi
Maruti,Maruti Vitara BrezzaVDi,2018,"80,000kms",Diesel,Manual,₹5.90 Lakh,new-delhi
Maruti,Maruti Wagon RLXI CNG,2023,"50,000kms",CNG,Manual,₹4.80 Lakh,new-delhi
BMW,BMW X1sDrive18i M Sport,2025,"6,000kms",Petrol,Automatic,₹44.90 Lakh,new-delhi
Hyundai,Hyundai Grand i101.2 Kappa Sportz Option,2018,"68,000kms",Petrol,Manual,₹3.85 Lakh,new-delhi
BMW,BMW 3 Series Long Wheelbase330Li M Sport First Edition,2022,"48,000kms",Petrol,Automatic,₹38.75 Lakh,new-delhi
Kia,Kia SeltosGTX Plus DCT,2023,"40,000kms",Petrol,Automatic,₹16.95 Lakh,new-delhi
Kia,Kia SeltosHTX Diesel AT,2024,"41,000kms",Diesel,Automatic,₹16.99 Lakh,new-delhi
Maruti,Maruti S CrossDDiS 200 Delta,2017,"70,000kms",Diesel,Manual,₹3.50 Lakh,new-delhi
,Mini CountrymanS JCW Inspired,2024,"13,000kms",Petrol,Automatic,₹44.50 Lakh,new-delhi
Maruti,Maruti Swift DzireLXI 1.2,2018,"87,050kms",Petrol,Manual,₹3.08 Lakh,new-delhi
Maruti,Maruti SwiftZXI AMT,2018,"69,951kms",Petrol,Automatic,₹4.55 Lakh,new-delhi
Mahindra,Mahindra XUV500W11 AT BSIV,2018,"57,000kms",Diesel,Automatic,₹9.50 Lakh,new-delhi
Hyundai,Hyundai SantroSportz BSIV,2019,"32,614kms",Petrol,Manual,₹3.31 Lakh,new-delhi
Maruti,Maruti Baleno1.2 Delta,2017,"87,161kms",Petrol,Manual,₹3.37 Lakh,new-delhi
Maruti,Maruti BalenoZeta Diesel,2016,"76,884kms",Diesel,Manual,₹3.97 Lakh,new-delhi
Land Rover,Land Rover Range Rover VelarDynamic HSE,2024,"13,000kms",Petrol,Automatic,₹75.75 Lakh,new-delhi
Maruti,Maruti SwiftZXI AMT,2018,"85,976kms",Petrol,Automatic,₹3.71 Lakh,new-delhi
Maruti,Maruti Baleno1.2 Delta,2016,"81,162kms",Petrol,Manual,₹3.20 Lakh,new-delhi
Tata,Tata TiagoXZ Plus,2020,"34,367kms",Petrol,Manual,₹3.77 Lakh,new-delhi
Land Rover,Land Rover Range Rover VelarR-Dynamic S Petrol MY21,2020,"45,000kms",Petrol,Automatic,₹51.75 Lakh,new-delhi
Maruti,Maruti Baleno1.2 Delta,2018,"57,999kms",Petrol,Manual,₹3.80 Lakh,new-delhi
Hyundai,Hyundai i20Sportz 1.2,2017,"71,613kms",Petrol,Manual,₹3.66 Lakh,new-delhi
Maruti,Maruti Baleno1.2 Delta,2018,"61,750kms",Petrol,Manual,₹3.68 Lakh,new-delhi
Mahindra,Mahindra XUV500AT W10 FWD,2018,"1,00,000kms",Diesel,Automatic,₹9.25 Lakh,new-delhi
Honda,Honda AmazeS Petrol BSIV,2017,"64,204kms",Petrol,Manual,₹3.34 Lakh,new-delhi
Maruti,Maruti CiazAT ZXi,2016,"36,932kms",Petrol,Automatic,₹4.69 Lakh,new-delhi
Hyundai,Hyundai Creta1.6 VTVT AT SX Plus,2016,"69,401kms",Petrol,Automatic,₹5.23 Lakh,new-delhi
Honda,Honda AmazeV CVT Diesel BSIV,2018,"92,000kms",Diesel,Automatic,₹4 Lakh,new-delhi
Honda,Honda AmazeV Petrol BSIV,2020,"28,816kms",Petrol,Manual,₹4.54 Lakh,new-delhi
Maruti,Maruti BalenoZeta CVT,2021,"70,240kms",Petrol,Automatic,₹5.28 Lakh,new-delhi
Tata,Tata AltrozXZ Plus Dark Edition Diesel BSVI,2022,"73,391kms",Diesel,Manual,₹5.50 Lakh,new-delhi
Honda,Honda Cityi-VTEC CVT V,2017,"54,000kms",Petrol,Automatic,₹4.95 Lakh,new-delhi
Tata,Tata TiagoXZ Plus,2023,"13,862kms",Petrol,Manual,₹5.07 Lakh,new-delhi
Tata,Tata Tiago1.2 Revotron XZ Plus,2019,"1,08,256kms",Petrol,Manual,₹3.27 Lakh,new-delhi
Ford,Ford EcosportTitanium,2019,"67,106kms",Petrol,Manual,₹5.40 Lakh,new-delhi
Audi,Audi Q53.0 TDI Quattro Technology,2015,"60,000kms",Diesel,Automatic,₹7.50 Lakh,new-delhi
Maruti,Maruti CiazAlpha BSVI,2020,"32,072kms",Petrol,Manual,₹5.70 Lakh,new-delhi
Maruti,Maruti BalenoDelta Diesel,2017,"69,485kms",Diesel,Manual,₹4.04 Lakh,new-delhi
Tata,Tata TiagoXZ Plus Dual Tone,2020,"69,457kms",Petrol,Manual,₹3.67 Lakh,new-delhi
Mercedes-Benz,Mercedes-Benz E-ClassE 200 CGI Elegance,2011,"40,000kms",Petrol,Automatic,₹6.75 Lakh,new-delhi
Maruti,Maruti Ciaz1.3 Zeta,2017,"79,000kms",Diesel,Manual,₹4.99 Lakh,new-delhi
Maruti,Maruti BalenoDelta,2021,"53,000kms",Petrol,Manual,₹6 Lakh,new-delhi
Maruti,Maruti CiazVDi Plus SHVS,2017,"70,000kms",Diesel,Manual,₹4.25 Lakh,new-delhi
Hyundai,Hyundai Santro XingGLS,2011,"65,000kms",Petrol,Manual,"₹82,000",new-delhi
Maruti,Maruti S CrossDelta DDiS 200 SH,2018,"67,000kms",Diesel,Manual,₹5.75 Lakh,new-delhi
Honda,Honda Cityi VTEC VX,2015,"80,000kms",Petrol,Manual,₹4.65 Lakh,new-delhi
Honda,Honda Jazz1.2 V i VTEC,2017,"39,000kms",Petrol,Manual,₹4.75 Lakh,new-delhi
Maruti,Maruti Wagon RLXI BS IV,2011,"72,000kms",Petrol,Manual,₹1.60 Lakh,new-delhi
Honda,Honda Cityi VTEC V,2017,"65,000kms",Petrol,Manual,₹5.90 Lakh,new-delhi
Maruti,Maruti Swift DzireVXI,2015,"51,000kms",Petrol,Manual,₹3.50 Lakh,new-delhi
Tata,Tata TiagoXT BSVI,2020,"64,000kms",Petrol,Manual,₹3.90 Lakh,new-delhi
Hyundai,Hyundai i201.2 Asta,2011,"66,006kms",Petrol,Manual,₹1.55 Lakh,new-delhi
Hyundai,Hyundai i20Sportz 1.2,2017,"71,613kms",Petrol,Manual,₹3.66 Lakh,new-delhi
Maruti,Maruti Baleno1.2 Delta,2018,"61,750kms",Petrol,Manual,₹3.68 Lakh,new-delhi
Volkswagen,Volkswagen Vento1.2 TSI Highline AT,2017,"68,000kms",Petrol,Automatic,₹5.25 Lakh,new-delhi
Volkswagen,Volkswagen PoloPetrol Trendline 1.2L,2012,"6,53,000kms",Petrol,Manual,₹1.85 Lakh,new-delhi
Maruti,Maruti Ciaz1.3 Alpha,2018,"57,000kms",Diesel,Manual,₹5.90 Lakh,new-delhi
Toyota,Toyota YarisG BSIV,2019,"65,000kms",Petrol,Manual,₹5.25 Lakh,new-delhi
Maruti,Maruti Ciaz1.4 Delta,2017,"52,000kms",Petrol,Manual,₹5.30 Lakh,new-delhi
Toyota,Toyota EtiosVX,2011,"1,60,000kms",Petrol,Manual,₹1.45 Lakh,new-delhi
Volkswagen,Volkswagen Vento1.2 TSI Highline AT,2017,"48,000kms",Petrol,Automatic,₹5.49 Lakh,new-delhi
Maruti,Maruti Baleno1.2 CVT Zeta,2017,"57,000kms",Petrol,Automatic,₹4.90 Lakh,new-delhi
Honda,Honda Jazz1.2 SV i VTEC,2017,"68,000kms",Petrol,Manual,₹4 Lakh,new-delhi
Hyundai,Hyundai Santro XingGL Plus,2013,"90,000kms",Petrol,Manual,₹1.40 Lakh,new-delhi
Maruti,Maruti BalenoDelta,2021,"41,000kms",Petrol,Manual,₹5.25 Lakh,new-delhi
Hyundai,Hyundai i20Sportz Plus,2020,"85,000kms",Petrol,Manual,₹4.95 Lakh,new-delhi
Nissan,Nissan TerranoXL Plus 85 PS,2017,"68,000kms",Diesel,Manual,₹4.75 Lakh,new-delhi
Mahindra,Mahindra KUV 100mFALCON G80 K4 Plus,2016,"62,000kms",Petrol,Manual,₹2.65 Lakh,new-delhi
Honda,Honda Jazz1.2 V i VTEC,2017,"39,000kms",Petrol,Manual,₹4.75 Lakh,new-delhi
Maruti,Maruti BalenoDelta,2021,"53,000kms",Petrol,Manual,₹6 Lakh,new-delhi
Maruti,Maruti CiazVDi Plus SHVS,2017,"70,000kms",Diesel,Manual,₹4.25 Lakh,new-delhi
Mahindra,Mahindra TharCRDe,2018,"72,000kms",Diesel,Manual,₹4.45 Lakh,new-delhi
Maruti,Maruti SwiftLXI BSIV,2016,"62,234kms",Petrol,Manual,₹3.75 Lakh,new-delhi
Maruti,Maruti Swift DzireLDI Optional,2016,"68,214kms",Diesel,Manual,₹3.65 Lakh,new-delhi
Maruti,Maruti Swift DzireVXI 1.2 BS IV,2019,"58,000kms",Petrol,Manual,₹5.25 Lakh,new-delhi
Ford,Ford Ecosport1.0 Ecoboost Titanium,2013,"65,000kms",Petrol,Manual,₹2.83 Lakh,new-delhi
Hyundai,Hyundai i20Petrol CVT Asta,2018,"62,000kms",Petrol,Automatic,₹4.85 Lakh,new-delhi
Maruti,Maruti Baleno1.2 Delta,2016,"89,000kms",Petrol,Manual,₹3.50 Lakh,new-delhi
Ford,Ford Ecosport1.5 Diesel Titanium BSIV,2017,"69,000kms",Diesel,Manual,₹4.75 Lakh,new-delhi
Ford,Ford Ecosport1.5 Ti VCT MT Titanium,2015,"63,000kms",Petrol,Manual,₹2.90 Lakh,new-delhi
Maruti,Maruti Ciaz1.3 Zeta,2017,"79,000kms",Diesel,Manual,₹4.99 Lakh,new-delhi
Hyundai,Hyundai i20Magna BSVI,2020,"72,000kms",Petrol,Manual,₹5.25 Lakh,new-delhi
Maruti,Maruti S CrossZeta DDiS 200 SH,2018,"75,000kms",Diesel,Manual,₹5.75 Lakh,new-delhi
Maruti,Maruti RitzLXi,2013,"59,000kms",Petrol,Manual,₹1.55 Lakh,new-delhi
Maruti,Maruti Swift DzireVXI,2015,"51,000kms",Petrol,Manual,₹3.50 Lakh,new-delhi
Tata,Tata TiagoXT BSVI,2020,"64,000kms",Petrol,Manual,₹3.90 Lakh,new-delhi
Maruti,Maruti S CrossDelta DDiS 200 SH,2018,"67,000kms",Diesel,Manual,₹5.75 Lakh,new-delhi
Renault,Renault KWID1.0 AMT RXT,2019,"42,000kms",Petrol,Automatic,₹2.35 Lakh,new-delhi
Hyundai,Hyundai Creta1.4 E Plus CRDi,2018,"82,000kms",Diesel,Manual,₹5.90 Lakh,new-delhi
Honda,Honda Cityi VTEC V,2015,"32,000kms",Petrol,Manual,₹4.25 Lakh,new-delhi
Honda,Honda Cityi VTEC V,2017,"65,000kms",Petrol,Manual,₹5.90 Lakh,new-delhi
Mahindra,Mahindra KUV 100mFALCON G80 K6 Plus,2017,"62,000kms",Petrol,Manual,₹2.55 Lakh,new-delhi
Toyota,Toyota GlanzaG,2019,"56,000kms",Petrol,Manual,₹5.50 Lakh,new-delhi
Hyundai,Hyundai i201.2 Magna Executive,2018,"60,000kms",Petrol,Manual,₹4.45 Lakh,new-delhi
Maruti,Maruti Baleno1.2 Alpha,2015,"65,000kms",Petrol,Manual,₹3.78 Lakh,new-delhi
Volvo,Volvo XC60D5 Summum,2014,"87,000kms",Diesel,Automatic,₹6.50 Lakh,new-delhi
Maruti,Maruti SwiftAMT VXI,2018,"78,000kms",Petrol,Automatic,₹4.25 Lakh,new-delhi
Tata,Tata Nexon1.2 Revotron XMA,2019,"65,000kms",Petrol,Automatic,₹5.40 Lakh,new-delhi
Maruti,Maruti Swift DzireVXI,2013,"75,000kms",Petrol,Manual,₹3.20 Lakh,new-delhi
Toyota,Toyota EtiosVX,2011,"66,000kms",Petrol,Manual,₹1.50 Lakh,new-delhi
Honda,Honda Jazz1.2 SV i VTEC,2017,"68,000kms",Petrol,Manual,₹4.25 Lakh,new-delhi
Hyundai,Hyundai i201.2 Magna Executive,2018,"60,000kms",Petrol,Manual,₹4.49 Lakh,new-delhi
Honda,Honda Jazz1.2 VX i VTEC,2018,"65,008kms",Petrol,Manual,₹3.95 Lakh,new-delhi
Chevrolet,Chevrolet Sail1.2 Base,2013,"69,000kms",Petrol,Manual,₹1.50 Lakh,new-delhi
Maruti,Maruti Swift DzireAMT ZXI Plus,2018,"65,000kms",Petrol,Automatic,₹4.75 Lakh,new-delhi
Maruti,Maruti CiazDelta BSIV,2019,"79,000kms",Petrol,Manual,₹5.80 Lakh,new-delhi
Mahindra,Mahindra Bolero Power PlusSLE,2018,"80,000kms",Diesel,Manual,₹5.70 Lakh,new-delhi
Volkswagen,Volkswagen Polo1.5 TDI Trendline,2015,"56,000kms",Diesel,Manual,₹2.50 Lakh,new-delhi
Hyundai,Hyundai AuraS CNG,2020,"58,000kms",CNG,Manual,₹5.35 Lakh,new-delhi
Maruti,Maruti SwiftAMT VDI,2018,"63,000kms",Diesel,Automatic,₹5.21 Lakh,new-delhi
Maruti,Maruti Ignis1.2 Sigma BSIV,2017,"47,000kms",Petrol,Manual,₹3.15 Lakh,new-delhi
Renault,Renault Duster110PS Diesel RxL,2015,"67,000kms",Diesel,Manual,₹2.85 Lakh,new-delhi
Toyota,Toyota GlanzaG,2021,"48,000kms",Petrol,Manual,₹5.45 Lakh,new-delhi
Honda,Honda Cityi VTEC VX,2016,"80,000kms",Petrol,Manual,₹4.99 Lakh,new-delhi
Mahindra,Mahindra Bolero Power PlusSLE,2018,"77,000kms",Diesel,Manual,₹5.40 Lakh,new-delhi
Renault,Renault Duster85PS Diesel RxE,2016,"62,000kms",Diesel,Manual,₹2.87 Lakh,new-delhi
Maruti,Maruti Baleno1.2 Delta,2018,"57,000kms",Petrol,Manual,₹4.70 Lakh,new-delhi
Hyundai,Hyundai i201.2 Spotz,2018,"62,000kms",Petrol,Manual,₹4.95 Lakh,new-delhi
Hyundai,Hyundai i20Sportz 1.2,2015,"81,000kms",Petrol,Manual,₹3.21 Lakh,new-delhi
Maruti,Maruti Wagon RLXI CNG,2011,"1,28,000kms",CNG,Manual,₹1.32 Lakh,new-delhi
Maruti,Maruti SwiftVXI,2021,"52,000kms",Petrol,Manual,₹5.25 Lakh,new-delhi
Hyundai,Hyundai Creta1.6 VTVT E Plus,2016,"26,000kms",Petrol,Manual,₹5.70 Lakh,new-delhi
Honda,Honda Jazz1.2 SV i VTEC,2016,"54,000kms",Petrol,Manual,₹3.20 Lakh,new-delhi
Honda,Honda CityE,2011,"68,000kms",Petrol,Manual,₹1.65 Lakh,new-delhi
Maruti,Maruti CiazZeta BSIV,2019,"58,000kms",Petrol,Manual,₹5.75 Lakh,new-delhi
Maruti,Maruti Baleno1.2 Delta,2018,"84,000kms",Petrol,Manual,₹4 Lakh,new-delhi
Hyundai,Hyundai Creta1.6 VTVT S,2016,"78,000kms",Petrol,Manual,₹4.95 Lakh,new-delhi
Maruti,Maruti Swift DzireVXi,2010,"90,000kms",Petrol,Manual,₹1.35 Lakh,new-delhi
Maruti,Maruti CiazDelta BSIV,2018,"61,000kms",Petrol,Manual,₹5.60 Lakh,new-delhi
Hyundai,Hyundai Grand i10 NiosSportz CNG,2021,"68,000kms",CNG,Manual,₹5.25 Lakh,new-delhi
Hyundai,Hyundai Creta1.6 VTVT AT SX Plus,2017,"83,000kms",Petrol,Automatic,₹5.50 Lakh,new-delhi
Honda,Honda AmazeVX i-VTEC,2016,"52,000kms",Petrol,Manual,₹3.25 Lakh,new-delhi
Maruti,Maruti Ignis1.2 Sigma BSIV,2017,"47,000kms",Petrol,Manual,₹3.15 Lakh,new-delhi
Maruti,Maruti Swift DzireAMT ZXI Plus,2018,"65,000kms",Petrol,Automatic,₹4.75 Lakh,new-delhi
Maruti,Maruti CiazDelta BSIV,2019,"79,000kms",Petrol,Manual,₹5.80 Lakh,new-delhi
Hyundai,Hyundai Sonata2.4 GDi MT,2013,"15,000kms",Petrol,Manual,₹3.75 Lakh,new-delhi
Honda,Honda Cityi VTEC VX,2016,"80,000kms",Petrol,Manual,₹4.99 Lakh,new-delhi
Mahindra,Mahindra Bolero Power PlusSLE,2018,"77,000kms",Diesel,Manual,₹5.40 Lakh,new-delhi
Maruti,Maruti Baleno1.2 Delta,2018,"57,000kms",Petrol,Manual,₹4.70 Lakh,new-delhi
Mahindra,Mahindra Scorpio NZ8L BSVI,2022,"60,000kms",Petrol,Manual,₹12.80 Lakh,new-delhi
Hyundai,Hyundai i201.2 Spotz,2018,"62,000kms",Petrol,Manual,₹4.95 Lakh,new-delhi
Hyundai,Hyundai i20Sportz 1.2,2015,"81,000kms",Petrol,Manual,₹3.21 Lakh,new-delhi
Maruti,Maruti Ciaz1.4 Delta,2017,"52,000kms",Petrol,Manual,₹5.30 Lakh,new-delhi
Toyota,Toyota Etios LivaPetrol TRD Sportivo,2014,"62,000kms",Petrol,Manual,₹2.25 Lakh,new-delhi
Volkswagen,Volkswagen Vento1.2 TSI Highline AT,2017,"48,000kms",Petrol,Automatic,₹5.49 Lakh,new-delhi
Maruti,Maruti Baleno1.2 CVT Zeta,2017,"57,000kms",Petrol,Automatic,₹4.90 Lakh,new-delhi
Hyundai,Hyundai i20Sportz Plus,2020,"85,000kms",Petrol,Manual,₹4.95 Lakh,new-delhi
Renault,Renault KWID1.0 AMT RXT,2017,"46,500kms",Petrol,Automatic,₹2 Lakh,new-delhi
Nissan,Nissan TerranoXL Plus 85 PS,2017,"68,000kms",Diesel,Manual,₹4.75 Lakh,new-delhi
Volkswagen,Volkswagen Vento1.2 TSI Highline AT,2017,"68,000kms",Petrol,Automatic,₹5.25 Lakh,new-delhi
Maruti,Maruti Ciaz1.3 Alpha,2018,"57,000kms",Diesel,Manual,₹5.90 Lakh,new-delhi
Mahindra,Mahindra ScorpioS5 BSIV,2018,"71,000kms",Diesel,Manual,₹6.95 Lakh,new-delhi
Maruti,Maruti Vitara BrezzaZXI Plus AT,2020,"32,596kms",Petrol,Automatic,₹8.80 Lakh,new-delhi
Hyundai,Hyundai i20 N-LineN6 iMT BSVI,2021,"65,947kms",Petrol,Manual,₹6.20 Lakh,new-delhi
Hyundai,Hyundai VenueSX Opt Turbo,2022,"26,116kms",Petrol,Manual,₹7.87 Lakh,new-delhi
Honda,Honda CityV MT,2019,"62,000kms",Petrol,Manual,₹7 Lakh,new-delhi
Jeep,Jeep Compass1.4 Limited,2017,"72,808kms",Petrol,Automatic,₹6.39 Lakh,new-delhi
Maruti,Maruti Vitara BrezzaZXI AT,2022,"37,991kms",Petrol,Automatic,₹9.14 Lakh,new-delhi
Kia,Kia SonetHTX Diesel Anniversary Edition,2022,"17,161kms",Diesel,Manual,₹7.37 Lakh,new-delhi
Tata,Tata Tiago1.05 Revotorq XE,2016,"58,000kms",Diesel,Manual,₹2 Lakh,new-delhi
Hyundai,Hyundai VenueSX Turbo Executive,2019,"58,454kms",Diesel,Manual,₹6.87 Lakh,new-delhi
Maruti,Maruti Vitara BrezzaZXI,2020,"51,000kms",Petrol,Manual,₹8.21 Lakh,new-delhi
Maruti,Maruti ErtigaZXI,2022,"62,000kms",Petrol,Manual,₹10 Lakh,new-delhi
Ford,Ford FigoTitanium BSIV,2019,"63,000kms",Petrol,Manual,₹3.15 Lakh,new-delhi
Hyundai,Hyundai VenueSX Opt iMT,2021,"34,184kms",Petrol,Manual,₹6.90 Lakh,new-delhi
Maruti,Maruti CiazAlpha BSIV,2019,"72,000kms",Petrol,Manual,₹6.25 Lakh,new-delhi
Honda,Honda CitySV MT,2019,"56,000kms",Petrol,Manual,₹7.25 Lakh,new-delhi
Honda,Honda Cityi-VTEC CVT VX,2018,"70,000kms",Petrol,Automatic,₹6.95 Lakh,new-delhi
Hyundai,Hyundai Creta1.6 VTVT S,2015,"78,000kms",Petrol,Manual,₹6.19 Lakh,new-delhi
Hyundai,Hyundai VenueSX Opt Turbo BSIV,2019,"32,000kms",Petrol,Manual,₹8.89 Lakh,new-delhi
Hyundai,Hyundai Creta1.4 E Plus,2019,"75,000kms",Diesel,Manual,₹7.50 Lakh,new-delhi
Ford,Ford Ecosport1.0 Ecoboost Titanium,2014,"72,001kms",Petrol,Manual,₹2.85 Lakh,new-delhi
Maruti,Maruti CiazAlpha BSIV,2019,"72,000kms",Petrol,Manual,₹6.25 Lakh,new-delhi
Maruti,Maruti Vitara BrezzaZXI,2020,"51,000kms",Petrol,Manual,₹8.21 Lakh,new-delhi
Maruti,Maruti ErtigaZXI,2022,"62,000kms",Petrol,Manual,₹10 Lakh,new-delhi
Maruti,Maruti Alto 800CNG LXI,2014,"57,000kms",CNG,Manual,₹1.75 Lakh,new-delhi
Hyundai,Hyundai VenueSX Plus Turbo DCT,2021,"39,000kms",Petrol,Automatic,₹8.98 Lakh,new-delhi
Kia,Kia SeltosHTK Plus G,2020,"55,800kms",Petrol,Manual,₹8.15 Lakh,new-delhi
Jeep,Jeep Compass1.4 Sport,2018,"59,000kms",Petrol,Manual,₹7.50 Lakh,new-delhi
Maruti,Maruti Swift1.2 VXi BSII,2010,"40,000kms",Petrol,Manual,₹1.82 Lakh,new-delhi
Hyundai,Hyundai VenueSX Turbo BSIV,2019,"28,000kms",Petrol,Manual,₹7.60 Lakh,new-delhi
Maruti,Maruti XL6Zeta AT,2019,"52,500kms",Petrol,Automatic,₹8.95 Lakh,new-delhi
Kia,Kia SonetHTX Plus Turbo iMT DT,2022,"28,000kms",Petrol,Manual,₹8.50 Lakh,new-delhi
Maruti,Maruti Swift DzireLXI Option,2016,"70,000kms",Petrol,Manual,₹2.70 Lakh,new-delhi
Jeep,Jeep Compass2.0 Sport,2018,"37,000kms",Diesel,Manual,₹7.92 Lakh,new-delhi
Toyota,Toyota Corolla AltisG MT,2017,"60,000kms",Petrol,Manual,₹7.90 Lakh,new-delhi
Toyota,Toyota Corolla Altis1.8 J,2018,"71,000kms",Petrol,Manual,₹6.40 Lakh,new-delhi
Maruti,Maruti SwiftLXI BSIV,2014,"50,000kms",Petrol,Manual,₹2.20 Lakh,new-delhi
Tata,Tata HexaXT,2017,"75,000kms",Diesel,Manual,₹6.15 Lakh,new-delhi
Hyundai,Hyundai CretaE Diesel BSVI,2022,"48,000kms",Diesel,Manual,₹9 Lakh,new-delhi
Hyundai,Hyundai i20 N-LineN8 DCT BSVI,2022,"47,500kms",Petrol,Automatic,₹8.85 Lakh,new-delhi
Mahindra,Mahindra TharLX Hard Top AT RWD,2024,"7,000kms",Petrol,Automatic,₹13.25 Lakh,new-delhi
Kia,Kia SeltosHTK Plus G,2020,"55,800kms",Petrol,Manual,₹8.15 Lakh,new-delhi
Jeep,Jeep Compass1.4 Sport,2018,"59,000kms",Petrol,Manual,₹7.50 Lakh,new-delhi
Hyundai,Hyundai VenueSX Plus Turbo DCT BSIV,2019,"59,000kms",Petrol,Automatic,₹6.45 Lakh,new-delhi
Audi,Audi A62.8 FSI,2011,"69,000kms",Petrol,Automatic,₹6 Lakh,new-delhi
Kia,Kia SonetHTX Diesel AT BSVI,2022,"49,000kms",Diesel,Automatic,₹8.99 Lakh,new-delhi
Kia,Kia SonetHTX Plus Turbo iMT DT,2022,"28,000kms",Petrol,Manual,₹8.50 Lakh,new-delhi
Jeep,Jeep Compass2.0 Sport,2018,"37,000kms",Diesel,Manual,₹7.92 Lakh,new-delhi
Mahindra,Mahindra XUV500AT W10 FWD,2017,"1,20,000kms",Diesel,Automatic,₹4.10 Lakh,new-delhi
Toyota,Toyota Corolla AltisG MT,2017,"60,000kms",Petrol,Manual,₹7.90 Lakh,new-delhi
Toyota,Toyota Corolla Altis1.8 J,2018,"71,000kms",Petrol,Manual,₹6.40 Lakh,new-delhi
Tata,Tata HexaXT,2017,"75,000kms",Diesel,Manual,₹6.15 Lakh,new-delhi
Hyundai,Hyundai CretaE,2024,"8,000kms",Petrol,Manual,₹11.50 Lakh,new-delhi
Hyundai,Hyundai CretaE Diesel BSVI,2022,"48,000kms",Diesel,Manual,₹9 Lakh,new-delhi
Hyundai,Hyundai i20 N-LineN8 DCT BSVI,2022,"47,500kms",Petrol,Automatic,₹8.85 Lakh,new-delhi
Hyundai,Hyundai Creta1.6 VTVT AT SX Plus,2017,"60,000kms",Petrol,Automatic,₹6.95 Lakh,new-delhi
BMW,BMW iXxDrive50,2024,"4,002kms",Electric,Automatic,₹92 Lakh,new-delhi
Hyundai,Hyundai Grand i10 NiosAsta,2023,"21,000kms",Petrol,Manual,₹6.51 Lakh,new-delhi
Kia,Kia SeltosHTE Diesel,2021,"65,000kms",Diesel,Manual,₹7.25 Lakh,new-delhi
Maruti,Maruti CiazAlpha Automatic BSIV,2019,"12,000kms",Petrol,Automatic,₹6.50 Lakh,new-delhi
Volvo,Volvo XC60B5 Inscripition,2022,"33,254kms",Petrol,Automatic,₹41 Lakh,new-delhi
Kia,Kia SonetGTX Plus Diesel AT BSVI,2021,"50,000kms",Diesel,Automatic,₹8.50 Lakh,new-delhi
Hyundai,Hyundai Creta1.4 E Plus CRDi,2018,"65,000kms",Diesel,Manual,₹6.50 Lakh,new-delhi
Hyundai,Hyundai Creta1.6 CRDi SX,2019,"27,000kms",Diesel,Manual,₹7.95 Lakh,new-delhi
BMW,BMW 3 Series Long Wheelbase330Li M Sport First Edition,2021,"9,690kms",Petrol,Automatic,₹38 Lakh,new-delhi
Kia,Kia SeltosHTK G,2022,"34,500kms",Petrol,Manual,₹9.45 Lakh,new-delhi
Kia,Kia SonetHTK Plus BSVI,2022,"10,000kms",Petrol,Manual,₹7.75 Lakh,new-delhi
Skoda,Skoda Kushaq1.5 TSI Style BSVI,2022,"36,000kms",Petrol,Manual,₹9.87 Lakh,new-delhi
Land Rover,Land Rover Range Rover3.0 Diesel LWB Vogue,2021,"48,554kms",Diesel,Automatic,₹1.40 Crore,new-delhi
Kia,Kia SonetGTX Plus Turbo DCT DT,2020,"58,000kms",Petrol,Automatic,₹9.50 Lakh,new-delhi
Hyundai,Hyundai VenueS Turbo DCT,2020,"51,000kms",Petrol,Automatic,₹6.50 Lakh,new-delhi
Maruti,Maruti XL6Alpha AT,2019,"60,000kms",Petrol,Automatic,₹6.88 Lakh,new-delhi
BMW,BMW X5xDrive 30d xLine,2022,"44,266kms",Diesel,Automatic,₹64 Lakh,new-delhi
Hyundai,Hyundai VenueSX DT BSVI,2022,"9,600kms",Petrol,Manual,₹7.98 Lakh,new-delhi
Kia,Kia SeltosHTK G,2022,"21,500kms",Petrol,Manual,₹9.58 Lakh,new-delhi
Hyundai,Hyundai VenueSX,2023,"33,000kms",Petrol,Manual,₹8.75 Lakh,new-delhi
BMW,BMW X1sDrive18i M Sport,2024,"17,025kms",Petrol,Automatic,₹44 Lakh,new-delhi
Maruti,Maruti BrezzaVxi CNG,2023,"42,000kms",CNG,Manual,₹9.40 Lakh,new-delhi
Hyundai,Hyundai Creta1.6 VTVT SX Plus,2017,"57,000kms",Petrol,Manual,₹6.50 Lakh,new-delhi
Maruti,Maruti SwiftVXI,2024,"10,000kms",Petrol,Manual,₹7.25 Lakh,new-delhi
Porsche,Porsche Cayenne CoupePlatinum Edition BSVI,2022,"42,939kms",Petrol,Automatic,₹99 Lakh,new-delhi
Hyundai,Hyundai VenueSX Turbo,2021,"12,000kms",Petrol,Manual,₹7.70 Lakh,new-delhi
Jeep,Jeep Compass1.4 Limited,2018,"65,000kms",Petrol,Automatic,₹7.94 Lakh,new-delhi
Kia,Kia SeltosHTX IVT G,2020,"85,000kms",Petrol,Automatic,₹9.35 Lakh,new-delhi
BMW,BMW X5xDrive 40i M Sport,2023,"17,064kms",Petrol,Automatic,₹83 Lakh,new-delhi
Hyundai,Hyundai VenueSX Turbo iMT,2022,"60,000kms",Petrol,Manual,₹7.15 Lakh,new-delhi
Mahindra,Mahindra XUV300W6 Diesel BSVI,2021,"47,000kms",Diesel,Manual,₹6.99 Lakh,new-delhi
Kia,Kia SeltosGTK,2019,"35,000kms",Petrol,Manual,₹9.40 Lakh,new-delhi
Mini Cooper,Mini Cooper SClassic Pack,2025,"6,201kms",Petrol,Automatic,₹44 Lakh,new-delhi
Maruti,Maruti ErtigaVXI Petrol,2018,"25,000kms",Petrol,Manual,₹6.25 Lakh,new-delhi
Hyundai,Hyundai VernaSX IVT,2021,"21,000kms",Petrol,Automatic,₹9.75 Lakh,new-delhi
Maruti,Maruti BrezzaVxi CNG,2023,"18,000kms",CNG,Manual,₹9.90 Lakh,new-delhi
BMW,BMW X5xDrive40i M Sport,2024,"16,675kms",Petrol,Automatic,₹89 Lakh,new-delhi
Hyundai,Hyundai Creta1.4 EX Diesel,2019,"76,000kms",Diesel,Manual,₹7.15 Lakh,new-delhi
Hyundai,Hyundai i20Asta Option CVT BSIV,2019,"52,000kms",Petrol,Automatic,₹6.75 Lakh,new-delhi
Maruti,Maruti CiazAlpha BSVI,2021,"27,000kms",Petrol,Manual,₹6.99 Lakh,new-delhi
BMW,BMW X4xDrive30i M Sport Black Shadow edition,2022,"33,017kms",Petrol,Automatic,₹55 Lakh,new-delhi
Hyundai,Hyundai VenueSX Turbo BSIV,2019,"28,000kms",Petrol,Manual,₹7.60 Lakh,new-delhi
Maruti,Maruti XL6Zeta AT,2019,"52,500kms",Petrol,Automatic,₹8.95 Lakh,new-delhi
Kia,Kia SeltosHTK G,2022,"37,000kms",Petrol,Manual,₹9.99 Lakh,new-delhi
BMW,BMW X5xDrive40i M Sport,2024,"16,675kms",Petrol,Automatic,₹89 Lakh,new-delhi
Kia,Kia SeltosHTK G,2022,"34,500kms",Petrol,Manual,₹9.45 Lakh,new-delhi
Land Rover,Land Rover Range Rover VelarR-Dynamic S Petrol,2020,"31,000kms",Petrol,Automatic,₹52 Lakh,new-delhi
Mercedes-Benz,Mercedes-Benz GLA220d,2023,"14,000kms",Diesel,Automatic,₹36 Lakh,new-delhi
Mercedes-Benz,Mercedes-Benz G-ClassAMG G 63,2025,743kms,Petrol,Automatic,₹3.95 Crore,new-delhi
Land Rover,2021Land Rover Range Rover Evoque2.0 R-Dynamic SE diesel  -2021,2020,"45,000kms",Diesel,Automatic,₹46.50 Lakh,new-delhi
Hyundai,Hyundai AlcazarSignature (O) AE 7Str Diesel AT,2022,"34,534kms",Diesel,Automatic,₹15.40 Lakh,new-delhi
Mercedes-Benz,Mercedes-Benz GLE250d,2016,"90,000kms",Diesel,Automatic,₹19 Lakh,new-delhi
Mercedes-Benz,Mercedes-Benz C-ClassProgressive C 200,2021,"30,000kms",Petrol,Automatic,₹34 Lakh,new-delhi
Mahindra,Mahindra Alturas G44X4 AT BSIV,2019,"80,000kms",Diesel,Automatic,₹15.50 Lakh,new-delhi
Mahindra,Mahindra XUV700AX7 6Str AT,2024,"12,000kms",Petrol,Automatic,₹19.50 Lakh,new-delhi
Volvo,Volvo XC40D4 R-Design,2018,"1,12,000kms",Diesel,Automatic,₹16 Lakh,new-delhi
Mercedes-Benz,Mercedes-Benz C-ClassC 220d BSVI,2022,"27,200kms",Diesel,Automatic,₹39 Lakh,new-delhi
BMW,BMW X1sDrive20d Expedition,2018,"58,000kms",Diesel,Automatic,₹15.50 Lakh,new-delhi
MG,MG HectorSavvy Pro CVT  -2025,2023,"19,000kms",Petrol,Automatic,₹16.50 Lakh,new-delhi
Volvo,Volvo S90D4 Inscription BSIV,2018,"1,20,000kms",Diesel,Automatic,₹17.95 Lakh,new-delhi
Mercedes-Benz,Mercedes-Benz EQE SUV500 4MATIC,2023,"19,000kms",Electric,Automatic,₹85 Lakh,new-delhi
Toyota,Toyota Innova Crysta2.4 GX 7 STR AT,2020,"33,000kms",Diesel,Automatic,₹16.50 Lakh,new-delhi
BMW,BMW X1sDrive20d Expedition,2019,"40,000kms",Diesel,Automatic,₹18.75 Lakh,new-delhi
Mercedes-Benz,Mercedes-Benz M-ClassML 350 CDI,2015,"87,000kms",Diesel,Automatic,₹16.50 Lakh,new-delhi
Mercedes-Benz,Mercedes-Benz EQE SUV500 4MATIC,2025,"8,500kms",Electric,Automatic,₹90 Lakh,new-delhi
Mahindra,Mahindra XUV700AX5 7 Str Diesel AT,2023,"28,871kms",Diesel,Automatic,₹17.95 Lakh,new-delhi
Audi,Audi A635 TDI,2017,"40,500kms",Diesel,Automatic,₹16.75 Lakh,new-delhi
Audi,Audi A635 TDI,2019,"55,000kms",Diesel,Automatic,₹18.50 Lakh,new-delhi
Mercedes-Benz,Mercedes-Benz GLS450 4matic,2024,"12,500kms",Petrol,Automatic,₹1.22 Crore,new-delhi
Toyota,Toyota Innova Crysta2.4 GX 7 STR AT,2020,"80,000kms",Diesel,Automatic,₹17.50 Lakh,new-delhi
Hyundai,Hyundai AlcazarSignature DCT,2024,"4,000kms",Petrol,Automatic,₹19.50 Lakh,new-delhi
Audi,Audi Q335 TDI Quattro Premium,2017,"66,000kms",Diesel,Automatic,₹15.90 Lakh,new-delhi
Mercedes-Benz,Mercedes-Benz EQE SUV500 4MATIC,2023,"16,778kms",Electric,Automatic,₹85 Lakh,new-delhi
MG,2025MG HectorSharp Pro CVT  -2025,2023,"15,000kms",Petrol,Automatic,₹17 Lakh,new-delhi
Mahindra,Mahindra XUV700AX5 5Str Diesel AT,2023,"39,000kms",Diesel,Automatic,₹18.75 Lakh,new-delhi
BMW,BMW X5xDrive 30d Expedition,2016,"65,000kms",Diesel,Automatic,₹16.90 Lakh,new-delhi
Audi,Audi Q3Premium Plus BSVI,2023,"32,882kms",Petrol,Automatic,₹32 Lakh,new-delhi
Mahindra,Mahindra XUV700AX7L 7Str AT,2023,"43,000kms",Petrol,Automatic,₹18.25 Lakh,new-delhi
Toyota,Toyota Innova Crysta2.8 ZX AT BSIV,2019,"1,48,000kms",Diesel,Automatic,₹16.75 Lakh,new-delhi
Audi,Audi Q330 TFSI Premium FWD,2017,"58,000kms",Petrol,Automatic,₹15.45 Lakh,new-delhi
Mercedes-Benz,Mercedes-Benz S-ClassS 350 CDI,2016,"8,300kms",Diesel,Automatic,₹22.50 Lakh,new-delhi
BMW,BMW X1sDrive20d Expedition,2018,"58,000kms",Diesel,Automatic,₹15.50 Lakh,new-delhi
MG,MG HectorSavvy Pro CVT  -2025,2023,"19,000kms",Petrol,Automatic,₹16.50 Lakh,new-delhi
Volvo,Volvo S90D4 Inscription BSIV,2018,"1,20,000kms",Diesel,Automatic,₹17.95 Lakh,new-delhi
Jaguar,Jaguar XEPortfolio,2018,"72,738kms",Petrol,Automatic,₹20 Lakh,new-delhi
Toyota,Toyota Innova Crysta2.4 GX 7 STR AT,2020,"33,000kms",Diesel,Automatic,₹16.50 Lakh,new-delhi
BMW,BMW X1sDrive20d Expedition,2019,"40,000kms",Diesel,Automatic,₹18.75 Lakh,new-delhi
Mercedes-Benz,Mercedes-Benz M-ClassML 350 CDI,2015,"87,000kms",Diesel,Automatic,₹16.50 Lakh,new-delhi
Mercedes-Benz,Mercedes-Benz GLC300,2024,"28,743kms",Petrol,Automatic,₹60 Lakh,new-delhi
Kia,Kia SeltosHTX IVT,2023,"6,000kms",Petrol,Automatic,₹15.75 Lakh,new-delhi
Tata,Tata HarrierAdventure Plus A,2023,"10,000kms",Diesel,Manual,₹17.70 Lakh,new-delhi
Toyota,Toyota HyryderG HYBRID,2024,"36,000kms",Petrol,Automatic,₹16.75 Lakh,new-delhi
Audi,Audi A335 TFSI Premium Plus,2019,"55,419kms",Petrol,Automatic,₹19 Lakh,new-delhi
Tata,Tata SafariXT Plus BSVI,2022,"41,000kms",Diesel,Manual,₹15.25 Lakh,new-delhi
Audi,Audi Q2Technology,2021,"76,000kms",Petrol,Automatic,₹19.25 Lakh,new-delhi
Maruti,Maruti Grand VitaraAlpha Plus Hybrid CVT,2024,"12,000kms",Petrol,Automatic,₹15.75 Lakh,new-delhi
Lexus,Lexus NX300h,2018,"58,398kms",Petrol,Automatic,₹28 Lakh,new-delhi
Toyota,Toyota Innova Crysta2.4 GX 7 STR AT,2020,"64,000kms",Diesel,Automatic,₹17 Lakh,new-delhi
BMW,BMW X1xDrive 20d xLine,2018,"70,000kms",Diesel,Automatic,₹18.25 Lakh,new-delhi
Kia,Kia CarnivalPremium,2020,"91,000kms",Diesel,Automatic,₹19.50 Lakh,new-delhi
Hyundai,Hyundai Creta1.6 VTVT SX Plus,2017,"68,000kms",Petrol,Manual,₹5.70 Lakh,new-delhi
Audi,Audi Q330 TFSI Premium FWD,2019,"64,000kms",Petrol,Automatic,₹19.50 Lakh,new-delhi
Toyota,Toyota Innova Crysta2.7 ZX 7 STR AT,2021,"90,000kms",Petrol,Automatic,₹16.90 Lakh,new-delhi
Toyota,Toyota Innova Crysta2.4 GX MT BSIV,2019,"59,000kms",Diesel,Manual,₹15.15 Lakh,new-delhi
Toyota,Toyota Corolla AltisG AT,2015,"1,20,000kms",Petrol,Automatic,₹5.95 Lakh,new-delhi
Mahindra,Mahindra XUV700AX7 AT Luxury Pack BSVI,2022,"29,000kms",Petrol,Automatic,₹18.75 Lakh,new-delhi
BMW,BMW X1sDrive 20d xLine,2017,"77,000kms",Diesel,Automatic,₹13.50 Lakh,new-delhi
Tata,Tata HarrierCamo XT Plus,2020,"33,500kms",Diesel,Manual,₹10.75 Lakh,new-delhi
Ford,Ford Aspire1.2 Ti-VCT Titanium,2017,"66,000kms",Petrol,Manual,₹3.55 Lakh,new-delhi
Tata,Tata CurvvCreative Plus S Diesel DCA,2024,"6,000kms",Diesel,Automatic,₹13.50 Lakh,new-delhi
Maruti,Maruti Alto 800LXI,2018,"45,000kms",Petrol,Manual,₹2.55 Lakh,new-delhi
Renault,Renault KWID1.0 AMT RXT,2018,"42,000kms",Petrol,Automatic,₹2.60 Lakh,new-delhi
Maruti,Maruti Baleno1.2 Delta,2016,"68,000kms",Petrol,Manual,₹3.85 Lakh,new-delhi
Renault,Renault KWIDRXL,2019,"64,000kms",Petrol,Manual,₹2.49 Lakh,new-delhi
Renault,Renault KWIDRXL,2019,"64,000kms",Petrol,Manual,₹2.49 Lakh,new-delhi
Honda,Honda Cityi-VTEC V,2018,"60,000kms",Petrol,Manual,₹5.56 Lakh,new-delhi
Hyundai,Hyundai Creta1.6 CRDi AT SX Plus,2018,"85,000kms",Diesel,Automatic,₹7.25 Lakh,new-delhi
Maruti,Maruti Ciaz1.4 AT Alpha,2018,"68,000kms",Petrol,Automatic,₹5.80 Lakh,new-delhi
Maruti,Maruti Alto 800LXI,2016,"51,000kms",Petrol,Manual,₹1.53 Lakh,new-delhi
Honda,Honda AmazeVX,2025,"6,000kms",Petrol,Manual,₹8.25 Lakh,new-delhi
BMW,BMW 5 Series520d Luxury Line,2022,"25,000kms",Diesel,Automatic,₹42 Lakh,new-delhi
Kia,Kia SeltosHTX G,2020,"63,500kms",Petrol,Manual,₹9.91 Lakh,new-delhi
Hyundai,Hyundai CretaSX Opt Diesel AT BSVI,2020,"78,000kms",Diesel,Automatic,₹11.75 Lakh,new-delhi
Mahindra,Mahindra TharLX 4WD Hard Top Diesel AT BSVI,2023,"42,000kms",Diesel,Automatic,₹14.75 Lakh,new-delhi
Honda,Honda Jazz1.2 S i VTEC,2015,"64,000kms",Petrol,Manual,₹3.60 Lakh,new-delhi
Hyundai,Hyundai XcentPetrol,2019,"55,911kms",Petrol,Manual,₹4.55 Lakh,new-delhi
Honda,Honda Cityi VTEC CVT VX,2016,"58,000kms",Petrol,Automatic,₹4.95 Lakh,new-delhi
Maruti,Maruti Vitara BrezzaLDi Option,2016,"48,000kms",Diesel,Manual,₹4.25 Lakh,new-delhi
Hyundai,Hyundai Xcent1.2 Kappa S,2014,"48,000kms",Petrol,Manual,₹3.15 Lakh,new-delhi
Mercedes-Benz,Mercedes-Benz C-ClassC 200 BE Classic,2012,"1,10,000kms",Petrol,Automatic,₹5.25 Lakh,new-delhi
Toyota,Toyota Land Cruiser 300ZX Petrol,2024,100kms,Petrol,Automatic,₹2.62 Crore,new-delhi
Hyundai,Hyundai Creta1.6 VTVT AT SX Plus,2016,"65,000kms",Petrol,Automatic,₹6.75 Lakh,new-delhi
Maruti,Maruti CiazVXi Plus,2015,"64,000kms",Petrol,Manual,₹4.65 Lakh,new-delhi
Mahindra,Mahindra XUV700AX5 BSVI,2022,"52,998kms",Petrol,Manual,₹12.40 Lakh,new-delhi
Jeep,Jeep Compass1.4 Limited Opt DCT BSVI,2021,"29,000kms",Petrol,Automatic,₹14.95 Lakh,new-delhi
Mahindra,Mahindra TharLX 4-Str Hard Top AT RWD BSVI,2023,"32,000kms",Petrol,Automatic,₹11.95 Lakh,new-delhi
Tata,Tata Nexon1.2 Revotron XM,2017,"66,000kms",Petrol,Manual,₹4.55 Lakh,new-delhi
Mahindra,Mahindra TharLX 4WD Hard Top AT BSVI,2022,"27,000kms",Petrol,Automatic,₹11.99 Lakh,new-delhi
Mercedes-Benz,Mercedes-Benz CLA200 CGI Sport,2016,"61,000kms",Petrol,Automatic,₹11.75 Lakh,new-delhi
Skoda,Skoda Octavia1.8 TSI AT Onyx,2020,"65,000kms",Petrol,Automatic,₹11.75 Lakh,new-delhi
Honda,Honda Jazz1.2 SV i VTEC,2015,"52,000kms",Petrol,Manual,₹4.25 Lakh,new-delhi
Porsche,Porsche Cayenne3.6 S,2016,"54,000kms",Petrol,Automatic,₹32 Lakh,new-delhi
Land Rover,Land Rover DiscoveryHSE 3.0 Si6,2018,"43,000kms",Petrol,Automatic,₹45 Lakh,new-delhi
Mercedes-Benz,Mercedes-Benz E-ClassExclusive E 200,2022,"40,000kms",Petrol,Automatic,₹52.50 Lakh,new-delhi
Maruti,Maruti CelerioLXI Optional MT BSIV,2019,"57,000kms",Petrol,Manual,₹3.60 Lakh,new-delhi
Land Rover,Land Rover Range Rover VelarDynamic HSE,2023,"13,579kms",Petrol,Automatic,₹70 Lakh,new-delhi
Land Rover,Land Rover Range Rover VelarR-Dynamic S Diesel,2022,"39,000kms",Diesel,Automatic,₹62.90 Lakh,new-delhi
BMW,BMW 6 SeriesGT 630i Luxury Line  -2021,2018,"15,000kms",Petrol,Automatic,₹34 Lakh,new-delhi
Hyundai,Hyundai i20Asta 1.2,2015,"65,000kms",Petrol,Manual,₹3.85 Lakh,new-delhi
Mercedes-Benz,Mercedes-Benz E-ClassExclusive E 200,2022,"40,000kms",Petrol,Automatic,₹52.50 Lakh,new-delhi
Mercedes-Benz,Mercedes-Benz GLC200,2020,"31,000kms",Petrol,Automatic,₹37.90 Lakh,new-delhi
Mercedes-Benz,Mercedes-Benz GLC200,2021,"27,000kms",Petrol,Automatic,₹40.90 Lakh,new-delhi
BMW,BMW 5 Series530i M Sport BSVI,2022,"35,000kms",Petrol,Automatic,₹53 Lakh,new-delhi
Mercedes-Benz,Mercedes-Benz E-ClassExpression E 200 BSIV,2020,"50,000kms",Petrol,Automatic,₹39.90 Lakh,new-delhi
Land Rover,Land Rover DiscoveryHSE 3.0 Si6,2018,"43,000kms",Petrol,Automatic,₹45 Lakh,new-delhi
Porsche,Porsche Cayenne3.6 S,2016,"54,000kms",Petrol,Automatic,₹32 Lakh,new-delhi
BMW,BMW X1sDrive18i M Sport,2024,"20,196kms",Petrol,Automatic,₹44 Lakh,new-delhi
Jaguar,Jaguar XJ2.0L Portfolio,2017,"23,000kms",Petrol,Automatic,₹47 Lakh,new-delhi
BMW,BMW 7 Series740Li M Sport Edition,2023,"28,000kms",Petrol,Automatic,₹1.49 Crore,new-delhi
BMW,BMW 6 SeriesGran Coupe,2016,"34,000kms",Diesel,Automatic,₹32 Lakh,new-delhi
BMW,BMW iXxDrive50,2024,"19,864kms",Electric,Automatic,₹89 Lakh,new-delhi
Land Rover,Land Rover Range Rover Sport2.0 Petrol SE,2021,"38,000kms",Petrol,Automatic,₹78 Lakh,new-delhi
BMW,BMW X5xDrive 30d xLine,2021,"69,000kms",Diesel,Automatic,₹47.90 Lakh,new-delhi
BMW,BMW X5xDrive 30d xLine,2020,"57,000kms",Diesel,Automatic,₹43 Lakh,new-delhi
Honda,Honda AmazeS i-VTEC,2017,"50,000kms",Petrol,Manual,₹3.75 Lakh,new-delhi
BMW,BMW 6 SeriesGT 630i Luxury Line  -2021,2018,"15,000kms",Petrol,Automatic,₹34 Lakh,new-delhi
Land Rover,Land Rover Range Rover VelarR-Dynamic S Diesel,2022,"39,000kms",Diesel,Automatic,₹62.90 Lakh,new-delhi
Mercedes-Benz,Mercedes-Benz GLC200,2020,"31,000kms",Petrol,Automatic,₹37.90 Lakh,new-delhi
Volkswagen,Volkswagen Polo1.2 MPI Comfortline,2014,"61,000kms",Petrol,Manual,₹2.99 Lakh,new-delhi
BMW,BMW 3 Series Long Wheelbase320Ld M Sport GL,2023,"33,000kms",Diesel,Automatic,₹46.90 Lakh,new-delhi
Mercedes-Benz,Mercedes-Benz G-ClassG 63 AMG,2019,"42,000kms",Petrol,Automatic,₹2.20 Crore,new-delhi
Porsche,Porsche CayenneGTS,2022,"55,000kms",Petrol,Automatic,₹85 Lakh,new-delhi
Maruti,Maruti ErtigaBSIV VXI,2018,"70,000kms",Petrol,Manual,₹6.40 Lakh,new-delhi
BMW,BMW M4 CompetitionxDrive,2025,"7,500kms",Petrol,Automatic,₹1.45 Crore,new-delhi
Mini Cooper,2021Mini Cooper Countryman  -2021Cooper S,2018,"21,640kms",Petrol,Automatic,₹32 Lakh,new-delhi
BMW,BMW X5xDrive 40i M Sport,2023,"15,000kms",Petrol,Automatic,₹74 Lakh,new-delhi
Renault,Renault KWIDRXL,2018,"41,000kms",Petrol,Manual,₹2.75 Lakh,new-delhi
Porsche,Porsche Cayenne CoupeSTD,2024,"14,000kms",Petrol,Automatic,₹1.30 Crore,new-delhi
,Mini CountrymanCooper S,2021,"31,000kms",Petrol,Automatic,₹31 Lakh,new-delhi
Land Rover,2021Land Rover Range Rover Evoque2.0 R-Dynamic SE  -2021,2020,"35,000kms",Petrol,Automatic,₹48 Lakh,new-delhi
Honda,Honda AmazeS AT i-Vtech,2014,"86,000kms",Petrol,Automatic,₹2.95 Lakh,new-delhi
Land Rover,Land Rover Range Rover3.0 Diesel LWB Vogue BSIV,2019,"51,000kms",Diesel,Automatic,₹1.10 Crore,new-delhi
MG,MG Hector Plus1.5 Turbo Sharp Pro CVT BSVI,2023,"37,000kms",Petrol,Automatic,₹15.50 Lakh,new-delhi
Mahindra,Mahindra XUV700AX7 Diesel BSVI,2022,"75,000kms",Diesel,Manual,₹15.50 Lakh,new-delhi
Hyundai,Hyundai Grand i10Asta Option,2013,"69,000kms",Petrol,Manual,₹2.99 Lakh,new-delhi
Kia,Kia CarnivalPrestige,2021,"89,000kms",Diesel,Automatic,₹19 Lakh,new-delhi
Maruti,Maruti Baleno1.2 CVT Zeta,2017,"51,000kms",Petrol,Automatic,₹4.50 Lakh,new-delhi
Maruti,Maruti SwiftLXI BSVI,2021,"45,000kms",Petrol,Manual,₹5.25 Lakh,new-delhi
Honda,Honda BR-Vi-DTEC VX MT,2019,"72,000kms",Diesel,Manual,₹6.75 Lakh,new-delhi
Honda,Honda Jazz1.2 S i VTEC,2017,"58,000kms",Petrol,Manual,₹3.75 Lakh,new-delhi
Honda,Honda Amazei-VTEC Privilege Edition,2018,"78,000kms",Petrol,Manual,₹3.90 Lakh,new-delhi
MG,MG HectorSuper MT,2020,"39,412kms",Petrol,Manual,₹8.10 Lakh,new-delhi
Hyundai,Hyundai Verna1.6 VTVT AT SX,2016,"58,000kms",Petrol,Automatic,₹6.15 Lakh,new-delhi
Maruti,Maruti XL6Alpha,2019,"29,872kms",Petrol,Manual,₹7.19 Lakh,new-delhi
Kia,Kia SeltosHTK Plus G,2020,"53,000kms",Petrol,Manual,₹8.75 Lakh,new-delhi
Hyundai,Hyundai Creta1.6 VTVT S,2016,"65,000kms",Petrol,Manual,₹6.50 Lakh,new-delhi
Land Rover,Land Rover Range Rover Evoque2.0 R-Dynamic SE,2022,"13,200kms",Petrol,Automatic,₹49 Lakh,new-delhi
Renault,Renault KWIDRXL BSIV,2020,"48,000kms",Petrol,Manual,₹2.75 Lakh,new-delhi
Mahindra,Mahindra XUV700AX5 5Str AT,2024,"19,000kms",Petrol,Automatic,₹17.90 Lakh,new-delhi
Mercedes-Benz,Mercedes-Benz E-ClassExpression E 220 d BSIV,2018,"45,000kms",Diesel,Automatic,₹28.50 Lakh,new-delhi
Mercedes-Benz,Mercedes-Benz E-ClassExclusive E 200,2023,"40,000kms",Petrol,Automatic,₹55 Lakh,new-delhi
Mercedes-Benz,Mercedes-Benz A-Class LimousineA 200 BSVI,2023,"14,000kms",Petrol,Automatic,₹34 Lakh,new-delhi
Mercedes-Benz,Mercedes-Benz C-ClassC 200,2025,"1,900kms",Petrol,Automatic,₹52.50 Lakh,new-delhi
MG,MG AstorSharp CVT BSVI,2022,"42,251kms",Petrol,Automatic,₹10.45 Lakh,new-delhi
Mercedes-Benz,Mercedes-Benz CLA200 CGI Sport,2019,"29,684kms",Petrol,Automatic,₹25 Lakh,new-delhi
Volkswagen,Volkswagen VirtusTopline AT BSVI,2022,"30,500kms",Petrol,Automatic,₹12.90 Lakh,new-delhi
Maruti,Maruti Swift DzireVXI 1.2,2018,"49,715kms",Petrol,Manual,₹4.10 Lakh,new-delhi
Maruti,Maruti BalenoZeta Diesel,2019,"36,980kms",Diesel,Manual,₹5.36 Lakh,new-delhi
Mercedes-Benz,Mercedes-Benz C-ClassProgressive C 200,2020,"32,000kms",Petrol,Automatic,₹31 Lakh,new-delhi
Volkswagen,Volkswagen Ameo1.2 MPI Highline,2016,"51,000kms",Petrol,Manual,₹3.90 Lakh,new-delhi
Maruti,Maruti BalenoSigma BSVI,2022,"18,000kms",Petrol,Manual,₹5.60 Lakh,new-delhi
Maruti,Maruti Wagon RLXI CNG,2018,"40,000kms",CNG,Manual,₹3.75 Lakh,new-delhi
Volvo,Volvo XC90D5 Inscription BSIV,2017,"82,544kms",Diesel,Automatic,₹23 Lakh,new-delhi
Toyota,Toyota Innova Crysta2.4 ZX 7 STR AT,2022,"38,000kms",Diesel,Automatic,₹23.25 Lakh,new-delhi
Volkswagen,Volkswagen Tiguan2.0 TSI Elegance BSVI,2022,"45,000kms",Petrol,Automatic,₹23.95 Lakh,new-delhi
Mercedes-Benz,Mercedes-Benz GLE250d,2016,"40,000kms",Diesel,Automatic,₹25 Lakh,new-delhi
BMW,BMW X1sDrive20d xLine,2021,"32,000kms",Diesel,Automatic,₹28.50 Lakh,new-delhi
Kia,Kia CarnivalLimousine,2022,"60,000kms",Diesel,Automatic,₹26.95 Lakh,new-delhi
Mercedes-Benz,Mercedes-Benz GLE250d,2019,"62,000kms",Diesel,Automatic,₹28.75 Lakh,new-delhi
Mercedes-Benz,Mercedes-Benz GLE250d,2018,"70,000kms",Diesel,Automatic,₹27.50 Lakh,new-delhi
Hyundai,Hyundai i10Magna 1.1L,2014,"78,000kms",Petrol,Manual,₹1.90 Lakh,new-delhi
Volvo,Volvo S90D4 Inscription BSIV,2019,"47,000kms",Diesel,Automatic,₹25.75 Lakh,new-delhi
BMW,BMW 3 Series GTLuxury Line,2019,"39,000kms",Diesel,Automatic,₹22.90 Lakh,new-delhi
BMW,BMW X3xDrive 20d xLine,2019,"46,000kms",Diesel,Automatic,₹28.05 Lakh,new-delhi
Maruti,Maruti BalenoSigma,2021,"9,594kms",Petrol,Manual,₹5.35 Lakh,new-delhi
BMW,BMW X5xDrive 30d Design Pure Experience 5 Seater,2016,"85,000kms",Diesel,Automatic,₹25.90 Lakh,new-delhi
BMW,BMW X3xDrive20d Expedition,2017,"54,700kms",Diesel,Automatic,₹21 Lakh,new-delhi
Volvo,Volvo S90D4 Inscription BSIV,2019,"60,000kms",Diesel,Automatic,₹22.90 Lakh,new-delhi
Tata,Tata TiagoXT CNG BSVI,2022,"42,000kms",CNG,Manual,₹4.95 Lakh,new-delhi
Hyundai,Hyundai TucsonPlatinum AT BSVI,2022,"17,500kms",Petrol,Automatic,₹26.50 Lakh,new-delhi
BMW,BMW 3 Series GTM Sport Petrol,2019,"56,000kms",Petrol,Automatic,₹23.75 Lakh,new-delhi
Mercedes-Benz,Mercedes-Benz GLE250d,2016,"40,000kms",Diesel,Automatic,₹25 Lakh,new-delhi
Maruti,Maruti Swift DzireLXI BSVI,2023,"33,156kms",Petrol,Manual,₹5.45 Lakh,new-delhi
Toyota,Toyota Innova Crysta2.4 ZX 7 STR AT,2022,"38,000kms",Diesel,Automatic,₹23.25 Lakh,new-delhi
BMW,BMW 5 Series520d Luxury Line,2018,"70,000kms",Diesel,Automatic,₹22.95 Lakh,new-delhi
Mercedes-Benz,Mercedes-Benz GLE350d,2017,"1,29,000kms",Diesel,Automatic,₹21.50 Lakh,new-delhi
Maruti,Maruti Wagon RCNG LXI,2021,"46,000kms",CNG,Manual,₹4.55 Lakh,new-delhi
BMW,BMW 3 Series GTLuxury Line,2019,"39,000kms",Diesel,Automatic,₹22.90 Lakh,new-delhi
BMW,BMW X3xDrive 20d xLine,2019,"46,000kms",Diesel,Automatic,₹28.05 Lakh,new-delhi
BMW,BMW 5 Series520d Sport Line,2018,"90,000kms",Diesel,Automatic,₹23.90 Lakh,new-delhi
Mercedes-Benz,Mercedes-Benz GLE250d,2018,"91,000kms",Diesel,Automatic,₹28.90 Lakh,new-delhi
Toyota,Toyota Innova Crysta2.4 ZX 7 STR AT,2022,"72,000kms",Diesel,Automatic,₹23.25 Lakh,new-delhi
Ford,Ford EndeavourTitanium Plus 4X2,2019,"44,500kms",Diesel,Automatic,₹22.95 Lakh,new-delhi
Toyota,Toyota Innova Crysta2.4 ZX 7 STR AT,2021,"1,25,000kms",Diesel,Automatic,₹20.50 Lakh,new-delhi
Hyundai,Hyundai TucsonPlatinum AT BSVI,2022,"17,500kms",Petrol,Automatic,₹26.50 Lakh,new-delhi
Kia,Kia CarnivalLimousine,2022,"70,000kms",Diesel,Automatic,₹26.75 Lakh,new-delhi
Mercedes-Benz,Mercedes-Benz C-ClassPrime C 200,2021,"37,157kms",Petrol,Automatic,₹30 Lakh,new-delhi
Skoda,Skoda OctaviaLaurin and Klement,2022,"23,000kms",Petrol,Automatic,₹24.50 Lakh,new-delhi
Skoda,Skoda OctaviaLaurin and Klement,2022,"23,000kms",Petrol,Automatic,₹24.50 Lakh,new-delhi
Ford,Ford Endeavour3.2 Titanium AT 4X4,2019,"1,16,000kms",Diesel,Automatic,₹22 Lakh,new-delhi
Toyota,Toyota Fortuner2.7 2WD AT,2021,"39,000kms",Petrol,Automatic,₹30 Lakh,new-delhi
Toyota,Toyota Innova Crysta2.4 ZX 7 STR AT,2022,"72,000kms",Diesel,Automatic,₹23.25 Lakh,new-delhi
Ford,Ford EndeavourTitanium Plus 4X2,2019,"44,500kms",Diesel,Automatic,₹22.95 Lakh,new-delhi
Toyota,Toyota Innova Crysta2.4 ZX 7 STR AT,2021,"1,25,000kms",Diesel,Automatic,₹20.50 Lakh,new-delhi
Mercedes-Benz,Mercedes-Benz GLA Class220 d 4MATIC,2020,"34,000kms",Diesel,Automatic,₹21.25 Lakh,new-delhi
Mahindra,Mahindra XUV300W6 Diesel Sunroof BSVI,2022,"53,000kms",Diesel,Manual,₹7.29 Lakh,new-delhi
MG,MG AstorSavvy CVT BSVI,2022,"49,000kms",Petrol,Automatic,₹9.75 Lakh,new-delhi
Toyota,Toyota Innova Crysta2.7 GX AT BSIV,2017,"85,000kms",Petrol,Automatic,₹9.75 Lakh,new-delhi
MG,MG GlosterSavvy 4x4 6Str,2022,"55,000kms",Diesel,Automatic,₹27.50 Lakh,new-delhi
Mercedes-Benz,2019Mercedes-Benz AMG G 634MATIC  -2023,2018,"42,000kms",Petrol,Automatic,₹2.20 Crore,new-delhi
Hyundai,Hyundai CretaEX BSVI,2023,"9,500kms",Petrol,Manual,₹10.45 Lakh,new-delhi
Hyundai,Hyundai CretaSX Opt IVT BSVI,2021,"56,000kms",Petrol,Automatic,₹11.50 Lakh,new-delhi
MG,MG HectorSharp DCT,2020,"47,000kms",Petrol,Automatic,₹11.25 Lakh,new-delhi
MG,MG Hector1.5 Turbo Savvy Pro CVT BSVI,2023,"19,000kms",Petrol,Automatic,₹15.99 Lakh,new-delhi
Mercedes-Benz,2019 Mercedes-Benz AMG G 63 4MATIC  -2023,2018,"42,000 kms",Petrol,Automatic,₹2.20 Crore,new-delhi
Hyundai,Hyundai Creta EX BSVI,2023,"9,500 kms",Petrol,Manual,₹10.45 Lakh,new-delhi
Hyundai,Hyundai Creta SX Opt IVT BSVI,2021,"56,000 kms",Petrol,Automatic,₹11.50 Lakh,new-delhi
MG,MG Hector Sharp DCT,2020,"47,000 kms",Petrol,Automatic,₹11.25 Lakh,new-delhi
MG,MG Hector 1.5 Turbo Savvy Pro CVT BSVI,2023,"19,000 kms",Petrol,Automatic,₹15.99 Lakh,new-delhi
Tata,Tata Tiago XZ Plus CNG,2023,"34,587 kms",CNG,Manual,₹5.47 Lakh,new-delhi
Honda,Honda City i VTEC CVT VX,2016,"79,002 kms",Petrol,Automatic,₹5.65 Lakh,new-delhi
Ford,Ford Ecosport 1.0 Ecoboost Titanium,2015,"59,000 kms",Petrol,Manual,₹3.40 Lakh,new-delhi
Honda,Honda Amaze VX AT i-Vtech,2016,"52,000 kms",Petrol,Automatic,₹3.90 Lakh,new-delhi
Hyundai,Hyundai Grand i10 Nios Magna,2024,"18,000 kms",Petrol,Manual,₹5.75 Lakh,new-delhi
Ford,Ford Ecosport 1.5 Petrol Titanium Plus BSIV,2018,"65,000 kms",Petrol,Manual,₹5.25 Lakh,new-delhi
MG,MG Astor Super MT,2024,"10,500 kms",Petrol,Manual,₹9 Lakh,new-delhi
Maruti,Maruti Brezza VXi BSVI,2022,"52,000 kms",Petrol,Manual,₹7.90 Lakh,new-delhi
Tata,Tata Harrier XZ BSIV,2019,"85,000 kms",Diesel,Manual,₹8.75 Lakh,new-delhi
Maruti,Maruti Ertiga BSIV VXI,2017,"72,000 kms",Petrol,Manual,₹6.10 Lakh,new-delhi
Toyota,Toyota Camry 2.5 Hybrid,2024,"4,000 kms",Petrol,Automatic,₹40 Lakh,new-delhi
Audi,Audi A6 45 TFSI Premium Plus,2025,235 kms,Petrol,Automatic,₹49.50 Lakh,new-delhi
Mercedes-Benz,Mercedes-Benz E-Class E 200 CGI,2016,"1,00,000 kms",Petrol,Automatic,₹15.75 Lakh,new-delhi
Volkswagen,Volkswagen Vento 1.2 TSI Highline AT,2017,"1,11,000 kms",Petrol,Automatic,₹5.85 Lakh,new-delhi
Honda,Honda WR-V i-VTEC VX,2018,"50,000 kms",Petrol,Manual,₹5.45 Lakh,new-delhi
Toyota,Toyota Camry2.5 Hybrid,2024,"4,000kms",Petrol,Automatic,₹40 Lakh,new-delhi
Audi,Audi A645 TFSI Premium Plus,2025,235kms,Petrol,Automatic,₹49.50 Lakh,new-delhi
Mercedes-Benz,Mercedes-Benz E-ClassE 200 CGI,2016,"1,00,000kms",Petrol,Automatic,₹15.75 Lakh,new-delhi
Honda,Honda WR-Vi-VTEC VX,2018,"50,000kms",Petrol,Manual,₹5.45 Lakh,new-delhi
Ford,Ford Ecosport1.5 Ti VCT AT Titanium BSIV,2017,"49,000kms",Petrol,Automatic,₹4.65 Lakh,new-delhi
Honda,Honda WR-Vi-VTEC VX,2018,"54,000kms",Petrol,Manual,₹5.45 Lakh,new-delhi
Honda,Honda AmazeS Petrol BSIV,2018,"45,000kms",Petrol,Manual,₹4.70 Lakh,new-delhi
Volkswagen,Volkswagen Vento1.2 TSI Highline AT,2017,"1,11,000kms",Petrol,Automatic,₹5.85 Lakh,new-delhi
Kia,Kia SeltosGTX Plus,2020,"50,100kms",Petrol,Manual,₹8.75 Lakh,new-delhi
Hyundai,Hyundai VenueSX Turbo Executive,2019,"72,473kms",Diesel,Manual,₹7.46 Lakh,new-delhi
MG,MG HectorSharp EX CVT,2022,"25,000kms",Petrol,Automatic,₹13.25 Lakh,new-delhi
MG,MG HectorSharp CVT,2022,"15,000kms",Petrol,Automatic,₹12.50 Lakh,new-delhi
Toyota,Toyota Camry2.5 Hybrid,2017,"66,000kms",Petrol,Automatic,₹14.45 Lakh,new-delhi
Mercedes-Benz,Mercedes-Benz E-ClassE 200 CGI,2013,"33,000kms",Petrol,Manual,₹12 Lakh,new-delhi
Hyundai,Hyundai i10Sportz 1.1L,2016,"24,000kms",Petrol,Manual,₹2.70 Lakh,new-delhi
Maruti,Maruti SwiftVXI,2018,"55,775kms",Petrol,Manual,₹4.26 Lakh,new-delhi
Maruti,Maruti Baleno1.2 CVT Alpha,2019,"17,000kms",Petrol,Automatic,₹5.25 Lakh,new-delhi
Maruti,Maruti Baleno1.2 Delta,2017,"72,000kms",Petrol,Manual,₹4.25 Lakh,new-delhi
Maruti,Maruti Swift DzireLXI Optional-O,2016,"70,000kms",Petrol,Manual,₹3.50 Lakh,new-delhi
Hyundai,Hyundai Grand i10Sportz,2016,"66,000kms",Petrol,Manual,₹3.65 Lakh,new-delhi
Maruti,Maruti SwiftVXI,2018,"55,775kms",Petrol,Manual,₹4.26 Lakh,new-delhi
Maruti,Maruti Baleno1.2 CVT Alpha,2019,"17,000kms",Petrol,Automatic,₹5.25 Lakh,new-delhi
Maruti,Maruti Baleno1.2 Delta,2017,"72,000kms",Petrol,Manual,₹4.25 Lakh,new-delhi
Maruti,Maruti Swift DzireLXI Optional-O,2016,"70,000kms",Petrol,Manual,₹3.50 Lakh,new-delhi
Hyundai,Hyundai Grand i10Sportz,2016,"66,000kms",Petrol,Manual,₹3.65 Lakh,new-delhi
Honda,Honda Amaze 2nd GenS,2016,"41,476kms",Petrol,Manual,₹3.86 Lakh,new-delhi
Kia,Kia SeltosHTX G,2020,"57,921kms",Petrol,Manual,₹8 Lakh,new-delhi
Kia,Kia SeltosGTX Plus,2022,"1,00,017kms",Petrol,Manual,₹8.49 Lakh,new-delhi
Mahindra,Mahindra XUV700AX5 7 Str BSVI,2022,"59,885kms",Petrol,Manual,₹12.75 Lakh,new-delhi
Kia,Kia CarensPrestige Plus Diesel,2022,"13,918kms",Diesel,Manual,₹11.38 Lakh,new-delhi
Kia,Kia CarensPrestige Plus Diesel,2022,"17,321kms",Diesel,Manual,₹11.22 Lakh,new-delhi
Kia,Kia SeltosHTX IVT,2020,"65,590kms",Petrol,Automatic,₹10.69 Lakh,new-delhi
Toyota,Toyota CamryHybrid,2016,"81,182kms",Petrol,Automatic,₹11.87 Lakh,new-delhi
Volkswagen,Volkswagen Taigun1.0 Topline AT,2022,"77,350kms",Petrol,Automatic,₹11.04 Lakh,new-delhi
Maruti,Maruti SwiftVXI,2014,"90,315kms",Petrol,Manual,₹2.12 Lakh,new-delhi
Maruti,Maruti CelerioVXI,2014,"77,017kms",Petrol,Manual,₹2.10 Lakh,new-delhi
Renault,Renault KWIDClimber 1.0 MT,2018,"59,086kms",Petrol,Manual,₹2.54 Lakh,new-delhi
Hyundai,Hyundai Grand i10Sportz,2014,"33,354kms",Petrol,Manual,₹2.54 Lakh,new-delhi
Hyundai,Hyundai Grand i101.2 Kappa Magna BSIV,2018,"72,057kms",Petrol,Manual,₹2.98 Lakh,new-delhi
Maruti,Maruti Wagon RVXI BS IV,2017,"39,175kms",Petrol,Manual,₹2.55 Lakh,new-delhi
Maruti,Maruti Wagon RVXI BS IV,2017,"39,175kms",Petrol,Manual,₹2.55 Lakh,new-delhi
Maruti,Maruti SwiftLXI Optional-O,2016,"59,608kms",Petrol,Manual,₹2.94 Lakh,new-delhi
Hyundai,Hyundai Grand i10Asta,2014,"72,415kms",Petrol,Manual,₹2.59 Lakh,new-delhi
Hyundai,Hyundai i10Magna 1.1,2015,"37,915kms",Petrol,Manual,₹2.74 Lakh,new-delhi
Renault,Renault KWIDRXT,2018,"46,199kms",Petrol,Manual,₹2.10 Lakh,new-delhi
Maruti,Maruti Wagon RVXI BS IV,2018,"37,968kms",Petrol,Manual,₹2.80 Lakh,new-delhi
Hyundai,Hyundai Grand i101.2 Kappa Asta,2015,"99,833kms",Petrol,Manual,₹2.94 Lakh,new-delhi
Honda,Honda JazzV,2015,"51,766kms",Petrol,Manual,₹2.95 Lakh,new-delhi
Renault,Renault KWIDClimber 1.0 MT,2018,"59,086kms",Petrol,Manual,₹2.54 Lakh,new-delhi
Hyundai,Hyundai Grand i10Sportz,2014,"33,354kms",Petrol,Manual,₹2.54 Lakh,new-delhi
Hyundai,Hyundai Grand i101.2 Kappa Magna BSIV,2018,"72,057kms",Petrol,Manual,₹2.98 Lakh,new-delhi
Maruti,Maruti SwiftVXI,2014,"90,315kms",Petrol,Manual,₹2.12 Lakh,new-delhi
Tata,Tata Tiago1.2 Revotron XT,2016,"60,689kms",Petrol,Manual,₹2.43 Lakh,new-delhi
Maruti,Maruti CelerioVXI,2015,"85,920kms",Petrol,Manual,₹2.66 Lakh,new-delhi
Renault,Renault KWIDRXT,2016,"38,681kms",Petrol,Manual,₹2.28 Lakh,new-delhi
Hyundai,Hyundai i201.2 Magna Executive,2017,"49,733kms",Petrol,Manual,₹3.60 Lakh,new-delhi
Hyundai,Hyundai i201.2 Asta Dual Tone,2017,"53,717kms",Petrol,Manual,₹4.23 Lakh,new-delhi
Tata,Tata Tiago1.2 Revotron XZ,2017,"1,11,774kms",Petrol,Manual,₹3.14 Lakh,new-delhi
Maruti,Maruti Wagon RLXI CNG,2019,"47,654kms",CNG,Manual,₹4.03 Lakh,new-delhi
Hyundai,Hyundai CretaSX Opt Turbo BSVI,2021,"97,337kms",Petrol,Automatic,₹10.80 Lakh,new-delhi
Hyundai,Hyundai i201.2 Asta Dual Tone,2017,"53,717kms",Petrol,Manual,₹4.23 Lakh,new-delhi
Tata,Tata Tiago1.2 Revotron XZ,2017,"1,11,774kms",Petrol,Manual,₹3.14 Lakh,new-delhi
Maruti,Maruti Wagon RLXI CNG,2019,"47,654kms",CNG,Manual,₹4.03 Lakh,new-delhi
Hyundai,Hyundai i201.2 Magna Executive,2017,"49,733kms",Petrol,Manual,₹3.60 Lakh,new-delhi
Hyundai,Hyundai CretaSX Opt Turbo BSVI,2021,"97,337kms",Petrol,Automatic,₹10.80 Lakh,new-delhi
Hyundai,Hyundai Grand i101.2 Kappa Sportz BSIV,2022,"42,381kms",Petrol,Manual,₹5.03 Lakh,new-delhi
Maruti,Maruti BalenoZeta Diesel,2017,"55,896kms",Diesel,Manual,₹4.62 Lakh,new-delhi
Maruti,Maruti Swift DzireVXI 1.2,2018,"37,426kms",Petrol,Manual,₹3.95 Lakh,new-delhi
Tata,Tata TigorBuzz Petrol,2019,"43,277kms",Petrol,Manual,₹3.13 Lakh,new-delhi
Nissan,Nissan MagniteXL BSVI,2021,"33,742kms",Petrol,Manual,₹4.35 Lakh,new-delhi
Hyundai,Hyundai VenueSX Turbo iMT,2022,"78,722kms",Petrol,Manual,₹5.87 Lakh,new-delhi
Maruti,Maruti BalenoZeta Diesel,2018,"1,09,793kms",Diesel,Manual,₹4.63 Lakh,new-delhi
Maruti,Maruti BalenoDelta Diesel,2018,"50,489kms",Diesel,Manual,₹4 Lakh,new-delhi
Honda,Honda JazzV,2015,"1,11,870kms",Petrol,Manual,₹3.14 Lakh,new-delhi
Hyundai,Hyundai i20Petrol CVT Asta,2018,"57,716kms",Petrol,Automatic,₹5.63 Lakh,new-delhi
Hyundai,Hyundai Grand i10Sportz,2016,"51,058kms",Petrol,Manual,₹3.07 Lakh,new-delhi
Hyundai,Hyundai Grand i101.2 Kappa Sportz BSIV,2019,"60,829kms",Petrol,Manual,₹3.42 Lakh,new-delhi
Honda,Honda Cityi-VTEC V,2019,"70,565kms",Petrol,Manual,₹5.15 Lakh,new-delhi
Honda,Honda CityVX MT,2015,"68,002kms",Petrol,Manual,₹5.51 Lakh,new-delhi
Maruti,Maruti BalenoDelta Diesel,2021,"27,191kms",Diesel,Manual,₹5.46 Lakh,new-delhi
Hyundai,Hyundai Grand i101.2 Kappa Sportz BSIV,2022,"42,381kms",Petrol,Manual,₹5.03 Lakh,new-delhi
Maruti,Maruti BalenoZeta Diesel,2017,"55,896kms",Diesel,Manual,₹4.62 Lakh,new-delhi
Maruti,Maruti Swift DzireVXI 1.2,2018,"37,426kms",Petrol,Manual,₹3.95 Lakh,new-delhi
Tata,Tata TigorBuzz Petrol,2019,"43,277kms",Petrol,Manual,₹3.13 Lakh,new-delhi
Nissan,Nissan MagniteXL BSVI,2021,"33,742kms",Petrol,Manual,₹4.35 Lakh,new-delhi
Maruti,Maruti BalenoDelta Diesel,2018,"50,489kms",Diesel,Manual,₹4 Lakh,new-delhi
Honda,Honda JazzV,2015,"1,11,870kms",Petrol,Manual,₹3.14 Lakh,new-delhi
Hyundai,Hyundai Grand i10Sportz,2016,"51,058kms",Petrol,Manual,₹3.07 Lakh,new-delhi
Honda,Honda Cityi-VTEC V,2019,"70,565kms",Petrol,Manual,₹5.15 Lakh,new-delhi
Honda,Honda CityVX MT,2015,"68,002kms",Petrol,Manual,₹5.51 Lakh,new-delhi
Maruti,Maruti BalenoDelta Diesel,2021,"27,191kms",Diesel,Manual,₹5.46 Lakh,new-delhi
Kia,Kia SeltosHTX,2021,"16,456kms",Petrol,Manual,₹7.63 Lakh,new-delhi
Kia,Kia SeltosGTK,2019,"74,448kms",Petrol,Manual,₹6.97 Lakh,new-delhi
Kia,Kia SeltosHTK Plus iMT,2022,"68,988kms",Petrol,Manual,₹8.33 Lakh,new-delhi
Volkswagen,Volkswagen Taigun1.0 Highline,2022,"14,042kms",Petrol,Manual,₹9.98 Lakh,new-delhi
Hyundai,Hyundai i10Sportz 1.1L,2014,"43,089kms",Petrol,Manual,₹2.74 Lakh,new-delhi
Hyundai,Hyundai Grand i10Sportz,2015,"55,078kms",Petrol,Manual,₹2.70 Lakh,new-delhi
Hyundai,Hyundai Grand i10Magna,2015,"37,293kms",Petrol,Manual,₹2.59 Lakh,new-delhi
Hyundai,Hyundai Grand i10Sportz,2015,"71,943kms",Petrol,Manual,₹2.75 Lakh,new-delhi
Hyundai,Hyundai Grand i101.2 Kappa Asta,2014,"52,172kms",Petrol,Manual,₹3.15 Lakh,new-delhi
Hyundai,Hyundai i10Sportz 1.1L,2014,"43,089kms",Petrol,Manual,₹2.74 Lakh,new-delhi
Hyundai,Hyundai Grand i10Sportz,2015,"55,078kms",Petrol,Manual,₹2.70 Lakh,new-delhi
Hyundai,Hyundai Grand i10Magna,2015,"37,293kms",Petrol,Manual,₹2.59 Lakh,new-delhi
Hyundai,Hyundai Grand i10Sportz,2015,"71,943kms",Petrol,Manual,₹2.75 Lakh,new-delhi
Hyundai,Hyundai Grand i101.2 Kappa Asta,2014,"52,172kms",Petrol,Manual,₹3.15 Lakh,new-delhi
MG,MG Hector Plus1.5 Turbo Sharp Pro 7 Str BSVI,2021,"58,053kms",Petrol,Manual,₹11.22 Lakh,new-delhi
Skoda,Skoda Octavia1.8 TSI AT L K,2019,"86,569kms",Petrol,Automatic,₹11.50 Lakh,new-delhi
Mahindra,Mahindra XUV700AX7 AT Luxury Pack BSVI,2022,"62,985kms",Petrol,Automatic,₹17.03 Lakh,new-delhi
Tata,Tata CurvvAccomplished S Diesel,2025,"9,601kms",Diesel,Manual,₹15.57 Lakh,new-delhi
Maruti,Maruti Alto K10VXI,2017,"98,184kms",Petrol,Manual,₹2.64 Lakh,new-delhi
Maruti,Maruti CiazSigma BSIV,2018,"45,657kms",Petrol,Manual,₹4.26 Lakh,new-delhi
Maruti,Maruti Baleno1.2 Delta,2018,"61,767kms",Petrol,Manual,₹3.75 Lakh,new-delhi
Toyota,Toyota Corolla AltisPetrol LE,2017,"90,221kms",Petrol,Manual,₹8.98 Lakh,new-delhi
Renault,Renault KWID1.0 RXT AMT Opt,2018,"46,802kms",Petrol,Automatic,₹2.75 Lakh,new-delhi
Maruti,Maruti Alto K10VXI,2017,"21,441kms",Petrol,Manual,₹2.96 Lakh,new-delhi
Hyundai,Hyundai i20Sportz 1.2,2016,"63,634kms",Petrol,Manual,₹3.68 Lakh,new-delhi
Hyundai,Hyundai i20Asta 1.2,2015,"78,784kms",Petrol,Manual,₹3.68 Lakh,new-delhi
Maruti,Maruti Alto K10VXI,2015,"63,000kms",Petrol,Manual,₹2.45 Lakh,new-delhi
Maruti,Maruti BalenoDelta Diesel,2022,"32,098kms",Diesel,Manual,₹5.80 Lakh,new-delhi
Maruti,Maruti Alto K10VXI,2017,"59,099kms",Petrol,Manual,₹2.70 Lakh,new-delhi
Hyundai,Hyundai i20Sportz 1.2,2016,"63,634kms",Petrol,Manual,₹3.68 Lakh,new-delhi
Hyundai,Hyundai i20Asta 1.2,2015,"78,784kms",Petrol,Manual,₹3.68 Lakh,new-delhi
Maruti,Maruti Alto K10VXI,2015,"63,000kms",Petrol,Manual,₹2.45 Lakh,new-delhi
Maruti,Maruti BalenoDelta Diesel,2022,"32,098kms",Diesel,Manual,₹5.80 Lakh,new-delhi
Maruti,Maruti Alto K10VXI,2017,"59,099kms",Petrol,Manual,₹2.70 Lakh,new-delhi
Maruti,Maruti Wagon RZXI 1.2,2019,"61,108kms",Petrol,Manual,₹3.94 Lakh,new-delhi
Ford,Ford Ecosport1.5 Petrol Trend,2020,"50,622kms",Petrol,Manual,₹5.28 Lakh,new-delhi
Hyundai,Hyundai Creta1.6 SX Option,2018,"53,082kms",Petrol,Manual,₹7.60 Lakh,new-delhi
Hyundai,Hyundai Grand i101.2 Kappa Sportz BSIV,2016,"89,923kms",Petrol,Manual,₹3.02 Lakh,new-delhi
MG,MG HectorSharp DCT,2019,"55,723kms",Petrol,Automatic,₹8.60 Lakh,new-delhi
Toyota,Toyota Corolla AltisVL AT,2015,"64,020kms",Petrol,Automatic,₹5.70 Lakh,new-delhi
Hyundai,Hyundai i201.2 Asta Option,2016,"68,281kms",Petrol,Manual,₹4.71 Lakh,new-delhi
Hyundai,Hyundai Grand i101.2 Kappa Sportz BSIV,2015,"87,538kms",Petrol,Manual,₹3.18 Lakh,new-delhi
Maruti,Maruti CiazVXi Plus,2016,"65,720kms",Petrol,Manual,₹3.56 Lakh,new-delhi
Tata,Tata TiagoXZ Plus,2019,"77,161kms",Petrol,Manual,₹3.21 Lakh,new-delhi
Hyundai,Hyundai Grand i101.2 Kappa Asta,2015,"57,411kms",Petrol,Manual,₹3.91 Lakh,new-delhi
Maruti,Maruti SwiftVXI,2015,"78,196kms",Petrol,Manual,₹3.02 Lakh,new-delhi
Maruti,Maruti CelerioVXI,2016,"60,443kms",Petrol,Manual,₹3.02 Lakh,new-delhi
Hyundai,Hyundai Grand i101.2 Kappa Sportz BSIV,2018,"27,977kms",Petrol,Manual,₹3.83 Lakh,new-delhi
Honda,Honda AmazeS i-VTEC,2015,"61,637kms",Petrol,Manual,₹3.21 Lakh,new-delhi
Maruti,Maruti SwiftVXI,2023,"21,119kms",Petrol,Manual,₹5.68 Lakh,new-delhi
Maruti,Maruti Wagon RCNG LXI,2018,"47,613kms",CNG,Manual,₹3.70 Lakh,new-delhi
Maruti,Maruti Wagon RVXI 1.2,2019,"67,127kms",Petrol,Manual,₹3.54 Lakh,new-delhi
MG,MG HectorSharp DCT,2019,"55,723kms",Petrol,Automatic,₹8.60 Lakh,new-delhi
Honda,Honda Cityi VTEC V,2015,"64,792kms",Petrol,Manual,₹3.68 Lakh,new-delhi
Hyundai,Hyundai Grand i101.2 Kappa Sportz BSIV,2016,"86,186kms",Petrol,Manual,₹3.30 Lakh,new-delhi
Kia,Kia SeltosHTX,2022,"42,375kms",Petrol,Manual,₹11.48 Lakh,new-delhi
MG,MG Hector PlusSharp DCT,2020,"55,406kms",Petrol,Automatic,₹10.46 Lakh,new-delhi
Hyundai,Hyundai i20 Active1.2 S,2016,"73,976kms",Petrol,Manual,₹3.30 Lakh,new-delhi
Toyota,Toyota Corolla AltisVL AT,2015,"64,020kms",Petrol,Automatic,₹5.70 Lakh,new-delhi
Hyundai,Hyundai i201.2 Asta Option,2016,"68,281kms",Petrol,Manual,₹4.71 Lakh,new-delhi
Hyundai,Hyundai Grand i101.2 Kappa Sportz BSIV,2015,"87,538kms",Petrol,Manual,₹3.18 Lakh,new-delhi
Maruti,Maruti CiazVXi Plus,2016,"65,720kms",Petrol,Manual,₹3.56 Lakh,new-delhi
Tata,Tata TiagoXZ Plus,2019,"77,161kms",Petrol,Manual,₹3.21 Lakh,new-delhi
Hyundai,Hyundai Grand i101.2 Kappa Asta,2015,"57,411kms",Petrol,Manual,₹3.91 Lakh,new-delhi
Maruti,Maruti SwiftVXI,2015,"78,196kms",Petrol,Manual,₹3.02 Lakh,new-delhi
Maruti,Maruti CelerioVXI,2016,"60,443kms",Petrol,Manual,₹3.02 Lakh,new-delhi
Hyundai,Hyundai Grand i101.2 Kappa Sportz BSIV,2018,"27,977kms",Petrol,Manual,₹3.83 Lakh,new-delhi
Honda,Honda AmazeS i-VTEC,2015,"61,637kms",Petrol,Manual,₹3.21 Lakh,new-delhi
Ford,Ford Aspire1.2 Ti-VCT Titanium,2016,"48,180kms",Petrol,Manual,₹3.07 Lakh,new-delhi
Hyundai,Hyundai i201.2 Asta Option,2016,"68,281kms",Petrol,Manual,₹4.71 Lakh,new-delhi
Hyundai,Hyundai Grand i101.2 Kappa Sportz BSIV,2015,"87,538kms",Petrol,Manual,₹3.18 Lakh,new-delhi
Tata,Tata TiagoXZ Plus,2019,"77,161kms",Petrol,Manual,₹3.21 Lakh,new-delhi
Maruti,Maruti SwiftVXI,2023,"21,119kms",Petrol,Manual,₹5.68 Lakh,new-delhi
Maruti,Maruti Wagon RCNG LXI,2018,"47,613kms",CNG,Manual,₹3.70 Lakh,new-delhi
Maruti,Maruti Wagon RVXI 1.2,2019,"67,127kms",Petrol,Manual,₹3.54 Lakh,new-delhi
MG,MG HectorSharp DCT,2019,"55,723kms",Petrol,Automatic,₹8.60 Lakh,new-delhi
Hyundai,Hyundai Grand i101.2 Kappa Asta,2015,"57,411kms",Petrol,Manual,₹3.91 Lakh,new-delhi
Maruti,Maruti SwiftVXI,2015,"78,196kms",Petrol,Manual,₹3.02 Lakh,new-delhi
Maruti,Maruti CelerioVXI,2016,"60,443kms",Petrol,Manual,₹3.02 Lakh,new-delhi
Hyundai,Hyundai i20Sportz Plus BSIV,2019,"27,376kms",Petrol,Manual,₹4.23 Lakh,new-delhi
Honda,Honda Cityi VTEC VX Option,2016,"44,435kms",Petrol,Manual,₹4.30 Lakh,new-delhi
Honda,Honda Cityi VTEC V,2015,"64,792kms",Petrol,Manual,₹3.68 Lakh,new-delhi
Maruti,Maruti Swift DzireVXI,2014,"49,364kms",Petrol,Manual,₹2.45 Lakh,new-delhi
Honda,Honda AmazeS i-VTEC,2015,"81,491kms",Petrol,Manual,₹2.76 Lakh,new-delhi
Tata,Tata Tiago1.2 Revotron XZ,2017,"68,432kms",Petrol,Manual,₹2.68 Lakh,new-delhi
Maruti,Maruti Wagon RLXI BS IV,2016,"62,792kms",Petrol,Manual,₹2.39 Lakh,new-delhi
Honda,Honda AmazeS i-Vtech,2014,"73,012kms",Petrol,Manual,₹2.26 Lakh,new-delhi
Maruti,Maruti Alto K10VXI,2016,"32,205kms",Petrol,Manual,₹2.40 Lakh,new-delhi
Maruti,Maruti Swift DzireVXI,2014,"72,997kms",Petrol,Manual,₹2.24 Lakh,new-delhi
Renault,Renault KWIDRXT,2016,"38,681kms",Petrol,Manual,₹2.28 Lakh,new-delhi
Tata,Tata Tiago1.2 Revotron XT,2016,"60,689kms",Petrol,Manual,₹2.43 Lakh,new-delhi
Maruti,Maruti Wagon RLXI BS IV,2014,"60,043kms",Petrol,Manual,₹2.01 Lakh,new-delhi
Hyundai,Hyundai VernaVTVT 1.6 SX,2018,"78,038kms",Petrol,Manual,₹5.50 Lakh,new-delhi
Hyundai,Hyundai Grand i10Magna,2015,"37,293kms",Petrol,Manual,₹2.59 Lakh,new-delhi
Hyundai,Hyundai CretaE Diesel BSVI,2020,"88,094kms",Diesel,Manual,₹7.40 Lakh,new-delhi
Honda,Honda AmazeS i-Vtech,2014,"70,399kms",Petrol,Manual,₹2.21 Lakh,new-delhi
Maruti,Maruti Swift DzireVXI,2014,"49,364kms",Petrol,Manual,₹2.45 Lakh,new-delhi
Maruti,Maruti Wagon RAMT VXI,2018,"22,259kms",Petrol,Automatic,₹2.58 Lakh,new-delhi
Honda,Honda AmazeS i-VTEC,2015,"81,491kms",Petrol,Manual,₹2.76 Lakh,new-delhi
Honda,Honda AmazeS i-VTEC,2014,"39,753kms",Petrol,Manual,₹3 Lakh,new-delhi
Maruti,Maruti Wagon RVXI BS IV,2017,"39,175kms",Petrol,Manual,₹2.55 Lakh,new-delhi
Maruti,Maruti SwiftLXI Optional-O,2016,"59,608kms",Petrol,Manual,₹2.94 Lakh,new-delhi
Tata,Tata Tiago1.2 Revotron XZ,2017,"68,432kms",Petrol,Manual,₹2.68 Lakh,new-delhi
Hyundai,Hyundai Xcent1.2 Kappa S Option,2014,"97,811kms",Petrol,Manual,₹2.26 Lakh,new-delhi
Honda,Honda AmazeS i-Vtech,2014,"55,014kms",Petrol,Manual,₹2.32 Lakh,new-delhi
Hyundai,Hyundai i10Magna 1.1,2015,"37,915kms",Petrol,Manual,₹2.74 Lakh,new-delhi
Renault,Renault KWID1.0 AMT RXT,2018,"63,404kms",Petrol,Automatic,₹2.60 Lakh,new-delhi
Honda,Honda AmazeS i-Vtech,2015,"74,730kms",Petrol,Manual,₹2.59 Lakh,new-delhi
Honda,Honda AmazeS i-Vtech,2014,"35,055kms",Petrol,Manual,₹2.52 Lakh,new-delhi
Honda,Honda AmazeS i-Vtech,2014,"70,399kms",Petrol,Manual,₹2.21 Lakh,new-delhi
Maruti,Maruti Swift DzireVXI,2014,"49,364kms",Petrol,Manual,₹2.45 Lakh,new-delhi
Maruti,Maruti Wagon RAMT VXI,2018,"22,259kms",Petrol,Automatic,₹2.58 Lakh,new-delhi
Honda,Honda AmazeS i-VTEC,2015,"81,491kms",Petrol,Manual,₹2.76 Lakh,new-delhi
Honda,Honda AmazeS i-VTEC,2014,"39,753kms",Petrol,Manual,₹3 Lakh,new-delhi
Tata,Tata Tiago1.2 Revotron XZ,2017,"68,432kms",Petrol,Manual,₹2.68 Lakh,new-delhi
Hyundai,Hyundai Xcent1.2 Kappa S Option,2014,"97,811kms",Petrol,Manual,₹2.26 Lakh,new-delhi
Honda,Honda AmazeS i-Vtech,2014,"55,014kms",Petrol,Manual,₹2.32 Lakh,new-delhi
Hyundai,Hyundai i10Magna 1.1,2015,"37,915kms",Petrol,Manual,₹2.74 Lakh,new-delhi
Honda,Honda AmazeS i-Vtech,2014,"35,055kms",Petrol,Manual,₹2.52 Lakh,new-delhi
Honda,Honda AmazeS i-Vtech,2015,"74,628kms",Petrol,Manual,₹2.25 Lakh,new-delhi
Hyundai,Hyundai Grand i101.2 Kappa Asta,2015,"1,00,153kms",Petrol,Manual,₹3.15 Lakh,new-delhi
Maruti,Maruti Swift DzireVXI,2014,"54,963kms",Petrol,Manual,₹2.53 Lakh,new-delhi
Maruti,Maruti Alto K10VXI,2015,"63,000kms",Petrol,Manual,₹2.45 Lakh,new-delhi
Mahindra,Mahindra XUV700AX3 BSVI,2021,"15,831kms",Petrol,Manual,₹11.06 Lakh,new-delhi
Skoda,Skoda Slavia1.0 TSI Ambition AT,2022,"35,345kms",Petrol,Automatic,₹10.73 Lakh,new-delhi
Maruti,Maruti Alto K10VXI,2017,"21,441kms",Petrol,Manual,₹2.96 Lakh,new-delhi
Kia,Kia CarensPrestige Plus Diesel,2022,"13,918kms",Diesel,Manual,₹11.38 Lakh,new-delhi
Volkswagen,Volkswagen VirtusHighline AT,2022,"18,628kms",Petrol,Automatic,₹11 Lakh,new-delhi
Mahindra,Mahindra TharLX Hard Top Diesel AT,2022,"35,536kms",Diesel,Automatic,₹13.63 Lakh,new-delhi
Skoda,Skoda Slavia1.0 TSI Ambition AT,2022,"35,345kms",Petrol,Automatic,₹10.73 Lakh,new-delhi
Maruti,Maruti Alto K10VXI,2017,"21,441kms",Petrol,Manual,₹2.96 Lakh,new-delhi
Mahindra,Mahindra TharLX Hard Top Diesel AT,2022,"35,536kms",Diesel,Automatic,₹13.63 Lakh,new-delhi
Kia,Kia CarensPrestige Plus Diesel,2022,"13,918kms",Diesel,Manual,₹11.38 Lakh,new-delhi
Volkswagen,Volkswagen VirtusHighline AT,2022,"18,628kms",Petrol,Automatic,₹11 Lakh,new-delhi
Hyundai,Hyundai VernaVTVT 1.6 SX,2018,"52,177kms",Petrol,Manual,₹5.42 Lakh,new-delhi
Maruti,Maruti Wagon RLXI BS IV,2015,"25,712kms",Petrol,Manual,₹2.08 Lakh,new-delhi
Honda,Honda AmazeV CVT,2019,"56,011kms",Petrol,Automatic,₹5.22 Lakh,new-delhi
Hyundai,Hyundai i20Asta 1.2,2023,"39,126kms",Petrol,Manual,₹7.26 Lakh,new-delhi
Hyundai,Hyundai VenueSX Turbo,2021,"57,535kms",Petrol,Manual,₹6.66 Lakh,new-delhi
Mahindra,Mahindra KUV 100 NXTG80 K4 Plus 6Str,2016,"41,693kms",Petrol,Manual,₹2.66 Lakh,new-delhi
Renault,Renault KWIDRXT,2016,"1,06,617kms",Petrol,Manual,₹2.04 Lakh,new-delhi
Maruti,Maruti Alto 800LXi,2012,"68,773kms",Petrol,Manual,₹1.67 Lakh,new-delhi
Kia,Kia SonetHTX Diesel Anniversary Edition,2022,"17,161kms",Diesel,Manual,₹7.37 Lakh,new-delhi
Jeep,Jeep Compass1.4 Limited,2017,"72,808kms",Petrol,Automatic,₹6.39 Lakh,new-delhi
Maruti,Maruti XL6Alpha,2022,"48,651kms",Petrol,Manual,₹9.14 Lakh,new-delhi
Maruti,Maruti BalenoAlpha Diesel,2021,"49,544kms",Diesel,Manual,₹6.32 Lakh,new-delhi
Kia,Kia SeltosGTX Plus,2022,"57,345kms",Petrol,Manual,₹9.42 Lakh,new-delhi
Hyundai,Hyundai Xcent1.2 Kappa S,2014,"42,216kms",Petrol,Manual,₹2.23 Lakh,new-delhi
Maruti,Maruti SwiftVXI,2020,"94,422kms",Petrol,Manual,₹3.93 Lakh,new-delhi
Maruti,Maruti XL6Alpha,2022,"48,651kms",Petrol,Manual,₹9.14 Lakh,new-delhi
Maruti,Maruti BalenoAlpha Diesel,2021,"49,544kms",Diesel,Manual,₹6.32 Lakh,new-delhi
Kia,Kia SeltosGTX Plus,2022,"57,345kms",Petrol,Manual,₹9.42 Lakh,new-delhi
Hyundai,Hyundai Xcent1.2 Kappa S,2014,"42,216kms",Petrol,Manual,₹2.23 Lakh,new-delhi
Maruti,Maruti SwiftVXI,2020,"94,422kms",Petrol,Manual,₹3.93 Lakh,new-delhi
Tata,Tata TiagoXT CNG BSVI,2022,"37,650kms",CNG,Manual,₹4.63 Lakh,new-delhi
Tata,Tata AltrozXZ Diesel BSVI,2020,"14,556kms",Diesel,Manual,₹4.83 Lakh,new-delhi
Maruti,Maruti Baleno1.2 Delta,2017,"54,837kms",Petrol,Manual,₹3.68 Lakh,new-delhi
Hyundai,Hyundai Grand i101.2 Kappa Sportz BSIV,2019,"64,056kms",Petrol,Manual,₹3.26 Lakh,new-delhi
Maruti,Maruti Wagon RLXI,2019,"15,601kms",Petrol,Manual,₹3.93 Lakh,new-delhi
Maruti,Maruti Wagon RZXI AMT 1.2,2020,"48,779kms",Petrol,Automatic,₹3.92 Lakh,new-delhi
Maruti,Maruti SwiftVXI,2021,"77,819kms",Petrol,Manual,₹4.11 Lakh,new-delhi
Maruti,Maruti SwiftVDI BSIV,2016,"69,519kms",Diesel,Manual,₹3.36 Lakh,new-delhi
Nissan,Nissan MicraXV CVT,2016,"65,636kms",Petrol,Automatic,₹3.31 Lakh,new-delhi
Volkswagen,Volkswagen Vento1.2 TSI Highline BSIV,2016,"78,782kms",Petrol,Automatic,₹4.28 Lakh,new-delhi
Ford,Ford Aspire1.5 Ti-VCT Titanium,2018,"35,918kms",Petrol,Automatic,₹4.12 Lakh,new-delhi
Ford,Ford Ecosport1.5 Petrol Titanium Plus AT BSIV,2018,"58,642kms",Petrol,Automatic,₹5.47 Lakh,new-delhi
Maruti,Maruti Ciaz1.4 AT Alpha,2018,"25,927kms",Petrol,Automatic,₹5.98 Lakh,new-delhi
Maruti,Maruti DzireVXI,2022,"18,252kms",Petrol,Manual,₹5.67 Lakh,new-delhi
Hyundai,Hyundai i10Magna 1.1L,2014,"38,066kms",Petrol,Manual,₹1.80 Lakh,new-delhi
Tata,Tata TiagoXT CNG BSVI,2022,"37,650kms",CNG,Manual,₹4.63 Lakh,new-delhi
Tata,Tata AltrozXZ Diesel BSVI,2020,"14,556kms",Diesel,Manual,₹4.83 Lakh,new-delhi
Maruti,Maruti Ciaz1.4 AT Alpha,2018,"25,927kms",Petrol,Automatic,₹5.98 Lakh,new-delhi
Ford,Ford Ecosport1.5 Petrol Titanium Plus AT BSIV,2018,"58,642kms",Petrol,Automatic,₹5.47 Lakh,new-delhi
Toyota,Toyota Etios Cross1.2L G,2015,"72,936kms",Petrol,Manual,₹2.91 Lakh,new-delhi
Hyundai,Hyundai Xcent1.2 Kappa S,2015,"40,327kms",Petrol,Manual,₹2.46 Lakh,new-delhi
Maruti,Maruti Alto K10VXI,2016,"32,205kms",Petrol,Manual,₹2.40 Lakh,new-delhi
Hyundai,Hyundai Grand i10Sportz Petrol BSIV,2015,"90,749kms",Petrol,Manual,₹2.67 Lakh,new-delhi
Maruti,Maruti Alto 800LXi,2015,"84,420kms",Petrol,Manual,₹2.01 Lakh,new-delhi
Honda,Honda AmazeS i-Vtech,2015,"68,267kms",Petrol,Manual,₹2.21 Lakh,new-delhi
Honda,Honda AmazeS i-Vtech,2014,"41,297kms",Petrol,Manual,₹2.37 Lakh,new-delhi
Maruti,Maruti Wagon RCNG LXI,2014,"80,321kms",CNG,Manual,₹2.44 Lakh,new-delhi
Hyundai,Hyundai Grand i10Sportz,2015,"87,337kms",Petrol,Manual,₹2.60 Lakh,new-delhi
Maruti,Maruti Alto K10VXI AMT,2016,"41,465kms",Petrol,Automatic,₹2.65 Lakh,new-delhi
Hyundai,Hyundai i10Magna 1.1L,2014,"38,066kms",Petrol,Manual,₹1.80 Lakh,new-delhi
Hyundai,Hyundai Grand i101.2 Kappa Asta,2014,"81,839kms",Petrol,Manual,₹2.93 Lakh,new-delhi
Honda,Honda AmazeS i-Vtech,2016,"67,123kms",Petrol,Manual,₹2.72 Lakh,new-delhi
Hyundai,Hyundai Grand i10Asta,2014,"62,932kms",Petrol,Manual,₹2.52 Lakh,new-delhi
Maruti,Maruti Eeco5 Seater AC CNG,2024,"29,000kms",CNG,Manual,₹5.60 Lakh,new-delhi
BMW,BMW Z4sDrive 35i,2015,"35,000kms",Petrol,Automatic,₹39.90 Lakh,new-delhi
Honda,Honda AmazeS i-Vtech,2016,"67,123kms",Petrol,Manual,₹2.72 Lakh,new-delhi
Hyundai,Hyundai Grand i10Asta,2014,"62,932kms",Petrol,Manual,₹2.52 Lakh,new-delhi
Hyundai,Hyundai Grand i10Sportz Petrol BSIV,2015,"90,749kms",Petrol,Manual,₹2.67 Lakh,new-delhi
Toyota,Toyota PriusZ8,2017,"72,000kms",Petrol,Automatic,₹16.99 Lakh,new-delhi
Maruti,2021Maruti Eeco7 Seater STD  -2022,2020,"35,000kms",Petrol,Manual,₹4.35 Lakh,new-delhi
Mini Cooper,Mini Cooper ConvertibleS,2017,"35,000kms",Petrol,Automatic,₹29.50 Lakh,new-delhi
Chevrolet,Chevrolet Aveo U-VA1.2 LT,2008,"63,750kms",Petrol,Manual,"₹75,000",new-delhi
Volvo,Volvo V90 Cross CountryD5 Inscription,2018,"1,10,000kms",Diesel,Automatic,₹19.85 Lakh,new-delhi
Mini Cooper,Mini Cooper ConvertibleS,2021,"19,000kms",Petrol,Automatic,₹45 Lakh,new-delhi
Mercedes-Benz,Mercedes-Benz SLCAMG 43 Red Art,2018,"21,000kms",Petrol,Automatic,₹57.75 Lakh,new-delhi
Audi,Audi A3 cabriolet1.4 TFSI,2019,"16,000kms",Petrol,Automatic,₹46 Lakh,new-delhi
Isuzu,Isuzu D-MaxHigh,2018,"1,14,000kms",Diesel,Manual,₹12.90 Lakh,new-delhi
Porsche,Porsche 718Boxster GTS,2019,"45,000kms",Petrol,Manual,₹85.25 Lakh,new-delhi
Porsche,Porsche Panamera4,2020,"20,000kms",Petrol,Automatic,₹94 Lakh,new-delhi
Maruti,Maruti EecoCNG 5 Seater AC BSIV,2019,"35,265kms",CNG,Manual,₹3.40 Lakh,new-delhi
Maruti,Maruti EecoFlexi Green,2016,"1,20,000kms",CNG,Manual,₹1.90 Lakh,new-delhi
Maruti,Maruti EecoCNG 5 Seater AC,2022,"52,000kms",CNG,Manual,₹5 Lakh,new-delhi
Maruti,Maruti Eeco5 STR With AC Plus HTR CNG,2011,"50,000kms",CNG,Manual,₹1.50 Lakh,new-delhi
Mercedes-Benz,Mercedes-Benz SLCAMG 43 Red Art,2018,"21,000kms",Petrol,Automatic,₹57.75 Lakh,new-delhi
Maruti,Maruti Eeco7 Seater Standard BSIV,2012,"72,000kms",Petrol,Manual,₹1.40 Lakh,new-delhi
Maruti,Maruti EecoFlexi Green,2016,"1,20,000kms",CNG,Manual,₹1.90 Lakh,new-delhi
Maruti,Maruti EecoCNG 5 Seater AC,2022,"52,000kms",CNG,Manual,₹5 Lakh,new-delhi
Maruti,Maruti Eeco5 STR With AC Plus HTR CNG,2011,"50,000kms",CNG,Manual,₹1.50 Lakh,new-delhi
Mercedes-Benz,Mercedes-Benz SLCAMG 43 Red Art,2018,"21,000kms",Petrol,Automatic,₹57.75 Lakh,new-delhi
Maruti,Maruti Eeco7 Seater Standard BSIV,2012,"72,000kms",Petrol,Manual,₹1.40 Lakh,new-delhi
Maruti,Maruti EecoCNG 5 Seater AC,2020,"71,000kms",CNG,Manual,₹4.10 Lakh,new-delhi
Mini Cooper,Mini Cooper ConvertibleS,2018,"33,000kms",Petrol,Automatic,₹35 Lakh,new-delhi
BMW,BMW Z4M40i,2025,"5,000kms",Petrol,Automatic,₹98 Lakh,new-delhi
Honda,Honda New AccordHybrid,2017,"1,00,000kms",Petrol,Automatic,₹16.75 Lakh,new-delhi
BMW,BMW 3 Series320i Touring,2012,"1,01,000kms",Petrol,Automatic,₹6.67 Lakh,new-delhi
Porsche,Porsche BoxsterS,2015,"40,000kms",Petrol,Manual,₹62 Lakh,new-delhi
Toyota,Toyota HiluxHigh AT,2024,"10,000kms",Diesel,Automatic,₹31 Lakh,new-delhi
Mini Cooper,Mini Cooper ConvertibleS,2017,"34,500kms",Petrol,Automatic,₹29.50 Lakh,new-delhi
Isuzu,Isuzu D-Max4X4,2018,"1,14,500kms",Diesel,Manual,₹11.99 Lakh,new-delhi
Maruti,Maruti EecoCNG 5 Seater AC BSIV,2017,"1,60,000kms",CNG,Manual,₹3.50 Lakh,new-delhi
Mercedes-Benz,Mercedes-Benz AMG E 53 Cabriolet4MATIC Plus,2024,"4,500kms",Petrol,Automatic,₹68 Lakh,new-delhi
Maruti,Maruti Eeco7 Seater STD  -2022,2020,"1,50,000kms",Petrol,Manual,₹3.50 Lakh,new-delhi
Maruti,Maruti Eeco7 Seater Standard BSIV,2019,"1,32,000kms",Petrol,Manual,₹3.60 Lakh,new-delhi
Maruti,Maruti EecoCNG 5 Seater AC BSIV,2017,"95,000kms",CNG,Manual,₹3.10 Lakh,new-delhi
Maruti,Maruti Eeco5 Seater Standard BSIV,2016,"72,301kms",Petrol,Manual,₹3.25 Lakh,new-delhi
Mercedes-Benz,Mercedes-Benz AMG E 53 Cabriolet4MATIC Plus,2024,"4,500kms",Petrol,Automatic,₹68 Lakh,new-delhi
Maruti,Maruti Eeco7 Seater STD  -2022,2020,"1,50,000kms",Petrol,Manual,₹3.50 Lakh,new-delhi
Maruti,Maruti Eeco7 Seater Standard BSIV,2019,"1,32,000kms",Petrol,Manual,₹3.60 Lakh,new-delhi
Maruti,Maruti EecoCNG 5 Seater AC BSIV,2017,"95,000kms",CNG,Manual,₹3.10 Lakh,new-delhi
Maruti,Maruti Eeco5 Seater Standard BSIV,2016,"72,301kms",Petrol,Manual,₹3.25 Lakh,new-delhi
Mercedes-Benz,Mercedes-Benz C-ClassC300 Cabriolet,2019,"23,000kms",Petrol,Automatic,₹59.75 Lakh,new-delhi
Mercedes-Benz,Mercedes-Benz SLCAMG 43 Red Art,2018,"21,000kms",Petrol,Automatic,₹57.75 Lakh,new-delhi
Porsche,Porsche TaycanTurbo  -2024,2022,"7,700kms",Electric,Automatic,₹1.65 Crore,new-delhi
Maruti,Maruti EecoCNG 5 Seater AC BSIV,2017,"1,60,000kms",CNG,Manual,₹2.50 Lakh,new-delhi
MG,MG CybersterGT,2025,"10,000kms",Electric,Automatic,₹72 Lakh,new-delhi
Maruti,Maruti EecoFlexi Green,2017,"52,000kms",CNG,Manual,₹2.75 Lakh,new-delhi
Toyota,Toyota HiluxHigh AT,2025,"1,600kms",Diesel,Automatic,₹32 Lakh,new-delhi
Toyota,Toyota HiluxHigh AT BSVI,2023,"35,000kms",Diesel,Automatic,₹27.50 Lakh,new-delhi
Isuzu,Isuzu V-Cross4x4 Z Prestige AT,2024,"4,000kms",Diesel,Automatic,₹24.90 Lakh,new-delhi
BMW,BMW Z4sDrive 20i,2022,"17,000kms",Petrol,Automatic,₹73.95 Lakh,new-delhi
Mini Cooper,Mini Cooper ConvertibleS 1.6,2015,"45,000kms",Petrol,Automatic,₹23.75 Lakh,new-delhi
Toyota,Toyota HiluxHigh AT BSVI,2023,"34,000kms",Diesel,Automatic,₹27.50 Lakh,new-delhi
Maruti,2021Maruti Eeco7 Seater STD  -2022,2020,"30,000kms",Petrol,Manual,₹4.45 Lakh,new-delhi
Maruti,Maruti EecoCNG 5 Seater AC,2022,"45,000kms",CNG,Manual,₹5.25 Lakh,new-delhi
Mercedes-Benz,Mercedes-Benz SLK-ClassSLK 350,2015,"35,000kms",Petrol,Automatic,₹34.90 Lakh,new-delhi
Mini Cooper,Mini Cooper ConvertibleS 1.6,2015,"45,000kms",Petrol,Automatic,₹23.75 Lakh,new-delhi
Toyota,Toyota HiluxHigh AT BSVI,2023,"34,000kms",Diesel,Automatic,₹27.50 Lakh,new-delhi
Maruti,2021Maruti Eeco7 Seater STD  -2022,2020,"30,000kms",Petrol,Manual,₹4.45 Lakh,new-delhi
Maruti,Maruti EecoCNG 5 Seater AC,2022,"45,000kms",CNG,Manual,₹5.25 Lakh,new-delhi
Mercedes-Benz,Mercedes-Benz SLK-ClassSLK 350,2015,"35,000kms",Petrol,Automatic,₹34.90 Lakh,new-delhi
Isuzu,Isuzu V-Cross4x2 Z AT BSVI,2021,"82,000kms",Diesel,Automatic,₹16.75 Lakh,new-delhi
Porsche,Porsche 718Boxster BSVI,2020,"21,000kms",Petrol,Automatic,₹1.10 Crore,new-delhi
Maruti,Maruti Eeco5 Seater AC CNG,2025,"4,000kms",CNG,Manual,₹7 Lakh,new-delhi
BMW,BMW Z4sDrive 35i,2015,"35,000kms",Petrol,Automatic,₹39.90 Lakh,new-delhi
Mercedes-Benz,Mercedes-Benz Viano3.5 Petrol,2006,"42,000kms",Petrol,Automatic,₹17 Lakh,new-delhi
Honda,Honda New AccordHybrid,2017,"1,00,000kms",Petrol,Automatic,₹16.75 Lakh,new-delhi
Maruti,Maruti Eeco5 Seater AC CNG,2024,"29,000kms",CNG,Manual,₹5.60 Lakh,new-delhi
Maruti,Maruti CelerioZXI,2017,"64,318kms",Petrol,Manual,₹3.07 Lakh,new-delhi
Hyundai,Hyundai i10Sportz 1.1L,2016,"48,754kms",Petrol,Manual,₹3.04 Lakh,new-delhi
Kia,Kia SeltosHTX Diesel,2020,"47,000kms",Diesel,Manual,₹11.25 Lakh,new-delhi
Kia,Kia SeltosHTK Plus AT D,2021,"47,000kms",Diesel,Automatic,₹12.50 Lakh,new-delhi
Toyota,Toyota Innova Crysta2.4 G 7 STR,2021,"55,000kms",Diesel,Manual,₹18.50 Lakh,new-delhi
Kia,Kia SeltosHTX IVT G,2022,"44,500kms",Petrol,Automatic,₹12.80 Lakh,new-delhi
Hyundai,Hyundai AlcazarPrestige Diesel,2022,"46,000kms",Diesel,Manual,₹15.90 Lakh,new-delhi
Toyota,Toyota Innova Crysta2.7 GX MT BSIV,2019,"68,000kms",Petrol,Manual,₹13.75 Lakh,new-delhi
Maruti,Maruti CiazAT ZXi,2016,"70,239kms",Petrol,Automatic,₹5.42 Lakh,new-delhi
Kia,Kia SeltosGTX Plus,2021,"90,014kms",Petrol,Manual,₹11.29 Lakh,new-delhi
Ford,Ford Ecosport1.5 Ti VCT MT Titanium,2017,"51,958kms",Petrol,Manual,₹4.77 Lakh,new-delhi
Hyundai,Hyundai Creta1.6 SX Diesel,2017,"65,065kms",Diesel,Manual,₹6.52 Lakh,new-delhi
Hyundai,Hyundai Verna1.6 SX VTVT (O) AT,2021,"47,138kms",Petrol,Automatic,₹10.91 Lakh,new-delhi
Maruti,Maruti CiazPetrol,2017,"37,744kms",Diesel,Manual,₹5.10 Lakh,new-delhi
Kia,Kia SeltosGTX Plus,2020,"61,727kms",Petrol,Manual,₹10.85 Lakh,new-delhi
Hyundai,Hyundai CretaSX Diesel,2020,"1,07,150kms",Diesel,Manual,₹8.26 Lakh,new-delhi
Hyundai,Hyundai i20Asta 1.2,2017,"45,972kms",Petrol,Manual,₹4.37 Lakh,new-delhi
Hyundai,Hyundai CretaSX Opt Diesel,2021,"1,00,622kms",Diesel,Manual,₹10.51 Lakh,new-delhi
MG,MG Hector2.0 Sharp Pro Diesel BSVI,2021,"47,481kms",Diesel,Manual,₹13.38 Lakh,new-delhi
Hyundai,Hyundai Creta1.6 VTVT SX Plus,2018,"51,706kms",Petrol,Manual,₹7.74 Lakh,new-delhi
Hyundai,Hyundai Grand i101.2 Kappa Sportz BSIV,2017,"1,04,973kms",Petrol,Manual,₹3.08 Lakh,new-delhi
Toyota,Toyota Innova Crysta2.4 VX MT 8 STR,2022,"74,989kms",Diesel,Manual,₹18.67 Lakh,new-delhi
Maruti,Maruti CiazDelta Diesel,2017,"24,810kms",Diesel,Automatic,₹5.20 Lakh,new-delhi
Hyundai,Hyundai AlcazarPlatinum AE 7Str Diesel,2022,"36,134kms",Diesel,Manual,₹13.65 Lakh,new-delhi
Hyundai,Hyundai i20Sportz 1.2,2016,"72,637kms",Petrol,Manual,₹4.66 Lakh,new-delhi
Hyundai,Hyundai i20Asta 1.2,2023,"12,924kms",Petrol,Manual,₹8.68 Lakh,new-delhi
Maruti,Maruti CiazVXi,2015,"1,07,197kms",Petrol,Manual,₹3.48 Lakh,new-delhi
Tata,Tata NexonXMA AMT Diesel,2019,"62,263kms",Diesel,Automatic,₹5.64 Lakh,new-delhi
Hyundai,Hyundai Creta1.6 VTVT SX Plus,2018,"51,706kms",Petrol,Manual,₹7.74 Lakh,new-delhi
Hyundai,Hyundai Grand i101.2 Kappa Sportz BSIV,2017,"1,04,973kms",Petrol,Manual,₹3.08 Lakh,new-delhi
Toyota,Toyota Innova Crysta2.4 VX MT 8 STR,2022,"74,989kms",Diesel,Manual,₹18.67 Lakh,new-delhi
Maruti,Maruti CiazDelta Diesel,2017,"24,810kms",Diesel,Automatic,₹5.20 Lakh,new-delhi
Hyundai,Hyundai AlcazarPlatinum AE 7Str Diesel,2022,"36,134kms",Diesel,Manual,₹13.65 Lakh,new-delhi
Hyundai,Hyundai i20Sportz 1.2,2016,"72,637kms",Petrol,Manual,₹4.66 Lakh,new-delhi
Hyundai,Hyundai i20Asta 1.2,2023,"12,924kms",Petrol,Manual,₹8.68 Lakh,new-delhi
Maruti,Maruti CiazVXi,2015,"1,07,197kms",Petrol,Manual,₹3.48 Lakh,new-delhi
Tata,Tata NexonXMA AMT Diesel,2019,"62,263kms",Diesel,Automatic,₹5.64 Lakh,new-delhi
Hyundai,Hyundai VenueSX Turbo Executive,2019,"64,028kms",Diesel,Manual,₹6.29 Lakh,new-delhi
Hyundai,Hyundai Xcent1.2 VTVT S,2015,"56,444kms",Petrol,Manual,₹3.11 Lakh,new-delhi
Hyundai,Hyundai i20Sportz 1.2,2015,"92,386kms",Petrol,Manual,₹3.56 Lakh,new-delhi
Hyundai,Hyundai i20 Active1.2 S,2015,"58,001kms",Petrol,Manual,₹3.70 Lakh,new-delhi
Maruti,Maruti CiazDelta Diesel,2017,"78,126kms",Diesel,Automatic,₹5.73 Lakh,new-delhi
Hyundai,Hyundai i20Sportz 1.2,2016,"1,09,278kms",Petrol,Manual,₹3.76 Lakh,new-delhi
Maruti,Maruti Wagon RCNG LXI,2018,"67,027kms",CNG,Manual,₹3.59 Lakh,new-delhi
Kia,Kia SeltosHTX Diesel,2020,"47,000kms",Diesel,Manual,₹11.25 Lakh,new-delhi
Kia,Kia SeltosHTK Plus AT D,2021,"47,000kms",Diesel,Automatic,₹12.50 Lakh,new-delhi
Toyota,Toyota Innova Crysta2.4 G 7 STR,2021,"55,000kms",Diesel,Manual,₹18.50 Lakh,new-delhi
Kia,Kia SeltosHTX IVT G,2022,"44,500kms",Petrol,Automatic,₹12.80 Lakh,new-delhi
Maruti,Maruti CiazDelta BSIV,2018,"33,000kms",Petrol,Manual,₹5.75 Lakh,new-delhi
Hyundai,Hyundai Creta1.4 CRDi S,2017,"78,000kms",Diesel,Manual,₹5.60 Lakh,new-delhi
MG,MG Hector Plus1.5 Turbo Savvy Pro CVT BSVI,2024,"11,000kms",Petrol,Automatic,₹18.90 Lakh,new-delhi
MG,MG HectorBlackStorm CVT  -2025,2024,"35,500kms",Petrol,Automatic,₹16.50 Lakh,new-delhi
MG,MG HectorSharp DCT,2020,"81,000kms",Petrol,Automatic,₹9.25 Lakh,new-delhi
Hyundai,Hyundai Creta1.6 SX Automatic,2019,"63,000kms",Petrol,Automatic,₹9 Lakh,new-delhi
Mercedes-Benz,Mercedes-Benz C-ClassC 200 CGI,2017,"38,000kms",Petrol,Automatic,₹20.90 Lakh,new-delhi
Maruti,Maruti SwiftLXI Optional-O,2017,"77,000kms",Petrol,Manual,₹3.25 Lakh,new-delhi
Mercedes-Benz,Mercedes-Benz M-ClassML 63 AMG 4MATIC,2015,"58,000kms",Petrol,Automatic,₹14.90 Lakh,new-delhi
Toyota,Toyota YarisJ CVT,2020,"7,000kms",Petrol,Automatic,₹8.50 Lakh,new-delhi
MG,MG HectorSharp CVT,2022,"23,000kms",Petrol,Automatic,₹15.90 Lakh,new-delhi
Toyota,Toyota Innova Crysta2.7 ZX AT BSIV,2017,"48,000kms",Petrol,Automatic,₹12.90 Lakh,new-delhi
Maruti,Maruti Grand VitaraAlpha Plus Hybrid CVT BSVI,2022,"61,000kms",Petrol,Automatic,₹10.75 Lakh,new-delhi
Hyundai,Hyundai CretaE Diesel BSVI,2021,"62,000kms",Diesel,Manual,₹8.50 Lakh,new-delhi
MG,MG Hector PlusSavvy Pro CVT,2024,"15,000kms",Petrol,Automatic,₹18.75 Lakh,new-delhi
Toyota,Toyota Innova Crysta2.7 GX MT BSIV,2019,"72,000kms",Petrol,Manual,₹12.85 Lakh,new-delhi
Hyundai,Hyundai AuraSX Plus AMT,2020,"38,000kms",Petrol,Automatic,₹5.85 Lakh,new-delhi
Maruti,Maruti BalenoZeta CVT,2020,"74,088kms",Petrol,Automatic,₹5.50 Lakh,new-delhi
Maruti,Maruti SwiftVXI,2013,"68,000kms",Petrol,Manual,₹2.60 Lakh,new-delhi
MG,MG Hector PlusSharp DCT,2021,"50,000kms",Petrol,Automatic,₹12.75 Lakh,new-delhi
BMW,BMW X4M Sport X xDrive20d,2019,"52,000kms",Diesel,Automatic,₹32.95 Lakh,new-delhi
Audi,Audi A335 TFSI Technology,2018,"23,800kms",Petrol,Automatic,₹17.50 Lakh,new-delhi
Tata,Tata NexonXE,2023,"19,011kms",Petrol,Manual,₹6.40 Lakh,new-delhi
Toyota,Toyota Corolla Altis1.8 VL CVT,2018,"45,000kms",Petrol,Automatic,₹11.50 Lakh,new-delhi
Kia,Kia CarnivalLimousine Plus,2022,"62,000kms",Diesel,Automatic,₹30.80 Lakh,new-delhi
Audi,Audi A335 TDI Technology,2019,"37,000kms",Diesel,Automatic,₹17 Lakh,new-delhi
Kia,Kia CarnivalPremium,2021,"51,000kms",Diesel,Automatic,₹22.50 Lakh,new-delhi
Toyota,Toyota Innova Crysta2.7 GX MT BSIV,2018,"70,000kms",Petrol,Manual,₹11.50 Lakh,new-delhi
Ford,Ford Aspire1.2 Ti-VCT Titanium Plus,2019,"58,000kms",Petrol,Manual,₹3.85 Lakh,new-delhi
Mercedes-Benz,Mercedes-Benz M-ClassML 63 AMG 4MATIC,2015,"58,000kms",Petrol,Automatic,₹14.90 Lakh,new-delhi
Toyota,Toyota YarisJ CVT,2020,"7,000kms",Petrol,Automatic,₹8.50 Lakh,new-delhi
Hyundai,Hyundai VenueSX,2023,"33,000kms",Petrol,Manual,₹7.75 Lakh,new-delhi
Hyundai,Hyundai CretaSX,2023,"30,000kms",Petrol,Manual,₹13 Lakh,new-delhi
Hyundai,Hyundai Creta1.6 CRDi AT SX Plus,2020,"75,000kms",Diesel,Automatic,₹8.99 Lakh,new-delhi
Honda,Honda AmazeVX Petrol BSIV,2019,"13,500kms",Petrol,Manual,₹5.70 Lakh,new-delhi
Kia,Kia SeltosHTX G,2020,"65,000kms",Petrol,Manual,₹12.25 Lakh,new-delhi
Hyundai,Hyundai Grand i101.2 Kappa Sportz BSIV,2018,"80,000kms",Petrol,Manual,₹3.50 Lakh,new-delhi
Kia,Kia SeltosX-Line Diesel AT,2021,"50,000kms",Diesel,Automatic,₹15 Lakh,new-delhi
Maruti,Maruti SwiftZXI,2023,"20,000kms",Petrol,Manual,₹6.50 Lakh,new-delhi
Tata,Tata AltrozXZ Plus S,2023,"22,000kms",Petrol,Manual,₹6.25 Lakh,new-delhi
Toyota,Toyota Etios Cross1.2L G,2014,"78,000kms",Petrol,Manual,₹2.35 Lakh,new-delhi
Kia,Kia SeltosGTX Option,2022,"40,000kms",Petrol,Manual,₹11.99 Lakh,new-delhi
Toyota,Toyota Innova Crysta2.4 G 7 STR,2021,"1,20,000kms",Diesel,Manual,₹15.65 Lakh,new-delhi
Honda,Honda AmazeS i-Vtech,2015,"1,20,000kms",Petrol,Manual,₹2.50 Lakh,new-delhi
Kia,Kia SeltosHTK Diesel,2020,"74,595kms",Diesel,Manual,₹8.25 Lakh,new-delhi
Kia,Kia CarnivalPrestige,2021,"70,000kms",Diesel,Automatic,₹21.75 Lakh,new-delhi
Audi,Audi A335 TFSI Premium,2018,"23,800kms",Petrol,Automatic,₹17.50 Lakh,new-delhi
MG,MG HectorSharp CVT,2023,"75,000kms",Petrol,Automatic,₹15.50 Lakh,new-delhi
Hyundai,Hyundai i201.2 Asta,2018,"77,000kms",Petrol,Manual,₹4.65 Lakh,new-delhi
Kia,Kia CarensLuxury Plus iMT 6 STR,2023,"25,000kms",Petrol,Manual,₹13.60 Lakh,new-delhi
Maruti,Maruti Ciaz1.4 Zeta,2017,"56,000kms",Petrol,Manual,₹4.75 Lakh,new-delhi
Kia,Kia SeltosHTX Diesel,2020,"88,000kms",Diesel,Manual,₹9.25 Lakh,new-delhi
Hyundai,Hyundai CretaSX,2024,"31,000kms",Petrol,Manual,₹16.25 Lakh,new-delhi
Maruti,Maruti SwiftVXI BSVI,2022,"37,000kms",Petrol,Manual,₹5.50 Lakh,new-delhi
Hyundai,Hyundai Grand i101.2 Kappa Sportz BSIV,2018,"68,500kms",Petrol,Manual,₹4.25 Lakh,new-delhi
MG,MG AstorSelect CVT,2025,"20,000kms",Petrol,Automatic,₹11.50 Lakh,new-delhi
Toyota,Toyota Innova Crysta2.4 G MT,2020,"1,30,000kms",Diesel,Manual,₹14.50 Lakh,new-delhi
Tata,Tata Nexon1.5 Revotorq XM,2019,"62,000kms",Diesel,Manual,₹5.25 Lakh,new-delhi
Toyota,Toyota Innova Crysta2.7 GX MT BSIV,2019,"34,000kms",Petrol,Manual,₹15 Lakh,new-delhi
BMW,BMW X4M Sport X xDrive20d,2019,"56,000kms",Diesel,Automatic,₹33.90 Lakh,new-delhi
MG,MG AstorSelect CVT,2025,"20,000kms",Petrol,Automatic,₹11.50 Lakh,new-delhi
Toyota,Toyota Innova Crysta2.4 G MT,2020,"1,30,000kms",Diesel,Manual,₹14.50 Lakh,new-delhi
Tata,Tata Nexon1.5 Revotorq XM,2019,"62,000kms",Diesel,Manual,₹5.25 Lakh,new-delhi
Toyota,Toyota Innova Crysta2.7 GX MT BSIV,2019,"34,000kms",Petrol,Manual,₹15 Lakh,new-delhi
BMW,BMW X4M Sport X xDrive20d,2019,"56,000kms",Diesel,Automatic,₹33.90 Lakh,new-delhi
Toyota,Toyota Innova Crysta2.7 GX 7 STR AT,2021,"51,000kms",Petrol,Automatic,₹15.90 Lakh,new-delhi
Honda,Honda AmazeS i-VTEC,2016,"62,000kms",Petrol,Manual,₹3.60 Lakh,new-delhi
Toyota,Toyota Innova Crysta2.7 ZX 7 STR AT,2021,"50,000kms",Petrol,Automatic,₹20.50 Lakh,new-delhi
Maruti,Maruti SwiftLXI BSIV,2015,"24,000kms",Petrol,Manual,₹3.60 Lakh,new-delhi
Honda,Honda Cityi VTEC S,2015,"71,000kms",Petrol,Manual,₹3.95 Lakh,new-delhi
Ford,Ford Ecosport1.5 Petrol Titanium Plus BSIV,2017,"70,000kms",Petrol,Manual,₹4 Lakh,new-delhi
Tata,Tata NexonXM S BSVI,2021,"60,000kms",Petrol,Manual,₹6.95 Lakh,new-delhi
Maruti,Maruti CelerioVXI,2014,"80,000kms",Petrol,Manual,₹2.50 Lakh,new-delhi
Hyundai,Hyundai i20Magna BSVI,2022,"11,000kms",Petrol,Manual,₹6.10 Lakh,new-delhi
MG,MG Hector PlusSharp CVT,2021,"37,052kms",Petrol,Automatic,₹13.25 Lakh,new-delhi
Tata,Tata NexonKRAZ Plus AMT Diesel,2019,"58,127kms",Diesel,Automatic,₹5.45 Lakh,new-delhi
Tata,Tata AltrozXM plus BSVI,2022,"19,000kms",Petrol,Manual,₹5.50 Lakh,new-delhi
Mercedes-Benz,Mercedes-Benz C-ClassC 200 CGI Avantgarde,2017,"40,000kms",Petrol,Automatic,₹21.90 Lakh,new-delhi
Kia,Kia CarnivalPremium,2020,"93,000kms",Diesel,Automatic,₹18.90 Lakh,new-delhi
Hyundai,Hyundai VenueSX,2023,"33,000kms",Petrol,Manual,₹7.75 Lakh,new-delhi
Tata,Tata NexonKRAZ Plus AMT Diesel,2019,"58,127kms",Diesel,Automatic,₹5.45 Lakh,new-delhi
Tata,Tata AltrozXM plus BSVI,2022,"19,000kms",Petrol,Manual,₹5.50 Lakh,new-delhi
Mercedes-Benz,Mercedes-Benz C-ClassC 200 CGI Avantgarde,2017,"40,000kms",Petrol,Automatic,₹21.90 Lakh,new-delhi
Kia,Kia CarnivalPremium,2020,"93,000kms",Diesel,Automatic,₹18.90 Lakh,new-delhi
Hyundai,Hyundai VenueSX,2023,"33,000kms",Petrol,Manual,₹7.75 Lakh,new-delhi
Kia,Kia SeltosHTX G,2020,"65,000kms",Petrol,Manual,₹12.25 Lakh,new-delhi
Maruti,Maruti SwiftZXI,2023,"20,000kms",Petrol,Manual,₹6.50 Lakh,new-delhi
Tata,Tata AltrozXZ Plus S,2023,"22,000kms",Petrol,Manual,₹6.25 Lakh,new-delhi
Hyundai,Hyundai i20Petrol Asta Option,2019,"70,000kms",Petrol,Manual,₹4.90 Lakh,new-delhi
Kia,Kia SeltosGTX Plus Diesel AT,2022,"9,000kms",Diesel,Automatic,₹16.50 Lakh,new-delhi
Kia,Kia SeltosHTX G,2020,"55,000kms",Petrol,Manual,₹9.60 Lakh,new-delhi
Toyota,Toyota YarisJ CVT,2019,"68,000kms",Petrol,Automatic,₹6.60 Lakh,new-delhi
Hyundai,Hyundai i20Magna Plus BSIV,2019,"60,000kms",Petrol,Manual,₹5.50 Lakh,new-delhi
Maruti,Maruti SwiftLXI Optional-O,2017,"60,000kms",Petrol,Manual,₹3.10 Lakh,new-delhi
Hyundai,Hyundai Creta1.4 E Plus,2018,"98,000kms",Diesel,Manual,₹5.80 Lakh,new-delhi
MG,MG HectorSharp DCT,2021,"31,000kms",Petrol,Automatic,₹10.78 Lakh,new-delhi
Tata,Tata AltrozXZ BSVI,2021,"40,000kms",Petrol,Manual,₹5.25 Lakh,new-delhi
Maruti,Maruti Ciaz1.3 Zeta,2017,"80,000kms",Diesel,Manual,₹5.50 Lakh,new-delhi
Kia,Kia SeltosHTK G,2021,"90,000kms",Petrol,Manual,₹9 Lakh,new-delhi
Maruti,Maruti SwiftVXI,2017,"70,000kms",Petrol,Manual,₹3.60 Lakh,new-delhi
MG,MG HectorSharp DCT,2021,"31,000kms",Petrol,Automatic,₹10.78 Lakh,new-delhi
Tata,Tata AltrozXZ BSVI,2021,"40,000kms",Petrol,Manual,₹5.25 Lakh,new-delhi
Maruti,Maruti Ciaz1.3 Zeta,2017,"80,000kms",Diesel,Manual,₹5.50 Lakh,new-delhi
Kia,Kia SeltosHTK G,2021,"90,000kms",Petrol,Manual,₹9 Lakh,new-delhi
Maruti,Maruti SwiftVXI,2017,"70,000kms",Petrol,Manual,₹3.60 Lakh,new-delhi
Mahindra,Mahindra MarazzoM6,2018,"70,000kms",Diesel,Manual,₹5.25 Lakh,new-delhi
Tata,Tata Nexon1.2 Revotron XM,2019,"62,000kms",Petrol,Manual,₹5.20 Lakh,new-delhi
Toyota,Toyota Innova Crysta2.4 VX MT 8S BSIV,2016,"1,00,000kms",Diesel,Manual,₹12 Lakh,new-delhi
Kia,Kia SeltosGTK,2019,"52,000kms",Petrol,Manual,₹8.25 Lakh,new-delhi
Kia,Kia SeltosAnniversary Edition IVT,2020,"42,000kms",Petrol,Automatic,₹10.50 Lakh,new-delhi
Hyundai,Hyundai Creta1.4 E Plus CRDi,2017,"1,35,000kms",Diesel,Manual,₹5.85 Lakh,new-delhi
Hyundai,Hyundai Creta1.6 SX Automatic,2019,"55,000kms",Petrol,Automatic,₹8.75 Lakh,new-delhi
Hyundai,Hyundai Grand i10Sportz,2016,"65,000kms",Petrol,Manual,₹3.79 Lakh,new-delhi
Hyundai,Hyundai i20Sportz BSVI,2021,"66,000kms",Petrol,Manual,₹5.50 Lakh,new-delhi
Hyundai,Hyundai Creta1.6 VTVT AT SX Plus,2017,"77,000kms",Petrol,Automatic,₹6.50 Lakh,new-delhi
Hyundai,Hyundai Grand i101.2 Kappa Magna BSIV,2018,"1,30,000kms",Petrol,Manual,₹3.30 Lakh,new-delhi
Hyundai,Hyundai i20 N-LineN6,2024,"6,500kms",Petrol,Manual,₹9 Lakh,new-delhi
Hyundai,Hyundai Creta1.6 VTVT E Plus,2017,"70,000kms",Petrol,Manual,₹6 Lakh,new-delhi
Kia,Kia CarensLuxury Plus Diesel AT 6 STR BSVI,2022,"70,000kms",Diesel,Automatic,₹13.50 Lakh,new-delhi
Hyundai,Hyundai Grand i101.2 Kappa Sportz BSIV,2018,"56,000kms",Petrol,Manual,₹3.90 Lakh,new-delhi
MG,MG Hector PlusSharp Pro CVT,2025,"15,000kms",Petrol,Automatic,₹20.50 Lakh,new-delhi
Tata,Tata NexonXM S BSVI,2021,"60,000kms",Petrol,Manual,₹6.95 Lakh,new-delhi
Tata,Tata AltrozXM plus BSVI,2022,"19,000kms",Petrol,Manual,₹5.50 Lakh,new-delhi
Mercedes-Benz,Mercedes-Benz C-ClassC 200 CGI Avantgarde,2017,"40,000kms",Petrol,Automatic,₹21.90 Lakh,new-delhi
Maruti,Maruti SwiftLXI Optional-O,2017,"60,000kms",Petrol,Manual,₹3.10 Lakh,new-delhi
Hyundai,Hyundai Creta1.4 E Plus,2018,"98,000kms",Diesel,Manual,₹5.80 Lakh,new-delhi
MG,MG HectorSharp DCT,2021,"31,000kms",Petrol,Automatic,₹10.78 Lakh,new-delhi
Tata,Tata NexonXM Diesel BSVI,2022,"54,000kms",Diesel,Manual,₹6.89 Lakh,new-delhi
MG,MG AstorSharp Turbo AT BSVI,2022,"54,000kms",Petrol,Automatic,₹10.50 Lakh,new-delhi
Tata,Tata Nexon1.2 Revotron XMA,2019,"51,000kms",Petrol,Automatic,₹5.25 Lakh,new-delhi
Kia,Kia SeltosHTK G,2020,"31,000kms",Petrol,Manual,₹8.43 Lakh,new-delhi
Hyundai,Hyundai i20Petrol Spotz,2019,"90,000kms",Petrol,Manual,₹4.30 Lakh,new-delhi
MG,MG Hector PlusSharp DCT,2020,"29,000kms",Petrol,Automatic,₹10.98 Lakh,new-delhi
Hyundai,Hyundai Creta1.6 SX,2018,"1,36,000kms",Petrol,Manual,₹7 Lakh,new-delhi
Maruti,Maruti SwiftLXI Option,2016,"1,20,000kms",Petrol,Manual,₹2.80 Lakh,new-delhi
Mahindra,Mahindra XUV700AX5 7 Str Diesel BSVI,2022,"1,00,000kms",Diesel,Manual,₹15 Lakh,new-delhi
Hyundai,Hyundai i20Asta Option 1.2,2016,"1,20,000kms",Petrol,Manual,₹3.50 Lakh,new-delhi
Toyota,Toyota Innova Crysta2.4 VX MT 8S BSIV,2018,"90,000kms",Diesel,Manual,₹15 Lakh,new-delhi
Hyundai,Hyundai i20Sportz 1.2,2015,"1,80,000kms",Petrol,Manual,₹3.25 Lakh,new-delhi
Maruti,Maruti Baleno1.2 Alpha,2016,"40,000kms",Petrol,Manual,₹3.50 Lakh,new-delhi
Mahindra,Mahindra XUV700AX5 7 Str Diesel BSVI,2022,"1,00,000kms",Diesel,Manual,₹15 Lakh,new-delhi
Hyundai,Hyundai i20Asta Option 1.2,2016,"1,20,000kms",Petrol,Manual,₹3.50 Lakh,new-delhi
Toyota,Toyota Innova Crysta2.4 VX MT 8S BSIV,2018,"90,000kms",Diesel,Manual,₹15 Lakh,new-delhi
Hyundai,Hyundai i20Sportz 1.2,2015,"1,80,000kms",Petrol,Manual,₹3.25 Lakh,new-delhi
Maruti,Maruti Baleno1.2 Alpha,2016,"40,000kms",Petrol,Manual,₹3.50 Lakh,new-delhi
Kia,Kia SonetHTK Plus,2023,"50,000kms",Petrol,Manual,₹8 Lakh,new-delhi
Maruti,Maruti Celerio XVXI BSIV,2018,"60,000kms",Petrol,Manual,₹2.85 Lakh,new-delhi
Maruti,Maruti Baleno1.2 Delta,2015,"29,000kms",Petrol,Manual,₹3.75 Lakh,new-delhi
Maruti,Maruti Baleno1.2 Zeta,2017,"60,000kms",Petrol,Manual,₹4.25 Lakh,new-delhi
Hyundai,Hyundai Creta1.6 SX,2020,"64,000kms",Petrol,Manual,₹9 Lakh,new-delhi
Toyota,Toyota Etios Cross1.2L G,2014,"78,000kms",Petrol,Manual,₹2.35 Lakh,new-delhi
Kia,Kia SeltosGTX Option,2022,"40,000kms",Petrol,Manual,₹11.99 Lakh,new-delhi
Kia,Kia CarnivalPrestige,2021,"70,000kms",Diesel,Automatic,₹21.75 Lakh,new-delhi
Audi,Audi A335 TFSI Premium,2018,"23,800kms",Petrol,Automatic,₹17.50 Lakh,new-delhi
MG,MG HectorSharp CVT,2023,"75,000kms",Petrol,Automatic,₹15.50 Lakh,new-delhi
MG,MG AstorSelect CVT,2025,"20,000kms",Petrol,Automatic,₹11.50 Lakh,new-delhi
Toyota,Toyota Innova Crysta2.4 G 7 STR,2021,"1,20,000kms",Diesel,Manual,₹15.65 Lakh,new-delhi
Honda,Honda AmazeS i-Vtech,2015,"1,20,000kms",Petrol,Manual,₹2.50 Lakh,new-delhi
Kia,Kia SeltosHTK Diesel,2020,"74,595kms",Diesel,Manual,₹8.25 Lakh,new-delhi
BMW,BMW X4M Sport X xDrive20d,2019,"56,000kms",Diesel,Automatic,₹33.90 Lakh,new-delhi
Hyundai,Hyundai i201.2 Spotz,2018,"38,000kms",Petrol,Manual,₹6 Lakh,new-delhi
Hyundai,Hyundai Grand i10Magna,2014,"1,30,000kms",Petrol,Manual,₹2.50 Lakh,new-delhi
Hyundai,Hyundai i20Magna 1.2,2016,"44,102kms",Petrol,Manual,₹4.25 Lakh,new-delhi
Maruti,Maruti BalenoZeta,2021,"5,700kms",Petrol,Manual,₹5.45 Lakh,new-delhi
Hyundai,Hyundai Creta1.4 E Plus,2019,"50,000kms",Diesel,Manual,₹7 Lakh,new-delhi
Mercedes-Benz,Mercedes-Benz C-ClassC 220 CDI Avantgarde,2018,"70,000kms",Diesel,Automatic,₹18.90 Lakh,new-delhi
Hyundai,Hyundai Grand i10Sportz,2016,"62,351kms",Petrol,Manual,₹3.65 Lakh,new-delhi
Hyundai,Hyundai i20Asta 1.2,2015,"1,15,000kms",Petrol,Manual,₹2.80 Lakh,new-delhi
Hyundai,Hyundai VenueS BSIV,2020,"48,000kms",Petrol,Manual,₹7.50 Lakh,new-delhi
Maruti,Maruti BalenoZeta,2020,"39,000kms",Petrol,Manual,₹5.25 Lakh,new-delhi
MG,MG HectorSharp DCT Dualtone,2021,"59,000kms",Petrol,Automatic,₹14 Lakh,new-delhi
Mahindra,Mahindra XUV700AX5 7 Str Diesel AT BSVI,2022,"1,00,000kms",Diesel,Automatic,₹14 Lakh,new-delhi
Kia,Kia SonetHTX Turbo iMT BSVI,2020,"70,000kms",Petrol,Manual,₹5.30 Lakh,new-delhi
Maruti,Maruti Wagon RLXI BS IV,2017,"60,000kms",Petrol,Manual,₹2.70 Lakh,new-delhi
Hyundai,Hyundai CretaSX,2023,"30,000kms",Petrol,Manual,₹13 Lakh,new-delhi
Hyundai,Hyundai Creta1.6 CRDi AT SX Plus,2020,"75,000kms",Diesel,Automatic,₹8.99 Lakh,new-delhi
Honda,Honda AmazeVX Petrol BSIV,2019,"13,500kms",Petrol,Manual,₹5.70 Lakh,new-delhi
Hyundai,Hyundai Grand i101.2 Kappa Sportz BSIV,2018,"80,000kms",Petrol,Manual,₹3.50 Lakh,new-delhi
Kia,Kia SeltosX-Line Diesel AT,2021,"50,000kms",Diesel,Automatic,₹15 Lakh,new-delhi
Hyundai,Hyundai Xcent1.2 Kappa S,2015,"1,21,000kms",Petrol,Manual,₹2.25 Lakh,new-delhi
Hyundai,Hyundai Creta1.6 CRDi AT SX Plus,2020,"75,000kms",Diesel,Automatic,₹8.99 Lakh,new-delhi
Honda,Honda AmazeVX Petrol BSIV,2019,"13,500kms",Petrol,Manual,₹5.70 Lakh,new-delhi
Hyundai,Hyundai Grand i101.2 Kappa Sportz BSIV,2018,"80,000kms",Petrol,Manual,₹3.50 Lakh,new-delhi
Kia,Kia SeltosX-Line Diesel AT,2021,"50,000kms",Diesel,Automatic,₹15 Lakh,new-delhi
Hyundai,Hyundai Xcent1.2 Kappa S,2015,"1,21,000kms",Petrol,Manual,₹2.25 Lakh,new-delhi
Maruti,Maruti Baleno1.2 Delta,2018,"40,000kms",Petrol,Manual,₹5 Lakh,new-delhi
Tata,Tata NexonSmart Plus S,2024,"30,000kms",Petrol,Manual,₹7.40 Lakh,new-delhi
Hyundai,Hyundai i20Sportz 1.2,2015,"60,000kms",Petrol,Manual,₹3.68 Lakh,new-delhi
MG,MG Hector Plus1.5 Turbo Sharp Pro 7 Str BSVI,2023,"20,000kms",Petrol,Manual,₹17 Lakh,new-delhi
Maruti,Maruti Baleno1.2 Alpha,2016,"60,000kms",Petrol,Manual,₹3.20 Lakh,new-delhi
Maruti,Maruti SwiftVXI,2018,"60,000kms",Petrol,Manual,₹4.10 Lakh,new-delhi
Maruti,Maruti Vitara BrezzaLXI,2021,"40,000kms",Petrol,Manual,₹6.50 Lakh,new-delhi
Hyundai,Hyundai i20Asta 1.2,2017,"70,000kms",Petrol,Manual,₹4 Lakh,new-delhi
Tata,Tata NexonXM Diesel BSVI,2022,"54,000kms",Diesel,Manual,₹6.89 Lakh,new-delhi
Maruti,Maruti Ciaz1.3 Zeta,2018,"79,000kms",Diesel,Manual,₹5.25 Lakh,new-delhi
MG,MG AstorSharp Turbo AT BSVI,2022,"54,000kms",Petrol,Automatic,₹10.50 Lakh,new-delhi
Tata,Tata Nexon1.2 Revotron XMA,2019,"51,000kms",Petrol,Automatic,₹5.25 Lakh,new-delhi
Kia,Kia SeltosHTK G,2020,"31,000kms",Petrol,Manual,₹8.43 Lakh,new-delhi
Hyundai,Hyundai i20Petrol Spotz,2019,"90,000kms",Petrol,Manual,₹4.30 Lakh,new-delhi
MG,MG Hector PlusSharp DCT,2020,"29,000kms",Petrol,Automatic,₹10.98 Lakh,new-delhi
Maruti,Maruti SwiftVXI,2017,"32,000kms",Petrol,Manual,₹3.70 Lakh,new-delhi
Kia,Kia SeltosHTK G,2021,"90,000kms",Petrol,Manual,₹9 Lakh,new-delhi
Maruti,Maruti Baleno1.2 Alpha,2016,"60,000kms",Petrol,Manual,₹3.20 Lakh,new-delhi
MG,MG Hector Plus1.5 Turbo Sharp Pro 7 Str BSVI,2023,"20,000kms",Petrol,Manual,₹17 Lakh,new-delhi
Hyundai,Hyundai i20Sportz 1.2,2015,"60,000kms",Petrol,Manual,₹3.68 Lakh,new-delhi
Hyundai,Hyundai Creta1.4 CRDi S Plus,2018,"1,08,000kms",Diesel,Manual,₹6.50 Lakh,new-delhi
Hyundai,Hyundai CretaS BSVI,2021,"46,500kms",Petrol,Manual,₹10.20 Lakh,new-delhi
Maruti,Maruti Ciaz1.3 Sigma,2018,"67,500kms",Diesel,Manual,₹4 Lakh,new-delhi
Maruti,Maruti SwiftZXI Plus,2018,"80,000kms",Petrol,Manual,₹4.50 Lakh,new-delhi
Maruti,Maruti SwiftLXI BSIV,2015,"80,000kms",Petrol,Manual,₹2.50 Lakh,new-delhi
Maruti,Maruti Ciaz1.3 Delta,2017,"30,000kms",Diesel,Manual,₹4.15 Lakh,new-delhi
Hyundai,Hyundai i20Magna 1.2,2017,"1,42,000kms",Petrol,Manual,₹3.12 Lakh,new-delhi
Mahindra,Mahindra XUV700AX3 BSVI,2022,"16,000kms",Petrol,Manual,₹13 Lakh,new-delhi
Hyundai,Hyundai CretaSX Executive BSVI,2022,"50,000kms",Petrol,Manual,₹12 Lakh,new-delhi
Hyundai,Hyundai i10Magna 1.1 iTech SE,2011,"62,000kms",Petrol,Manual,₹1.75 Lakh,new-delhi
Hyundai,Hyundai i201.2 Asta,2018,"90,000kms",Petrol,Manual,₹4 Lakh,new-delhi
Hyundai,Hyundai Verna1.4 VTVT,2011,"1,60,000kms",Petrol,Manual,₹1.70 Lakh,new-delhi
Tata,Tata NexonPure S AMT,2024,"20,000kms",Petrol,Automatic,₹8 Lakh,new-delhi
Tata,Tata Nexon1.2 Revotron XM,2020,"69,000kms",Petrol,Manual,₹8.21 Lakh,new-delhi
Maruti,Maruti SwiftLXI,2019,"80,000kms",Petrol,Manual,₹4.50 Lakh,new-delhi
Mercedes-Benz,Mercedes-Benz C-ClassProgressive C 220d,2020,"68,000kms",Diesel,Automatic,₹30.49 Lakh,new-delhi
Hyundai,Hyundai i201.2 Spotz,2018,"57,000kms",Petrol,Manual,₹4.90 Lakh,new-delhi
Hyundai,Hyundai Creta1.6 VTVT E Plus,2017,"78,000kms",Petrol,Manual,₹6.39 Lakh,new-delhi
Maruti,Maruti Vitara BrezzaVDi Option,2018,"58,000kms",Diesel,Manual,₹5.50 Lakh,new-delhi
Hyundai,Hyundai Creta1.6 VTVT SX Plus,2016,"62,000kms",Petrol,Manual,₹6.50 Lakh,new-delhi
Maruti,Maruti Grand VitaraSigma,2024,"23,568kms",Petrol,Manual,₹10.75 Lakh,new-delhi
Hyundai,Hyundai Creta1.6 VTVT SX Plus,2018,"71,856kms",Petrol,Manual,₹7.95 Lakh,new-delhi
Honda,Honda Cityi DTec VX,2017,"1,17,000kms",Diesel,Manual,₹4.60 Lakh,new-delhi
Hyundai,Hyundai i10Magna 1.1L,2013,"70,000kms",Petrol,Manual,₹2.20 Lakh,new-delhi
MG,MG Hector PlusSharp Pro CVT,2024,"18,000kms",Petrol,Automatic,₹17.50 Lakh,new-delhi
Maruti,Maruti SwiftRS VXI,2014,"49,000kms",Petrol,Manual,₹3.25 Lakh,new-delhi
Maruti,Maruti SwiftVXI,2019,"50,000kms",Petrol,Manual,₹4.90 Lakh,new-delhi
Hyundai,Hyundai Creta1.4 CRDi S,2017,"78,000kms",Diesel,Manual,₹5.60 Lakh,new-delhi
MG,MG Hector Plus1.5 Turbo Savvy Pro CVT BSVI,2024,"11,000kms",Petrol,Automatic,₹18.90 Lakh,new-delhi
MG,MG HectorSharp CVT,2022,"23,000kms",Petrol,Automatic,₹15.90 Lakh,new-delhi
Toyota,Toyota Innova Crysta2.7 ZX AT BSIV,2017,"48,000kms",Petrol,Automatic,₹12.90 Lakh,new-delhi
Maruti,Maruti Grand VitaraAlpha Plus Hybrid CVT BSVI,2022,"61,000kms",Petrol,Automatic,₹10.75 Lakh,new-delhi
Hyundai,Hyundai CretaE Diesel BSVI,2021,"62,000kms",Diesel,Manual,₹8.50 Lakh,new-delhi
MG,MG Hector PlusSavvy Pro CVT,2024,"15,000kms",Petrol,Automatic,₹18.75 Lakh,new-delhi
Hyundai,Hyundai Creta1.4 E Plus CRDi,2017,"81,000kms",Diesel,Manual,₹5.40 Lakh,new-delhi
Hyundai,Hyundai Grand i10Magna,2014,"1,30,000kms",Petrol,Manual,₹2.50 Lakh,new-delhi
MG,MG Hector PlusSharp Pro CVT 7 Str,2025,"20,000kms",Petrol,Automatic,₹20 Lakh,new-delhi
MG,MG Hector PlusSharp DCT,2020,"50,000kms",Petrol,Automatic,₹10 Lakh,new-delhi
Hyundai,Hyundai Grand i101.2 Kappa Asta,2018,"23,000kms",Petrol,Manual,₹4 Lakh,new-delhi
Tata,Tata AltrozXTA DCT BSVI,2022,"50,000kms",Petrol,Automatic,₹5.75 Lakh,new-delhi
Maruti,Maruti Vitara BrezzaZDi AMT,2019,"65,000kms",Diesel,Automatic,₹7 Lakh,new-delhi
Kia,Kia SeltosHTK Plus G,2022,"35,000kms",Petrol,Manual,₹11.25 Lakh,new-delhi
Kia,Kia SeltosGTX,2019,"56,000kms",Petrol,Manual,₹9.85 Lakh,new-delhi
Maruti,Maruti SwiftVXI,2015,"30,000kms",Petrol,Manual,₹3.10 Lakh,new-delhi
Maruti,Maruti SwiftLXI Optional-O,2017,"50,000kms",Petrol,Manual,₹3.10 Lakh,new-delhi
Toyota,Toyota Innova Crysta2.7 GX AT,2016,"59,000kms",Petrol,Automatic,₹10.25 Lakh,new-delhi
Maruti,Maruti Vitara BrezzaZDi Plus AMT,2019,"47,000kms",Diesel,Automatic,₹7.15 Lakh,new-delhi
Maruti,Maruti Vitara BrezzaLXI,2022,"30,000kms",Petrol,Manual,₹6.50 Lakh,new-delhi
MG,MG HectorSharp DCT,2020,"60,000kms",Petrol,Automatic,₹9 Lakh,new-delhi
Hyundai,Hyundai Creta1.6 E Plus,2018,"70,000kms",Petrol,Manual,₹6 Lakh,new-delhi
Hyundai,Hyundai CretaSX Diesel BSVI,2020,"20,000kms",Diesel,Manual,₹11.05 Lakh,new-delhi
Ford,Ford Ecosport1.5 Diesel Titanium BSIV,2018,"1,08,000kms",Diesel,Manual,₹4.28 Lakh,new-delhi
Hyundai,Hyundai i201.2 Magna Executive,2018,"52,000kms",Petrol,Manual,₹3.90 Lakh,new-delhi
Maruti,Maruti Vitara BrezzaVDi,2017,"89,000kms",Diesel,Manual,₹6.10 Lakh,new-delhi
Hyundai,Hyundai Creta1.4 E Plus,2020,"85,000kms",Diesel,Manual,₹6.50 Lakh,new-delhi
Hyundai,Hyundai Creta1.6 CRDi SX,2016,"81,000kms",Diesel,Manual,₹5.95 Lakh,new-delhi
Maruti,Maruti Vitara BrezzaVDi Option,2018,"72,000kms",Diesel,Manual,₹5.45 Lakh,new-delhi
Ford,Ford AspireTrend Plus,2018,"63,000kms",Petrol,Manual,₹4 Lakh,new-delhi
Maruti,Maruti CiazDelta BSIV,2018,"33,000kms",Petrol,Manual,₹5.75 Lakh,new-delhi
Maruti,Maruti Vitara BrezzaZDi AMT,2019,"65,000kms",Diesel,Automatic,₹7 Lakh,new-delhi
Kia,Kia SeltosHTK Plus G,2022,"35,000kms",Petrol,Manual,₹11.25 Lakh,new-delhi
Kia,Kia SeltosGTX,2019,"56,000kms",Petrol,Manual,₹9.85 Lakh,new-delhi
Maruti,Maruti SwiftVXI,2015,"30,000kms",Petrol,Manual,₹3.10 Lakh,new-delhi
Maruti,Maruti SwiftLXI Optional-O,2017,"50,000kms",Petrol,Manual,₹3.10 Lakh,new-delhi
Maruti,Maruti Vitara BrezzaLXI,2022,"30,000kms",Petrol,Manual,₹6.50 Lakh,new-delhi
Maruti,Maruti InvictoZeta Plus 7Str,2024,"62,000kms",Petrol,Automatic,₹22.75 Lakh,new-delhi
Kia,Kia CarnivalPrestige,2021,"70,000kms",Diesel,Automatic,₹21.75 Lakh,new-delhi
Audi,Audi A335 TFSI Premium,2018,"23,800kms",Petrol,Automatic,₹17.50 Lakh,new-delhi
MG,MG HectorSharp CVT,2023,"75,000kms",Petrol,Automatic,₹15.50 Lakh,new-delhi
Hyundai,Hyundai i201.2 Asta,2018,"77,000kms",Petrol,Manual,₹4.65 Lakh,new-delhi
Kia,Kia CarensLuxury Plus iMT 6 STR,2023,"25,000kms",Petrol,Manual,₹13.60 Lakh,new-delhi
Maruti,Maruti Ciaz1.4 Zeta,2017,"56,000kms",Petrol,Manual,₹4.75 Lakh,new-delhi
Kia,Kia SeltosHTX Diesel,2020,"88,000kms",Diesel,Manual,₹9.25 Lakh,new-delhi
Hyundai,Hyundai CretaSX,2024,"31,000kms",Petrol,Manual,₹16.25 Lakh,new-delhi
Maruti,Maruti SwiftVXI BSVI,2022,"37,000kms",Petrol,Manual,₹5.50 Lakh,new-delhi
Kia,Kia Carens ClavisHTK,2025,"3,600kms",Petrol,Manual,₹13.50 Lakh,new-delhi
Maruti,Maruti CiazZDi Plus SHVS,2017,"65,000kms",Diesel,Manual,₹5.50 Lakh,new-delhi
Honda,Honda AmazeS Option i-VTEC,2017,"60,000kms",Petrol,Manual,₹4 Lakh,new-delhi
Tata,Tata AltrozXZ BSVI,2022,"41,011kms",Petrol,Manual,₹5.25 Lakh,new-delhi
Kia,Kia CarnivalPrestige 6 STR,2020,"85,000kms",Diesel,Automatic,₹19.90 Lakh,new-delhi
Maruti,Maruti Vitara BrezzaLXI,2020,"59,000kms",Petrol,Manual,₹6.25 Lakh,new-delhi
Maruti,Maruti SwiftVXI BSVI,2022,"68,000kms",Petrol,Manual,₹5.65 Lakh,new-delhi
Maruti,Maruti Vitara BrezzaVXI,2020,"77,000kms",Petrol,Manual,₹5.50 Lakh,new-delhi
Maruti,Maruti SwiftVXI,2015,"1,50,000kms",Petrol,Manual,₹2.60 Lakh,new-delhi
Hyundai,Hyundai i10Era,2013,"1,05,000kms",Petrol,Manual,₹1.80 Lakh,new-delhi
Tata,Tata Tiago1.05 Revotorq XZ,2019,"98,000kms",Diesel,Manual,₹3.25 Lakh,new-delhi
Toyota,Toyota Corolla AltisVL AT,2016,"24,000kms",Petrol,Automatic,₹7.25 Lakh,new-delhi
Honda,Honda AmazeS i-VTEC,2017,"60,000kms",Petrol,Manual,₹3.20 Lakh,new-delhi
Hyundai,Hyundai Creta1.6 VTVT Base,2017,"83,000kms",Petrol,Manual,₹5.70 Lakh,new-delhi
Hyundai,Hyundai CretaEX,2023,"16,000kms",Petrol,Manual,₹10.34 Lakh,new-delhi
Maruti,Maruti SwiftLXI,2023,"40,000kms",Petrol,Manual,₹6 Lakh,new-delhi
Honda,Honda AmazeS i-VTEC,2016,"56,000kms",Petrol,Manual,₹2.80 Lakh,new-delhi
Kia,Kia SeltosHTX,2023,"23,000kms",Petrol,Manual,₹12.50 Lakh,new-delhi
Maruti,Maruti SwiftVXI,2015,"60,000kms",Petrol,Manual,₹3.35 Lakh,new-delhi
Maruti,Maruti Wagon RVXI BS IV,2015,"21,000kms",Petrol,Manual,₹2.20 Lakh,new-delhi
Maruti,Maruti SwiftLXI,2023,"40,000kms",Petrol,Manual,₹6 Lakh,new-delhi
Honda,Honda AmazeS i-VTEC,2016,"56,000kms",Petrol,Manual,₹2.80 Lakh,new-delhi
Kia,Kia SeltosHTX,2023,"23,000kms",Petrol,Manual,₹12.50 Lakh,new-delhi
Maruti,Maruti SwiftVXI,2015,"60,000kms",Petrol,Manual,₹3.35 Lakh,new-delhi
Maruti,Maruti Wagon RVXI BS IV,2015,"21,000kms",Petrol,Manual,₹2.20 Lakh,new-delhi
Hyundai,Hyundai i20Sportz 1.2,2017,"55,164kms",Petrol,Manual,₹4.30 Lakh,new-delhi
Maruti,Maruti SwiftLXI Option,2017,"62,154kms",Petrol,Manual,₹3.80 Lakh,new-delhi
Maruti,Maruti SwiftVXI AMT BSVI,2021,"18,000kms",Petrol,Automatic,₹6 Lakh,new-delhi
BMW,BMW X4M Sport X xDrive20d,2019,"62,000kms",Diesel,Automatic,₹33.50 Lakh,new-delhi
MG,MG HectorSharp DCT,2021,"83,000kms",Petrol,Automatic,₹10.20 Lakh,new-delhi
Tata,Tata NexonFearless Plus S DT DCA,2024,"15,727kms",Petrol,Automatic,₹11.75 Lakh,new-delhi
Hyundai,Hyundai Creta1.6 Gamma SX Plus,2015,"35,000kms",Petrol,Manual,₹5.75 Lakh,new-delhi
MG,MG HectorSharp DCT,2021,"60,000kms",Petrol,Automatic,₹10.25 Lakh,new-delhi
BMW,BMW 6 SeriesGT 630i Luxury Line  -2021,2018,"37,000kms",Petrol,Automatic,₹33.50 Lakh,new-delhi
Maruti,Maruti Baleno1.2 Sigma,2017,"60,000kms",Petrol,Manual,₹4.50 Lakh,new-delhi
Hyundai,Hyundai Grand i10Asta,2014,"75,000kms",Petrol,Manual,₹2.30 Lakh,new-delhi
Hyundai,Hyundai Creta1.6 VTVT SX Plus,2019,"30,000kms",Petrol,Manual,₹9 Lakh,new-delhi
Maruti,Maruti Wagon RLXI CNG,2018,"65,000kms",CNG,Manual,₹3.20 Lakh,new-delhi
Hyundai,Hyundai Grand i10Sportz,2016,"86,000kms",Petrol,Manual,₹2.50 Lakh,new-delhi
Hyundai,Hyundai i10Era,2015,"98,300kms",Petrol,Manual,₹2 Lakh,new-delhi
Hyundai,Hyundai Grand i10Asta,2014,"75,000kms",Petrol,Manual,₹2.30 Lakh,new-delhi
Hyundai,Hyundai Creta1.6 VTVT SX Plus,2019,"30,000kms",Petrol,Manual,₹9 Lakh,new-delhi
Maruti,Maruti Wagon RLXI CNG,2018,"65,000kms",CNG,Manual,₹3.20 Lakh,new-delhi
Hyundai,Hyundai Grand i10Sportz,2016,"86,000kms",Petrol,Manual,₹2.50 Lakh,new-delhi
Hyundai,Hyundai i10Era,2015,"98,300kms",Petrol,Manual,₹2 Lakh,new-delhi
Ford,Ford Ecosport1.5 Diesel Titanium BSIV,2018,"1,50,000kms",Diesel,Manual,₹4.10 Lakh,new-delhi
Kia,Kia SonetGravity,2024,"14,000kms",Petrol,Manual,₹8.50 Lakh,new-delhi
Tata,Tata AltrozXZ Plus DCT BSVI,2023,"20,000kms",Petrol,Automatic,₹7 Lakh,new-delhi
Hyundai,Hyundai Creta1.6 SX Automatic,2019,"34,000kms",Petrol,Automatic,₹9.50 Lakh,new-delhi
Maruti,Maruti SwiftVXI,2017,"65,000kms",Petrol,Manual,₹4 Lakh,new-delhi
Maruti,Maruti BalenoZeta CVT,2020,"74,000kms",Petrol,Automatic,₹5.49 Lakh,new-delhi
Hyundai,Hyundai Creta1.6 SX Automatic,2018,"50,000kms",Petrol,Automatic,₹8.15 Lakh,new-delhi
Maruti,Maruti Vitara BrezzaZDi AMT,2019,"65,000kms",Diesel,Automatic,₹7 Lakh,new-delhi
Kia,Kia SeltosHTK Plus G,2022,"35,000kms",Petrol,Manual,₹11.25 Lakh,new-delhi
Kia,Kia SeltosGTX,2019,"56,000kms",Petrol,Manual,₹9.85 Lakh,new-delhi
Maruti,Maruti SwiftVXI,2015,"30,000kms",Petrol,Manual,₹3.10 Lakh,new-delhi
Maruti,Maruti SwiftLXI Optional-O,2017,"50,000kms",Petrol,Manual,₹3.10 Lakh,new-delhi
Toyota,Toyota Innova Crysta2.7 GX AT,2016,"59,000kms",Petrol,Automatic,₹10.25 Lakh,new-delhi
Maruti,Maruti Vitara BrezzaZDi Plus AMT,2019,"47,000kms",Diesel,Automatic,₹7.15 Lakh,new-delhi
MG,MG HectorSharp DCT,2020,"60,000kms",Petrol,Automatic,₹9 Lakh,new-delhi
Maruti,Maruti SwiftVXI,2015,"30,000kms",Petrol,Manual,₹3.10 Lakh,new-delhi
Maruti,Maruti SwiftLXI Optional-O,2017,"50,000kms",Petrol,Manual,₹3.10 Lakh,new-delhi
Toyota,Toyota Innova Crysta2.7 GX AT,2016,"59,000kms",Petrol,Automatic,₹10.25 Lakh,new-delhi
Maruti,Maruti Vitara BrezzaZDi Plus AMT,2019,"47,000kms",Diesel,Automatic,₹7.15 Lakh,new-delhi
MG,MG HectorSharp DCT,2020,"60,000kms",Petrol,Automatic,₹9 Lakh,new-delhi
Hyundai,Hyundai Creta1.6 E Plus,2018,"70,000kms",Petrol,Manual,₹6 Lakh,new-delhi
Hyundai,Hyundai CretaSX Diesel BSVI,2020,"20,000kms",Diesel,Manual,₹11.05 Lakh,new-delhi
Ford,Ford Ecosport1.5 Diesel Titanium BSIV,2018,"1,08,000kms",Diesel,Manual,₹4.28 Lakh,new-delhi
Mercedes-Benz,Mercedes-Benz M-ClassML 250 CDI,2014,"89,000kms",Diesel,Automatic,₹12.50 Lakh,new-delhi
Jeep,Jeep Compass Trailhawk2.0 4X4,2022,"84,000kms",Diesel,Automatic,₹19.50 Lakh,new-delhi
Maruti,Maruti Vitara BrezzaLXI,2022,"30,000kms",Petrol,Manual,₹6.50 Lakh,new-delhi
Hyundai,Hyundai AlcazarPlatinum 7-Seater,2023,"30,000kms",Petrol,Manual,₹16.50 Lakh,new-delhi
Maruti,Maruti Vitara BrezzaVDi Option,2017,"80,000kms",Diesel,Manual,₹4 Lakh,new-delhi
Maruti,Maruti Grand VitaraAlpha Plus Hybrid CVT BSVI,2023,"8,052kms",Petrol,Automatic,₹17.75 Lakh,new-delhi
Maruti,Maruti Wagon RLXI CNG,2019,"70,000kms",CNG,Manual,₹4 Lakh,new-delhi
Maruti,Maruti CiazAlpha 1.5,2020,"97,000kms",Diesel,Manual,₹6.50 Lakh,new-delhi
Maruti,Maruti Baleno1.2 CVT Delta,2016,"57,000kms",Petrol,Automatic,₹4 Lakh,new-delhi
Hyundai,Hyundai Verna1.6 EX VTVT,2013,"80,000kms",Petrol,Manual,₹2.60 Lakh,new-delhi
Hyundai,Hyundai CretaS Plus Knight,2023,"35,000kms",Petrol,Manual,₹11.50 Lakh,new-delhi
Hyundai,Hyundai Xcent1.2 Kappa Base,2014,"97,500kms",Petrol,Manual,₹2.30 Lakh,new-delhi
Nissan,Nissan TerranoXL Plus 85 PS,2017,"88,000kms",Diesel,Manual,₹4.50 Lakh,new-delhi
Tata,Tata Tiago1.2 Revotron XZ,2018,"70,000kms",Petrol,Manual,₹3.40 Lakh,new-delhi
Ford,Ford Ecosport1.5 Petrol Titanium BSIV,2018,"57,000kms",Petrol,Manual,₹5.50 Lakh,new-delhi
MG,MG HectorSharp Diesel MT,2020,"72,000kms",Diesel,Manual,₹10.75 Lakh,new-delhi
Mahindra,Mahindra MarazzoM6,2018,"70,000kms",Diesel,Manual,₹5.25 Lakh,new-delhi
Tata,Tata Nexon1.2 Revotron XM,2019,"62,000kms",Petrol,Manual,₹5.20 Lakh,new-delhi
Toyota,Toyota Innova Crysta2.4 VX MT 8S BSIV,2016,"1,00,000kms",Diesel,Manual,₹12 Lakh,new-delhi
Kia,Kia SeltosGTK,2019,"52,000kms",Petrol,Manual,₹8.25 Lakh,new-delhi
Kia,Kia SeltosAnniversary Edition IVT,2020,"42,000kms",Petrol,Automatic,₹10.50 Lakh,new-delhi
Hyundai,Hyundai Creta1.4 E Plus CRDi,2017,"1,35,000kms",Diesel,Manual,₹5.85 Lakh,new-delhi
Hyundai,Hyundai Creta1.6 SX Automatic,2019,"55,000kms",Petrol,Automatic,₹8.75 Lakh,new-delhi
Hyundai,Hyundai Grand i10Sportz,2016,"65,000kms",Petrol,Manual,₹3.79 Lakh,new-delhi
Hyundai,Hyundai i20Sportz BSVI,2021,"66,000kms",Petrol,Manual,₹5.50 Lakh,new-delhi
Hyundai,Hyundai Xcent1.2 Kappa S,2015,"1,21,000kms",Petrol,Manual,₹2.25 Lakh,new-delhi
Maruti,Maruti Baleno1.2 Delta,2018,"40,000kms",Petrol,Manual,₹5 Lakh,new-delhi
Tata,Tata NexonSmart Plus S,2024,"30,000kms",Petrol,Manual,₹7.40 Lakh,new-delhi
Maruti,Maruti SwiftVXI,2018,"60,000kms",Petrol,Manual,₹4.10 Lakh,new-delhi
Hyundai,Hyundai Grand i10Magna,2015,"70,000kms",Petrol,Manual,₹2.50 Lakh,new-delhi
Maruti,Maruti Vitara BrezzaLXI,2021,"40,000kms",Petrol,Manual,₹6.50 Lakh,new-delhi
Hyundai,Hyundai i20Asta 1.2,2017,"70,000kms",Petrol,Manual,₹4 Lakh,new-delhi
Maruti,Maruti SwiftLXI BSIV,2017,"41,000kms",Petrol,Manual,₹3.75 Lakh,new-delhi
Maruti,Maruti Baleno1.2 Delta,2018,"49,000kms",Petrol,Manual,₹4.50 Lakh,new-delhi
Hyundai,Hyundai i10Magna,2011,"30,000kms",Petrol,Manual,₹1.85 Lakh,new-delhi
Maruti,Maruti Wagon RLXI CNG,2018,"1,23,000kms",CNG,Manual,₹3.20 Lakh,new-delhi
Kia,Kia SonetHTX Diesel BSVI,2022,"1,00,000kms",Diesel,Manual,₹8 Lakh,new-delhi
Maruti,Maruti Baleno1.2 Sigma,2016,"77,000kms",Petrol,Manual,₹2.90 Lakh,new-delhi
Maruti,Maruti Vitara BrezzaZDi Plus,2019,"50,000kms",Diesel,Manual,₹7.75 Lakh,new-delhi
Hyundai,Hyundai CretaSX IVT,2023,"40,000kms",Petrol,Automatic,₹14 Lakh,new-delhi
Kia,Kia CarensLuxury Plus iMT,2023,"7,208kms",Petrol,Manual,₹15.25 Lakh,new-delhi
Kia,Kia CarensLuxury Plus iMT,2023,"11,246kms",Petrol,Manual,₹15.25 Lakh,new-delhi
Maruti,Maruti Wagon RLXI BS IV,2014,"80,000kms",Petrol,Manual,₹1.89 Lakh,new-delhi
Maruti,Maruti Wagon RLXI BS IV,2014,"50,000kms",Petrol,Manual,₹1.80 Lakh,new-delhi
Hyundai,Hyundai Grand i10Sportz,2016,"75,000kms",Petrol,Manual,₹3.50 Lakh,new-delhi
Toyota,Toyota Innova Crysta2.7 GX AT,2017,"54,072kms",Petrol,Automatic,₹12.25 Lakh,new-delhi
Hyundai,Hyundai Xcent1.2 VTVT E,2018,"60,000kms",Petrol,Manual,₹3.50 Lakh,new-delhi
Maruti,Maruti Grand VitaraDelta BSVI,2022,"34,000kms",Petrol,Manual,₹10.75 Lakh,new-delhi
BMW,BMW 6 SeriesGT 630i Luxury Line  -2021,2018,"37,000kms",Petrol,Automatic,₹32.90 Lakh,new-delhi
MG,MG Hector PlusSharp Diesel MT,2022,"41,000kms",Diesel,Manual,₹13.99 Lakh,new-delhi
Mercedes-Benz,Mercedes-Benz GLC200,2022,"39,000kms",Petrol,Automatic,₹46.50 Lakh,new-delhi
MG,MG HectorSharp DCT,2020,"44,942kms",Petrol,Automatic,₹12.50 Lakh,new-delhi
Hyundai,Hyundai CretaE Diesel BSVI,2021,"62,000kms",Diesel,Manual,₹8.50 Lakh,new-delhi
MG,MG Hector PlusSavvy Pro CVT,2024,"15,000kms",Petrol,Automatic,₹18.75 Lakh,new-delhi
Maruti,Maruti SwiftVXI,2016,"54,000kms",Petrol,Manual,₹3.35 Lakh,new-delhi
Hyundai,Hyundai Creta1.6 EX Petrol,2020,"11,000kms",Petrol,Manual,₹9.49 Lakh,new-delhi
Hyundai,Hyundai Grand i101.2 Kappa Magna BSIV,2017,"75,000kms",Petrol,Manual,₹3.30 Lakh,new-delhi
Kia,Kia SeltosHTK G,2019,"44,000kms",Petrol,Manual,₹8.10 Lakh,new-delhi
Hyundai,Hyundai CretaEX Diesel BSVI,2022,"80,000kms",Diesel,Manual,₹10.50 Lakh,new-delhi
MG,MG HectorSharp DCT,2021,"46,560kms",Petrol,Automatic,₹12.25 Lakh,new-delhi
Maruti,Maruti SwiftVXI,2020,"25,000kms",Petrol,Manual,₹5.40 Lakh,new-delhi
Maruti,Maruti BalenoAlpha CVT,2019,"70,000kms",Petrol,Automatic,₹6 Lakh,new-delhi
Maruti,Maruti Vitara BrezzaVXI,2021,"48,000kms",Petrol,Manual,₹6.45 Lakh,new-delhi
Tata,Tata Tiago1.2 Revotron XZ,2018,"33,000kms",Petrol,Manual,₹3.29 Lakh,new-delhi
Maruti,Maruti SwiftVXI,2016,"90,000kms",Petrol,Manual,₹3 Lakh,new-delhi
Tata,Tata Tiago1.2 Revotron XZ,2018,"22,000kms",Petrol,Manual,₹3.95 Lakh,new-delhi
Maruti,Maruti CiazVDi Plus SHVS,2017,"84,500kms",Diesel,Manual,₹4.01 Lakh,new-delhi
Hyundai,Hyundai Grand i101.2 Kappa Sportz BSIV,2019,"60,000kms",Petrol,Manual,₹3.90 Lakh,new-delhi
Honda,Honda AmazeS i-VTEC,2017,"79,000kms",Petrol,Manual,₹3.65 Lakh,new-delhi
Kia,Kia CarensLuxury Plus iMT,2023,"7,208kms",Petrol,Manual,₹15.25 Lakh,new-delhi
Kia,Kia CarensLuxury Plus iMT,2023,"11,246kms",Petrol,Manual,₹15.25 Lakh,new-delhi
Maruti,Maruti Wagon RLXI BS IV,2014,"80,000kms",Petrol,Manual,₹1.89 Lakh,new-delhi
Maruti,Maruti CiazAlpha 1.5,2020,"97,000kms",Diesel,Manual,₹6.50 Lakh,new-delhi
Hyundai,Hyundai Xcent1.2 Kappa Base,2014,"97,500kms",Petrol,Manual,₹2.30 Lakh,new-delhi
Ford,Ford Ecosport1.5 Diesel Titanium BSIV,2018,"1,50,000kms",Diesel,Manual,₹4.10 Lakh,new-delhi
Maruti,Maruti SwiftVXI,2018,"90,000kms",Petrol,Manual,₹4 Lakh,new-delhi
Skoda,Skoda KylaqSignature Plus,2025,"10,000kms",Petrol,Manual,₹11.50 Lakh,new-delhi
Honda,Honda Cityi-VTEC V,2018,"1,00,000kms",Petrol,Manual,₹5.50 Lakh,new-delhi
Tata,Tata AltrozXZ Plus DCT BSVI,2023,"20,000kms",Petrol,Automatic,₹7 Lakh,new-delhi
Maruti,Maruti Wagon RLXI CNG,2018,"1,23,000kms",CNG,Manual,₹3.20 Lakh,new-delhi
Kia,Kia SonetHTX Diesel BSVI,2022,"1,00,000kms",Diesel,Manual,₹8 Lakh,new-delhi
Maruti,Maruti Baleno1.2 Sigma,2016,"77,000kms",Petrol,Manual,₹2.90 Lakh,new-delhi
Maruti,Maruti Vitara BrezzaZDi Plus,2019,"50,000kms",Diesel,Manual,₹7.75 Lakh,new-delhi
Hyundai,Hyundai CretaSX IVT,2023,"40,000kms",Petrol,Automatic,₹14 Lakh,new-delhi
Maruti,Maruti BalenoAlpha CVT,2019,"70,000kms",Petrol,Automatic,₹6 Lakh,new-delhi
Hyundai,Hyundai i20Sportz 1.2,2015,"1,20,000kms",Petrol,Manual,₹2.80 Lakh,new-delhi
Jeep,Jeep Compass2.0 Sport,2020,"56,000kms",Diesel,Manual,₹9.90 Lakh,new-delhi
Jeep,Jeep Compass2.0 Limited,2020,"70,000kms",Diesel,Manual,₹12 Lakh,new-delhi
Hyundai,Hyundai Grand i10 NiosSportz,2021,"40,394kms",Petrol,Manual,₹5.95 Lakh,new-delhi
Skoda,Skoda Rapid1.6 MPI Ambition Plus,2016,"1,20,000kms",Petrol,Manual,₹3.20 Lakh,new-delhi
Hyundai,Hyundai Creta1.6 VTVT AT SX Plus,2017,"60,000kms",Petrol,Automatic,₹5.80 Lakh,new-delhi
Honda,Honda AmazeS i-Vtech,2015,"80,000kms",Petrol,Manual,₹2.47 Lakh,new-delhi
Maruti,Maruti Vitara BrezzaZDi Plus,2017,"50,000kms",Diesel,Manual,₹5.10 Lakh,new-delhi
Hyundai,Hyundai i10Sportz,2014,"60,000kms",Petrol,Manual,₹2 Lakh,new-delhi
Maruti,Maruti Vitara BrezzaVXI,2021,"37,400kms",Petrol,Manual,₹6.70 Lakh,new-delhi
Hyundai,Hyundai Grand i101.2 Kappa Sportz BSIV,2018,"36,000kms",Petrol,Manual,₹4.35 Lakh,new-delhi
Maruti,Maruti Wagon R StingrayVXI,2015,"50,000kms",Petrol,Manual,₹2.10 Lakh,new-delhi
Honda,Honda Cityi VTEC VX Option BL,2016,"1,10,000kms",Petrol,Manual,₹5.25 Lakh,new-delhi
Hyundai,Hyundai i10Sportz 1.1L,2015,"90,000kms",Petrol,Manual,₹2.20 Lakh,new-delhi
Hyundai,Hyundai i10Sportz 1.1L,2015,"90,000kms",Petrol,Manual,₹2.20 Lakh,new-delhi
Maruti,Maruti Baleno1.2 CVT Delta,2017,"53,000kms",Petrol,Automatic,₹4.35 Lakh,new-delhi
MG,MG HectorSharp AT BSIV,2021,"62,000kms",Petrol,Automatic,₹12.90 Lakh,new-delhi
Maruti,Maruti CiazAlpha Automatic BSIV,2017,"59,000kms",Petrol,Automatic,₹4.90 Lakh,new-delhi
Kia,Kia CarensPrestige Plus BSVI,2022,"58,000kms",Petrol,Manual,₹10.50 Lakh,new-delhi
Kia,Kia SeltosHTX IVT G,2022,"62,000kms",Petrol,Automatic,₹11.25 Lakh,new-delhi
Tata,Tata NexonXZ Plus S,2023,"14,000kms",Petrol,Manual,₹9 Lakh,new-delhi
Tata,Tata TiagoXZ Plus CNG BSVI,2022,"51,000kms",CNG,Manual,₹5.50 Lakh,new-delhi
Maruti,Maruti SwiftVXI,2011,"73,000kms",Petrol,Manual,₹1.60 Lakh,new-delhi
Hyundai,Hyundai i201.2 Anniversary Edition,2015,"50,000kms",Petrol,Manual,₹4 Lakh,new-delhi
Honda,Honda CityS,2012,"1,00,000kms",Petrol,Manual,₹3 Lakh,new-delhi
Jeep,Jeep Compass1.4 Sport,2020,"12,000kms",Petrol,Manual,₹9.90 Lakh,new-delhi
MG,MG HectorSharp CVT,2023,"35,000kms",Petrol,Automatic,₹15.75 Lakh,new-delhi
Maruti,Maruti CelerioVXI,2015,"60,000kms",Petrol,Manual,₹2.60 Lakh,new-delhi
Ford,Ford Ecosport1.5 Petrol Titanium BSIV,2018,"60,000kms",Petrol,Manual,₹5 Lakh,new-delhi
Maruti,Maruti Vitara BrezzaVXI,2021,"48,000kms",Petrol,Manual,₹6.45 Lakh,new-delhi
Tata,Tata Tiago1.2 Revotron XZ,2018,"33,000kms",Petrol,Manual,₹3.29 Lakh,new-delhi
Maruti,Maruti SwiftVXI,2016,"90,000kms",Petrol,Manual,₹3 Lakh,new-delhi
Tata,Tata Tiago1.2 Revotron XZ,2018,"22,000kms",Petrol,Manual,₹3.95 Lakh,new-delhi
Maruti,Maruti CiazVDi Plus SHVS,2017,"84,500kms",Diesel,Manual,₹4.01 Lakh,new-delhi
Hyundai,Hyundai Grand i101.2 Kappa Sportz BSIV,2019,"60,000kms",Petrol,Manual,₹3.90 Lakh,new-delhi
Honda,Honda AmazeS i-VTEC,2017,"79,000kms",Petrol,Manual,₹3.65 Lakh,new-delhi
Kia,Kia CarnivalLimousine Plus,2023,"67,000kms",Diesel,Automatic,₹35 Lakh,new-delhi
Hyundai,Hyundai Creta1.6 SX,2018,"80,000kms",Petrol,Manual,₹8 Lakh,new-delhi
Nissan,Nissan TerranoXL,2016,"56,000kms",Petrol,Manual,₹3.95 Lakh,new-delhi
Hyundai,Hyundai Creta1.4 CRDi Base,2016,"1,00,000kms",Diesel,Manual,₹5.50 Lakh,new-delhi
Maruti,Maruti Baleno1.2 Alpha,2018,"1,50,000kms",Petrol,Manual,₹4.50 Lakh,new-delhi
Hyundai,Hyundai i10Sportz,2011,"10,055kms",Petrol,Manual,₹1.65 Lakh,new-delhi
Maruti,Maruti SwiftLXI BSIV,2015,"99,000kms",Petrol,Manual,₹2.25 Lakh,new-delhi
Maruti,Maruti Wagon RVXI BS IV,2012,"80,000kms",Petrol,Manual,₹1.50 Lakh,new-delhi
Hyundai,Hyundai CretaS Plus Knight,2023,"80,000kms",Petrol,Manual,₹12.50 Lakh,new-delhi
Maruti,Maruti Baleno1.2 Alpha,2017,"90,000kms",Petrol,Manual,₹3.82 Lakh,new-delhi
Maruti,Maruti SwiftVXI BSII,2010,"50,000kms",Petrol,Manual,₹1.20 Lakh,new-delhi
Maruti,Maruti SwiftVXI,2016,"71,000kms",Petrol,Manual,₹3.65 Lakh,new-delhi
Tata,Tata Nexon1.5 Revotorq XZA Plus,2019,"1,20,000kms",Diesel,Automatic,₹7 Lakh,new-delhi
Hyundai,Hyundai i20Sportz 1.2,2017,"40,000kms",Petrol,Manual,₹3.99 Lakh,new-delhi
Toyota,Toyota EtiosG,2015,"80,000kms",Petrol,Manual,₹6 Lakh,new-delhi
Hyundai,Hyundai CretaSX Diesel AT BSVI,2021,"71,000kms",Diesel,Automatic,₹12 Lakh,new-delhi
Honda,Honda AmazeS i-Vtech,2014,"64,000kms",Petrol,Manual,₹3.25 Lakh,new-delhi
Kia,Kia CarensPrestige Plus DCT BSVI,2023,"32,563kms",Petrol,Automatic,₹13.50 Lakh,new-delhi
Kia,Kia SeltosHTX G,2022,"40,265kms",Petrol,Manual,₹11 Lakh,new-delhi
Maruti,Maruti Baleno1.2 Delta,2017,"41,000kms",Petrol,Manual,₹3.85 Lakh,new-delhi
Kia,Kia CarnivalPrestige 6 STR,2022,"32,000kms",Diesel,Automatic,₹31 Lakh,new-delhi
MG,MG Hector PlusSharp DCT,2020,"20,000kms",Petrol,Automatic,₹10.20 Lakh,new-delhi
Honda,Honda CityE,2013,"1,60,000kms",Petrol,Manual,₹2.25 Lakh,new-delhi
Maruti,Maruti BalenoZeta,2021,"60,900kms",Petrol,Manual,₹5.24 Lakh,new-delhi
Maruti,Maruti CiazVDi Option SHVS,2017,"70,000kms",Diesel,Manual,₹4 Lakh,new-delhi
Kia,Kia CarensPrestige Opt,2024,"11,000kms",Petrol,Manual,₹11.75 Lakh,new-delhi
Hyundai,Hyundai Grand i10Magna,2017,"37,000kms",Petrol,Manual,₹3.65 Lakh,new-delhi
Hyundai,Hyundai CretaSX,2023,"26,700kms",Petrol,Manual,₹14 Lakh,new-delhi
Ford,Ford Ecosport1.5 Petrol Titanium Plus BSIV,2018,"65,000kms",Petrol,Manual,₹5.25 Lakh,new-delhi
Kia,Kia SeltosHTX G,2021,"79,000kms",Petrol,Manual,₹10.50 Lakh,new-delhi
Maruti,Maruti Wagon RVXI Optional,2018,"63,000kms",Petrol,Manual,₹3.22 Lakh,new-delhi
Maruti,Maruti SwiftVXI,2016,"71,000kms",Petrol,Manual,₹3.65 Lakh,new-delhi
Tata,Tata Nexon1.5 Revotorq XZA Plus,2019,"1,20,000kms",Diesel,Automatic,₹7 Lakh,new-delhi
Hyundai,Hyundai i20Sportz 1.2,2017,"40,000kms",Petrol,Manual,₹3.99 Lakh,new-delhi
Toyota,Toyota EtiosG,2015,"80,000kms",Petrol,Manual,₹6 Lakh,new-delhi
Hyundai,Hyundai CretaSX Diesel AT BSVI,2021,"71,000kms",Diesel,Automatic,₹12 Lakh,new-delhi
Honda,Honda AmazeS i-Vtech,2014,"64,000kms",Petrol,Manual,₹3.25 Lakh,new-delhi
Kia,Kia CarensPrestige Plus DCT BSVI,2023,"32,563kms",Petrol,Automatic,₹13.50 Lakh,new-delhi
Kia,Kia SeltosHTX G,2022,"40,265kms",Petrol,Manual,₹11 Lakh,new-delhi
Maruti,Maruti Baleno1.2 Delta,2017,"41,000kms",Petrol,Manual,₹3.85 Lakh,new-delhi
Kia,Kia CarnivalPrestige 6 STR,2022,"32,000kms",Diesel,Automatic,₹31 Lakh,new-delhi
MG,MG Hector PlusSharp DCT,2020,"20,000kms",Petrol,Automatic,₹10.20 Lakh,new-delhi
Honda,Honda CityE,2013,"1,60,000kms",Petrol,Manual,₹2.25 Lakh,new-delhi
Maruti,Maruti BalenoZeta,2021,"60,900kms",Petrol,Manual,₹5.24 Lakh,new-delhi
Maruti,Maruti CiazVDi Option SHVS,2017,"70,000kms",Diesel,Manual,₹4 Lakh,new-delhi
Kia,Kia CarensPrestige Opt,2024,"11,000kms",Petrol,Manual,₹11.75 Lakh,new-delhi
Hyundai,Hyundai Grand i10Magna,2017,"37,000kms",Petrol,Manual,₹3.65 Lakh,new-delhi
Hyundai,Hyundai CretaSX,2023,"26,700kms",Petrol,Manual,₹14 Lakh,new-delhi
Ford,Ford Ecosport1.5 Petrol Titanium Plus BSIV,2018,"65,000kms",Petrol,Manual,₹5.25 Lakh,new-delhi
Kia,Kia SeltosHTX G,2021,"79,000kms",Petrol,Manual,₹10.50 Lakh,new-delhi
Maruti,Maruti Wagon RVXI Optional,2018,"63,000kms",Petrol,Manual,₹3.22 Lakh,new-delhi
Maruti,Maruti Swift VXI,2016,"71,000 kms",Petrol,Manual,₹3.65 Lakh,new-delhi
Tata,Tata Nexon 1.5 Revotorq XZA Plus,2019,"1,20,000 kms",Diesel,Automatic,₹7 Lakh,new-delhi
Hyundai,Hyundai i20 Sportz 1.2,2017,"40,000 kms",Petrol,Manual,₹3.99 Lakh,new-delhi
Toyota,Toyota Etios G,2015,"80,000 kms",Petrol,Manual,₹6 Lakh,new-delhi
Hyundai,Hyundai Creta SX Diesel AT BSVI,2021,"71,000 kms",Diesel,Automatic,₹12 Lakh,new-delhi
Honda,Honda Amaze S i-Vtech,2014,"64,000 kms",Petrol,Manual,₹3.25 Lakh,new-delhi
Kia,Kia Carens Prestige Plus DCT BSVI,2023,"32,563 kms",Petrol,Automatic,₹13.50 Lakh,new-delhi
Kia,Kia Seltos HTX G,2022,"40,265 kms",Petrol,Manual,₹11 Lakh,new-delhi
Maruti,Maruti Baleno 1.2 Delta,2017,"41,000 kms",Petrol,Manual,₹3.85 Lakh,new-delhi
Kia,Kia Carnival Prestige 6 STR,2022,"32,000 kms",Diesel,Automatic,₹31 Lakh,new-delhi
MG,MG Hector Plus Sharp DCT,2020,"20,000 kms",Petrol,Automatic,₹10.20 Lakh,new-delhi
Honda,Honda City E,2013,"1,60,000 kms",Petrol,Manual,₹2.25 Lakh,new-delhi
Maruti,Maruti Baleno Zeta,2021,"60,900 kms",Petrol,Manual,₹5.24 Lakh,new-delhi
Maruti,Maruti Ciaz VDi Option SHVS,2017,"70,000 kms",Diesel,Manual,₹4 Lakh,new-delhi
Kia,Kia Carens Prestige Opt,2024,"11,000 kms",Petrol,Manual,₹11.75 Lakh,new-delhi
Hyundai,Hyundai Grand i10 Magna,2017,"37,000 kms",Petrol,Manual,₹3.65 Lakh,new-delhi
Hyundai,Hyundai Creta SX,2023,"26,700 kms",Petrol,Manual,₹14 Lakh,new-delhi
Ford,Ford Ecosport 1.5 Petrol Titanium Plus BSIV,2018,"65,000 kms",Petrol,Manual,₹5.25 Lakh,new-delhi
Kia,Kia Seltos HTX G,2021,"79,000 kms",Petrol,Manual,₹10.50 Lakh,new-delhi
Maruti,Maruti Wagon R VXI Optional,2018,"63,000 kms",Petrol,Manual,₹3.22 Lakh,new-delhi
Maruti,Maruti SwiftVXI,2016,"71,000kms",Petrol,Manual,₹3.65 Lakh,new-delhi
Tata,Tata Nexon1.5 Revotorq XZA Plus,2019,"1,20,000kms",Diesel,Automatic,₹7 Lakh,new-delhi
Hyundai,Hyundai i20Sportz 1.2,2017,"40,000kms",Petrol,Manual,₹3.99 Lakh,new-delhi
Toyota,Toyota EtiosG,2015,"80,000kms",Petrol,Manual,₹6 Lakh,new-delhi
Hyundai,Hyundai CretaSX Diesel AT BSVI,2021,"71,000kms",Diesel,Automatic,₹12 Lakh,new-delhi
Honda,Honda AmazeS i-Vtech,2014,"64,000kms",Petrol,Manual,₹3.25 Lakh,new-delhi
Kia,Kia CarensPrestige Plus DCT BSVI,2023,"32,563kms",Petrol,Automatic,₹13.50 Lakh,new-delhi
Kia,Kia SeltosHTX G,2022,"40,265kms",Petrol,Manual,₹11 Lakh,new-delhi
Maruti,Maruti Baleno1.2 Delta,2017,"41,000kms",Petrol,Manual,₹3.85 Lakh,new-delhi
Kia,Kia CarnivalPrestige 6 STR,2022,"32,000kms",Diesel,Automatic,₹31 Lakh,new-delhi
MG,MG Hector PlusSharp DCT,2020,"20,000kms",Petrol,Automatic,₹10.20 Lakh,new-delhi
Honda,Honda CityE,2013,"1,60,000kms",Petrol,Manual,₹2.25 Lakh,new-delhi
Maruti,Maruti BalenoZeta,2021,"60,900kms",Petrol,Manual,₹5.24 Lakh,new-delhi
Maruti,Maruti CiazVDi Option SHVS,2017,"70,000kms",Diesel,Manual,₹4 Lakh,new-delhi
Kia,Kia CarensPrestige Opt,2024,"11,000kms",Petrol,Manual,₹11.75 Lakh,new-delhi
Hyundai,Hyundai Grand i10Magna,2017,"37,000kms",Petrol,Manual,₹3.65 Lakh,new-delhi
Hyundai,Hyundai CretaSX,2023,"26,700kms",Petrol,Manual,₹14 Lakh,new-delhi
Ford,Ford Ecosport1.5 Petrol Titanium Plus BSIV,2018,"65,000kms",Petrol,Manual,₹5.25 Lakh,new-delhi
Kia,Kia SeltosHTX G,2021,"79,000kms",Petrol,Manual,₹10.50 Lakh,new-delhi
Maruti,Maruti Wagon RVXI Optional,2018,"63,000kms",Petrol,Manual,₹3.22 Lakh,new-delhi
Hyundai,Hyundai Creta1.6 SX,2018,"80,000kms",Petrol,Manual,₹8 Lakh,new-delhi
Nissan,Nissan TerranoXL,2016,"56,000kms",Petrol,Manual,₹3.95 Lakh,new-delhi
Hyundai,Hyundai Creta1.4 CRDi Base,2016,"1,00,000kms",Diesel,Manual,₹5.50 Lakh,new-delhi
Maruti,Maruti Baleno1.2 Alpha,2018,"1,50,000kms",Petrol,Manual,₹4.50 Lakh,new-delhi
Hyundai,Hyundai i10Sportz,2011,"10,055kms",Petrol,Manual,₹1.65 Lakh,new-delhi
Maruti,Maruti SwiftLXI BSIV,2015,"99,000kms",Petrol,Manual,₹2.25 Lakh,new-delhi
Maruti,Maruti Wagon RVXI BS IV,2012,"80,000kms",Petrol,Manual,₹1.50 Lakh,new-delhi
Hyundai,Hyundai CretaS Plus Knight,2023,"80,000kms",Petrol,Manual,₹12.50 Lakh,new-delhi
Maruti,Maruti Baleno1.2 Alpha,2017,"90,000kms",Petrol,Manual,₹3.82 Lakh,new-delhi
Maruti,Maruti SwiftVXI BSII,2010,"50,000kms",Petrol,Manual,₹1.20 Lakh,new-delhi
Hyundai,Hyundai Grand i10Asta Option,2016,"1,20,000kms",Petrol,Manual,₹2.50 Lakh,new-delhi
MG,MG AstorSuper EX BSVI,2022,"20,000kms",Petrol,Manual,₹7 Lakh,new-delhi
Toyota,Toyota GlanzaS CNG BSVI,2023,"1,00,000kms",CNG,Manual,₹7 Lakh,new-delhi
Hyundai,Hyundai i10Magna,2012,"55,500kms",Petrol,Manual,₹2 Lakh,new-delhi
Maruti,Maruti Wagon R StingrayLXI Optional,2017,"90,000kms",Petrol,Manual,₹2.60 Lakh,new-delhi
Kia,Kia SeltosHTK Plus,2024,"15,000kms",Petrol,Manual,₹12.15 Lakh,new-delhi
Maruti,Maruti Baleno1.2 Zeta,2017,"70,000kms",Petrol,Manual,₹4 Lakh,new-delhi
Maruti,Maruti Baleno1.2 CVT Delta,2016,"57,000kms",Petrol,Automatic,₹4 Lakh,new-delhi
Hyundai,Hyundai Verna1.6 EX VTVT,2013,"80,000kms",Petrol,Manual,₹2.60 Lakh,new-delhi
Hyundai,Hyundai CretaS Plus Knight,2023,"35,000kms",Petrol,Manual,₹11.50 Lakh,new-delhi
Hyundai,Hyundai VernaSX Turbo DCT,2023,"51,000kms",Petrol,Automatic,₹13.40 Lakh,new-delhi
Hyundai,Hyundai i20Petrol Spotz,2019,"1,20,000kms",Petrol,Manual,₹4.50 Lakh,new-delhi
Mercedes-Benz,Mercedes-Benz GLS350d 4MATIC,2019,"51,000kms",Diesel,Automatic,₹55 Lakh,new-delhi
Jeep,Jeep Compass2.0 Limited,2019,"43,000kms",Diesel,Manual,₹9.80 Lakh,new-delhi
Kia,Kia CarnivalLimousine Plus,2023,"68,000kms",Diesel,Automatic,₹35 Lakh,new-delhi
Mercedes-Benz,Mercedes-Benz C-ClassC 200 AVANTGARDE,2015,"33,000kms",Petrol,Automatic,₹15.75 Lakh,new-delhi
MG,MG Hector PlusSharp DCT,2020,"50,000kms",Petrol,Automatic,₹12.75 Lakh,new-delhi
Honda,Honda AmazeS i-Vtech,2015,"70,000kms",Petrol,Manual,₹2.65 Lakh,new-delhi
Toyota,Toyota Innova Crysta2.4 ZX MT BSIV,2018,"1,00,000kms",Diesel,Manual,₹13.50 Lakh,new-delhi
Maruti,Maruti CiazDelta BSIV,2019,"60,000kms",Petrol,Manual,₹5.38 Lakh,new-delhi
Maruti,Maruti Baleno1.2 CVT Alpha,2018,"28,000kms",Petrol,Automatic,₹5.35 Lakh,new-delhi
Kia,Kia SonetHTX Plus Turbo iMT BSVI,2020,"38,000kms",Petrol,Manual,₹7.75 Lakh,new-delhi
Maruti,Maruti Vitara BrezzaVDi,2017,"65,000kms",Diesel,Manual,₹4.50 Lakh,new-delhi
Tata,Tata Tiago1.2 Revotron XZ,2019,"60,000kms",Petrol,Manual,₹3.55 Lakh,new-delhi
Tata,Tata Tiago1.2 Revotron XZA,2019,"68,000kms",Petrol,Automatic,₹3.95 Lakh,new-delhi
Tata,Tata Nexon1.5 Revotorq XZ Plus,2018,"66,000kms",Diesel,Manual,₹5.50 Lakh,new-delhi
Toyota,Toyota Innova Crysta2.4 G MT 8S BSIV,2018,"2,97,000kms",Diesel,Manual,₹11.75 Lakh,new-delhi
Kia,Kia SeltosHTX IVT G,2021,"78,000kms",Petrol,Automatic,₹11.50 Lakh,new-delhi
Honda,Honda AmazeVX i-Vtech,2014,"60,000kms",Petrol,Manual,₹5 Lakh,new-delhi
Toyota,Toyota Innova Crysta2.7 GX AT BSIV,2017,"80,000kms",Petrol,Automatic,₹10.50 Lakh,new-delhi
Hyundai,Hyundai VernaSX Turbo DCT,2023,"51,000kms",Petrol,Automatic,₹13.40 Lakh,new-delhi
Hyundai,Hyundai i20Petrol Spotz,2019,"1,20,000kms",Petrol,Manual,₹4.50 Lakh,new-delhi
Mercedes-Benz,Mercedes-Benz GLS350d 4MATIC,2019,"51,000kms",Diesel,Automatic,₹55 Lakh,new-delhi
Jeep,Jeep Compass2.0 Limited,2019,"43,000kms",Diesel,Manual,₹9.80 Lakh,new-delhi
Kia,Kia CarnivalLimousine Plus,2023,"68,000kms",Diesel,Automatic,₹35 Lakh,new-delhi
Mercedes-Benz,Mercedes-Benz C-ClassC 200 AVANTGARDE,2015,"33,000kms",Petrol,Automatic,₹15.75 Lakh,new-delhi
MG,MG Hector PlusSharp DCT,2020,"50,000kms",Petrol,Automatic,₹12.75 Lakh,new-delhi
Honda,Honda AmazeS i-Vtech,2015,"70,000kms",Petrol,Manual,₹2.65 Lakh,new-delhi
Toyota,Toyota Innova Crysta2.4 ZX MT BSIV,2018,"1,00,000kms",Diesel,Manual,₹13.50 Lakh,new-delhi
Maruti,Maruti CiazDelta BSIV,2019,"60,000kms",Petrol,Manual,₹5.38 Lakh,new-delhi
Maruti,Maruti Baleno1.2 CVT Alpha,2018,"28,000kms",Petrol,Automatic,₹5.35 Lakh,new-delhi
Kia,Kia SonetHTX Plus Turbo iMT BSVI,2020,"38,000kms",Petrol,Manual,₹7.75 Lakh,new-delhi
Maruti,Maruti Vitara BrezzaVDi,2017,"65,000kms",Diesel,Manual,₹4.50 Lakh,new-delhi
Tata,Tata Tiago1.2 Revotron XZ,2019,"60,000kms",Petrol,Manual,₹3.55 Lakh,new-delhi
Tata,Tata Tiago1.2 Revotron XZA,2019,"68,000kms",Petrol,Automatic,₹3.95 Lakh,new-delhi
Tata,Tata Nexon1.5 Revotorq XZ Plus,2018,"66,000kms",Diesel,Manual,₹5.50 Lakh,new-delhi
Toyota,Toyota Innova Crysta2.4 G MT 8S BSIV,2018,"2,97,000kms",Diesel,Manual,₹11.75 Lakh,new-delhi
Kia,Kia SeltosHTX IVT G,2021,"78,000kms",Petrol,Automatic,₹11.50 Lakh,new-delhi
Honda,Honda AmazeVX i-Vtech,2014,"60,000kms",Petrol,Manual,₹5 Lakh,new-delhi
Toyota,Toyota Innova Crysta2.7 GX AT BSIV,2017,"80,000kms",Petrol,Automatic,₹10.50 Lakh,new-delhi
Maruti,Maruti SwiftVXI,2016,"71,000kms",Petrol,Manual,₹3.65 Lakh,new-delhi
Tata,Tata Nexon1.5 Revotorq XZA Plus,2019,"1,20,000kms",Diesel,Automatic,₹7 Lakh,new-delhi
Hyundai,Hyundai i20Sportz 1.2,2017,"40,000kms",Petrol,Manual,₹3.99 Lakh,new-delhi
Toyota,Toyota EtiosG,2015,"80,000kms",Petrol,Manual,₹6 Lakh,new-delhi
Hyundai,Hyundai CretaSX Diesel AT BSVI,2021,"71,000kms",Diesel,Automatic,₹12 Lakh,new-delhi
Honda,Honda AmazeS i-Vtech,2014,"64,000kms",Petrol,Manual,₹3.25 Lakh,new-delhi
Kia,Kia CarensPrestige Plus DCT BSVI,2023,"32,563kms",Petrol,Automatic,₹13.50 Lakh,new-delhi
Kia,Kia SeltosHTX G,2022,"40,265kms",Petrol,Manual,₹11 Lakh,new-delhi
Maruti,Maruti Baleno1.2 Delta,2017,"41,000kms",Petrol,Manual,₹3.85 Lakh,new-delhi
Kia,Kia CarnivalPrestige 6 STR,2022,"32,000kms",Diesel,Automatic,₹31 Lakh,new-delhi
MG,MG Hector PlusSharp DCT,2020,"20,000kms",Petrol,Automatic,₹10.20 Lakh,new-delhi
Honda,Honda CityE,2013,"1,60,000kms",Petrol,Manual,₹2.25 Lakh,new-delhi
Maruti,Maruti BalenoZeta,2021,"60,900kms",Petrol,Manual,₹5.24 Lakh,new-delhi
Maruti,Maruti CiazVDi Option SHVS,2017,"70,000kms",Diesel,Manual,₹4 Lakh,new-delhi
Kia,Kia CarensPrestige Opt,2024,"11,000kms",Petrol,Manual,₹11.75 Lakh,new-delhi
Hyundai,Hyundai Grand i10Magna,2017,"37,000kms",Petrol,Manual,₹3.65 Lakh,new-delhi
Hyundai,Hyundai CretaSX,2023,"26,700kms",Petrol,Manual,₹14 Lakh,new-delhi
Ford,Ford Ecosport1.5 Petrol Titanium Plus BSIV,2018,"65,000kms",Petrol,Manual,₹5.25 Lakh,new-delhi
Kia,Kia SeltosHTX G,2021,"79,000kms",Petrol,Manual,₹10.50 Lakh,new-delhi
Maruti,Maruti Wagon RVXI Optional,2018,"63,000kms",Petrol,Manual,₹3.22 Lakh,new-delhi
Maruti,Maruti SwiftVXI,2016,"71,000kms",Petrol,Manual,₹3.65 Lakh,new-delhi
Tata,Tata Nexon1.5 Revotorq XZA Plus,2019,"1,20,000kms",Diesel,Automatic,₹7 Lakh,new-delhi
Hyundai,Hyundai i20Sportz 1.2,2017,"40,000kms",Petrol,Manual,₹3.99 Lakh,new-delhi
Toyota,Toyota EtiosG,2015,"80,000kms",Petrol,Manual,₹6 Lakh,new-delhi
Hyundai,Hyundai CretaSX Diesel AT BSVI,2021,"71,000kms",Diesel,Automatic,₹12 Lakh,new-delhi
Honda,Honda AmazeS i-Vtech,2014,"64,000kms",Petrol,Manual,₹3.25 Lakh,new-delhi
Kia,Kia CarensPrestige Plus DCT BSVI,2023,"32,563kms",Petrol,Automatic,₹13.50 Lakh,new-delhi
Kia,Kia SeltosHTX G,2022,"40,265kms",Petrol,Manual,₹11 Lakh,new-delhi
Maruti,Maruti Baleno1.2 Delta,2017,"41,000kms",Petrol,Manual,₹3.85 Lakh,new-delhi
Kia,Kia CarnivalPrestige 6 STR,2022,"32,000kms",Diesel,Automatic,₹31 Lakh,new-delhi
MG,MG Hector PlusSharp DCT,2020,"20,000kms",Petrol,Automatic,₹10.20 Lakh,new-delhi
Honda,Honda CityE,2013,"1,60,000kms",Petrol,Manual,₹2.25 Lakh,new-delhi
Maruti,Maruti BalenoZeta,2021,"60,900kms",Petrol,Manual,₹5.24 Lakh,new-delhi
Maruti,Maruti CiazVDi Option SHVS,2017,"70,000kms",Diesel,Manual,₹4 Lakh,new-delhi
Kia,Kia CarensPrestige Opt,2024,"11,000kms",Petrol,Manual,₹11.75 Lakh,new-delhi
Hyundai,Hyundai Grand i10Magna,2017,"37,000kms",Petrol,Manual,₹3.65 Lakh,new-delhi
Hyundai,Hyundai CretaSX,2023,"26,700kms",Petrol,Manual,₹14 Lakh,new-delhi
Ford,Ford Ecosport1.5 Petrol Titanium Plus BSIV,2018,"65,000kms",Petrol,Manual,₹5.25 Lakh,new-delhi
Kia,Kia SeltosHTX G,2021,"79,000kms",Petrol,Manual,₹10.50 Lakh,new-delhi
Maruti,Maruti Wagon RVXI Optional,2018,"63,000kms",Petrol,Manual,₹3.22 Lakh,new-delhi
Hyundai,Hyundai VernaSX Turbo DCT,2023,"51,000kms",Petrol,Automatic,₹13.40 Lakh,new-delhi
Hyundai,Hyundai i20Petrol Spotz,2019,"1,20,000kms",Petrol,Manual,₹4.50 Lakh,new-delhi
Mercedes-Benz,Mercedes-Benz GLS350d 4MATIC,2019,"51,000kms",Diesel,Automatic,₹55 Lakh,new-delhi
Jeep,Jeep Compass2.0 Limited,2019,"43,000kms",Diesel,Manual,₹9.80 Lakh,new-delhi
Kia,Kia CarnivalLimousine Plus,2023,"68,000kms",Diesel,Automatic,₹35 Lakh,new-delhi
Mercedes-Benz,Mercedes-Benz C-ClassC 200 AVANTGARDE,2015,"33,000kms",Petrol,Automatic,₹15.75 Lakh,new-delhi
MG,MG Hector PlusSharp DCT,2020,"50,000kms",Petrol,Automatic,₹12.75 Lakh,new-delhi
Honda,Honda AmazeS i-Vtech,2015,"70,000kms",Petrol,Manual,₹2.65 Lakh,new-delhi
Toyota,Toyota Innova Crysta2.4 ZX MT BSIV,2018,"1,00,000kms",Diesel,Manual,₹13.50 Lakh,new-delhi
Maruti,Maruti CiazDelta BSIV,2019,"60,000kms",Petrol,Manual,₹5.38 Lakh,new-delhi
Maruti,Maruti Baleno1.2 CVT Alpha,2018,"28,000kms",Petrol,Automatic,₹5.35 Lakh,new-delhi
Kia,Kia SonetHTX Plus Turbo iMT BSVI,2020,"38,000kms",Petrol,Manual,₹7.75 Lakh,new-delhi
Maruti,Maruti Vitara BrezzaVDi,2017,"65,000kms",Diesel,Manual,₹4.50 Lakh,new-delhi
Tata,Tata Tiago1.2 Revotron XZ,2019,"60,000kms",Petrol,Manual,₹3.55 Lakh,new-delhi
Tata,Tata Tiago1.2 Revotron XZA,2019,"68,000kms",Petrol,Automatic,₹3.95 Lakh,new-delhi
Tata,Tata Nexon1.5 Revotorq XZ Plus,2018,"66,000kms",Diesel,Manual,₹5.50 Lakh,new-delhi
Toyota,Toyota Innova Crysta2.4 G MT 8S BSIV,2018,"2,97,000kms",Diesel,Manual,₹11.75 Lakh,new-delhi
Kia,Kia SeltosHTX IVT G,2021,"78,000kms",Petrol,Automatic,₹11.50 Lakh,new-delhi
Honda,Honda AmazeVX i-Vtech,2014,"60,000kms",Petrol,Manual,₹5 Lakh,new-delhi
Toyota,Toyota Innova Crysta2.7 GX AT BSIV,2017,"80,000kms",Petrol,Automatic,₹10.50 Lakh,new-delhi
Hyundai,Hyundai Creta1.6 SX,2018,"80,000kms",Petrol,Manual,₹8 Lakh,new-delhi
Nissan,Nissan TerranoXL,2016,"56,000kms",Petrol,Manual,₹3.95 Lakh,new-delhi
Hyundai,Hyundai Creta1.4 CRDi Base,2016,"1,00,000kms",Diesel,Manual,₹5.50 Lakh,new-delhi
Maruti,Maruti Baleno1.2 Alpha,2018,"1,50,000kms",Petrol,Manual,₹4.50 Lakh,new-delhi
Hyundai,Hyundai i10Sportz,2011,"10,055kms",Petrol,Manual,₹1.65 Lakh,new-delhi
Maruti,Maruti SwiftLXI BSIV,2015,"99,000kms",Petrol,Manual,₹2.25 Lakh,new-delhi
Maruti,Maruti Wagon RVXI BS IV,2012,"80,000kms",Petrol,Manual,₹1.50 Lakh,new-delhi
Hyundai,Hyundai CretaS Plus Knight,2023,"80,000kms",Petrol,Manual,₹12.50 Lakh,new-delhi
Maruti,Maruti Baleno1.2 Alpha,2017,"90,000kms",Petrol,Manual,₹3.82 Lakh,new-delhi
Maruti,Maruti SwiftVXI BSII,2010,"50,000kms",Petrol,Manual,₹1.20 Lakh,new-delhi
Hyundai,Hyundai Grand i10Asta Option,2016,"1,20,000kms",Petrol,Manual,₹2.50 Lakh,new-delhi
MG,MG AstorSuper EX BSVI,2022,"20,000kms",Petrol,Manual,₹7 Lakh,new-delhi
Toyota,Toyota GlanzaS CNG BSVI,2023,"1,00,000kms",CNG,Manual,₹7 Lakh,new-delhi
Hyundai,Hyundai i10Magna,2012,"55,500kms",Petrol,Manual,₹2 Lakh,new-delhi
Maruti,Maruti Wagon R StingrayLXI Optional,2017,"90,000kms",Petrol,Manual,₹2.60 Lakh,new-delhi
Kia,Kia SeltosHTK Plus,2024,"15,000kms",Petrol,Manual,₹12.15 Lakh,new-delhi
Maruti,Maruti Baleno1.2 Zeta,2017,"70,000kms",Petrol,Manual,₹4 Lakh,new-delhi
Maruti,Maruti Baleno1.2 CVT Delta,2016,"57,000kms",Petrol,Automatic,₹4 Lakh,new-delhi
Hyundai,Hyundai Verna1.6 EX VTVT,2013,"80,000kms",Petrol,Manual,₹2.60 Lakh,new-delhi
Hyundai,Hyundai CretaS Plus Knight,2023,"35,000kms",Petrol,Manual,₹11.50 Lakh,new-delhi
Hyundai,Hyundai VernaSX Turbo DCT,2023,"51,000kms",Petrol,Automatic,₹13.40 Lakh,new-delhi
Hyundai,Hyundai i20Petrol Spotz,2019,"1,20,000kms",Petrol,Manual,₹4.50 Lakh,new-delhi
Mercedes-Benz,Mercedes-Benz GLS350d 4MATIC,2019,"51,000kms",Diesel,Automatic,₹55 Lakh,new-delhi
Jeep,Jeep Compass2.0 Limited,2019,"43,000kms",Diesel,Manual,₹9.80 Lakh,new-delhi
Kia,Kia CarnivalLimousine Plus,2023,"68,000kms",Diesel,Automatic,₹35 Lakh,new-delhi
Mercedes-Benz,Mercedes-Benz C-ClassC 200 AVANTGARDE,2015,"33,000kms",Petrol,Automatic,₹15.75 Lakh,new-delhi
MG,MG Hector PlusSharp DCT,2020,"50,000kms",Petrol,Automatic,₹12.75 Lakh,new-delhi
Honda,Honda AmazeS i-Vtech,2015,"70,000kms",Petrol,Manual,₹2.65 Lakh,new-delhi
Toyota,Toyota Innova Crysta2.4 ZX MT BSIV,2018,"1,00,000kms",Diesel,Manual,₹13.50 Lakh,new-delhi
Maruti,Maruti CiazDelta BSIV,2019,"60,000kms",Petrol,Manual,₹5.38 Lakh,new-delhi
Maruti,Maruti Baleno1.2 CVT Alpha,2018,"28,000kms",Petrol,Automatic,₹5.35 Lakh,new-delhi
Kia,Kia SonetHTX Plus Turbo iMT BSVI,2020,"38,000kms",Petrol,Manual,₹7.75 Lakh,new-delhi
Maruti,Maruti Vitara BrezzaVDi,2017,"65,000kms",Diesel,Manual,₹4.50 Lakh,new-delhi
Tata,Tata Tiago1.2 Revotron XZ,2019,"60,000kms",Petrol,Manual,₹3.55 Lakh,new-delhi
Tata,Tata Tiago1.2 Revotron XZA,2019,"68,000kms",Petrol,Automatic,₹3.95 Lakh,new-delhi
Tata,Tata Nexon1.5 Revotorq XZ Plus,2018,"66,000kms",Diesel,Manual,₹5.50 Lakh,new-delhi
Toyota,Toyota Innova Crysta2.4 G MT 8S BSIV,2018,"2,97,000kms",Diesel,Manual,₹11.75 Lakh,new-delhi
Kia,Kia SeltosHTX IVT G,2021,"78,000kms",Petrol,Automatic,₹11.50 Lakh,new-delhi
Honda,Honda AmazeVX i-Vtech,2014,"60,000kms",Petrol,Manual,₹5 Lakh,new-delhi
Toyota,Toyota Innova Crysta2.7 GX AT BSIV,2017,"80,000kms",Petrol,Automatic,₹10.50 Lakh,new-delhi
Hyundai,Hyundai VernaSX Turbo DCT,2023,"51,000kms",Petrol,Automatic,₹13.40 Lakh,new-delhi
Hyundai,Hyundai i20Petrol Spotz,2019,"1,20,000kms",Petrol,Manual,₹4.50 Lakh,new-delhi
Mercedes-Benz,Mercedes-Benz GLS350d 4MATIC,2019,"51,000kms",Diesel,Automatic,₹55 Lakh,new-delhi
Jeep,Jeep Compass2.0 Limited,2019,"43,000kms",Diesel,Manual,₹9.80 Lakh,new-delhi
Kia,Kia CarnivalLimousine Plus,2023,"68,000kms",Diesel,Automatic,₹35 Lakh,new-delhi
Mercedes-Benz,Mercedes-Benz C-ClassC 200 AVANTGARDE,2015,"33,000kms",Petrol,Automatic,₹15.75 Lakh,new-delhi
MG,MG Hector PlusSharp DCT,2020,"50,000kms",Petrol,Automatic,₹12.75 Lakh,new-delhi
Honda,Honda AmazeS i-Vtech,2015,"70,000kms",Petrol,Manual,₹2.65 Lakh,new-delhi
Toyota,Toyota Innova Crysta2.4 ZX MT BSIV,2018,"1,00,000kms",Diesel,Manual,₹13.50 Lakh,new-delhi
Maruti,Maruti CiazDelta BSIV,2019,"60,000kms",Petrol,Manual,₹5.38 Lakh,new-delhi
Maruti,Maruti Baleno1.2 CVT Alpha,2018,"28,000kms",Petrol,Automatic,₹5.35 Lakh,new-delhi
Kia,Kia SonetHTX Plus Turbo iMT BSVI,2020,"38,000kms",Petrol,Manual,₹7.75 Lakh,new-delhi
Maruti,Maruti Vitara BrezzaVDi,2017,"65,000kms",Diesel,Manual,₹4.50 Lakh,new-delhi
Tata,Tata Tiago1.2 Revotron XZ,2019,"60,000kms",Petrol,Manual,₹3.55 Lakh,new-delhi
Tata,Tata Tiago1.2 Revotron XZA,2019,"68,000kms",Petrol,Automatic,₹3.95 Lakh,new-delhi
Tata,Tata Nexon1.5 Revotorq XZ Plus,2018,"66,000kms",Diesel,Manual,₹5.50 Lakh,new-delhi
Toyota,Toyota Innova Crysta2.4 G MT 8S BSIV,2018,"2,97,000kms",Diesel,Manual,₹11.75 Lakh,new-delhi
Kia,Kia SeltosHTX IVT G,2021,"78,000kms",Petrol,Automatic,₹11.50 Lakh,new-delhi
Honda,Honda AmazeVX i-Vtech,2014,"60,000kms",Petrol,Manual,₹5 Lakh,new-delhi
Toyota,Toyota Innova Crysta2.7 GX AT BSIV,2017,"80,000kms",Petrol,Automatic,₹10.50 Lakh,new-delhi
Hyundai,Hyundai VernaSX Turbo DCT,2023,"51,000kms",Petrol,Automatic,₹13.40 Lakh,new-delhi
Hyundai,Hyundai i20Petrol Spotz,2019,"1,20,000kms",Petrol,Manual,₹4.50 Lakh,new-delhi
Mercedes-Benz,Mercedes-Benz GLS350d 4MATIC,2019,"51,000kms",Diesel,Automatic,₹55 Lakh,new-delhi
Jeep,Jeep Compass2.0 Limited,2019,"43,000kms",Diesel,Manual,₹9.80 Lakh,new-delhi
Kia,Kia CarnivalLimousine Plus,2023,"68,000kms",Diesel,Automatic,₹35 Lakh,new-delhi
Mercedes-Benz,Mercedes-Benz C-ClassC 200 AVANTGARDE,2015,"33,000kms",Petrol,Automatic,₹15.75 Lakh,new-delhi
MG,MG Hector PlusSharp DCT,2020,"50,000kms",Petrol,Automatic,₹12.75 Lakh,new-delhi
Honda,Honda AmazeS i-Vtech,2015,"70,000kms",Petrol,Manual,₹2.65 Lakh,new-delhi
Toyota,Toyota Innova Crysta2.4 ZX MT BSIV,2018,"1,00,000kms",Diesel,Manual,₹13.50 Lakh,new-delhi
Maruti,Maruti CiazDelta BSIV,2019,"60,000kms",Petrol,Manual,₹5.38 Lakh,new-delhi
Maruti,Maruti Baleno1.2 CVT Alpha,2018,"28,000kms",Petrol,Automatic,₹5.35 Lakh,new-delhi
Kia,Kia SonetHTX Plus Turbo iMT BSVI,2020,"38,000kms",Petrol,Manual,₹7.75 Lakh,new-delhi
Maruti,Maruti Vitara BrezzaVDi,2017,"65,000kms",Diesel,Manual,₹4.50 Lakh,new-delhi
Tata,Tata Tiago1.2 Revotron XZ,2019,"60,000kms",Petrol,Manual,₹3.55 Lakh,new-delhi
Tata,Tata Tiago1.2 Revotron XZA,2019,"68,000kms",Petrol,Automatic,₹3.95 Lakh,new-delhi
Tata,Tata Nexon1.5 Revotorq XZ Plus,2018,"66,000kms",Diesel,Manual,₹5.50 Lakh,new-delhi
Toyota,Toyota Innova Crysta2.4 G MT 8S BSIV,2018,"2,97,000kms",Diesel,Manual,₹11.75 Lakh,new-delhi
Kia,Kia SeltosHTX IVT G,2021,"78,000kms",Petrol,Automatic,₹11.50 Lakh,new-delhi
Honda,Honda AmazeVX i-Vtech,2014,"60,000kms",Petrol,Manual,₹5 Lakh,new-delhi
Toyota,Toyota Innova Crysta2.7 GX AT BSIV,2017,"80,000kms",Petrol,Automatic,₹10.50 Lakh,new-delhi
Hyundai,Hyundai VernaSX Turbo DCT,2023,"51,000kms",Petrol,Automatic,₹13.40 Lakh,new-delhi
Hyundai,Hyundai i20Petrol Spotz,2019,"1,20,000kms",Petrol,Manual,₹4.50 Lakh,new-delhi
Mercedes-Benz,Mercedes-Benz GLS350d 4MATIC,2019,"51,000kms",Diesel,Automatic,₹55 Lakh,new-delhi
Jeep,Jeep Compass2.0 Limited,2019,"43,000kms",Diesel,Manual,₹9.80 Lakh,new-delhi
Kia,Kia CarnivalLimousine Plus,2023,"68,000kms",Diesel,Automatic,₹35 Lakh,new-delhi
Mercedes-Benz,Mercedes-Benz C-ClassC 200 AVANTGARDE,2015,"33,000kms",Petrol,Automatic,₹15.75 Lakh,new-delhi
MG,MG Hector PlusSharp DCT,2020,"50,000kms",Petrol,Automatic,₹12.75 Lakh,new-delhi
Honda,Honda AmazeS i-Vtech,2015,"70,000kms",Petrol,Manual,₹2.65 Lakh,new-delhi
Toyota,Toyota Innova Crysta2.4 ZX MT BSIV,2018,"1,00,000kms",Diesel,Manual,₹13.50 Lakh,new-delhi
Maruti,Maruti CiazDelta BSIV,2019,"60,000kms",Petrol,Manual,₹5.38 Lakh,new-delhi
Maruti,Maruti Baleno1.2 CVT Alpha,2018,"28,000kms",Petrol,Automatic,₹5.35 Lakh,new-delhi
Kia,Kia SonetHTX Plus Turbo iMT BSVI,2020,"38,000kms",Petrol,Manual,₹7.75 Lakh,new-delhi
Maruti,Maruti Vitara BrezzaVDi,2017,"65,000kms",Diesel,Manual,₹4.50 Lakh,new-delhi
Tata,Tata Tiago1.2 Revotron XZ,2019,"60,000kms",Petrol,Manual,₹3.55 Lakh,new-delhi
Tata,Tata Tiago1.2 Revotron XZA,2019,"68,000kms",Petrol,Automatic,₹3.95 Lakh,new-delhi
Tata,Tata Nexon1.5 Revotorq XZ Plus,2018,"66,000kms",Diesel,Manual,₹5.50 Lakh,new-delhi
Toyota,Toyota Innova Crysta2.4 G MT 8S BSIV,2018,"2,97,000kms",Diesel,Manual,₹11.75 Lakh,new-delhi
Kia,Kia SeltosHTX IVT G,2021,"78,000kms",Petrol,Automatic,₹11.50 Lakh,new-delhi
Honda,Honda AmazeVX i-Vtech,2014,"60,000kms",Petrol,Manual,₹5 Lakh,new-delhi
Toyota,Toyota Innova Crysta2.7 GX AT BSIV,2017,"80,000kms",Petrol,Automatic,₹10.50 Lakh,new-delhi
Hyundai,Hyundai Creta1.6 SX,2018,"80,000kms",Petrol,Manual,₹8 Lakh,new-delhi
Nissan,Nissan TerranoXL,2016,"56,000kms",Petrol,Manual,₹3.95 Lakh,new-delhi
Hyundai,Hyundai Creta1.4 CRDi Base,2016,"1,00,000kms",Diesel,Manual,₹5.50 Lakh,new-delhi
Maruti,Maruti Baleno1.2 Alpha,2018,"1,50,000kms",Petrol,Manual,₹4.50 Lakh,new-delhi
Hyundai,Hyundai i10Sportz,2011,"10,055kms",Petrol,Manual,₹1.65 Lakh,new-delhi
Maruti,Maruti SwiftLXI BSIV,2015,"99,000kms",Petrol,Manual,₹2.25 Lakh,new-delhi
Maruti,Maruti Wagon RVXI BS IV,2012,"80,000kms",Petrol,Manual,₹1.50 Lakh,new-delhi
Hyundai,Hyundai CretaS Plus Knight,2023,"80,000kms",Petrol,Manual,₹12.50 Lakh,new-delhi
Maruti,Maruti Baleno1.2 Alpha,2017,"90,000kms",Petrol,Manual,₹3.82 Lakh,new-delhi
Maruti,Maruti SwiftVXI BSII,2010,"50,000kms",Petrol,Manual,₹1.20 Lakh,new-delhi
Hyundai,Hyundai Grand i10Asta Option,2016,"1,20,000kms",Petrol,Manual,₹2.50 Lakh,new-delhi
MG,MG AstorSuper EX BSVI,2022,"20,000kms",Petrol,Manual,₹7 Lakh,new-delhi
Toyota,Toyota GlanzaS CNG BSVI,2023,"1,00,000kms",CNG,Manual,₹7 Lakh,new-delhi
Hyundai,Hyundai i10Magna,2012,"55,500kms",Petrol,Manual,₹2 Lakh,new-delhi
Maruti,Maruti Wagon R StingrayLXI Optional,2017,"90,000kms",Petrol,Manual,₹2.60 Lakh,new-delhi
Kia,Kia SeltosHTK Plus,2024,"15,000kms",Petrol,Manual,₹12.15 Lakh,new-delhi
Maruti,Maruti Baleno1.2 Zeta,2017,"70,000kms",Petrol,Manual,₹4 Lakh,new-delhi
Maruti,Maruti Baleno1.2 CVT Delta,2016,"57,000kms",Petrol,Automatic,₹4 Lakh,new-delhi
Hyundai,Hyundai Verna1.6 EX VTVT,2013,"80,000kms",Petrol,Manual,₹2.60 Lakh,new-delhi
Hyundai,Hyundai CretaS Plus Knight,2023,"35,000kms",Petrol,Manual,₹11.50 Lakh,new-delhi
Hyundai,Hyundai Creta1.6 SX,2018,"80,000kms",Petrol,Manual,₹8 Lakh,new-delhi
Nissan,Nissan TerranoXL,2016,"56,000kms",Petrol,Manual,₹3.95 Lakh,new-delhi
Hyundai,Hyundai Creta1.4 CRDi Base,2016,"1,00,000kms",Diesel,Manual,₹5.50 Lakh,new-delhi
Maruti,Maruti Baleno1.2 Alpha,2018,"1,50,000kms",Petrol,Manual,₹4.50 Lakh,new-delhi
Hyundai,Hyundai i10Sportz,2011,"10,055kms",Petrol,Manual,₹1.65 Lakh,new-delhi
Maruti,Maruti SwiftLXI BSIV,2015,"99,000kms",Petrol,Manual,₹2.25 Lakh,new-delhi
Maruti,Maruti Wagon RVXI BS IV,2012,"80,000kms",Petrol,Manual,₹1.50 Lakh,new-delhi
Hyundai,Hyundai CretaS Plus Knight,2023,"80,000kms",Petrol,Manual,₹12.50 Lakh,new-delhi
Maruti,Maruti Baleno1.2 Alpha,2017,"90,000kms",Petrol,Manual,₹3.82 Lakh,new-delhi
Maruti,Maruti SwiftVXI BSII,2010,"50,000kms",Petrol,Manual,₹1.20 Lakh,new-delhi
Hyundai,Hyundai Grand i10Asta Option,2016,"1,20,000kms",Petrol,Manual,₹2.50 Lakh,new-delhi
MG,MG AstorSuper EX BSVI,2022,"20,000kms",Petrol,Manual,₹7 Lakh,new-delhi
Toyota,Toyota GlanzaS CNG BSVI,2023,"1,00,000kms",CNG,Manual,₹7 Lakh,new-delhi
Hyundai,Hyundai i10Magna,2012,"55,500kms",Petrol,Manual,₹2 Lakh,new-delhi
Maruti,Maruti Wagon R StingrayLXI Optional,2017,"90,000kms",Petrol,Manual,₹2.60 Lakh,new-delhi
Kia,Kia SeltosHTK Plus,2024,"15,000kms",Petrol,Manual,₹12.15 Lakh,new-delhi
Maruti,Maruti Baleno1.2 Zeta,2017,"70,000kms",Petrol,Manual,₹4 Lakh,new-delhi
Maruti,Maruti Baleno1.2 CVT Delta,2016,"57,000kms",Petrol,Automatic,₹4 Lakh,new-delhi
Hyundai,Hyundai Verna1.6 EX VTVT,2013,"80,000kms",Petrol,Manual,₹2.60 Lakh,new-delhi
Hyundai,Hyundai CretaS Plus Knight,2023,"35,000kms",Petrol,Manual,₹11.50 Lakh,new-delhi
Maruti,Maruti SwiftVXI,2016,"71,000kms",Petrol,Manual,₹3.65 Lakh,new-delhi
Tata,Tata Nexon1.5 Revotorq XZA Plus,2019,"1,20,000kms",Diesel,Automatic,₹7 Lakh,new-delhi
Hyundai,Hyundai i20Sportz 1.2,2017,"40,000kms",Petrol,Manual,₹3.99 Lakh,new-delhi
Toyota,Toyota EtiosG,2015,"80,000kms",Petrol,Manual,₹6 Lakh,new-delhi
Hyundai,Hyundai CretaSX Diesel AT BSVI,2021,"71,000kms",Diesel,Automatic,₹12 Lakh,new-delhi
Honda,Honda AmazeS i-Vtech,2014,"64,000kms",Petrol,Manual,₹3.25 Lakh,new-delhi
Kia,Kia CarensPrestige Plus DCT BSVI,2023,"32,563kms",Petrol,Automatic,₹13.50 Lakh,new-delhi
Kia,Kia SeltosHTX G,2022,"40,265kms",Petrol,Manual,₹11 Lakh,new-delhi
Maruti,Maruti Baleno1.2 Delta,2017,"41,000kms",Petrol,Manual,₹3.85 Lakh,new-delhi
Kia,Kia CarnivalPrestige 6 STR,2022,"32,000kms",Diesel,Automatic,₹31 Lakh,new-delhi
MG,MG Hector PlusSharp DCT,2020,"20,000kms",Petrol,Automatic,₹10.20 Lakh,new-delhi
Honda,Honda CityE,2013,"1,60,000kms",Petrol,Manual,₹2.25 Lakh,new-delhi
Maruti,Maruti BalenoZeta,2021,"60,900kms",Petrol,Manual,₹5.24 Lakh,new-delhi
Maruti,Maruti CiazVDi Option SHVS,2017,"70,000kms",Diesel,Manual,₹4 Lakh,new-delhi
Kia,Kia CarensPrestige Opt,2024,"11,000kms",Petrol,Manual,₹11.75 Lakh,new-delhi
Hyundai,Hyundai Grand i10Magna,2017,"37,000kms",Petrol,Manual,₹3.65 Lakh,new-delhi
Hyundai,Hyundai CretaSX,2023,"26,700kms",Petrol,Manual,₹14 Lakh,new-delhi
Ford,Ford Ecosport1.5 Petrol Titanium Plus BSIV,2018,"65,000kms",Petrol,Manual,₹5.25 Lakh,new-delhi
Kia,Kia SeltosHTX G,2021,"79,000kms",Petrol,Manual,₹10.50 Lakh,new-delhi
Maruti,Maruti Wagon RVXI Optional,2018,"63,000kms",Petrol,Manual,₹3.22 Lakh,new-delhi
Maruti,Maruti SwiftVXI,2016,"71,000kms",Petrol,Manual,₹3.65 Lakh,new-delhi
Tata,Tata Nexon1.5 Revotorq XZA Plus,2019,"1,20,000kms",Diesel,Automatic,₹7 Lakh,new-delhi
Hyundai,Hyundai i20Sportz 1.2,2017,"40,000kms",Petrol,Manual,₹3.99 Lakh,new-delhi
Toyota,Toyota EtiosG,2015,"80,000kms",Petrol,Manual,₹6 Lakh,new-delhi
Hyundai,Hyundai CretaSX Diesel AT BSVI,2021,"71,000kms",Diesel,Automatic,₹12 Lakh,new-delhi
Honda,Honda AmazeS i-Vtech,2014,"64,000kms",Petrol,Manual,₹3.25 Lakh,new-delhi
Kia,Kia CarensPrestige Plus DCT BSVI,2023,"32,563kms",Petrol,Automatic,₹13.50 Lakh,new-delhi
Kia,Kia SeltosHTX G,2022,"40,265kms",Petrol,Manual,₹11 Lakh,new-delhi
Maruti,Maruti Baleno1.2 Delta,2017,"41,000kms",Petrol,Manual,₹3.85 Lakh,new-delhi
Kia,Kia CarnivalPrestige 6 STR,2022,"32,000kms",Diesel,Automatic,₹31 Lakh,new-delhi
MG,MG Hector PlusSharp DCT,2020,"20,000kms",Petrol,Automatic,₹10.20 Lakh,new-delhi
Honda,Honda CityE,2013,"1,60,000kms",Petrol,Manual,₹2.25 Lakh,new-delhi
Maruti,Maruti BalenoZeta,2021,"60,900kms",Petrol,Manual,₹5.24 Lakh,new-delhi
Maruti,Maruti CiazVDi Option SHVS,2017,"70,000kms",Diesel,Manual,₹4 Lakh,new-delhi
Kia,Kia CarensPrestige Opt,2024,"11,000kms",Petrol,Manual,₹11.75 Lakh,new-delhi
Hyundai,Hyundai Grand i10Magna,2017,"37,000kms",Petrol,Manual,₹3.65 Lakh,new-delhi
Hyundai,Hyundai CretaSX,2023,"26,700kms",Petrol,Manual,₹14 Lakh,new-delhi
Ford,Ford Ecosport1.5 Petrol Titanium Plus BSIV,2018,"65,000kms",Petrol,Manual,₹5.25 Lakh,new-delhi
Kia,Kia SeltosHTX G,2021,"79,000kms",Petrol,Manual,₹10.50 Lakh,new-delhi
Maruti,Maruti Wagon RVXI Optional,2018,"63,000kms",Petrol,Manual,₹3.22 Lakh,new-delhi
Hyundai,Hyundai VernaSX Turbo DCT,2023,"51,000kms",Petrol,Automatic,₹13.40 Lakh,new-delhi
Hyundai,Hyundai i20Petrol Spotz,2019,"1,20,000kms",Petrol,Manual,₹4.50 Lakh,new-delhi
Mercedes-Benz,Mercedes-Benz GLS350d 4MATIC,2019,"51,000kms",Diesel,Automatic,₹55 Lakh,new-delhi
Jeep,Jeep Compass2.0 Limited,2019,"43,000kms",Diesel,Manual,₹9.80 Lakh,new-delhi
Kia,Kia CarnivalLimousine Plus,2023,"68,000kms",Diesel,Automatic,₹35 Lakh,new-delhi
Mercedes-Benz,Mercedes-Benz C-ClassC 200 AVANTGARDE,2015,"33,000kms",Petrol,Automatic,₹15.75 Lakh,new-delhi
MG,MG Hector PlusSharp DCT,2020,"50,000kms",Petrol,Automatic,₹12.75 Lakh,new-delhi
Honda,Honda AmazeS i-Vtech,2015,"70,000kms",Petrol,Manual,₹2.65 Lakh,new-delhi
Toyota,Toyota Innova Crysta2.4 ZX MT BSIV,2018,"1,00,000kms",Diesel,Manual,₹13.50 Lakh,new-delhi
Maruti,Maruti CiazDelta BSIV,2019,"60,000kms",Petrol,Manual,₹5.38 Lakh,new-delhi
Maruti,Maruti Baleno1.2 CVT Alpha,2018,"28,000kms",Petrol,Automatic,₹5.35 Lakh,new-delhi
Kia,Kia SonetHTX Plus Turbo iMT BSVI,2020,"38,000kms",Petrol,Manual,₹7.75 Lakh,new-delhi
Maruti,Maruti Vitara BrezzaVDi,2017,"65,000kms",Diesel,Manual,₹4.50 Lakh,new-delhi
Tata,Tata Tiago1.2 Revotron XZ,2019,"60,000kms",Petrol,Manual,₹3.55 Lakh,new-delhi
Tata,Tata Tiago1.2 Revotron XZA,2019,"68,000kms",Petrol,Automatic,₹3.95 Lakh,new-delhi
Tata,Tata Nexon1.5 Revotorq XZ Plus,2018,"66,000kms",Diesel,Manual,₹5.50 Lakh,new-delhi
Toyota,Toyota Innova Crysta2.4 G MT 8S BSIV,2018,"2,97,000kms",Diesel,Manual,₹11.75 Lakh,new-delhi
Kia,Kia SeltosHTX IVT G,2021,"78,000kms",Petrol,Automatic,₹11.50 Lakh,new-delhi
Honda,Honda AmazeVX i-Vtech,2014,"60,000kms",Petrol,Manual,₹5 Lakh,new-delhi
Toyota,Toyota Innova Crysta2.7 GX AT BSIV,2017,"80,000kms",Petrol,Automatic,₹10.50 Lakh,new-delhi
Hyundai,Hyundai Creta1.6 SX,2018,"80,000kms",Petrol,Manual,₹8 Lakh,new-delhi
Nissan,Nissan TerranoXL,2016,"56,000kms",Petrol,Manual,₹3.95 Lakh,new-delhi
Hyundai,Hyundai Creta1.4 CRDi Base,2016,"1,00,000kms",Diesel,Manual,₹5.50 Lakh,new-delhi
Maruti,Maruti Baleno1.2 Alpha,2018,"1,50,000kms",Petrol,Manual,₹4.50 Lakh,new-delhi
Hyundai,Hyundai i10Sportz,2011,"10,055kms",Petrol,Manual,₹1.65 Lakh,new-delhi
Maruti,Maruti SwiftLXI BSIV,2015,"99,000kms",Petrol,Manual,₹2.25 Lakh,new-delhi
Maruti,Maruti Wagon RVXI BS IV,2012,"80,000kms",Petrol,Manual,₹1.50 Lakh,new-delhi
Hyundai,Hyundai CretaS Plus Knight,2023,"80,000kms",Petrol,Manual,₹12.50 Lakh,new-delhi
Maruti,Maruti Baleno1.2 Alpha,2017,"90,000kms",Petrol,Manual,₹3.82 Lakh,new-delhi
Maruti,Maruti SwiftVXI BSII,2010,"50,000kms",Petrol,Manual,₹1.20 Lakh,new-delhi
Hyundai,Hyundai Grand i10Asta Option,2016,"1,20,000kms",Petrol,Manual,₹2.50 Lakh,new-delhi
MG,MG AstorSuper EX BSVI,2022,"20,000kms",Petrol,Manual,₹7 Lakh,new-delhi
Toyota,Toyota GlanzaS CNG BSVI,2023,"1,00,000kms",CNG,Manual,₹7 Lakh,new-delhi
Hyundai,Hyundai i10Magna,2012,"55,500kms",Petrol,Manual,₹2 Lakh,new-delhi
Maruti,Maruti Wagon R StingrayLXI Optional,2017,"90,000kms",Petrol,Manual,₹2.60 Lakh,new-delhi
Kia,Kia SeltosHTK Plus,2024,"15,000kms",Petrol,Manual,₹12.15 Lakh,new-delhi
Maruti,Maruti Baleno1.2 Zeta,2017,"70,000kms",Petrol,Manual,₹4 Lakh,new-delhi
Maruti,Maruti Baleno1.2 CVT Delta,2016,"57,000kms",Petrol,Automatic,₹4 Lakh,new-delhi
Hyundai,Hyundai Verna1.6 EX VTVT,2013,"80,000kms",Petrol,Manual,₹2.60 Lakh,new-delhi
Hyundai,Hyundai CretaS Plus Knight,2023,"35,000kms",Petrol,Manual,₹11.50 Lakh,new-delhi
Maruti,Maruti SwiftVXI,2016,"71,000kms",Petrol,Manual,₹3.65 Lakh,new-delhi
Tata,Tata Nexon1.5 Revotorq XZA Plus,2019,"1,20,000kms",Diesel,Automatic,₹7 Lakh,new-delhi
Hyundai,Hyundai i20Sportz 1.2,2017,"40,000kms",Petrol,Manual,₹3.99 Lakh,new-delhi
Toyota,Toyota EtiosG,2015,"80,000kms",Petrol,Manual,₹6 Lakh,new-delhi
Hyundai,Hyundai CretaSX Diesel AT BSVI,2021,"71,000kms",Diesel,Automatic,₹12 Lakh,new-delhi
Honda,Honda AmazeS i-Vtech,2014,"64,000kms",Petrol,Manual,₹3.25 Lakh,new-delhi
Kia,Kia CarensPrestige Plus DCT BSVI,2023,"32,563kms",Petrol,Automatic,₹13.50 Lakh,new-delhi
Kia,Kia SeltosHTX G,2022,"40,265kms",Petrol,Manual,₹11 Lakh,new-delhi
Maruti,Maruti Baleno1.2 Delta,2017,"41,000kms",Petrol,Manual,₹3.85 Lakh,new-delhi
Kia,Kia CarnivalPrestige 6 STR,2022,"32,000kms",Diesel,Automatic,₹31 Lakh,new-delhi
MG,MG Hector PlusSharp DCT,2020,"20,000kms",Petrol,Automatic,₹10.20 Lakh,new-delhi
Honda,Honda CityE,2013,"1,60,000kms",Petrol,Manual,₹2.25 Lakh,new-delhi
Maruti,Maruti BalenoZeta,2021,"60,900kms",Petrol,Manual,₹5.24 Lakh,new-delhi
Maruti,Maruti CiazVDi Option SHVS,2017,"70,000kms",Diesel,Manual,₹4 Lakh,new-delhi
Kia,Kia CarensPrestige Opt,2024,"11,000kms",Petrol,Manual,₹11.75 Lakh,new-delhi
Hyundai,Hyundai Grand i10Magna,2017,"37,000kms",Petrol,Manual,₹3.65 Lakh,new-delhi
Hyundai,Hyundai CretaSX,2023,"26,700kms",Petrol,Manual,₹14 Lakh,new-delhi
Ford,Ford Ecosport1.5 Petrol Titanium Plus BSIV,2018,"65,000kms",Petrol,Manual,₹5.25 Lakh,new-delhi
Kia,Kia SeltosHTX G,2021,"79,000kms",Petrol,Manual,₹10.50 Lakh,new-delhi
Maruti,Maruti Wagon RVXI Optional,2018,"63,000kms",Petrol,Manual,₹3.22 Lakh,new-delhi
Maruti,Maruti SwiftVXI,2016,"71,000kms",Petrol,Manual,₹3.65 Lakh,new-delhi
Tata,Tata Nexon1.5 Revotorq XZA Plus,2019,"1,20,000kms",Diesel,Automatic,₹7 Lakh,new-delhi
Hyundai,Hyundai i20Sportz 1.2,2017,"40,000kms",Petrol,Manual,₹3.99 Lakh,new-delhi
Toyota,Toyota EtiosG,2015,"80,000kms",Petrol,Manual,₹6 Lakh,new-delhi
Hyundai,Hyundai CretaSX Diesel AT BSVI,2021,"71,000kms",Diesel,Automatic,₹12 Lakh,new-delhi
Honda,Honda AmazeS i-Vtech,2014,"64,000kms",Petrol,Manual,₹3.25 Lakh,new-delhi
Kia,Kia CarensPrestige Plus DCT BSVI,2023,"32,563kms",Petrol,Automatic,₹13.50 Lakh,new-delhi
Kia,Kia SeltosHTX G,2022,"40,265kms",Petrol,Manual,₹11 Lakh,new-delhi
Maruti,Maruti Baleno1.2 Delta,2017,"41,000kms",Petrol,Manual,₹3.85 Lakh,new-delhi
Kia,Kia CarnivalPrestige 6 STR,2022,"32,000kms",Diesel,Automatic,₹31 Lakh,new-delhi
MG,MG Hector PlusSharp DCT,2020,"20,000kms",Petrol,Automatic,₹10.20 Lakh,new-delhi
Honda,Honda CityE,2013,"1,60,000kms",Petrol,Manual,₹2.25 Lakh,new-delhi
Maruti,Maruti BalenoZeta,2021,"60,900kms",Petrol,Manual,₹5.24 Lakh,new-delhi
Maruti,Maruti CiazVDi Option SHVS,2017,"70,000kms",Diesel,Manual,₹4 Lakh,new-delhi
Kia,Kia CarensPrestige Opt,2024,"11,000kms",Petrol,Manual,₹11.75 Lakh,new-delhi
Hyundai,Hyundai Grand i10Magna,2017,"37,000kms",Petrol,Manual,₹3.65 Lakh,new-delhi
Hyundai,Hyundai CretaSX,2023,"26,700kms",Petrol,Manual,₹14 Lakh,new-delhi
Ford,Ford Ecosport1.5 Petrol Titanium Plus BSIV,2018,"65,000kms",Petrol,Manual,₹5.25 Lakh,new-delhi
Kia,Kia SeltosHTX G,2021,"79,000kms",Petrol,Manual,₹10.50 Lakh,new-delhi
Maruti,Maruti Wagon RVXI Optional,2018,"63,000kms",Petrol,Manual,₹3.22 Lakh,new-delhi
Maruti,Maruti SwiftVXI,2016,"71,000kms",Petrol,Manual,₹3.65 Lakh,new-delhi
Tata,Tata Nexon1.5 Revotorq XZA Plus,2019,"1,20,000kms",Diesel,Automatic,₹7 Lakh,new-delhi
Hyundai,Hyundai i20Sportz 1.2,2017,"40,000kms",Petrol,Manual,₹3.99 Lakh,new-delhi
Toyota,Toyota EtiosG,2015,"80,000kms",Petrol,Manual,₹6 Lakh,new-delhi
Hyundai,Hyundai CretaSX Diesel AT BSVI,2021,"71,000kms",Diesel,Automatic,₹12 Lakh,new-delhi
Honda,Honda AmazeS i-Vtech,2014,"64,000kms",Petrol,Manual,₹3.25 Lakh,new-delhi
Kia,Kia CarensPrestige Plus DCT BSVI,2023,"32,563kms",Petrol,Automatic,₹13.50 Lakh,new-delhi
Kia,Kia SeltosHTX G,2022,"40,265kms",Petrol,Manual,₹11 Lakh,new-delhi
Maruti,Maruti Baleno1.2 Delta,2017,"41,000kms",Petrol,Manual,₹3.85 Lakh,new-delhi
Kia,Kia CarnivalPrestige 6 STR,2022,"32,000kms",Diesel,Automatic,₹31 Lakh,new-delhi
MG,MG Hector PlusSharp DCT,2020,"20,000kms",Petrol,Automatic,₹10.20 Lakh,new-delhi
Honda,Honda CityE,2013,"1,60,000kms",Petrol,Manual,₹2.25 Lakh,new-delhi
Maruti,Maruti BalenoZeta,2021,"60,900kms",Petrol,Manual,₹5.24 Lakh,new-delhi
Maruti,Maruti CiazVDi Option SHVS,2017,"70,000kms",Diesel,Manual,₹4 Lakh,new-delhi
Kia,Kia CarensPrestige Opt,2024,"11,000kms",Petrol,Manual,₹11.75 Lakh,new-delhi
Hyundai,Hyundai Grand i10Magna,2017,"37,000kms",Petrol,Manual,₹3.65 Lakh,new-delhi
Hyundai,Hyundai CretaSX,2023,"26,700kms",Petrol,Manual,₹14 Lakh,new-delhi
Ford,Ford Ecosport1.5 Petrol Titanium Plus BSIV,2018,"65,000kms",Petrol,Manual,₹5.25 Lakh,new-delhi
Kia,Kia SeltosHTX G,2021,"79,000kms",Petrol,Manual,₹10.50 Lakh,new-delhi
Maruti,Maruti Wagon RVXI Optional,2018,"63,000kms",Petrol,Manual,₹3.22 Lakh,new-delhi
Hyundai,Hyundai Creta1.6 SX,2018,"80,000kms",Petrol,Manual,₹8 Lakh,new-delhi
Nissan,Nissan TerranoXL,2016,"56,000kms",Petrol,Manual,₹3.95 Lakh,new-delhi
Hyundai,Hyundai Creta1.4 CRDi Base,2016,"1,00,000kms",Diesel,Manual,₹5.50 Lakh,new-delhi
Maruti,Maruti Baleno1.2 Alpha,2018,"1,50,000kms",Petrol,Manual,₹4.50 Lakh,new-delhi
Hyundai,Hyundai i10Sportz,2011,"10,055kms",Petrol,Manual,₹1.65 Lakh,new-delhi
Maruti,Maruti SwiftLXI BSIV,2015,"99,000kms",Petrol,Manual,₹2.25 Lakh,new-delhi
Maruti,Maruti Wagon RVXI BS IV,2012,"80,000kms",Petrol,Manual,₹1.50 Lakh,new-delhi
Hyundai,Hyundai CretaS Plus Knight,2023,"80,000kms",Petrol,Manual,₹12.50 Lakh,new-delhi
Maruti,Maruti Baleno1.2 Alpha,2017,"90,000kms",Petrol,Manual,₹3.82 Lakh,new-delhi
Maruti,Maruti SwiftVXI BSII,2010,"50,000kms",Petrol,Manual,₹1.20 Lakh,new-delhi
Hyundai,Hyundai Grand i10Asta Option,2016,"1,20,000kms",Petrol,Manual,₹2.50 Lakh,new-delhi
MG,MG AstorSuper EX BSVI,2022,"20,000kms",Petrol,Manual,₹7 Lakh,new-delhi
Toyota,Toyota GlanzaS CNG BSVI,2023,"1,00,000kms",CNG,Manual,₹7 Lakh,new-delhi
Hyundai,Hyundai i10Magna,2012,"55,500kms",Petrol,Manual,₹2 Lakh,new-delhi
Maruti,Maruti Wagon R StingrayLXI Optional,2017,"90,000kms",Petrol,Manual,₹2.60 Lakh,new-delhi
Kia,Kia SeltosHTK Plus,2024,"15,000kms",Petrol,Manual,₹12.15 Lakh,new-delhi
Maruti,Maruti Baleno1.2 Zeta,2017,"70,000kms",Petrol,Manual,₹4 Lakh,new-delhi
Maruti,Maruti Baleno1.2 CVT Delta,2016,"57,000kms",Petrol,Automatic,₹4 Lakh,new-delhi
Hyundai,Hyundai Verna1.6 EX VTVT,2013,"80,000kms",Petrol,Manual,₹2.60 Lakh,new-delhi
Hyundai,Hyundai CretaS Plus Knight,2023,"35,000kms",Petrol,Manual,₹11.50 Lakh,new-delhi
Maruti,Maruti SwiftVXI,2016,"71,000kms",Petrol,Manual,₹3.65 Lakh,new-delhi
Tata,Tata Nexon1.5 Revotorq XZA Plus,2019,"1,20,000kms",Diesel,Automatic,₹7 Lakh,new-delhi
Hyundai,Hyundai i20Sportz 1.2,2017,"40,000kms",Petrol,Manual,₹3.99 Lakh,new-delhi
Toyota,Toyota EtiosG,2015,"80,000kms",Petrol,Manual,₹6 Lakh,new-delhi
Hyundai,Hyundai CretaSX Diesel AT BSVI,2021,"71,000kms",Diesel,Automatic,₹12 Lakh,new-delhi
Honda,Honda AmazeS i-Vtech,2014,"64,000kms",Petrol,Manual,₹3.25 Lakh,new-delhi
Kia,Kia CarensPrestige Plus DCT BSVI,2023,"32,563kms",Petrol,Automatic,₹13.50 Lakh,new-delhi
Kia,Kia SeltosHTX G,2022,"40,265kms",Petrol,Manual,₹11 Lakh,new-delhi
Maruti,Maruti Baleno1.2 Delta,2017,"41,000kms",Petrol,Manual,₹3.85 Lakh,new-delhi
Kia,Kia CarnivalPrestige 6 STR,2022,"32,000kms",Diesel,Automatic,₹31 Lakh,new-delhi
MG,MG Hector PlusSharp DCT,2020,"20,000kms",Petrol,Automatic,₹10.20 Lakh,new-delhi
Honda,Honda CityE,2013,"1,60,000kms",Petrol,Manual,₹2.25 Lakh,new-delhi
Maruti,Maruti BalenoZeta,2021,"60,900kms",Petrol,Manual,₹5.24 Lakh,new-delhi
Maruti,Maruti CiazVDi Option SHVS,2017,"70,000kms",Diesel,Manual,₹4 Lakh,new-delhi
Kia,Kia CarensPrestige Opt,2024,"11,000kms",Petrol,Manual,₹11.75 Lakh,new-delhi
Hyundai,Hyundai Grand i10Magna,2017,"37,000kms",Petrol,Manual,₹3.65 Lakh,new-delhi
Hyundai,Hyundai CretaSX,2023,"26,700kms",Petrol,Manual,₹14 Lakh,new-delhi
Ford,Ford Ecosport1.5 Petrol Titanium Plus BSIV,2018,"65,000kms",Petrol,Manual,₹5.25 Lakh,new-delhi
Kia,Kia SeltosHTX G,2021,"79,000kms",Petrol,Manual,₹10.50 Lakh,new-delhi
Maruti,Maruti Wagon RVXI Optional,2018,"63,000kms",Petrol,Manual,₹3.22 Lakh,new-delhi
Hyundai,Hyundai Creta1.6 SX,2018,"80,000kms",Petrol,Manual,₹8 Lakh,new-delhi
Nissan,Nissan TerranoXL,2016,"56,000kms",Petrol,Manual,₹3.95 Lakh,new-delhi
Hyundai,Hyundai Creta1.4 CRDi Base,2016,"1,00,000kms",Diesel,Manual,₹5.50 Lakh,new-delhi
Maruti,Maruti Baleno1.2 Alpha,2018,"1,50,000kms",Petrol,Manual,₹4.50 Lakh,new-delhi
Hyundai,Hyundai i10Sportz,2011,"10,055kms",Petrol,Manual,₹1.65 Lakh,new-delhi
Maruti,Maruti SwiftLXI BSIV,2015,"99,000kms",Petrol,Manual,₹2.25 Lakh,new-delhi
Maruti,Maruti Wagon RVXI BS IV,2012,"80,000kms",Petrol,Manual,₹1.50 Lakh,new-delhi
Hyundai,Hyundai CretaS Plus Knight,2023,"80,000kms",Petrol,Manual,₹12.50 Lakh,new-delhi
Maruti,Maruti Baleno1.2 Alpha,2017,"90,000kms",Petrol,Manual,₹3.82 Lakh,new-delhi
Maruti,Maruti SwiftVXI BSII,2010,"50,000kms",Petrol,Manual,₹1.20 Lakh,new-delhi
Hyundai,Hyundai Grand i10Asta Option,2016,"1,20,000kms",Petrol,Manual,₹2.50 Lakh,new-delhi
MG,MG AstorSuper EX BSVI,2022,"20,000kms",Petrol,Manual,₹7 Lakh,new-delhi
Toyota,Toyota GlanzaS CNG BSVI,2023,"1,00,000kms",CNG,Manual,₹7 Lakh,new-delhi
Hyundai,Hyundai i10Magna,2012,"55,500kms",Petrol,Manual,₹2 Lakh,new-delhi
Maruti,Maruti Wagon R StingrayLXI Optional,2017,"90,000kms",Petrol,Manual,₹2.60 Lakh,new-delhi
Kia,Kia SeltosHTK Plus,2024,"15,000kms",Petrol,Manual,₹12.15 Lakh,new-delhi
Maruti,Maruti Baleno1.2 Zeta,2017,"70,000kms",Petrol,Manual,₹4 Lakh,new-delhi
Maruti,Maruti Baleno1.2 CVT Delta,2016,"57,000kms",Petrol,Automatic,₹4 Lakh,new-delhi
Hyundai,Hyundai Verna1.6 EX VTVT,2013,"80,000kms",Petrol,Manual,₹2.60 Lakh,new-delhi
Hyundai,Hyundai CretaS Plus Knight,2023,"35,000kms",Petrol,Manual,₹11.50 Lakh,new-delhi
Maruti,Maruti SwiftVXI,2016,"71,000kms",Petrol,Manual,₹3.65 Lakh,new-delhi
Tata,Tata Nexon1.5 Revotorq XZA Plus,2019,"1,20,000kms",Diesel,Automatic,₹7 Lakh,new-delhi
Hyundai,Hyundai i20Sportz 1.2,2017,"40,000kms",Petrol,Manual,₹3.99 Lakh,new-delhi
Toyota,Toyota EtiosG,2015,"80,000kms",Petrol,Manual,₹6 Lakh,new-delhi
Hyundai,Hyundai CretaSX Diesel AT BSVI,2021,"71,000kms",Diesel,Automatic,₹12 Lakh,new-delhi
Honda,Honda AmazeS i-Vtech,2014,"64,000kms",Petrol,Manual,₹3.25 Lakh,new-delhi
Kia,Kia CarensPrestige Plus DCT BSVI,2023,"32,563kms",Petrol,Automatic,₹13.50 Lakh,new-delhi
Kia,Kia SeltosHTX G,2022,"40,265kms",Petrol,Manual,₹11 Lakh,new-delhi
Maruti,Maruti Baleno1.2 Delta,2017,"41,000kms",Petrol,Manual,₹3.85 Lakh,new-delhi
Kia,Kia CarnivalPrestige 6 STR,2022,"32,000kms",Diesel,Automatic,₹31 Lakh,new-delhi
MG,MG Hector PlusSharp DCT,2020,"20,000kms",Petrol,Automatic,₹10.20 Lakh,new-delhi
Honda,Honda CityE,2013,"1,60,000kms",Petrol,Manual,₹2.25 Lakh,new-delhi
Maruti,Maruti BalenoZeta,2021,"60,900kms",Petrol,Manual,₹5.24 Lakh,new-delhi
Maruti,Maruti CiazVDi Option SHVS,2017,"70,000kms",Diesel,Manual,₹4 Lakh,new-delhi
Kia,Kia CarensPrestige Opt,2024,"11,000kms",Petrol,Manual,₹11.75 Lakh,new-delhi
Hyundai,Hyundai Grand i10Magna,2017,"37,000kms",Petrol,Manual,₹3.65 Lakh,new-delhi
Hyundai,Hyundai CretaSX,2023,"26,700kms",Petrol,Manual,₹14 Lakh,new-delhi
Ford,Ford Ecosport1.5 Petrol Titanium Plus BSIV,2018,"65,000kms",Petrol,Manual,₹5.25 Lakh,new-delhi
Kia,Kia SeltosHTX G,2021,"79,000kms",Petrol,Manual,₹10.50 Lakh,new-delhi
Maruti,Maruti Wagon RVXI Optional,2018,"63,000kms",Petrol,Manual,₹3.22 Lakh,new-delhi
Hyundai,Hyundai Creta1.6 SX,2018,"80,000kms",Petrol,Manual,₹8 Lakh,new-delhi
Nissan,Nissan TerranoXL,2016,"56,000kms",Petrol,Manual,₹3.95 Lakh,new-delhi
Hyundai,Hyundai Creta1.4 CRDi Base,2016,"1,00,000kms",Diesel,Manual,₹5.50 Lakh,new-delhi
Maruti,Maruti Baleno1.2 Alpha,2018,"1,50,000kms",Petrol,Manual,₹4.50 Lakh,new-delhi
Hyundai,Hyundai i10Sportz,2011,"10,055kms",Petrol,Manual,₹1.65 Lakh,new-delhi
Maruti,Maruti SwiftLXI BSIV,2015,"99,000kms",Petrol,Manual,₹2.25 Lakh,new-delhi
Maruti,Maruti Wagon RVXI BS IV,2012,"80,000kms",Petrol,Manual,₹1.50 Lakh,new-delhi
Hyundai,Hyundai CretaS Plus Knight,2023,"80,000kms",Petrol,Manual,₹12.50 Lakh,new-delhi
Maruti,Maruti Baleno1.2 Alpha,2017,"90,000kms",Petrol,Manual,₹3.82 Lakh,new-delhi
Maruti,Maruti SwiftVXI BSII,2010,"50,000kms",Petrol,Manual,₹1.20 Lakh,new-delhi
Hyundai,Hyundai Grand i10Asta Option,2016,"1,20,000kms",Petrol,Manual,₹2.50 Lakh,new-delhi
MG,MG AstorSuper EX BSVI,2022,"20,000kms",Petrol,Manual,₹7 Lakh,new-delhi
Toyota,Toyota GlanzaS CNG BSVI,2023,"1,00,000kms",CNG,Manual,₹7 Lakh,new-delhi
Hyundai,Hyundai i10Magna,2012,"55,500kms",Petrol,Manual,₹2 Lakh,new-delhi
Maruti,Maruti Wagon R StingrayLXI Optional,2017,"90,000kms",Petrol,Manual,₹2.60 Lakh,new-delhi
Kia,Kia SeltosHTK Plus,2024,"15,000kms",Petrol,Manual,₹12.15 Lakh,new-delhi
Maruti,Maruti Baleno1.2 Zeta,2017,"70,000kms",Petrol,Manual,₹4 Lakh,new-delhi
Maruti,Maruti Baleno1.2 CVT Delta,2016,"57,000kms",Petrol,Automatic,₹4 Lakh,new-delhi
Hyundai,Hyundai Verna1.6 EX VTVT,2013,"80,000kms",Petrol,Manual,₹2.60 Lakh,new-delhi
Hyundai,Hyundai CretaS Plus Knight,2023,"35,000kms",Petrol,Manual,₹11.50 Lakh,new-delhi
Hyundai,Hyundai VernaSX Turbo DCT,2023,"51,000kms",Petrol,Automatic,₹13.40 Lakh,new-delhi
Hyundai,Hyundai i20Petrol Spotz,2019,"1,20,000kms",Petrol,Manual,₹4.50 Lakh,new-delhi
Mercedes-Benz,Mercedes-Benz GLS350d 4MATIC,2019,"51,000kms",Diesel,Automatic,₹55 Lakh,new-delhi
Jeep,Jeep Compass2.0 Limited,2019,"43,000kms",Diesel,Manual,₹9.80 Lakh,new-delhi
Kia,Kia CarnivalLimousine Plus,2023,"68,000kms",Diesel,Automatic,₹35 Lakh,new-delhi
Mercedes-Benz,Mercedes-Benz C-ClassC 200 AVANTGARDE,2015,"33,000kms",Petrol,Automatic,₹15.75 Lakh,new-delhi
MG,MG Hector PlusSharp DCT,2020,"50,000kms",Petrol,Automatic,₹12.75 Lakh,new-delhi
Honda,Honda AmazeS i-Vtech,2015,"70,000kms",Petrol,Manual,₹2.65 Lakh,new-delhi
Toyota,Toyota Innova Crysta2.4 ZX MT BSIV,2018,"1,00,000kms",Diesel,Manual,₹13.50 Lakh,new-delhi
Maruti,Maruti CiazDelta BSIV,2019,"60,000kms",Petrol,Manual,₹5.38 Lakh,new-delhi
Maruti,Maruti Baleno1.2 CVT Alpha,2018,"28,000kms",Petrol,Automatic,₹5.35 Lakh,new-delhi
Kia,Kia SonetHTX Plus Turbo iMT BSVI,2020,"38,000kms",Petrol,Manual,₹7.75 Lakh,new-delhi
Maruti,Maruti Vitara BrezzaVDi,2017,"65,000kms",Diesel,Manual,₹4.50 Lakh,new-delhi
Tata,Tata Tiago1.2 Revotron XZ,2019,"60,000kms",Petrol,Manual,₹3.55 Lakh,new-delhi
Tata,Tata Tiago1.2 Revotron XZA,2019,"68,000kms",Petrol,Automatic,₹3.95 Lakh,new-delhi
Tata,Tata Nexon1.5 Revotorq XZ Plus,2018,"66,000kms",Diesel,Manual,₹5.50 Lakh,new-delhi
Toyota,Toyota Innova Crysta2.4 G MT 8S BSIV,2018,"2,97,000kms",Diesel,Manual,₹11.75 Lakh,new-delhi
Kia,Kia SeltosHTX IVT G,2021,"78,000kms",Petrol,Automatic,₹11.50 Lakh,new-delhi
Honda,Honda AmazeVX i-Vtech,2014,"60,000kms",Petrol,Manual,₹5 Lakh,new-delhi
Toyota,Toyota Innova Crysta2.7 GX AT BSIV,2017,"80,000kms",Petrol,Automatic,₹10.50 Lakh,new-delhi
Hyundai,Hyundai Creta1.6 SX,2018,"80,000kms",Petrol,Manual,₹8 Lakh,new-delhi
Nissan,Nissan TerranoXL,2016,"56,000kms",Petrol,Manual,₹3.95 Lakh,new-delhi
Hyundai,Hyundai Creta1.4 CRDi Base,2016,"1,00,000kms",Diesel,Manual,₹5.50 Lakh,new-delhi
Maruti,Maruti Baleno1.2 Alpha,2018,"1,50,000kms",Petrol,Manual,₹4.50 Lakh,new-delhi
Hyundai,Hyundai i10Sportz,2011,"10,055kms",Petrol,Manual,₹1.65 Lakh,new-delhi
Maruti,Maruti SwiftLXI BSIV,2015,"99,000kms",Petrol,Manual,₹2.25 Lakh,new-delhi
Maruti,Maruti Wagon RVXI BS IV,2012,"80,000kms",Petrol,Manual,₹1.50 Lakh,new-delhi
Hyundai,Hyundai CretaS Plus Knight,2023,"80,000kms",Petrol,Manual,₹12.50 Lakh,new-delhi
Maruti,Maruti Baleno1.2 Alpha,2017,"90,000kms",Petrol,Manual,₹3.82 Lakh,new-delhi
Maruti,Maruti SwiftVXI BSII,2010,"50,000kms",Petrol,Manual,₹1.20 Lakh,new-delhi
Hyundai,Hyundai Grand i10Asta Option,2016,"1,20,000kms",Petrol,Manual,₹2.50 Lakh,new-delhi
MG,MG AstorSuper EX BSVI,2022,"20,000kms",Petrol,Manual,₹7 Lakh,new-delhi
Toyota,Toyota GlanzaS CNG BSVI,2023,"1,00,000kms",CNG,Manual,₹7 Lakh,new-delhi
Hyundai,Hyundai i10Magna,2012,"55,500kms",Petrol,Manual,₹2 Lakh,new-delhi
Maruti,Maruti Wagon R StingrayLXI Optional,2017,"90,000kms",Petrol,Manual,₹2.60 Lakh,new-delhi
Kia,Kia SeltosHTK Plus,2024,"15,000kms",Petrol,Manual,₹12.15 Lakh,new-delhi
Maruti,Maruti Baleno1.2 Zeta,2017,"70,000kms",Petrol,Manual,₹4 Lakh,new-delhi
Maruti,Maruti Baleno1.2 CVT Delta,2016,"57,000kms",Petrol,Automatic,₹4 Lakh,new-delhi
Hyundai,Hyundai Verna1.6 EX VTVT,2013,"80,000kms",Petrol,Manual,₹2.60 Lakh,new-delhi
Hyundai,Hyundai CretaS Plus Knight,2023,"35,000kms",Petrol,Manual,₹11.50 Lakh,new-delhi
Maruti,Maruti SwiftVXI,2016,"71,000kms",Petrol,Manual,₹3.65 Lakh,new-delhi
Tata,Tata Nexon1.5 Revotorq XZA Plus,2019,"1,20,000kms",Diesel,Automatic,₹7 Lakh,new-delhi
Hyundai,Hyundai i20Sportz 1.2,2017,"40,000kms",Petrol,Manual,₹3.99 Lakh,new-delhi
Toyota,Toyota EtiosG,2015,"80,000kms",Petrol,Manual,₹6 Lakh,new-delhi
Hyundai,Hyundai CretaSX Diesel AT BSVI,2021,"71,000kms",Diesel,Automatic,₹12 Lakh,new-delhi
Honda,Honda AmazeS i-Vtech,2014,"64,000kms",Petrol,Manual,₹3.25 Lakh,new-delhi
Kia,Kia CarensPrestige Plus DCT BSVI,2023,"32,563kms",Petrol,Automatic,₹13.50 Lakh,new-delhi
Kia,Kia SeltosHTX G,2022,"40,265kms",Petrol,Manual,₹11 Lakh,new-delhi
Maruti,Maruti Baleno1.2 Delta,2017,"41,000kms",Petrol,Manual,₹3.85 Lakh,new-delhi
Kia,Kia CarnivalPrestige 6 STR,2022,"32,000kms",Diesel,Automatic,₹31 Lakh,new-delhi
MG,MG Hector PlusSharp DCT,2020,"20,000kms",Petrol,Automatic,₹10.20 Lakh,new-delhi
Honda,Honda CityE,2013,"1,60,000kms",Petrol,Manual,₹2.25 Lakh,new-delhi
Maruti,Maruti BalenoZeta,2021,"60,900kms",Petrol,Manual,₹5.24 Lakh,new-delhi
Maruti,Maruti CiazVDi Option SHVS,2017,"70,000kms",Diesel,Manual,₹4 Lakh,new-delhi
Kia,Kia CarensPrestige Opt,2024,"11,000kms",Petrol,Manual,₹11.75 Lakh,new-delhi
Hyundai,Hyundai Grand i10Magna,2017,"37,000kms",Petrol,Manual,₹3.65 Lakh,new-delhi
Hyundai,Hyundai CretaSX,2023,"26,700kms",Petrol,Manual,₹14 Lakh,new-delhi
Ford,Ford Ecosport1.5 Petrol Titanium Plus BSIV,2018,"65,000kms",Petrol,Manual,₹5.25 Lakh,new-delhi
Kia,Kia SeltosHTX G,2021,"79,000kms",Petrol,Manual,₹10.50 Lakh,new-delhi
Maruti,Maruti Wagon RVXI Optional,2018,"63,000kms",Petrol,Manual,₹3.22 Lakh,new-delhi
Maruti,Maruti SwiftVXI,2016,"71,000kms",Petrol,Manual,₹3.65 Lakh,new-delhi
Tata,Tata Nexon1.5 Revotorq XZA Plus,2019,"1,20,000kms",Diesel,Automatic,₹7 Lakh,new-delhi
Hyundai,Hyundai i20Sportz 1.2,2017,"40,000kms",Petrol,Manual,₹3.99 Lakh,new-delhi
Toyota,Toyota EtiosG,2015,"80,000kms",Petrol,Manual,₹6 Lakh,new-delhi
Hyundai,Hyundai CretaSX Diesel AT BSVI,2021,"71,000kms",Diesel,Automatic,₹12 Lakh,new-delhi
Honda,Honda AmazeS i-Vtech,2014,"64,000kms",Petrol,Manual,₹3.25 Lakh,new-delhi
Kia,Kia CarensPrestige Plus DCT BSVI,2023,"32,563kms",Petrol,Automatic,₹13.50 Lakh,new-delhi
Kia,Kia SeltosHTX G,2022,"40,265kms",Petrol,Manual,₹11 Lakh,new-delhi
Maruti,Maruti Baleno1.2 Delta,2017,"41,000kms",Petrol,Manual,₹3.85 Lakh,new-delhi
Kia,Kia CarnivalPrestige 6 STR,2022,"32,000kms",Diesel,Automatic,₹31 Lakh,new-delhi
MG,MG Hector PlusSharp DCT,2020,"20,000kms",Petrol,Automatic,₹10.20 Lakh,new-delhi
Honda,Honda CityE,2013,"1,60,000kms",Petrol,Manual,₹2.25 Lakh,new-delhi
Maruti,Maruti BalenoZeta,2021,"60,900kms",Petrol,Manual,₹5.24 Lakh,new-delhi
Maruti,Maruti CiazVDi Option SHVS,2017,"70,000kms",Diesel,Manual,₹4 Lakh,new-delhi
Kia,Kia CarensPrestige Opt,2024,"11,000kms",Petrol,Manual,₹11.75 Lakh,new-delhi
Hyundai,Hyundai Grand i10Magna,2017,"37,000kms",Petrol,Manual,₹3.65 Lakh,new-delhi
Hyundai,Hyundai CretaSX,2023,"26,700kms",Petrol,Manual,₹14 Lakh,new-delhi
Ford,Ford Ecosport1.5 Petrol Titanium Plus BSIV,2018,"65,000kms",Petrol,Manual,₹5.25 Lakh,new-delhi
Kia,Kia SeltosHTX G,2021,"79,000kms",Petrol,Manual,₹10.50 Lakh,new-delhi
Maruti,Maruti Wagon RVXI Optional,2018,"63,000kms",Petrol,Manual,₹3.22 Lakh,new-delhi
Hyundai,Hyundai VernaSX Turbo DCT,2023,"51,000kms",Petrol,Automatic,₹13.40 Lakh,new-delhi
Hyundai,Hyundai i20Petrol Spotz,2019,"1,20,000kms",Petrol,Manual,₹4.50 Lakh,new-delhi
Mercedes-Benz,Mercedes-Benz GLS350d 4MATIC,2019,"51,000kms",Diesel,Automatic,₹55 Lakh,new-delhi
Jeep,Jeep Compass2.0 Limited,2019,"43,000kms",Diesel,Manual,₹9.80 Lakh,new-delhi
Kia,Kia CarnivalLimousine Plus,2023,"68,000kms",Diesel,Automatic,₹35 Lakh,new-delhi
Mercedes-Benz,Mercedes-Benz C-ClassC 200 AVANTGARDE,2015,"33,000kms",Petrol,Automatic,₹15.75 Lakh,new-delhi
MG,MG Hector PlusSharp DCT,2020,"50,000kms",Petrol,Automatic,₹12.75 Lakh,new-delhi
Honda,Honda AmazeS i-Vtech,2015,"70,000kms",Petrol,Manual,₹2.65 Lakh,new-delhi
Toyota,Toyota Innova Crysta2.4 ZX MT BSIV,2018,"1,00,000kms",Diesel,Manual,₹13.50 Lakh,new-delhi
Maruti,Maruti CiazDelta BSIV,2019,"60,000kms",Petrol,Manual,₹5.38 Lakh,new-delhi
Maruti,Maruti Baleno1.2 CVT Alpha,2018,"28,000kms",Petrol,Automatic,₹5.35 Lakh,new-delhi
Kia,Kia SonetHTX Plus Turbo iMT BSVI,2020,"38,000kms",Petrol,Manual,₹7.75 Lakh,new-delhi
Maruti,Maruti Vitara BrezzaVDi,2017,"65,000kms",Diesel,Manual,₹4.50 Lakh,new-delhi
Tata,Tata Tiago1.2 Revotron XZ,2019,"60,000kms",Petrol,Manual,₹3.55 Lakh,new-delhi
Tata,Tata Tiago1.2 Revotron XZA,2019,"68,000kms",Petrol,Automatic,₹3.95 Lakh,new-delhi
Tata,Tata Nexon1.5 Revotorq XZ Plus,2018,"66,000kms",Diesel,Manual,₹5.50 Lakh,new-delhi
Toyota,Toyota Innova Crysta2.4 G MT 8S BSIV,2018,"2,97,000kms",Diesel,Manual,₹11.75 Lakh,new-delhi
Kia,Kia SeltosHTX IVT G,2021,"78,000kms",Petrol,Automatic,₹11.50 Lakh,new-delhi
Honda,Honda AmazeVX i-Vtech,2014,"60,000kms",Petrol,Manual,₹5 Lakh,new-delhi
Toyota,Toyota Innova Crysta2.7 GX AT BSIV,2017,"80,000kms",Petrol,Automatic,₹10.50 Lakh,new-delhi
Maruti,Maruti SwiftVXI,2016,"71,000kms",Petrol,Manual,₹3.65 Lakh,new-delhi
Tata,Tata Nexon1.5 Revotorq XZA Plus,2019,"1,20,000kms",Diesel,Automatic,₹7 Lakh,new-delhi
Hyundai,Hyundai i20Sportz 1.2,2017,"40,000kms",Petrol,Manual,₹3.99 Lakh,new-delhi
Toyota,Toyota EtiosG,2015,"80,000kms",Petrol,Manual,₹6 Lakh,new-delhi
Hyundai,Hyundai CretaSX Diesel AT BSVI,2021,"71,000kms",Diesel,Automatic,₹12 Lakh,new-delhi
Honda,Honda AmazeS i-Vtech,2014,"64,000kms",Petrol,Manual,₹3.25 Lakh,new-delhi
Kia,Kia CarensPrestige Plus DCT BSVI,2023,"32,563kms",Petrol,Automatic,₹13.50 Lakh,new-delhi
Kia,Kia SeltosHTX G,2022,"40,265kms",Petrol,Manual,₹11 Lakh,new-delhi
Maruti,Maruti Baleno1.2 Delta,2017,"41,000kms",Petrol,Manual,₹3.85 Lakh,new-delhi
Kia,Kia CarnivalPrestige 6 STR,2022,"32,000kms",Diesel,Automatic,₹31 Lakh,new-delhi
MG,MG Hector PlusSharp DCT,2020,"20,000kms",Petrol,Automatic,₹10.20 Lakh,new-delhi
Honda,Honda CityE,2013,"1,60,000kms",Petrol,Manual,₹2.25 Lakh,new-delhi
Maruti,Maruti BalenoZeta,2021,"60,900kms",Petrol,Manual,₹5.24 Lakh,new-delhi
Maruti,Maruti CiazVDi Option SHVS,2017,"70,000kms",Diesel,Manual,₹4 Lakh,new-delhi
Kia,Kia CarensPrestige Opt,2024,"11,000kms",Petrol,Manual,₹11.75 Lakh,new-delhi
Hyundai,Hyundai Grand i10Magna,2017,"37,000kms",Petrol,Manual,₹3.65 Lakh,new-delhi
Hyundai,Hyundai CretaSX,2023,"26,700kms",Petrol,Manual,₹14 Lakh,new-delhi
Ford,Ford Ecosport1.5 Petrol Titanium Plus BSIV,2018,"65,000kms",Petrol,Manual,₹5.25 Lakh,new-delhi
Kia,Kia SeltosHTX G,2021,"79,000kms",Petrol,Manual,₹10.50 Lakh,new-delhi
Maruti,Maruti Wagon RVXI Optional,2018,"63,000kms",Petrol,Manual,₹3.22 Lakh,new-delhi
Maruti,Maruti SwiftVXI,2016,"71,000kms",Petrol,Manual,₹3.65 Lakh,new-delhi
Tata,Tata Nexon1.5 Revotorq XZA Plus,2019,"1,20,000kms",Diesel,Automatic,₹7 Lakh,new-delhi
Hyundai,Hyundai i20Sportz 1.2,2017,"40,000kms",Petrol,Manual,₹3.99 Lakh,new-delhi
Toyota,Toyota EtiosG,2015,"80,000kms",Petrol,Manual,₹6 Lakh,new-delhi
Hyundai,Hyundai CretaSX Diesel AT BSVI,2021,"71,000kms",Diesel,Automatic,₹12 Lakh,new-delhi
Honda,Honda AmazeS i-Vtech,2014,"64,000kms",Petrol,Manual,₹3.25 Lakh,new-delhi
Kia,Kia CarensPrestige Plus DCT BSVI,2023,"32,563kms",Petrol,Automatic,₹13.50 Lakh,new-delhi
Kia,Kia SeltosHTX G,2022,"40,265kms",Petrol,Manual,₹11 Lakh,new-delhi
Maruti,Maruti Baleno1.2 Delta,2017,"41,000kms",Petrol,Manual,₹3.85 Lakh,new-delhi
Kia,Kia CarnivalPrestige 6 STR,2022,"32,000kms",Diesel,Automatic,₹31 Lakh,new-delhi
MG,MG Hector PlusSharp DCT,2020,"20,000kms",Petrol,Automatic,₹10.20 Lakh,new-delhi
Honda,Honda CityE,2013,"1,60,000kms",Petrol,Manual,₹2.25 Lakh,new-delhi
Maruti,Maruti BalenoZeta,2021,"60,900kms",Petrol,Manual,₹5.24 Lakh,new-delhi
Maruti,Maruti CiazVDi Option SHVS,2017,"70,000kms",Diesel,Manual,₹4 Lakh,new-delhi
Kia,Kia CarensPrestige Opt,2024,"11,000kms",Petrol,Manual,₹11.75 Lakh,new-delhi
Hyundai,Hyundai Grand i10Magna,2017,"37,000kms",Petrol,Manual,₹3.65 Lakh,new-delhi
Hyundai,Hyundai CretaSX,2023,"26,700kms",Petrol,Manual,₹14 Lakh,new-delhi
Ford,Ford Ecosport1.5 Petrol Titanium Plus BSIV,2018,"65,000kms",Petrol,Manual,₹5.25 Lakh,new-delhi
Kia,Kia SeltosHTX G,2021,"79,000kms",Petrol,Manual,₹10.50 Lakh,new-delhi
Maruti,Maruti Wagon RVXI Optional,2018,"63,000kms",Petrol,Manual,₹3.22 Lakh,new-delhi
Maruti,Maruti SwiftVXI,2016,"71,000kms",Petrol,Manual,₹3.65 Lakh,new-delhi
Tata,Tata Nexon1.5 Revotorq XZA Plus,2019,"1,20,000kms",Diesel,Automatic,₹7 Lakh,new-delhi
Hyundai,Hyundai i20Sportz 1.2,2017,"40,000kms",Petrol,Manual,₹3.99 Lakh,new-delhi
Toyota,Toyota EtiosG,2015,"80,000kms",Petrol,Manual,₹6 Lakh,new-delhi
Hyundai,Hyundai CretaSX Diesel AT BSVI,2021,"71,000kms",Diesel,Automatic,₹12 Lakh,new-delhi
Honda,Honda AmazeS i-Vtech,2014,"64,000kms",Petrol,Manual,₹3.25 Lakh,new-delhi
Kia,Kia CarensPrestige Plus DCT BSVI,2023,"32,563kms",Petrol,Automatic,₹13.50 Lakh,new-delhi
Kia,Kia SeltosHTX G,2022,"40,265kms",Petrol,Manual,₹11 Lakh,new-delhi
Maruti,Maruti Baleno1.2 Delta,2017,"41,000kms",Petrol,Manual,₹3.85 Lakh,new-delhi
Kia,Kia CarnivalPrestige 6 STR,2022,"32,000kms",Diesel,Automatic,₹31 Lakh,new-delhi
MG,MG Hector PlusSharp DCT,2020,"20,000kms",Petrol,Automatic,₹10.20 Lakh,new-delhi
Honda,Honda CityE,2013,"1,60,000kms",Petrol,Manual,₹2.25 Lakh,new-delhi
Maruti,Maruti BalenoZeta,2021,"60,900kms",Petrol,Manual,₹5.24 Lakh,new-delhi
Maruti,Maruti CiazVDi Option SHVS,2017,"70,000kms",Diesel,Manual,₹4 Lakh,new-delhi
Kia,Kia CarensPrestige Opt,2024,"11,000kms",Petrol,Manual,₹11.75 Lakh,new-delhi
Hyundai,Hyundai Grand i10Magna,2017,"37,000kms",Petrol,Manual,₹3.65 Lakh,new-delhi
Hyundai,Hyundai CretaSX,2023,"26,700kms",Petrol,Manual,₹14 Lakh,new-delhi
Ford,Ford Ecosport1.5 Petrol Titanium Plus BSIV,2018,"65,000kms",Petrol,Manual,₹5.25 Lakh,new-delhi
Kia,Kia SeltosHTX G,2021,"79,000kms",Petrol,Manual,₹10.50 Lakh,new-delhi
Maruti,Maruti Wagon RVXI Optional,2018,"63,000kms",Petrol,Manual,₹3.22 Lakh,new-delhi
Hyundai,Hyundai Creta1.6 SX,2018,"80,000kms",Petrol,Manual,₹8 Lakh,new-delhi
Nissan,Nissan TerranoXL,2016,"56,000kms",Petrol,Manual,₹3.95 Lakh,new-delhi
Hyundai,Hyundai Creta1.4 CRDi Base,2016,"1,00,000kms",Diesel,Manual,₹5.50 Lakh,new-delhi
Maruti,Maruti Baleno1.2 Alpha,2018,"1,50,000kms",Petrol,Manual,₹4.50 Lakh,new-delhi
Hyundai,Hyundai i10Sportz,2011,"10,055kms",Petrol,Manual,₹1.65 Lakh,new-delhi
Maruti,Maruti SwiftLXI BSIV,2015,"99,000kms",Petrol,Manual,₹2.25 Lakh,new-delhi
Maruti,Maruti Wagon RVXI BS IV,2012,"80,000kms",Petrol,Manual,₹1.50 Lakh,new-delhi
Hyundai,Hyundai CretaS Plus Knight,2023,"80,000kms",Petrol,Manual,₹12.50 Lakh,new-delhi
Maruti,Maruti Baleno1.2 Alpha,2017,"90,000kms",Petrol,Manual,₹3.82 Lakh,new-delhi
Maruti,Maruti SwiftVXI BSII,2010,"50,000kms",Petrol,Manual,₹1.20 Lakh,new-delhi
Hyundai,Hyundai Grand i10Asta Option,2016,"1,20,000kms",Petrol,Manual,₹2.50 Lakh,new-delhi
MG,MG AstorSuper EX BSVI,2022,"20,000kms",Petrol,Manual,₹7 Lakh,new-delhi
Toyota,Toyota GlanzaS CNG BSVI,2023,"1,00,000kms",CNG,Manual,₹7 Lakh,new-delhi
Hyundai,Hyundai i10Magna,2012,"55,500kms",Petrol,Manual,₹2 Lakh,new-delhi
Maruti,Maruti Wagon R StingrayLXI Optional,2017,"90,000kms",Petrol,Manual,₹2.60 Lakh,new-delhi
Kia,Kia SeltosHTK Plus,2024,"15,000kms",Petrol,Manual,₹12.15 Lakh,new-delhi
Maruti,Maruti Baleno1.2 Zeta,2017,"70,000kms",Petrol,Manual,₹4 Lakh,new-delhi
Maruti,Maruti Baleno1.2 CVT Delta,2016,"57,000kms",Petrol,Automatic,₹4 Lakh,new-delhi
Hyundai,Hyundai Verna1.6 EX VTVT,2013,"80,000kms",Petrol,Manual,₹2.60 Lakh,new-delhi
Hyundai,Hyundai CretaS Plus Knight,2023,"35,000kms",Petrol,Manual,₹11.50 Lakh,new-delhi
Hyundai,Hyundai Creta1.6 SX,2018,"80,000kms",Petrol,Manual,₹8 Lakh,new-delhi
Nissan,Nissan TerranoXL,2016,"56,000kms",Petrol,Manual,₹3.95 Lakh,new-delhi
Hyundai,Hyundai Creta1.4 CRDi Base,2016,"1,00,000kms",Diesel,Manual,₹5.50 Lakh,new-delhi
Maruti,Maruti Baleno1.2 Alpha,2018,"1,50,000kms",Petrol,Manual,₹4.50 Lakh,new-delhi
Hyundai,Hyundai i10Sportz,2011,"10,055kms",Petrol,Manual,₹1.65 Lakh,new-delhi
Maruti,Maruti SwiftLXI BSIV,2015,"99,000kms",Petrol,Manual,₹2.25 Lakh,new-delhi
Maruti,Maruti Wagon RVXI BS IV,2012,"80,000kms",Petrol,Manual,₹1.50 Lakh,new-delhi
Hyundai,Hyundai CretaS Plus Knight,2023,"80,000kms",Petrol,Manual,₹12.50 Lakh,new-delhi
Maruti,Maruti Baleno1.2 Alpha,2017,"90,000kms",Petrol,Manual,₹3.82 Lakh,new-delhi
Maruti,Maruti SwiftVXI BSII,2010,"50,000kms",Petrol,Manual,₹1.20 Lakh,new-delhi
Hyundai,Hyundai Grand i10Asta Option,2016,"1,20,000kms",Petrol,Manual,₹2.50 Lakh,new-delhi
MG,MG AstorSuper EX BSVI,2022,"20,000kms",Petrol,Manual,₹7 Lakh,new-delhi
Toyota,Toyota GlanzaS CNG BSVI,2023,"1,00,000kms",CNG,Manual,₹7 Lakh,new-delhi
Hyundai,Hyundai i10Magna,2012,"55,500kms",Petrol,Manual,₹2 Lakh,new-delhi
Maruti,Maruti Wagon R StingrayLXI Optional,2017,"90,000kms",Petrol,Manual,₹2.60 Lakh,new-delhi
Kia,Kia SeltosHTK Plus,2024,"15,000kms",Petrol,Manual,₹12.15 Lakh,new-delhi
Maruti,Maruti Baleno1.2 Zeta,2017,"70,000kms",Petrol,Manual,₹4 Lakh,new-delhi
Maruti,Maruti Baleno1.2 CVT Delta,2016,"57,000kms",Petrol,Automatic,₹4 Lakh,new-delhi
Hyundai,Hyundai Verna1.6 EX VTVT,2013,"80,000kms",Petrol,Manual,₹2.60 Lakh,new-delhi
Hyundai,Hyundai CretaS Plus Knight,2023,"35,000kms",Petrol,Manual,₹11.50 Lakh,new-delhi
Hyundai,Hyundai Creta1.6 SX,2018,"80,000kms",Petrol,Manual,₹8 Lakh,new-delhi
Nissan,Nissan TerranoXL,2016,"56,000kms",Petrol,Manual,₹3.95 Lakh,new-delhi
Hyundai,Hyundai Creta1.4 CRDi Base,2016,"1,00,000kms",Diesel,Manual,₹5.50 Lakh,new-delhi
Maruti,Maruti Baleno1.2 Alpha,2018,"1,50,000kms",Petrol,Manual,₹4.50 Lakh,new-delhi
Hyundai,Hyundai i10Sportz,2011,"10,055kms",Petrol,Manual,₹1.65 Lakh,new-delhi
Maruti,Maruti SwiftLXI BSIV,2015,"99,000kms",Petrol,Manual,₹2.25 Lakh,new-delhi
Maruti,Maruti Wagon RVXI BS IV,2012,"80,000kms",Petrol,Manual,₹1.50 Lakh,new-delhi
Hyundai,Hyundai CretaS Plus Knight,2023,"80,000kms",Petrol,Manual,₹12.50 Lakh,new-delhi
Maruti,Maruti Baleno1.2 Alpha,2017,"90,000kms",Petrol,Manual,₹3.82 Lakh,new-delhi
Maruti,Maruti SwiftVXI BSII,2010,"50,000kms",Petrol,Manual,₹1.20 Lakh,new-delhi
Hyundai,Hyundai Grand i10Asta Option,2016,"1,20,000kms",Petrol,Manual,₹2.50 Lakh,new-delhi
MG,MG AstorSuper EX BSVI,2022,"20,000kms",Petrol,Manual,₹7 Lakh,new-delhi
Toyota,Toyota GlanzaS CNG BSVI,2023,"1,00,000kms",CNG,Manual,₹7 Lakh,new-delhi
Hyundai,Hyundai i10Magna,2012,"55,500kms",Petrol,Manual,₹2 Lakh,new-delhi
Maruti,Maruti Wagon R StingrayLXI Optional,2017,"90,000kms",Petrol,Manual,₹2.60 Lakh,new-delhi
Kia,Kia SeltosHTK Plus,2024,"15,000kms",Petrol,Manual,₹12.15 Lakh,new-delhi
Maruti,Maruti Baleno1.2 Zeta,2017,"70,000kms",Petrol,Manual,₹4 Lakh,new-delhi
Maruti,Maruti Baleno1.2 CVT Delta,2016,"57,000kms",Petrol,Automatic,₹4 Lakh,new-delhi
Hyundai,Hyundai Verna1.6 EX VTVT,2013,"80,000kms",Petrol,Manual,₹2.60 Lakh,new-delhi
Hyundai,Hyundai CretaS Plus Knight,2023,"35,000kms",Petrol,Manual,₹11.50 Lakh,new-delhi
Maruti,Maruti SwiftVXI,2016,"71,000kms",Petrol,Manual,₹3.65 Lakh,new-delhi
Tata,Tata Nexon1.5 Revotorq XZA Plus,2019,"1,20,000kms",Diesel,Automatic,₹7 Lakh,new-delhi
Hyundai,Hyundai i20Sportz 1.2,2017,"40,000kms",Petrol,Manual,₹3.99 Lakh,new-delhi
Toyota,Toyota EtiosG,2015,"80,000kms",Petrol,Manual,₹6 Lakh,new-delhi
Hyundai,Hyundai CretaSX Diesel AT BSVI,2021,"71,000kms",Diesel,Automatic,₹12 Lakh,new-delhi
Honda,Honda AmazeS i-Vtech,2014,"64,000kms",Petrol,Manual,₹3.25 Lakh,new-delhi
Kia,Kia CarensPrestige Plus DCT BSVI,2023,"32,563kms",Petrol,Automatic,₹13.50 Lakh,new-delhi
Kia,Kia SeltosHTX G,2022,"40,265kms",Petrol,Manual,₹11 Lakh,new-delhi
Maruti,Maruti Baleno1.2 Delta,2017,"41,000kms",Petrol,Manual,₹3.85 Lakh,new-delhi
Kia,Kia CarnivalPrestige 6 STR,2022,"32,000kms",Diesel,Automatic,₹31 Lakh,new-delhi
MG,MG Hector PlusSharp DCT,2020,"20,000kms",Petrol,Automatic,₹10.20 Lakh,new-delhi
Honda,Honda CityE,2013,"1,60,000kms",Petrol,Manual,₹2.25 Lakh,new-delhi
Maruti,Maruti BalenoZeta,2021,"60,900kms",Petrol,Manual,₹5.24 Lakh,new-delhi
Maruti,Maruti CiazVDi Option SHVS,2017,"70,000kms",Diesel,Manual,₹4 Lakh,new-delhi
Kia,Kia CarensPrestige Opt,2024,"11,000kms",Petrol,Manual,₹11.75 Lakh,new-delhi
Hyundai,Hyundai Grand i10Magna,2017,"37,000kms",Petrol,Manual,₹3.65 Lakh,new-delhi
Hyundai,Hyundai CretaSX,2023,"26,700kms",Petrol,Manual,₹14 Lakh,new-delhi
Ford,Ford Ecosport1.5 Petrol Titanium Plus BSIV,2018,"65,000kms",Petrol,Manual,₹5.25 Lakh,new-delhi
Kia,Kia SeltosHTX G,2021,"79,000kms",Petrol,Manual,₹10.50 Lakh,new-delhi
Maruti,Maruti Wagon RVXI Optional,2018,"63,000kms",Petrol,Manual,₹3.22 Lakh,new-delhi
Hyundai,Hyundai Creta1.6 SX,2018,"80,000kms",Petrol,Manual,₹8 Lakh,new-delhi
Nissan,Nissan TerranoXL,2016,"56,000kms",Petrol,Manual,₹3.95 Lakh,new-delhi
Hyundai,Hyundai Creta1.4 CRDi Base,2016,"1,00,000kms",Diesel,Manual,₹5.50 Lakh,new-delhi
Maruti,Maruti Baleno1.2 Alpha,2018,"1,50,000kms",Petrol,Manual,₹4.50 Lakh,new-delhi
Hyundai,Hyundai i10Sportz,2011,"10,055kms",Petrol,Manual,₹1.65 Lakh,new-delhi
Maruti,Maruti SwiftLXI BSIV,2015,"99,000kms",Petrol,Manual,₹2.25 Lakh,new-delhi
Maruti,Maruti Wagon RVXI BS IV,2012,"80,000kms",Petrol,Manual,₹1.50 Lakh,new-delhi
Hyundai,Hyundai CretaS Plus Knight,2023,"80,000kms",Petrol,Manual,₹12.50 Lakh,new-delhi
Maruti,Maruti Baleno1.2 Alpha,2017,"90,000kms",Petrol,Manual,₹3.82 Lakh,new-delhi
Maruti,Maruti SwiftVXI BSII,2010,"50,000kms",Petrol,Manual,₹1.20 Lakh,new-delhi
Hyundai,Hyundai Grand i10Asta Option,2016,"1,20,000kms",Petrol,Manual,₹2.50 Lakh,new-delhi
MG,MG AstorSuper EX BSVI,2022,"20,000kms",Petrol,Manual,₹7 Lakh,new-delhi
Toyota,Toyota GlanzaS CNG BSVI,2023,"1,00,000kms",CNG,Manual,₹7 Lakh,new-delhi
Hyundai,Hyundai i10Magna,2012,"55,500kms",Petrol,Manual,₹2 Lakh,new-delhi
Maruti,Maruti Wagon R StingrayLXI Optional,2017,"90,000kms",Petrol,Manual,₹2.60 Lakh,new-delhi
Kia,Kia SeltosHTK Plus,2024,"15,000kms",Petrol,Manual,₹12.15 Lakh,new-delhi
Maruti,Maruti Baleno1.2 Zeta,2017,"70,000kms",Petrol,Manual,₹4 Lakh,new-delhi
Maruti,Maruti Baleno1.2 CVT Delta,2016,"57,000kms",Petrol,Automatic,₹4 Lakh,new-delhi
Hyundai,Hyundai Verna1.6 EX VTVT,2013,"80,000kms",Petrol,Manual,₹2.60 Lakh,new-delhi
Hyundai,Hyundai CretaS Plus Knight,2023,"35,000kms",Petrol,Manual,₹11.50 Lakh,new-delhi
Maruti,Maruti SwiftVXI,2016,"71,000kms",Petrol,Manual,₹3.65 Lakh,new-delhi
Tata,Tata Nexon1.5 Revotorq XZA Plus,2019,"1,20,000kms",Diesel,Automatic,₹7 Lakh,new-delhi
Hyundai,Hyundai i20Sportz 1.2,2017,"40,000kms",Petrol,Manual,₹3.99 Lakh,new-delhi
Toyota,Toyota EtiosG,2015,"80,000kms",Petrol,Manual,₹6 Lakh,new-delhi
Hyundai,Hyundai CretaSX Diesel AT BSVI,2021,"71,000kms",Diesel,Automatic,₹12 Lakh,new-delhi
Honda,Honda AmazeS i-Vtech,2014,"64,000kms",Petrol,Manual,₹3.25 Lakh,new-delhi
Kia,Kia CarensPrestige Plus DCT BSVI,2023,"32,563kms",Petrol,Automatic,₹13.50 Lakh,new-delhi
Kia,Kia SeltosHTX G,2022,"40,265kms",Petrol,Manual,₹11 Lakh,new-delhi
Maruti,Maruti Baleno1.2 Delta,2017,"41,000kms",Petrol,Manual,₹3.85 Lakh,new-delhi
Kia,Kia CarnivalPrestige 6 STR,2022,"32,000kms",Diesel,Automatic,₹31 Lakh,new-delhi
MG,MG Hector PlusSharp DCT,2020,"20,000kms",Petrol,Automatic,₹10.20 Lakh,new-delhi
Honda,Honda CityE,2013,"1,60,000kms",Petrol,Manual,₹2.25 Lakh,new-delhi
Maruti,Maruti BalenoZeta,2021,"60,900kms",Petrol,Manual,₹5.24 Lakh,new-delhi
Maruti,Maruti CiazVDi Option SHVS,2017,"70,000kms",Diesel,Manual,₹4 Lakh,new-delhi
Kia,Kia CarensPrestige Opt,2024,"11,000kms",Petrol,Manual,₹11.75 Lakh,new-delhi
Hyundai,Hyundai Grand i10Magna,2017,"37,000kms",Petrol,Manual,₹3.65 Lakh,new-delhi
Hyundai,Hyundai CretaSX,2023,"26,700kms",Petrol,Manual,₹14 Lakh,new-delhi
Ford,Ford Ecosport1.5 Petrol Titanium Plus BSIV,2018,"65,000kms",Petrol,Manual,₹5.25 Lakh,new-delhi
Kia,Kia SeltosHTX G,2021,"79,000kms",Petrol,Manual,₹10.50 Lakh,new-delhi
Maruti,Maruti Wagon RVXI Optional,2018,"63,000kms",Petrol,Manual,₹3.22 Lakh,new-delhi
Maruti,Maruti SwiftVXI,2016,"71,000kms",Petrol,Manual,₹3.65 Lakh,new-delhi
Tata,Tata Nexon1.5 Revotorq XZA Plus,2019,"1,20,000kms",Diesel,Automatic,₹7 Lakh,new-delhi
Hyundai,Hyundai i20Sportz 1.2,2017,"40,000kms",Petrol,Manual,₹3.99 Lakh,new-delhi
Toyota,Toyota EtiosG,2015,"80,000kms",Petrol,Manual,₹6 Lakh,new-delhi
Hyundai,Hyundai CretaSX Diesel AT BSVI,2021,"71,000kms",Diesel,Automatic,₹12 Lakh,new-delhi
Honda,Honda AmazeS i-Vtech,2014,"64,000kms",Petrol,Manual,₹3.25 Lakh,new-delhi
Kia,Kia CarensPrestige Plus DCT BSVI,2023,"32,563kms",Petrol,Automatic,₹13.50 Lakh,new-delhi
Kia,Kia SeltosHTX G,2022,"40,265kms",Petrol,Manual,₹11 Lakh,new-delhi
Maruti,Maruti Baleno1.2 Delta,2017,"41,000kms",Petrol,Manual,₹3.85 Lakh,new-delhi
Kia,Kia CarnivalPrestige 6 STR,2022,"32,000kms",Diesel,Automatic,₹31 Lakh,new-delhi
MG,MG Hector PlusSharp DCT,2020,"20,000kms",Petrol,Automatic,₹10.20 Lakh,new-delhi
Honda,Honda CityE,2013,"1,60,000kms",Petrol,Manual,₹2.25 Lakh,new-delhi
Maruti,Maruti BalenoZeta,2021,"60,900kms",Petrol,Manual,₹5.24 Lakh,new-delhi
Maruti,Maruti CiazVDi Option SHVS,2017,"70,000kms",Diesel,Manual,₹4 Lakh,new-delhi
Kia,Kia CarensPrestige Opt,2024,"11,000kms",Petrol,Manual,₹11.75 Lakh,new-delhi
Hyundai,Hyundai Grand i10Magna,2017,"37,000kms",Petrol,Manual,₹3.65 Lakh,new-delhi
Hyundai,Hyundai CretaSX,2023,"26,700kms",Petrol,Manual,₹14 Lakh,new-delhi
Ford,Ford Ecosport1.5 Petrol Titanium Plus BSIV,2018,"65,000kms",Petrol,Manual,₹5.25 Lakh,new-delhi
Kia,Kia SeltosHTX G,2021,"79,000kms",Petrol,Manual,₹10.50 Lakh,new-delhi
Maruti,Maruti Wagon RVXI Optional,2018,"63,000kms",Petrol,Manual,₹3.22 Lakh,new-delhi
Hyundai,Hyundai Creta1.6 SX,2018,"80,000kms",Petrol,Manual,₹8 Lakh,new-delhi
Nissan,Nissan TerranoXL,2016,"56,000kms",Petrol,Manual,₹3.95 Lakh,new-delhi
Hyundai,Hyundai Creta1.4 CRDi Base,2016,"1,00,000kms",Diesel,Manual,₹5.50 Lakh,new-delhi
Maruti,Maruti Baleno1.2 Alpha,2018,"1,50,000kms",Petrol,Manual,₹4.50 Lakh,new-delhi
Hyundai,Hyundai i10Sportz,2011,"10,055kms",Petrol,Manual,₹1.65 Lakh,new-delhi
Maruti,Maruti SwiftLXI BSIV,2015,"99,000kms",Petrol,Manual,₹2.25 Lakh,new-delhi
Maruti,Maruti Wagon RVXI BS IV,2012,"80,000kms",Petrol,Manual,₹1.50 Lakh,new-delhi
Hyundai,Hyundai CretaS Plus Knight,2023,"80,000kms",Petrol,Manual,₹12.50 Lakh,new-delhi
Maruti,Maruti Baleno1.2 Alpha,2017,"90,000kms",Petrol,Manual,₹3.82 Lakh,new-delhi
Maruti,Maruti SwiftVXI BSII,2010,"50,000kms",Petrol,Manual,₹1.20 Lakh,new-delhi
Hyundai,Hyundai Grand i10Asta Option,2016,"1,20,000kms",Petrol,Manual,₹2.50 Lakh,new-delhi
MG,MG AstorSuper EX BSVI,2022,"20,000kms",Petrol,Manual,₹7 Lakh,new-delhi
Toyota,Toyota GlanzaS CNG BSVI,2023,"1,00,000kms",CNG,Manual,₹7 Lakh,new-delhi
Hyundai,Hyundai i10Magna,2012,"55,500kms",Petrol,Manual,₹2 Lakh,new-delhi
Maruti,Maruti Wagon R StingrayLXI Optional,2017,"90,000kms",Petrol,Manual,₹2.60 Lakh,new-delhi
Kia,Kia SeltosHTK Plus,2024,"15,000kms",Petrol,Manual,₹12.15 Lakh,new-delhi
Maruti,Maruti Baleno1.2 Zeta,2017,"70,000kms",Petrol,Manual,₹4 Lakh,new-delhi
Maruti,Maruti Baleno1.2 CVT Delta,2016,"57,000kms",Petrol,Automatic,₹4 Lakh,new-delhi
Hyundai,Hyundai Verna1.6 EX VTVT,2013,"80,000kms",Petrol,Manual,₹2.60 Lakh,new-delhi
Hyundai,Hyundai CretaS Plus Knight,2023,"35,000kms",Petrol,Manual,₹11.50 Lakh,new-delhi
Maruti,Maruti Swift VXI,2016,"71,000 kms",Petrol,Manual,₹3.65 Lakh,new-delhi
Tata,Tata Nexon 1.5 Revotorq XZA Plus,2019,"1,20,000 kms",Diesel,Automatic,₹7 Lakh,new-delhi
Hyundai,Hyundai i20 Sportz 1.2,2017,"40,000 kms",Petrol,Manual,₹3.99 Lakh,new-delhi
Toyota,Toyota Etios G,2015,"80,000 kms",Petrol,Manual,₹6 Lakh,new-delhi
Hyundai,Hyundai Creta SX Diesel AT BSVI,2021,"71,000 kms",Diesel,Automatic,₹12 Lakh,new-delhi
Honda,Honda Amaze S i-Vtech,2014,"64,000 kms",Petrol,Manual,₹3.25 Lakh,new-delhi
Kia,Kia Carens Prestige Plus DCT BSVI,2023,"32,563 kms",Petrol,Automatic,₹13.50 Lakh,new-delhi
Kia,Kia Seltos HTX G,2022,"40,265 kms",Petrol,Manual,₹11 Lakh,new-delhi
Maruti,Maruti Baleno 1.2 Delta,2017,"41,000 kms",Petrol,Manual,₹3.85 Lakh,new-delhi
Kia,Kia Carnival Prestige 6 STR,2022,"32,000 kms",Diesel,Automatic,₹31 Lakh,new-delhi
MG,MG Hector Plus Sharp DCT,2020,"20,000 kms",Petrol,Automatic,₹10.20 Lakh,new-delhi
Honda,Honda City E,2013,"1,60,000 kms",Petrol,Manual,₹2.25 Lakh,new-delhi
Maruti,Maruti Baleno Zeta,2021,"60,900 kms",Petrol,Manual,₹5.24 Lakh,new-delhi
Maruti,Maruti Ciaz VDi Option SHVS,2017,"70,000 kms",Diesel,Manual,₹4 Lakh,new-delhi
Kia,Kia Carens Prestige Opt,2024,"11,000 kms",Petrol,Manual,₹11.75 Lakh,new-delhi
Hyundai,Hyundai Grand i10 Magna,2017,"37,000 kms",Petrol,Manual,₹3.65 Lakh,new-delhi
Hyundai,Hyundai Creta SX,2023,"26,700 kms",Petrol,Manual,₹14 Lakh,new-delhi
Ford,Ford Ecosport 1.5 Petrol Titanium Plus BSIV,2018,"65,000 kms",Petrol,Manual,₹5.25 Lakh,new-delhi
Kia,Kia Seltos HTX G,2021,"79,000 kms",Petrol,Manual,₹10.50 Lakh,new-delhi
Maruti,Maruti Wagon R VXI Optional,2018,"63,000 kms",Petrol,Manual,₹3.22 Lakh,new-delhi
Maruti,Maruti SwiftVXI,2016,"71,000kms",Petrol,Manual,₹3.65 Lakh,new-delhi
Tata,Tata Nexon1.5 Revotorq XZA Plus,2019,"1,20,000kms",Diesel,Automatic,₹7 Lakh,new-delhi
Hyundai,Hyundai i20Sportz 1.2,2017,"40,000kms",Petrol,Manual,₹3.99 Lakh,new-delhi
Toyota,Toyota EtiosG,2015,"80,000kms",Petrol,Manual,₹6 Lakh,new-delhi
Hyundai,Hyundai CretaSX Diesel AT BSVI,2021,"71,000kms",Diesel,Automatic,₹12 Lakh,new-delhi
Honda,Honda AmazeS i-Vtech,2014,"64,000kms",Petrol,Manual,₹3.25 Lakh,new-delhi
Kia,Kia CarensPrestige Plus DCT BSVI,2023,"32,563kms",Petrol,Automatic,₹13.50 Lakh,new-delhi
Kia,Kia SeltosHTX G,2022,"40,265kms",Petrol,Manual,₹11 Lakh,new-delhi
Maruti,Maruti Baleno1.2 Delta,2017,"41,000kms",Petrol,Manual,₹3.85 Lakh,new-delhi
Kia,Kia CarnivalPrestige 6 STR,2022,"32,000kms",Diesel,Automatic,₹31 Lakh,new-delhi
MG,MG Hector PlusSharp DCT,2020,"20,000kms",Petrol,Automatic,₹10.20 Lakh,new-delhi
Honda,Honda CityE,2013,"1,60,000kms",Petrol,Manual,₹2.25 Lakh,new-delhi
Maruti,Maruti BalenoZeta,2021,"60,900kms",Petrol,Manual,₹5.24 Lakh,new-delhi
Maruti,Maruti CiazVDi Option SHVS,2017,"70,000kms",Diesel,Manual,₹4 Lakh,new-delhi
Kia,Kia CarensPrestige Opt,2024,"11,000kms",Petrol,Manual,₹11.75 Lakh,new-delhi
Hyundai,Hyundai Grand i10Magna,2017,"37,000kms",Petrol,Manual,₹3.65 Lakh,new-delhi
Hyundai,Hyundai CretaSX,2023,"26,700kms",Petrol,Manual,₹14 Lakh,new-delhi
Ford,Ford Ecosport1.5 Petrol Titanium Plus BSIV,2018,"65,000kms",Petrol,Manual,₹5.25 Lakh,new-delhi
Kia,Kia SeltosHTX G,2021,"79,000kms",Petrol,Manual,₹10.50 Lakh,new-delhi
Maruti,Maruti Wagon RVXI Optional,2018,"63,000kms",Petrol,Manual,₹3.22 Lakh,new-delhi
Hyundai,Hyundai VernaSX Turbo DCT,2023,"51,000kms",Petrol,Automatic,₹13.40 Lakh,new-delhi
Hyundai,Hyundai i20Petrol Spotz,2019,"1,20,000kms",Petrol,Manual,₹4.50 Lakh,new-delhi
Mercedes-Benz,Mercedes-Benz GLS350d 4MATIC,2019,"51,000kms",Diesel,Automatic,₹55 Lakh,new-delhi
Jeep,Jeep Compass2.0 Limited,2019,"43,000kms",Diesel,Manual,₹9.80 Lakh,new-delhi
Kia,Kia CarnivalLimousine Plus,2023,"68,000kms",Diesel,Automatic,₹35 Lakh,new-delhi
Mercedes-Benz,Mercedes-Benz C-ClassC 200 AVANTGARDE,2015,"33,000kms",Petrol,Automatic,₹15.75 Lakh,new-delhi
MG,MG Hector PlusSharp DCT,2020,"50,000kms",Petrol,Automatic,₹12.75 Lakh,new-delhi
Honda,Honda AmazeS i-Vtech,2015,"70,000kms",Petrol,Manual,₹2.65 Lakh,new-delhi
Toyota,Toyota Innova Crysta2.4 ZX MT BSIV,2018,"1,00,000kms",Diesel,Manual,₹13.50 Lakh,new-delhi
Maruti,Maruti CiazDelta BSIV,2019,"60,000kms",Petrol,Manual,₹5.38 Lakh,new-delhi
Maruti,Maruti Baleno1.2 CVT Alpha,2018,"28,000kms",Petrol,Automatic,₹5.35 Lakh,new-delhi
Kia,Kia SonetHTX Plus Turbo iMT BSVI,2020,"38,000kms",Petrol,Manual,₹7.75 Lakh,new-delhi
Maruti,Maruti Vitara BrezzaVDi,2017,"65,000kms",Diesel,Manual,₹4.50 Lakh,new-delhi
Tata,Tata Tiago1.2 Revotron XZ,2019,"60,000kms",Petrol,Manual,₹3.55 Lakh,new-delhi
Tata,Tata Tiago1.2 Revotron XZA,2019,"68,000kms",Petrol,Automatic,₹3.95 Lakh,new-delhi
Tata,Tata Nexon1.5 Revotorq XZ Plus,2018,"66,000kms",Diesel,Manual,₹5.50 Lakh,new-delhi
Toyota,Toyota Innova Crysta2.4 G MT 8S BSIV,2018,"2,97,000kms",Diesel,Manual,₹11.75 Lakh,new-delhi
Kia,Kia SeltosHTX IVT G,2021,"78,000kms",Petrol,Automatic,₹11.50 Lakh,new-delhi
Honda,Honda AmazeVX i-Vtech,2014,"60,000kms",Petrol,Manual,₹5 Lakh,new-delhi
Toyota,Toyota Innova Crysta2.7 GX AT BSIV,2017,"80,000kms",Petrol,Automatic,₹10.50 Lakh,new-delhi
Hyundai,Hyundai VernaSX Turbo DCT,2023,"51,000kms",Petrol,Automatic,₹13.40 Lakh,new-delhi
Hyundai,Hyundai i20Petrol Spotz,2019,"1,20,000kms",Petrol,Manual,₹4.50 Lakh,new-delhi
Mercedes-Benz,Mercedes-Benz GLS350d 4MATIC,2019,"51,000kms",Diesel,Automatic,₹55 Lakh,new-delhi
Jeep,Jeep Compass2.0 Limited,2019,"43,000kms",Diesel,Manual,₹9.80 Lakh,new-delhi
Kia,Kia CarnivalLimousine Plus,2023,"68,000kms",Diesel,Automatic,₹35 Lakh,new-delhi
Mercedes-Benz,Mercedes-Benz C-ClassC 200 AVANTGARDE,2015,"33,000kms",Petrol,Automatic,₹15.75 Lakh,new-delhi
MG,MG Hector PlusSharp DCT,2020,"50,000kms",Petrol,Automatic,₹12.75 Lakh,new-delhi
Honda,Honda AmazeS i-Vtech,2015,"70,000kms",Petrol,Manual,₹2.65 Lakh,new-delhi
Toyota,Toyota Innova Crysta2.4 ZX MT BSIV,2018,"1,00,000kms",Diesel,Manual,₹13.50 Lakh,new-delhi
Maruti,Maruti CiazDelta BSIV,2019,"60,000kms",Petrol,Manual,₹5.38 Lakh,new-delhi
Maruti,Maruti Baleno1.2 CVT Alpha,2018,"28,000kms",Petrol,Automatic,₹5.35 Lakh,new-delhi
Kia,Kia SonetHTX Plus Turbo iMT BSVI,2020,"38,000kms",Petrol,Manual,₹7.75 Lakh,new-delhi
Maruti,Maruti Vitara BrezzaVDi,2017,"65,000kms",Diesel,Manual,₹4.50 Lakh,new-delhi
Tata,Tata Tiago1.2 Revotron XZ,2019,"60,000kms",Petrol,Manual,₹3.55 Lakh,new-delhi
Tata,Tata Tiago1.2 Revotron XZA,2019,"68,000kms",Petrol,Automatic,₹3.95 Lakh,new-delhi
Tata,Tata Nexon1.5 Revotorq XZ Plus,2018,"66,000kms",Diesel,Manual,₹5.50 Lakh,new-delhi
Toyota,Toyota Innova Crysta2.4 G MT 8S BSIV,2018,"2,97,000kms",Diesel,Manual,₹11.75 Lakh,new-delhi
Kia,Kia SeltosHTX IVT G,2021,"78,000kms",Petrol,Automatic,₹11.50 Lakh,new-delhi
Honda,Honda AmazeVX i-Vtech,2014,"60,000kms",Petrol,Manual,₹5 Lakh,new-delhi
Toyota,Toyota Innova Crysta2.7 GX AT BSIV,2017,"80,000kms",Petrol,Automatic,₹10.50 Lakh,new-delhi
Hyundai,Hyundai VernaSX Turbo DCT,2023,"51,000kms",Petrol,Automatic,₹13.40 Lakh,new-delhi
Hyundai,Hyundai i20Petrol Spotz,2019,"1,20,000kms",Petrol,Manual,₹4.50 Lakh,new-delhi
Mercedes-Benz,Mercedes-Benz GLS350d 4MATIC,2019,"51,000kms",Diesel,Automatic,₹55 Lakh,new-delhi
Jeep,Jeep Compass2.0 Limited,2019,"43,000kms",Diesel,Manual,₹9.80 Lakh,new-delhi
Kia,Kia CarnivalLimousine Plus,2023,"68,000kms",Diesel,Automatic,₹35 Lakh,new-delhi
Mercedes-Benz,Mercedes-Benz C-ClassC 200 AVANTGARDE,2015,"33,000kms",Petrol,Automatic,₹15.75 Lakh,new-delhi
MG,MG Hector PlusSharp DCT,2020,"50,000kms",Petrol,Automatic,₹12.75 Lakh,new-delhi
Honda,Honda AmazeS i-Vtech,2015,"70,000kms",Petrol,Manual,₹2.65 Lakh,new-delhi
Toyota,Toyota Innova Crysta2.4 ZX MT BSIV,2018,"1,00,000kms",Diesel,Manual,₹13.50 Lakh,new-delhi
Maruti,Maruti CiazDelta BSIV,2019,"60,000kms",Petrol,Manual,₹5.38 Lakh,new-delhi
Maruti,Maruti Baleno1.2 CVT Alpha,2018,"28,000kms",Petrol,Automatic,₹5.35 Lakh,new-delhi
Kia,Kia SonetHTX Plus Turbo iMT BSVI,2020,"38,000kms",Petrol,Manual,₹7.75 Lakh,new-delhi
Maruti,Maruti Vitara BrezzaVDi,2017,"65,000kms",Diesel,Manual,₹4.50 Lakh,new-delhi
Tata,Tata Tiago1.2 Revotron XZ,2019,"60,000kms",Petrol,Manual,₹3.55 Lakh,new-delhi
Tata,Tata Tiago1.2 Revotron XZA,2019,"68,000kms",Petrol,Automatic,₹3.95 Lakh,new-delhi
Tata,Tata Nexon1.5 Revotorq XZ Plus,2018,"66,000kms",Diesel,Manual,₹5.50 Lakh,new-delhi
Toyota,Toyota Innova Crysta2.4 G MT 8S BSIV,2018,"2,97,000kms",Diesel,Manual,₹11.75 Lakh,new-delhi
Kia,Kia SeltosHTX IVT G,2021,"78,000kms",Petrol,Automatic,₹11.50 Lakh,new-delhi
Honda,Honda AmazeVX i-Vtech,2014,"60,000kms",Petrol,Manual,₹5 Lakh,new-delhi
Toyota,Toyota Innova Crysta2.7 GX AT BSIV,2017,"80,000kms",Petrol,Automatic,₹10.50 Lakh,new-delhi
Maruti,Maruti SwiftVXI,2016,"71,000kms",Petrol,Manual,₹3.65 Lakh,new-delhi
Tata,Tata Nexon1.5 Revotorq XZA Plus,2019,"1,20,000kms",Diesel,Automatic,₹7 Lakh,new-delhi
Hyundai,Hyundai i20Sportz 1.2,2017,"40,000kms",Petrol,Manual,₹3.99 Lakh,new-delhi
Toyota,Toyota EtiosG,2015,"80,000kms",Petrol,Manual,₹6 Lakh,new-delhi
Hyundai,Hyundai CretaSX Diesel AT BSVI,2021,"71,000kms",Diesel,Automatic,₹12 Lakh,new-delhi
Honda,Honda AmazeS i-Vtech,2014,"64,000kms",Petrol,Manual,₹3.25 Lakh,new-delhi
Kia,Kia CarensPrestige Plus DCT BSVI,2023,"32,563kms",Petrol,Automatic,₹13.50 Lakh,new-delhi
Kia,Kia SeltosHTX G,2022,"40,265kms",Petrol,Manual,₹11 Lakh,new-delhi
Maruti,Maruti Baleno1.2 Delta,2017,"41,000kms",Petrol,Manual,₹3.85 Lakh,new-delhi
Kia,Kia CarnivalPrestige 6 STR,2022,"32,000kms",Diesel,Automatic,₹31 Lakh,new-delhi
MG,MG Hector PlusSharp DCT,2020,"20,000kms",Petrol,Automatic,₹10.20 Lakh,new-delhi
Honda,Honda CityE,2013,"1,60,000kms",Petrol,Manual,₹2.25 Lakh,new-delhi
Maruti,Maruti BalenoZeta,2021,"60,900kms",Petrol,Manual,₹5.24 Lakh,new-delhi
Maruti,Maruti CiazVDi Option SHVS,2017,"70,000kms",Diesel,Manual,₹4 Lakh,new-delhi
Kia,Kia CarensPrestige Opt,2024,"11,000kms",Petrol,Manual,₹11.75 Lakh,new-delhi
Hyundai,Hyundai Grand i10Magna,2017,"37,000kms",Petrol,Manual,₹3.65 Lakh,new-delhi
Hyundai,Hyundai CretaSX,2023,"26,700kms",Petrol,Manual,₹14 Lakh,new-delhi
Ford,Ford Ecosport1.5 Petrol Titanium Plus BSIV,2018,"65,000kms",Petrol,Manual,₹5.25 Lakh,new-delhi
Kia,Kia SeltosHTX G,2021,"79,000kms",Petrol,Manual,₹10.50 Lakh,new-delhi
Maruti,Maruti Wagon RVXI Optional,2018,"63,000kms",Petrol,Manual,₹3.22 Lakh,new-delhi
Maruti,Maruti SwiftVXI,2016,"71,000kms",Petrol,Manual,₹3.65 Lakh,new-delhi
Tata,Tata Nexon1.5 Revotorq XZA Plus,2019,"1,20,000kms",Diesel,Automatic,₹7 Lakh,new-delhi
Hyundai,Hyundai i20Sportz 1.2,2017,"40,000kms",Petrol,Manual,₹3.99 Lakh,new-delhi
Toyota,Toyota EtiosG,2015,"80,000kms",Petrol,Manual,₹6 Lakh,new-delhi
Hyundai,Hyundai CretaSX Diesel AT BSVI,2021,"71,000kms",Diesel,Automatic,₹12 Lakh,new-delhi
Honda,Honda AmazeS i-Vtech,2014,"64,000kms",Petrol,Manual,₹3.25 Lakh,new-delhi
Kia,Kia CarensPrestige Plus DCT BSVI,2023,"32,563kms",Petrol,Automatic,₹13.50 Lakh,new-delhi
Kia,Kia SeltosHTX G,2022,"40,265kms",Petrol,Manual,₹11 Lakh,new-delhi
Maruti,Maruti Baleno1.2 Delta,2017,"41,000kms",Petrol,Manual,₹3.85 Lakh,new-delhi
Kia,Kia CarnivalPrestige 6 STR,2022,"32,000kms",Diesel,Automatic,₹31 Lakh,new-delhi
MG,MG Hector PlusSharp DCT,2020,"20,000kms",Petrol,Automatic,₹10.20 Lakh,new-delhi
Honda,Honda CityE,2013,"1,60,000kms",Petrol,Manual,₹2.25 Lakh,new-delhi
Maruti,Maruti BalenoZeta,2021,"60,900kms",Petrol,Manual,₹5.24 Lakh,new-delhi
Maruti,Maruti CiazVDi Option SHVS,2017,"70,000kms",Diesel,Manual,₹4 Lakh,new-delhi
Kia,Kia CarensPrestige Opt,2024,"11,000kms",Petrol,Manual,₹11.75 Lakh,new-delhi
Hyundai,Hyundai Grand i10Magna,2017,"37,000kms",Petrol,Manual,₹3.65 Lakh,new-delhi
Hyundai,Hyundai CretaSX,2023,"26,700kms",Petrol,Manual,₹14 Lakh,new-delhi
Ford,Ford Ecosport1.5 Petrol Titanium Plus BSIV,2018,"65,000kms",Petrol,Manual,₹5.25 Lakh,new-delhi
Kia,Kia SeltosHTX G,2021,"79,000kms",Petrol,Manual,₹10.50 Lakh,new-delhi
Maruti,Maruti Wagon RVXI Optional,2018,"63,000kms",Petrol,Manual,₹3.22 Lakh,new-delhi
Hyundai,Hyundai VernaSX Turbo DCT,2023,"51,000kms",Petrol,Automatic,₹13.40 Lakh,new-delhi
Hyundai,Hyundai i20Petrol Spotz,2019,"1,20,000kms",Petrol,Manual,₹4.50 Lakh,new-delhi
Mercedes-Benz,Mercedes-Benz GLS350d 4MATIC,2019,"51,000kms",Diesel,Automatic,₹55 Lakh,new-delhi
Jeep,Jeep Compass2.0 Limited,2019,"43,000kms",Diesel,Manual,₹9.80 Lakh,new-delhi
Kia,Kia CarnivalLimousine Plus,2023,"68,000kms",Diesel,Automatic,₹35 Lakh,new-delhi
Mercedes-Benz,Mercedes-Benz C-ClassC 200 AVANTGARDE,2015,"33,000kms",Petrol,Automatic,₹15.75 Lakh,new-delhi
MG,MG Hector PlusSharp DCT,2020,"50,000kms",Petrol,Automatic,₹12.75 Lakh,new-delhi
Honda,Honda AmazeS i-Vtech,2015,"70,000kms",Petrol,Manual,₹2.65 Lakh,new-delhi
Toyota,Toyota Innova Crysta2.4 ZX MT BSIV,2018,"1,00,000kms",Diesel,Manual,₹13.50 Lakh,new-delhi
Maruti,Maruti CiazDelta BSIV,2019,"60,000kms",Petrol,Manual,₹5.38 Lakh,new-delhi
Maruti,Maruti Baleno1.2 CVT Alpha,2018,"28,000kms",Petrol,Automatic,₹5.35 Lakh,new-delhi
Kia,Kia SonetHTX Plus Turbo iMT BSVI,2020,"38,000kms",Petrol,Manual,₹7.75 Lakh,new-delhi
Maruti,Maruti Vitara BrezzaVDi,2017,"65,000kms",Diesel,Manual,₹4.50 Lakh,new-delhi
Tata,Tata Tiago1.2 Revotron XZ,2019,"60,000kms",Petrol,Manual,₹3.55 Lakh,new-delhi
Tata,Tata Tiago1.2 Revotron XZA,2019,"68,000kms",Petrol,Automatic,₹3.95 Lakh,new-delhi
Tata,Tata Nexon1.5 Revotorq XZ Plus,2018,"66,000kms",Diesel,Manual,₹5.50 Lakh,new-delhi
Toyota,Toyota Innova Crysta2.4 G MT 8S BSIV,2018,"2,97,000kms",Diesel,Manual,₹11.75 Lakh,new-delhi
Kia,Kia SeltosHTX IVT G,2021,"78,000kms",Petrol,Automatic,₹11.50 Lakh,new-delhi
Honda,Honda AmazeVX i-Vtech,2014,"60,000kms",Petrol,Manual,₹5 Lakh,new-delhi
Toyota,Toyota Innova Crysta2.7 GX AT BSIV,2017,"80,000kms",Petrol,Automatic,₹10.50 Lakh,new-delhi
Hyundai,Hyundai Creta1.6 SX,2018,"80,000kms",Petrol,Manual,₹8 Lakh,new-delhi
Nissan,Nissan TerranoXL,2016,"56,000kms",Petrol,Manual,₹3.95 Lakh,new-delhi
Hyundai,Hyundai Creta1.4 CRDi Base,2016,"1,00,000kms",Diesel,Manual,₹5.50 Lakh,new-delhi
Maruti,Maruti Baleno1.2 Alpha,2018,"1,50,000kms",Petrol,Manual,₹4.50 Lakh,new-delhi
Hyundai,Hyundai i10Sportz,2011,"10,055kms",Petrol,Manual,₹1.65 Lakh,new-delhi
Maruti,Maruti SwiftLXI BSIV,2015,"99,000kms",Petrol,Manual,₹2.25 Lakh,new-delhi
Maruti,Maruti Wagon RVXI BS IV,2012,"80,000kms",Petrol,Manual,₹1.50 Lakh,new-delhi
Hyundai,Hyundai CretaS Plus Knight,2023,"80,000kms",Petrol,Manual,₹12.50 Lakh,new-delhi
Maruti,Maruti Baleno1.2 Alpha,2017,"90,000kms",Petrol,Manual,₹3.82 Lakh,new-delhi
Maruti,Maruti SwiftVXI BSII,2010,"50,000kms",Petrol,Manual,₹1.20 Lakh,new-delhi
Hyundai,Hyundai Grand i10Asta Option,2016,"1,20,000kms",Petrol,Manual,₹2.50 Lakh,new-delhi
MG,MG AstorSuper EX BSVI,2022,"20,000kms",Petrol,Manual,₹7 Lakh,new-delhi
Toyota,Toyota GlanzaS CNG BSVI,2023,"1,00,000kms",CNG,Manual,₹7 Lakh,new-delhi
Hyundai,Hyundai i10Magna,2012,"55,500kms",Petrol,Manual,₹2 Lakh,new-delhi
Maruti,Maruti Wagon R StingrayLXI Optional,2017,"90,000kms",Petrol,Manual,₹2.60 Lakh,new-delhi
Kia,Kia SeltosHTK Plus,2024,"15,000kms",Petrol,Manual,₹12.15 Lakh,new-delhi
Maruti,Maruti Baleno1.2 Zeta,2017,"70,000kms",Petrol,Manual,₹4 Lakh,new-delhi
Maruti,Maruti Baleno1.2 CVT Delta,2016,"57,000kms",Petrol,Automatic,₹4 Lakh,new-delhi
Hyundai,Hyundai Verna1.6 EX VTVT,2013,"80,000kms",Petrol,Manual,₹2.60 Lakh,new-delhi
Hyundai,Hyundai CretaS Plus Knight,2023,"35,000kms",Petrol,Manual,₹11.50 Lakh,new-delhi
Hyundai,Hyundai VernaSX Turbo DCT,2023,"51,000kms",Petrol,Automatic,₹13.40 Lakh,new-delhi
Hyundai,Hyundai i20Petrol Spotz,2019,"1,20,000kms",Petrol,Manual,₹4.50 Lakh,new-delhi
Mercedes-Benz,Mercedes-Benz GLS350d 4MATIC,2019,"51,000kms",Diesel,Automatic,₹55 Lakh,new-delhi
Jeep,Jeep Compass2.0 Limited,2019,"43,000kms",Diesel,Manual,₹9.80 Lakh,new-delhi
Kia,Kia CarnivalLimousine Plus,2023,"68,000kms",Diesel,Automatic,₹35 Lakh,new-delhi
Mercedes-Benz,Mercedes-Benz C-ClassC 200 AVANTGARDE,2015,"33,000kms",Petrol,Automatic,₹15.75 Lakh,new-delhi
MG,MG Hector PlusSharp DCT,2020,"50,000kms",Petrol,Automatic,₹12.75 Lakh,new-delhi
Honda,Honda AmazeS i-Vtech,2015,"70,000kms",Petrol,Manual,₹2.65 Lakh,new-delhi
Toyota,Toyota Innova Crysta2.4 ZX MT BSIV,2018,"1,00,000kms",Diesel,Manual,₹13.50 Lakh,new-delhi
Maruti,Maruti CiazDelta BSIV,2019,"60,000kms",Petrol,Manual,₹5.38 Lakh,new-delhi
Maruti,Maruti Baleno1.2 CVT Alpha,2018,"28,000kms",Petrol,Automatic,₹5.35 Lakh,new-delhi
Kia,Kia SonetHTX Plus Turbo iMT BSVI,2020,"38,000kms",Petrol,Manual,₹7.75 Lakh,new-delhi
Maruti,Maruti Vitara BrezzaVDi,2017,"65,000kms",Diesel,Manual,₹4.50 Lakh,new-delhi
Tata,Tata Tiago1.2 Revotron XZ,2019,"60,000kms",Petrol,Manual,₹3.55 Lakh,new-delhi
Tata,Tata Tiago1.2 Revotron XZA,2019,"68,000kms",Petrol,Automatic,₹3.95 Lakh,new-delhi
Tata,Tata Nexon1.5 Revotorq XZ Plus,2018,"66,000kms",Diesel,Manual,₹5.50 Lakh,new-delhi
Toyota,Toyota Innova Crysta2.4 G MT 8S BSIV,2018,"2,97,000kms",Diesel,Manual,₹11.75 Lakh,new-delhi
Kia,Kia SeltosHTX IVT G,2021,"78,000kms",Petrol,Automatic,₹11.50 Lakh,new-delhi
Honda,Honda AmazeVX i-Vtech,2014,"60,000kms",Petrol,Manual,₹5 Lakh,new-delhi
Toyota,Toyota Innova Crysta2.7 GX AT BSIV,2017,"80,000kms",Petrol,Automatic,₹10.50 Lakh,new-delhi
Hyundai,Hyundai Creta1.6 SX,2018,"80,000kms",Petrol,Manual,₹8 Lakh,new-delhi
Nissan,Nissan TerranoXL,2016,"56,000kms",Petrol,Manual,₹3.95 Lakh,new-delhi
Hyundai,Hyundai Creta1.4 CRDi Base,2016,"1,00,000kms",Diesel,Manual,₹5.50 Lakh,new-delhi
Maruti,Maruti Baleno1.2 Alpha,2018,"1,50,000kms",Petrol,Manual,₹4.50 Lakh,new-delhi
Hyundai,Hyundai i10Sportz,2011,"10,055kms",Petrol,Manual,₹1.65 Lakh,new-delhi
Maruti,Maruti SwiftLXI BSIV,2015,"99,000kms",Petrol,Manual,₹2.25 Lakh,new-delhi
Maruti,Maruti Wagon RVXI BS IV,2012,"80,000kms",Petrol,Manual,₹1.50 Lakh,new-delhi
Hyundai,Hyundai CretaS Plus Knight,2023,"80,000kms",Petrol,Manual,₹12.50 Lakh,new-delhi
Maruti,Maruti Baleno1.2 Alpha,2017,"90,000kms",Petrol,Manual,₹3.82 Lakh,new-delhi
Maruti,Maruti SwiftVXI BSII,2010,"50,000kms",Petrol,Manual,₹1.20 Lakh,new-delhi
Hyundai,Hyundai Grand i10Asta Option,2016,"1,20,000kms",Petrol,Manual,₹2.50 Lakh,new-delhi
MG,MG AstorSuper EX BSVI,2022,"20,000kms",Petrol,Manual,₹7 Lakh,new-delhi
Toyota,Toyota GlanzaS CNG BSVI,2023,"1,00,000kms",CNG,Manual,₹7 Lakh,new-delhi
Hyundai,Hyundai i10Magna,2012,"55,500kms",Petrol,Manual,₹2 Lakh,new-delhi
Maruti,Maruti Wagon R StingrayLXI Optional,2017,"90,000kms",Petrol,Manual,₹2.60 Lakh,new-delhi
Kia,Kia SeltosHTK Plus,2024,"15,000kms",Petrol,Manual,₹12.15 Lakh,new-delhi
Maruti,Maruti Baleno1.2 Zeta,2017,"70,000kms",Petrol,Manual,₹4 Lakh,new-delhi
Maruti,Maruti Baleno1.2 CVT Delta,2016,"57,000kms",Petrol,Automatic,₹4 Lakh,new-delhi
Hyundai,Hyundai Verna1.6 EX VTVT,2013,"80,000kms",Petrol,Manual,₹2.60 Lakh,new-delhi
Hyundai,Hyundai CretaS Plus Knight,2023,"35,000kms",Petrol,Manual,₹11.50 Lakh,new-delhi
Hyundai,Hyundai Creta1.6 SX,2018,"80,000kms",Petrol,Manual,₹8 Lakh,new-delhi
Nissan,Nissan TerranoXL,2016,"56,000kms",Petrol,Manual,₹3.95 Lakh,new-delhi
Hyundai,Hyundai Creta1.4 CRDi Base,2016,"1,00,000kms",Diesel,Manual,₹5.50 Lakh,new-delhi
Maruti,Maruti Baleno1.2 Alpha,2018,"1,50,000kms",Petrol,Manual,₹4.50 Lakh,new-delhi
Hyundai,Hyundai i10Sportz,2011,"10,055kms",Petrol,Manual,₹1.65 Lakh,new-delhi
Maruti,Maruti SwiftLXI BSIV,2015,"99,000kms",Petrol,Manual,₹2.25 Lakh,new-delhi
Maruti,Maruti Wagon RVXI BS IV,2012,"80,000kms",Petrol,Manual,₹1.50 Lakh,new-delhi
Hyundai,Hyundai CretaS Plus Knight,2023,"80,000kms",Petrol,Manual,₹12.50 Lakh,new-delhi
Maruti,Maruti Baleno1.2 Alpha,2017,"90,000kms",Petrol,Manual,₹3.82 Lakh,new-delhi
Maruti,Maruti SwiftVXI BSII,2010,"50,000kms",Petrol,Manual,₹1.20 Lakh,new-delhi
Hyundai,Hyundai Grand i10Asta Option,2016,"1,20,000kms",Petrol,Manual,₹2.50 Lakh,new-delhi
MG,MG AstorSuper EX BSVI,2022,"20,000kms",Petrol,Manual,₹7 Lakh,new-delhi
Toyota,Toyota GlanzaS CNG BSVI,2023,"1,00,000kms",CNG,Manual,₹7 Lakh,new-delhi
Hyundai,Hyundai i10Magna,2012,"55,500kms",Petrol,Manual,₹2 Lakh,new-delhi
Maruti,Maruti Wagon R StingrayLXI Optional,2017,"90,000kms",Petrol,Manual,₹2.60 Lakh,new-delhi
Kia,Kia SeltosHTK Plus,2024,"15,000kms",Petrol,Manual,₹12.15 Lakh,new-delhi
Maruti,Maruti Baleno1.2 Zeta,2017,"70,000kms",Petrol,Manual,₹4 Lakh,new-delhi
Maruti,Maruti Baleno1.2 CVT Delta,2016,"57,000kms",Petrol,Automatic,₹4 Lakh,new-delhi
Hyundai,Hyundai Verna1.6 EX VTVT,2013,"80,000kms",Petrol,Manual,₹2.60 Lakh,new-delhi
Hyundai,Hyundai CretaS Plus Knight,2023,"35,000kms",Petrol,Manual,₹11.50 Lakh,new-delhi
Hyundai,Hyundai Creta1.6 SX,2018,"80,000kms",Petrol,Manual,₹8 Lakh,new-delhi
Nissan,Nissan TerranoXL,2016,"56,000kms",Petrol,Manual,₹3.95 Lakh,new-delhi
Hyundai,Hyundai Creta1.4 CRDi Base,2016,"1,00,000kms",Diesel,Manual,₹5.50 Lakh,new-delhi
Maruti,Maruti Baleno1.2 Alpha,2018,"1,50,000kms",Petrol,Manual,₹4.50 Lakh,new-delhi
Hyundai,Hyundai i10Sportz,2011,"10,055kms",Petrol,Manual,₹1.65 Lakh,new-delhi
Maruti,Maruti SwiftLXI BSIV,2015,"99,000kms",Petrol,Manual,₹2.25 Lakh,new-delhi
Maruti,Maruti Wagon RVXI BS IV,2012,"80,000kms",Petrol,Manual,₹1.50 Lakh,new-delhi
Hyundai,Hyundai CretaS Plus Knight,2023,"80,000kms",Petrol,Manual,₹12.50 Lakh,new-delhi
Maruti,Maruti Baleno1.2 Alpha,2017,"90,000kms",Petrol,Manual,₹3.82 Lakh,new-delhi
Maruti,Maruti SwiftVXI BSII,2010,"50,000kms",Petrol,Manual,₹1.20 Lakh,new-delhi
Hyundai,Hyundai Grand i10Asta Option,2016,"1,20,000kms",Petrol,Manual,₹2.50 Lakh,new-delhi
MG,MG AstorSuper EX BSVI,2022,"20,000kms",Petrol,Manual,₹7 Lakh,new-delhi
Toyota,Toyota GlanzaS CNG BSVI,2023,"1,00,000kms",CNG,Manual,₹7 Lakh,new-delhi
Hyundai,Hyundai i10Magna,2012,"55,500kms",Petrol,Manual,₹2 Lakh,new-delhi
Maruti,Maruti Wagon R StingrayLXI Optional,2017,"90,000kms",Petrol,Manual,₹2.60 Lakh,new-delhi
Kia,Kia SeltosHTK Plus,2024,"15,000kms",Petrol,Manual,₹12.15 Lakh,new-delhi
Maruti,Maruti Baleno1.2 Zeta,2017,"70,000kms",Petrol,Manual,₹4 Lakh,new-delhi
Maruti,Maruti Baleno1.2 CVT Delta,2016,"57,000kms",Petrol,Automatic,₹4 Lakh,new-delhi
Hyundai,Hyundai Verna1.6 EX VTVT,2013,"80,000kms",Petrol,Manual,₹2.60 Lakh,new-delhi
Hyundai,Hyundai CretaS Plus Knight,2023,"35,000kms",Petrol,Manual,₹11.50 Lakh,new-delhi
Hyundai,Hyundai VernaSX Turbo DCT,2023,"51,000kms",Petrol,Automatic,₹13.40 Lakh,new-delhi
Hyundai,Hyundai i20Petrol Spotz,2019,"1,20,000kms",Petrol,Manual,₹4.50 Lakh,new-delhi
Mercedes-Benz,Mercedes-Benz GLS350d 4MATIC,2019,"51,000kms",Diesel,Automatic,₹55 Lakh,new-delhi
Jeep,Jeep Compass2.0 Limited,2019,"43,000kms",Diesel,Manual,₹9.80 Lakh,new-delhi
Kia,Kia CarnivalLimousine Plus,2023,"68,000kms",Diesel,Automatic,₹35 Lakh,new-delhi
Mercedes-Benz,Mercedes-Benz C-ClassC 200 AVANTGARDE,2015,"33,000kms",Petrol,Automatic,₹15.75 Lakh,new-delhi
MG,MG Hector PlusSharp DCT,2020,"50,000kms",Petrol,Automatic,₹12.75 Lakh,new-delhi
Honda,Honda AmazeS i-Vtech,2015,"70,000kms",Petrol,Manual,₹2.65 Lakh,new-delhi
Toyota,Toyota Innova Crysta2.4 ZX MT BSIV,2018,"1,00,000kms",Diesel,Manual,₹13.50 Lakh,new-delhi
Maruti,Maruti CiazDelta BSIV,2019,"60,000kms",Petrol,Manual,₹5.38 Lakh,new-delhi
Maruti,Maruti Baleno1.2 CVT Alpha,2018,"28,000kms",Petrol,Automatic,₹5.35 Lakh,new-delhi
Kia,Kia SonetHTX Plus Turbo iMT BSVI,2020,"38,000kms",Petrol,Manual,₹7.75 Lakh,new-delhi
Maruti,Maruti Vitara BrezzaVDi,2017,"65,000kms",Diesel,Manual,₹4.50 Lakh,new-delhi
Tata,Tata Tiago1.2 Revotron XZ,2019,"60,000kms",Petrol,Manual,₹3.55 Lakh,new-delhi
Tata,Tata Tiago1.2 Revotron XZA,2019,"68,000kms",Petrol,Automatic,₹3.95 Lakh,new-delhi
Tata,Tata Nexon1.5 Revotorq XZ Plus,2018,"66,000kms",Diesel,Manual,₹5.50 Lakh,new-delhi
Toyota,Toyota Innova Crysta2.4 G MT 8S BSIV,2018,"2,97,000kms",Diesel,Manual,₹11.75 Lakh,new-delhi
Kia,Kia SeltosHTX IVT G,2021,"78,000kms",Petrol,Automatic,₹11.50 Lakh,new-delhi
Honda,Honda AmazeVX i-Vtech,2014,"60,000kms",Petrol,Manual,₹5 Lakh,new-delhi
Toyota,Toyota Innova Crysta2.7 GX AT BSIV,2017,"80,000kms",Petrol,Automatic,₹10.50 Lakh,new-delhi
Hyundai,Hyundai Creta1.6 SX,2018,"80,000kms",Petrol,Manual,₹8 Lakh,new-delhi
Nissan,Nissan TerranoXL,2016,"56,000kms",Petrol,Manual,₹3.95 Lakh,new-delhi
Hyundai,Hyundai Creta1.4 CRDi Base,2016,"1,00,000kms",Diesel,Manual,₹5.50 Lakh,new-delhi
Maruti,Maruti Baleno1.2 Alpha,2018,"1,50,000kms",Petrol,Manual,₹4.50 Lakh,new-delhi
Hyundai,Hyundai i10Sportz,2011,"10,055kms",Petrol,Manual,₹1.65 Lakh,new-delhi
Maruti,Maruti SwiftLXI BSIV,2015,"99,000kms",Petrol,Manual,₹2.25 Lakh,new-delhi
Maruti,Maruti Wagon RVXI BS IV,2012,"80,000kms",Petrol,Manual,₹1.50 Lakh,new-delhi
Hyundai,Hyundai CretaS Plus Knight,2023,"80,000kms",Petrol,Manual,₹12.50 Lakh,new-delhi
Maruti,Maruti Baleno1.2 Alpha,2017,"90,000kms",Petrol,Manual,₹3.82 Lakh,new-delhi
Maruti,Maruti SwiftVXI BSII,2010,"50,000kms",Petrol,Manual,₹1.20 Lakh,new-delhi
Hyundai,Hyundai Grand i10Asta Option,2016,"1,20,000kms",Petrol,Manual,₹2.50 Lakh,new-delhi
MG,MG AstorSuper EX BSVI,2022,"20,000kms",Petrol,Manual,₹7 Lakh,new-delhi
Toyota,Toyota GlanzaS CNG BSVI,2023,"1,00,000kms",CNG,Manual,₹7 Lakh,new-delhi
Hyundai,Hyundai i10Magna,2012,"55,500kms",Petrol,Manual,₹2 Lakh,new-delhi
Maruti,Maruti Wagon R StingrayLXI Optional,2017,"90,000kms",Petrol,Manual,₹2.60 Lakh,new-delhi
Kia,Kia SeltosHTK Plus,2024,"15,000kms",Petrol,Manual,₹12.15 Lakh,new-delhi
Maruti,Maruti Baleno1.2 Zeta,2017,"70,000kms",Petrol,Manual,₹4 Lakh,new-delhi
Maruti,Maruti Baleno1.2 CVT Delta,2016,"57,000kms",Petrol,Automatic,₹4 Lakh,new-delhi
Hyundai,Hyundai Verna1.6 EX VTVT,2013,"80,000kms",Petrol,Manual,₹2.60 Lakh,new-delhi
Hyundai,Hyundai CretaS Plus Knight,2023,"35,000kms",Petrol,Manual,₹11.50 Lakh,new-delhi
Hyundai,Hyundai VernaSX Turbo DCT,2023,"51,000kms",Petrol,Automatic,₹13.40 Lakh,new-delhi
Hyundai,Hyundai i20Petrol Spotz,2019,"1,20,000kms",Petrol,Manual,₹4.50 Lakh,new-delhi
Mercedes-Benz,Mercedes-Benz GLS350d 4MATIC,2019,"51,000kms",Diesel,Automatic,₹55 Lakh,new-delhi
Jeep,Jeep Compass2.0 Limited,2019,"43,000kms",Diesel,Manual,₹9.80 Lakh,new-delhi
Kia,Kia CarnivalLimousine Plus,2023,"68,000kms",Diesel,Automatic,₹35 Lakh,new-delhi
Mercedes-Benz,Mercedes-Benz C-ClassC 200 AVANTGARDE,2015,"33,000kms",Petrol,Automatic,₹15.75 Lakh,new-delhi
MG,MG Hector PlusSharp DCT,2020,"50,000kms",Petrol,Automatic,₹12.75 Lakh,new-delhi
Honda,Honda AmazeS i-Vtech,2015,"70,000kms",Petrol,Manual,₹2.65 Lakh,new-delhi
Toyota,Toyota Innova Crysta2.4 ZX MT BSIV,2018,"1,00,000kms",Diesel,Manual,₹13.50 Lakh,new-delhi
Maruti,Maruti CiazDelta BSIV,2019,"60,000kms",Petrol,Manual,₹5.38 Lakh,new-delhi
Maruti,Maruti Baleno1.2 CVT Alpha,2018,"28,000kms",Petrol,Automatic,₹5.35 Lakh,new-delhi
Kia,Kia SonetHTX Plus Turbo iMT BSVI,2020,"38,000kms",Petrol,Manual,₹7.75 Lakh,new-delhi
Maruti,Maruti Vitara BrezzaVDi,2017,"65,000kms",Diesel,Manual,₹4.50 Lakh,new-delhi
Tata,Tata Tiago1.2 Revotron XZ,2019,"60,000kms",Petrol,Manual,₹3.55 Lakh,new-delhi
Tata,Tata Tiago1.2 Revotron XZA,2019,"68,000kms",Petrol,Automatic,₹3.95 Lakh,new-delhi
Tata,Tata Nexon1.5 Revotorq XZ Plus,2018,"66,000kms",Diesel,Manual,₹5.50 Lakh,new-delhi
Toyota,Toyota Innova Crysta2.4 G MT 8S BSIV,2018,"2,97,000kms",Diesel,Manual,₹11.75 Lakh,new-delhi
Kia,Kia SeltosHTX IVT G,2021,"78,000kms",Petrol,Automatic,₹11.50 Lakh,new-delhi
Honda,Honda AmazeVX i-Vtech,2014,"60,000kms",Petrol,Manual,₹5 Lakh,new-delhi
Toyota,Toyota Innova Crysta2.7 GX AT BSIV,2017,"80,000kms",Petrol,Automatic,₹10.50 Lakh,new-delhi
Hyundai,Hyundai VernaSX Turbo DCT,2023,"51,000kms",Petrol,Automatic,₹13.40 Lakh,new-delhi
Hyundai,Hyundai i20Petrol Spotz,2019,"1,20,000kms",Petrol,Manual,₹4.50 Lakh,new-delhi
Mercedes-Benz,Mercedes-Benz GLS350d 4MATIC,2019,"51,000kms",Diesel,Automatic,₹55 Lakh,new-delhi
Jeep,Jeep Compass2.0 Limited,2019,"43,000kms",Diesel,Manual,₹9.80 Lakh,new-delhi
Kia,Kia CarnivalLimousine Plus,2023,"68,000kms",Diesel,Automatic,₹35 Lakh,new-delhi
Mercedes-Benz,Mercedes-Benz C-ClassC 200 AVANTGARDE,2015,"33,000kms",Petrol,Automatic,₹15.75 Lakh,new-delhi
MG,MG Hector PlusSharp DCT,2020,"50,000kms",Petrol,Automatic,₹12.75 Lakh,new-delhi
Honda,Honda AmazeS i-Vtech,2015,"70,000kms",Petrol,Manual,₹2.65 Lakh,new-delhi
Toyota,Toyota Innova Crysta2.4 ZX MT BSIV,2018,"1,00,000kms",Diesel,Manual,₹13.50 Lakh,new-delhi
Maruti,Maruti CiazDelta BSIV,2019,"60,000kms",Petrol,Manual,₹5.38 Lakh,new-delhi
Maruti,Maruti Baleno1.2 CVT Alpha,2018,"28,000kms",Petrol,Automatic,₹5.35 Lakh,new-delhi
Kia,Kia SonetHTX Plus Turbo iMT BSVI,2020,"38,000kms",Petrol,Manual,₹7.75 Lakh,new-delhi
Maruti,Maruti Vitara BrezzaVDi,2017,"65,000kms",Diesel,Manual,₹4.50 Lakh,new-delhi
Tata,Tata Tiago1.2 Revotron XZ,2019,"60,000kms",Petrol,Manual,₹3.55 Lakh,new-delhi
Tata,Tata Tiago1.2 Revotron XZA,2019,"68,000kms",Petrol,Automatic,₹3.95 Lakh,new-delhi
Tata,Tata Nexon1.5 Revotorq XZ Plus,2018,"66,000kms",Diesel,Manual,₹5.50 Lakh,new-delhi
Toyota,Toyota Innova Crysta2.4 G MT 8S BSIV,2018,"2,97,000kms",Diesel,Manual,₹11.75 Lakh,new-delhi
Kia,Kia SeltosHTX IVT G,2021,"78,000kms",Petrol,Automatic,₹11.50 Lakh,new-delhi
Honda,Honda AmazeVX i-Vtech,2014,"60,000kms",Petrol,Manual,₹5 Lakh,new-delhi
Toyota,Toyota Innova Crysta2.7 GX AT BSIV,2017,"80,000kms",Petrol,Automatic,₹10.50 Lakh,new-delhi
Hyundai,Hyundai VernaSX Turbo DCT,2023,"51,000kms",Petrol,Automatic,₹13.40 Lakh,new-delhi
Hyundai,Hyundai i20Petrol Spotz,2019,"1,20,000kms",Petrol,Manual,₹4.50 Lakh,new-delhi
Mercedes-Benz,Mercedes-Benz GLS350d 4MATIC,2019,"51,000kms",Diesel,Automatic,₹55 Lakh,new-delhi
Jeep,Jeep Compass2.0 Limited,2019,"43,000kms",Diesel,Manual,₹9.80 Lakh,new-delhi
Kia,Kia CarnivalLimousine Plus,2023,"68,000kms",Diesel,Automatic,₹35 Lakh,new-delhi
Mercedes-Benz,Mercedes-Benz C-ClassC 200 AVANTGARDE,2015,"33,000kms",Petrol,Automatic,₹15.75 Lakh,new-delhi
MG,MG Hector PlusSharp DCT,2020,"50,000kms",Petrol,Automatic,₹12.75 Lakh,new-delhi
Honda,Honda AmazeS i-Vtech,2015,"70,000kms",Petrol,Manual,₹2.65 Lakh,new-delhi
Toyota,Toyota Innova Crysta2.4 ZX MT BSIV,2018,"1,00,000kms",Diesel,Manual,₹13.50 Lakh,new-delhi
Maruti,Maruti CiazDelta BSIV,2019,"60,000kms",Petrol,Manual,₹5.38 Lakh,new-delhi
Maruti,Maruti Baleno1.2 CVT Alpha,2018,"28,000kms",Petrol,Automatic,₹5.35 Lakh,new-delhi
Kia,Kia SonetHTX Plus Turbo iMT BSVI,2020,"38,000kms",Petrol,Manual,₹7.75 Lakh,new-delhi
Maruti,Maruti Vitara BrezzaVDi,2017,"65,000kms",Diesel,Manual,₹4.50 Lakh,new-delhi
Tata,Tata Tiago1.2 Revotron XZ,2019,"60,000kms",Petrol,Manual,₹3.55 Lakh,new-delhi
Tata,Tata Tiago1.2 Revotron XZA,2019,"68,000kms",Petrol,Automatic,₹3.95 Lakh,new-delhi
Tata,Tata Nexon1.5 Revotorq XZ Plus,2018,"66,000kms",Diesel,Manual,₹5.50 Lakh,new-delhi
Toyota,Toyota Innova Crysta2.4 G MT 8S BSIV,2018,"2,97,000kms",Diesel,Manual,₹11.75 Lakh,new-delhi
Kia,Kia SeltosHTX IVT G,2021,"78,000kms",Petrol,Automatic,₹11.50 Lakh,new-delhi
Honda,Honda AmazeVX i-Vtech,2014,"60,000kms",Petrol,Manual,₹5 Lakh,new-delhi
Toyota,Toyota Innova Crysta2.7 GX AT BSIV,2017,"80,000kms",Petrol,Automatic,₹10.50 Lakh,new-delhi
Hyundai,Hyundai Creta1.6 SX,2018,"80,000kms",Petrol,Manual,₹8 Lakh,new-delhi
Nissan,Nissan TerranoXL,2016,"56,000kms",Petrol,Manual,₹3.95 Lakh,new-delhi
Hyundai,Hyundai Creta1.4 CRDi Base,2016,"1,00,000kms",Diesel,Manual,₹5.50 Lakh,new-delhi
Maruti,Maruti Baleno1.2 Alpha,2018,"1,50,000kms",Petrol,Manual,₹4.50 Lakh,new-delhi
Hyundai,Hyundai i10Sportz,2011,"10,055kms",Petrol,Manual,₹1.65 Lakh,new-delhi
Maruti,Maruti SwiftLXI BSIV,2015,"99,000kms",Petrol,Manual,₹2.25 Lakh,new-delhi
Maruti,Maruti Wagon RVXI BS IV,2012,"80,000kms",Petrol,Manual,₹1.50 Lakh,new-delhi
Hyundai,Hyundai CretaS Plus Knight,2023,"80,000kms",Petrol,Manual,₹12.50 Lakh,new-delhi
Maruti,Maruti Baleno1.2 Alpha,2017,"90,000kms",Petrol,Manual,₹3.82 Lakh,new-delhi
Maruti,Maruti SwiftVXI BSII,2010,"50,000kms",Petrol,Manual,₹1.20 Lakh,new-delhi
Hyundai,Hyundai Grand i10Asta Option,2016,"1,20,000kms",Petrol,Manual,₹2.50 Lakh,new-delhi
MG,MG AstorSuper EX BSVI,2022,"20,000kms",Petrol,Manual,₹7 Lakh,new-delhi
Toyota,Toyota GlanzaS CNG BSVI,2023,"1,00,000kms",CNG,Manual,₹7 Lakh,new-delhi
Hyundai,Hyundai i10Magna,2012,"55,500kms",Petrol,Manual,₹2 Lakh,new-delhi
Maruti,Maruti Wagon R StingrayLXI Optional,2017,"90,000kms",Petrol,Manual,₹2.60 Lakh,new-delhi
Kia,Kia SeltosHTK Plus,2024,"15,000kms",Petrol,Manual,₹12.15 Lakh,new-delhi
Maruti,Maruti Baleno1.2 Zeta,2017,"70,000kms",Petrol,Manual,₹4 Lakh,new-delhi
Maruti,Maruti Baleno1.2 CVT Delta,2016,"57,000kms",Petrol,Automatic,₹4 Lakh,new-delhi
Hyundai,Hyundai Verna1.6 EX VTVT,2013,"80,000kms",Petrol,Manual,₹2.60 Lakh,new-delhi
Hyundai,Hyundai CretaS Plus Knight,2023,"35,000kms",Petrol,Manual,₹11.50 Lakh,new-delhi
Maruti,Maruti SwiftVXI,2016,"71,000kms",Petrol,Manual,₹3.65 Lakh,new-delhi
Tata,Tata Nexon1.5 Revotorq XZA Plus,2019,"1,20,000kms",Diesel,Automatic,₹7 Lakh,new-delhi
Hyundai,Hyundai i20Sportz 1.2,2017,"40,000kms",Petrol,Manual,₹3.99 Lakh,new-delhi
Toyota,Toyota EtiosG,2015,"80,000kms",Petrol,Manual,₹6 Lakh,new-delhi
Hyundai,Hyundai CretaSX Diesel AT BSVI,2021,"71,000kms",Diesel,Automatic,₹12 Lakh,new-delhi
Honda,Honda AmazeS i-Vtech,2014,"64,000kms",Petrol,Manual,₹3.25 Lakh,new-delhi
Kia,Kia CarensPrestige Plus DCT BSVI,2023,"32,563kms",Petrol,Automatic,₹13.50 Lakh,new-delhi
Kia,Kia SeltosHTX G,2022,"40,265kms",Petrol,Manual,₹11 Lakh,new-delhi
Maruti,Maruti Baleno1.2 Delta,2017,"41,000kms",Petrol,Manual,₹3.85 Lakh,new-delhi
Kia,Kia CarnivalPrestige 6 STR,2022,"32,000kms",Diesel,Automatic,₹31 Lakh,new-delhi
MG,MG Hector PlusSharp DCT,2020,"20,000kms",Petrol,Automatic,₹10.20 Lakh,new-delhi
Honda,Honda CityE,2013,"1,60,000kms",Petrol,Manual,₹2.25 Lakh,new-delhi
Maruti,Maruti BalenoZeta,2021,"60,900kms",Petrol,Manual,₹5.24 Lakh,new-delhi
Maruti,Maruti CiazVDi Option SHVS,2017,"70,000kms",Diesel,Manual,₹4 Lakh,new-delhi
Kia,Kia CarensPrestige Opt,2024,"11,000kms",Petrol,Manual,₹11.75 Lakh,new-delhi
Hyundai,Hyundai Grand i10Magna,2017,"37,000kms",Petrol,Manual,₹3.65 Lakh,new-delhi
Hyundai,Hyundai CretaSX,2023,"26,700kms",Petrol,Manual,₹14 Lakh,new-delhi
Ford,Ford Ecosport1.5 Petrol Titanium Plus BSIV,2018,"65,000kms",Petrol,Manual,₹5.25 Lakh,new-delhi
Kia,Kia SeltosHTX G,2021,"79,000kms",Petrol,Manual,₹10.50 Lakh,new-delhi
Maruti,Maruti Wagon RVXI Optional,2018,"63,000kms",Petrol,Manual,₹3.22 Lakh,new-delhi
Hyundai,Hyundai VernaSX Turbo DCT,2023,"51,000kms",Petrol,Automatic,₹13.40 Lakh,new-delhi
Hyundai,Hyundai i20Petrol Spotz,2019,"1,20,000kms",Petrol,Manual,₹4.50 Lakh,new-delhi
Mercedes-Benz,Mercedes-Benz GLS350d 4MATIC,2019,"51,000kms",Diesel,Automatic,₹55 Lakh,new-delhi
Jeep,Jeep Compass2.0 Limited,2019,"43,000kms",Diesel,Manual,₹9.80 Lakh,new-delhi
Kia,Kia CarnivalLimousine Plus,2023,"68,000kms",Diesel,Automatic,₹35 Lakh,new-delhi
Mercedes-Benz,Mercedes-Benz C-ClassC 200 AVANTGARDE,2015,"33,000kms",Petrol,Automatic,₹15.75 Lakh,new-delhi
MG,MG Hector PlusSharp DCT,2020,"50,000kms",Petrol,Automatic,₹12.75 Lakh,new-delhi
Honda,Honda AmazeS i-Vtech,2015,"70,000kms",Petrol,Manual,₹2.65 Lakh,new-delhi
Toyota,Toyota Innova Crysta2.4 ZX MT BSIV,2018,"1,00,000kms",Diesel,Manual,₹13.50 Lakh,new-delhi
Maruti,Maruti CiazDelta BSIV,2019,"60,000kms",Petrol,Manual,₹5.38 Lakh,new-delhi
Maruti,Maruti Baleno1.2 CVT Alpha,2018,"28,000kms",Petrol,Automatic,₹5.35 Lakh,new-delhi
Kia,Kia SonetHTX Plus Turbo iMT BSVI,2020,"38,000kms",Petrol,Manual,₹7.75 Lakh,new-delhi
Maruti,Maruti Vitara BrezzaVDi,2017,"65,000kms",Diesel,Manual,₹4.50 Lakh,new-delhi
Tata,Tata Tiago1.2 Revotron XZ,2019,"60,000kms",Petrol,Manual,₹3.55 Lakh,new-delhi
Tata,Tata Tiago1.2 Revotron XZA,2019,"68,000kms",Petrol,Automatic,₹3.95 Lakh,new-delhi
Tata,Tata Nexon1.5 Revotorq XZ Plus,2018,"66,000kms",Diesel,Manual,₹5.50 Lakh,new-delhi
Toyota,Toyota Innova Crysta2.4 G MT 8S BSIV,2018,"2,97,000kms",Diesel,Manual,₹11.75 Lakh,new-delhi
Kia,Kia SeltosHTX IVT G,2021,"78,000kms",Petrol,Automatic,₹11.50 Lakh,new-delhi
Honda,Honda AmazeVX i-Vtech,2014,"60,000kms",Petrol,Manual,₹5 Lakh,new-delhi
Toyota,Toyota Innova Crysta2.7 GX AT BSIV,2017,"80,000kms",Petrol,Automatic,₹10.50 Lakh,new-delhi
Hyundai,Hyundai VernaSX Turbo DCT,2023,"51,000kms",Petrol,Automatic,₹13.40 Lakh,new-delhi
Hyundai,Hyundai i20Petrol Spotz,2019,"1,20,000kms",Petrol,Manual,₹4.50 Lakh,new-delhi
Mercedes-Benz,Mercedes-Benz GLS350d 4MATIC,2019,"51,000kms",Diesel,Automatic,₹55 Lakh,new-delhi
Jeep,Jeep Compass2.0 Limited,2019,"43,000kms",Diesel,Manual,₹9.80 Lakh,new-delhi
Kia,Kia CarnivalLimousine Plus,2023,"68,000kms",Diesel,Automatic,₹35 Lakh,new-delhi
Mercedes-Benz,Mercedes-Benz C-ClassC 200 AVANTGARDE,2015,"33,000kms",Petrol,Automatic,₹15.75 Lakh,new-delhi
MG,MG Hector PlusSharp DCT,2020,"50,000kms",Petrol,Automatic,₹12.75 Lakh,new-delhi
Honda,Honda AmazeS i-Vtech,2015,"70,000kms",Petrol,Manual,₹2.65 Lakh,new-delhi
Toyota,Toyota Innova Crysta2.4 ZX MT BSIV,2018,"1,00,000kms",Diesel,Manual,₹13.50 Lakh,new-delhi
Maruti,Maruti CiazDelta BSIV,2019,"60,000kms",Petrol,Manual,₹5.38 Lakh,new-delhi
Maruti,Maruti Baleno1.2 CVT Alpha,2018,"28,000kms",Petrol,Automatic,₹5.35 Lakh,new-delhi
Kia,Kia SonetHTX Plus Turbo iMT BSVI,2020,"38,000kms",Petrol,Manual,₹7.75 Lakh,new-delhi
Maruti,Maruti Vitara BrezzaVDi,2017,"65,000kms",Diesel,Manual,₹4.50 Lakh,new-delhi
Tata,Tata Tiago1.2 Revotron XZ,2019,"60,000kms",Petrol,Manual,₹3.55 Lakh,new-delhi
Tata,Tata Tiago1.2 Revotron XZA,2019,"68,000kms",Petrol,Automatic,₹3.95 Lakh,new-delhi
Tata,Tata Nexon1.5 Revotorq XZ Plus,2018,"66,000kms",Diesel,Manual,₹5.50 Lakh,new-delhi
Toyota,Toyota Innova Crysta2.4 G MT 8S BSIV,2018,"2,97,000kms",Diesel,Manual,₹11.75 Lakh,new-delhi
Kia,Kia SeltosHTX IVT G,2021,"78,000kms",Petrol,Automatic,₹11.50 Lakh,new-delhi
Honda,Honda AmazeVX i-Vtech,2014,"60,000kms",Petrol,Manual,₹5 Lakh,new-delhi
Toyota,Toyota Innova Crysta2.7 GX AT BSIV,2017,"80,000kms",Petrol,Automatic,₹10.50 Lakh,new-delhi
Hyundai,Hyundai VernaSX Turbo DCT,2023,"51,000kms",Petrol,Automatic,₹13.40 Lakh,new-delhi
Hyundai,Hyundai i20Petrol Spotz,2019,"1,20,000kms",Petrol,Manual,₹4.50 Lakh,new-delhi
Mercedes-Benz,Mercedes-Benz GLS350d 4MATIC,2019,"51,000kms",Diesel,Automatic,₹55 Lakh,new-delhi
Jeep,Jeep Compass2.0 Limited,2019,"43,000kms",Diesel,Manual,₹9.80 Lakh,new-delhi
Kia,Kia CarnivalLimousine Plus,2023,"68,000kms",Diesel,Automatic,₹35 Lakh,new-delhi
Mercedes-Benz,Mercedes-Benz C-ClassC 200 AVANTGARDE,2015,"33,000kms",Petrol,Automatic,₹15.75 Lakh,new-delhi
MG,MG Hector PlusSharp DCT,2020,"50,000kms",Petrol,Automatic,₹12.75 Lakh,new-delhi
Honda,Honda AmazeS i-Vtech,2015,"70,000kms",Petrol,Manual,₹2.65 Lakh,new-delhi
Toyota,Toyota Innova Crysta2.4 ZX MT BSIV,2018,"1,00,000kms",Diesel,Manual,₹13.50 Lakh,new-delhi
Maruti,Maruti CiazDelta BSIV,2019,"60,000kms",Petrol,Manual,₹5.38 Lakh,new-delhi
Maruti,Maruti Baleno1.2 CVT Alpha,2018,"28,000kms",Petrol,Automatic,₹5.35 Lakh,new-delhi
Kia,Kia SonetHTX Plus Turbo iMT BSVI,2020,"38,000kms",Petrol,Manual,₹7.75 Lakh,new-delhi
Maruti,Maruti Vitara BrezzaVDi,2017,"65,000kms",Diesel,Manual,₹4.50 Lakh,new-delhi
Tata,Tata Tiago1.2 Revotron XZ,2019,"60,000kms",Petrol,Manual,₹3.55 Lakh,new-delhi
Tata,Tata Tiago1.2 Revotron XZA,2019,"68,000kms",Petrol,Automatic,₹3.95 Lakh,new-delhi
Tata,Tata Nexon1.5 Revotorq XZ Plus,2018,"66,000kms",Diesel,Manual,₹5.50 Lakh,new-delhi
Toyota,Toyota Innova Crysta2.4 G MT 8S BSIV,2018,"2,97,000kms",Diesel,Manual,₹11.75 Lakh,new-delhi
Kia,Kia SeltosHTX IVT G,2021,"78,000kms",Petrol,Automatic,₹11.50 Lakh,new-delhi
Honda,Honda AmazeVX i-Vtech,2014,"60,000kms",Petrol,Manual,₹5 Lakh,new-delhi
Toyota,Toyota Innova Crysta2.7 GX AT BSIV,2017,"80,000kms",Petrol,Automatic,₹10.50 Lakh,new-delhi
Maruti,Maruti SwiftVXI,2016,"71,000kms",Petrol,Manual,₹3.65 Lakh,new-delhi
Tata,Tata Nexon1.5 Revotorq XZA Plus,2019,"1,20,000kms",Diesel,Automatic,₹7 Lakh,new-delhi
Hyundai,Hyundai i20Sportz 1.2,2017,"40,000kms",Petrol,Manual,₹3.99 Lakh,new-delhi
Toyota,Toyota EtiosG,2015,"80,000kms",Petrol,Manual,₹6 Lakh,new-delhi
Hyundai,Hyundai CretaSX Diesel AT BSVI,2021,"71,000kms",Diesel,Automatic,₹12 Lakh,new-delhi
Honda,Honda AmazeS i-Vtech,2014,"64,000kms",Petrol,Manual,₹3.25 Lakh,new-delhi
Kia,Kia CarensPrestige Plus DCT BSVI,2023,"32,563kms",Petrol,Automatic,₹13.50 Lakh,new-delhi
Kia,Kia SeltosHTX G,2022,"40,265kms",Petrol,Manual,₹11 Lakh,new-delhi
Maruti,Maruti Baleno1.2 Delta,2017,"41,000kms",Petrol,Manual,₹3.85 Lakh,new-delhi
Kia,Kia CarnivalPrestige 6 STR,2022,"32,000kms",Diesel,Automatic,₹31 Lakh,new-delhi
MG,MG Hector PlusSharp DCT,2020,"20,000kms",Petrol,Automatic,₹10.20 Lakh,new-delhi
Honda,Honda CityE,2013,"1,60,000kms",Petrol,Manual,₹2.25 Lakh,new-delhi
Maruti,Maruti BalenoZeta,2021,"60,900kms",Petrol,Manual,₹5.24 Lakh,new-delhi
Maruti,Maruti CiazVDi Option SHVS,2017,"70,000kms",Diesel,Manual,₹4 Lakh,new-delhi
Kia,Kia CarensPrestige Opt,2024,"11,000kms",Petrol,Manual,₹11.75 Lakh,new-delhi
Hyundai,Hyundai Grand i10Magna,2017,"37,000kms",Petrol,Manual,₹3.65 Lakh,new-delhi
Hyundai,Hyundai CretaSX,2023,"26,700kms",Petrol,Manual,₹14 Lakh,new-delhi
Ford,Ford Ecosport1.5 Petrol Titanium Plus BSIV,2018,"65,000kms",Petrol,Manual,₹5.25 Lakh,new-delhi
Kia,Kia SeltosHTX G,2021,"79,000kms",Petrol,Manual,₹10.50 Lakh,new-delhi
Maruti,Maruti Wagon RVXI Optional,2018,"63,000kms",Petrol,Manual,₹3.22 Lakh,new-delhi
Hyundai,Hyundai Creta1.6 SX,2018,"80,000kms",Petrol,Manual,₹8 Lakh,new-delhi
Nissan,Nissan TerranoXL,2016,"56,000kms",Petrol,Manual,₹3.95 Lakh,new-delhi
Hyundai,Hyundai Creta1.4 CRDi Base,2016,"1,00,000kms",Diesel,Manual,₹5.50 Lakh,new-delhi
Maruti,Maruti Baleno1.2 Alpha,2018,"1,50,000kms",Petrol,Manual,₹4.50 Lakh,new-delhi
Hyundai,Hyundai i10Sportz,2011,"10,055kms",Petrol,Manual,₹1.65 Lakh,new-delhi
Maruti,Maruti SwiftLXI BSIV,2015,"99,000kms",Petrol,Manual,₹2.25 Lakh,new-delhi
Maruti,Maruti Wagon RVXI BS IV,2012,"80,000kms",Petrol,Manual,₹1.50 Lakh,new-delhi
Hyundai,Hyundai CretaS Plus Knight,2023,"80,000kms",Petrol,Manual,₹12.50 Lakh,new-delhi
Maruti,Maruti Baleno1.2 Alpha,2017,"90,000kms",Petrol,Manual,₹3.82 Lakh,new-delhi
Maruti,Maruti SwiftVXI BSII,2010,"50,000kms",Petrol,Manual,₹1.20 Lakh,new-delhi
Hyundai,Hyundai Grand i10Asta Option,2016,"1,20,000kms",Petrol,Manual,₹2.50 Lakh,new-delhi
MG,MG AstorSuper EX BSVI,2022,"20,000kms",Petrol,Manual,₹7 Lakh,new-delhi
Toyota,Toyota GlanzaS CNG BSVI,2023,"1,00,000kms",CNG,Manual,₹7 Lakh,new-delhi
Hyundai,Hyundai i10Magna,2012,"55,500kms",Petrol,Manual,₹2 Lakh,new-delhi
Maruti,Maruti Wagon R StingrayLXI Optional,2017,"90,000kms",Petrol,Manual,₹2.60 Lakh,new-delhi
Kia,Kia SeltosHTK Plus,2024,"15,000kms",Petrol,Manual,₹12.15 Lakh,new-delhi
Maruti,Maruti Baleno1.2 Zeta,2017,"70,000kms",Petrol,Manual,₹4 Lakh,new-delhi
Maruti,Maruti Baleno1.2 CVT Delta,2016,"57,000kms",Petrol,Automatic,₹4 Lakh,new-delhi
Hyundai,Hyundai Verna1.6 EX VTVT,2013,"80,000kms",Petrol,Manual,₹2.60 Lakh,new-delhi
Hyundai,Hyundai CretaS Plus Knight,2023,"35,000kms",Petrol,Manual,₹11.50 Lakh,new-delhi
Maruti,Maruti SwiftVXI,2016,"71,000kms",Petrol,Manual,₹3.65 Lakh,new-delhi
Tata,Tata Nexon1.5 Revotorq XZA Plus,2019,"1,20,000kms",Diesel,Automatic,₹7 Lakh,new-delhi
Hyundai,Hyundai i20Sportz 1.2,2017,"40,000kms",Petrol,Manual,₹3.99 Lakh,new-delhi
Toyota,Toyota EtiosG,2015,"80,000kms",Petrol,Manual,₹6 Lakh,new-delhi
Hyundai,Hyundai CretaSX Diesel AT BSVI,2021,"71,000kms",Diesel,Automatic,₹12 Lakh,new-delhi
Honda,Honda AmazeS i-Vtech,2014,"64,000kms",Petrol,Manual,₹3.25 Lakh,new-delhi
Kia,Kia CarensPrestige Plus DCT BSVI,2023,"32,563kms",Petrol,Automatic,₹13.50 Lakh,new-delhi
Kia,Kia SeltosHTX G,2022,"40,265kms",Petrol,Manual,₹11 Lakh,new-delhi
Maruti,Maruti Baleno1.2 Delta,2017,"41,000kms",Petrol,Manual,₹3.85 Lakh,new-delhi
Kia,Kia CarnivalPrestige 6 STR,2022,"32,000kms",Diesel,Automatic,₹31 Lakh,new-delhi
MG,MG Hector PlusSharp DCT,2020,"20,000kms",Petrol,Automatic,₹10.20 Lakh,new-delhi
Honda,Honda CityE,2013,"1,60,000kms",Petrol,Manual,₹2.25 Lakh,new-delhi
Maruti,Maruti BalenoZeta,2021,"60,900kms",Petrol,Manual,₹5.24 Lakh,new-delhi
Maruti,Maruti CiazVDi Option SHVS,2017,"70,000kms",Diesel,Manual,₹4 Lakh,new-delhi
Kia,Kia CarensPrestige Opt,2024,"11,000kms",Petrol,Manual,₹11.75 Lakh,new-delhi
Hyundai,Hyundai Grand i10Magna,2017,"37,000kms",Petrol,Manual,₹3.65 Lakh,new-delhi
Hyundai,Hyundai CretaSX,2023,"26,700kms",Petrol,Manual,₹14 Lakh,new-delhi
Ford,Ford Ecosport1.5 Petrol Titanium Plus BSIV,2018,"65,000kms",Petrol,Manual,₹5.25 Lakh,new-delhi
Kia,Kia SeltosHTX G,2021,"79,000kms",Petrol,Manual,₹10.50 Lakh,new-delhi
Maruti,Maruti Wagon RVXI Optional,2018,"63,000kms",Petrol,Manual,₹3.22 Lakh,new-delhi
Hyundai,Hyundai Creta1.6 SX,2018,"80,000kms",Petrol,Manual,₹8 Lakh,new-delhi
Nissan,Nissan TerranoXL,2016,"56,000kms",Petrol,Manual,₹3.95 Lakh,new-delhi
Hyundai,Hyundai Creta1.4 CRDi Base,2016,"1,00,000kms",Diesel,Manual,₹5.50 Lakh,new-delhi
Maruti,Maruti Baleno1.2 Alpha,2018,"1,50,000kms",Petrol,Manual,₹4.50 Lakh,new-delhi
Hyundai,Hyundai i10Sportz,2011,"10,055kms",Petrol,Manual,₹1.65 Lakh,new-delhi
Maruti,Maruti SwiftLXI BSIV,2015,"99,000kms",Petrol,Manual,₹2.25 Lakh,new-delhi
Maruti,Maruti Wagon RVXI BS IV,2012,"80,000kms",Petrol,Manual,₹1.50 Lakh,new-delhi
Hyundai,Hyundai CretaS Plus Knight,2023,"80,000kms",Petrol,Manual,₹12.50 Lakh,new-delhi
Maruti,Maruti Baleno1.2 Alpha,2017,"90,000kms",Petrol,Manual,₹3.82 Lakh,new-delhi
Maruti,Maruti SwiftVXI BSII,2010,"50,000kms",Petrol,Manual,₹1.20 Lakh,new-delhi
Hyundai,Hyundai Grand i10Asta Option,2016,"1,20,000kms",Petrol,Manual,₹2.50 Lakh,new-delhi
MG,MG AstorSuper EX BSVI,2022,"20,000kms",Petrol,Manual,₹7 Lakh,new-delhi
Toyota,Toyota GlanzaS CNG BSVI,2023,"1,00,000kms",CNG,Manual,₹7 Lakh,new-delhi
Hyundai,Hyundai i10Magna,2012,"55,500kms",Petrol,Manual,₹2 Lakh,new-delhi
Maruti,Maruti Wagon R StingrayLXI Optional,2017,"90,000kms",Petrol,Manual,₹2.60 Lakh,new-delhi
Kia,Kia SeltosHTK Plus,2024,"15,000kms",Petrol,Manual,₹12.15 Lakh,new-delhi
Maruti,Maruti Baleno1.2 Zeta,2017,"70,000kms",Petrol,Manual,₹4 Lakh,new-delhi
Maruti,Maruti Baleno1.2 CVT Delta,2016,"57,000kms",Petrol,Automatic,₹4 Lakh,new-delhi
Hyundai,Hyundai Verna1.6 EX VTVT,2013,"80,000kms",Petrol,Manual,₹2.60 Lakh,new-delhi
Hyundai,Hyundai CretaS Plus Knight,2023,"35,000kms",Petrol,Manual,₹11.50 Lakh,new-delhi
Maruti,Maruti SwiftVXI,2016,"71,000kms",Petrol,Manual,₹3.65 Lakh,new-delhi
Tata,Tata Nexon1.5 Revotorq XZA Plus,2019,"1,20,000kms",Diesel,Automatic,₹7 Lakh,new-delhi
Hyundai,Hyundai i20Sportz 1.2,2017,"40,000kms",Petrol,Manual,₹3.99 Lakh,new-delhi
Toyota,Toyota EtiosG,2015,"80,000kms",Petrol,Manual,₹6 Lakh,new-delhi
Hyundai,Hyundai CretaSX Diesel AT BSVI,2021,"71,000kms",Diesel,Automatic,₹12 Lakh,new-delhi
Honda,Honda AmazeS i-Vtech,2014,"64,000kms",Petrol,Manual,₹3.25 Lakh,new-delhi
Kia,Kia CarensPrestige Plus DCT BSVI,2023,"32,563kms",Petrol,Automatic,₹13.50 Lakh,new-delhi
Kia,Kia SeltosHTX G,2022,"40,265kms",Petrol,Manual,₹11 Lakh,new-delhi
Maruti,Maruti Baleno1.2 Delta,2017,"41,000kms",Petrol,Manual,₹3.85 Lakh,new-delhi
Kia,Kia CarnivalPrestige 6 STR,2022,"32,000kms",Diesel,Automatic,₹31 Lakh,new-delhi
MG,MG Hector PlusSharp DCT,2020,"20,000kms",Petrol,Automatic,₹10.20 Lakh,new-delhi
Honda,Honda CityE,2013,"1,60,000kms",Petrol,Manual,₹2.25 Lakh,new-delhi
Maruti,Maruti BalenoZeta,2021,"60,900kms",Petrol,Manual,₹5.24 Lakh,new-delhi
Maruti,Maruti CiazVDi Option SHVS,2017,"70,000kms",Diesel,Manual,₹4 Lakh,new-delhi
Kia,Kia CarensPrestige Opt,2024,"11,000kms",Petrol,Manual,₹11.75 Lakh,new-delhi
Hyundai,Hyundai Grand i10Magna,2017,"37,000kms",Petrol,Manual,₹3.65 Lakh,new-delhi
Hyundai,Hyundai CretaSX,2023,"26,700kms",Petrol,Manual,₹14 Lakh,new-delhi
Ford,Ford Ecosport1.5 Petrol Titanium Plus BSIV,2018,"65,000kms",Petrol,Manual,₹5.25 Lakh,new-delhi
Kia,Kia SeltosHTX G,2021,"79,000kms",Petrol,Manual,₹10.50 Lakh,new-delhi
Maruti,Maruti Wagon RVXI Optional,2018,"63,000kms",Petrol,Manual,₹3.22 Lakh,new-delhi
Hyundai,Hyundai VernaSX Turbo DCT,2023,"51,000kms",Petrol,Automatic,₹13.40 Lakh,new-delhi
Hyundai,Hyundai i20Petrol Spotz,2019,"1,20,000kms",Petrol,Manual,₹4.50 Lakh,new-delhi
Mercedes-Benz,Mercedes-Benz GLS350d 4MATIC,2019,"51,000kms",Diesel,Automatic,₹55 Lakh,new-delhi
Jeep,Jeep Compass2.0 Limited,2019,"43,000kms",Diesel,Manual,₹9.80 Lakh,new-delhi
Kia,Kia CarnivalLimousine Plus,2023,"68,000kms",Diesel,Automatic,₹35 Lakh,new-delhi
Mercedes-Benz,Mercedes-Benz C-ClassC 200 AVANTGARDE,2015,"33,000kms",Petrol,Automatic,₹15.75 Lakh,new-delhi
MG,MG Hector PlusSharp DCT,2020,"50,000kms",Petrol,Automatic,₹12.75 Lakh,new-delhi
Honda,Honda AmazeS i-Vtech,2015,"70,000kms",Petrol,Manual,₹2.65 Lakh,new-delhi
Toyota,Toyota Innova Crysta2.4 ZX MT BSIV,2018,"1,00,000kms",Diesel,Manual,₹13.50 Lakh,new-delhi
Maruti,Maruti CiazDelta BSIV,2019,"60,000kms",Petrol,Manual,₹5.38 Lakh,new-delhi
Maruti,Maruti Baleno1.2 CVT Alpha,2018,"28,000kms",Petrol,Automatic,₹5.35 Lakh,new-delhi
Kia,Kia SonetHTX Plus Turbo iMT BSVI,2020,"38,000kms",Petrol,Manual,₹7.75 Lakh,new-delhi
Maruti,Maruti Vitara BrezzaVDi,2017,"65,000kms",Diesel,Manual,₹4.50 Lakh,new-delhi
Tata,Tata Tiago1.2 Revotron XZ,2019,"60,000kms",Petrol,Manual,₹3.55 Lakh,new-delhi
Tata,Tata Tiago1.2 Revotron XZA,2019,"68,000kms",Petrol,Automatic,₹3.95 Lakh,new-delhi
Tata,Tata Nexon1.5 Revotorq XZ Plus,2018,"66,000kms",Diesel,Manual,₹5.50 Lakh,new-delhi
Toyota,Toyota Innova Crysta2.4 G MT 8S BSIV,2018,"2,97,000kms",Diesel,Manual,₹11.75 Lakh,new-delhi
Kia,Kia SeltosHTX IVT G,2021,"78,000kms",Petrol,Automatic,₹11.50 Lakh,new-delhi
Honda,Honda AmazeVX i-Vtech,2014,"60,000kms",Petrol,Manual,₹5 Lakh,new-delhi
Toyota,Toyota Innova Crysta2.7 GX AT BSIV,2017,"80,000kms",Petrol,Automatic,₹10.50 Lakh,new-delhi
Hyundai,Hyundai Creta1.6 SX,2018,"80,000kms",Petrol,Manual,₹8 Lakh,new-delhi
Nissan,Nissan TerranoXL,2016,"56,000kms",Petrol,Manual,₹3.95 Lakh,new-delhi
Hyundai,Hyundai Creta1.4 CRDi Base,2016,"1,00,000kms",Diesel,Manual,₹5.50 Lakh,new-delhi
Maruti,Maruti Baleno1.2 Alpha,2018,"1,50,000kms",Petrol,Manual,₹4.50 Lakh,new-delhi
Hyundai,Hyundai i10Sportz,2011,"10,055kms",Petrol,Manual,₹1.65 Lakh,new-delhi
Maruti,Maruti SwiftLXI BSIV,2015,"99,000kms",Petrol,Manual,₹2.25 Lakh,new-delhi
Maruti,Maruti Wagon RVXI BS IV,2012,"80,000kms",Petrol,Manual,₹1.50 Lakh,new-delhi
Hyundai,Hyundai CretaS Plus Knight,2023,"80,000kms",Petrol,Manual,₹12.50 Lakh,new-delhi
Maruti,Maruti Baleno1.2 Alpha,2017,"90,000kms",Petrol,Manual,₹3.82 Lakh,new-delhi
Maruti,Maruti SwiftVXI BSII,2010,"50,000kms",Petrol,Manual,₹1.20 Lakh,new-delhi
Hyundai,Hyundai Grand i10Asta Option,2016,"1,20,000kms",Petrol,Manual,₹2.50 Lakh,new-delhi
MG,MG AstorSuper EX BSVI,2022,"20,000kms",Petrol,Manual,₹7 Lakh,new-delhi
Toyota,Toyota GlanzaS CNG BSVI,2023,"1,00,000kms",CNG,Manual,₹7 Lakh,new-delhi
Hyundai,Hyundai i10Magna,2012,"55,500kms",Petrol,Manual,₹2 Lakh,new-delhi
Maruti,Maruti Wagon R StingrayLXI Optional,2017,"90,000kms",Petrol,Manual,₹2.60 Lakh,new-delhi
Kia,Kia SeltosHTK Plus,2024,"15,000kms",Petrol,Manual,₹12.15 Lakh,new-delhi
Maruti,Maruti Baleno1.2 Zeta,2017,"70,000kms",Petrol,Manual,₹4 Lakh,new-delhi
Maruti,Maruti Baleno1.2 CVT Delta,2016,"57,000kms",Petrol,Automatic,₹4 Lakh,new-delhi
Hyundai,Hyundai Verna1.6 EX VTVT,2013,"80,000kms",Petrol,Manual,₹2.60 Lakh,new-delhi
Hyundai,Hyundai CretaS Plus Knight,2023,"35,000kms",Petrol,Manual,₹11.50 Lakh,new-delhi
Maruti,Maruti SwiftVXI,2016,"71,000kms",Petrol,Manual,₹3.65 Lakh,new-delhi
Tata,Tata Nexon1.5 Revotorq XZA Plus,2019,"1,20,000kms",Diesel,Automatic,₹7 Lakh,new-delhi
Hyundai,Hyundai i20Sportz 1.2,2017,"40,000kms",Petrol,Manual,₹3.99 Lakh,new-delhi
Toyota,Toyota EtiosG,2015,"80,000kms",Petrol,Manual,₹6 Lakh,new-delhi
Hyundai,Hyundai CretaSX Diesel AT BSVI,2021,"71,000kms",Diesel,Automatic,₹12 Lakh,new-delhi
Honda,Honda AmazeS i-Vtech,2014,"64,000kms",Petrol,Manual,₹3.25 Lakh,new-delhi
Kia,Kia CarensPrestige Plus DCT BSVI,2023,"32,563kms",Petrol,Automatic,₹13.50 Lakh,new-delhi
Kia,Kia SeltosHTX G,2022,"40,265kms",Petrol,Manual,₹11 Lakh,new-delhi
Maruti,Maruti Baleno1.2 Delta,2017,"41,000kms",Petrol,Manual,₹3.85 Lakh,new-delhi
Kia,Kia CarnivalPrestige 6 STR,2022,"32,000kms",Diesel,Automatic,₹31 Lakh,new-delhi
MG,MG Hector PlusSharp DCT,2020,"20,000kms",Petrol,Automatic,₹10.20 Lakh,new-delhi
Honda,Honda CityE,2013,"1,60,000kms",Petrol,Manual,₹2.25 Lakh,new-delhi
Maruti,Maruti BalenoZeta,2021,"60,900kms",Petrol,Manual,₹5.24 Lakh,new-delhi
Maruti,Maruti CiazVDi Option SHVS,2017,"70,000kms",Diesel,Manual,₹4 Lakh,new-delhi
Kia,Kia CarensPrestige Opt,2024,"11,000kms",Petrol,Manual,₹11.75 Lakh,new-delhi
Hyundai,Hyundai Grand i10Magna,2017,"37,000kms",Petrol,Manual,₹3.65 Lakh,new-delhi
Hyundai,Hyundai CretaSX,2023,"26,700kms",Petrol,Manual,₹14 Lakh,new-delhi
Ford,Ford Ecosport1.5 Petrol Titanium Plus BSIV,2018,"65,000kms",Petrol,Manual,₹5.25 Lakh,new-delhi
Kia,Kia SeltosHTX G,2021,"79,000kms",Petrol,Manual,₹10.50 Lakh,new-delhi
Maruti,Maruti Wagon RVXI Optional,2018,"63,000kms",Petrol,Manual,₹3.22 Lakh,new-delhi
Hyundai,Hyundai VernaSX Turbo DCT,2023,"51,000kms",Petrol,Automatic,₹13.40 Lakh,new-delhi
Hyundai,Hyundai i20Petrol Spotz,2019,"1,20,000kms",Petrol,Manual,₹4.50 Lakh,new-delhi
Mercedes-Benz,Mercedes-Benz GLS350d 4MATIC,2019,"51,000kms",Diesel,Automatic,₹55 Lakh,new-delhi
Jeep,Jeep Compass2.0 Limited,2019,"43,000kms",Diesel,Manual,₹9.80 Lakh,new-delhi
Kia,Kia CarnivalLimousine Plus,2023,"68,000kms",Diesel,Automatic,₹35 Lakh,new-delhi
Mercedes-Benz,Mercedes-Benz C-ClassC 200 AVANTGARDE,2015,"33,000kms",Petrol,Automatic,₹15.75 Lakh,new-delhi
MG,MG Hector PlusSharp DCT,2020,"50,000kms",Petrol,Automatic,₹12.75 Lakh,new-delhi
Honda,Honda AmazeS i-Vtech,2015,"70,000kms",Petrol,Manual,₹2.65 Lakh,new-delhi
Toyota,Toyota Innova Crysta2.4 ZX MT BSIV,2018,"1,00,000kms",Diesel,Manual,₹13.50 Lakh,new-delhi
Maruti,Maruti CiazDelta BSIV,2019,"60,000kms",Petrol,Manual,₹5.38 Lakh,new-delhi
Maruti,Maruti Baleno1.2 CVT Alpha,2018,"28,000kms",Petrol,Automatic,₹5.35 Lakh,new-delhi
Kia,Kia SonetHTX Plus Turbo iMT BSVI,2020,"38,000kms",Petrol,Manual,₹7.75 Lakh,new-delhi
Maruti,Maruti Vitara BrezzaVDi,2017,"65,000kms",Diesel,Manual,₹4.50 Lakh,new-delhi
Tata,Tata Tiago1.2 Revotron XZ,2019,"60,000kms",Petrol,Manual,₹3.55 Lakh,new-delhi
Tata,Tata Tiago1.2 Revotron XZA,2019,"68,000kms",Petrol,Automatic,₹3.95 Lakh,new-delhi
Tata,Tata Nexon1.5 Revotorq XZ Plus,2018,"66,000kms",Diesel,Manual,₹5.50 Lakh,new-delhi
Toyota,Toyota Innova Crysta2.4 G MT 8S BSIV,2018,"2,97,000kms",Diesel,Manual,₹11.75 Lakh,new-delhi
Kia,Kia SeltosHTX IVT G,2021,"78,000kms",Petrol,Automatic,₹11.50 Lakh,new-delhi
Honda,Honda AmazeVX i-Vtech,2014,"60,000kms",Petrol,Manual,₹5 Lakh,new-delhi
Toyota,Toyota Innova Crysta2.7 GX AT BSIV,2017,"80,000kms",Petrol,Automatic,₹10.50 Lakh,new-delhi
Hyundai,Hyundai Creta1.6 SX,2018,"80,000kms",Petrol,Manual,₹8 Lakh,new-delhi
Nissan,Nissan TerranoXL,2016,"56,000kms",Petrol,Manual,₹3.95 Lakh,new-delhi
Hyundai,Hyundai Creta1.4 CRDi Base,2016,"1,00,000kms",Diesel,Manual,₹5.50 Lakh,new-delhi
Maruti,Maruti Baleno1.2 Alpha,2018,"1,50,000kms",Petrol,Manual,₹4.50 Lakh,new-delhi
Hyundai,Hyundai i10Sportz,2011,"10,055kms",Petrol,Manual,₹1.65 Lakh,new-delhi
Maruti,Maruti SwiftLXI BSIV,2015,"99,000kms",Petrol,Manual,₹2.25 Lakh,new-delhi
Maruti,Maruti Wagon RVXI BS IV,2012,"80,000kms",Petrol,Manual,₹1.50 Lakh,new-delhi
Hyundai,Hyundai CretaS Plus Knight,2023,"80,000kms",Petrol,Manual,₹12.50 Lakh,new-delhi
Maruti,Maruti Baleno1.2 Alpha,2017,"90,000kms",Petrol,Manual,₹3.82 Lakh,new-delhi
Maruti,Maruti SwiftVXI BSII,2010,"50,000kms",Petrol,Manual,₹1.20 Lakh,new-delhi
Hyundai,Hyundai Grand i10Asta Option,2016,"1,20,000kms",Petrol,Manual,₹2.50 Lakh,new-delhi
MG,MG AstorSuper EX BSVI,2022,"20,000kms",Petrol,Manual,₹7 Lakh,new-delhi
Toyota,Toyota GlanzaS CNG BSVI,2023,"1,00,000kms",CNG,Manual,₹7 Lakh,new-delhi
Hyundai,Hyundai i10Magna,2012,"55,500kms",Petrol,Manual,₹2 Lakh,new-delhi
Maruti,Maruti Wagon R StingrayLXI Optional,2017,"90,000kms",Petrol,Manual,₹2.60 Lakh,new-delhi
Kia,Kia SeltosHTK Plus,2024,"15,000kms",Petrol,Manual,₹12.15 Lakh,new-delhi
Maruti,Maruti Baleno1.2 Zeta,2017,"70,000kms",Petrol,Manual,₹4 Lakh,new-delhi
Maruti,Maruti Baleno1.2 CVT Delta,2016,"57,000kms",Petrol,Automatic,₹4 Lakh,new-delhi
Hyundai,Hyundai Verna1.6 EX VTVT,2013,"80,000kms",Petrol,Manual,₹2.60 Lakh,new-delhi
Hyundai,Hyundai CretaS Plus Knight,2023,"35,000kms",Petrol,Manual,₹11.50 Lakh,new-delhi
Hyundai,Hyundai VernaSX Turbo DCT,2023,"51,000kms",Petrol,Automatic,₹13.40 Lakh,new-delhi
Hyundai,Hyundai i20Petrol Spotz,2019,"1,20,000kms",Petrol,Manual,₹4.50 Lakh,new-delhi
Mercedes-Benz,Mercedes-Benz GLS350d 4MATIC,2019,"51,000kms",Diesel,Automatic,₹55 Lakh,new-delhi
Jeep,Jeep Compass2.0 Limited,2019,"43,000kms",Diesel,Manual,₹9.80 Lakh,new-delhi
Kia,Kia CarnivalLimousine Plus,2023,"68,000kms",Diesel,Automatic,₹35 Lakh,new-delhi
Mercedes-Benz,Mercedes-Benz C-ClassC 200 AVANTGARDE,2015,"33,000kms",Petrol,Automatic,₹15.75 Lakh,new-delhi
MG,MG Hector PlusSharp DCT,2020,"50,000kms",Petrol,Automatic,₹12.75 Lakh,new-delhi
Honda,Honda AmazeS i-Vtech,2015,"70,000kms",Petrol,Manual,₹2.65 Lakh,new-delhi
Toyota,Toyota Innova Crysta2.4 ZX MT BSIV,2018,"1,00,000kms",Diesel,Manual,₹13.50 Lakh,new-delhi
Maruti,Maruti CiazDelta BSIV,2019,"60,000kms",Petrol,Manual,₹5.38 Lakh,new-delhi
Maruti,Maruti Baleno1.2 CVT Alpha,2018,"28,000kms",Petrol,Automatic,₹5.35 Lakh,new-delhi
Kia,Kia SonetHTX Plus Turbo iMT BSVI,2020,"38,000kms",Petrol,Manual,₹7.75 Lakh,new-delhi
Maruti,Maruti Vitara BrezzaVDi,2017,"65,000kms",Diesel,Manual,₹4.50 Lakh,new-delhi
Tata,Tata Tiago1.2 Revotron XZ,2019,"60,000kms",Petrol,Manual,₹3.55 Lakh,new-delhi
Tata,Tata Tiago1.2 Revotron XZA,2019,"68,000kms",Petrol,Automatic,₹3.95 Lakh,new-delhi
Tata,Tata Nexon1.5 Revotorq XZ Plus,2018,"66,000kms",Diesel,Manual,₹5.50 Lakh,new-delhi
Toyota,Toyota Innova Crysta2.4 G MT 8S BSIV,2018,"2,97,000kms",Diesel,Manual,₹11.75 Lakh,new-delhi
Kia,Kia SeltosHTX IVT G,2021,"78,000kms",Petrol,Automatic,₹11.50 Lakh,new-delhi
Honda,Honda AmazeVX i-Vtech,2014,"60,000kms",Petrol,Manual,₹5 Lakh,new-delhi
Toyota,Toyota Innova Crysta2.7 GX AT BSIV,2017,"80,000kms",Petrol,Automatic,₹10.50 Lakh,new-delhi
Hyundai,Hyundai VernaSX Turbo DCT,2023,"51,000kms",Petrol,Automatic,₹13.40 Lakh,new-delhi
Hyundai,Hyundai i20Petrol Spotz,2019,"1,20,000kms",Petrol,Manual,₹4.50 Lakh,new-delhi
Mercedes-Benz,Mercedes-Benz GLS350d 4MATIC,2019,"51,000kms",Diesel,Automatic,₹55 Lakh,new-delhi
Jeep,Jeep Compass2.0 Limited,2019,"43,000kms",Diesel,Manual,₹9.80 Lakh,new-delhi
Kia,Kia CarnivalLimousine Plus,2023,"68,000kms",Diesel,Automatic,₹35 Lakh,new-delhi
Mercedes-Benz,Mercedes-Benz C-ClassC 200 AVANTGARDE,2015,"33,000kms",Petrol,Automatic,₹15.75 Lakh,new-delhi
MG,MG Hector PlusSharp DCT,2020,"50,000kms",Petrol,Automatic,₹12.75 Lakh,new-delhi
Honda,Honda AmazeS i-Vtech,2015,"70,000kms",Petrol,Manual,₹2.65 Lakh,new-delhi
Toyota,Toyota Innova Crysta2.4 ZX MT BSIV,2018,"1,00,000kms",Diesel,Manual,₹13.50 Lakh,new-delhi
Maruti,Maruti CiazDelta BSIV,2019,"60,000kms",Petrol,Manual,₹5.38 Lakh,new-delhi
Maruti,Maruti Baleno1.2 CVT Alpha,2018,"28,000kms",Petrol,Automatic,₹5.35 Lakh,new-delhi
Kia,Kia SonetHTX Plus Turbo iMT BSVI,2020,"38,000kms",Petrol,Manual,₹7.75 Lakh,new-delhi
Maruti,Maruti Vitara BrezzaVDi,2017,"65,000kms",Diesel,Manual,₹4.50 Lakh,new-delhi
Tata,Tata Tiago1.2 Revotron XZ,2019,"60,000kms",Petrol,Manual,₹3.55 Lakh,new-delhi
Tata,Tata Tiago1.2 Revotron XZA,2019,"68,000kms",Petrol,Automatic,₹3.95 Lakh,new-delhi
Tata,Tata Nexon1.5 Revotorq XZ Plus,2018,"66,000kms",Diesel,Manual,₹5.50 Lakh,new-delhi
Toyota,Toyota Innova Crysta2.4 G MT 8S BSIV,2018,"2,97,000kms",Diesel,Manual,₹11.75 Lakh,new-delhi
Kia,Kia SeltosHTX IVT G,2021,"78,000kms",Petrol,Automatic,₹11.50 Lakh,new-delhi
Honda,Honda AmazeVX i-Vtech,2014,"60,000kms",Petrol,Manual,₹5 Lakh,new-delhi
Toyota,Toyota Innova Crysta2.7 GX AT BSIV,2017,"80,000kms",Petrol,Automatic,₹10.50 Lakh,new-delhi
Maruti,Maruti SwiftVXI,2016,"71,000kms",Petrol,Manual,₹3.65 Lakh,new-delhi
Tata,Tata Nexon1.5 Revotorq XZA Plus,2019,"1,20,000kms",Diesel,Automatic,₹7 Lakh,new-delhi
Hyundai,Hyundai i20Sportz 1.2,2017,"40,000kms",Petrol,Manual,₹3.99 Lakh,new-delhi
Toyota,Toyota EtiosG,2015,"80,000kms",Petrol,Manual,₹6 Lakh,new-delhi
Hyundai,Hyundai CretaSX Diesel AT BSVI,2021,"71,000kms",Diesel,Automatic,₹12 Lakh,new-delhi
Honda,Honda AmazeS i-Vtech,2014,"64,000kms",Petrol,Manual,₹3.25 Lakh,new-delhi
Kia,Kia CarensPrestige Plus DCT BSVI,2023,"32,563kms",Petrol,Automatic,₹13.50 Lakh,new-delhi
Kia,Kia SeltosHTX G,2022,"40,265kms",Petrol,Manual,₹11 Lakh,new-delhi
Maruti,Maruti Baleno1.2 Delta,2017,"41,000kms",Petrol,Manual,₹3.85 Lakh,new-delhi
Kia,Kia CarnivalPrestige 6 STR,2022,"32,000kms",Diesel,Automatic,₹31 Lakh,new-delhi
MG,MG Hector PlusSharp DCT,2020,"20,000kms",Petrol,Automatic,₹10.20 Lakh,new-delhi
Honda,Honda CityE,2013,"1,60,000kms",Petrol,Manual,₹2.25 Lakh,new-delhi
Maruti,Maruti BalenoZeta,2021,"60,900kms",Petrol,Manual,₹5.24 Lakh,new-delhi
Maruti,Maruti CiazVDi Option SHVS,2017,"70,000kms",Diesel,Manual,₹4 Lakh,new-delhi
Kia,Kia CarensPrestige Opt,2024,"11,000kms",Petrol,Manual,₹11.75 Lakh,new-delhi
Hyundai,Hyundai Grand i10Magna,2017,"37,000kms",Petrol,Manual,₹3.65 Lakh,new-delhi
Hyundai,Hyundai CretaSX,2023,"26,700kms",Petrol,Manual,₹14 Lakh,new-delhi
Ford,Ford Ecosport1.5 Petrol Titanium Plus BSIV,2018,"65,000kms",Petrol,Manual,₹5.25 Lakh,new-delhi
Kia,Kia SeltosHTX G,2021,"79,000kms",Petrol,Manual,₹10.50 Lakh,new-delhi
Maruti,Maruti Wagon RVXI Optional,2018,"63,000kms",Petrol,Manual,₹3.22 Lakh,new-delhi
Hyundai,Hyundai Creta1.6 SX,2018,"80,000kms",Petrol,Manual,₹8 Lakh,new-delhi
Nissan,Nissan TerranoXL,2016,"56,000kms",Petrol,Manual,₹3.95 Lakh,new-delhi
Hyundai,Hyundai Creta1.4 CRDi Base,2016,"1,00,000kms",Diesel,Manual,₹5.50 Lakh,new-delhi
Maruti,Maruti Baleno1.2 Alpha,2018,"1,50,000kms",Petrol,Manual,₹4.50 Lakh,new-delhi
Hyundai,Hyundai i10Sportz,2011,"10,055kms",Petrol,Manual,₹1.65 Lakh,new-delhi
Maruti,Maruti SwiftLXI BSIV,2015,"99,000kms",Petrol,Manual,₹2.25 Lakh,new-delhi
Maruti,Maruti Wagon RVXI BS IV,2012,"80,000kms",Petrol,Manual,₹1.50 Lakh,new-delhi
Hyundai,Hyundai CretaS Plus Knight,2023,"80,000kms",Petrol,Manual,₹12.50 Lakh,new-delhi
Maruti,Maruti Baleno1.2 Alpha,2017,"90,000kms",Petrol,Manual,₹3.82 Lakh,new-delhi
Maruti,Maruti SwiftVXI BSII,2010,"50,000kms",Petrol,Manual,₹1.20 Lakh,new-delhi
Hyundai,Hyundai Grand i10Asta Option,2016,"1,20,000kms",Petrol,Manual,₹2.50 Lakh,new-delhi
MG,MG AstorSuper EX BSVI,2022,"20,000kms",Petrol,Manual,₹7 Lakh,new-delhi
Toyota,Toyota GlanzaS CNG BSVI,2023,"1,00,000kms",CNG,Manual,₹7 Lakh,new-delhi
Hyundai,Hyundai i10Magna,2012,"55,500kms",Petrol,Manual,₹2 Lakh,new-delhi
Maruti,Maruti Wagon R StingrayLXI Optional,2017,"90,000kms",Petrol,Manual,₹2.60 Lakh,new-delhi
Kia,Kia SeltosHTK Plus,2024,"15,000kms",Petrol,Manual,₹12.15 Lakh,new-delhi
Maruti,Maruti Baleno1.2 Zeta,2017,"70,000kms",Petrol,Manual,₹4 Lakh,new-delhi
Maruti,Maruti Baleno1.2 CVT Delta,2016,"57,000kms",Petrol,Automatic,₹4 Lakh,new-delhi
Hyundai,Hyundai Verna1.6 EX VTVT,2013,"80,000kms",Petrol,Manual,₹2.60 Lakh,new-delhi
Hyundai,Hyundai CretaS Plus Knight,2023,"35,000kms",Petrol,Manual,₹11.50 Lakh,new-delhi
Hyundai,Hyundai VernaSX Turbo DCT,2023,"51,000kms",Petrol,Automatic,₹13.40 Lakh,new-delhi
Hyundai,Hyundai i20Petrol Spotz,2019,"1,20,000kms",Petrol,Manual,₹4.50 Lakh,new-delhi
Mercedes-Benz,Mercedes-Benz GLS350d 4MATIC,2019,"51,000kms",Diesel,Automatic,₹55 Lakh,new-delhi
Jeep,Jeep Compass2.0 Limited,2019,"43,000kms",Diesel,Manual,₹9.80 Lakh,new-delhi
Kia,Kia CarnivalLimousine Plus,2023,"68,000kms",Diesel,Automatic,₹35 Lakh,new-delhi
Mercedes-Benz,Mercedes-Benz C-ClassC 200 AVANTGARDE,2015,"33,000kms",Petrol,Automatic,₹15.75 Lakh,new-delhi
MG,MG Hector PlusSharp DCT,2020,"50,000kms",Petrol,Automatic,₹12.75 Lakh,new-delhi
Honda,Honda AmazeS i-Vtech,2015,"70,000kms",Petrol,Manual,₹2.65 Lakh,new-delhi
Toyota,Toyota Innova Crysta2.4 ZX MT BSIV,2018,"1,00,000kms",Diesel,Manual,₹13.50 Lakh,new-delhi
Maruti,Maruti CiazDelta BSIV,2019,"60,000kms",Petrol,Manual,₹5.38 Lakh,new-delhi
Maruti,Maruti Baleno1.2 CVT Alpha,2018,"28,000kms",Petrol,Automatic,₹5.35 Lakh,new-delhi
Kia,Kia SonetHTX Plus Turbo iMT BSVI,2020,"38,000kms",Petrol,Manual,₹7.75 Lakh,new-delhi
Maruti,Maruti Vitara BrezzaVDi,2017,"65,000kms",Diesel,Manual,₹4.50 Lakh,new-delhi
Tata,Tata Tiago1.2 Revotron XZ,2019,"60,000kms",Petrol,Manual,₹3.55 Lakh,new-delhi
Tata,Tata Tiago1.2 Revotron XZA,2019,"68,000kms",Petrol,Automatic,₹3.95 Lakh,new-delhi
Tata,Tata Nexon1.5 Revotorq XZ Plus,2018,"66,000kms",Diesel,Manual,₹5.50 Lakh,new-delhi
Toyota,Toyota Innova Crysta2.4 G MT 8S BSIV,2018,"2,97,000kms",Diesel,Manual,₹11.75 Lakh,new-delhi
Kia,Kia SeltosHTX IVT G,2021,"78,000kms",Petrol,Automatic,₹11.50 Lakh,new-delhi
Honda,Honda AmazeVX i-Vtech,2014,"60,000kms",Petrol,Manual,₹5 Lakh,new-delhi
Toyota,Toyota Innova Crysta2.7 GX AT BSIV,2017,"80,000kms",Petrol,Automatic,₹10.50 Lakh,new-delhi
Maruti,Maruti SwiftVXI,2016,"71,000kms",Petrol,Manual,₹3.65 Lakh,new-delhi
Tata,Tata Nexon1.5 Revotorq XZA Plus,2019,"1,20,000kms",Diesel,Automatic,₹7 Lakh,new-delhi
Hyundai,Hyundai i20Sportz 1.2,2017,"40,000kms",Petrol,Manual,₹3.99 Lakh,new-delhi
Toyota,Toyota EtiosG,2015,"80,000kms",Petrol,Manual,₹6 Lakh,new-delhi
Hyundai,Hyundai CretaSX Diesel AT BSVI,2021,"71,000kms",Diesel,Automatic,₹12 Lakh,new-delhi
Honda,Honda AmazeS i-Vtech,2014,"64,000kms",Petrol,Manual,₹3.25 Lakh,new-delhi
Kia,Kia CarensPrestige Plus DCT BSVI,2023,"32,563kms",Petrol,Automatic,₹13.50 Lakh,new-delhi
Kia,Kia SeltosHTX G,2022,"40,265kms",Petrol,Manual,₹11 Lakh,new-delhi
Maruti,Maruti Baleno1.2 Delta,2017,"41,000kms",Petrol,Manual,₹3.85 Lakh,new-delhi
Kia,Kia CarnivalPrestige 6 STR,2022,"32,000kms",Diesel,Automatic,₹31 Lakh,new-delhi
MG,MG Hector PlusSharp DCT,2020,"20,000kms",Petrol,Automatic,₹10.20 Lakh,new-delhi
Honda,Honda CityE,2013,"1,60,000kms",Petrol,Manual,₹2.25 Lakh,new-delhi
Maruti,Maruti BalenoZeta,2021,"60,900kms",Petrol,Manual,₹5.24 Lakh,new-delhi
Maruti,Maruti CiazVDi Option SHVS,2017,"70,000kms",Diesel,Manual,₹4 Lakh,new-delhi
Kia,Kia CarensPrestige Opt,2024,"11,000kms",Petrol,Manual,₹11.75 Lakh,new-delhi
Hyundai,Hyundai Grand i10Magna,2017,"37,000kms",Petrol,Manual,₹3.65 Lakh,new-delhi
Hyundai,Hyundai CretaSX,2023,"26,700kms",Petrol,Manual,₹14 Lakh,new-delhi
Ford,Ford Ecosport1.5 Petrol Titanium Plus BSIV,2018,"65,000kms",Petrol,Manual,₹5.25 Lakh,new-delhi
Kia,Kia SeltosHTX G,2021,"79,000kms",Petrol,Manual,₹10.50 Lakh,new-delhi
Maruti,Maruti Wagon RVXI Optional,2018,"63,000kms",Petrol,Manual,₹3.22 Lakh,new-delhi
Hyundai,Hyundai VernaSX Turbo DCT,2023,"51,000kms",Petrol,Automatic,₹13.40 Lakh,new-delhi
Hyundai,Hyundai i20Petrol Spotz,2019,"1,20,000kms",Petrol,Manual,₹4.50 Lakh,new-delhi
Mercedes-Benz,Mercedes-Benz GLS350d 4MATIC,2019,"51,000kms",Diesel,Automatic,₹55 Lakh,new-delhi
Jeep,Jeep Compass2.0 Limited,2019,"43,000kms",Diesel,Manual,₹9.80 Lakh,new-delhi
Kia,Kia CarnivalLimousine Plus,2023,"68,000kms",Diesel,Automatic,₹35 Lakh,new-delhi
Mercedes-Benz,Mercedes-Benz C-ClassC 200 AVANTGARDE,2015,"33,000kms",Petrol,Automatic,₹15.75 Lakh,new-delhi
MG,MG Hector PlusSharp DCT,2020,"50,000kms",Petrol,Automatic,₹12.75 Lakh,new-delhi
Honda,Honda AmazeS i-Vtech,2015,"70,000kms",Petrol,Manual,₹2.65 Lakh,new-delhi
Toyota,Toyota Innova Crysta2.4 ZX MT BSIV,2018,"1,00,000kms",Diesel,Manual,₹13.50 Lakh,new-delhi
Maruti,Maruti CiazDelta BSIV,2019,"60,000kms",Petrol,Manual,₹5.38 Lakh,new-delhi
Maruti,Maruti Baleno1.2 CVT Alpha,2018,"28,000kms",Petrol,Automatic,₹5.35 Lakh,new-delhi
Kia,Kia SonetHTX Plus Turbo iMT BSVI,2020,"38,000kms",Petrol,Manual,₹7.75 Lakh,new-delhi
Maruti,Maruti Vitara BrezzaVDi,2017,"65,000kms",Diesel,Manual,₹4.50 Lakh,new-delhi
Tata,Tata Tiago1.2 Revotron XZ,2019,"60,000kms",Petrol,Manual,₹3.55 Lakh,new-delhi
Tata,Tata Tiago1.2 Revotron XZA,2019,"68,000kms",Petrol,Automatic,₹3.95 Lakh,new-delhi
Tata,Tata Nexon1.5 Revotorq XZ Plus,2018,"66,000kms",Diesel,Manual,₹5.50 Lakh,new-delhi
Toyota,Toyota Innova Crysta2.4 G MT 8S BSIV,2018,"2,97,000kms",Diesel,Manual,₹11.75 Lakh,new-delhi
Kia,Kia SeltosHTX IVT G,2021,"78,000kms",Petrol,Automatic,₹11.50 Lakh,new-delhi
Honda,Honda AmazeVX i-Vtech,2014,"60,000kms",Petrol,Manual,₹5 Lakh,new-delhi
Toyota,Toyota Innova Crysta2.7 GX AT BSIV,2017,"80,000kms",Petrol,Automatic,₹10.50 Lakh,new-delhi
Maruti,Maruti SwiftVXI,2016,"71,000kms",Petrol,Manual,₹3.65 Lakh,new-delhi
Tata,Tata Nexon1.5 Revotorq XZA Plus,2019,"1,20,000kms",Diesel,Automatic,₹7 Lakh,new-delhi
Hyundai,Hyundai i20Sportz 1.2,2017,"40,000kms",Petrol,Manual,₹3.99 Lakh,new-delhi
Toyota,Toyota EtiosG,2015,"80,000kms",Petrol,Manual,₹6 Lakh,new-delhi
Hyundai,Hyundai CretaSX Diesel AT BSVI,2021,"71,000kms",Diesel,Automatic,₹12 Lakh,new-delhi
Honda,Honda AmazeS i-Vtech,2014,"64,000kms",Petrol,Manual,₹3.25 Lakh,new-delhi
Kia,Kia CarensPrestige Plus DCT BSVI,2023,"32,563kms",Petrol,Automatic,₹13.50 Lakh,new-delhi
Kia,Kia SeltosHTX G,2022,"40,265kms",Petrol,Manual,₹11 Lakh,new-delhi
Maruti,Maruti Baleno1.2 Delta,2017,"41,000kms",Petrol,Manual,₹3.85 Lakh,new-delhi
Kia,Kia CarnivalPrestige 6 STR,2022,"32,000kms",Diesel,Automatic,₹31 Lakh,new-delhi
MG,MG Hector PlusSharp DCT,2020,"20,000kms",Petrol,Automatic,₹10.20 Lakh,new-delhi
Honda,Honda CityE,2013,"1,60,000kms",Petrol,Manual,₹2.25 Lakh,new-delhi
Maruti,Maruti BalenoZeta,2021,"60,900kms",Petrol,Manual,₹5.24 Lakh,new-delhi
Maruti,Maruti CiazVDi Option SHVS,2017,"70,000kms",Diesel,Manual,₹4 Lakh,new-delhi
Kia,Kia CarensPrestige Opt,2024,"11,000kms",Petrol,Manual,₹11.75 Lakh,new-delhi
Hyundai,Hyundai Grand i10Magna,2017,"37,000kms",Petrol,Manual,₹3.65 Lakh,new-delhi
Hyundai,Hyundai CretaSX,2023,"26,700kms",Petrol,Manual,₹14 Lakh,new-delhi
Ford,Ford Ecosport1.5 Petrol Titanium Plus BSIV,2018,"65,000kms",Petrol,Manual,₹5.25 Lakh,new-delhi
Kia,Kia SeltosHTX G,2021,"79,000kms",Petrol,Manual,₹10.50 Lakh,new-delhi
Maruti,Maruti Wagon RVXI Optional,2018,"63,000kms",Petrol,Manual,₹3.22 Lakh,new-delhi
Hyundai,Hyundai VernaSX Turbo DCT,2023,"51,000kms",Petrol,Automatic,₹13.40 Lakh,new-delhi
Hyundai,Hyundai i20Petrol Spotz,2019,"1,20,000kms",Petrol,Manual,₹4.50 Lakh,new-delhi
Mercedes-Benz,Mercedes-Benz GLS350d 4MATIC,2019,"51,000kms",Diesel,Automatic,₹55 Lakh,new-delhi
Jeep,Jeep Compass2.0 Limited,2019,"43,000kms",Diesel,Manual,₹9.80 Lakh,new-delhi
Kia,Kia CarnivalLimousine Plus,2023,"68,000kms",Diesel,Automatic,₹35 Lakh,new-delhi
Mercedes-Benz,Mercedes-Benz C-ClassC 200 AVANTGARDE,2015,"33,000kms",Petrol,Automatic,₹15.75 Lakh,new-delhi
MG,MG Hector PlusSharp DCT,2020,"50,000kms",Petrol,Automatic,₹12.75 Lakh,new-delhi
Honda,Honda AmazeS i-Vtech,2015,"70,000kms",Petrol,Manual,₹2.65 Lakh,new-delhi
Toyota,Toyota Innova Crysta2.4 ZX MT BSIV,2018,"1,00,000kms",Diesel,Manual,₹13.50 Lakh,new-delhi
Maruti,Maruti CiazDelta BSIV,2019,"60,000kms",Petrol,Manual,₹5.38 Lakh,new-delhi
Maruti,Maruti Baleno1.2 CVT Alpha,2018,"28,000kms",Petrol,Automatic,₹5.35 Lakh,new-delhi
Kia,Kia SonetHTX Plus Turbo iMT BSVI,2020,"38,000kms",Petrol,Manual,₹7.75 Lakh,new-delhi
Maruti,Maruti Vitara BrezzaVDi,2017,"65,000kms",Diesel,Manual,₹4.50 Lakh,new-delhi
Tata,Tata Tiago1.2 Revotron XZ,2019,"60,000kms",Petrol,Manual,₹3.55 Lakh,new-delhi
Tata,Tata Tiago1.2 Revotron XZA,2019,"68,000kms",Petrol,Automatic,₹3.95 Lakh,new-delhi
Tata,Tata Nexon1.5 Revotorq XZ Plus,2018,"66,000kms",Diesel,Manual,₹5.50 Lakh,new-delhi
Toyota,Toyota Innova Crysta2.4 G MT 8S BSIV,2018,"2,97,000kms",Diesel,Manual,₹11.75 Lakh,new-delhi
Kia,Kia SeltosHTX IVT G,2021,"78,000kms",Petrol,Automatic,₹11.50 Lakh,new-delhi
Honda,Honda AmazeVX i-Vtech,2014,"60,000kms",Petrol,Manual,₹5 Lakh,new-delhi
Toyota,Toyota Innova Crysta2.7 GX AT BSIV,2017,"80,000kms",Petrol,Automatic,₹10.50 Lakh,new-delhi
Hyundai,Hyundai VernaSX Turbo DCT,2023,"51,000kms",Petrol,Automatic,₹13.40 Lakh,new-delhi
Hyundai,Hyundai i20Petrol Spotz,2019,"1,20,000kms",Petrol,Manual,₹4.50 Lakh,new-delhi
Mercedes-Benz,Mercedes-Benz GLS350d 4MATIC,2019,"51,000kms",Diesel,Automatic,₹55 Lakh,new-delhi
Jeep,Jeep Compass2.0 Limited,2019,"43,000kms",Diesel,Manual,₹9.80 Lakh,new-delhi
Kia,Kia CarnivalLimousine Plus,2023,"68,000kms",Diesel,Automatic,₹35 Lakh,new-delhi
Mercedes-Benz,Mercedes-Benz C-ClassC 200 AVANTGARDE,2015,"33,000kms",Petrol,Automatic,₹15.75 Lakh,new-delhi
MG,MG Hector PlusSharp DCT,2020,"50,000kms",Petrol,Automatic,₹12.75 Lakh,new-delhi
Honda,Honda AmazeS i-Vtech,2015,"70,000kms",Petrol,Manual,₹2.65 Lakh,new-delhi
Toyota,Toyota Innova Crysta2.4 ZX MT BSIV,2018,"1,00,000kms",Diesel,Manual,₹13.50 Lakh,new-delhi
Maruti,Maruti CiazDelta BSIV,2019,"60,000kms",Petrol,Manual,₹5.38 Lakh,new-delhi
Maruti,Maruti Baleno1.2 CVT Alpha,2018,"28,000kms",Petrol,Automatic,₹5.35 Lakh,new-delhi
Kia,Kia SonetHTX Plus Turbo iMT BSVI,2020,"38,000kms",Petrol,Manual,₹7.75 Lakh,new-delhi
Maruti,Maruti Vitara BrezzaVDi,2017,"65,000kms",Diesel,Manual,₹4.50 Lakh,new-delhi
Tata,Tata Tiago1.2 Revotron XZ,2019,"60,000kms",Petrol,Manual,₹3.55 Lakh,new-delhi
Tata,Tata Tiago1.2 Revotron XZA,2019,"68,000kms",Petrol,Automatic,₹3.95 Lakh,new-delhi
Tata,Tata Nexon1.5 Revotorq XZ Plus,2018,"66,000kms",Diesel,Manual,₹5.50 Lakh,new-delhi
Toyota,Toyota Innova Crysta2.4 G MT 8S BSIV,2018,"2,97,000kms",Diesel,Manual,₹11.75 Lakh,new-delhi
Kia,Kia SeltosHTX IVT G,2021,"78,000kms",Petrol,Automatic,₹11.50 Lakh,new-delhi
Honda,Honda AmazeVX i-Vtech,2014,"60,000kms",Petrol,Manual,₹5 Lakh,new-delhi
Toyota,Toyota Innova Crysta2.7 GX AT BSIV,2017,"80,000kms",Petrol,Automatic,₹10.50 Lakh,new-delhi
Maruti,Maruti SwiftVXI,2016,"71,000kms",Petrol,Manual,₹3.65 Lakh,new-delhi
Tata,Tata Nexon1.5 Revotorq XZA Plus,2019,"1,20,000kms",Diesel,Automatic,₹7 Lakh,new-delhi
Hyundai,Hyundai i20Sportz 1.2,2017,"40,000kms",Petrol,Manual,₹3.99 Lakh,new-delhi
Toyota,Toyota EtiosG,2015,"80,000kms",Petrol,Manual,₹6 Lakh,new-delhi
Hyundai,Hyundai CretaSX Diesel AT BSVI,2021,"71,000kms",Diesel,Automatic,₹12 Lakh,new-delhi
Honda,Honda AmazeS i-Vtech,2014,"64,000kms",Petrol,Manual,₹3.25 Lakh,new-delhi
Kia,Kia CarensPrestige Plus DCT BSVI,2023,"32,563kms",Petrol,Automatic,₹13.50 Lakh,new-delhi
Kia,Kia SeltosHTX G,2022,"40,265kms",Petrol,Manual,₹11 Lakh,new-delhi
Maruti,Maruti Baleno1.2 Delta,2017,"41,000kms",Petrol,Manual,₹3.85 Lakh,new-delhi
Kia,Kia CarnivalPrestige 6 STR,2022,"32,000kms",Diesel,Automatic,₹31 Lakh,new-delhi
MG,MG Hector PlusSharp DCT,2020,"20,000kms",Petrol,Automatic,₹10.20 Lakh,new-delhi
Honda,Honda CityE,2013,"1,60,000kms",Petrol,Manual,₹2.25 Lakh,new-delhi
Maruti,Maruti BalenoZeta,2021,"60,900kms",Petrol,Manual,₹5.24 Lakh,new-delhi
Maruti,Maruti CiazVDi Option SHVS,2017,"70,000kms",Diesel,Manual,₹4 Lakh,new-delhi
Kia,Kia CarensPrestige Opt,2024,"11,000kms",Petrol,Manual,₹11.75 Lakh,new-delhi
Hyundai,Hyundai Grand i10Magna,2017,"37,000kms",Petrol,Manual,₹3.65 Lakh,new-delhi
Hyundai,Hyundai CretaSX,2023,"26,700kms",Petrol,Manual,₹14 Lakh,new-delhi
Ford,Ford Ecosport1.5 Petrol Titanium Plus BSIV,2018,"65,000kms",Petrol,Manual,₹5.25 Lakh,new-delhi
Kia,Kia SeltosHTX G,2021,"79,000kms",Petrol,Manual,₹10.50 Lakh,new-delhi
Maruti,Maruti Wagon RVXI Optional,2018,"63,000kms",Petrol,Manual,₹3.22 Lakh,new-delhi
Maruti,Maruti SwiftVXI,2016,"71,000kms",Petrol,Manual,₹3.65 Lakh,new-delhi
Tata,Tata Nexon1.5 Revotorq XZA Plus,2019,"1,20,000kms",Diesel,Automatic,₹7 Lakh,new-delhi
Hyundai,Hyundai i20Sportz 1.2,2017,"40,000kms",Petrol,Manual,₹3.99 Lakh,new-delhi
Toyota,Toyota EtiosG,2015,"80,000kms",Petrol,Manual,₹6 Lakh,new-delhi
Hyundai,Hyundai CretaSX Diesel AT BSVI,2021,"71,000kms",Diesel,Automatic,₹12 Lakh,new-delhi
Honda,Honda AmazeS i-Vtech,2014,"64,000kms",Petrol,Manual,₹3.25 Lakh,new-delhi
Kia,Kia CarensPrestige Plus DCT BSVI,2023,"32,563kms",Petrol,Automatic,₹13.50 Lakh,new-delhi
Kia,Kia SeltosHTX G,2022,"40,265kms",Petrol,Manual,₹11 Lakh,new-delhi
Maruti,Maruti Baleno1.2 Delta,2017,"41,000kms",Petrol,Manual,₹3.85 Lakh,new-delhi
Kia,Kia CarnivalPrestige 6 STR,2022,"32,000kms",Diesel,Automatic,₹31 Lakh,new-delhi
MG,MG Hector PlusSharp DCT,2020,"20,000kms",Petrol,Automatic,₹10.20 Lakh,new-delhi
Honda,Honda CityE,2013,"1,60,000kms",Petrol,Manual,₹2.25 Lakh,new-delhi
Maruti,Maruti BalenoZeta,2021,"60,900kms",Petrol,Manual,₹5.24 Lakh,new-delhi
Maruti,Maruti CiazVDi Option SHVS,2017,"70,000kms",Diesel,Manual,₹4 Lakh,new-delhi
Kia,Kia CarensPrestige Opt,2024,"11,000kms",Petrol,Manual,₹11.75 Lakh,new-delhi
Hyundai,Hyundai Grand i10Magna,2017,"37,000kms",Petrol,Manual,₹3.65 Lakh,new-delhi
Hyundai,Hyundai CretaSX,2023,"26,700kms",Petrol,Manual,₹14 Lakh,new-delhi
Ford,Ford Ecosport1.5 Petrol Titanium Plus BSIV,2018,"65,000kms",Petrol,Manual,₹5.25 Lakh,new-delhi
Kia,Kia SeltosHTX G,2021,"79,000kms",Petrol,Manual,₹10.50 Lakh,new-delhi
Maruti,Maruti Wagon RVXI Optional,2018,"63,000kms",Petrol,Manual,₹3.22 Lakh,new-delhi
Hyundai,Hyundai VernaSX Turbo DCT,2023,"51,000kms",Petrol,Automatic,₹13.40 Lakh,new-delhi
Hyundai,Hyundai i20Petrol Spotz,2019,"1,20,000kms",Petrol,Manual,₹4.50 Lakh,new-delhi
Mercedes-Benz,Mercedes-Benz GLS350d 4MATIC,2019,"51,000kms",Diesel,Automatic,₹55 Lakh,new-delhi
Jeep,Jeep Compass2.0 Limited,2019,"43,000kms",Diesel,Manual,₹9.80 Lakh,new-delhi
Kia,Kia CarnivalLimousine Plus,2023,"68,000kms",Diesel,Automatic,₹35 Lakh,new-delhi
Mercedes-Benz,Mercedes-Benz C-ClassC 200 AVANTGARDE,2015,"33,000kms",Petrol,Automatic,₹15.75 Lakh,new-delhi
MG,MG Hector PlusSharp DCT,2020,"50,000kms",Petrol,Automatic,₹12.75 Lakh,new-delhi
Honda,Honda AmazeS i-Vtech,2015,"70,000kms",Petrol,Manual,₹2.65 Lakh,new-delhi
Toyota,Toyota Innova Crysta2.4 ZX MT BSIV,2018,"1,00,000kms",Diesel,Manual,₹13.50 Lakh,new-delhi
Maruti,Maruti CiazDelta BSIV,2019,"60,000kms",Petrol,Manual,₹5.38 Lakh,new-delhi
Maruti,Maruti Baleno1.2 CVT Alpha,2018,"28,000kms",Petrol,Automatic,₹5.35 Lakh,new-delhi
Kia,Kia SonetHTX Plus Turbo iMT BSVI,2020,"38,000kms",Petrol,Manual,₹7.75 Lakh,new-delhi
Maruti,Maruti Vitara BrezzaVDi,2017,"65,000kms",Diesel,Manual,₹4.50 Lakh,new-delhi
Tata,Tata Tiago1.2 Revotron XZ,2019,"60,000kms",Petrol,Manual,₹3.55 Lakh,new-delhi
Tata,Tata Tiago1.2 Revotron XZA,2019,"68,000kms",Petrol,Automatic,₹3.95 Lakh,new-delhi
Tata,Tata Nexon1.5 Revotorq XZ Plus,2018,"66,000kms",Diesel,Manual,₹5.50 Lakh,new-delhi
Toyota,Toyota Innova Crysta2.4 G MT 8S BSIV,2018,"2,97,000kms",Diesel,Manual,₹11.75 Lakh,new-delhi
Kia,Kia SeltosHTX IVT G,2021,"78,000kms",Petrol,Automatic,₹11.50 Lakh,new-delhi
Honda,Honda AmazeVX i-Vtech,2014,"60,000kms",Petrol,Manual,₹5 Lakh,new-delhi
Toyota,Toyota Innova Crysta2.7 GX AT BSIV,2017,"80,000kms",Petrol,Automatic,₹10.50 Lakh,new-delhi
Hyundai,Hyundai VernaSX Turbo DCT,2023,"51,000kms",Petrol,Automatic,₹13.40 Lakh,new-delhi
Hyundai,Hyundai i20Petrol Spotz,2019,"1,20,000kms",Petrol,Manual,₹4.50 Lakh,new-delhi
Mercedes-Benz,Mercedes-Benz GLS350d 4MATIC,2019,"51,000kms",Diesel,Automatic,₹55 Lakh,new-delhi
Jeep,Jeep Compass2.0 Limited,2019,"43,000kms",Diesel,Manual,₹9.80 Lakh,new-delhi
Kia,Kia CarnivalLimousine Plus,2023,"68,000kms",Diesel,Automatic,₹35 Lakh,new-delhi
Mercedes-Benz,Mercedes-Benz C-ClassC 200 AVANTGARDE,2015,"33,000kms",Petrol,Automatic,₹15.75 Lakh,new-delhi
MG,MG Hector PlusSharp DCT,2020,"50,000kms",Petrol,Automatic,₹12.75 Lakh,new-delhi
Honda,Honda AmazeS i-Vtech,2015,"70,000kms",Petrol,Manual,₹2.65 Lakh,new-delhi
Toyota,Toyota Innova Crysta2.4 ZX MT BSIV,2018,"1,00,000kms",Diesel,Manual,₹13.50 Lakh,new-delhi
Maruti,Maruti CiazDelta BSIV,2019,"60,000kms",Petrol,Manual,₹5.38 Lakh,new-delhi
Maruti,Maruti Baleno1.2 CVT Alpha,2018,"28,000kms",Petrol,Automatic,₹5.35 Lakh,new-delhi
Kia,Kia SonetHTX Plus Turbo iMT BSVI,2020,"38,000kms",Petrol,Manual,₹7.75 Lakh,new-delhi
Maruti,Maruti Vitara BrezzaVDi,2017,"65,000kms",Diesel,Manual,₹4.50 Lakh,new-delhi
Tata,Tata Tiago1.2 Revotron XZ,2019,"60,000kms",Petrol,Manual,₹3.55 Lakh,new-delhi
Tata,Tata Tiago1.2 Revotron XZA,2019,"68,000kms",Petrol,Automatic,₹3.95 Lakh,new-delhi
Tata,Tata Nexon1.5 Revotorq XZ Plus,2018,"66,000kms",Diesel,Manual,₹5.50 Lakh,new-delhi
Toyota,Toyota Innova Crysta2.4 G MT 8S BSIV,2018,"2,97,000kms",Diesel,Manual,₹11.75 Lakh,new-delhi
Kia,Kia SeltosHTX IVT G,2021,"78,000kms",Petrol,Automatic,₹11.50 Lakh,new-delhi
Honda,Honda AmazeVX i-Vtech,2014,"60,000kms",Petrol,Manual,₹5 Lakh,new-delhi
Toyota,Toyota Innova Crysta2.7 GX AT BSIV,2017,"80,000kms",Petrol,Automatic,₹10.50 Lakh,new-delhi
Hyundai,Hyundai VernaSX Turbo DCT,2023,"51,000kms",Petrol,Automatic,₹13.40 Lakh,new-delhi
Hyundai,Hyundai i20Petrol Spotz,2019,"1,20,000kms",Petrol,Manual,₹4.50 Lakh,new-delhi
Mercedes-Benz,Mercedes-Benz GLS350d 4MATIC,2019,"51,000kms",Diesel,Automatic,₹55 Lakh,new-delhi
Jeep,Jeep Compass2.0 Limited,2019,"43,000kms",Diesel,Manual,₹9.80 Lakh,new-delhi
Kia,Kia CarnivalLimousine Plus,2023,"68,000kms",Diesel,Automatic,₹35 Lakh,new-delhi
Mercedes-Benz,Mercedes-Benz C-ClassC 200 AVANTGARDE,2015,"33,000kms",Petrol,Automatic,₹15.75 Lakh,new-delhi
MG,MG Hector PlusSharp DCT,2020,"50,000kms",Petrol,Automatic,₹12.75 Lakh,new-delhi
Honda,Honda AmazeS i-Vtech,2015,"70,000kms",Petrol,Manual,₹2.65 Lakh,new-delhi
Toyota,Toyota Innova Crysta2.4 ZX MT BSIV,2018,"1,00,000kms",Diesel,Manual,₹13.50 Lakh,new-delhi
Maruti,Maruti CiazDelta BSIV,2019,"60,000kms",Petrol,Manual,₹5.38 Lakh,new-delhi
Maruti,Maruti Baleno1.2 CVT Alpha,2018,"28,000kms",Petrol,Automatic,₹5.35 Lakh,new-delhi
Kia,Kia SonetHTX Plus Turbo iMT BSVI,2020,"38,000kms",Petrol,Manual,₹7.75 Lakh,new-delhi
Maruti,Maruti Vitara BrezzaVDi,2017,"65,000kms",Diesel,Manual,₹4.50 Lakh,new-delhi
Tata,Tata Tiago1.2 Revotron XZ,2019,"60,000kms",Petrol,Manual,₹3.55 Lakh,new-delhi
Tata,Tata Tiago1.2 Revotron XZA,2019,"68,000kms",Petrol,Automatic,₹3.95 Lakh,new-delhi
Tata,Tata Nexon1.5 Revotorq XZ Plus,2018,"66,000kms",Diesel,Manual,₹5.50 Lakh,new-delhi
Toyota,Toyota Innova Crysta2.4 G MT 8S BSIV,2018,"2,97,000kms",Diesel,Manual,₹11.75 Lakh,new-delhi
Kia,Kia SeltosHTX IVT G,2021,"78,000kms",Petrol,Automatic,₹11.50 Lakh,new-delhi
Honda,Honda AmazeVX i-Vtech,2014,"60,000kms",Petrol,Manual,₹5 Lakh,new-delhi
Toyota,Toyota Innova Crysta2.7 GX AT BSIV,2017,"80,000kms",Petrol,Automatic,₹10.50 Lakh,new-delhi
Maruti,Maruti SwiftVXI,2016,"71,000kms",Petrol,Manual,₹3.65 Lakh,new-delhi
Tata,Tata Nexon1.5 Revotorq XZA Plus,2019,"1,20,000kms",Diesel,Automatic,₹7 Lakh,new-delhi
Hyundai,Hyundai i20Sportz 1.2,2017,"40,000kms",Petrol,Manual,₹3.99 Lakh,new-delhi
Toyota,Toyota EtiosG,2015,"80,000kms",Petrol,Manual,₹6 Lakh,new-delhi
Hyundai,Hyundai CretaSX Diesel AT BSVI,2021,"71,000kms",Diesel,Automatic,₹12 Lakh,new-delhi
Honda,Honda AmazeS i-Vtech,2014,"64,000kms",Petrol,Manual,₹3.25 Lakh,new-delhi
Kia,Kia CarensPrestige Plus DCT BSVI,2023,"32,563kms",Petrol,Automatic,₹13.50 Lakh,new-delhi
Kia,Kia SeltosHTX G,2022,"40,265kms",Petrol,Manual,₹11 Lakh,new-delhi
Maruti,Maruti Baleno1.2 Delta,2017,"41,000kms",Petrol,Manual,₹3.85 Lakh,new-delhi
Kia,Kia CarnivalPrestige 6 STR,2022,"32,000kms",Diesel,Automatic,₹31 Lakh,new-delhi
MG,MG Hector PlusSharp DCT,2020,"20,000kms",Petrol,Automatic,₹10.20 Lakh,new-delhi
Honda,Honda CityE,2013,"1,60,000kms",Petrol,Manual,₹2.25 Lakh,new-delhi
Maruti,Maruti BalenoZeta,2021,"60,900kms",Petrol,Manual,₹5.24 Lakh,new-delhi
Maruti,Maruti CiazVDi Option SHVS,2017,"70,000kms",Diesel,Manual,₹4 Lakh,new-delhi
Kia,Kia CarensPrestige Opt,2024,"11,000kms",Petrol,Manual,₹11.75 Lakh,new-delhi
Hyundai,Hyundai Grand i10Magna,2017,"37,000kms",Petrol,Manual,₹3.65 Lakh,new-delhi
Hyundai,Hyundai CretaSX,2023,"26,700kms",Petrol,Manual,₹14 Lakh,new-delhi
Ford,Ford Ecosport1.5 Petrol Titanium Plus BSIV,2018,"65,000kms",Petrol,Manual,₹5.25 Lakh,new-delhi
Kia,Kia SeltosHTX G,2021,"79,000kms",Petrol,Manual,₹10.50 Lakh,new-delhi
Maruti,Maruti Wagon RVXI Optional,2018,"63,000kms",Petrol,Manual,₹3.22 Lakh,new-delhi
Hyundai,Hyundai Creta1.6 SX,2018,"80,000kms",Petrol,Manual,₹8 Lakh,new-delhi
Nissan,Nissan TerranoXL,2016,"56,000kms",Petrol,Manual,₹3.95 Lakh,new-delhi
Hyundai,Hyundai Creta1.4 CRDi Base,2016,"1,00,000kms",Diesel,Manual,₹5.50 Lakh,new-delhi
Maruti,Maruti Baleno1.2 Alpha,2018,"1,50,000kms",Petrol,Manual,₹4.50 Lakh,new-delhi
Hyundai,Hyundai i10Sportz,2011,"10,055kms",Petrol,Manual,₹1.65 Lakh,new-delhi
Maruti,Maruti SwiftLXI BSIV,2015,"99,000kms",Petrol,Manual,₹2.25 Lakh,new-delhi
Maruti,Maruti Wagon RVXI BS IV,2012,"80,000kms",Petrol,Manual,₹1.50 Lakh,new-delhi
Hyundai,Hyundai CretaS Plus Knight,2023,"80,000kms",Petrol,Manual,₹12.50 Lakh,new-delhi
Maruti,Maruti Baleno1.2 Alpha,2017,"90,000kms",Petrol,Manual,₹3.82 Lakh,new-delhi
Maruti,Maruti SwiftVXI BSII,2010,"50,000kms",Petrol,Manual,₹1.20 Lakh,new-delhi
Hyundai,Hyundai Grand i10Asta Option,2016,"1,20,000kms",Petrol,Manual,₹2.50 Lakh,new-delhi
MG,MG AstorSuper EX BSVI,2022,"20,000kms",Petrol,Manual,₹7 Lakh,new-delhi
Toyota,Toyota GlanzaS CNG BSVI,2023,"1,00,000kms",CNG,Manual,₹7 Lakh,new-delhi
Hyundai,Hyundai i10Magna,2012,"55,500kms",Petrol,Manual,₹2 Lakh,new-delhi
Maruti,Maruti Wagon R StingrayLXI Optional,2017,"90,000kms",Petrol,Manual,₹2.60 Lakh,new-delhi
Kia,Kia SeltosHTK Plus,2024,"15,000kms",Petrol,Manual,₹12.15 Lakh,new-delhi
Maruti,Maruti Baleno1.2 Zeta,2017,"70,000kms",Petrol,Manual,₹4 Lakh,new-delhi
Maruti,Maruti Baleno1.2 CVT Delta,2016,"57,000kms",Petrol,Automatic,₹4 Lakh,new-delhi
Hyundai,Hyundai Verna1.6 EX VTVT,2013,"80,000kms",Petrol,Manual,₹2.60 Lakh,new-delhi
Hyundai,Hyundai CretaS Plus Knight,2023,"35,000kms",Petrol,Manual,₹11.50 Lakh,new-delhi
Hyundai,Hyundai Creta1.6 SX,2018,"80,000kms",Petrol,Manual,₹8 Lakh,new-delhi
Nissan,Nissan TerranoXL,2016,"56,000kms",Petrol,Manual,₹3.95 Lakh,new-delhi
Hyundai,Hyundai Creta1.4 CRDi Base,2016,"1,00,000kms",Diesel,Manual,₹5.50 Lakh,new-delhi
Maruti,Maruti Baleno1.2 Alpha,2018,"1,50,000kms",Petrol,Manual,₹4.50 Lakh,new-delhi
Hyundai,Hyundai i10Sportz,2011,"10,055kms",Petrol,Manual,₹1.65 Lakh,new-delhi
Maruti,Maruti SwiftLXI BSIV,2015,"99,000kms",Petrol,Manual,₹2.25 Lakh,new-delhi
Maruti,Maruti Wagon RVXI BS IV,2012,"80,000kms",Petrol,Manual,₹1.50 Lakh,new-delhi
Hyundai,Hyundai CretaS Plus Knight,2023,"80,000kms",Petrol,Manual,₹12.50 Lakh,new-delhi
Maruti,Maruti Baleno1.2 Alpha,2017,"90,000kms",Petrol,Manual,₹3.82 Lakh,new-delhi
Maruti,Maruti SwiftVXI BSII,2010,"50,000kms",Petrol,Manual,₹1.20 Lakh,new-delhi
Hyundai,Hyundai Grand i10Asta Option,2016,"1,20,000kms",Petrol,Manual,₹2.50 Lakh,new-delhi
MG,MG AstorSuper EX BSVI,2022,"20,000kms",Petrol,Manual,₹7 Lakh,new-delhi
Toyota,Toyota GlanzaS CNG BSVI,2023,"1,00,000kms",CNG,Manual,₹7 Lakh,new-delhi
Hyundai,Hyundai i10Magna,2012,"55,500kms",Petrol,Manual,₹2 Lakh,new-delhi
Maruti,Maruti Wagon R StingrayLXI Optional,2017,"90,000kms",Petrol,Manual,₹2.60 Lakh,new-delhi
Kia,Kia SeltosHTK Plus,2024,"15,000kms",Petrol,Manual,₹12.15 Lakh,new-delhi
Maruti,Maruti Baleno1.2 Zeta,2017,"70,000kms",Petrol,Manual,₹4 Lakh,new-delhi
Maruti,Maruti Baleno1.2 CVT Delta,2016,"57,000kms",Petrol,Automatic,₹4 Lakh,new-delhi
Hyundai,Hyundai Verna1.6 EX VTVT,2013,"80,000kms",Petrol,Manual,₹2.60 Lakh,new-delhi
Hyundai,Hyundai CretaS Plus Knight,2023,"35,000kms",Petrol,Manual,₹11.50 Lakh,new-delhi
Hyundai,Hyundai Creta1.6 SX,2018,"80,000kms",Petrol,Manual,₹8 Lakh,new-delhi
Nissan,Nissan TerranoXL,2016,"56,000kms",Petrol,Manual,₹3.95 Lakh,new-delhi
Hyundai,Hyundai Creta1.4 CRDi Base,2016,"1,00,000kms",Diesel,Manual,₹5.50 Lakh,new-delhi
Maruti,Maruti Baleno1.2 Alpha,2018,"1,50,000kms",Petrol,Manual,₹4.50 Lakh,new-delhi
Hyundai,Hyundai i10Sportz,2011,"10,055kms",Petrol,Manual,₹1.65 Lakh,new-delhi
Maruti,Maruti SwiftLXI BSIV,2015,"99,000kms",Petrol,Manual,₹2.25 Lakh,new-delhi
Maruti,Maruti Wagon RVXI BS IV,2012,"80,000kms",Petrol,Manual,₹1.50 Lakh,new-delhi
Hyundai,Hyundai CretaS Plus Knight,2023,"80,000kms",Petrol,Manual,₹12.50 Lakh,new-delhi
Maruti,Maruti Baleno1.2 Alpha,2017,"90,000kms",Petrol,Manual,₹3.82 Lakh,new-delhi
Maruti,Maruti SwiftVXI BSII,2010,"50,000kms",Petrol,Manual,₹1.20 Lakh,new-delhi
Hyundai,Hyundai Grand i10Asta Option,2016,"1,20,000kms",Petrol,Manual,₹2.50 Lakh,new-delhi
MG,MG AstorSuper EX BSVI,2022,"20,000kms",Petrol,Manual,₹7 Lakh,new-delhi
Toyota,Toyota GlanzaS CNG BSVI,2023,"1,00,000kms",CNG,Manual,₹7 Lakh,new-delhi
Hyundai,Hyundai i10Magna,2012,"55,500kms",Petrol,Manual,₹2 Lakh,new-delhi
Maruti,Maruti Wagon R StingrayLXI Optional,2017,"90,000kms",Petrol,Manual,₹2.60 Lakh,new-delhi
Kia,Kia SeltosHTK Plus,2024,"15,000kms",Petrol,Manual,₹12.15 Lakh,new-delhi
Maruti,Maruti Baleno1.2 Zeta,2017,"70,000kms",Petrol,Manual,₹4 Lakh,new-delhi
Maruti,Maruti Baleno1.2 CVT Delta,2016,"57,000kms",Petrol,Automatic,₹4 Lakh,new-delhi
Hyundai,Hyundai Verna1.6 EX VTVT,2013,"80,000kms",Petrol,Manual,₹2.60 Lakh,new-delhi
Hyundai,Hyundai CretaS Plus Knight,2023,"35,000kms",Petrol,Manual,₹11.50 Lakh,new-delhi
Maruti,Maruti SwiftVXI,2016,"71,000kms",Petrol,Manual,₹3.65 Lakh,new-delhi
Tata,Tata Nexon1.5 Revotorq XZA Plus,2019,"1,20,000kms",Diesel,Automatic,₹7 Lakh,new-delhi
Hyundai,Hyundai i20Sportz 1.2,2017,"40,000kms",Petrol,Manual,₹3.99 Lakh,new-delhi
Toyota,Toyota EtiosG,2015,"80,000kms",Petrol,Manual,₹6 Lakh,new-delhi
Hyundai,Hyundai CretaSX Diesel AT BSVI,2021,"71,000kms",Diesel,Automatic,₹12 Lakh,new-delhi
Honda,Honda AmazeS i-Vtech,2014,"64,000kms",Petrol,Manual,₹3.25 Lakh,new-delhi
Kia,Kia CarensPrestige Plus DCT BSVI,2023,"32,563kms",Petrol,Automatic,₹13.50 Lakh,new-delhi
Kia,Kia SeltosHTX G,2022,"40,265kms",Petrol,Manual,₹11 Lakh,new-delhi
Maruti,Maruti Baleno1.2 Delta,2017,"41,000kms",Petrol,Manual,₹3.85 Lakh,new-delhi
Kia,Kia CarnivalPrestige 6 STR,2022,"32,000kms",Diesel,Automatic,₹31 Lakh,new-delhi
MG,MG Hector PlusSharp DCT,2020,"20,000kms",Petrol,Automatic,₹10.20 Lakh,new-delhi
Honda,Honda CityE,2013,"1,60,000kms",Petrol,Manual,₹2.25 Lakh,new-delhi
Maruti,Maruti BalenoZeta,2021,"60,900kms",Petrol,Manual,₹5.24 Lakh,new-delhi
Maruti,Maruti CiazVDi Option SHVS,2017,"70,000kms",Diesel,Manual,₹4 Lakh,new-delhi
Kia,Kia CarensPrestige Opt,2024,"11,000kms",Petrol,Manual,₹11.75 Lakh,new-delhi
Hyundai,Hyundai Grand i10Magna,2017,"37,000kms",Petrol,Manual,₹3.65 Lakh,new-delhi
Hyundai,Hyundai CretaSX,2023,"26,700kms",Petrol,Manual,₹14 Lakh,new-delhi
Ford,Ford Ecosport1.5 Petrol Titanium Plus BSIV,2018,"65,000kms",Petrol,Manual,₹5.25 Lakh,new-delhi
Kia,Kia SeltosHTX G,2021,"79,000kms",Petrol,Manual,₹10.50 Lakh,new-delhi
Maruti,Maruti Wagon RVXI Optional,2018,"63,000kms",Petrol,Manual,₹3.22 Lakh,new-delhi
Hyundai,Hyundai Creta1.6 SX,2018,"80,000kms",Petrol,Manual,₹8 Lakh,new-delhi
Nissan,Nissan TerranoXL,2016,"56,000kms",Petrol,Manual,₹3.95 Lakh,new-delhi
Hyundai,Hyundai Creta1.4 CRDi Base,2016,"1,00,000kms",Diesel,Manual,₹5.50 Lakh,new-delhi
Maruti,Maruti Baleno1.2 Alpha,2018,"1,50,000kms",Petrol,Manual,₹4.50 Lakh,new-delhi
Hyundai,Hyundai i10Sportz,2011,"10,055kms",Petrol,Manual,₹1.65 Lakh,new-delhi
Maruti,Maruti SwiftLXI BSIV,2015,"99,000kms",Petrol,Manual,₹2.25 Lakh,new-delhi
Maruti,Maruti Wagon RVXI BS IV,2012,"80,000kms",Petrol,Manual,₹1.50 Lakh,new-delhi
Hyundai,Hyundai CretaS Plus Knight,2023,"80,000kms",Petrol,Manual,₹12.50 Lakh,new-delhi
Maruti,Maruti Baleno1.2 Alpha,2017,"90,000kms",Petrol,Manual,₹3.82 Lakh,new-delhi
Maruti,Maruti SwiftVXI BSII,2010,"50,000kms",Petrol,Manual,₹1.20 Lakh,new-delhi
Hyundai,Hyundai Grand i10Asta Option,2016,"1,20,000kms",Petrol,Manual,₹2.50 Lakh,new-delhi
MG,MG AstorSuper EX BSVI,2022,"20,000kms",Petrol,Manual,₹7 Lakh,new-delhi
Toyota,Toyota GlanzaS CNG BSVI,2023,"1,00,000kms",CNG,Manual,₹7 Lakh,new-delhi
Hyundai,Hyundai i10Magna,2012,"55,500kms",Petrol,Manual,₹2 Lakh,new-delhi
Maruti,Maruti Wagon R StingrayLXI Optional,2017,"90,000kms",Petrol,Manual,₹2.60 Lakh,new-delhi
Kia,Kia SeltosHTK Plus,2024,"15,000kms",Petrol,Manual,₹12.15 Lakh,new-delhi
Maruti,Maruti Baleno1.2 Zeta,2017,"70,000kms",Petrol,Manual,₹4 Lakh,new-delhi
Maruti,Maruti Baleno1.2 CVT Delta,2016,"57,000kms",Petrol,Automatic,₹4 Lakh,new-delhi
Hyundai,Hyundai Verna1.6 EX VTVT,2013,"80,000kms",Petrol,Manual,₹2.60 Lakh,new-delhi
Hyundai,Hyundai CretaS Plus Knight,2023,"35,000kms",Petrol,Manual,₹11.50 Lakh,new-delhi
Hyundai,Hyundai VernaSX Turbo DCT,2023,"51,000kms",Petrol,Automatic,₹13.40 Lakh,new-delhi
Hyundai,Hyundai i20Petrol Spotz,2019,"1,20,000kms",Petrol,Manual,₹4.50 Lakh,new-delhi
Mercedes-Benz,Mercedes-Benz GLS350d 4MATIC,2019,"51,000kms",Diesel,Automatic,₹55 Lakh,new-delhi
Jeep,Jeep Compass2.0 Limited,2019,"43,000kms",Diesel,Manual,₹9.80 Lakh,new-delhi
Kia,Kia CarnivalLimousine Plus,2023,"68,000kms",Diesel,Automatic,₹35 Lakh,new-delhi
Mercedes-Benz,Mercedes-Benz C-ClassC 200 AVANTGARDE,2015,"33,000kms",Petrol,Automatic,₹15.75 Lakh,new-delhi
MG,MG Hector PlusSharp DCT,2020,"50,000kms",Petrol,Automatic,₹12.75 Lakh,new-delhi
Honda,Honda AmazeS i-Vtech,2015,"70,000kms",Petrol,Manual,₹2.65 Lakh,new-delhi
Toyota,Toyota Innova Crysta2.4 ZX MT BSIV,2018,"1,00,000kms",Diesel,Manual,₹13.50 Lakh,new-delhi
Maruti,Maruti CiazDelta BSIV,2019,"60,000kms",Petrol,Manual,₹5.38 Lakh,new-delhi
Maruti,Maruti Baleno1.2 CVT Alpha,2018,"28,000kms",Petrol,Automatic,₹5.35 Lakh,new-delhi
Kia,Kia SonetHTX Plus Turbo iMT BSVI,2020,"38,000kms",Petrol,Manual,₹7.75 Lakh,new-delhi
Maruti,Maruti Vitara BrezzaVDi,2017,"65,000kms",Diesel,Manual,₹4.50 Lakh,new-delhi
Tata,Tata Tiago1.2 Revotron XZ,2019,"60,000kms",Petrol,Manual,₹3.55 Lakh,new-delhi
Tata,Tata Tiago1.2 Revotron XZA,2019,"68,000kms",Petrol,Automatic,₹3.95 Lakh,new-delhi
Tata,Tata Nexon1.5 Revotorq XZ Plus,2018,"66,000kms",Diesel,Manual,₹5.50 Lakh,new-delhi
Toyota,Toyota Innova Crysta2.4 G MT 8S BSIV,2018,"2,97,000kms",Diesel,Manual,₹11.75 Lakh,new-delhi
Kia,Kia SeltosHTX IVT G,2021,"78,000kms",Petrol,Automatic,₹11.50 Lakh,new-delhi
Honda,Honda AmazeVX i-Vtech,2014,"60,000kms",Petrol,Manual,₹5 Lakh,new-delhi
Toyota,Toyota Innova Crysta2.7 GX AT BSIV,2017,"80,000kms",Petrol,Automatic,₹10.50 Lakh,new-delhi
Hyundai,Hyundai VernaSX Turbo DCT,2023,"51,000kms",Petrol,Automatic,₹13.40 Lakh,new-delhi
Hyundai,Hyundai i20Petrol Spotz,2019,"1,20,000kms",Petrol,Manual,₹4.50 Lakh,new-delhi
Mercedes-Benz,Mercedes-Benz GLS350d 4MATIC,2019,"51,000kms",Diesel,Automatic,₹55 Lakh,new-delhi
Jeep,Jeep Compass2.0 Limited,2019,"43,000kms",Diesel,Manual,₹9.80 Lakh,new-delhi
Kia,Kia CarnivalLimousine Plus,2023,"68,000kms",Diesel,Automatic,₹35 Lakh,new-delhi
Mercedes-Benz,Mercedes-Benz C-ClassC 200 AVANTGARDE,2015,"33,000kms",Petrol,Automatic,₹15.75 Lakh,new-delhi
MG,MG Hector PlusSharp DCT,2020,"50,000kms",Petrol,Automatic,₹12.75 Lakh,new-delhi
Honda,Honda AmazeS i-Vtech,2015,"70,000kms",Petrol,Manual,₹2.65 Lakh,new-delhi
Toyota,Toyota Innova Crysta2.4 ZX MT BSIV,2018,"1,00,000kms",Diesel,Manual,₹13.50 Lakh,new-delhi
Maruti,Maruti CiazDelta BSIV,2019,"60,000kms",Petrol,Manual,₹5.38 Lakh,new-delhi
Maruti,Maruti Baleno1.2 CVT Alpha,2018,"28,000kms",Petrol,Automatic,₹5.35 Lakh,new-delhi
Kia,Kia SonetHTX Plus Turbo iMT BSVI,2020,"38,000kms",Petrol,Manual,₹7.75 Lakh,new-delhi
Maruti,Maruti Vitara BrezzaVDi,2017,"65,000kms",Diesel,Manual,₹4.50 Lakh,new-delhi
Tata,Tata Tiago1.2 Revotron XZ,2019,"60,000kms",Petrol,Manual,₹3.55 Lakh,new-delhi
Tata,Tata Tiago1.2 Revotron XZA,2019,"68,000kms",Petrol,Automatic,₹3.95 Lakh,new-delhi
Tata,Tata Nexon1.5 Revotorq XZ Plus,2018,"66,000kms",Diesel,Manual,₹5.50 Lakh,new-delhi
Toyota,Toyota Innova Crysta2.4 G MT 8S BSIV,2018,"2,97,000kms",Diesel,Manual,₹11.75 Lakh,new-delhi
Kia,Kia SeltosHTX IVT G,2021,"78,000kms",Petrol,Automatic,₹11.50 Lakh,new-delhi
Honda,Honda AmazeVX i-Vtech,2014,"60,000kms",Petrol,Manual,₹5 Lakh,new-delhi
Toyota,Toyota Innova Crysta2.7 GX AT BSIV,2017,"80,000kms",Petrol,Automatic,₹10.50 Lakh,new-delhi
Hyundai,Hyundai Creta1.6 SX,2018,"80,000kms",Petrol,Manual,₹8 Lakh,new-delhi
Nissan,Nissan TerranoXL,2016,"56,000kms",Petrol,Manual,₹3.95 Lakh,new-delhi
Hyundai,Hyundai Creta1.4 CRDi Base,2016,"1,00,000kms",Diesel,Manual,₹5.50 Lakh,new-delhi
Maruti,Maruti Baleno1.2 Alpha,2018,"1,50,000kms",Petrol,Manual,₹4.50 Lakh,new-delhi
Hyundai,Hyundai i10Sportz,2011,"10,055kms",Petrol,Manual,₹1.65 Lakh,new-delhi
Maruti,Maruti SwiftLXI BSIV,2015,"99,000kms",Petrol,Manual,₹2.25 Lakh,new-delhi
Maruti,Maruti Wagon RVXI BS IV,2012,"80,000kms",Petrol,Manual,₹1.50 Lakh,new-delhi
Hyundai,Hyundai CretaS Plus Knight,2023,"80,000kms",Petrol,Manual,₹12.50 Lakh,new-delhi
Maruti,Maruti Baleno1.2 Alpha,2017,"90,000kms",Petrol,Manual,₹3.82 Lakh,new-delhi
Maruti,Maruti SwiftVXI BSII,2010,"50,000kms",Petrol,Manual,₹1.20 Lakh,new-delhi
Hyundai,Hyundai Grand i10Asta Option,2016,"1,20,000kms",Petrol,Manual,₹2.50 Lakh,new-delhi
MG,MG AstorSuper EX BSVI,2022,"20,000kms",Petrol,Manual,₹7 Lakh,new-delhi
Toyota,Toyota GlanzaS CNG BSVI,2023,"1,00,000kms",CNG,Manual,₹7 Lakh,new-delhi
Hyundai,Hyundai i10Magna,2012,"55,500kms",Petrol,Manual,₹2 Lakh,new-delhi
Maruti,Maruti Wagon R StingrayLXI Optional,2017,"90,000kms",Petrol,Manual,₹2.60 Lakh,new-delhi
Kia,Kia SeltosHTK Plus,2024,"15,000kms",Petrol,Manual,₹12.15 Lakh,new-delhi
Maruti,Maruti Baleno1.2 Zeta,2017,"70,000kms",Petrol,Manual,₹4 Lakh,new-delhi
Maruti,Maruti Baleno1.2 CVT Delta,2016,"57,000kms",Petrol,Automatic,₹4 Lakh,new-delhi
Hyundai,Hyundai Verna1.6 EX VTVT,2013,"80,000kms",Petrol,Manual,₹2.60 Lakh,new-delhi
Hyundai,Hyundai CretaS Plus Knight,2023,"35,000kms",Petrol,Manual,₹11.50 Lakh,new-delhi
Maruti,Maruti SwiftVXI,2016,"71,000kms",Petrol,Manual,₹3.65 Lakh,new-delhi
Tata,Tata Nexon1.5 Revotorq XZA Plus,2019,"1,20,000kms",Diesel,Automatic,₹7 Lakh,new-delhi
Hyundai,Hyundai i20Sportz 1.2,2017,"40,000kms",Petrol,Manual,₹3.99 Lakh,new-delhi
Toyota,Toyota EtiosG,2015,"80,000kms",Petrol,Manual,₹6 Lakh,new-delhi
Hyundai,Hyundai CretaSX Diesel AT BSVI,2021,"71,000kms",Diesel,Automatic,₹12 Lakh,new-delhi
Honda,Honda AmazeS i-Vtech,2014,"64,000kms",Petrol,Manual,₹3.25 Lakh,new-delhi
Kia,Kia CarensPrestige Plus DCT BSVI,2023,"32,563kms",Petrol,Automatic,₹13.50 Lakh,new-delhi
Kia,Kia SeltosHTX G,2022,"40,265kms",Petrol,Manual,₹11 Lakh,new-delhi
Maruti,Maruti Baleno1.2 Delta,2017,"41,000kms",Petrol,Manual,₹3.85 Lakh,new-delhi
Kia,Kia CarnivalPrestige 6 STR,2022,"32,000kms",Diesel,Automatic,₹31 Lakh,new-delhi
MG,MG Hector PlusSharp DCT,2020,"20,000kms",Petrol,Automatic,₹10.20 Lakh,new-delhi
Honda,Honda CityE,2013,"1,60,000kms",Petrol,Manual,₹2.25 Lakh,new-delhi
Maruti,Maruti BalenoZeta,2021,"60,900kms",Petrol,Manual,₹5.24 Lakh,new-delhi
Maruti,Maruti CiazVDi Option SHVS,2017,"70,000kms",Diesel,Manual,₹4 Lakh,new-delhi
Kia,Kia CarensPrestige Opt,2024,"11,000kms",Petrol,Manual,₹11.75 Lakh,new-delhi
Hyundai,Hyundai Grand i10Magna,2017,"37,000kms",Petrol,Manual,₹3.65 Lakh,new-delhi
Hyundai,Hyundai CretaSX,2023,"26,700kms",Petrol,Manual,₹14 Lakh,new-delhi
Ford,Ford Ecosport1.5 Petrol Titanium Plus BSIV,2018,"65,000kms",Petrol,Manual,₹5.25 Lakh,new-delhi
Kia,Kia SeltosHTX G,2021,"79,000kms",Petrol,Manual,₹10.50 Lakh,new-delhi
Maruti,Maruti Wagon RVXI Optional,2018,"63,000kms",Petrol,Manual,₹3.22 Lakh,new-delhi
Maruti,Maruti SwiftVXI,2016,"71,000kms",Petrol,Manual,₹3.65 Lakh,new-delhi
Tata,Tata Nexon1.5 Revotorq XZA Plus,2019,"1,20,000kms",Diesel,Automatic,₹7 Lakh,new-delhi
Hyundai,Hyundai i20Sportz 1.2,2017,"40,000kms",Petrol,Manual,₹3.99 Lakh,new-delhi
Toyota,Toyota EtiosG,2015,"80,000kms",Petrol,Manual,₹6 Lakh,new-delhi
Hyundai,Hyundai CretaSX Diesel AT BSVI,2021,"71,000kms",Diesel,Automatic,₹12 Lakh,new-delhi
Honda,Honda AmazeS i-Vtech,2014,"64,000kms",Petrol,Manual,₹3.25 Lakh,new-delhi
Kia,Kia CarensPrestige Plus DCT BSVI,2023,"32,563kms",Petrol,Automatic,₹13.50 Lakh,new-delhi
Kia,Kia SeltosHTX G,2022,"40,265kms",Petrol,Manual,₹11 Lakh,new-delhi
Maruti,Maruti Baleno1.2 Delta,2017,"41,000kms",Petrol,Manual,₹3.85 Lakh,new-delhi
Kia,Kia CarnivalPrestige 6 STR,2022,"32,000kms",Diesel,Automatic,₹31 Lakh,new-delhi
MG,MG Hector PlusSharp DCT,2020,"20,000kms",Petrol,Automatic,₹10.20 Lakh,new-delhi
Honda,Honda CityE,2013,"1,60,000kms",Petrol,Manual,₹2.25 Lakh,new-delhi
Maruti,Maruti BalenoZeta,2021,"60,900kms",Petrol,Manual,₹5.24 Lakh,new-delhi
Maruti,Maruti CiazVDi Option SHVS,2017,"70,000kms",Diesel,Manual,₹4 Lakh,new-delhi
Kia,Kia CarensPrestige Opt,2024,"11,000kms",Petrol,Manual,₹11.75 Lakh,new-delhi
Hyundai,Hyundai Grand i10Magna,2017,"37,000kms",Petrol,Manual,₹3.65 Lakh,new-delhi
Hyundai,Hyundai CretaSX,2023,"26,700kms",Petrol,Manual,₹14 Lakh,new-delhi
Ford,Ford Ecosport1.5 Petrol Titanium Plus BSIV,2018,"65,000kms",Petrol,Manual,₹5.25 Lakh,new-delhi
Kia,Kia SeltosHTX G,2021,"79,000kms",Petrol,Manual,₹10.50 Lakh,new-delhi
Maruti,Maruti Wagon RVXI Optional,2018,"63,000kms",Petrol,Manual,₹3.22 Lakh,new-delhi
Hyundai,Hyundai VernaSX Turbo DCT,2023,"51,000kms",Petrol,Automatic,₹13.40 Lakh,new-delhi
Hyundai,Hyundai i20Petrol Spotz,2019,"1,20,000kms",Petrol,Manual,₹4.50 Lakh,new-delhi
Mercedes-Benz,Mercedes-Benz GLS350d 4MATIC,2019,"51,000kms",Diesel,Automatic,₹55 Lakh,new-delhi
Jeep,Jeep Compass2.0 Limited,2019,"43,000kms",Diesel,Manual,₹9.80 Lakh,new-delhi
Kia,Kia CarnivalLimousine Plus,2023,"68,000kms",Diesel,Automatic,₹35 Lakh,new-delhi
Mercedes-Benz,Mercedes-Benz C-ClassC 200 AVANTGARDE,2015,"33,000kms",Petrol,Automatic,₹15.75 Lakh,new-delhi
MG,MG Hector PlusSharp DCT,2020,"50,000kms",Petrol,Automatic,₹12.75 Lakh,new-delhi
Honda,Honda AmazeS i-Vtech,2015,"70,000kms",Petrol,Manual,₹2.65 Lakh,new-delhi
Toyota,Toyota Innova Crysta2.4 ZX MT BSIV,2018,"1,00,000kms",Diesel,Manual,₹13.50 Lakh,new-delhi
Maruti,Maruti CiazDelta BSIV,2019,"60,000kms",Petrol,Manual,₹5.38 Lakh,new-delhi
Maruti,Maruti Baleno1.2 CVT Alpha,2018,"28,000kms",Petrol,Automatic,₹5.35 Lakh,new-delhi
Kia,Kia SonetHTX Plus Turbo iMT BSVI,2020,"38,000kms",Petrol,Manual,₹7.75 Lakh,new-delhi
Maruti,Maruti Vitara BrezzaVDi,2017,"65,000kms",Diesel,Manual,₹4.50 Lakh,new-delhi
Tata,Tata Tiago1.2 Revotron XZ,2019,"60,000kms",Petrol,Manual,₹3.55 Lakh,new-delhi
Tata,Tata Tiago1.2 Revotron XZA,2019,"68,000kms",Petrol,Automatic,₹3.95 Lakh,new-delhi
Tata,Tata Nexon1.5 Revotorq XZ Plus,2018,"66,000kms",Diesel,Manual,₹5.50 Lakh,new-delhi
Toyota,Toyota Innova Crysta2.4 G MT 8S BSIV,2018,"2,97,000kms",Diesel,Manual,₹11.75 Lakh,new-delhi
Kia,Kia SeltosHTX IVT G,2021,"78,000kms",Petrol,Automatic,₹11.50 Lakh,new-delhi
Honda,Honda AmazeVX i-Vtech,2014,"60,000kms",Petrol,Manual,₹5 Lakh,new-delhi
Toyota,Toyota Innova Crysta2.7 GX AT BSIV,2017,"80,000kms",Petrol,Automatic,₹10.50 Lakh,new-delhi
Hyundai,Hyundai Creta1.6 SX,2018,"80,000kms",Petrol,Manual,₹8 Lakh,new-delhi
Nissan,Nissan TerranoXL,2016,"56,000kms",Petrol,Manual,₹3.95 Lakh,new-delhi
Hyundai,Hyundai Creta1.4 CRDi Base,2016,"1,00,000kms",Diesel,Manual,₹5.50 Lakh,new-delhi
Maruti,Maruti Baleno1.2 Alpha,2018,"1,50,000kms",Petrol,Manual,₹4.50 Lakh,new-delhi
Hyundai,Hyundai i10Sportz,2011,"10,055kms",Petrol,Manual,₹1.65 Lakh,new-delhi
Maruti,Maruti SwiftLXI BSIV,2015,"99,000kms",Petrol,Manual,₹2.25 Lakh,new-delhi
Maruti,Maruti Wagon RVXI BS IV,2012,"80,000kms",Petrol,Manual,₹1.50 Lakh,new-delhi
Hyundai,Hyundai CretaS Plus Knight,2023,"80,000kms",Petrol,Manual,₹12.50 Lakh,new-delhi
Maruti,Maruti Baleno1.2 Alpha,2017,"90,000kms",Petrol,Manual,₹3.82 Lakh,new-delhi
Maruti,Maruti SwiftVXI BSII,2010,"50,000kms",Petrol,Manual,₹1.20 Lakh,new-delhi
Hyundai,Hyundai Grand i10Asta Option,2016,"1,20,000kms",Petrol,Manual,₹2.50 Lakh,new-delhi
MG,MG AstorSuper EX BSVI,2022,"20,000kms",Petrol,Manual,₹7 Lakh,new-delhi
Toyota,Toyota GlanzaS CNG BSVI,2023,"1,00,000kms",CNG,Manual,₹7 Lakh,new-delhi
Hyundai,Hyundai i10Magna,2012,"55,500kms",Petrol,Manual,₹2 Lakh,new-delhi
Maruti,Maruti Wagon R StingrayLXI Optional,2017,"90,000kms",Petrol,Manual,₹2.60 Lakh,new-delhi
Kia,Kia SeltosHTK Plus,2024,"15,000kms",Petrol,Manual,₹12.15 Lakh,new-delhi
Maruti,Maruti Baleno1.2 Zeta,2017,"70,000kms",Petrol,Manual,₹4 Lakh,new-delhi
Maruti,Maruti Baleno1.2 CVT Delta,2016,"57,000kms",Petrol,Automatic,₹4 Lakh,new-delhi
Hyundai,Hyundai Verna1.6 EX VTVT,2013,"80,000kms",Petrol,Manual,₹2.60 Lakh,new-delhi
Hyundai,Hyundai CretaS Plus Knight,2023,"35,000kms",Petrol,Manual,₹11.50 Lakh,new-delhi
Hyundai,Hyundai Creta1.6 SX,2018,"80,000kms",Petrol,Manual,₹8 Lakh,new-delhi
Nissan,Nissan TerranoXL,2016,"56,000kms",Petrol,Manual,₹3.95 Lakh,new-delhi
Hyundai,Hyundai Creta1.4 CRDi Base,2016,"1,00,000kms",Diesel,Manual,₹5.50 Lakh,new-delhi
Maruti,Maruti Baleno1.2 Alpha,2018,"1,50,000kms",Petrol,Manual,₹4.50 Lakh,new-delhi
Hyundai,Hyundai i10Sportz,2011,"10,055kms",Petrol,Manual,₹1.65 Lakh,new-delhi
Maruti,Maruti SwiftLXI BSIV,2015,"99,000kms",Petrol,Manual,₹2.25 Lakh,new-delhi
Maruti,Maruti Wagon RVXI BS IV,2012,"80,000kms",Petrol,Manual,₹1.50 Lakh,new-delhi
Hyundai,Hyundai CretaS Plus Knight,2023,"80,000kms",Petrol,Manual,₹12.50 Lakh,new-delhi
Maruti,Maruti Baleno1.2 Alpha,2017,"90,000kms",Petrol,Manual,₹3.82 Lakh,new-delhi
Maruti,Maruti SwiftVXI BSII,2010,"50,000kms",Petrol,Manual,₹1.20 Lakh,new-delhi
Hyundai,Hyundai Grand i10Asta Option,2016,"1,20,000kms",Petrol,Manual,₹2.50 Lakh,new-delhi
MG,MG AstorSuper EX BSVI,2022,"20,000kms",Petrol,Manual,₹7 Lakh,new-delhi
Toyota,Toyota GlanzaS CNG BSVI,2023,"1,00,000kms",CNG,Manual,₹7 Lakh,new-delhi
Hyundai,Hyundai i10Magna,2012,"55,500kms",Petrol,Manual,₹2 Lakh,new-delhi
Maruti,Maruti Wagon R StingrayLXI Optional,2017,"90,000kms",Petrol,Manual,₹2.60 Lakh,new-delhi
Kia,Kia SeltosHTK Plus,2024,"15,000kms",Petrol,Manual,₹12.15 Lakh,new-delhi
Maruti,Maruti Baleno1.2 Zeta,2017,"70,000kms",Petrol,Manual,₹4 Lakh,new-delhi
Maruti,Maruti Baleno1.2 CVT Delta,2016,"57,000kms",Petrol,Automatic,₹4 Lakh,new-delhi
Hyundai,Hyundai Verna1.6 EX VTVT,2013,"80,000kms",Petrol,Manual,₹2.60 Lakh,new-delhi
Hyundai,Hyundai CretaS Plus Knight,2023,"35,000kms",Petrol,Manual,₹11.50 Lakh,new-delhi
Maruti,Maruti SwiftVXI,2016,"71,000kms",Petrol,Manual,₹3.65 Lakh,new-delhi
Tata,Tata Nexon1.5 Revotorq XZA Plus,2019,"1,20,000kms",Diesel,Automatic,₹7 Lakh,new-delhi
Hyundai,Hyundai i20Sportz 1.2,2017,"40,000kms",Petrol,Manual,₹3.99 Lakh,new-delhi
Toyota,Toyota EtiosG,2015,"80,000kms",Petrol,Manual,₹6 Lakh,new-delhi
Hyundai,Hyundai CretaSX Diesel AT BSVI,2021,"71,000kms",Diesel,Automatic,₹12 Lakh,new-delhi
Honda,Honda AmazeS i-Vtech,2014,"64,000kms",Petrol,Manual,₹3.25 Lakh,new-delhi
Kia,Kia CarensPrestige Plus DCT BSVI,2023,"32,563kms",Petrol,Automatic,₹13.50 Lakh,new-delhi
Kia,Kia SeltosHTX G,2022,"40,265kms",Petrol,Manual,₹11 Lakh,new-delhi
Maruti,Maruti Baleno1.2 Delta,2017,"41,000kms",Petrol,Manual,₹3.85 Lakh,new-delhi
Kia,Kia CarnivalPrestige 6 STR,2022,"32,000kms",Diesel,Automatic,₹31 Lakh,new-delhi
MG,MG Hector PlusSharp DCT,2020,"20,000kms",Petrol,Automatic,₹10.20 Lakh,new-delhi
Honda,Honda CityE,2013,"1,60,000kms",Petrol,Manual,₹2.25 Lakh,new-delhi
Maruti,Maruti BalenoZeta,2021,"60,900kms",Petrol,Manual,₹5.24 Lakh,new-delhi
Maruti,Maruti CiazVDi Option SHVS,2017,"70,000kms",Diesel,Manual,₹4 Lakh,new-delhi
Kia,Kia CarensPrestige Opt,2024,"11,000kms",Petrol,Manual,₹11.75 Lakh,new-delhi
Hyundai,Hyundai Grand i10Magna,2017,"37,000kms",Petrol,Manual,₹3.65 Lakh,new-delhi
Hyundai,Hyundai CretaSX,2023,"26,700kms",Petrol,Manual,₹14 Lakh,new-delhi
Ford,Ford Ecosport1.5 Petrol Titanium Plus BSIV,2018,"65,000kms",Petrol,Manual,₹5.25 Lakh,new-delhi
Kia,Kia SeltosHTX G,2021,"79,000kms",Petrol,Manual,₹10.50 Lakh,new-delhi
Maruti,Maruti Wagon RVXI Optional,2018,"63,000kms",Petrol,Manual,₹3.22 Lakh,new-delhi
Maruti,Maruti SwiftVXI,2016,"71,000kms",Petrol,Manual,₹3.65 Lakh,new-delhi
Tata,Tata Nexon1.5 Revotorq XZA Plus,2019,"1,20,000kms",Diesel,Automatic,₹7 Lakh,new-delhi
Hyundai,Hyundai i20Sportz 1.2,2017,"40,000kms",Petrol,Manual,₹3.99 Lakh,new-delhi
Toyota,Toyota EtiosG,2015,"80,000kms",Petrol,Manual,₹6 Lakh,new-delhi
Hyundai,Hyundai CretaSX Diesel AT BSVI,2021,"71,000kms",Diesel,Automatic,₹12 Lakh,new-delhi
Honda,Honda AmazeS i-Vtech,2014,"64,000kms",Petrol,Manual,₹3.25 Lakh,new-delhi
Kia,Kia CarensPrestige Plus DCT BSVI,2023,"32,563kms",Petrol,Automatic,₹13.50 Lakh,new-delhi
Kia,Kia SeltosHTX G,2022,"40,265kms",Petrol,Manual,₹11 Lakh,new-delhi
Maruti,Maruti Baleno1.2 Delta,2017,"41,000kms",Petrol,Manual,₹3.85 Lakh,new-delhi
Kia,Kia CarnivalPrestige 6 STR,2022,"32,000kms",Diesel,Automatic,₹31 Lakh,new-delhi
MG,MG Hector PlusSharp DCT,2020,"20,000kms",Petrol,Automatic,₹10.20 Lakh,new-delhi
Honda,Honda CityE,2013,"1,60,000kms",Petrol,Manual,₹2.25 Lakh,new-delhi
Maruti,Maruti BalenoZeta,2021,"60,900kms",Petrol,Manual,₹5.24 Lakh,new-delhi
Maruti,Maruti CiazVDi Option SHVS,2017,"70,000kms",Diesel,Manual,₹4 Lakh,new-delhi
Kia,Kia CarensPrestige Opt,2024,"11,000kms",Petrol,Manual,₹11.75 Lakh,new-delhi
Hyundai,Hyundai Grand i10Magna,2017,"37,000kms",Petrol,Manual,₹3.65 Lakh,new-delhi
Hyundai,Hyundai CretaSX,2023,"26,700kms",Petrol,Manual,₹14 Lakh,new-delhi
Ford,Ford Ecosport1.5 Petrol Titanium Plus BSIV,2018,"65,000kms",Petrol,Manual,₹5.25 Lakh,new-delhi
Kia,Kia SeltosHTX G,2021,"79,000kms",Petrol,Manual,₹10.50 Lakh,new-delhi
Maruti,Maruti Wagon RVXI Optional,2018,"63,000kms",Petrol,Manual,₹3.22 Lakh,new-delhi
Hyundai,Hyundai Creta1.6 SX,2018,"80,000kms",Petrol,Manual,₹8 Lakh,new-delhi
Nissan,Nissan TerranoXL,2016,"56,000kms",Petrol,Manual,₹3.95 Lakh,new-delhi
Hyundai,Hyundai Creta1.4 CRDi Base,2016,"1,00,000kms",Diesel,Manual,₹5.50 Lakh,new-delhi
Maruti,Maruti Baleno1.2 Alpha,2018,"1,50,000kms",Petrol,Manual,₹4.50 Lakh,new-delhi
Hyundai,Hyundai i10Sportz,2011,"10,055kms",Petrol,Manual,₹1.65 Lakh,new-delhi
Maruti,Maruti SwiftLXI BSIV,2015,"99,000kms",Petrol,Manual,₹2.25 Lakh,new-delhi
Maruti,Maruti Wagon RVXI BS IV,2012,"80,000kms",Petrol,Manual,₹1.50 Lakh,new-delhi
Hyundai,Hyundai CretaS Plus Knight,2023,"80,000kms",Petrol,Manual,₹12.50 Lakh,new-delhi
Maruti,Maruti Baleno1.2 Alpha,2017,"90,000kms",Petrol,Manual,₹3.82 Lakh,new-delhi
Maruti,Maruti SwiftVXI BSII,2010,"50,000kms",Petrol,Manual,₹1.20 Lakh,new-delhi
Hyundai,Hyundai Grand i10Asta Option,2016,"1,20,000kms",Petrol,Manual,₹2.50 Lakh,new-delhi
MG,MG AstorSuper EX BSVI,2022,"20,000kms",Petrol,Manual,₹7 Lakh,new-delhi
Toyota,Toyota GlanzaS CNG BSVI,2023,"1,00,000kms",CNG,Manual,₹7 Lakh,new-delhi
Hyundai,Hyundai i10Magna,2012,"55,500kms",Petrol,Manual,₹2 Lakh,new-delhi
Maruti,Maruti Wagon R StingrayLXI Optional,2017,"90,000kms",Petrol,Manual,₹2.60 Lakh,new-delhi
Kia,Kia SeltosHTK Plus,2024,"15,000kms",Petrol,Manual,₹12.15 Lakh,new-delhi
Maruti,Maruti Baleno1.2 Zeta,2017,"70,000kms",Petrol,Manual,₹4 Lakh,new-delhi
Maruti,Maruti Baleno1.2 CVT Delta,2016,"57,000kms",Petrol,Automatic,₹4 Lakh,new-delhi
Hyundai,Hyundai Verna1.6 EX VTVT,2013,"80,000kms",Petrol,Manual,₹2.60 Lakh,new-delhi
Hyundai,Hyundai CretaS Plus Knight,2023,"35,000kms",Petrol,Manual,₹11.50 Lakh,new-delhi
Hyundai,Hyundai VernaSX Turbo DCT,2023,"51,000kms",Petrol,Automatic,₹13.40 Lakh,new-delhi
Hyundai,Hyundai i20Petrol Spotz,2019,"1,20,000kms",Petrol,Manual,₹4.50 Lakh,new-delhi
Mercedes-Benz,Mercedes-Benz GLS350d 4MATIC,2019,"51,000kms",Diesel,Automatic,₹55 Lakh,new-delhi
Jeep,Jeep Compass2.0 Limited,2019,"43,000kms",Diesel,Manual,₹9.80 Lakh,new-delhi
Kia,Kia CarnivalLimousine Plus,2023,"68,000kms",Diesel,Automatic,₹35 Lakh,new-delhi
Mercedes-Benz,Mercedes-Benz C-ClassC 200 AVANTGARDE,2015,"33,000kms",Petrol,Automatic,₹15.75 Lakh,new-delhi
MG,MG Hector PlusSharp DCT,2020,"50,000kms",Petrol,Automatic,₹12.75 Lakh,new-delhi
Honda,Honda AmazeS i-Vtech,2015,"70,000kms",Petrol,Manual,₹2.65 Lakh,new-delhi
Toyota,Toyota Innova Crysta2.4 ZX MT BSIV,2018,"1,00,000kms",Diesel,Manual,₹13.50 Lakh,new-delhi
Maruti,Maruti CiazDelta BSIV,2019,"60,000kms",Petrol,Manual,₹5.38 Lakh,new-delhi
Maruti,Maruti Baleno1.2 CVT Alpha,2018,"28,000kms",Petrol,Automatic,₹5.35 Lakh,new-delhi
Kia,Kia SonetHTX Plus Turbo iMT BSVI,2020,"38,000kms",Petrol,Manual,₹7.75 Lakh,new-delhi
Maruti,Maruti Vitara BrezzaVDi,2017,"65,000kms",Diesel,Manual,₹4.50 Lakh,new-delhi
Tata,Tata Tiago1.2 Revotron XZ,2019,"60,000kms",Petrol,Manual,₹3.55 Lakh,new-delhi
Tata,Tata Tiago1.2 Revotron XZA,2019,"68,000kms",Petrol,Automatic,₹3.95 Lakh,new-delhi
Tata,Tata Nexon1.5 Revotorq XZ Plus,2018,"66,000kms",Diesel,Manual,₹5.50 Lakh,new-delhi
Toyota,Toyota Innova Crysta2.4 G MT 8S BSIV,2018,"2,97,000kms",Diesel,Manual,₹11.75 Lakh,new-delhi
Kia,Kia SeltosHTX IVT G,2021,"78,000kms",Petrol,Automatic,₹11.50 Lakh,new-delhi
Honda,Honda AmazeVX i-Vtech,2014,"60,000kms",Petrol,Manual,₹5 Lakh,new-delhi
Toyota,Toyota Innova Crysta2.7 GX AT BSIV,2017,"80,000kms",Petrol,Automatic,₹10.50 Lakh,new-delhi
Hyundai,Hyundai Creta1.6 SX,2018,"80,000kms",Petrol,Manual,₹8 Lakh,new-delhi
Nissan,Nissan TerranoXL,2016,"56,000kms",Petrol,Manual,₹3.95 Lakh,new-delhi
Hyundai,Hyundai Creta1.4 CRDi Base,2016,"1,00,000kms",Diesel,Manual,₹5.50 Lakh,new-delhi
Maruti,Maruti Baleno1.2 Alpha,2018,"1,50,000kms",Petrol,Manual,₹4.50 Lakh,new-delhi
Hyundai,Hyundai i10Sportz,2011,"10,055kms",Petrol,Manual,₹1.65 Lakh,new-delhi
Maruti,Maruti SwiftLXI BSIV,2015,"99,000kms",Petrol,Manual,₹2.25 Lakh,new-delhi
Maruti,Maruti Wagon RVXI BS IV,2012,"80,000kms",Petrol,Manual,₹1.50 Lakh,new-delhi
Hyundai,Hyundai CretaS Plus Knight,2023,"80,000kms",Petrol,Manual,₹12.50 Lakh,new-delhi
Maruti,Maruti Baleno1.2 Alpha,2017,"90,000kms",Petrol,Manual,₹3.82 Lakh,new-delhi
Maruti,Maruti SwiftVXI BSII,2010,"50,000kms",Petrol,Manual,₹1.20 Lakh,new-delhi
Hyundai,Hyundai Grand i10Asta Option,2016,"1,20,000kms",Petrol,Manual,₹2.50 Lakh,new-delhi
MG,MG AstorSuper EX BSVI,2022,"20,000kms",Petrol,Manual,₹7 Lakh,new-delhi
Toyota,Toyota GlanzaS CNG BSVI,2023,"1,00,000kms",CNG,Manual,₹7 Lakh,new-delhi
Hyundai,Hyundai i10Magna,2012,"55,500kms",Petrol,Manual,₹2 Lakh,new-delhi
Maruti,Maruti Wagon R StingrayLXI Optional,2017,"90,000kms",Petrol,Manual,₹2.60 Lakh,new-delhi
Kia,Kia SeltosHTK Plus,2024,"15,000kms",Petrol,Manual,₹12.15 Lakh,new-delhi
Maruti,Maruti Baleno1.2 Zeta,2017,"70,000kms",Petrol,Manual,₹4 Lakh,new-delhi
Maruti,Maruti Baleno1.2 CVT Delta,2016,"57,000kms",Petrol,Automatic,₹4 Lakh,new-delhi
Hyundai,Hyundai Verna1.6 EX VTVT,2013,"80,000kms",Petrol,Manual,₹2.60 Lakh,new-delhi
Hyundai,Hyundai CretaS Plus Knight,2023,"35,000kms",Petrol,Manual,₹11.50 Lakh,new-delhi
Hyundai,Hyundai Creta1.6 SX,2018,"80,000kms",Petrol,Manual,₹8 Lakh,new-delhi
Nissan,Nissan TerranoXL,2016,"56,000kms",Petrol,Manual,₹3.95 Lakh,new-delhi
Hyundai,Hyundai Creta1.4 CRDi Base,2016,"1,00,000kms",Diesel,Manual,₹5.50 Lakh,new-delhi
Maruti,Maruti Baleno1.2 Alpha,2018,"1,50,000kms",Petrol,Manual,₹4.50 Lakh,new-delhi
Hyundai,Hyundai i10Sportz,2011,"10,055kms",Petrol,Manual,₹1.65 Lakh,new-delhi
Maruti,Maruti SwiftLXI BSIV,2015,"99,000kms",Petrol,Manual,₹2.25 Lakh,new-delhi
Maruti,Maruti Wagon RVXI BS IV,2012,"80,000kms",Petrol,Manual,₹1.50 Lakh,new-delhi
Hyundai,Hyundai CretaS Plus Knight,2023,"80,000kms",Petrol,Manual,₹12.50 Lakh,new-delhi
Maruti,Maruti Baleno1.2 Alpha,2017,"90,000kms",Petrol,Manual,₹3.82 Lakh,new-delhi
Maruti,Maruti SwiftVXI BSII,2010,"50,000kms",Petrol,Manual,₹1.20 Lakh,new-delhi
Hyundai,Hyundai Grand i10Asta Option,2016,"1,20,000kms",Petrol,Manual,₹2.50 Lakh,new-delhi
MG,MG AstorSuper EX BSVI,2022,"20,000kms",Petrol,Manual,₹7 Lakh,new-delhi
Toyota,Toyota GlanzaS CNG BSVI,2023,"1,00,000kms",CNG,Manual,₹7 Lakh,new-delhi
Hyundai,Hyundai i10Magna,2012,"55,500kms",Petrol,Manual,₹2 Lakh,new-delhi
Maruti,Maruti Wagon R StingrayLXI Optional,2017,"90,000kms",Petrol,Manual,₹2.60 Lakh,new-delhi
Kia,Kia SeltosHTK Plus,2024,"15,000kms",Petrol,Manual,₹12.15 Lakh,new-delhi
Maruti,Maruti Baleno1.2 Zeta,2017,"70,000kms",Petrol,Manual,₹4 Lakh,new-delhi
Maruti,Maruti Baleno1.2 CVT Delta,2016,"57,000kms",Petrol,Automatic,₹4 Lakh,new-delhi
Hyundai,Hyundai Verna1.6 EX VTVT,2013,"80,000kms",Petrol,Manual,₹2.60 Lakh,new-delhi
Hyundai,Hyundai CretaS Plus Knight,2023,"35,000kms",Petrol,Manual,₹11.50 Lakh,new-delhi
Toyota,Toyota EtiosG,2015,"80,000kms",Petrol,Manual,₹6 Lakh,new-delhi
Hyundai,Hyundai CretaSX Diesel AT BSVI,2021,"71,000kms",Diesel,Automatic,₹12 Lakh,new-delhi
Honda,Honda AmazeS i-Vtech,2014,"64,000kms",Petrol,Manual,₹3.25 Lakh,new-delhi
Kia,Kia CarensPrestige Plus DCT BSVI,2023,"32,563kms",Petrol,Automatic,₹13.50 Lakh,new-delhi
Kia,Kia SeltosHTX G,2022,"40,265kms",Petrol,Manual,₹11 Lakh,new-delhi
Maruti,Maruti Baleno1.2 Delta,2017,"41,000kms",Petrol,Manual,₹3.85 Lakh,new-delhi
Kia,Kia CarnivalPrestige 6 STR,2022,"32,000kms",Diesel,Automatic,₹31 Lakh,new-delhi
MG,MG Hector PlusSharp DCT,2020,"20,000kms",Petrol,Automatic,₹10.20 Lakh,new-delhi
Honda,Honda CityE,2013,"1,60,000kms",Petrol,Manual,₹2.25 Lakh,new-delhi
Maruti,Maruti BalenoZeta,2021,"60,900kms",Petrol,Manual,₹5.24 Lakh,new-delhi
Maruti,Maruti CiazVDi Option SHVS,2017,"70,000kms",Diesel,Manual,₹4 Lakh,new-delhi
Kia,Kia CarensPrestige Opt,2024,"11,000kms",Petrol,Manual,₹11.75 Lakh,new-delhi
Hyundai,Hyundai Grand i10Magna,2017,"37,000kms",Petrol,Manual,₹3.65 Lakh,new-delhi
Hyundai,Hyundai CretaSX,2023,"26,700kms",Petrol,Manual,₹14 Lakh,new-delhi
Ford,Ford Ecosport1.5 Petrol Titanium Plus BSIV,2018,"65,000kms",Petrol,Manual,₹5.25 Lakh,new-delhi
Kia,Kia SeltosHTX G,2021,"79,000kms",Petrol,Manual,₹10.50 Lakh,new-delhi
Maruti,Maruti Wagon RVXI Optional,2018,"63,000kms",Petrol,Manual,₹3.22 Lakh,new-delhi
MG,MG HectorShine MT,2022,"15,973kms",Petrol,Manual,₹12.75 Lakh,new-delhi
MG,MG GlosterSharp 7-Str,2021,"1,00,000kms",Diesel,Automatic,₹22.50 Lakh,new-delhi
Kia,Kia CarensPrestige,2023,"28,000kms",Petrol,Manual,₹10.25 Lakh,new-delhi
Maruti,Maruti Baleno1.2 Alpha,2018,"1,50,000kms",Petrol,Manual,₹4.50 Lakh,new-delhi
Hyundai,Hyundai i10Sportz,2011,"10,055kms",Petrol,Manual,₹1.65 Lakh,new-delhi
Maruti,Maruti SwiftLXI BSIV,2015,"99,000kms",Petrol,Manual,₹2.25 Lakh,new-delhi
Maruti,Maruti Wagon RVXI BS IV,2012,"80,000kms",Petrol,Manual,₹1.50 Lakh,new-delhi
Hyundai,Hyundai CretaS Plus Knight,2023,"80,000kms",Petrol,Manual,₹12.50 Lakh,new-delhi
Maruti,Maruti Baleno1.2 Alpha,2017,"90,000kms",Petrol,Manual,₹3.82 Lakh,new-delhi
Maruti,Maruti SwiftVXI BSII,2010,"50,000kms",Petrol,Manual,₹1.20 Lakh,new-delhi
Hyundai,Hyundai Grand i10Asta Option,2016,"1,20,000kms",Petrol,Manual,₹2.50 Lakh,new-delhi
MG,MG AstorSuper EX BSVI,2022,"20,000kms",Petrol,Manual,₹7 Lakh,new-delhi
Toyota,Toyota GlanzaS CNG BSVI,2023,"1,00,000kms",CNG,Manual,₹7 Lakh,new-delhi
Hyundai,Hyundai i10Magna,2012,"55,500kms",Petrol,Manual,₹2 Lakh,new-delhi
Maruti,Maruti Wagon R StingrayLXI Optional,2017,"90,000kms",Petrol,Manual,₹2.60 Lakh,new-delhi
Kia,Kia SeltosHTK Plus,2024,"15,000kms",Petrol,Manual,₹12.15 Lakh,new-delhi
Maruti,Maruti Baleno1.2 Zeta,2017,"70,000kms",Petrol,Manual,₹4 Lakh,new-delhi
Maruti,Maruti Baleno1.2 CVT Delta,2016,"57,000kms",Petrol,Automatic,₹4 Lakh,new-delhi
Hyundai,Hyundai Verna1.6 EX VTVT,2013,"80,000kms",Petrol,Manual,₹2.60 Lakh,new-delhi
Hyundai,Hyundai CretaS Plus Knight,2023,"35,000kms",Petrol,Manual,₹11.50 Lakh,new-delhi
MG,MG HectorSharp DCT,2020,"60,000kms",Petrol,Automatic,₹9 Lakh,new-delhi
Hyundai,Hyundai Creta1.6 E Plus,2018,"70,000kms",Petrol,Manual,₹6 Lakh,new-delhi
Maruti,Maruti Vitara BrezzaVDi Option,2017,"80,000kms",Diesel,Manual,₹4 Lakh,new-delhi
Toyota,Toyota EtiosG,2015,"80,000kms",Petrol,Manual,₹6 Lakh,new-delhi
Hyundai,Hyundai CretaSX Diesel AT BSVI,2021,"71,000kms",Diesel,Automatic,₹12 Lakh,new-delhi
Honda,Honda AmazeS i-Vtech,2014,"64,000kms",Petrol,Manual,₹3.25 Lakh,new-delhi
Kia,Kia CarensPrestige Plus DCT BSVI,2023,"32,563kms",Petrol,Automatic,₹13.50 Lakh,new-delhi
Kia,Kia SeltosHTX G,2022,"40,265kms",Petrol,Manual,₹11 Lakh,new-delhi
Maruti,Maruti Baleno1.2 Delta,2017,"41,000kms",Petrol,Manual,₹3.85 Lakh,new-delhi
Kia,Kia CarnivalPrestige 6 STR,2022,"32,000kms",Diesel,Automatic,₹31 Lakh,new-delhi
MG,MG Hector PlusSharp DCT,2020,"20,000kms",Petrol,Automatic,₹10.20 Lakh,new-delhi
Honda,Honda CityE,2013,"1,60,000kms",Petrol,Manual,₹2.25 Lakh,new-delhi
Maruti,Maruti BalenoZeta,2021,"60,900kms",Petrol,Manual,₹5.24 Lakh,new-delhi
Maruti,Maruti CiazVDi Option SHVS,2017,"70,000kms",Diesel,Manual,₹4 Lakh,new-delhi
Kia,Kia CarensPrestige Opt,2024,"11,000kms",Petrol,Manual,₹11.75 Lakh,new-delhi
Hyundai,Hyundai Grand i10Magna,2017,"37,000kms",Petrol,Manual,₹3.65 Lakh,new-delhi
Hyundai,Hyundai CretaSX,2023,"26,700kms",Petrol,Manual,₹14 Lakh,new-delhi
Ford,Ford Ecosport1.5 Petrol Titanium Plus BSIV,2018,"65,000kms",Petrol,Manual,₹5.25 Lakh,new-delhi
Kia,Kia SeltosHTX G,2021,"79,000kms",Petrol,Manual,₹10.50 Lakh,new-delhi
Maruti,Maruti Wagon RVXI Optional,2018,"63,000kms",Petrol,Manual,₹3.22 Lakh,new-delhi
MG,MG HectorShine MT,2022,"15,973kms",Petrol,Manual,₹12.75 Lakh,new-delhi
MG,MG GlosterSharp 7-Str,2021,"1,00,000kms",Diesel,Automatic,₹22.50 Lakh,new-delhi
Kia,Kia CarensPrestige,2023,"28,000kms",Petrol,Manual,₹10.25 Lakh,new-delhi
MG,MG GlosterSharp 7-Str,2021,"1,00,000kms",Diesel,Automatic,₹22.50 Lakh,new-delhi
Kia,Kia CarensPrestige,2023,"28,000kms",Petrol,Manual,₹10.25 Lakh,new-delhi
MG,MG HectorSharp DCT,2019,"60,000kms",Petrol,Automatic,₹11.90 Lakh,new-delhi
Hyundai,Hyundai i20Sportz 1.2,2015,"1,70,000kms",Petrol,Manual,₹3.40 Lakh,new-delhi
Hyundai,Hyundai i10Magna 1.1L,2011,"83,000kms",Petrol,Manual,₹1.65 Lakh,new-delhi
Tata,Tata NexonFearless Plus S Dark DCA,2024,"14,919kms",Petrol,Automatic,₹11.75 Lakh,new-delhi
Maruti,Maruti SwiftVXI,2019,"80,000kms",Petrol,Manual,₹4.50 Lakh,new-delhi
Kia,Kia SeltosHTK Plus G,2021,"40,000kms",Petrol,Manual,₹10.50 Lakh,new-delhi
Maruti,Maruti Wagon RVXI BS IV,2015,"81,000kms",Petrol,Manual,₹2.30 Lakh,new-delhi
Honda,Honda AmazeS i-Vtech,2016,"80,000kms",Petrol,Manual,₹3 Lakh,new-delhi
Maruti,Maruti CelerioVXI,2020,"58,000kms",Petrol,Manual,₹4.50 Lakh,new-delhi
Maruti,Maruti SwiftLXI,2012,"1,50,000kms",Petrol,Manual,₹1.65 Lakh,new-delhi
Honda,Honda Cityi VTEC V,2016,"70,000kms",Petrol,Manual,₹5 Lakh,new-delhi
Hyundai,Hyundai Creta1.6 E Plus,2018,"50,000kms",Petrol,Manual,₹6.30 Lakh,new-delhi
Toyota,Toyota YarisG CVT BSIV,2018,"13,000kms",Petrol,Automatic,₹6.49 Lakh,new-delhi
Hyundai,Hyundai i10Era,2012,"50,000kms",Petrol,Manual,₹1.35 Lakh,new-delhi
Hyundai,Hyundai Xcent1.2 Kappa SX,2015,"33,000kms",Petrol,Manual,₹3 Lakh,new-delhi
MG,MG Hector PlusSharp CVT,2021,"22,000kms",Petrol,Automatic,₹12.50 Lakh,new-delhi
Hyundai,Hyundai Creta1.6 CRDi SX Plus,2017,"85,000kms",Diesel,Manual,₹6.49 Lakh,new-delhi
Mahindra,Mahindra MarazzoM4,2020,"54,000kms",Diesel,Manual,₹7.49 Lakh,new-delhi
Hyundai,Hyundai CretaS Plus Knight,2023,"35,000kms",Petrol,Manual,₹11.50 Lakh,new-delhi
MG,MG HectorSharp DCT,2020,"60,000kms",Petrol,Automatic,₹9 Lakh,new-delhi
Hyundai,Hyundai Creta1.6 E Plus,2018,"70,000kms",Petrol,Manual,₹6 Lakh,new-delhi
Maruti,Maruti Vitara BrezzaVDi Option,2017,"80,000kms",Diesel,Manual,₹4 Lakh,new-delhi
Hyundai,Hyundai CretaSX Diesel BSVI,2020,"20,000kms",Diesel,Manual,₹11.05 Lakh,new-delhi
Ford,Ford Ecosport1.5 Diesel Titanium BSIV,2018,"1,08,000kms",Diesel,Manual,₹4.28 Lakh,new-delhi
Hyundai,Hyundai i201.2 Magna Executive,2018,"52,000kms",Petrol,Manual,₹3.90 Lakh,new-delhi
Maruti,Maruti Vitara BrezzaVDi,2017,"89,000kms",Diesel,Manual,₹6.10 Lakh,new-delhi
Hyundai,Hyundai Creta1.4 E Plus,2020,"85,000kms",Diesel,Manual,₹6.50 Lakh,new-delhi
Hyundai,Hyundai i201.2 Asta,2018,"70,000kms",Petrol,Manual,₹4.80 Lakh,new-delhi
Mercedes-Benz,Mercedes-Benz M-ClassML 250 CDI,2014,"89,000kms",Diesel,Automatic,₹12.50 Lakh,new-delhi
Jeep,Jeep Compass Trailhawk2.0 4X4,2022,"84,000kms",Diesel,Automatic,₹19.50 Lakh,new-delhi
Hyundai,Hyundai i10Magna 1.1L,2015,"49,000kms",Petrol,Manual,₹2.35 Lakh,new-delhi
MG,MG HectorSharp AT BSIV,2021,"50,000kms",Petrol,Automatic,₹11.99 Lakh,new-delhi
Maruti,Maruti Ciaz1.4 Alpha,2017,"70,000kms",Petrol,Manual,₹4.50 Lakh,new-delhi
Maruti,Maruti SwiftLXI BSIV,2017,"41,000kms",Petrol,Manual,₹3.75 Lakh,new-delhi
Maruti,Maruti Baleno1.2 Delta,2018,"49,000kms",Petrol,Manual,₹4.50 Lakh,new-delhi
Hyundai,Hyundai i10Magna,2011,"30,000kms",Petrol,Manual,₹1.85 Lakh,new-delhi
Tata,Tata Tiago1.2 Revotron XZ,2016,"65,000kms",Petrol,Manual,₹3.25 Lakh,new-delhi
Kia,Kia CarensLuxury Plus Diesel iMT 6 STR BSVI,2023,"7,500kms",Diesel,Automatic,₹16.90 Lakh,new-delhi
Tata,Tata NexonFearless Plus S Dark DCA,2024,"14,919kms",Petrol,Automatic,₹11.75 Lakh,new-delhi
Maruti,Maruti SwiftVXI,2019,"80,000kms",Petrol,Manual,₹4.50 Lakh,new-delhi
Kia,Kia SeltosHTK Plus G,2021,"40,000kms",Petrol,Manual,₹10.50 Lakh,new-delhi
Maruti,Maruti Wagon RVXI BS IV,2015,"81,000kms",Petrol,Manual,₹2.30 Lakh,new-delhi
Honda,Honda AmazeS i-Vtech,2016,"80,000kms",Petrol,Manual,₹3 Lakh,new-delhi
Maruti,Maruti CelerioVXI,2020,"58,000kms",Petrol,Manual,₹4.50 Lakh,new-delhi
Maruti,Maruti SwiftLXI,2012,"1,50,000kms",Petrol,Manual,₹1.65 Lakh,new-delhi
Honda,Honda Cityi VTEC V,2016,"70,000kms",Petrol,Manual,₹5 Lakh,new-delhi
Hyundai,Hyundai Creta1.6 E Plus,2018,"50,000kms",Petrol,Manual,₹6.30 Lakh,new-delhi
Toyota,Toyota YarisG CVT BSIV,2018,"13,000kms",Petrol,Automatic,₹6.49 Lakh,new-delhi
Hyundai,Hyundai i10Era,2012,"50,000kms",Petrol,Manual,₹1.35 Lakh,new-delhi
Hyundai,Hyundai Xcent1.2 Kappa SX,2015,"33,000kms",Petrol,Manual,₹3 Lakh,new-delhi
MG,MG Hector PlusSharp CVT,2021,"22,000kms",Petrol,Automatic,₹12.50 Lakh,new-delhi
Hyundai,Hyundai Creta1.6 CRDi SX Plus,2017,"85,000kms",Diesel,Manual,₹6.49 Lakh,new-delhi
Mahindra,Mahindra MarazzoM4,2020,"54,000kms",Diesel,Manual,₹7.49 Lakh,new-delhi
Hyundai,Hyundai CretaSX IVT BSVI,2022,"60,000kms",Petrol,Automatic,₹12.50 Lakh,new-delhi
Hyundai,Hyundai Creta1.6 VTVT Base,2017,"77,000kms",Petrol,Manual,₹5.75 Lakh,new-delhi
Hyundai,Hyundai i10Sportz,2013,"50,000kms",Petrol,Manual,₹2 Lakh,new-delhi
Hyundai,Hyundai CretaSX IVT,2023,"40,000kms",Petrol,Automatic,₹15 Lakh,new-delhi
Toyota,Toyota YarisG,2020,"30,000kms",Petrol,Manual,₹6.50 Lakh,new-delhi
Hyundai,Hyundai i10Magna,2011,"30,000kms",Petrol,Manual,₹1.85 Lakh,new-delhi
Tata,Tata Tiago1.2 Revotron XZ,2016,"65,000kms",Petrol,Manual,₹3.25 Lakh,new-delhi
Kia,Kia CarensLuxury Plus Diesel iMT 6 STR BSVI,2023,"7,500kms",Diesel,Automatic,₹16.90 Lakh,new-delhi
Hyundai,Hyundai Creta1.6 SX Automatic,2018,"90,000kms",Petrol,Automatic,₹7.10 Lakh,new-delhi
Maruti,Maruti CiazAlpha BSIV,2018,"38,000kms",Petrol,Manual,₹6.95 Lakh,new-delhi
Hyundai,Hyundai i201.2 Anniversary Edition,2015,"70,000kms",Petrol,Manual,₹3 Lakh,new-delhi
Hyundai,Hyundai i20Magna 1.2,2014,"68,000kms",Petrol,Manual,₹3.50 Lakh,new-delhi
Hyundai,Hyundai Creta1.6 VTVT SX Plus,2016,"79,000kms",Petrol,Manual,₹5.70 Lakh,new-delhi
Honda,Honda AmazeS i-Vtech,2014,"70,000kms",Petrol,Manual,₹2.50 Lakh,new-delhi
Maruti,Maruti Wagon RVXI BS IV,2012,"80,000kms",Petrol,Manual,₹1.35 Lakh,new-delhi
Maruti,Maruti Wagon RVXI BS IV,2015,"90,000kms",Petrol,Manual,₹2 Lakh,new-delhi
Mercedes-Benz,Mercedes-Benz GLS350d 4MATIC,2017,"1,00,000kms",Diesel,Automatic,₹42 Lakh,new-delhi
Hyundai,Hyundai Santro XingGL,2013,"80,000kms",Petrol,Manual,₹1.70 Lakh,new-delhi
Maruti,Maruti SwiftVXI AMT BSVI,2021,"18,000kms",Petrol,Automatic,₹6 Lakh,new-delhi
MG,MG HectorSharp DCT,2021,"83,000kms",Petrol,Automatic,₹10.20 Lakh,new-delhi
Tata,Tata NexonFearless Plus S DT DCA,2024,"15,727kms",Petrol,Automatic,₹11.75 Lakh,new-delhi
Hyundai,Hyundai Creta1.6 Gamma SX Plus,2015,"35,000kms",Petrol,Manual,₹5.75 Lakh,new-delhi
MG,MG HectorSharp DCT,2021,"60,000kms",Petrol,Automatic,₹10.25 Lakh,new-delhi
Maruti,Maruti Baleno1.2 Sigma,2017,"60,000kms",Petrol,Manual,₹4.50 Lakh,new-delhi
Hyundai,Hyundai Grand i10Asta,2014,"75,000kms",Petrol,Manual,₹2.30 Lakh,new-delhi
Maruti,Maruti Wagon RLXI BS IV,2015,"52,000kms",Petrol,Manual,₹1.65 Lakh,new-delhi
Toyota,Toyota Corolla AltisG MT,2014,"80,000kms",Petrol,Manual,₹4.15 Lakh,new-delhi
Hyundai,Hyundai Creta1.4 CRDi S,2018,"70,000kms",Diesel,Manual,₹7.50 Lakh,new-delhi
Hyundai,Hyundai i20Sportz 1.2,2015,"1,20,000kms",Petrol,Manual,₹2.80 Lakh,new-delhi
Jeep,Jeep Compass2.0 Sport,2020,"56,000kms",Diesel,Manual,₹9.90 Lakh,new-delhi
Jeep,Jeep Compass2.0 Limited,2020,"70,000kms",Diesel,Manual,₹12 Lakh,new-delhi
Hyundai,Hyundai Grand i10 NiosSportz,2021,"40,394kms",Petrol,Manual,₹5.95 Lakh,new-delhi
Tata,Tata NexonXZ Plus DualTone Roof (O),2021,"47,000kms",Petrol,Manual,₹7 Lakh,new-delhi
Mercedes-Benz,Mercedes-Benz CLA200 CDI Sport,2017,"62,000kms",Diesel,Automatic,₹13 Lakh,new-delhi
Toyota,Toyota Innova Crysta2.7 GX MT BSIV,2017,"90,000kms",Petrol,Manual,₹11.25 Lakh,new-delhi
Kia,Kia CarnivalLimousine Plus,2023,"67,000kms",Diesel,Automatic,₹35 Lakh,new-delhi
Hyundai,Hyundai Creta1.6 SX,2018,"80,000kms",Petrol,Manual,₹8 Lakh,new-delhi
Nissan,Nissan TerranoXL,2016,"56,000kms",Petrol,Manual,₹3.95 Lakh,new-delhi
Tata,Tata HexaXM,2017,"60,000kms",Diesel,Manual,₹7.25 Lakh,new-delhi
Maruti,Maruti Wagon R StingrayLXI,2016,"71,000kms",Petrol,Manual,₹2.99 Lakh,new-delhi
Jaguar,Jaguar XEPrestige,2017,"30,000kms",Petrol,Automatic,₹21 Lakh,new-delhi
Hyundai,Hyundai XcentVTVT Plus ABS,2016,"90,000kms",Petrol,Manual,₹4 Lakh,new-delhi
Maruti,Maruti SwiftZXI,2020,"12,000kms",Petrol,Manual,₹5.25 Lakh,new-delhi
Hyundai,Hyundai Grand i101.2 CRDi Asta,2019,"40,900kms",Diesel,Manual,₹4 Lakh,new-delhi
Hyundai,Hyundai i10Magna 1.1L,2016,"78,000kms",Petrol,Manual,₹2.50 Lakh,new-delhi
Jeep,Jeep Compass2.0 Limited,2020,"70,000kms",Diesel,Manual,₹12 Lakh,new-delhi
Hyundai,Hyundai Grand i10 NiosSportz,2021,"40,394kms",Petrol,Manual,₹5.95 Lakh,new-delhi
Tata,Tata NexonXZ Plus DualTone Roof (O),2021,"47,000kms",Petrol,Manual,₹7 Lakh,new-delhi
Mercedes-Benz,Mercedes-Benz CLA200 CDI Sport,2017,"62,000kms",Diesel,Automatic,₹13 Lakh,new-delhi
Toyota,Toyota Innova Crysta2.7 GX MT BSIV,2017,"90,000kms",Petrol,Manual,₹11.25 Lakh,new-delhi
Kia,Kia CarnivalLimousine Plus,2023,"67,000kms",Diesel,Automatic,₹35 Lakh,new-delhi
Hyundai,Hyundai Creta1.6 SX,2018,"80,000kms",Petrol,Manual,₹8 Lakh,new-delhi
Nissan,Nissan TerranoXL,2016,"56,000kms",Petrol,Manual,₹3.95 Lakh,new-delhi
Tata,Tata HexaXM,2017,"60,000kms",Diesel,Manual,₹7.25 Lakh,new-delhi
Maruti,Maruti Wagon R StingrayLXI,2016,"71,000kms",Petrol,Manual,₹2.99 Lakh,new-delhi
Jaguar,Jaguar XEPrestige,2017,"30,000kms",Petrol,Automatic,₹21 Lakh,new-delhi
Hyundai,Hyundai XcentVTVT Plus ABS,2016,"90,000kms",Petrol,Manual,₹4 Lakh,new-delhi
Hyundai,Hyundai Grand i101.2 CRDi Asta,2019,"40,900kms",Diesel,Manual,₹4 Lakh,new-delhi
Hyundai,Hyundai i10Magna 1.1L,2016,"78,000kms",Petrol,Manual,₹2.50 Lakh,new-delhi
Maruti,Maruti Grand VitaraDelta CNG 2 Airbag,2024,"40,000kms",CNG,Manual,₹12.30 Lakh,new-delhi
Hyundai,Hyundai Grand i10Sportz,2015,"93,000kms",Petrol,Manual,₹3.20 Lakh,new-delhi
Hyundai,Hyundai i10Magna,2011,"30,000kms",Petrol,Manual,₹1.30 Lakh,new-delhi
Maruti,Maruti Wagon RCNG LXI Opt,2022,"70,000kms",CNG,Manual,₹5 Lakh,new-delhi
Maruti,Maruti Wagon RLXI BSII,2012,"48,000kms",Petrol,Manual,₹1.85 Lakh,new-delhi
Maruti,Maruti Vitara BrezzaVDi,2020,"40,000kms",Diesel,Manual,₹5.50 Lakh,new-delhi
Hyundai,Hyundai VenueS BSIV,2020,"48,000kms",Petrol,Manual,₹7.50 Lakh,new-delhi
Kia,Kia SonetGravity,2024,"14,000kms",Petrol,Manual,₹8.50 Lakh,new-delhi
Hyundai,Hyundai Creta1.4 CRDi S Plus,2015,"1,00,000kms",Diesel,Manual,₹4 Lakh,new-delhi
Maruti,Maruti Vitara BrezzaZDi Plus,2018,"80,000kms",Diesel,Manual,₹6.25 Lakh,new-delhi
Kia,Kia SeltosX-Line Diesel AT,2022,"1,00,000kms",Diesel,Automatic,₹13 Lakh,new-delhi
Maruti,Maruti SwiftZXI BSIV,2016,"90,000kms",Petrol,Manual,₹3.50 Lakh,new-delhi
Tata,Tata NexonXZ Plus DualTone Roof (O),2021,"47,000kms",Petrol,Manual,₹7 Lakh,new-delhi
Mercedes-Benz,Mercedes-Benz CLA200 CDI Sport,2017,"62,000kms",Diesel,Automatic,₹13 Lakh,new-delhi
Toyota,Toyota Innova Crysta2.7 GX MT BSIV,2017,"90,000kms",Petrol,Manual,₹11.25 Lakh,new-delhi
Tata,Tata HexaXM,2017,"60,000kms",Diesel,Manual,₹7.25 Lakh,new-delhi
Hyundai,Hyundai Grand i10Sportz,2015,"93,000kms",Petrol,Manual,₹3.20 Lakh,new-delhi
Hyundai,Hyundai i10Magna,2011,"30,000kms",Petrol,Manual,₹1.30 Lakh,new-delhi
Maruti,Maruti Wagon RCNG LXI Opt,2022,"70,000kms",CNG,Manual,₹5 Lakh,new-delhi
Maruti,Maruti Ciaz1.3 Zeta,2017,"79,000kms",Diesel,Manual,₹4.50 Lakh,new-delhi
Maruti,Maruti Wagon R StingrayVXI,2014,"80,000kms",Petrol,Manual,₹2 Lakh,new-delhi
Tata,Tata NexonPure S,2023,"30,000kms",Petrol,Manual,₹7.50 Lakh,new-delhi
Maruti,Maruti Wagon RLXI BSII,2012,"48,000kms",Petrol,Manual,₹1.85 Lakh,new-delhi
Hyundai,Hyundai i10Magna 1.1L,2016,"78,000kms",Petrol,Manual,₹2.50 Lakh,new-delhi
Hyundai,Hyundai i20Sportz 1.2,2014,"74,000kms",Petrol,Manual,₹3.30 Lakh,new-delhi
Maruti,Maruti Wagon RAMT VXI,2017,"35,000kms",Petrol,Automatic,₹3.25 Lakh,new-delhi
Toyota,Toyota Innova Crysta2.7 GX MT BSIV,2017,"90,000kms",Petrol,Manual,₹11.25 Lakh,new-delhi
Kia,Kia CarnivalLimousine Plus,2023,"67,000kms",Diesel,Automatic,₹35 Lakh,new-delhi
Hyundai,Hyundai Creta1.6 SX,2018,"80,000kms",Petrol,Manual,₹8 Lakh,new-delhi
Nissan,Nissan TerranoXL,2016,"56,000kms",Petrol,Manual,₹3.95 Lakh,new-delhi
Tata,Tata HexaXM,2017,"60,000kms",Diesel,Manual,₹7.25 Lakh,new-delhi
Maruti,Maruti Wagon R StingrayLXI,2016,"71,000kms",Petrol,Manual,₹2.99 Lakh,new-delhi
Jaguar,Jaguar XEPrestige,2017,"30,000kms",Petrol,Automatic,₹21 Lakh,new-delhi
Hyundai,Hyundai XcentVTVT Plus ABS,2016,"90,000kms",Petrol,Manual,₹4 Lakh,new-delhi
Hyundai,Hyundai Grand i101.2 CRDi Asta,2019,"40,900kms",Diesel,Manual,₹4 Lakh,new-delhi
Hyundai,Hyundai i10Magna 1.1L,2016,"78,000kms",Petrol,Manual,₹2.50 Lakh,new-delhi
Maruti,Maruti Grand VitaraDelta CNG 2 Airbag,2024,"40,000kms",CNG,Manual,₹12.30 Lakh,new-delhi
Hyundai,Hyundai Grand i10Sportz,2015,"93,000kms",Petrol,Manual,₹3.20 Lakh,new-delhi
Hyundai,Hyundai i10Magna,2011,"30,000kms",Petrol,Manual,₹1.30 Lakh,new-delhi
Maruti,Maruti Wagon RCNG LXI Opt,2022,"70,000kms",CNG,Manual,₹5 Lakh,new-delhi
Maruti,Maruti Wagon RLXI BSII,2012,"48,000kms",Petrol,Manual,₹1.85 Lakh,new-delhi
Maruti,Maruti Vitara BrezzaVDi,2020,"40,000kms",Diesel,Manual,₹5.50 Lakh,new-delhi
Hyundai,Hyundai i201.2 Spotz,2018,"70,000kms",Petrol,Manual,₹4.50 Lakh,new-delhi
Hyundai,Hyundai Creta1.4 CRDi S,2017,"1,00,000kms",Diesel,Manual,₹6.50 Lakh,new-delhi
Audi,Audi A335 TFSI Premium,2018,"24,000kms",Petrol,Automatic,₹16.99 Lakh,new-delhi
Tata,Tata NexonPure S,2024,"20,000kms",Petrol,Manual,₹7.50 Lakh,new-delhi
Maruti,Maruti Grand VitaraZeta BSVI,2022,"41,090kms",Petrol,Manual,₹10 Lakh,new-delhi
Honda,Honda CityE,2013,"90,000kms",Petrol,Manual,₹2.30 Lakh,new-delhi
Hyundai,Hyundai Grand i10 NiosAMT Sportz,2021,"44,148kms",Petrol,Automatic,₹5.65 Lakh,new-delhi
Maruti,Maruti Grand VitaraDelta,2025,"20,000kms",Petrol,Manual,₹10.50 Lakh,new-delhi
Kia,Kia SeltosGTX Plus DCT,2022,"43,000kms",Petrol,Automatic,₹14.50 Lakh,new-delhi
Ford,Ford Ecosport1.5 Petrol Ambiente BSIV,2019,"68,000kms",Petrol,Manual,₹4.85 Lakh,new-delhi
Maruti,Maruti SwiftVXI,2013,"1,00,000kms",Petrol,Manual,₹2 Lakh,new-delhi
Hyundai,Hyundai i10Era,2011,"10,000kms",Petrol,Manual,₹1.50 Lakh,new-delhi
MG,MG HectorSharp Pro  -2025,2023,"36,000kms",Petrol,Manual,₹11.83 Lakh,new-delhi
Maruti,Maruti SwiftLXI Optional-O,2017,"55,000kms",Petrol,Manual,₹3.50 Lakh,new-delhi
Tata,Tata NexonXZA Plus AMT,2023,"43,000kms",Petrol,Automatic,₹8.50 Lakh,new-delhi
Mercedes-Benz,Mercedes-Benz C-ClassC 200 CGI,2017,"38,000kms",Petrol,Automatic,₹21.50 Lakh,new-delhi
Ford,Ford Ecosport1.5 Diesel Titanium BSIV,2017,"60,000kms",Diesel,Manual,₹4.50 Lakh,new-delhi
Toyota,Toyota GlanzaV,2023,"23,000kms",Petrol,Manual,₹7 Lakh,new-delhi
Hyundai,Hyundai Creta1.6 VTVT S,2015,"40,000kms",Petrol,Manual,₹4.25 Lakh,new-delhi
Maruti,Maruti CelerioZXI,2016,"1,02,000kms",Petrol,Manual,₹2.90 Lakh,new-delhi
Hyundai,Hyundai Grand i10Magna,2017,"40,000kms",Petrol,Manual,₹3.50 Lakh,new-delhi
Hyundai,Hyundai Creta1.4 CRDi S Plus,2015,"1,00,000kms",Diesel,Manual,₹4 Lakh,new-delhi
Maruti,Maruti Vitara BrezzaZDi Plus,2018,"80,000kms",Diesel,Manual,₹6.25 Lakh,new-delhi
Kia,Kia SeltosX-Line Diesel AT,2022,"1,00,000kms",Diesel,Automatic,₹13 Lakh,new-delhi
Toyota,Toyota Innova Crysta2.7 GX MT BSIV,2017,"90,000kms",Petrol,Manual,₹11.25 Lakh,new-delhi
Kia,Kia CarnivalLimousine Plus,2023,"67,000kms",Diesel,Automatic,₹35 Lakh,new-delhi
Hyundai,Hyundai Creta1.6 SX,2018,"80,000kms",Petrol,Manual,₹8 Lakh,new-delhi
Nissan,Nissan TerranoXL,2016,"56,000kms",Petrol,Manual,₹3.95 Lakh,new-delhi
Tata,Tata HexaXM,2017,"60,000kms",Diesel,Manual,₹7.25 Lakh,new-delhi
Maruti,Maruti Wagon R StingrayLXI,2016,"71,000kms",Petrol,Manual,₹2.99 Lakh,new-delhi
Jaguar,Jaguar XEPrestige,2017,"30,000kms",Petrol,Automatic,₹21 Lakh,new-delhi
Hyundai,Hyundai XcentVTVT Plus ABS,2016,"90,000kms",Petrol,Manual,₹4 Lakh,new-delhi
Hyundai,Hyundai Grand i101.2 CRDi Asta,2019,"40,900kms",Diesel,Manual,₹4 Lakh,new-delhi
Hyundai,Hyundai i10Magna 1.1L,2016,"78,000kms",Petrol,Manual,₹2.50 Lakh,new-delhi
Maruti,Maruti Grand VitaraDelta CNG 2 Airbag,2024,"40,000kms",CNG,Manual,₹12.30 Lakh,new-delhi
Hyundai,Hyundai Grand i10Sportz,2015,"93,000kms",Petrol,Manual,₹3.20 Lakh,new-delhi
Hyundai,Hyundai i10Magna,2011,"30,000kms",Petrol,Manual,₹1.30 Lakh,new-delhi
Maruti,Maruti Wagon RCNG LXI Opt,2022,"70,000kms",CNG,Manual,₹5 Lakh,new-delhi
Maruti,Maruti Wagon RLXI BSII,2012,"48,000kms",Petrol,Manual,₹1.85 Lakh,new-delhi
Maruti,Maruti Vitara BrezzaVDi,2020,"40,000kms",Diesel,Manual,₹5.50 Lakh,new-delhi
Hyundai,Hyundai i201.2 Spotz,2018,"70,000kms",Petrol,Manual,₹4.50 Lakh,new-delhi
Hyundai,Hyundai Creta1.4 CRDi S,2017,"1,00,000kms",Diesel,Manual,₹6.50 Lakh,new-delhi
Audi,Audi A335 TFSI Premium,2018,"24,000kms",Petrol,Automatic,₹16.99 Lakh,new-delhi
Tata,Tata NexonPure S,2024,"20,000kms",Petrol,Manual,₹7.50 Lakh,new-delhi
Hyundai,Hyundai VenueS BSIV,2020,"48,000kms",Petrol,Manual,₹7.50 Lakh,new-delhi
Kia,Kia SonetGravity,2024,"14,000kms",Petrol,Manual,₹8.50 Lakh,new-delhi
Hyundai,Hyundai Creta1.4 CRDi S Plus,2015,"1,00,000kms",Diesel,Manual,₹4 Lakh,new-delhi
Maruti,Maruti Vitara BrezzaZDi Plus,2018,"80,000kms",Diesel,Manual,₹6.25 Lakh,new-delhi
Kia,Kia SeltosX-Line Diesel AT,2022,"1,00,000kms",Diesel,Automatic,₹13 Lakh,new-delhi
Maruti,Maruti SwiftZXI BSIV,2016,"90,000kms",Petrol,Manual,₹3.50 Lakh,new-delhi
Tata,Tata NexonXZ Plus DualTone Roof (O),2021,"47,000kms",Petrol,Manual,₹7 Lakh,new-delhi
Mercedes-Benz,Mercedes-Benz CLA200 CDI Sport,2017,"62,000kms",Diesel,Automatic,₹13 Lakh,new-delhi
Toyota,Toyota Innova Crysta2.7 GX MT BSIV,2017,"90,000kms",Petrol,Manual,₹11.25 Lakh,new-delhi
Tata,Tata HexaXM,2017,"60,000kms",Diesel,Manual,₹7.25 Lakh,new-delhi
Hyundai,Hyundai Grand i10Sportz,2015,"93,000kms",Petrol,Manual,₹3.20 Lakh,new-delhi
Hyundai,Hyundai i10Magna,2011,"30,000kms",Petrol,Manual,₹1.30 Lakh,new-delhi
Maruti,Maruti Wagon RCNG LXI Opt,2022,"70,000kms",CNG,Manual,₹5 Lakh,new-delhi
Maruti,Maruti Ciaz1.3 Zeta,2017,"79,000kms",Diesel,Manual,₹4.50 Lakh,new-delhi
Maruti,Maruti Wagon R StingrayVXI,2014,"80,000kms",Petrol,Manual,₹2 Lakh,new-delhi
Tata,Tata NexonPure S,2023,"30,000kms",Petrol,Manual,₹7.50 Lakh,new-delhi
Maruti,Maruti Wagon RLXI BSII,2012,"48,000kms",Petrol,Manual,₹1.85 Lakh,new-delhi
Hyundai,Hyundai i10Magna 1.1L,2016,"78,000kms",Petrol,Manual,₹2.50 Lakh,new-delhi
Hyundai,Hyundai i20Sportz 1.2,2014,"74,000kms",Petrol,Manual,₹3.30 Lakh,new-delhi
Maruti,Maruti Wagon RAMT VXI,2017,"35,000kms",Petrol,Automatic,₹3.25 Lakh,new-delhi
Toyota,Toyota Innova Crysta2.7 GX MT BSIV,2017,"90,000kms",Petrol,Manual,₹11.25 Lakh,new-delhi
Kia,Kia CarnivalLimousine Plus,2023,"67,000kms",Diesel,Automatic,₹35 Lakh,new-delhi
Hyundai,Hyundai Creta1.6 SX,2018,"80,000kms",Petrol,Manual,₹8 Lakh,new-delhi
Nissan,Nissan TerranoXL,2016,"56,000kms",Petrol,Manual,₹3.95 Lakh,new-delhi
Tata,Tata HexaXM,2017,"60,000kms",Diesel,Manual,₹7.25 Lakh,new-delhi
Maruti,Maruti Wagon R StingrayLXI,2016,"71,000kms",Petrol,Manual,₹2.99 Lakh,new-delhi
Jaguar,Jaguar XEPrestige,2017,"30,000kms",Petrol,Automatic,₹21 Lakh,new-delhi
Hyundai,Hyundai XcentVTVT Plus ABS,2016,"90,000kms",Petrol,Manual,₹4 Lakh,new-delhi
Hyundai,Hyundai Grand i101.2 CRDi Asta,2019,"40,900kms",Diesel,Manual,₹4 Lakh,new-delhi
Hyundai,Hyundai i10Magna 1.1L,2016,"78,000kms",Petrol,Manual,₹2.50 Lakh,new-delhi
Maruti,Maruti Grand VitaraDelta CNG 2 Airbag,2024,"40,000kms",CNG,Manual,₹12.30 Lakh,new-delhi
Hyundai,Hyundai Grand i10Sportz,2015,"93,000kms",Petrol,Manual,₹3.20 Lakh,new-delhi
Hyundai,Hyundai i10Magna,2011,"30,000kms",Petrol,Manual,₹1.30 Lakh,new-delhi
Maruti,Maruti Wagon RCNG LXI Opt,2022,"70,000kms",CNG,Manual,₹5 Lakh,new-delhi
Maruti,Maruti Wagon RLXI BSII,2012,"48,000kms",Petrol,Manual,₹1.85 Lakh,new-delhi
Maruti,Maruti Vitara BrezzaVDi,2020,"40,000kms",Diesel,Manual,₹5.50 Lakh,new-delhi
Hyundai,Hyundai i201.2 Spotz,2018,"70,000kms",Petrol,Manual,₹4.50 Lakh,new-delhi
Hyundai,Hyundai Creta1.4 CRDi S,2017,"1,00,000kms",Diesel,Manual,₹6.50 Lakh,new-delhi
Audi,Audi A335 TFSI Premium,2018,"24,000kms",Petrol,Automatic,₹16.99 Lakh,new-delhi
Tata,Tata NexonPure S,2024,"20,000kms",Petrol,Manual,₹7.50 Lakh,new-delhi
Hyundai,Hyundai VenueS BSIV,2020,"48,000kms",Petrol,Manual,₹7.50 Lakh,new-delhi
Kia,Kia SonetGravity,2024,"14,000kms",Petrol,Manual,₹8.50 Lakh,new-delhi
Hyundai,Hyundai Creta1.4 CRDi S Plus,2015,"1,00,000kms",Diesel,Manual,₹4 Lakh,new-delhi
Maruti,Maruti Vitara BrezzaZDi Plus,2018,"80,000kms",Diesel,Manual,₹6.25 Lakh,new-delhi
Kia,Kia SeltosX-Line Diesel AT,2022,"1,00,000kms",Diesel,Automatic,₹13 Lakh,new-delhi
Maruti,Maruti SwiftZXI BSIV,2016,"90,000kms",Petrol,Manual,₹3.50 Lakh,new-delhi
Tata,Tata NexonXZ Plus DualTone Roof (O),2021,"47,000kms",Petrol,Manual,₹7 Lakh,new-delhi
Mercedes-Benz,Mercedes-Benz CLA200 CDI Sport,2017,"62,000kms",Diesel,Automatic,₹13 Lakh,new-delhi
Toyota,Toyota Innova Crysta2.7 GX MT BSIV,2017,"90,000kms",Petrol,Manual,₹11.25 Lakh,new-delhi
Tata,Tata HexaXM,2017,"60,000kms",Diesel,Manual,₹7.25 Lakh,new-delhi
Hyundai,Hyundai Grand i10Sportz,2015,"93,000kms",Petrol,Manual,₹3.20 Lakh,new-delhi
Hyundai,Hyundai i10Magna,2011,"30,000kms",Petrol,Manual,₹1.30 Lakh,new-delhi
Maruti,Maruti Wagon RCNG LXI Opt,2022,"70,000kms",CNG,Manual,₹5 Lakh,new-delhi
Maruti,Maruti Ciaz1.3 Zeta,2017,"79,000kms",Diesel,Manual,₹4.50 Lakh,new-delhi
Maruti,Maruti Wagon R StingrayVXI,2014,"80,000kms",Petrol,Manual,₹2 Lakh,new-delhi
Tata,Tata NexonPure S,2023,"30,000kms",Petrol,Manual,₹7.50 Lakh,new-delhi
Maruti,Maruti Wagon RLXI BSII,2012,"48,000kms",Petrol,Manual,₹1.85 Lakh,new-delhi
Hyundai,Hyundai i10Magna 1.1L,2016,"78,000kms",Petrol,Manual,₹2.50 Lakh,new-delhi
Hyundai,Hyundai i20Sportz 1.2,2014,"74,000kms",Petrol,Manual,₹3.30 Lakh,new-delhi
Maruti,Maruti Wagon RAMT VXI,2017,"35,000kms",Petrol,Automatic,₹3.25 Lakh,new-delhi
Hyundai,Hyundai VenueS BSIV,2020,"48,000kms",Petrol,Manual,₹7.50 Lakh,new-delhi
Kia,Kia SonetGravity,2024,"14,000kms",Petrol,Manual,₹8.50 Lakh,new-delhi
Hyundai,Hyundai Creta1.4 CRDi S Plus,2015,"1,00,000kms",Diesel,Manual,₹4 Lakh,new-delhi
Maruti,Maruti Vitara BrezzaZDi Plus,2018,"80,000kms",Diesel,Manual,₹6.25 Lakh,new-delhi
Kia,Kia SeltosX-Line Diesel AT,2022,"1,00,000kms",Diesel,Automatic,₹13 Lakh,new-delhi
Maruti,Maruti SwiftZXI BSIV,2016,"90,000kms",Petrol,Manual,₹3.50 Lakh,new-delhi
Tata,Tata NexonXZ Plus DualTone Roof (O),2021,"47,000kms",Petrol,Manual,₹7 Lakh,new-delhi
Mercedes-Benz,Mercedes-Benz CLA200 CDI Sport,2017,"62,000kms",Diesel,Automatic,₹13 Lakh,new-delhi
Toyota,Toyota Innova Crysta2.7 GX MT BSIV,2017,"90,000kms",Petrol,Manual,₹11.25 Lakh,new-delhi
Tata,Tata HexaXM,2017,"60,000kms",Diesel,Manual,₹7.25 Lakh,new-delhi
Hyundai,Hyundai Grand i10Sportz,2015,"93,000kms",Petrol,Manual,₹3.20 Lakh,new-delhi
Hyundai,Hyundai i10Magna,2011,"30,000kms",Petrol,Manual,₹1.30 Lakh,new-delhi
Maruti,Maruti Wagon RCNG LXI Opt,2022,"70,000kms",CNG,Manual,₹5 Lakh,new-delhi
Maruti,Maruti Ciaz1.3 Zeta,2017,"79,000kms",Diesel,Manual,₹4.50 Lakh,new-delhi
Maruti,Maruti Wagon R StingrayVXI,2014,"80,000kms",Petrol,Manual,₹2 Lakh,new-delhi
Tata,Tata NexonPure S,2023,"30,000kms",Petrol,Manual,₹7.50 Lakh,new-delhi
Maruti,Maruti Wagon RLXI BSII,2012,"48,000kms",Petrol,Manual,₹1.85 Lakh,new-delhi
Hyundai,Hyundai i10Magna 1.1L,2016,"78,000kms",Petrol,Manual,₹2.50 Lakh,new-delhi
Hyundai,Hyundai i20Sportz 1.2,2014,"74,000kms",Petrol,Manual,₹3.30 Lakh,new-delhi
Maruti,Maruti Wagon RAMT VXI,2017,"35,000kms",Petrol,Automatic,₹3.25 Lakh,new-delhi
Maruti,Maruti Grand VitaraZeta BSVI,2022,"41,090kms",Petrol,Manual,₹10 Lakh,new-delhi
Honda,Honda CityE,2013,"90,000kms",Petrol,Manual,₹2.30 Lakh,new-delhi
Hyundai,Hyundai Grand i10 NiosAMT Sportz,2021,"44,148kms",Petrol,Automatic,₹5.65 Lakh,new-delhi
Maruti,Maruti Grand VitaraDelta,2025,"20,000kms",Petrol,Manual,₹10.50 Lakh,new-delhi
Kia,Kia SeltosGTX Plus DCT,2022,"43,000kms",Petrol,Automatic,₹14.50 Lakh,new-delhi
Ford,Ford Ecosport1.5 Petrol Ambiente BSIV,2019,"68,000kms",Petrol,Manual,₹4.85 Lakh,new-delhi
Maruti,Maruti SwiftVXI,2013,"1,00,000kms",Petrol,Manual,₹2 Lakh,new-delhi
Hyundai,Hyundai i10Era,2011,"10,000kms",Petrol,Manual,₹1.50 Lakh,new-delhi
MG,MG HectorSharp Pro  -2025,2023,"36,000kms",Petrol,Manual,₹11.83 Lakh,new-delhi
Maruti,Maruti SwiftLXI Optional-O,2017,"55,000kms",Petrol,Manual,₹3.50 Lakh,new-delhi
Tata,Tata NexonXZA Plus AMT,2023,"43,000kms",Petrol,Automatic,₹8.50 Lakh,new-delhi
Mercedes-Benz,Mercedes-Benz C-ClassC 200 CGI,2017,"38,000kms",Petrol,Automatic,₹21.50 Lakh,new-delhi
Ford,Ford Ecosport1.5 Diesel Titanium BSIV,2017,"60,000kms",Diesel,Manual,₹4.50 Lakh,new-delhi
Toyota,Toyota GlanzaV,2023,"23,000kms",Petrol,Manual,₹7 Lakh,new-delhi
Hyundai,Hyundai Creta1.6 VTVT S,2015,"40,000kms",Petrol,Manual,₹4.25 Lakh,new-delhi
Maruti,Maruti CelerioZXI,2016,"1,02,000kms",Petrol,Manual,₹2.90 Lakh,new-delhi
Hyundai,Hyundai Grand i10Magna,2017,"40,000kms",Petrol,Manual,₹3.50 Lakh,new-delhi
Hyundai,Hyundai Creta1.4 CRDi S Plus,2015,"1,00,000kms",Diesel,Manual,₹4 Lakh,new-delhi
Maruti,Maruti Vitara BrezzaZDi Plus,2018,"80,000kms",Diesel,Manual,₹6.25 Lakh,new-delhi
Kia,Kia SeltosX-Line Diesel AT,2022,"1,00,000kms",Diesel,Automatic,₹13 Lakh,new-delhi
Toyota,Toyota Innova Crysta2.7 GX MT BSIV,2017,"90,000kms",Petrol,Manual,₹11.25 Lakh,new-delhi
Kia,Kia CarnivalLimousine Plus,2023,"67,000kms",Diesel,Automatic,₹35 Lakh,new-delhi
Hyundai,Hyundai Creta1.6 SX,2018,"80,000kms",Petrol,Manual,₹8 Lakh,new-delhi
Nissan,Nissan TerranoXL,2016,"56,000kms",Petrol,Manual,₹3.95 Lakh,new-delhi
Tata,Tata HexaXM,2017,"60,000kms",Diesel,Manual,₹7.25 Lakh,new-delhi
Maruti,Maruti Wagon R StingrayLXI,2016,"71,000kms",Petrol,Manual,₹2.99 Lakh,new-delhi
Jaguar,Jaguar XEPrestige,2017,"30,000kms",Petrol,Automatic,₹21 Lakh,new-delhi
Hyundai,Hyundai XcentVTVT Plus ABS,2016,"90,000kms",Petrol,Manual,₹4 Lakh,new-delhi
Hyundai,Hyundai Grand i101.2 CRDi Asta,2019,"40,900kms",Diesel,Manual,₹4 Lakh,new-delhi
Hyundai,Hyundai i10Magna 1.1L,2016,"78,000kms",Petrol,Manual,₹2.50 Lakh,new-delhi
Maruti,Maruti Grand VitaraDelta CNG 2 Airbag,2024,"40,000kms",CNG,Manual,₹12.30 Lakh,new-delhi
Hyundai,Hyundai Grand i10Sportz,2015,"93,000kms",Petrol,Manual,₹3.20 Lakh,new-delhi
Hyundai,Hyundai i10Magna,2011,"30,000kms",Petrol,Manual,₹1.30 Lakh,new-delhi
Maruti,Maruti Wagon RCNG LXI Opt,2022,"70,000kms",CNG,Manual,₹5 Lakh,new-delhi
Maruti,Maruti Wagon RLXI BSII,2012,"48,000kms",Petrol,Manual,₹1.85 Lakh,new-delhi
Maruti,Maruti Vitara BrezzaVDi,2020,"40,000kms",Diesel,Manual,₹5.50 Lakh,new-delhi
Hyundai,Hyundai i201.2 Spotz,2018,"70,000kms",Petrol,Manual,₹4.50 Lakh,new-delhi
Hyundai,Hyundai Creta1.4 CRDi S,2017,"1,00,000kms",Diesel,Manual,₹6.50 Lakh,new-delhi
Audi,Audi A335 TFSI Premium,2018,"24,000kms",Petrol,Automatic,₹16.99 Lakh,new-delhi
Tata,Tata NexonPure S,2024,"20,000kms",Petrol,Manual,₹7.50 Lakh,new-delhi
Toyota,Toyota Innova Crysta2.7 GX MT BSIV,2017,"90,000kms",Petrol,Manual,₹11.25 Lakh,new-delhi
Kia,Kia CarnivalLimousine Plus,2023,"67,000kms",Diesel,Automatic,₹35 Lakh,new-delhi
Hyundai,Hyundai Creta1.6 SX,2018,"80,000kms",Petrol,Manual,₹8 Lakh,new-delhi
Nissan,Nissan TerranoXL,2016,"56,000kms",Petrol,Manual,₹3.95 Lakh,new-delhi
Tata,Tata HexaXM,2017,"60,000kms",Diesel,Manual,₹7.25 Lakh,new-delhi
Maruti,Maruti Wagon R StingrayLXI,2016,"71,000kms",Petrol,Manual,₹2.99 Lakh,new-delhi
Jaguar,Jaguar XEPrestige,2017,"30,000kms",Petrol,Automatic,₹21 Lakh,new-delhi
Hyundai,Hyundai XcentVTVT Plus ABS,2016,"90,000kms",Petrol,Manual,₹4 Lakh,new-delhi
Hyundai,Hyundai Grand i101.2 CRDi Asta,2019,"40,900kms",Diesel,Manual,₹4 Lakh,new-delhi
Hyundai,Hyundai i10Magna 1.1L,2016,"78,000kms",Petrol,Manual,₹2.50 Lakh,new-delhi
Maruti,Maruti Grand VitaraDelta CNG 2 Airbag,2024,"40,000kms",CNG,Manual,₹12.30 Lakh,new-delhi
Hyundai,Hyundai Grand i10Sportz,2015,"93,000kms",Petrol,Manual,₹3.20 Lakh,new-delhi
Hyundai,Hyundai i10Magna,2011,"30,000kms",Petrol,Manual,₹1.30 Lakh,new-delhi
Maruti,Maruti Wagon RCNG LXI Opt,2022,"70,000kms",CNG,Manual,₹5 Lakh,new-delhi
Maruti,Maruti Wagon RLXI BSII,2012,"48,000kms",Petrol,Manual,₹1.85 Lakh,new-delhi
Maruti,Maruti Vitara BrezzaVDi,2020,"40,000kms",Diesel,Manual,₹5.50 Lakh,new-delhi
Hyundai,Hyundai i201.2 Spotz,2018,"70,000kms",Petrol,Manual,₹4.50 Lakh,new-delhi
Hyundai,Hyundai Creta1.4 CRDi S,2017,"1,00,000kms",Diesel,Manual,₹6.50 Lakh,new-delhi
Audi,Audi A335 TFSI Premium,2018,"24,000kms",Petrol,Automatic,₹16.99 Lakh,new-delhi
Tata,Tata NexonPure S,2024,"20,000kms",Petrol,Manual,₹7.50 Lakh,new-delhi
Toyota,Toyota Innova Crysta2.7 GX MT BSIV,2017,"90,000kms",Petrol,Manual,₹11.25 Lakh,new-delhi
Kia,Kia CarnivalLimousine Plus,2023,"67,000kms",Diesel,Automatic,₹35 Lakh,new-delhi
Hyundai,Hyundai Creta1.6 SX,2018,"80,000kms",Petrol,Manual,₹8 Lakh,new-delhi
Nissan,Nissan TerranoXL,2016,"56,000kms",Petrol,Manual,₹3.95 Lakh,new-delhi
Tata,Tata HexaXM,2017,"60,000kms",Diesel,Manual,₹7.25 Lakh,new-delhi
Maruti,Maruti Wagon R StingrayLXI,2016,"71,000kms",Petrol,Manual,₹2.99 Lakh,new-delhi
Jaguar,Jaguar XEPrestige,2017,"30,000kms",Petrol,Automatic,₹21 Lakh,new-delhi
Hyundai,Hyundai XcentVTVT Plus ABS,2016,"90,000kms",Petrol,Manual,₹4 Lakh,new-delhi
Hyundai,Hyundai Grand i101.2 CRDi Asta,2019,"40,900kms",Diesel,Manual,₹4 Lakh,new-delhi
Hyundai,Hyundai i10Magna 1.1L,2016,"78,000kms",Petrol,Manual,₹2.50 Lakh,new-delhi
Maruti,Maruti Grand VitaraDelta CNG 2 Airbag,2024,"40,000kms",CNG,Manual,₹12.30 Lakh,new-delhi
Hyundai,Hyundai Grand i10Sportz,2015,"93,000kms",Petrol,Manual,₹3.20 Lakh,new-delhi
Hyundai,Hyundai i10Magna,2011,"30,000kms",Petrol,Manual,₹1.30 Lakh,new-delhi
Maruti,Maruti Wagon RCNG LXI Opt,2022,"70,000kms",CNG,Manual,₹5 Lakh,new-delhi
Maruti,Maruti Wagon RLXI BSII,2012,"48,000kms",Petrol,Manual,₹1.85 Lakh,new-delhi
Maruti,Maruti Vitara BrezzaVDi,2020,"40,000kms",Diesel,Manual,₹5.50 Lakh,new-delhi
Hyundai,Hyundai i201.2 Spotz,2018,"70,000kms",Petrol,Manual,₹4.50 Lakh,new-delhi
Hyundai,Hyundai Creta1.4 CRDi S,2017,"1,00,000kms",Diesel,Manual,₹6.50 Lakh,new-delhi
Audi,Audi A335 TFSI Premium,2018,"24,000kms",Petrol,Automatic,₹16.99 Lakh,new-delhi
Tata,Tata NexonPure S,2024,"20,000kms",Petrol,Manual,₹7.50 Lakh,new-delhi
Hyundai,Hyundai VenueS BSIV,2020,"48,000kms",Petrol,Manual,₹7.50 Lakh,new-delhi
Kia,Kia SonetGravity,2024,"14,000kms",Petrol,Manual,₹8.50 Lakh,new-delhi
Hyundai,Hyundai Creta1.4 CRDi S Plus,2015,"1,00,000kms",Diesel,Manual,₹4 Lakh,new-delhi
Maruti,Maruti Vitara BrezzaZDi Plus,2018,"80,000kms",Diesel,Manual,₹6.25 Lakh,new-delhi
Kia,Kia SeltosX-Line Diesel AT,2022,"1,00,000kms",Diesel,Automatic,₹13 Lakh,new-delhi
Maruti,Maruti SwiftZXI BSIV,2016,"90,000kms",Petrol,Manual,₹3.50 Lakh,new-delhi
Tata,Tata NexonXZ Plus DualTone Roof (O),2021,"47,000kms",Petrol,Manual,₹7 Lakh,new-delhi
Mercedes-Benz,Mercedes-Benz CLA200 CDI Sport,2017,"62,000kms",Diesel,Automatic,₹13 Lakh,new-delhi
Toyota,Toyota Innova Crysta2.7 GX MT BSIV,2017,"90,000kms",Petrol,Manual,₹11.25 Lakh,new-delhi
Tata,Tata HexaXM,2017,"60,000kms",Diesel,Manual,₹7.25 Lakh,new-delhi
Hyundai,Hyundai Grand i10Sportz,2015,"93,000kms",Petrol,Manual,₹3.20 Lakh,new-delhi
Hyundai,Hyundai i10Magna,2011,"30,000kms",Petrol,Manual,₹1.30 Lakh,new-delhi
Maruti,Maruti Wagon RCNG LXI Opt,2022,"70,000kms",CNG,Manual,₹5 Lakh,new-delhi
Maruti,Maruti Ciaz1.3 Zeta,2017,"79,000kms",Diesel,Manual,₹4.50 Lakh,new-delhi
Maruti,Maruti Wagon R StingrayVXI,2014,"80,000kms",Petrol,Manual,₹2 Lakh,new-delhi
Tata,Tata NexonPure S,2023,"30,000kms",Petrol,Manual,₹7.50 Lakh,new-delhi
Maruti,Maruti Wagon RLXI BSII,2012,"48,000kms",Petrol,Manual,₹1.85 Lakh,new-delhi
Hyundai,Hyundai i10Magna 1.1L,2016,"78,000kms",Petrol,Manual,₹2.50 Lakh,new-delhi
Hyundai,Hyundai i20Sportz 1.2,2014,"74,000kms",Petrol,Manual,₹3.30 Lakh,new-delhi
Maruti,Maruti Wagon RAMT VXI,2017,"35,000kms",Petrol,Automatic,₹3.25 Lakh,new-delhi
Maruti,Maruti Grand VitaraZeta BSVI,2022,"41,090kms",Petrol,Manual,₹10 Lakh,new-delhi
Honda,Honda CityE,2013,"90,000kms",Petrol,Manual,₹2.30 Lakh,new-delhi
Hyundai,Hyundai Grand i10 NiosAMT Sportz,2021,"44,148kms",Petrol,Automatic,₹5.65 Lakh,new-delhi
Maruti,Maruti Grand VitaraDelta,2025,"20,000kms",Petrol,Manual,₹10.50 Lakh,new-delhi
Kia,Kia SeltosGTX Plus DCT,2022,"43,000kms",Petrol,Automatic,₹14.50 Lakh,new-delhi
Ford,Ford Ecosport1.5 Petrol Ambiente BSIV,2019,"68,000kms",Petrol,Manual,₹4.85 Lakh,new-delhi
Maruti,Maruti SwiftVXI,2013,"1,00,000kms",Petrol,Manual,₹2 Lakh,new-delhi
Hyundai,Hyundai i10Era,2011,"10,000kms",Petrol,Manual,₹1.50 Lakh,new-delhi
MG,MG HectorSharp Pro  -2025,2023,"36,000kms",Petrol,Manual,₹11.83 Lakh,new-delhi
Maruti,Maruti SwiftLXI Optional-O,2017,"55,000kms",Petrol,Manual,₹3.50 Lakh,new-delhi
Tata,Tata NexonXZA Plus AMT,2023,"43,000kms",Petrol,Automatic,₹8.50 Lakh,new-delhi
Mercedes-Benz,Mercedes-Benz C-ClassC 200 CGI,2017,"38,000kms",Petrol,Automatic,₹21.50 Lakh,new-delhi
Ford,Ford Ecosport1.5 Diesel Titanium BSIV,2017,"60,000kms",Diesel,Manual,₹4.50 Lakh,new-delhi
Toyota,Toyota GlanzaV,2023,"23,000kms",Petrol,Manual,₹7 Lakh,new-delhi
Hyundai,Hyundai Creta1.6 VTVT S,2015,"40,000kms",Petrol,Manual,₹4.25 Lakh,new-delhi
Maruti,Maruti CelerioZXI,2016,"1,02,000kms",Petrol,Manual,₹2.90 Lakh,new-delhi
Hyundai,Hyundai Grand i10Magna,2017,"40,000kms",Petrol,Manual,₹3.50 Lakh,new-delhi
Hyundai,Hyundai Creta1.4 CRDi S Plus,2015,"1,00,000kms",Diesel,Manual,₹4 Lakh,new-delhi
Maruti,Maruti Vitara BrezzaZDi Plus,2018,"80,000kms",Diesel,Manual,₹6.25 Lakh,new-delhi
Kia,Kia SeltosX-Line Diesel AT,2022,"1,00,000kms",Diesel,Automatic,₹13 Lakh,new-delhi
Maruti,Maruti Grand VitaraZeta BSVI,2022,"41,090kms",Petrol,Manual,₹10 Lakh,new-delhi
Honda,Honda CityE,2013,"90,000kms",Petrol,Manual,₹2.30 Lakh,new-delhi
Hyundai,Hyundai Grand i10 NiosAMT Sportz,2021,"44,148kms",Petrol,Automatic,₹5.65 Lakh,new-delhi
Maruti,Maruti Grand VitaraDelta,2025,"20,000kms",Petrol,Manual,₹10.50 Lakh,new-delhi
Kia,Kia SeltosGTX Plus DCT,2022,"43,000kms",Petrol,Automatic,₹14.50 Lakh,new-delhi
Ford,Ford Ecosport1.5 Petrol Ambiente BSIV,2019,"68,000kms",Petrol,Manual,₹4.85 Lakh,new-delhi
Maruti,Maruti SwiftVXI,2013,"1,00,000kms",Petrol,Manual,₹2 Lakh,new-delhi
Hyundai,Hyundai i10Era,2011,"10,000kms",Petrol,Manual,₹1.50 Lakh,new-delhi
MG,MG HectorSharp Pro  -2025,2023,"36,000kms",Petrol,Manual,₹11.83 Lakh,new-delhi
Maruti,Maruti SwiftLXI Optional-O,2017,"55,000kms",Petrol,Manual,₹3.50 Lakh,new-delhi
Tata,Tata NexonXZA Plus AMT,2023,"43,000kms",Petrol,Automatic,₹8.50 Lakh,new-delhi
Mercedes-Benz,Mercedes-Benz C-ClassC 200 CGI,2017,"38,000kms",Petrol,Automatic,₹21.50 Lakh,new-delhi
Ford,Ford Ecosport1.5 Diesel Titanium BSIV,2017,"60,000kms",Diesel,Manual,₹4.50 Lakh,new-delhi
Toyota,Toyota GlanzaV,2023,"23,000kms",Petrol,Manual,₹7 Lakh,new-delhi
Hyundai,Hyundai Creta1.6 VTVT S,2015,"40,000kms",Petrol,Manual,₹4.25 Lakh,new-delhi
Maruti,Maruti CelerioZXI,2016,"1,02,000kms",Petrol,Manual,₹2.90 Lakh,new-delhi
Hyundai,Hyundai Grand i10Magna,2017,"40,000kms",Petrol,Manual,₹3.50 Lakh,new-delhi
Hyundai,Hyundai Creta1.4 CRDi S Plus,2015,"1,00,000kms",Diesel,Manual,₹4 Lakh,new-delhi
Maruti,Maruti Vitara BrezzaZDi Plus,2018,"80,000kms",Diesel,Manual,₹6.25 Lakh,new-delhi
Kia,Kia SeltosX-Line Diesel AT,2022,"1,00,000kms",Diesel,Automatic,₹13 Lakh,new-delhi
Hyundai,Hyundai VenueS BSIV,2020,"48,000kms",Petrol,Manual,₹7.50 Lakh,new-delhi
Kia,Kia SonetGravity,2024,"14,000kms",Petrol,Manual,₹8.50 Lakh,new-delhi
Hyundai,Hyundai Creta1.4 CRDi S Plus,2015,"1,00,000kms",Diesel,Manual,₹4 Lakh,new-delhi
Maruti,Maruti Vitara BrezzaZDi Plus,2018,"80,000kms",Diesel,Manual,₹6.25 Lakh,new-delhi
Kia,Kia SeltosX-Line Diesel AT,2022,"1,00,000kms",Diesel,Automatic,₹13 Lakh,new-delhi
Maruti,Maruti SwiftZXI BSIV,2016,"90,000kms",Petrol,Manual,₹3.50 Lakh,new-delhi
Tata,Tata NexonXZ Plus DualTone Roof (O),2021,"47,000kms",Petrol,Manual,₹7 Lakh,new-delhi
Mercedes-Benz,Mercedes-Benz CLA200 CDI Sport,2017,"62,000kms",Diesel,Automatic,₹13 Lakh,new-delhi
Toyota,Toyota Innova Crysta2.7 GX MT BSIV,2017,"90,000kms",Petrol,Manual,₹11.25 Lakh,new-delhi
Tata,Tata HexaXM,2017,"60,000kms",Diesel,Manual,₹7.25 Lakh,new-delhi
Hyundai,Hyundai Grand i10Sportz,2015,"93,000kms",Petrol,Manual,₹3.20 Lakh,new-delhi
Hyundai,Hyundai i10Magna,2011,"30,000kms",Petrol,Manual,₹1.30 Lakh,new-delhi
Maruti,Maruti Wagon RCNG LXI Opt,2022,"70,000kms",CNG,Manual,₹5 Lakh,new-delhi
Maruti,Maruti Ciaz1.3 Zeta,2017,"79,000kms",Diesel,Manual,₹4.50 Lakh,new-delhi
Maruti,Maruti Wagon R StingrayVXI,2014,"80,000kms",Petrol,Manual,₹2 Lakh,new-delhi
Tata,Tata NexonPure S,2023,"30,000kms",Petrol,Manual,₹7.50 Lakh,new-delhi
Maruti,Maruti Wagon RLXI BSII,2012,"48,000kms",Petrol,Manual,₹1.85 Lakh,new-delhi
Hyundai,Hyundai i10Magna 1.1L,2016,"78,000kms",Petrol,Manual,₹2.50 Lakh,new-delhi
Hyundai,Hyundai i20Sportz 1.2,2014,"74,000kms",Petrol,Manual,₹3.30 Lakh,new-delhi
Maruti,Maruti Wagon RAMT VXI,2017,"35,000kms",Petrol,Automatic,₹3.25 Lakh,new-delhi
Toyota,Toyota Innova Crysta2.7 GX MT BSIV,2017,"90,000kms",Petrol,Manual,₹11.25 Lakh,new-delhi
Kia,Kia CarnivalLimousine Plus,2023,"67,000kms",Diesel,Automatic,₹35 Lakh,new-delhi
Hyundai,Hyundai Creta1.6 SX,2018,"80,000kms",Petrol,Manual,₹8 Lakh,new-delhi
Nissan,Nissan TerranoXL,2016,"56,000kms",Petrol,Manual,₹3.95 Lakh,new-delhi
Tata,Tata HexaXM,2017,"60,000kms",Diesel,Manual,₹7.25 Lakh,new-delhi
Maruti,Maruti Wagon R StingrayLXI,2016,"71,000kms",Petrol,Manual,₹2.99 Lakh,new-delhi
Jaguar,Jaguar XEPrestige,2017,"30,000kms",Petrol,Automatic,₹21 Lakh,new-delhi
Hyundai,Hyundai XcentVTVT Plus ABS,2016,"90,000kms",Petrol,Manual,₹4 Lakh,new-delhi
Hyundai,Hyundai Grand i101.2 CRDi Asta,2019,"40,900kms",Diesel,Manual,₹4 Lakh,new-delhi
Hyundai,Hyundai i10Magna 1.1L,2016,"78,000kms",Petrol,Manual,₹2.50 Lakh,new-delhi
Maruti,Maruti Grand VitaraDelta CNG 2 Airbag,2024,"40,000kms",CNG,Manual,₹12.30 Lakh,new-delhi
Hyundai,Hyundai Grand i10Sportz,2015,"93,000kms",Petrol,Manual,₹3.20 Lakh,new-delhi
Hyundai,Hyundai i10Magna,2011,"30,000kms",Petrol,Manual,₹1.30 Lakh,new-delhi
Maruti,Maruti Wagon RCNG LXI Opt,2022,"70,000kms",CNG,Manual,₹5 Lakh,new-delhi
Maruti,Maruti Wagon RLXI BSII,2012,"48,000kms",Petrol,Manual,₹1.85 Lakh,new-delhi
Maruti,Maruti Vitara BrezzaVDi,2020,"40,000kms",Diesel,Manual,₹5.50 Lakh,new-delhi
Hyundai,Hyundai i201.2 Spotz,2018,"70,000kms",Petrol,Manual,₹4.50 Lakh,new-delhi
Hyundai,Hyundai Creta1.4 CRDi S,2017,"1,00,000kms",Diesel,Manual,₹6.50 Lakh,new-delhi
Audi,Audi A335 TFSI Premium,2018,"24,000kms",Petrol,Automatic,₹16.99 Lakh,new-delhi
Tata,Tata NexonPure S,2024,"20,000kms",Petrol,Manual,₹7.50 Lakh,new-delhi
Maruti,Maruti Grand VitaraZeta BSVI,2022,"41,090kms",Petrol,Manual,₹10 Lakh,new-delhi
Honda,Honda CityE,2013,"90,000kms",Petrol,Manual,₹2.30 Lakh,new-delhi
Hyundai,Hyundai Grand i10 NiosAMT Sportz,2021,"44,148kms",Petrol,Automatic,₹5.65 Lakh,new-delhi
Maruti,Maruti Grand VitaraDelta,2025,"20,000kms",Petrol,Manual,₹10.50 Lakh,new-delhi
Kia,Kia SeltosGTX Plus DCT,2022,"43,000kms",Petrol,Automatic,₹14.50 Lakh,new-delhi
Ford,Ford Ecosport1.5 Petrol Ambiente BSIV,2019,"68,000kms",Petrol,Manual,₹4.85 Lakh,new-delhi
Maruti,Maruti SwiftVXI,2013,"1,00,000kms",Petrol,Manual,₹2 Lakh,new-delhi
Hyundai,Hyundai i10Era,2011,"10,000kms",Petrol,Manual,₹1.50 Lakh,new-delhi
MG,MG HectorSharp Pro  -2025,2023,"36,000kms",Petrol,Manual,₹11.83 Lakh,new-delhi
Maruti,Maruti SwiftLXI Optional-O,2017,"55,000kms",Petrol,Manual,₹3.50 Lakh,new-delhi
Tata,Tata NexonXZA Plus AMT,2023,"43,000kms",Petrol,Automatic,₹8.50 Lakh,new-delhi
Mercedes-Benz,Mercedes-Benz C-ClassC 200 CGI,2017,"38,000kms",Petrol,Automatic,₹21.50 Lakh,new-delhi
Ford,Ford Ecosport1.5 Diesel Titanium BSIV,2017,"60,000kms",Diesel,Manual,₹4.50 Lakh,new-delhi
Toyota,Toyota GlanzaV,2023,"23,000kms",Petrol,Manual,₹7 Lakh,new-delhi
Hyundai,Hyundai Creta1.6 VTVT S,2015,"40,000kms",Petrol,Manual,₹4.25 Lakh,new-delhi
Maruti,Maruti CelerioZXI,2016,"1,02,000kms",Petrol,Manual,₹2.90 Lakh,new-delhi
Hyundai,Hyundai Grand i10Magna,2017,"40,000kms",Petrol,Manual,₹3.50 Lakh,new-delhi
Hyundai,Hyundai Creta1.4 CRDi S Plus,2015,"1,00,000kms",Diesel,Manual,₹4 Lakh,new-delhi
Maruti,Maruti Vitara BrezzaZDi Plus,2018,"80,000kms",Diesel,Manual,₹6.25 Lakh,new-delhi
Kia,Kia SeltosX-Line Diesel AT,2022,"1,00,000kms",Diesel,Automatic,₹13 Lakh,new-delhi
Hyundai,Hyundai VenueS BSIV,2020,"48,000kms",Petrol,Manual,₹7.50 Lakh,new-delhi
Kia,Kia SonetGravity,2024,"14,000kms",Petrol,Manual,₹8.50 Lakh,new-delhi
Hyundai,Hyundai Creta1.4 CRDi S Plus,2015,"1,00,000kms",Diesel,Manual,₹4 Lakh,new-delhi
Maruti,Maruti Vitara BrezzaZDi Plus,2018,"80,000kms",Diesel,Manual,₹6.25 Lakh,new-delhi
Kia,Kia SeltosX-Line Diesel AT,2022,"1,00,000kms",Diesel,Automatic,₹13 Lakh,new-delhi
Maruti,Maruti SwiftZXI BSIV,2016,"90,000kms",Petrol,Manual,₹3.50 Lakh,new-delhi
Tata,Tata NexonXZ Plus DualTone Roof (O),2021,"47,000kms",Petrol,Manual,₹7 Lakh,new-delhi
Mercedes-Benz,Mercedes-Benz CLA200 CDI Sport,2017,"62,000kms",Diesel,Automatic,₹13 Lakh,new-delhi
Toyota,Toyota Innova Crysta2.7 GX MT BSIV,2017,"90,000kms",Petrol,Manual,₹11.25 Lakh,new-delhi
Tata,Tata HexaXM,2017,"60,000kms",Diesel,Manual,₹7.25 Lakh,new-delhi
Hyundai,Hyundai Grand i10Sportz,2015,"93,000kms",Petrol,Manual,₹3.20 Lakh,new-delhi
Hyundai,Hyundai i10Magna,2011,"30,000kms",Petrol,Manual,₹1.30 Lakh,new-delhi
Maruti,Maruti Wagon RCNG LXI Opt,2022,"70,000kms",CNG,Manual,₹5 Lakh,new-delhi
Maruti,Maruti Ciaz1.3 Zeta,2017,"79,000kms",Diesel,Manual,₹4.50 Lakh,new-delhi
Maruti,Maruti Wagon R StingrayVXI,2014,"80,000kms",Petrol,Manual,₹2 Lakh,new-delhi
Tata,Tata NexonPure S,2023,"30,000kms",Petrol,Manual,₹7.50 Lakh,new-delhi
Maruti,Maruti Wagon RLXI BSII,2012,"48,000kms",Petrol,Manual,₹1.85 Lakh,new-delhi
Hyundai,Hyundai i10Magna 1.1L,2016,"78,000kms",Petrol,Manual,₹2.50 Lakh,new-delhi
Hyundai,Hyundai i20Sportz 1.2,2014,"74,000kms",Petrol,Manual,₹3.30 Lakh,new-delhi
Maruti,Maruti Wagon RAMT VXI,2017,"35,000kms",Petrol,Automatic,₹3.25 Lakh,new-delhi
Hyundai,Hyundai VenueS BSIV,2020,"48,000kms",Petrol,Manual,₹7.50 Lakh,new-delhi
Kia,Kia SonetGravity,2024,"14,000kms",Petrol,Manual,₹8.50 Lakh,new-delhi
Hyundai,Hyundai Creta1.4 CRDi S Plus,2015,"1,00,000kms",Diesel,Manual,₹4 Lakh,new-delhi
Maruti,Maruti Vitara BrezzaZDi Plus,2018,"80,000kms",Diesel,Manual,₹6.25 Lakh,new-delhi
Kia,Kia SeltosX-Line Diesel AT,2022,"1,00,000kms",Diesel,Automatic,₹13 Lakh,new-delhi
Maruti,Maruti SwiftZXI BSIV,2016,"90,000kms",Petrol,Manual,₹3.50 Lakh,new-delhi
Tata,Tata NexonXZ Plus DualTone Roof (O),2021,"47,000kms",Petrol,Manual,₹7 Lakh,new-delhi
Mercedes-Benz,Mercedes-Benz CLA200 CDI Sport,2017,"62,000kms",Diesel,Automatic,₹13 Lakh,new-delhi
Toyota,Toyota Innova Crysta2.7 GX MT BSIV,2017,"90,000kms",Petrol,Manual,₹11.25 Lakh,new-delhi
Tata,Tata HexaXM,2017,"60,000kms",Diesel,Manual,₹7.25 Lakh,new-delhi
Hyundai,Hyundai Grand i10Sportz,2015,"93,000kms",Petrol,Manual,₹3.20 Lakh,new-delhi
Hyundai,Hyundai i10Magna,2011,"30,000kms",Petrol,Manual,₹1.30 Lakh,new-delhi
Maruti,Maruti Wagon RCNG LXI Opt,2022,"70,000kms",CNG,Manual,₹5 Lakh,new-delhi
Maruti,Maruti Ciaz1.3 Zeta,2017,"79,000kms",Diesel,Manual,₹4.50 Lakh,new-delhi
Maruti,Maruti Wagon R StingrayVXI,2014,"80,000kms",Petrol,Manual,₹2 Lakh,new-delhi
Tata,Tata NexonPure S,2023,"30,000kms",Petrol,Manual,₹7.50 Lakh,new-delhi
Maruti,Maruti Wagon RLXI BSII,2012,"48,000kms",Petrol,Manual,₹1.85 Lakh,new-delhi
Hyundai,Hyundai i10Magna 1.1L,2016,"78,000kms",Petrol,Manual,₹2.50 Lakh,new-delhi
Hyundai,Hyundai i20Sportz 1.2,2014,"74,000kms",Petrol,Manual,₹3.30 Lakh,new-delhi
Maruti,Maruti Wagon RAMT VXI,2017,"35,000kms",Petrol,Automatic,₹3.25 Lakh,new-delhi
Hyundai,Hyundai VenueS BSIV,2020,"48,000kms",Petrol,Manual,₹7.50 Lakh,new-delhi
Kia,Kia SonetGravity,2024,"14,000kms",Petrol,Manual,₹8.50 Lakh,new-delhi
Hyundai,Hyundai Creta1.4 CRDi S Plus,2015,"1,00,000kms",Diesel,Manual,₹4 Lakh,new-delhi
Maruti,Maruti Vitara BrezzaZDi Plus,2018,"80,000kms",Diesel,Manual,₹6.25 Lakh,new-delhi
Kia,Kia SeltosX-Line Diesel AT,2022,"1,00,000kms",Diesel,Automatic,₹13 Lakh,new-delhi
Maruti,Maruti SwiftZXI BSIV,2016,"90,000kms",Petrol,Manual,₹3.50 Lakh,new-delhi
Tata,Tata NexonXZ Plus DualTone Roof (O),2021,"47,000kms",Petrol,Manual,₹7 Lakh,new-delhi
Mercedes-Benz,Mercedes-Benz CLA200 CDI Sport,2017,"62,000kms",Diesel,Automatic,₹13 Lakh,new-delhi
Toyota,Toyota Innova Crysta2.7 GX MT BSIV,2017,"90,000kms",Petrol,Manual,₹11.25 Lakh,new-delhi
Tata,Tata HexaXM,2017,"60,000kms",Diesel,Manual,₹7.25 Lakh,new-delhi
Hyundai,Hyundai Grand i10Sportz,2015,"93,000kms",Petrol,Manual,₹3.20 Lakh,new-delhi
Hyundai,Hyundai i10Magna,2011,"30,000kms",Petrol,Manual,₹1.30 Lakh,new-delhi
Maruti,Maruti Wagon RCNG LXI Opt,2022,"70,000kms",CNG,Manual,₹5 Lakh,new-delhi
Maruti,Maruti Ciaz1.3 Zeta,2017,"79,000kms",Diesel,Manual,₹4.50 Lakh,new-delhi
Maruti,Maruti Wagon R StingrayVXI,2014,"80,000kms",Petrol,Manual,₹2 Lakh,new-delhi
Tata,Tata NexonPure S,2023,"30,000kms",Petrol,Manual,₹7.50 Lakh,new-delhi
Maruti,Maruti Wagon RLXI BSII,2012,"48,000kms",Petrol,Manual,₹1.85 Lakh,new-delhi
Hyundai,Hyundai i10Magna 1.1L,2016,"78,000kms",Petrol,Manual,₹2.50 Lakh,new-delhi
Hyundai,Hyundai i20Sportz 1.2,2014,"74,000kms",Petrol,Manual,₹3.30 Lakh,new-delhi
Maruti,Maruti Wagon RAMT VXI,2017,"35,000kms",Petrol,Automatic,₹3.25 Lakh,new-delhi
Toyota,Toyota Innova Crysta2.7 GX MT BSIV,2017,"90,000kms",Petrol,Manual,₹11.25 Lakh,new-delhi
Kia,Kia CarnivalLimousine Plus,2023,"67,000kms",Diesel,Automatic,₹35 Lakh,new-delhi
Hyundai,Hyundai Creta1.6 SX,2018,"80,000kms",Petrol,Manual,₹8 Lakh,new-delhi
Nissan,Nissan TerranoXL,2016,"56,000kms",Petrol,Manual,₹3.95 Lakh,new-delhi
Tata,Tata HexaXM,2017,"60,000kms",Diesel,Manual,₹7.25 Lakh,new-delhi
Maruti,Maruti Wagon R StingrayLXI,2016,"71,000kms",Petrol,Manual,₹2.99 Lakh,new-delhi
Jaguar,Jaguar XEPrestige,2017,"30,000kms",Petrol,Automatic,₹21 Lakh,new-delhi
Hyundai,Hyundai XcentVTVT Plus ABS,2016,"90,000kms",Petrol,Manual,₹4 Lakh,new-delhi
Hyundai,Hyundai Grand i101.2 CRDi Asta,2019,"40,900kms",Diesel,Manual,₹4 Lakh,new-delhi
Hyundai,Hyundai i10Magna 1.1L,2016,"78,000kms",Petrol,Manual,₹2.50 Lakh,new-delhi
Maruti,Maruti Grand VitaraDelta CNG 2 Airbag,2024,"40,000kms",CNG,Manual,₹12.30 Lakh,new-delhi
Hyundai,Hyundai Grand i10Sportz,2015,"93,000kms",Petrol,Manual,₹3.20 Lakh,new-delhi
Hyundai,Hyundai i10Magna,2011,"30,000kms",Petrol,Manual,₹1.30 Lakh,new-delhi
Maruti,Maruti Wagon RCNG LXI Opt,2022,"70,000kms",CNG,Manual,₹5 Lakh,new-delhi
Maruti,Maruti Wagon RLXI BSII,2012,"48,000kms",Petrol,Manual,₹1.85 Lakh,new-delhi
Maruti,Maruti Vitara BrezzaVDi,2020,"40,000kms",Diesel,Manual,₹5.50 Lakh,new-delhi
Hyundai,Hyundai i201.2 Spotz,2018,"70,000kms",Petrol,Manual,₹4.50 Lakh,new-delhi
Hyundai,Hyundai Creta1.4 CRDi S,2017,"1,00,000kms",Diesel,Manual,₹6.50 Lakh,new-delhi
Audi,Audi A335 TFSI Premium,2018,"24,000kms",Petrol,Automatic,₹16.99 Lakh,new-delhi
Tata,Tata NexonPure S,2024,"20,000kms",Petrol,Manual,₹7.50 Lakh,new-delhi
Maruti,Maruti Grand VitaraZeta BSVI,2022,"41,090kms",Petrol,Manual,₹10 Lakh,new-delhi
Honda,Honda CityE,2013,"90,000kms",Petrol,Manual,₹2.30 Lakh,new-delhi
Hyundai,Hyundai Grand i10 NiosAMT Sportz,2021,"44,148kms",Petrol,Automatic,₹5.65 Lakh,new-delhi
Maruti,Maruti Grand VitaraDelta,2025,"20,000kms",Petrol,Manual,₹10.50 Lakh,new-delhi
Kia,Kia SeltosGTX Plus DCT,2022,"43,000kms",Petrol,Automatic,₹14.50 Lakh,new-delhi
Ford,Ford Ecosport1.5 Petrol Ambiente BSIV,2019,"68,000kms",Petrol,Manual,₹4.85 Lakh,new-delhi
Maruti,Maruti SwiftVXI,2013,"1,00,000kms",Petrol,Manual,₹2 Lakh,new-delhi
Hyundai,Hyundai i10Era,2011,"10,000kms",Petrol,Manual,₹1.50 Lakh,new-delhi
MG,MG HectorSharp Pro  -2025,2023,"36,000kms",Petrol,Manual,₹11.83 Lakh,new-delhi
Maruti,Maruti SwiftLXI Optional-O,2017,"55,000kms",Petrol,Manual,₹3.50 Lakh,new-delhi
Tata,Tata NexonXZA Plus AMT,2023,"43,000kms",Petrol,Automatic,₹8.50 Lakh,new-delhi
Mercedes-Benz,Mercedes-Benz C-ClassC 200 CGI,2017,"38,000kms",Petrol,Automatic,₹21.50 Lakh,new-delhi
Ford,Ford Ecosport1.5 Diesel Titanium BSIV,2017,"60,000kms",Diesel,Manual,₹4.50 Lakh,new-delhi
Toyota,Toyota GlanzaV,2023,"23,000kms",Petrol,Manual,₹7 Lakh,new-delhi
Hyundai,Hyundai Creta1.6 VTVT S,2015,"40,000kms",Petrol,Manual,₹4.25 Lakh,new-delhi
Maruti,Maruti CelerioZXI,2016,"1,02,000kms",Petrol,Manual,₹2.90 Lakh,new-delhi
Hyundai,Hyundai Grand i10Magna,2017,"40,000kms",Petrol,Manual,₹3.50 Lakh,new-delhi
Hyundai,Hyundai Creta1.4 CRDi S Plus,2015,"1,00,000kms",Diesel,Manual,₹4 Lakh,new-delhi
Maruti,Maruti Vitara BrezzaZDi Plus,2018,"80,000kms",Diesel,Manual,₹6.25 Lakh,new-delhi
Kia,Kia SeltosX-Line Diesel AT,2022,"1,00,000kms",Diesel,Automatic,₹13 Lakh,new-delhi
Hyundai,Hyundai VenueS BSIV,2020,"48,000kms",Petrol,Manual,₹7.50 Lakh,new-delhi
Kia,Kia SonetGravity,2024,"14,000kms",Petrol,Manual,₹8.50 Lakh,new-delhi
Hyundai,Hyundai Creta1.4 CRDi S Plus,2015,"1,00,000kms",Diesel,Manual,₹4 Lakh,new-delhi
Maruti,Maruti Vitara BrezzaZDi Plus,2018,"80,000kms",Diesel,Manual,₹6.25 Lakh,new-delhi
Kia,Kia SeltosX-Line Diesel AT,2022,"1,00,000kms",Diesel,Automatic,₹13 Lakh,new-delhi
Maruti,Maruti SwiftZXI BSIV,2016,"90,000kms",Petrol,Manual,₹3.50 Lakh,new-delhi
Tata,Tata NexonXZ Plus DualTone Roof (O),2021,"47,000kms",Petrol,Manual,₹7 Lakh,new-delhi
Mercedes-Benz,Mercedes-Benz CLA200 CDI Sport,2017,"62,000kms",Diesel,Automatic,₹13 Lakh,new-delhi
Toyota,Toyota Innova Crysta2.7 GX MT BSIV,2017,"90,000kms",Petrol,Manual,₹11.25 Lakh,new-delhi
Tata,Tata HexaXM,2017,"60,000kms",Diesel,Manual,₹7.25 Lakh,new-delhi
Hyundai,Hyundai Grand i10Sportz,2015,"93,000kms",Petrol,Manual,₹3.20 Lakh,new-delhi
Hyundai,Hyundai i10Magna,2011,"30,000kms",Petrol,Manual,₹1.30 Lakh,new-delhi
Maruti,Maruti Wagon RCNG LXI Opt,2022,"70,000kms",CNG,Manual,₹5 Lakh,new-delhi
Maruti,Maruti Ciaz1.3 Zeta,2017,"79,000kms",Diesel,Manual,₹4.50 Lakh,new-delhi
Maruti,Maruti Wagon R StingrayVXI,2014,"80,000kms",Petrol,Manual,₹2 Lakh,new-delhi
Tata,Tata NexonPure S,2023,"30,000kms",Petrol,Manual,₹7.50 Lakh,new-delhi
Maruti,Maruti Wagon RLXI BSII,2012,"48,000kms",Petrol,Manual,₹1.85 Lakh,new-delhi
Hyundai,Hyundai i10Magna 1.1L,2016,"78,000kms",Petrol,Manual,₹2.50 Lakh,new-delhi
Hyundai,Hyundai i20Sportz 1.2,2014,"74,000kms",Petrol,Manual,₹3.30 Lakh,new-delhi
Maruti,Maruti Wagon RAMT VXI,2017,"35,000kms",Petrol,Automatic,₹3.25 Lakh,new-delhi
Maruti,Maruti Grand VitaraZeta BSVI,2022,"41,090kms",Petrol,Manual,₹10 Lakh,new-delhi
Honda,Honda CityE,2013,"90,000kms",Petrol,Manual,₹2.30 Lakh,new-delhi
Hyundai,Hyundai Grand i10 NiosAMT Sportz,2021,"44,148kms",Petrol,Automatic,₹5.65 Lakh,new-delhi
Maruti,Maruti Grand VitaraDelta,2025,"20,000kms",Petrol,Manual,₹10.50 Lakh,new-delhi
Kia,Kia SeltosGTX Plus DCT,2022,"43,000kms",Petrol,Automatic,₹14.50 Lakh,new-delhi
Ford,Ford Ecosport1.5 Petrol Ambiente BSIV,2019,"68,000kms",Petrol,Manual,₹4.85 Lakh,new-delhi
Maruti,Maruti SwiftVXI,2013,"1,00,000kms",Petrol,Manual,₹2 Lakh,new-delhi
Hyundai,Hyundai i10Era,2011,"10,000kms",Petrol,Manual,₹1.50 Lakh,new-delhi
MG,MG HectorSharp Pro  -2025,2023,"36,000kms",Petrol,Manual,₹11.83 Lakh,new-delhi
Maruti,Maruti SwiftLXI Optional-O,2017,"55,000kms",Petrol,Manual,₹3.50 Lakh,new-delhi
Tata,Tata NexonXZA Plus AMT,2023,"43,000kms",Petrol,Automatic,₹8.50 Lakh,new-delhi
Mercedes-Benz,Mercedes-Benz C-ClassC 200 CGI,2017,"38,000kms",Petrol,Automatic,₹21.50 Lakh,new-delhi
Ford,Ford Ecosport1.5 Diesel Titanium BSIV,2017,"60,000kms",Diesel,Manual,₹4.50 Lakh,new-delhi
Toyota,Toyota GlanzaV,2023,"23,000kms",Petrol,Manual,₹7 Lakh,new-delhi
Hyundai,Hyundai Creta1.6 VTVT S,2015,"40,000kms",Petrol,Manual,₹4.25 Lakh,new-delhi
Maruti,Maruti CelerioZXI,2016,"1,02,000kms",Petrol,Manual,₹2.90 Lakh,new-delhi
Hyundai,Hyundai Grand i10Magna,2017,"40,000kms",Petrol,Manual,₹3.50 Lakh,new-delhi
Hyundai,Hyundai Creta1.4 CRDi S Plus,2015,"1,00,000kms",Diesel,Manual,₹4 Lakh,new-delhi
Maruti,Maruti Vitara BrezzaZDi Plus,2018,"80,000kms",Diesel,Manual,₹6.25 Lakh,new-delhi
Kia,Kia SeltosX-Line Diesel AT,2022,"1,00,000kms",Diesel,Automatic,₹13 Lakh,new-delhi
Maruti,Maruti Grand VitaraZeta BSVI,2022,"41,090kms",Petrol,Manual,₹10 Lakh,new-delhi
Honda,Honda CityE,2013,"90,000kms",Petrol,Manual,₹2.30 Lakh,new-delhi
Hyundai,Hyundai Grand i10 NiosAMT Sportz,2021,"44,148kms",Petrol,Automatic,₹5.65 Lakh,new-delhi
Maruti,Maruti Grand VitaraDelta,2025,"20,000kms",Petrol,Manual,₹10.50 Lakh,new-delhi
Kia,Kia SeltosGTX Plus DCT,2022,"43,000kms",Petrol,Automatic,₹14.50 Lakh,new-delhi
Ford,Ford Ecosport1.5 Petrol Ambiente BSIV,2019,"68,000kms",Petrol,Manual,₹4.85 Lakh,new-delhi
Maruti,Maruti SwiftVXI,2013,"1,00,000kms",Petrol,Manual,₹2 Lakh,new-delhi
Hyundai,Hyundai i10Era,2011,"10,000kms",Petrol,Manual,₹1.50 Lakh,new-delhi
MG,MG HectorSharp Pro  -2025,2023,"36,000kms",Petrol,Manual,₹11.83 Lakh,new-delhi
Maruti,Maruti SwiftLXI Optional-O,2017,"55,000kms",Petrol,Manual,₹3.50 Lakh,new-delhi
Tata,Tata NexonXZA Plus AMT,2023,"43,000kms",Petrol,Automatic,₹8.50 Lakh,new-delhi
Mercedes-Benz,Mercedes-Benz C-ClassC 200 CGI,2017,"38,000kms",Petrol,Automatic,₹21.50 Lakh,new-delhi
Ford,Ford Ecosport1.5 Diesel Titanium BSIV,2017,"60,000kms",Diesel,Manual,₹4.50 Lakh,new-delhi
Toyota,Toyota GlanzaV,2023,"23,000kms",Petrol,Manual,₹7 Lakh,new-delhi
Hyundai,Hyundai Creta1.6 VTVT S,2015,"40,000kms",Petrol,Manual,₹4.25 Lakh,new-delhi
Maruti,Maruti CelerioZXI,2016,"1,02,000kms",Petrol,Manual,₹2.90 Lakh,new-delhi
Hyundai,Hyundai Grand i10Magna,2017,"40,000kms",Petrol,Manual,₹3.50 Lakh,new-delhi
Hyundai,Hyundai Creta1.4 CRDi S Plus,2015,"1,00,000kms",Diesel,Manual,₹4 Lakh,new-delhi
Maruti,Maruti Vitara BrezzaZDi Plus,2018,"80,000kms",Diesel,Manual,₹6.25 Lakh,new-delhi
Kia,Kia SeltosX-Line Diesel AT,2022,"1,00,000kms",Diesel,Automatic,₹13 Lakh,new-delhi
Maruti,Maruti Grand VitaraZeta BSVI,2022,"41,090kms",Petrol,Manual,₹10 Lakh,new-delhi
Honda,Honda CityE,2013,"90,000kms",Petrol,Manual,₹2.30 Lakh,new-delhi
Hyundai,Hyundai Grand i10 NiosAMT Sportz,2021,"44,148kms",Petrol,Automatic,₹5.65 Lakh,new-delhi
Maruti,Maruti Grand VitaraDelta,2025,"20,000kms",Petrol,Manual,₹10.50 Lakh,new-delhi
Kia,Kia SeltosGTX Plus DCT,2022,"43,000kms",Petrol,Automatic,₹14.50 Lakh,new-delhi
Ford,Ford Ecosport1.5 Petrol Ambiente BSIV,2019,"68,000kms",Petrol,Manual,₹4.85 Lakh,new-delhi
Maruti,Maruti SwiftVXI,2013,"1,00,000kms",Petrol,Manual,₹2 Lakh,new-delhi
Hyundai,Hyundai i10Era,2011,"10,000kms",Petrol,Manual,₹1.50 Lakh,new-delhi
MG,MG HectorSharp Pro  -2025,2023,"36,000kms",Petrol,Manual,₹11.83 Lakh,new-delhi
Maruti,Maruti SwiftLXI Optional-O,2017,"55,000kms",Petrol,Manual,₹3.50 Lakh,new-delhi
Tata,Tata NexonXZA Plus AMT,2023,"43,000kms",Petrol,Automatic,₹8.50 Lakh,new-delhi
Mercedes-Benz,Mercedes-Benz C-ClassC 200 CGI,2017,"38,000kms",Petrol,Automatic,₹21.50 Lakh,new-delhi
Ford,Ford Ecosport1.5 Diesel Titanium BSIV,2017,"60,000kms",Diesel,Manual,₹4.50 Lakh,new-delhi
Toyota,Toyota GlanzaV,2023,"23,000kms",Petrol,Manual,₹7 Lakh,new-delhi
Hyundai,Hyundai Creta1.6 VTVT S,2015,"40,000kms",Petrol,Manual,₹4.25 Lakh,new-delhi
Maruti,Maruti CelerioZXI,2016,"1,02,000kms",Petrol,Manual,₹2.90 Lakh,new-delhi
Hyundai,Hyundai Grand i10Magna,2017,"40,000kms",Petrol,Manual,₹3.50 Lakh,new-delhi
Hyundai,Hyundai Creta1.4 CRDi S Plus,2015,"1,00,000kms",Diesel,Manual,₹4 Lakh,new-delhi
Maruti,Maruti Vitara BrezzaZDi Plus,2018,"80,000kms",Diesel,Manual,₹6.25 Lakh,new-delhi
Kia,Kia SeltosX-Line Diesel AT,2022,"1,00,000kms",Diesel,Automatic,₹13 Lakh,new-delhi
Toyota,Toyota Innova Crysta2.7 GX MT BSIV,2017,"90,000kms",Petrol,Manual,₹11.25 Lakh,new-delhi
Kia,Kia CarnivalLimousine Plus,2023,"67,000kms",Diesel,Automatic,₹35 Lakh,new-delhi
Hyundai,Hyundai Creta1.6 SX,2018,"80,000kms",Petrol,Manual,₹8 Lakh,new-delhi
Nissan,Nissan TerranoXL,2016,"56,000kms",Petrol,Manual,₹3.95 Lakh,new-delhi
Tata,Tata HexaXM,2017,"60,000kms",Diesel,Manual,₹7.25 Lakh,new-delhi
Maruti,Maruti Wagon R StingrayLXI,2016,"71,000kms",Petrol,Manual,₹2.99 Lakh,new-delhi
Jaguar,Jaguar XEPrestige,2017,"30,000kms",Petrol,Automatic,₹21 Lakh,new-delhi
Hyundai,Hyundai XcentVTVT Plus ABS,2016,"90,000kms",Petrol,Manual,₹4 Lakh,new-delhi
Hyundai,Hyundai Grand i101.2 CRDi Asta,2019,"40,900kms",Diesel,Manual,₹4 Lakh,new-delhi
Hyundai,Hyundai i10Magna 1.1L,2016,"78,000kms",Petrol,Manual,₹2.50 Lakh,new-delhi
Maruti,Maruti Grand VitaraDelta CNG 2 Airbag,2024,"40,000kms",CNG,Manual,₹12.30 Lakh,new-delhi
Hyundai,Hyundai Grand i10Sportz,2015,"93,000kms",Petrol,Manual,₹3.20 Lakh,new-delhi
Hyundai,Hyundai i10Magna,2011,"30,000kms",Petrol,Manual,₹1.30 Lakh,new-delhi
Maruti,Maruti Wagon RCNG LXI Opt,2022,"70,000kms",CNG,Manual,₹5 Lakh,new-delhi
Maruti,Maruti Wagon RLXI BSII,2012,"48,000kms",Petrol,Manual,₹1.85 Lakh,new-delhi
Maruti,Maruti Vitara BrezzaVDi,2020,"40,000kms",Diesel,Manual,₹5.50 Lakh,new-delhi
Hyundai,Hyundai i201.2 Spotz,2018,"70,000kms",Petrol,Manual,₹4.50 Lakh,new-delhi
Hyundai,Hyundai Creta1.4 CRDi S,2017,"1,00,000kms",Diesel,Manual,₹6.50 Lakh,new-delhi
Audi,Audi A335 TFSI Premium,2018,"24,000kms",Petrol,Automatic,₹16.99 Lakh,new-delhi
Tata,Tata NexonPure S,2024,"20,000kms",Petrol,Manual,₹7.50 Lakh,new-delhi
Hyundai,Hyundai VenueS BSIV,2020,"48,000kms",Petrol,Manual,₹7.50 Lakh,new-delhi
Kia,Kia SonetGravity,2024,"14,000kms",Petrol,Manual,₹8.50 Lakh,new-delhi
Hyundai,Hyundai Creta1.4 CRDi S Plus,2015,"1,00,000kms",Diesel,Manual,₹4 Lakh,new-delhi
Maruti,Maruti Vitara BrezzaZDi Plus,2018,"80,000kms",Diesel,Manual,₹6.25 Lakh,new-delhi
Kia,Kia SeltosX-Line Diesel AT,2022,"1,00,000kms",Diesel,Automatic,₹13 Lakh,new-delhi
Maruti,Maruti SwiftZXI BSIV,2016,"90,000kms",Petrol,Manual,₹3.50 Lakh,new-delhi
Tata,Tata NexonXZ Plus DualTone Roof (O),2021,"47,000kms",Petrol,Manual,₹7 Lakh,new-delhi
Mercedes-Benz,Mercedes-Benz CLA200 CDI Sport,2017,"62,000kms",Diesel,Automatic,₹13 Lakh,new-delhi
Toyota,Toyota Innova Crysta2.7 GX MT BSIV,2017,"90,000kms",Petrol,Manual,₹11.25 Lakh,new-delhi
Tata,Tata HexaXM,2017,"60,000kms",Diesel,Manual,₹7.25 Lakh,new-delhi
Hyundai,Hyundai Grand i10Sportz,2015,"93,000kms",Petrol,Manual,₹3.20 Lakh,new-delhi
Hyundai,Hyundai i10Magna,2011,"30,000kms",Petrol,Manual,₹1.30 Lakh,new-delhi
Maruti,Maruti Wagon RCNG LXI Opt,2022,"70,000kms",CNG,Manual,₹5 Lakh,new-delhi
Maruti,Maruti Ciaz1.3 Zeta,2017,"79,000kms",Diesel,Manual,₹4.50 Lakh,new-delhi
Maruti,Maruti Wagon R StingrayVXI,2014,"80,000kms",Petrol,Manual,₹2 Lakh,new-delhi
Tata,Tata NexonPure S,2023,"30,000kms",Petrol,Manual,₹7.50 Lakh,new-delhi
Maruti,Maruti Wagon RLXI BSII,2012,"48,000kms",Petrol,Manual,₹1.85 Lakh,new-delhi
Hyundai,Hyundai i10Magna 1.1L,2016,"78,000kms",Petrol,Manual,₹2.50 Lakh,new-delhi
Hyundai,Hyundai i20Sportz 1.2,2014,"74,000kms",Petrol,Manual,₹3.30 Lakh,new-delhi
Maruti,Maruti Wagon RAMT VXI,2017,"35,000kms",Petrol,Automatic,₹3.25 Lakh,new-delhi
Hyundai,Hyundai VenueS BSIV,2020,"48,000kms",Petrol,Manual,₹7.50 Lakh,new-delhi
Kia,Kia SonetGravity,2024,"14,000kms",Petrol,Manual,₹8.50 Lakh,new-delhi
Hyundai,Hyundai Creta1.4 CRDi S Plus,2015,"1,00,000kms",Diesel,Manual,₹4 Lakh,new-delhi
Maruti,Maruti Vitara BrezzaZDi Plus,2018,"80,000kms",Diesel,Manual,₹6.25 Lakh,new-delhi
Kia,Kia SeltosX-Line Diesel AT,2022,"1,00,000kms",Diesel,Automatic,₹13 Lakh,new-delhi
Maruti,Maruti SwiftZXI BSIV,2016,"90,000kms",Petrol,Manual,₹3.50 Lakh,new-delhi
Tata,Tata NexonXZ Plus DualTone Roof (O),2021,"47,000kms",Petrol,Manual,₹7 Lakh,new-delhi
Mercedes-Benz,Mercedes-Benz CLA200 CDI Sport,2017,"62,000kms",Diesel,Automatic,₹13 Lakh,new-delhi
Toyota,Toyota Innova Crysta2.7 GX MT BSIV,2017,"90,000kms",Petrol,Manual,₹11.25 Lakh,new-delhi
Tata,Tata HexaXM,2017,"60,000kms",Diesel,Manual,₹7.25 Lakh,new-delhi
Hyundai,Hyundai Grand i10Sportz,2015,"93,000kms",Petrol,Manual,₹3.20 Lakh,new-delhi
Hyundai,Hyundai i10Magna,2011,"30,000kms",Petrol,Manual,₹1.30 Lakh,new-delhi
Maruti,Maruti Wagon RCNG LXI Opt,2022,"70,000kms",CNG,Manual,₹5 Lakh,new-delhi
Maruti,Maruti Ciaz1.3 Zeta,2017,"79,000kms",Diesel,Manual,₹4.50 Lakh,new-delhi
Maruti,Maruti Wagon R StingrayVXI,2014,"80,000kms",Petrol,Manual,₹2 Lakh,new-delhi
Tata,Tata NexonPure S,2023,"30,000kms",Petrol,Manual,₹7.50 Lakh,new-delhi
Maruti,Maruti Wagon RLXI BSII,2012,"48,000kms",Petrol,Manual,₹1.85 Lakh,new-delhi
Hyundai,Hyundai i10Magna 1.1L,2016,"78,000kms",Petrol,Manual,₹2.50 Lakh,new-delhi
Hyundai,Hyundai i20Sportz 1.2,2014,"74,000kms",Petrol,Manual,₹3.30 Lakh,new-delhi
Maruti,Maruti Wagon RAMT VXI,2017,"35,000kms",Petrol,Automatic,₹3.25 Lakh,new-delhi
Maruti,Maruti Grand VitaraZeta BSVI,2022,"41,090kms",Petrol,Manual,₹10 Lakh,new-delhi
Honda,Honda CityE,2013,"90,000kms",Petrol,Manual,₹2.30 Lakh,new-delhi
Hyundai,Hyundai Grand i10 NiosAMT Sportz,2021,"44,148kms",Petrol,Automatic,₹5.65 Lakh,new-delhi
Maruti,Maruti Grand VitaraDelta,2025,"20,000kms",Petrol,Manual,₹10.50 Lakh,new-delhi
Kia,Kia SeltosGTX Plus DCT,2022,"43,000kms",Petrol,Automatic,₹14.50 Lakh,new-delhi
Ford,Ford Ecosport1.5 Petrol Ambiente BSIV,2019,"68,000kms",Petrol,Manual,₹4.85 Lakh,new-delhi
Maruti,Maruti SwiftVXI,2013,"1,00,000kms",Petrol,Manual,₹2 Lakh,new-delhi
Hyundai,Hyundai i10Era,2011,"10,000kms",Petrol,Manual,₹1.50 Lakh,new-delhi
MG,MG HectorSharp Pro  -2025,2023,"36,000kms",Petrol,Manual,₹11.83 Lakh,new-delhi
Maruti,Maruti SwiftLXI Optional-O,2017,"55,000kms",Petrol,Manual,₹3.50 Lakh,new-delhi
Tata,Tata NexonXZA Plus AMT,2023,"43,000kms",Petrol,Automatic,₹8.50 Lakh,new-delhi
Mercedes-Benz,Mercedes-Benz C-ClassC 200 CGI,2017,"38,000kms",Petrol,Automatic,₹21.50 Lakh,new-delhi
Ford,Ford Ecosport1.5 Diesel Titanium BSIV,2017,"60,000kms",Diesel,Manual,₹4.50 Lakh,new-delhi
Toyota,Toyota GlanzaV,2023,"23,000kms",Petrol,Manual,₹7 Lakh,new-delhi
Hyundai,Hyundai Creta1.6 VTVT S,2015,"40,000kms",Petrol,Manual,₹4.25 Lakh,new-delhi
Maruti,Maruti CelerioZXI,2016,"1,02,000kms",Petrol,Manual,₹2.90 Lakh,new-delhi
Hyundai,Hyundai Grand i10Magna,2017,"40,000kms",Petrol,Manual,₹3.50 Lakh,new-delhi
Hyundai,Hyundai Creta1.4 CRDi S Plus,2015,"1,00,000kms",Diesel,Manual,₹4 Lakh,new-delhi
Maruti,Maruti Vitara BrezzaZDi Plus,2018,"80,000kms",Diesel,Manual,₹6.25 Lakh,new-delhi
Kia,Kia SeltosX-Line Diesel AT,2022,"1,00,000kms",Diesel,Automatic,₹13 Lakh,new-delhi
Toyota,Toyota Innova Crysta2.7 GX MT BSIV,2017,"90,000kms",Petrol,Manual,₹11.25 Lakh,new-delhi
Kia,Kia CarnivalLimousine Plus,2023,"67,000kms",Diesel,Automatic,₹35 Lakh,new-delhi
Hyundai,Hyundai Creta1.6 SX,2018,"80,000kms",Petrol,Manual,₹8 Lakh,new-delhi
Nissan,Nissan TerranoXL,2016,"56,000kms",Petrol,Manual,₹3.95 Lakh,new-delhi
Tata,Tata HexaXM,2017,"60,000kms",Diesel,Manual,₹7.25 Lakh,new-delhi
Maruti,Maruti Wagon R StingrayLXI,2016,"71,000kms",Petrol,Manual,₹2.99 Lakh,new-delhi
Jaguar,Jaguar XEPrestige,2017,"30,000kms",Petrol,Automatic,₹21 Lakh,new-delhi
Hyundai,Hyundai XcentVTVT Plus ABS,2016,"90,000kms",Petrol,Manual,₹4 Lakh,new-delhi
Hyundai,Hyundai Grand i101.2 CRDi Asta,2019,"40,900kms",Diesel,Manual,₹4 Lakh,new-delhi
Hyundai,Hyundai i10Magna 1.1L,2016,"78,000kms",Petrol,Manual,₹2.50 Lakh,new-delhi
Maruti,Maruti Grand VitaraDelta CNG 2 Airbag,2024,"40,000kms",CNG,Manual,₹12.30 Lakh,new-delhi
Hyundai,Hyundai Grand i10Sportz,2015,"93,000kms",Petrol,Manual,₹3.20 Lakh,new-delhi
Hyundai,Hyundai i10Magna,2011,"30,000kms",Petrol,Manual,₹1.30 Lakh,new-delhi
Maruti,Maruti Wagon RCNG LXI Opt,2022,"70,000kms",CNG,Manual,₹5 Lakh,new-delhi
Maruti,Maruti Wagon RLXI BSII,2012,"48,000kms",Petrol,Manual,₹1.85 Lakh,new-delhi
Maruti,Maruti Vitara BrezzaVDi,2020,"40,000kms",Diesel,Manual,₹5.50 Lakh,new-delhi
Hyundai,Hyundai i201.2 Spotz,2018,"70,000kms",Petrol,Manual,₹4.50 Lakh,new-delhi
Hyundai,Hyundai Creta1.4 CRDi S,2017,"1,00,000kms",Diesel,Manual,₹6.50 Lakh,new-delhi
Audi,Audi A335 TFSI Premium,2018,"24,000kms",Petrol,Automatic,₹16.99 Lakh,new-delhi
Tata,Tata NexonPure S,2024,"20,000kms",Petrol,Manual,₹7.50 Lakh,new-delhi
Hyundai,Hyundai VenueS BSIV,2020,"48,000kms",Petrol,Manual,₹7.50 Lakh,new-delhi
Kia,Kia SonetGravity,2024,"14,000kms",Petrol,Manual,₹8.50 Lakh,new-delhi
Hyundai,Hyundai Creta1.4 CRDi S Plus,2015,"1,00,000kms",Diesel,Manual,₹4 Lakh,new-delhi
Maruti,Maruti Vitara BrezzaZDi Plus,2018,"80,000kms",Diesel,Manual,₹6.25 Lakh,new-delhi
Kia,Kia SeltosX-Line Diesel AT,2022,"1,00,000kms",Diesel,Automatic,₹13 Lakh,new-delhi
Maruti,Maruti SwiftZXI BSIV,2016,"90,000kms",Petrol,Manual,₹3.50 Lakh,new-delhi
Tata,Tata NexonXZ Plus DualTone Roof (O),2021,"47,000kms",Petrol,Manual,₹7 Lakh,new-delhi
Mercedes-Benz,Mercedes-Benz CLA200 CDI Sport,2017,"62,000kms",Diesel,Automatic,₹13 Lakh,new-delhi
Toyota,Toyota Innova Crysta2.7 GX MT BSIV,2017,"90,000kms",Petrol,Manual,₹11.25 Lakh,new-delhi
Tata,Tata HexaXM,2017,"60,000kms",Diesel,Manual,₹7.25 Lakh,new-delhi
Hyundai,Hyundai Grand i10Sportz,2015,"93,000kms",Petrol,Manual,₹3.20 Lakh,new-delhi
Hyundai,Hyundai i10Magna,2011,"30,000kms",Petrol,Manual,₹1.30 Lakh,new-delhi
Maruti,Maruti Wagon RCNG LXI Opt,2022,"70,000kms",CNG,Manual,₹5 Lakh,new-delhi
Maruti,Maruti Ciaz1.3 Zeta,2017,"79,000kms",Diesel,Manual,₹4.50 Lakh,new-delhi
Maruti,Maruti Wagon R StingrayVXI,2014,"80,000kms",Petrol,Manual,₹2 Lakh,new-delhi
Tata,Tata NexonPure S,2023,"30,000kms",Petrol,Manual,₹7.50 Lakh,new-delhi
Maruti,Maruti Wagon RLXI BSII,2012,"48,000kms",Petrol,Manual,₹1.85 Lakh,new-delhi
Hyundai,Hyundai i10Magna 1.1L,2016,"78,000kms",Petrol,Manual,₹2.50 Lakh,new-delhi
Hyundai,Hyundai i20Sportz 1.2,2014,"74,000kms",Petrol,Manual,₹3.30 Lakh,new-delhi
Maruti,Maruti Wagon RAMT VXI,2017,"35,000kms",Petrol,Automatic,₹3.25 Lakh,new-delhi
Maruti,Maruti Grand VitaraZeta BSVI,2022,"41,090kms",Petrol,Manual,₹10 Lakh,new-delhi
Honda,Honda CityE,2013,"90,000kms",Petrol,Manual,₹2.30 Lakh,new-delhi
Hyundai,Hyundai Grand i10 NiosAMT Sportz,2021,"44,148kms",Petrol,Automatic,₹5.65 Lakh,new-delhi
Maruti,Maruti Grand VitaraDelta,2025,"20,000kms",Petrol,Manual,₹10.50 Lakh,new-delhi
Kia,Kia SeltosGTX Plus DCT,2022,"43,000kms",Petrol,Automatic,₹14.50 Lakh,new-delhi
Ford,Ford Ecosport1.5 Petrol Ambiente BSIV,2019,"68,000kms",Petrol,Manual,₹4.85 Lakh,new-delhi
Maruti,Maruti SwiftVXI,2013,"1,00,000kms",Petrol,Manual,₹2 Lakh,new-delhi
Hyundai,Hyundai i10Era,2011,"10,000kms",Petrol,Manual,₹1.50 Lakh,new-delhi
MG,MG HectorSharp Pro  -2025,2023,"36,000kms",Petrol,Manual,₹11.83 Lakh,new-delhi
Maruti,Maruti SwiftLXI Optional-O,2017,"55,000kms",Petrol,Manual,₹3.50 Lakh,new-delhi
Tata,Tata NexonXZA Plus AMT,2023,"43,000kms",Petrol,Automatic,₹8.50 Lakh,new-delhi
Mercedes-Benz,Mercedes-Benz C-ClassC 200 CGI,2017,"38,000kms",Petrol,Automatic,₹21.50 Lakh,new-delhi
Ford,Ford Ecosport1.5 Diesel Titanium BSIV,2017,"60,000kms",Diesel,Manual,₹4.50 Lakh,new-delhi
Toyota,Toyota GlanzaV,2023,"23,000kms",Petrol,Manual,₹7 Lakh,new-delhi
Hyundai,Hyundai Creta1.6 VTVT S,2015,"40,000kms",Petrol,Manual,₹4.25 Lakh,new-delhi
Maruti,Maruti CelerioZXI,2016,"1,02,000kms",Petrol,Manual,₹2.90 Lakh,new-delhi
Hyundai,Hyundai Grand i10Magna,2017,"40,000kms",Petrol,Manual,₹3.50 Lakh,new-delhi
Hyundai,Hyundai Creta1.4 CRDi S Plus,2015,"1,00,000kms",Diesel,Manual,₹4 Lakh,new-delhi
Maruti,Maruti Vitara BrezzaZDi Plus,2018,"80,000kms",Diesel,Manual,₹6.25 Lakh,new-delhi
Kia,Kia SeltosX-Line Diesel AT,2022,"1,00,000kms",Diesel,Automatic,₹13 Lakh,new-delhi
Maruti,Maruti Grand VitaraZeta BSVI,2022,"41,090kms",Petrol,Manual,₹10 Lakh,new-delhi
Honda,Honda CityE,2013,"90,000kms",Petrol,Manual,₹2.30 Lakh,new-delhi
Hyundai,Hyundai Grand i10 NiosAMT Sportz,2021,"44,148kms",Petrol,Automatic,₹5.65 Lakh,new-delhi
Maruti,Maruti Grand VitaraDelta,2025,"20,000kms",Petrol,Manual,₹10.50 Lakh,new-delhi
Kia,Kia SeltosGTX Plus DCT,2022,"43,000kms",Petrol,Automatic,₹14.50 Lakh,new-delhi
Ford,Ford Ecosport1.5 Petrol Ambiente BSIV,2019,"68,000kms",Petrol,Manual,₹4.85 Lakh,new-delhi
Maruti,Maruti SwiftVXI,2013,"1,00,000kms",Petrol,Manual,₹2 Lakh,new-delhi
Hyundai,Hyundai i10Era,2011,"10,000kms",Petrol,Manual,₹1.50 Lakh,new-delhi
MG,MG HectorSharp Pro  -2025,2023,"36,000kms",Petrol,Manual,₹11.83 Lakh,new-delhi
Maruti,Maruti SwiftLXI Optional-O,2017,"55,000kms",Petrol,Manual,₹3.50 Lakh,new-delhi
Tata,Tata NexonXZA Plus AMT,2023,"43,000kms",Petrol,Automatic,₹8.50 Lakh,new-delhi
Mercedes-Benz,Mercedes-Benz C-ClassC 200 CGI,2017,"38,000kms",Petrol,Automatic,₹21.50 Lakh,new-delhi
Ford,Ford Ecosport1.5 Diesel Titanium BSIV,2017,"60,000kms",Diesel,Manual,₹4.50 Lakh,new-delhi
Toyota,Toyota GlanzaV,2023,"23,000kms",Petrol,Manual,₹7 Lakh,new-delhi
Hyundai,Hyundai Creta1.6 VTVT S,2015,"40,000kms",Petrol,Manual,₹4.25 Lakh,new-delhi
Maruti,Maruti CelerioZXI,2016,"1,02,000kms",Petrol,Manual,₹2.90 Lakh,new-delhi
Hyundai,Hyundai Grand i10Magna,2017,"40,000kms",Petrol,Manual,₹3.50 Lakh,new-delhi
Hyundai,Hyundai Creta1.4 CRDi S Plus,2015,"1,00,000kms",Diesel,Manual,₹4 Lakh,new-delhi
Maruti,Maruti Vitara BrezzaZDi Plus,2018,"80,000kms",Diesel,Manual,₹6.25 Lakh,new-delhi
Kia,Kia SeltosX-Line Diesel AT,2022,"1,00,000kms",Diesel,Automatic,₹13 Lakh,new-delhi
Maruti,Maruti Grand VitaraZeta BSVI,2022,"41,090kms",Petrol,Manual,₹10 Lakh,new-delhi
Honda,Honda CityE,2013,"90,000kms",Petrol,Manual,₹2.30 Lakh,new-delhi
Hyundai,Hyundai Grand i10 NiosAMT Sportz,2021,"44,148kms",Petrol,Automatic,₹5.65 Lakh,new-delhi
Maruti,Maruti Grand VitaraDelta,2025,"20,000kms",Petrol,Manual,₹10.50 Lakh,new-delhi
Kia,Kia SeltosGTX Plus DCT,2022,"43,000kms",Petrol,Automatic,₹14.50 Lakh,new-delhi
Ford,Ford Ecosport1.5 Petrol Ambiente BSIV,2019,"68,000kms",Petrol,Manual,₹4.85 Lakh,new-delhi
Maruti,Maruti SwiftVXI,2013,"1,00,000kms",Petrol,Manual,₹2 Lakh,new-delhi
Hyundai,Hyundai i10Era,2011,"10,000kms",Petrol,Manual,₹1.50 Lakh,new-delhi
MG,MG HectorSharp Pro  -2025,2023,"36,000kms",Petrol,Manual,₹11.83 Lakh,new-delhi
Maruti,Maruti SwiftLXI Optional-O,2017,"55,000kms",Petrol,Manual,₹3.50 Lakh,new-delhi
Tata,Tata NexonXZA Plus AMT,2023,"43,000kms",Petrol,Automatic,₹8.50 Lakh,new-delhi
Mercedes-Benz,Mercedes-Benz C-ClassC 200 CGI,2017,"38,000kms",Petrol,Automatic,₹21.50 Lakh,new-delhi
Ford,Ford Ecosport1.5 Diesel Titanium BSIV,2017,"60,000kms",Diesel,Manual,₹4.50 Lakh,new-delhi
Toyota,Toyota GlanzaV,2023,"23,000kms",Petrol,Manual,₹7 Lakh,new-delhi
Hyundai,Hyundai Creta1.6 VTVT S,2015,"40,000kms",Petrol,Manual,₹4.25 Lakh,new-delhi
Maruti,Maruti CelerioZXI,2016,"1,02,000kms",Petrol,Manual,₹2.90 Lakh,new-delhi
Hyundai,Hyundai Grand i10Magna,2017,"40,000kms",Petrol,Manual,₹3.50 Lakh,new-delhi
Hyundai,Hyundai Creta1.4 CRDi S Plus,2015,"1,00,000kms",Diesel,Manual,₹4 Lakh,new-delhi
Maruti,Maruti Vitara BrezzaZDi Plus,2018,"80,000kms",Diesel,Manual,₹6.25 Lakh,new-delhi
Kia,Kia SeltosX-Line Diesel AT,2022,"1,00,000kms",Diesel,Automatic,₹13 Lakh,new-delhi
Toyota,Toyota Innova Crysta2.7 GX MT BSIV,2017,"90,000kms",Petrol,Manual,₹11.25 Lakh,new-delhi
Kia,Kia CarnivalLimousine Plus,2023,"67,000kms",Diesel,Automatic,₹35 Lakh,new-delhi
Hyundai,Hyundai Creta1.6 SX,2018,"80,000kms",Petrol,Manual,₹8 Lakh,new-delhi
Nissan,Nissan TerranoXL,2016,"56,000kms",Petrol,Manual,₹3.95 Lakh,new-delhi
Tata,Tata HexaXM,2017,"60,000kms",Diesel,Manual,₹7.25 Lakh,new-delhi
Maruti,Maruti Wagon R StingrayLXI,2016,"71,000kms",Petrol,Manual,₹2.99 Lakh,new-delhi
Jaguar,Jaguar XEPrestige,2017,"30,000kms",Petrol,Automatic,₹21 Lakh,new-delhi
Hyundai,Hyundai XcentVTVT Plus ABS,2016,"90,000kms",Petrol,Manual,₹4 Lakh,new-delhi
Hyundai,Hyundai Grand i101.2 CRDi Asta,2019,"40,900kms",Diesel,Manual,₹4 Lakh,new-delhi
Hyundai,Hyundai i10Magna 1.1L,2016,"78,000kms",Petrol,Manual,₹2.50 Lakh,new-delhi
Maruti,Maruti Grand VitaraDelta CNG 2 Airbag,2024,"40,000kms",CNG,Manual,₹12.30 Lakh,new-delhi
Hyundai,Hyundai Grand i10Sportz,2015,"93,000kms",Petrol,Manual,₹3.20 Lakh,new-delhi
Hyundai,Hyundai i10Magna,2011,"30,000kms",Petrol,Manual,₹1.30 Lakh,new-delhi
Maruti,Maruti Wagon RCNG LXI Opt,2022,"70,000kms",CNG,Manual,₹5 Lakh,new-delhi
Maruti,Maruti Wagon RLXI BSII,2012,"48,000kms",Petrol,Manual,₹1.85 Lakh,new-delhi
Maruti,Maruti Vitara BrezzaVDi,2020,"40,000kms",Diesel,Manual,₹5.50 Lakh,new-delhi
Hyundai,Hyundai i201.2 Spotz,2018,"70,000kms",Petrol,Manual,₹4.50 Lakh,new-delhi
Hyundai,Hyundai Creta1.4 CRDi S,2017,"1,00,000kms",Diesel,Manual,₹6.50 Lakh,new-delhi
Audi,Audi A335 TFSI Premium,2018,"24,000kms",Petrol,Automatic,₹16.99 Lakh,new-delhi
Tata,Tata NexonPure S,2024,"20,000kms",Petrol,Manual,₹7.50 Lakh,new-delhi
Hyundai,Hyundai VenueS BSIV,2020,"48,000kms",Petrol,Manual,₹7.50 Lakh,new-delhi
Kia,Kia SonetGravity,2024,"14,000kms",Petrol,Manual,₹8.50 Lakh,new-delhi
Hyundai,Hyundai Creta1.4 CRDi S Plus,2015,"1,00,000kms",Diesel,Manual,₹4 Lakh,new-delhi
Maruti,Maruti Vitara BrezzaZDi Plus,2018,"80,000kms",Diesel,Manual,₹6.25 Lakh,new-delhi
Kia,Kia SeltosX-Line Diesel AT,2022,"1,00,000kms",Diesel,Automatic,₹13 Lakh,new-delhi
Maruti,Maruti SwiftZXI BSIV,2016,"90,000kms",Petrol,Manual,₹3.50 Lakh,new-delhi
Tata,Tata NexonXZ Plus DualTone Roof (O),2021,"47,000kms",Petrol,Manual,₹7 Lakh,new-delhi
Mercedes-Benz,Mercedes-Benz CLA200 CDI Sport,2017,"62,000kms",Diesel,Automatic,₹13 Lakh,new-delhi
Toyota,Toyota Innova Crysta2.7 GX MT BSIV,2017,"90,000kms",Petrol,Manual,₹11.25 Lakh,new-delhi
Tata,Tata HexaXM,2017,"60,000kms",Diesel,Manual,₹7.25 Lakh,new-delhi
Hyundai,Hyundai Grand i10Sportz,2015,"93,000kms",Petrol,Manual,₹3.20 Lakh,new-delhi
Hyundai,Hyundai i10Magna,2011,"30,000kms",Petrol,Manual,₹1.30 Lakh,new-delhi
Maruti,Maruti Wagon RCNG LXI Opt,2022,"70,000kms",CNG,Manual,₹5 Lakh,new-delhi
Maruti,Maruti Ciaz1.3 Zeta,2017,"79,000kms",Diesel,Manual,₹4.50 Lakh,new-delhi
Maruti,Maruti Wagon R StingrayVXI,2014,"80,000kms",Petrol,Manual,₹2 Lakh,new-delhi
Tata,Tata NexonPure S,2023,"30,000kms",Petrol,Manual,₹7.50 Lakh,new-delhi
Maruti,Maruti Wagon RLXI BSII,2012,"48,000kms",Petrol,Manual,₹1.85 Lakh,new-delhi
Hyundai,Hyundai i10Magna 1.1L,2016,"78,000kms",Petrol,Manual,₹2.50 Lakh,new-delhi
Hyundai,Hyundai i20Sportz 1.2,2014,"74,000kms",Petrol,Manual,₹3.30 Lakh,new-delhi
Maruti,Maruti Wagon RAMT VXI,2017,"35,000kms",Petrol,Automatic,₹3.25 Lakh,new-delhi
Toyota,Toyota Innova Crysta2.7 GX MT BSIV,2017,"90,000kms",Petrol,Manual,₹11.25 Lakh,new-delhi
Kia,Kia CarnivalLimousine Plus,2023,"67,000kms",Diesel,Automatic,₹35 Lakh,new-delhi
Hyundai,Hyundai Creta1.6 SX,2018,"80,000kms",Petrol,Manual,₹8 Lakh,new-delhi
Nissan,Nissan TerranoXL,2016,"56,000kms",Petrol,Manual,₹3.95 Lakh,new-delhi
Tata,Tata HexaXM,2017,"60,000kms",Diesel,Manual,₹7.25 Lakh,new-delhi
Maruti,Maruti Wagon R StingrayLXI,2016,"71,000kms",Petrol,Manual,₹2.99 Lakh,new-delhi
Jaguar,Jaguar XEPrestige,2017,"30,000kms",Petrol,Automatic,₹21 Lakh,new-delhi
Hyundai,Hyundai XcentVTVT Plus ABS,2016,"90,000kms",Petrol,Manual,₹4 Lakh,new-delhi
Hyundai,Hyundai Grand i101.2 CRDi Asta,2019,"40,900kms",Diesel,Manual,₹4 Lakh,new-delhi
Hyundai,Hyundai i10Magna 1.1L,2016,"78,000kms",Petrol,Manual,₹2.50 Lakh,new-delhi
Maruti,Maruti Grand VitaraDelta CNG 2 Airbag,2024,"40,000kms",CNG,Manual,₹12.30 Lakh,new-delhi
Hyundai,Hyundai Grand i10Sportz,2015,"93,000kms",Petrol,Manual,₹3.20 Lakh,new-delhi
Hyundai,Hyundai i10Magna,2011,"30,000kms",Petrol,Manual,₹1.30 Lakh,new-delhi
Maruti,Maruti Wagon RCNG LXI Opt,2022,"70,000kms",CNG,Manual,₹5 Lakh,new-delhi
Maruti,Maruti Wagon RLXI BSII,2012,"48,000kms",Petrol,Manual,₹1.85 Lakh,new-delhi
Maruti,Maruti Vitara BrezzaVDi,2020,"40,000kms",Diesel,Manual,₹5.50 Lakh,new-delhi
Hyundai,Hyundai i201.2 Spotz,2018,"70,000kms",Petrol,Manual,₹4.50 Lakh,new-delhi
Hyundai,Hyundai Creta1.4 CRDi S,2017,"1,00,000kms",Diesel,Manual,₹6.50 Lakh,new-delhi
Audi,Audi A335 TFSI Premium,2018,"24,000kms",Petrol,Automatic,₹16.99 Lakh,new-delhi
Tata,Tata NexonPure S,2024,"20,000kms",Petrol,Manual,₹7.50 Lakh,new-delhi
Toyota,Toyota Innova Crysta2.7 GX MT BSIV,2017,"90,000kms",Petrol,Manual,₹11.25 Lakh,new-delhi
Kia,Kia CarnivalLimousine Plus,2023,"67,000kms",Diesel,Automatic,₹35 Lakh,new-delhi
Hyundai,Hyundai Creta1.6 SX,2018,"80,000kms",Petrol,Manual,₹8 Lakh,new-delhi
Nissan,Nissan TerranoXL,2016,"56,000kms",Petrol,Manual,₹3.95 Lakh,new-delhi
Tata,Tata HexaXM,2017,"60,000kms",Diesel,Manual,₹7.25 Lakh,new-delhi
Maruti,Maruti Wagon R StingrayLXI,2016,"71,000kms",Petrol,Manual,₹2.99 Lakh,new-delhi
Jaguar,Jaguar XEPrestige,2017,"30,000kms",Petrol,Automatic,₹21 Lakh,new-delhi
Hyundai,Hyundai XcentVTVT Plus ABS,2016,"90,000kms",Petrol,Manual,₹4 Lakh,new-delhi
Hyundai,Hyundai Grand i101.2 CRDi Asta,2019,"40,900kms",Diesel,Manual,₹4 Lakh,new-delhi
Hyundai,Hyundai i10Magna 1.1L,2016,"78,000kms",Petrol,Manual,₹2.50 Lakh,new-delhi
Maruti,Maruti Grand VitaraDelta CNG 2 Airbag,2024,"40,000kms",CNG,Manual,₹12.30 Lakh,new-delhi
Hyundai,Hyundai Grand i10Sportz,2015,"93,000kms",Petrol,Manual,₹3.20 Lakh,new-delhi
Hyundai,Hyundai i10Magna,2011,"30,000kms",Petrol,Manual,₹1.30 Lakh,new-delhi
Maruti,Maruti Wagon RCNG LXI Opt,2022,"70,000kms",CNG,Manual,₹5 Lakh,new-delhi
Maruti,Maruti Wagon RLXI BSII,2012,"48,000kms",Petrol,Manual,₹1.85 Lakh,new-delhi
Maruti,Maruti Vitara BrezzaVDi,2020,"40,000kms",Diesel,Manual,₹5.50 Lakh,new-delhi
Hyundai,Hyundai i201.2 Spotz,2018,"70,000kms",Petrol,Manual,₹4.50 Lakh,new-delhi
Hyundai,Hyundai Creta1.4 CRDi S,2017,"1,00,000kms",Diesel,Manual,₹6.50 Lakh,new-delhi
Audi,Audi A335 TFSI Premium,2018,"24,000kms",Petrol,Automatic,₹16.99 Lakh,new-delhi
Tata,Tata NexonPure S,2024,"20,000kms",Petrol,Manual,₹7.50 Lakh,new-delhi
Hyundai,Hyundai VenueS BSIV,2020,"48,000kms",Petrol,Manual,₹7.50 Lakh,new-delhi
Kia,Kia SonetGravity,2024,"14,000kms",Petrol,Manual,₹8.50 Lakh,new-delhi
Hyundai,Hyundai Creta1.4 CRDi S Plus,2015,"1,00,000kms",Diesel,Manual,₹4 Lakh,new-delhi
Maruti,Maruti Vitara BrezzaZDi Plus,2018,"80,000kms",Diesel,Manual,₹6.25 Lakh,new-delhi
Kia,Kia SeltosX-Line Diesel AT,2022,"1,00,000kms",Diesel,Automatic,₹13 Lakh,new-delhi
Maruti,Maruti SwiftZXI BSIV,2016,"90,000kms",Petrol,Manual,₹3.50 Lakh,new-delhi
Tata,Tata NexonXZ Plus DualTone Roof (O),2021,"47,000kms",Petrol,Manual,₹7 Lakh,new-delhi
Mercedes-Benz,Mercedes-Benz CLA200 CDI Sport,2017,"62,000kms",Diesel,Automatic,₹13 Lakh,new-delhi
Toyota,Toyota Innova Crysta2.7 GX MT BSIV,2017,"90,000kms",Petrol,Manual,₹11.25 Lakh,new-delhi
Tata,Tata HexaXM,2017,"60,000kms",Diesel,Manual,₹7.25 Lakh,new-delhi
Hyundai,Hyundai Grand i10Sportz,2015,"93,000kms",Petrol,Manual,₹3.20 Lakh,new-delhi
Hyundai,Hyundai i10Magna,2011,"30,000kms",Petrol,Manual,₹1.30 Lakh,new-delhi
Maruti,Maruti Wagon RCNG LXI Opt,2022,"70,000kms",CNG,Manual,₹5 Lakh,new-delhi
Maruti,Maruti Ciaz1.3 Zeta,2017,"79,000kms",Diesel,Manual,₹4.50 Lakh,new-delhi
Maruti,Maruti Wagon R StingrayVXI,2014,"80,000kms",Petrol,Manual,₹2 Lakh,new-delhi
Tata,Tata NexonPure S,2023,"30,000kms",Petrol,Manual,₹7.50 Lakh,new-delhi
Maruti,Maruti Wagon RLXI BSII,2012,"48,000kms",Petrol,Manual,₹1.85 Lakh,new-delhi
Hyundai,Hyundai i10Magna 1.1L,2016,"78,000kms",Petrol,Manual,₹2.50 Lakh,new-delhi
Hyundai,Hyundai i20Sportz 1.2,2014,"74,000kms",Petrol,Manual,₹3.30 Lakh,new-delhi
Maruti,Maruti Wagon RAMT VXI,2017,"35,000kms",Petrol,Automatic,₹3.25 Lakh,new-delhi
Toyota,Toyota Innova Crysta2.7 GX MT BSIV,2017,"90,000kms",Petrol,Manual,₹11.25 Lakh,new-delhi
Kia,Kia CarnivalLimousine Plus,2023,"67,000kms",Diesel,Automatic,₹35 Lakh,new-delhi
Hyundai,Hyundai Creta1.6 SX,2018,"80,000kms",Petrol,Manual,₹8 Lakh,new-delhi
Nissan,Nissan TerranoXL,2016,"56,000kms",Petrol,Manual,₹3.95 Lakh,new-delhi
Tata,Tata HexaXM,2017,"60,000kms",Diesel,Manual,₹7.25 Lakh,new-delhi
Maruti,Maruti Wagon R StingrayLXI,2016,"71,000kms",Petrol,Manual,₹2.99 Lakh,new-delhi
Jaguar,Jaguar XEPrestige,2017,"30,000kms",Petrol,Automatic,₹21 Lakh,new-delhi
Hyundai,Hyundai XcentVTVT Plus ABS,2016,"90,000kms",Petrol,Manual,₹4 Lakh,new-delhi
Hyundai,Hyundai Grand i101.2 CRDi Asta,2019,"40,900kms",Diesel,Manual,₹4 Lakh,new-delhi
Hyundai,Hyundai i10Magna 1.1L,2016,"78,000kms",Petrol,Manual,₹2.50 Lakh,new-delhi
Maruti,Maruti Grand VitaraDelta CNG 2 Airbag,2024,"40,000kms",CNG,Manual,₹12.30 Lakh,new-delhi
Hyundai,Hyundai Grand i10Sportz,2015,"93,000kms",Petrol,Manual,₹3.20 Lakh,new-delhi
Hyundai,Hyundai i10Magna,2011,"30,000kms",Petrol,Manual,₹1.30 Lakh,new-delhi
Maruti,Maruti Wagon RCNG LXI Opt,2022,"70,000kms",CNG,Manual,₹5 Lakh,new-delhi
Maruti,Maruti Wagon RLXI BSII,2012,"48,000kms",Petrol,Manual,₹1.85 Lakh,new-delhi
Maruti,Maruti Vitara BrezzaVDi,2020,"40,000kms",Diesel,Manual,₹5.50 Lakh,new-delhi
Hyundai,Hyundai i201.2 Spotz,2018,"70,000kms",Petrol,Manual,₹4.50 Lakh,new-delhi
Hyundai,Hyundai Creta1.4 CRDi S,2017,"1,00,000kms",Diesel,Manual,₹6.50 Lakh,new-delhi
Audi,Audi A335 TFSI Premium,2018,"24,000kms",Petrol,Automatic,₹16.99 Lakh,new-delhi
Tata,Tata NexonPure S,2024,"20,000kms",Petrol,Manual,₹7.50 Lakh,new-delhi
Toyota,Toyota Innova Crysta2.7 GX MT BSIV,2017,"90,000kms",Petrol,Manual,₹11.25 Lakh,new-delhi
Kia,Kia CarnivalLimousine Plus,2023,"67,000kms",Diesel,Automatic,₹35 Lakh,new-delhi
Hyundai,Hyundai Creta1.6 SX,2018,"80,000kms",Petrol,Manual,₹8 Lakh,new-delhi
Nissan,Nissan TerranoXL,2016,"56,000kms",Petrol,Manual,₹3.95 Lakh,new-delhi
Tata,Tata HexaXM,2017,"60,000kms",Diesel,Manual,₹7.25 Lakh,new-delhi
Maruti,Maruti Wagon R StingrayLXI,2016,"71,000kms",Petrol,Manual,₹2.99 Lakh,new-delhi
Jaguar,Jaguar XEPrestige,2017,"30,000kms",Petrol,Automatic,₹21 Lakh,new-delhi
Hyundai,Hyundai XcentVTVT Plus ABS,2016,"90,000kms",Petrol,Manual,₹4 Lakh,new-delhi
Hyundai,Hyundai Grand i101.2 CRDi Asta,2019,"40,900kms",Diesel,Manual,₹4 Lakh,new-delhi
Hyundai,Hyundai i10Magna 1.1L,2016,"78,000kms",Petrol,Manual,₹2.50 Lakh,new-delhi
Maruti,Maruti Grand VitaraDelta CNG 2 Airbag,2024,"40,000kms",CNG,Manual,₹12.30 Lakh,new-delhi
Hyundai,Hyundai Grand i10Sportz,2015,"93,000kms",Petrol,Manual,₹3.20 Lakh,new-delhi
Hyundai,Hyundai i10Magna,2011,"30,000kms",Petrol,Manual,₹1.30 Lakh,new-delhi
Maruti,Maruti Wagon RCNG LXI Opt,2022,"70,000kms",CNG,Manual,₹5 Lakh,new-delhi
Maruti,Maruti Wagon RLXI BSII,2012,"48,000kms",Petrol,Manual,₹1.85 Lakh,new-delhi
Maruti,Maruti Vitara BrezzaVDi,2020,"40,000kms",Diesel,Manual,₹5.50 Lakh,new-delhi
Hyundai,Hyundai i201.2 Spotz,2018,"70,000kms",Petrol,Manual,₹4.50 Lakh,new-delhi
Hyundai,Hyundai Creta1.4 CRDi S,2017,"1,00,000kms",Diesel,Manual,₹6.50 Lakh,new-delhi
Audi,Audi A335 TFSI Premium,2018,"24,000kms",Petrol,Automatic,₹16.99 Lakh,new-delhi
Tata,Tata NexonPure S,2024,"20,000kms",Petrol,Manual,₹7.50 Lakh,new-delhi
Toyota,Toyota Innova Crysta2.7 GX MT BSIV,2017,"90,000kms",Petrol,Manual,₹11.25 Lakh,new-delhi
Kia,Kia CarnivalLimousine Plus,2023,"67,000kms",Diesel,Automatic,₹35 Lakh,new-delhi
Hyundai,Hyundai Creta1.6 SX,2018,"80,000kms",Petrol,Manual,₹8 Lakh,new-delhi
Nissan,Nissan TerranoXL,2016,"56,000kms",Petrol,Manual,₹3.95 Lakh,new-delhi
Tata,Tata HexaXM,2017,"60,000kms",Diesel,Manual,₹7.25 Lakh,new-delhi
Maruti,Maruti Wagon R StingrayLXI,2016,"71,000kms",Petrol,Manual,₹2.99 Lakh,new-delhi
Jaguar,Jaguar XEPrestige,2017,"30,000kms",Petrol,Automatic,₹21 Lakh,new-delhi
Hyundai,Hyundai XcentVTVT Plus ABS,2016,"90,000kms",Petrol,Manual,₹4 Lakh,new-delhi
Hyundai,Hyundai Grand i101.2 CRDi Asta,2019,"40,900kms",Diesel,Manual,₹4 Lakh,new-delhi
Hyundai,Hyundai i10Magna 1.1L,2016,"78,000kms",Petrol,Manual,₹2.50 Lakh,new-delhi
Maruti,Maruti Grand VitaraDelta CNG 2 Airbag,2024,"40,000kms",CNG,Manual,₹12.30 Lakh,new-delhi
Hyundai,Hyundai Grand i10Sportz,2015,"93,000kms",Petrol,Manual,₹3.20 Lakh,new-delhi
Hyundai,Hyundai i10Magna,2011,"30,000kms",Petrol,Manual,₹1.30 Lakh,new-delhi
Maruti,Maruti Wagon RCNG LXI Opt,2022,"70,000kms",CNG,Manual,₹5 Lakh,new-delhi
Maruti,Maruti Wagon RLXI BSII,2012,"48,000kms",Petrol,Manual,₹1.85 Lakh,new-delhi
Maruti,Maruti Vitara BrezzaVDi,2020,"40,000kms",Diesel,Manual,₹5.50 Lakh,new-delhi
Hyundai,Hyundai i201.2 Spotz,2018,"70,000kms",Petrol,Manual,₹4.50 Lakh,new-delhi
Hyundai,Hyundai Creta1.4 CRDi S,2017,"1,00,000kms",Diesel,Manual,₹6.50 Lakh,new-delhi
Audi,Audi A335 TFSI Premium,2018,"24,000kms",Petrol,Automatic,₹16.99 Lakh,new-delhi
Tata,Tata NexonPure S,2024,"20,000kms",Petrol,Manual,₹7.50 Lakh,new-delhi
Toyota,Toyota Innova Crysta2.7 GX MT BSIV,2017,"90,000kms",Petrol,Manual,₹11.25 Lakh,new-delhi
Kia,Kia CarnivalLimousine Plus,2023,"67,000kms",Diesel,Automatic,₹35 Lakh,new-delhi
Hyundai,Hyundai Creta1.6 SX,2018,"80,000kms",Petrol,Manual,₹8 Lakh,new-delhi
Nissan,Nissan TerranoXL,2016,"56,000kms",Petrol,Manual,₹3.95 Lakh,new-delhi
Tata,Tata HexaXM,2017,"60,000kms",Diesel,Manual,₹7.25 Lakh,new-delhi
Maruti,Maruti Wagon R StingrayLXI,2016,"71,000kms",Petrol,Manual,₹2.99 Lakh,new-delhi
Jaguar,Jaguar XEPrestige,2017,"30,000kms",Petrol,Automatic,₹21 Lakh,new-delhi
Hyundai,Hyundai XcentVTVT Plus ABS,2016,"90,000kms",Petrol,Manual,₹4 Lakh,new-delhi
Hyundai,Hyundai Grand i101.2 CRDi Asta,2019,"40,900kms",Diesel,Manual,₹4 Lakh,new-delhi
Hyundai,Hyundai i10Magna 1.1L,2016,"78,000kms",Petrol,Manual,₹2.50 Lakh,new-delhi
Maruti,Maruti Grand VitaraDelta CNG 2 Airbag,2024,"40,000kms",CNG,Manual,₹12.30 Lakh,new-delhi
Hyundai,Hyundai Grand i10Sportz,2015,"93,000kms",Petrol,Manual,₹3.20 Lakh,new-delhi
Hyundai,Hyundai i10Magna,2011,"30,000kms",Petrol,Manual,₹1.30 Lakh,new-delhi
Maruti,Maruti Wagon RCNG LXI Opt,2022,"70,000kms",CNG,Manual,₹5 Lakh,new-delhi
Maruti,Maruti Wagon RLXI BSII,2012,"48,000kms",Petrol,Manual,₹1.85 Lakh,new-delhi
Maruti,Maruti Vitara BrezzaVDi,2020,"40,000kms",Diesel,Manual,₹5.50 Lakh,new-delhi
Hyundai,Hyundai i201.2 Spotz,2018,"70,000kms",Petrol,Manual,₹4.50 Lakh,new-delhi
Hyundai,Hyundai Creta1.4 CRDi S,2017,"1,00,000kms",Diesel,Manual,₹6.50 Lakh,new-delhi
Audi,Audi A335 TFSI Premium,2018,"24,000kms",Petrol,Automatic,₹16.99 Lakh,new-delhi
Tata,Tata NexonPure S,2024,"20,000kms",Petrol,Manual,₹7.50 Lakh,new-delhi
Toyota,Toyota Innova Crysta2.7 GX MT BSIV,2017,"90,000kms",Petrol,Manual,₹11.25 Lakh,new-delhi
Kia,Kia CarnivalLimousine Plus,2023,"67,000kms",Diesel,Automatic,₹35 Lakh,new-delhi
Hyundai,Hyundai Creta1.6 SX,2018,"80,000kms",Petrol,Manual,₹8 Lakh,new-delhi
Nissan,Nissan TerranoXL,2016,"56,000kms",Petrol,Manual,₹3.95 Lakh,new-delhi
Tata,Tata HexaXM,2017,"60,000kms",Diesel,Manual,₹7.25 Lakh,new-delhi
Maruti,Maruti Wagon R StingrayLXI,2016,"71,000kms",Petrol,Manual,₹2.99 Lakh,new-delhi
Jaguar,Jaguar XEPrestige,2017,"30,000kms",Petrol,Automatic,₹21 Lakh,new-delhi
Hyundai,Hyundai XcentVTVT Plus ABS,2016,"90,000kms",Petrol,Manual,₹4 Lakh,new-delhi
Hyundai,Hyundai Grand i101.2 CRDi Asta,2019,"40,900kms",Diesel,Manual,₹4 Lakh,new-delhi
Hyundai,Hyundai i10Magna 1.1L,2016,"78,000kms",Petrol,Manual,₹2.50 Lakh,new-delhi
Maruti,Maruti Grand VitaraDelta CNG 2 Airbag,2024,"40,000kms",CNG,Manual,₹12.30 Lakh,new-delhi
Hyundai,Hyundai Grand i10Sportz,2015,"93,000kms",Petrol,Manual,₹3.20 Lakh,new-delhi
Hyundai,Hyundai i10Magna,2011,"30,000kms",Petrol,Manual,₹1.30 Lakh,new-delhi
Maruti,Maruti Wagon RCNG LXI Opt,2022,"70,000kms",CNG,Manual,₹5 Lakh,new-delhi
Maruti,Maruti Wagon RLXI BSII,2012,"48,000kms",Petrol,Manual,₹1.85 Lakh,new-delhi
Maruti,Maruti Vitara BrezzaVDi,2020,"40,000kms",Diesel,Manual,₹5.50 Lakh,new-delhi
Hyundai,Hyundai i201.2 Spotz,2018,"70,000kms",Petrol,Manual,₹4.50 Lakh,new-delhi
Hyundai,Hyundai Creta1.4 CRDi S,2017,"1,00,000kms",Diesel,Manual,₹6.50 Lakh,new-delhi
Audi,Audi A335 TFSI Premium,2018,"24,000kms",Petrol,Automatic,₹16.99 Lakh,new-delhi
Tata,Tata NexonPure S,2024,"20,000kms",Petrol,Manual,₹7.50 Lakh,new-delhi
Maruti,Maruti Grand VitaraZeta BSVI,2022,"41,090kms",Petrol,Manual,₹10 Lakh,new-delhi
Honda,Honda CityE,2013,"90,000kms",Petrol,Manual,₹2.30 Lakh,new-delhi
Hyundai,Hyundai Grand i10 NiosAMT Sportz,2021,"44,148kms",Petrol,Automatic,₹5.65 Lakh,new-delhi
Maruti,Maruti Grand VitaraDelta,2025,"20,000kms",Petrol,Manual,₹10.50 Lakh,new-delhi
Kia,Kia SeltosGTX Plus DCT,2022,"43,000kms",Petrol,Automatic,₹14.50 Lakh,new-delhi
Ford,Ford Ecosport1.5 Petrol Ambiente BSIV,2019,"68,000kms",Petrol,Manual,₹4.85 Lakh,new-delhi
Maruti,Maruti SwiftVXI,2013,"1,00,000kms",Petrol,Manual,₹2 Lakh,new-delhi
Hyundai,Hyundai i10Era,2011,"10,000kms",Petrol,Manual,₹1.50 Lakh,new-delhi
MG,MG HectorSharp Pro  -2025,2023,"36,000kms",Petrol,Manual,₹11.83 Lakh,new-delhi
Maruti,Maruti SwiftLXI Optional-O,2017,"55,000kms",Petrol,Manual,₹3.50 Lakh,new-delhi
Tata,Tata NexonXZA Plus AMT,2023,"43,000kms",Petrol,Automatic,₹8.50 Lakh,new-delhi
Mercedes-Benz,Mercedes-Benz C-ClassC 200 CGI,2017,"38,000kms",Petrol,Automatic,₹21.50 Lakh,new-delhi
Ford,Ford Ecosport1.5 Diesel Titanium BSIV,2017,"60,000kms",Diesel,Manual,₹4.50 Lakh,new-delhi
Toyota,Toyota GlanzaV,2023,"23,000kms",Petrol,Manual,₹7 Lakh,new-delhi
Hyundai,Hyundai Creta1.6 VTVT S,2015,"40,000kms",Petrol,Manual,₹4.25 Lakh,new-delhi
Maruti,Maruti CelerioZXI,2016,"1,02,000kms",Petrol,Manual,₹2.90 Lakh,new-delhi
Hyundai,Hyundai Grand i10Magna,2017,"40,000kms",Petrol,Manual,₹3.50 Lakh,new-delhi
Hyundai,Hyundai Creta1.4 CRDi S Plus,2015,"1,00,000kms",Diesel,Manual,₹4 Lakh,new-delhi
Maruti,Maruti Vitara BrezzaZDi Plus,2018,"80,000kms",Diesel,Manual,₹6.25 Lakh,new-delhi
Kia,Kia SeltosX-Line Diesel AT,2022,"1,00,000kms",Diesel,Automatic,₹13 Lakh,new-delhi
Hyundai,Hyundai VenueS BSIV,2020,"48,000kms",Petrol,Manual,₹7.50 Lakh,new-delhi
Kia,Kia SonetGravity,2024,"14,000kms",Petrol,Manual,₹8.50 Lakh,new-delhi
Hyundai,Hyundai Creta1.4 CRDi S Plus,2015,"1,00,000kms",Diesel,Manual,₹4 Lakh,new-delhi
Maruti,Maruti Vitara BrezzaZDi Plus,2018,"80,000kms",Diesel,Manual,₹6.25 Lakh,new-delhi
Kia,Kia SeltosX-Line Diesel AT,2022,"1,00,000kms",Diesel,Automatic,₹13 Lakh,new-delhi
Maruti,Maruti SwiftZXI BSIV,2016,"90,000kms",Petrol,Manual,₹3.50 Lakh,new-delhi
Tata,Tata NexonXZ Plus DualTone Roof (O),2021,"47,000kms",Petrol,Manual,₹7 Lakh,new-delhi
Mercedes-Benz,Mercedes-Benz CLA200 CDI Sport,2017,"62,000kms",Diesel,Automatic,₹13 Lakh,new-delhi
Toyota,Toyota Innova Crysta2.7 GX MT BSIV,2017,"90,000kms",Petrol,Manual,₹11.25 Lakh,new-delhi
Tata,Tata HexaXM,2017,"60,000kms",Diesel,Manual,₹7.25 Lakh,new-delhi
Hyundai,Hyundai Grand i10Sportz,2015,"93,000kms",Petrol,Manual,₹3.20 Lakh,new-delhi
Hyundai,Hyundai i10Magna,2011,"30,000kms",Petrol,Manual,₹1.30 Lakh,new-delhi
Maruti,Maruti Wagon RCNG LXI Opt,2022,"70,000kms",CNG,Manual,₹5 Lakh,new-delhi
Maruti,Maruti Ciaz1.3 Zeta,2017,"79,000kms",Diesel,Manual,₹4.50 Lakh,new-delhi
Maruti,Maruti Wagon R StingrayVXI,2014,"80,000kms",Petrol,Manual,₹2 Lakh,new-delhi
Tata,Tata NexonPure S,2023,"30,000kms",Petrol,Manual,₹7.50 Lakh,new-delhi
Maruti,Maruti Wagon RLXI BSII,2012,"48,000kms",Petrol,Manual,₹1.85 Lakh,new-delhi
Hyundai,Hyundai i10Magna 1.1L,2016,"78,000kms",Petrol,Manual,₹2.50 Lakh,new-delhi
Hyundai,Hyundai i20Sportz 1.2,2014,"74,000kms",Petrol,Manual,₹3.30 Lakh,new-delhi
Maruti,Maruti Wagon RAMT VXI,2017,"35,000kms",Petrol,Automatic,₹3.25 Lakh,new-delhi
Hyundai,Hyundai VenueS BSIV,2020,"48,000kms",Petrol,Manual,₹7.50 Lakh,new-delhi
Kia,Kia SonetGravity,2024,"14,000kms",Petrol,Manual,₹8.50 Lakh,new-delhi
Hyundai,Hyundai Creta1.4 CRDi S Plus,2015,"1,00,000kms",Diesel,Manual,₹4 Lakh,new-delhi
Maruti,Maruti Vitara BrezzaZDi Plus,2018,"80,000kms",Diesel,Manual,₹6.25 Lakh,new-delhi
Kia,Kia SeltosX-Line Diesel AT,2022,"1,00,000kms",Diesel,Automatic,₹13 Lakh,new-delhi
Maruti,Maruti SwiftZXI BSIV,2016,"90,000kms",Petrol,Manual,₹3.50 Lakh,new-delhi
Tata,Tata NexonXZ Plus DualTone Roof (O),2021,"47,000kms",Petrol,Manual,₹7 Lakh,new-delhi
Mercedes-Benz,Mercedes-Benz CLA200 CDI Sport,2017,"62,000kms",Diesel,Automatic,₹13 Lakh,new-delhi
Toyota,Toyota Innova Crysta2.7 GX MT BSIV,2017,"90,000kms",Petrol,Manual,₹11.25 Lakh,new-delhi
Tata,Tata HexaXM,2017,"60,000kms",Diesel,Manual,₹7.25 Lakh,new-delhi
Hyundai,Hyundai Grand i10Sportz,2015,"93,000kms",Petrol,Manual,₹3.20 Lakh,new-delhi
Hyundai,Hyundai i10Magna,2011,"30,000kms",Petrol,Manual,₹1.30 Lakh,new-delhi
Maruti,Maruti Wagon RCNG LXI Opt,2022,"70,000kms",CNG,Manual,₹5 Lakh,new-delhi
Maruti,Maruti Ciaz1.3 Zeta,2017,"79,000kms",Diesel,Manual,₹4.50 Lakh,new-delhi
Maruti,Maruti Wagon R StingrayVXI,2014,"80,000kms",Petrol,Manual,₹2 Lakh,new-delhi
Tata,Tata NexonPure S,2023,"30,000kms",Petrol,Manual,₹7.50 Lakh,new-delhi
Maruti,Maruti Wagon RLXI BSII,2012,"48,000kms",Petrol,Manual,₹1.85 Lakh,new-delhi
Hyundai,Hyundai i10Magna 1.1L,2016,"78,000kms",Petrol,Manual,₹2.50 Lakh,new-delhi
Hyundai,Hyundai i20Sportz 1.2,2014,"74,000kms",Petrol,Manual,₹3.30 Lakh,new-delhi
Maruti,Maruti Wagon RAMT VXI,2017,"35,000kms",Petrol,Automatic,₹3.25 Lakh,new-delhi
Hyundai,Hyundai VenueS BSIV,2020,"48,000kms",Petrol,Manual,₹7.50 Lakh,new-delhi
Kia,Kia SonetGravity,2024,"14,000kms",Petrol,Manual,₹8.50 Lakh,new-delhi
Hyundai,Hyundai Creta1.4 CRDi S Plus,2015,"1,00,000kms",Diesel,Manual,₹4 Lakh,new-delhi
Maruti,Maruti Vitara BrezzaZDi Plus,2018,"80,000kms",Diesel,Manual,₹6.25 Lakh,new-delhi
Kia,Kia SeltosX-Line Diesel AT,2022,"1,00,000kms",Diesel,Automatic,₹13 Lakh,new-delhi
Maruti,Maruti SwiftZXI BSIV,2016,"90,000kms",Petrol,Manual,₹3.50 Lakh,new-delhi
Tata,Tata NexonXZ Plus DualTone Roof (O),2021,"47,000kms",Petrol,Manual,₹7 Lakh,new-delhi
Mercedes-Benz,Mercedes-Benz CLA200 CDI Sport,2017,"62,000kms",Diesel,Automatic,₹13 Lakh,new-delhi
Toyota,Toyota Innova Crysta2.7 GX MT BSIV,2017,"90,000kms",Petrol,Manual,₹11.25 Lakh,new-delhi
Tata,Tata HexaXM,2017,"60,000kms",Diesel,Manual,₹7.25 Lakh,new-delhi
Hyundai,Hyundai Grand i10Sportz,2015,"93,000kms",Petrol,Manual,₹3.20 Lakh,new-delhi
Hyundai,Hyundai i10Magna,2011,"30,000kms",Petrol,Manual,₹1.30 Lakh,new-delhi
Maruti,Maruti Wagon RCNG LXI Opt,2022,"70,000kms",CNG,Manual,₹5 Lakh,new-delhi
Maruti,Maruti Ciaz1.3 Zeta,2017,"79,000kms",Diesel,Manual,₹4.50 Lakh,new-delhi
Maruti,Maruti Wagon R StingrayVXI,2014,"80,000kms",Petrol,Manual,₹2 Lakh,new-delhi
Tata,Tata NexonPure S,2023,"30,000kms",Petrol,Manual,₹7.50 Lakh,new-delhi
Maruti,Maruti Wagon RLXI BSII,2012,"48,000kms",Petrol,Manual,₹1.85 Lakh,new-delhi
Hyundai,Hyundai i10Magna 1.1L,2016,"78,000kms",Petrol,Manual,₹2.50 Lakh,new-delhi
Hyundai,Hyundai i20Sportz 1.2,2014,"74,000kms",Petrol,Manual,₹3.30 Lakh,new-delhi
Maruti,Maruti Wagon RAMT VXI,2017,"35,000kms",Petrol,Automatic,₹3.25 Lakh,new-delhi
Toyota,Toyota Innova Crysta2.7 GX MT BSIV,2017,"90,000kms",Petrol,Manual,₹11.25 Lakh,new-delhi
Kia,Kia CarnivalLimousine Plus,2023,"67,000kms",Diesel,Automatic,₹35 Lakh,new-delhi
Hyundai,Hyundai Creta1.6 SX,2018,"80,000kms",Petrol,Manual,₹8 Lakh,new-delhi
Nissan,Nissan TerranoXL,2016,"56,000kms",Petrol,Manual,₹3.95 Lakh,new-delhi
Tata,Tata HexaXM,2017,"60,000kms",Diesel,Manual,₹7.25 Lakh,new-delhi
Maruti,Maruti Wagon R StingrayLXI,2016,"71,000kms",Petrol,Manual,₹2.99 Lakh,new-delhi
Jaguar,Jaguar XEPrestige,2017,"30,000kms",Petrol,Automatic,₹21 Lakh,new-delhi
Hyundai,Hyundai XcentVTVT Plus ABS,2016,"90,000kms",Petrol,Manual,₹4 Lakh,new-delhi
Hyundai,Hyundai Grand i101.2 CRDi Asta,2019,"40,900kms",Diesel,Manual,₹4 Lakh,new-delhi
Hyundai,Hyundai i10Magna 1.1L,2016,"78,000kms",Petrol,Manual,₹2.50 Lakh,new-delhi
Maruti,Maruti Grand VitaraDelta CNG 2 Airbag,2024,"40,000kms",CNG,Manual,₹12.30 Lakh,new-delhi
Hyundai,Hyundai Grand i10Sportz,2015,"93,000kms",Petrol,Manual,₹3.20 Lakh,new-delhi
Hyundai,Hyundai i10Magna,2011,"30,000kms",Petrol,Manual,₹1.30 Lakh,new-delhi
Maruti,Maruti Wagon RCNG LXI Opt,2022,"70,000kms",CNG,Manual,₹5 Lakh,new-delhi
Maruti,Maruti Wagon RLXI BSII,2012,"48,000kms",Petrol,Manual,₹1.85 Lakh,new-delhi
Maruti,Maruti Vitara BrezzaVDi,2020,"40,000kms",Diesel,Manual,₹5.50 Lakh,new-delhi
Hyundai,Hyundai i201.2 Spotz,2018,"70,000kms",Petrol,Manual,₹4.50 Lakh,new-delhi
Hyundai,Hyundai Creta1.4 CRDi S,2017,"1,00,000kms",Diesel,Manual,₹6.50 Lakh,new-delhi
Audi,Audi A335 TFSI Premium,2018,"24,000kms",Petrol,Automatic,₹16.99 Lakh,new-delhi
Tata,Tata NexonPure S,2024,"20,000kms",Petrol,Manual,₹7.50 Lakh,new-delhi
Toyota,Toyota Innova Crysta2.7 GX MT BSIV,2017,"90,000kms",Petrol,Manual,₹11.25 Lakh,new-delhi
Kia,Kia CarnivalLimousine Plus,2023,"67,000kms",Diesel,Automatic,₹35 Lakh,new-delhi
Hyundai,Hyundai Creta1.6 SX,2018,"80,000kms",Petrol,Manual,₹8 Lakh,new-delhi
Nissan,Nissan TerranoXL,2016,"56,000kms",Petrol,Manual,₹3.95 Lakh,new-delhi
Tata,Tata HexaXM,2017,"60,000kms",Diesel,Manual,₹7.25 Lakh,new-delhi
Maruti,Maruti Wagon R StingrayLXI,2016,"71,000kms",Petrol,Manual,₹2.99 Lakh,new-delhi
Jaguar,Jaguar XEPrestige,2017,"30,000kms",Petrol,Automatic,₹21 Lakh,new-delhi
Hyundai,Hyundai XcentVTVT Plus ABS,2016,"90,000kms",Petrol,Manual,₹4 Lakh,new-delhi
Hyundai,Hyundai Grand i101.2 CRDi Asta,2019,"40,900kms",Diesel,Manual,₹4 Lakh,new-delhi
Hyundai,Hyundai i10Magna 1.1L,2016,"78,000kms",Petrol,Manual,₹2.50 Lakh,new-delhi
Maruti,Maruti Grand VitaraDelta CNG 2 Airbag,2024,"40,000kms",CNG,Manual,₹12.30 Lakh,new-delhi
Hyundai,Hyundai Grand i10Sportz,2015,"93,000kms",Petrol,Manual,₹3.20 Lakh,new-delhi
Hyundai,Hyundai i10Magna,2011,"30,000kms",Petrol,Manual,₹1.30 Lakh,new-delhi
Maruti,Maruti Wagon RCNG LXI Opt,2022,"70,000kms",CNG,Manual,₹5 Lakh,new-delhi
Maruti,Maruti Wagon RLXI BSII,2012,"48,000kms",Petrol,Manual,₹1.85 Lakh,new-delhi
Maruti,Maruti Vitara BrezzaVDi,2020,"40,000kms",Diesel,Manual,₹5.50 Lakh,new-delhi
Hyundai,Hyundai i201.2 Spotz,2018,"70,000kms",Petrol,Manual,₹4.50 Lakh,new-delhi
Hyundai,Hyundai Creta1.4 CRDi S,2017,"1,00,000kms",Diesel,Manual,₹6.50 Lakh,new-delhi
Audi,Audi A335 TFSI Premium,2018,"24,000kms",Petrol,Automatic,₹16.99 Lakh,new-delhi
Tata,Tata NexonPure S,2024,"20,000kms",Petrol,Manual,₹7.50 Lakh,new-delhi
Maruti,Maruti Grand VitaraZeta BSVI,2022,"41,090kms",Petrol,Manual,₹10 Lakh,new-delhi
Honda,Honda CityE,2013,"90,000kms",Petrol,Manual,₹2.30 Lakh,new-delhi
Hyundai,Hyundai Grand i10 NiosAMT Sportz,2021,"44,148kms",Petrol,Automatic,₹5.65 Lakh,new-delhi
Maruti,Maruti Grand VitaraDelta,2025,"20,000kms",Petrol,Manual,₹10.50 Lakh,new-delhi
Kia,Kia SeltosGTX Plus DCT,2022,"43,000kms",Petrol,Automatic,₹14.50 Lakh,new-delhi
Ford,Ford Ecosport1.5 Petrol Ambiente BSIV,2019,"68,000kms",Petrol,Manual,₹4.85 Lakh,new-delhi
Maruti,Maruti SwiftVXI,2013,"1,00,000kms",Petrol,Manual,₹2 Lakh,new-delhi
Hyundai,Hyundai i10Era,2011,"10,000kms",Petrol,Manual,₹1.50 Lakh,new-delhi
MG,MG HectorSharp Pro  -2025,2023,"36,000kms",Petrol,Manual,₹11.83 Lakh,new-delhi
Maruti,Maruti SwiftLXI Optional-O,2017,"55,000kms",Petrol,Manual,₹3.50 Lakh,new-delhi
Tata,Tata NexonXZA Plus AMT,2023,"43,000kms",Petrol,Automatic,₹8.50 Lakh,new-delhi
Mercedes-Benz,Mercedes-Benz C-ClassC 200 CGI,2017,"38,000kms",Petrol,Automatic,₹21.50 Lakh,new-delhi
Ford,Ford Ecosport1.5 Diesel Titanium BSIV,2017,"60,000kms",Diesel,Manual,₹4.50 Lakh,new-delhi
Toyota,Toyota GlanzaV,2023,"23,000kms",Petrol,Manual,₹7 Lakh,new-delhi
Hyundai,Hyundai Creta1.6 VTVT S,2015,"40,000kms",Petrol,Manual,₹4.25 Lakh,new-delhi
Maruti,Maruti CelerioZXI,2016,"1,02,000kms",Petrol,Manual,₹2.90 Lakh,new-delhi
Hyundai,Hyundai Grand i10Magna,2017,"40,000kms",Petrol,Manual,₹3.50 Lakh,new-delhi
Hyundai,Hyundai Creta1.4 CRDi S Plus,2015,"1,00,000kms",Diesel,Manual,₹4 Lakh,new-delhi
Maruti,Maruti Vitara BrezzaZDi Plus,2018,"80,000kms",Diesel,Manual,₹6.25 Lakh,new-delhi
Kia,Kia SeltosX-Line Diesel AT,2022,"1,00,000kms",Diesel,Automatic,₹13 Lakh,new-delhi
Maruti,Maruti Grand VitaraZeta BSVI,2022,"41,090kms",Petrol,Manual,₹10 Lakh,new-delhi
Honda,Honda CityE,2013,"90,000kms",Petrol,Manual,₹2.30 Lakh,new-delhi
Hyundai,Hyundai Grand i10 NiosAMT Sportz,2021,"44,148kms",Petrol,Automatic,₹5.65 Lakh,new-delhi
Maruti,Maruti Grand VitaraDelta,2025,"20,000kms",Petrol,Manual,₹10.50 Lakh,new-delhi
Kia,Kia SeltosGTX Plus DCT,2022,"43,000kms",Petrol,Automatic,₹14.50 Lakh,new-delhi
Ford,Ford Ecosport1.5 Petrol Ambiente BSIV,2019,"68,000kms",Petrol,Manual,₹4.85 Lakh,new-delhi
Maruti,Maruti SwiftVXI,2013,"1,00,000kms",Petrol,Manual,₹2 Lakh,new-delhi
Hyundai,Hyundai i10Era,2011,"10,000kms",Petrol,Manual,₹1.50 Lakh,new-delhi
MG,MG HectorSharp Pro  -2025,2023,"36,000kms",Petrol,Manual,₹11.83 Lakh,new-delhi
Maruti,Maruti SwiftLXI Optional-O,2017,"55,000kms",Petrol,Manual,₹3.50 Lakh,new-delhi
Tata,Tata NexonXZA Plus AMT,2023,"43,000kms",Petrol,Automatic,₹8.50 Lakh,new-delhi
Mercedes-Benz,Mercedes-Benz C-ClassC 200 CGI,2017,"38,000kms",Petrol,Automatic,₹21.50 Lakh,new-delhi
Ford,Ford Ecosport1.5 Diesel Titanium BSIV,2017,"60,000kms",Diesel,Manual,₹4.50 Lakh,new-delhi
Toyota,Toyota GlanzaV,2023,"23,000kms",Petrol,Manual,₹7 Lakh,new-delhi
Hyundai,Hyundai Creta1.6 VTVT S,2015,"40,000kms",Petrol,Manual,₹4.25 Lakh,new-delhi
Maruti,Maruti CelerioZXI,2016,"1,02,000kms",Petrol,Manual,₹2.90 Lakh,new-delhi
Hyundai,Hyundai Grand i10Magna,2017,"40,000kms",Petrol,Manual,₹3.50 Lakh,new-delhi
Hyundai,Hyundai Creta1.4 CRDi S Plus,2015,"1,00,000kms",Diesel,Manual,₹4 Lakh,new-delhi
Maruti,Maruti Vitara BrezzaZDi Plus,2018,"80,000kms",Diesel,Manual,₹6.25 Lakh,new-delhi
Kia,Kia SeltosX-Line Diesel AT,2022,"1,00,000kms",Diesel,Automatic,₹13 Lakh,new-delhi
Maruti,Maruti Grand VitaraZeta BSVI,2022,"41,090kms",Petrol,Manual,₹10 Lakh,new-delhi
Honda,Honda CityE,2013,"90,000kms",Petrol,Manual,₹2.30 Lakh,new-delhi
Hyundai,Hyundai Grand i10 NiosAMT Sportz,2021,"44,148kms",Petrol,Automatic,₹5.65 Lakh,new-delhi
Maruti,Maruti Grand VitaraDelta,2025,"20,000kms",Petrol,Manual,₹10.50 Lakh,new-delhi
Kia,Kia SeltosGTX Plus DCT,2022,"43,000kms",Petrol,Automatic,₹14.50 Lakh,new-delhi
Ford,Ford Ecosport1.5 Petrol Ambiente BSIV,2019,"68,000kms",Petrol,Manual,₹4.85 Lakh,new-delhi
Maruti,Maruti SwiftVXI,2013,"1,00,000kms",Petrol,Manual,₹2 Lakh,new-delhi
Hyundai,Hyundai i10Era,2011,"10,000kms",Petrol,Manual,₹1.50 Lakh,new-delhi
MG,MG HectorSharp Pro  -2025,2023,"36,000kms",Petrol,Manual,₹11.83 Lakh,new-delhi
Maruti,Maruti SwiftLXI Optional-O,2017,"55,000kms",Petrol,Manual,₹3.50 Lakh,new-delhi
Tata,Tata NexonXZA Plus AMT,2023,"43,000kms",Petrol,Automatic,₹8.50 Lakh,new-delhi
Mercedes-Benz,Mercedes-Benz C-ClassC 200 CGI,2017,"38,000kms",Petrol,Automatic,₹21.50 Lakh,new-delhi
Ford,Ford Ecosport1.5 Diesel Titanium BSIV,2017,"60,000kms",Diesel,Manual,₹4.50 Lakh,new-delhi
Toyota,Toyota GlanzaV,2023,"23,000kms",Petrol,Manual,₹7 Lakh,new-delhi
Hyundai,Hyundai Creta1.6 VTVT S,2015,"40,000kms",Petrol,Manual,₹4.25 Lakh,new-delhi
Maruti,Maruti CelerioZXI,2016,"1,02,000kms",Petrol,Manual,₹2.90 Lakh,new-delhi
Hyundai,Hyundai Grand i10Magna,2017,"40,000kms",Petrol,Manual,₹3.50 Lakh,new-delhi
Hyundai,Hyundai Creta1.4 CRDi S Plus,2015,"1,00,000kms",Diesel,Manual,₹4 Lakh,new-delhi
Maruti,Maruti Vitara BrezzaZDi Plus,2018,"80,000kms",Diesel,Manual,₹6.25 Lakh,new-delhi
Kia,Kia SeltosX-Line Diesel AT,2022,"1,00,000kms",Diesel,Automatic,₹13 Lakh,new-delhi
Hyundai,Hyundai VenueS BSIV,2020,"48,000kms",Petrol,Manual,₹7.50 Lakh,new-delhi
Kia,Kia SonetGravity,2024,"14,000kms",Petrol,Manual,₹8.50 Lakh,new-delhi
Hyundai,Hyundai Creta1.4 CRDi S Plus,2015,"1,00,000kms",Diesel,Manual,₹4 Lakh,new-delhi
Maruti,Maruti Vitara BrezzaZDi Plus,2018,"80,000kms",Diesel,Manual,₹6.25 Lakh,new-delhi
Kia,Kia SeltosX-Line Diesel AT,2022,"1,00,000kms",Diesel,Automatic,₹13 Lakh,new-delhi
Maruti,Maruti SwiftZXI BSIV,2016,"90,000kms",Petrol,Manual,₹3.50 Lakh,new-delhi
Tata,Tata NexonXZ Plus DualTone Roof (O),2021,"47,000kms",Petrol,Manual,₹7 Lakh,new-delhi
Mercedes-Benz,Mercedes-Benz CLA200 CDI Sport,2017,"62,000kms",Diesel,Automatic,₹13 Lakh,new-delhi
Toyota,Toyota Innova Crysta2.7 GX MT BSIV,2017,"90,000kms",Petrol,Manual,₹11.25 Lakh,new-delhi
Tata,Tata HexaXM,2017,"60,000kms",Diesel,Manual,₹7.25 Lakh,new-delhi
Hyundai,Hyundai Grand i10Sportz,2015,"93,000kms",Petrol,Manual,₹3.20 Lakh,new-delhi
Hyundai,Hyundai i10Magna,2011,"30,000kms",Petrol,Manual,₹1.30 Lakh,new-delhi
Maruti,Maruti Wagon RCNG LXI Opt,2022,"70,000kms",CNG,Manual,₹5 Lakh,new-delhi
Maruti,Maruti Ciaz1.3 Zeta,2017,"79,000kms",Diesel,Manual,₹4.50 Lakh,new-delhi
Maruti,Maruti Wagon R StingrayVXI,2014,"80,000kms",Petrol,Manual,₹2 Lakh,new-delhi
Tata,Tata NexonPure S,2023,"30,000kms",Petrol,Manual,₹7.50 Lakh,new-delhi
Maruti,Maruti Wagon RLXI BSII,2012,"48,000kms",Petrol,Manual,₹1.85 Lakh,new-delhi
Hyundai,Hyundai i10Magna 1.1L,2016,"78,000kms",Petrol,Manual,₹2.50 Lakh,new-delhi
Hyundai,Hyundai i20Sportz 1.2,2014,"74,000kms",Petrol,Manual,₹3.30 Lakh,new-delhi
Maruti,Maruti Wagon RAMT VXI,2017,"35,000kms",Petrol,Automatic,₹3.25 Lakh,new-delhi
Maruti,Maruti Grand VitaraZeta BSVI,2022,"41,090kms",Petrol,Manual,₹10 Lakh,new-delhi
Honda,Honda CityE,2013,"90,000kms",Petrol,Manual,₹2.30 Lakh,new-delhi
Hyundai,Hyundai Grand i10 NiosAMT Sportz,2021,"44,148kms",Petrol,Automatic,₹5.65 Lakh,new-delhi
Maruti,Maruti Grand VitaraDelta,2025,"20,000kms",Petrol,Manual,₹10.50 Lakh,new-delhi
Kia,Kia SeltosGTX Plus DCT,2022,"43,000kms",Petrol,Automatic,₹14.50 Lakh,new-delhi
Ford,Ford Ecosport1.5 Petrol Ambiente BSIV,2019,"68,000kms",Petrol,Manual,₹4.85 Lakh,new-delhi
Maruti,Maruti SwiftVXI,2013,"1,00,000kms",Petrol,Manual,₹2 Lakh,new-delhi
Hyundai,Hyundai i10Era,2011,"10,000kms",Petrol,Manual,₹1.50 Lakh,new-delhi
MG,MG HectorSharp Pro  -2025,2023,"36,000kms",Petrol,Manual,₹11.83 Lakh,new-delhi
Maruti,Maruti SwiftLXI Optional-O,2017,"55,000kms",Petrol,Manual,₹3.50 Lakh,new-delhi
Tata,Tata NexonXZA Plus AMT,2023,"43,000kms",Petrol,Automatic,₹8.50 Lakh,new-delhi
Mercedes-Benz,Mercedes-Benz C-ClassC 200 CGI,2017,"38,000kms",Petrol,Automatic,₹21.50 Lakh,new-delhi
Ford,Ford Ecosport1.5 Diesel Titanium BSIV,2017,"60,000kms",Diesel,Manual,₹4.50 Lakh,new-delhi
Toyota,Toyota GlanzaV,2023,"23,000kms",Petrol,Manual,₹7 Lakh,new-delhi
Hyundai,Hyundai Creta1.6 VTVT S,2015,"40,000kms",Petrol,Manual,₹4.25 Lakh,new-delhi
Maruti,Maruti CelerioZXI,2016,"1,02,000kms",Petrol,Manual,₹2.90 Lakh,new-delhi
Hyundai,Hyundai Grand i10Magna,2017,"40,000kms",Petrol,Manual,₹3.50 Lakh,new-delhi
Hyundai,Hyundai Creta1.4 CRDi S Plus,2015,"1,00,000kms",Diesel,Manual,₹4 Lakh,new-delhi
Maruti,Maruti Vitara BrezzaZDi Plus,2018,"80,000kms",Diesel,Manual,₹6.25 Lakh,new-delhi
Kia,Kia SeltosX-Line Diesel AT,2022,"1,00,000kms",Diesel,Automatic,₹13 Lakh,new-delhi
Maruti,Maruti Grand VitaraZeta BSVI,2022,"41,090kms",Petrol,Manual,₹10 Lakh,new-delhi
Honda,Honda CityE,2013,"90,000kms",Petrol,Manual,₹2.30 Lakh,new-delhi
Hyundai,Hyundai Grand i10 NiosAMT Sportz,2021,"44,148kms",Petrol,Automatic,₹5.65 Lakh,new-delhi
Maruti,Maruti Grand VitaraDelta,2025,"20,000kms",Petrol,Manual,₹10.50 Lakh,new-delhi
Kia,Kia SeltosGTX Plus DCT,2022,"43,000kms",Petrol,Automatic,₹14.50 Lakh,new-delhi
Ford,Ford Ecosport1.5 Petrol Ambiente BSIV,2019,"68,000kms",Petrol,Manual,₹4.85 Lakh,new-delhi
Maruti,Maruti SwiftVXI,2013,"1,00,000kms",Petrol,Manual,₹2 Lakh,new-delhi
Hyundai,Hyundai i10Era,2011,"10,000kms",Petrol,Manual,₹1.50 Lakh,new-delhi
MG,MG HectorSharp Pro  -2025,2023,"36,000kms",Petrol,Manual,₹11.83 Lakh,new-delhi
Maruti,Maruti SwiftLXI Optional-O,2017,"55,000kms",Petrol,Manual,₹3.50 Lakh,new-delhi
Tata,Tata NexonXZA Plus AMT,2023,"43,000kms",Petrol,Automatic,₹8.50 Lakh,new-delhi
Mercedes-Benz,Mercedes-Benz C-ClassC 200 CGI,2017,"38,000kms",Petrol,Automatic,₹21.50 Lakh,new-delhi
Ford,Ford Ecosport1.5 Diesel Titanium BSIV,2017,"60,000kms",Diesel,Manual,₹4.50 Lakh,new-delhi
Toyota,Toyota GlanzaV,2023,"23,000kms",Petrol,Manual,₹7 Lakh,new-delhi
Hyundai,Hyundai Creta1.6 VTVT S,2015,"40,000kms",Petrol,Manual,₹4.25 Lakh,new-delhi
Maruti,Maruti CelerioZXI,2016,"1,02,000kms",Petrol,Manual,₹2.90 Lakh,new-delhi
Hyundai,Hyundai Grand i10Magna,2017,"40,000kms",Petrol,Manual,₹3.50 Lakh,new-delhi
Hyundai,Hyundai Creta1.4 CRDi S Plus,2015,"1,00,000kms",Diesel,Manual,₹4 Lakh,new-delhi
Maruti,Maruti Vitara BrezzaZDi Plus,2018,"80,000kms",Diesel,Manual,₹6.25 Lakh,new-delhi
Kia,Kia SeltosX-Line Diesel AT,2022,"1,00,000kms",Diesel,Automatic,₹13 Lakh,new-delhi
Hyundai,Hyundai VenueS BSIV,2020,"48,000kms",Petrol,Manual,₹7.50 Lakh,new-delhi
Kia,Kia SonetGravity,2024,"14,000kms",Petrol,Manual,₹8.50 Lakh,new-delhi
Hyundai,Hyundai Creta1.4 CRDi S Plus,2015,"1,00,000kms",Diesel,Manual,₹4 Lakh,new-delhi
Maruti,Maruti Vitara BrezzaZDi Plus,2018,"80,000kms",Diesel,Manual,₹6.25 Lakh,new-delhi
Kia,Kia SeltosX-Line Diesel AT,2022,"1,00,000kms",Diesel,Automatic,₹13 Lakh,new-delhi
Maruti,Maruti SwiftZXI BSIV,2016,"90,000kms",Petrol,Manual,₹3.50 Lakh,new-delhi
Tata,Tata NexonXZ Plus DualTone Roof (O),2021,"47,000kms",Petrol,Manual,₹7 Lakh,new-delhi
Mercedes-Benz,Mercedes-Benz CLA200 CDI Sport,2017,"62,000kms",Diesel,Automatic,₹13 Lakh,new-delhi
Toyota,Toyota Innova Crysta2.7 GX MT BSIV,2017,"90,000kms",Petrol,Manual,₹11.25 Lakh,new-delhi
Tata,Tata HexaXM,2017,"60,000kms",Diesel,Manual,₹7.25 Lakh,new-delhi
Hyundai,Hyundai Grand i10Sportz,2015,"93,000kms",Petrol,Manual,₹3.20 Lakh,new-delhi
Hyundai,Hyundai i10Magna,2011,"30,000kms",Petrol,Manual,₹1.30 Lakh,new-delhi
Maruti,Maruti Wagon RCNG LXI Opt,2022,"70,000kms",CNG,Manual,₹5 Lakh,new-delhi
Maruti,Maruti Ciaz1.3 Zeta,2017,"79,000kms",Diesel,Manual,₹4.50 Lakh,new-delhi
Maruti,Maruti Wagon R StingrayVXI,2014,"80,000kms",Petrol,Manual,₹2 Lakh,new-delhi
Tata,Tata NexonPure S,2023,"30,000kms",Petrol,Manual,₹7.50 Lakh,new-delhi
Maruti,Maruti Wagon RLXI BSII,2012,"48,000kms",Petrol,Manual,₹1.85 Lakh,new-delhi
Hyundai,Hyundai i10Magna 1.1L,2016,"78,000kms",Petrol,Manual,₹2.50 Lakh,new-delhi
Hyundai,Hyundai i20Sportz 1.2,2014,"74,000kms",Petrol,Manual,₹3.30 Lakh,new-delhi
Maruti,Maruti Wagon RAMT VXI,2017,"35,000kms",Petrol,Automatic,₹3.25 Lakh,new-delhi
Maruti,Maruti Grand VitaraZeta BSVI,2022,"41,090kms",Petrol,Manual,₹10 Lakh,new-delhi
Honda,Honda CityE,2013,"90,000kms",Petrol,Manual,₹2.30 Lakh,new-delhi
Hyundai,Hyundai Grand i10 NiosAMT Sportz,2021,"44,148kms",Petrol,Automatic,₹5.65 Lakh,new-delhi
Maruti,Maruti Grand VitaraDelta,2025,"20,000kms",Petrol,Manual,₹10.50 Lakh,new-delhi
Kia,Kia SeltosGTX Plus DCT,2022,"43,000kms",Petrol,Automatic,₹14.50 Lakh,new-delhi
Ford,Ford Ecosport1.5 Petrol Ambiente BSIV,2019,"68,000kms",Petrol,Manual,₹4.85 Lakh,new-delhi
Maruti,Maruti SwiftVXI,2013,"1,00,000kms",Petrol,Manual,₹2 Lakh,new-delhi
Hyundai,Hyundai i10Era,2011,"10,000kms",Petrol,Manual,₹1.50 Lakh,new-delhi
MG,MG HectorSharp Pro  -2025,2023,"36,000kms",Petrol,Manual,₹11.83 Lakh,new-delhi
Maruti,Maruti SwiftLXI Optional-O,2017,"55,000kms",Petrol,Manual,₹3.50 Lakh,new-delhi
Tata,Tata NexonXZA Plus AMT,2023,"43,000kms",Petrol,Automatic,₹8.50 Lakh,new-delhi
Mercedes-Benz,Mercedes-Benz C-ClassC 200 CGI,2017,"38,000kms",Petrol,Automatic,₹21.50 Lakh,new-delhi
Ford,Ford Ecosport1.5 Diesel Titanium BSIV,2017,"60,000kms",Diesel,Manual,₹4.50 Lakh,new-delhi
Toyota,Toyota GlanzaV,2023,"23,000kms",Petrol,Manual,₹7 Lakh,new-delhi
Hyundai,Hyundai Creta1.6 VTVT S,2015,"40,000kms",Petrol,Manual,₹4.25 Lakh,new-delhi
Maruti,Maruti CelerioZXI,2016,"1,02,000kms",Petrol,Manual,₹2.90 Lakh,new-delhi
Hyundai,Hyundai Grand i10Magna,2017,"40,000kms",Petrol,Manual,₹3.50 Lakh,new-delhi
Hyundai,Hyundai Creta1.4 CRDi S Plus,2015,"1,00,000kms",Diesel,Manual,₹4 Lakh,new-delhi
Maruti,Maruti Vitara BrezzaZDi Plus,2018,"80,000kms",Diesel,Manual,₹6.25 Lakh,new-delhi
Kia,Kia SeltosX-Line Diesel AT,2022,"1,00,000kms",Diesel,Automatic,₹13 Lakh,new-delhi
Toyota,Toyota Innova Crysta2.7 GX MT BSIV,2017,"90,000kms",Petrol,Manual,₹11.25 Lakh,new-delhi
Kia,Kia CarnivalLimousine Plus,2023,"67,000kms",Diesel,Automatic,₹35 Lakh,new-delhi
Hyundai,Hyundai Creta1.6 SX,2018,"80,000kms",Petrol,Manual,₹8 Lakh,new-delhi
Nissan,Nissan TerranoXL,2016,"56,000kms",Petrol,Manual,₹3.95 Lakh,new-delhi
Tata,Tata HexaXM,2017,"60,000kms",Diesel,Manual,₹7.25 Lakh,new-delhi
Maruti,Maruti Wagon R StingrayLXI,2016,"71,000kms",Petrol,Manual,₹2.99 Lakh,new-delhi
Jaguar,Jaguar XEPrestige,2017,"30,000kms",Petrol,Automatic,₹21 Lakh,new-delhi
Hyundai,Hyundai XcentVTVT Plus ABS,2016,"90,000kms",Petrol,Manual,₹4 Lakh,new-delhi
Hyundai,Hyundai Grand i101.2 CRDi Asta,2019,"40,900kms",Diesel,Manual,₹4 Lakh,new-delhi
Hyundai,Hyundai i10Magna 1.1L,2016,"78,000kms",Petrol,Manual,₹2.50 Lakh,new-delhi
Maruti,Maruti Grand VitaraDelta CNG 2 Airbag,2024,"40,000kms",CNG,Manual,₹12.30 Lakh,new-delhi
Hyundai,Hyundai Grand i10Sportz,2015,"93,000kms",Petrol,Manual,₹3.20 Lakh,new-delhi
Hyundai,Hyundai i10Magna,2011,"30,000kms",Petrol,Manual,₹1.30 Lakh,new-delhi
Maruti,Maruti Wagon RCNG LXI Opt,2022,"70,000kms",CNG,Manual,₹5 Lakh,new-delhi
Maruti,Maruti Wagon RLXI BSII,2012,"48,000kms",Petrol,Manual,₹1.85 Lakh,new-delhi
Maruti,Maruti Vitara BrezzaVDi,2020,"40,000kms",Diesel,Manual,₹5.50 Lakh,new-delhi
Hyundai,Hyundai i201.2 Spotz,2018,"70,000kms",Petrol,Manual,₹4.50 Lakh,new-delhi
Hyundai,Hyundai Creta1.4 CRDi S,2017,"1,00,000kms",Diesel,Manual,₹6.50 Lakh,new-delhi
Audi,Audi A335 TFSI Premium,2018,"24,000kms",Petrol,Automatic,₹16.99 Lakh,new-delhi
Tata,Tata NexonPure S,2024,"20,000kms",Petrol,Manual,₹7.50 Lakh,new-delhi
Toyota,Toyota Innova Crysta2.7 GX MT BSIV,2017,"90,000kms",Petrol,Manual,₹11.25 Lakh,new-delhi
Kia,Kia CarnivalLimousine Plus,2023,"67,000kms",Diesel,Automatic,₹35 Lakh,new-delhi
Hyundai,Hyundai Creta1.6 SX,2018,"80,000kms",Petrol,Manual,₹8 Lakh,new-delhi
Nissan,Nissan TerranoXL,2016,"56,000kms",Petrol,Manual,₹3.95 Lakh,new-delhi
Tata,Tata HexaXM,2017,"60,000kms",Diesel,Manual,₹7.25 Lakh,new-delhi
Maruti,Maruti Wagon R StingrayLXI,2016,"71,000kms",Petrol,Manual,₹2.99 Lakh,new-delhi
Jaguar,Jaguar XEPrestige,2017,"30,000kms",Petrol,Automatic,₹21 Lakh,new-delhi
Hyundai,Hyundai XcentVTVT Plus ABS,2016,"90,000kms",Petrol,Manual,₹4 Lakh,new-delhi
Hyundai,Hyundai Grand i101.2 CRDi Asta,2019,"40,900kms",Diesel,Manual,₹4 Lakh,new-delhi
Hyundai,Hyundai i10Magna 1.1L,2016,"78,000kms",Petrol,Manual,₹2.50 Lakh,new-delhi
Maruti,Maruti Grand VitaraDelta CNG 2 Airbag,2024,"40,000kms",CNG,Manual,₹12.30 Lakh,new-delhi
Hyundai,Hyundai Grand i10Sportz,2015,"93,000kms",Petrol,Manual,₹3.20 Lakh,new-delhi
Hyundai,Hyundai i10Magna,2011,"30,000kms",Petrol,Manual,₹1.30 Lakh,new-delhi
Maruti,Maruti Wagon RCNG LXI Opt,2022,"70,000kms",CNG,Manual,₹5 Lakh,new-delhi
Maruti,Maruti Wagon RLXI BSII,2012,"48,000kms",Petrol,Manual,₹1.85 Lakh,new-delhi
Maruti,Maruti Vitara BrezzaVDi,2020,"40,000kms",Diesel,Manual,₹5.50 Lakh,new-delhi
Hyundai,Hyundai i201.2 Spotz,2018,"70,000kms",Petrol,Manual,₹4.50 Lakh,new-delhi
Hyundai,Hyundai Creta1.4 CRDi S,2017,"1,00,000kms",Diesel,Manual,₹6.50 Lakh,new-delhi
Audi,Audi A335 TFSI Premium,2018,"24,000kms",Petrol,Automatic,₹16.99 Lakh,new-delhi
Tata,Tata NexonPure S,2024,"20,000kms",Petrol,Manual,₹7.50 Lakh,new-delhi
Hyundai,Hyundai VenueS BSIV,2020,"48,000kms",Petrol,Manual,₹7.50 Lakh,new-delhi
Kia,Kia SonetGravity,2024,"14,000kms",Petrol,Manual,₹8.50 Lakh,new-delhi
Hyundai,Hyundai Creta1.4 CRDi S Plus,2015,"1,00,000kms",Diesel,Manual,₹4 Lakh,new-delhi
Maruti,Maruti Vitara BrezzaZDi Plus,2018,"80,000kms",Diesel,Manual,₹6.25 Lakh,new-delhi
Kia,Kia SeltosX-Line Diesel AT,2022,"1,00,000kms",Diesel,Automatic,₹13 Lakh,new-delhi
Maruti,Maruti SwiftZXI BSIV,2016,"90,000kms",Petrol,Manual,₹3.50 Lakh,new-delhi
Tata,Tata NexonXZ Plus DualTone Roof (O),2021,"47,000kms",Petrol,Manual,₹7 Lakh,new-delhi
Mercedes-Benz,Mercedes-Benz CLA200 CDI Sport,2017,"62,000kms",Diesel,Automatic,₹13 Lakh,new-delhi
Toyota,Toyota Innova Crysta2.7 GX MT BSIV,2017,"90,000kms",Petrol,Manual,₹11.25 Lakh,new-delhi
Tata,Tata HexaXM,2017,"60,000kms",Diesel,Manual,₹7.25 Lakh,new-delhi
Hyundai,Hyundai Grand i10Sportz,2015,"93,000kms",Petrol,Manual,₹3.20 Lakh,new-delhi
Hyundai,Hyundai i10Magna,2011,"30,000kms",Petrol,Manual,₹1.30 Lakh,new-delhi
Maruti,Maruti Wagon RCNG LXI Opt,2022,"70,000kms",CNG,Manual,₹5 Lakh,new-delhi
Maruti,Maruti Ciaz1.3 Zeta,2017,"79,000kms",Diesel,Manual,₹4.50 Lakh,new-delhi
Maruti,Maruti Wagon R StingrayVXI,2014,"80,000kms",Petrol,Manual,₹2 Lakh,new-delhi
Tata,Tata NexonPure S,2023,"30,000kms",Petrol,Manual,₹7.50 Lakh,new-delhi
Maruti,Maruti Wagon RLXI BSII,2012,"48,000kms",Petrol,Manual,₹1.85 Lakh,new-delhi
Hyundai,Hyundai i10Magna 1.1L,2016,"78,000kms",Petrol,Manual,₹2.50 Lakh,new-delhi
Hyundai,Hyundai i20Sportz 1.2,2014,"74,000kms",Petrol,Manual,₹3.30 Lakh,new-delhi
Maruti,Maruti Wagon RAMT VXI,2017,"35,000kms",Petrol,Automatic,₹3.25 Lakh,new-delhi
Hyundai,Hyundai VenueS BSIV,2020,"48,000kms",Petrol,Manual,₹7.50 Lakh,new-delhi
Kia,Kia SonetGravity,2024,"14,000kms",Petrol,Manual,₹8.50 Lakh,new-delhi
Hyundai,Hyundai Creta1.4 CRDi S Plus,2015,"1,00,000kms",Diesel,Manual,₹4 Lakh,new-delhi
Maruti,Maruti Vitara BrezzaZDi Plus,2018,"80,000kms",Diesel,Manual,₹6.25 Lakh,new-delhi
Kia,Kia SeltosX-Line Diesel AT,2022,"1,00,000kms",Diesel,Automatic,₹13 Lakh,new-delhi
Maruti,Maruti SwiftZXI BSIV,2016,"90,000kms",Petrol,Manual,₹3.50 Lakh,new-delhi
Tata,Tata NexonXZ Plus DualTone Roof (O),2021,"47,000kms",Petrol,Manual,₹7 Lakh,new-delhi
Mercedes-Benz,Mercedes-Benz CLA200 CDI Sport,2017,"62,000kms",Diesel,Automatic,₹13 Lakh,new-delhi
Toyota,Toyota Innova Crysta2.7 GX MT BSIV,2017,"90,000kms",Petrol,Manual,₹11.25 Lakh,new-delhi
Tata,Tata HexaXM,2017,"60,000kms",Diesel,Manual,₹7.25 Lakh,new-delhi
Hyundai,Hyundai Grand i10Sportz,2015,"93,000kms",Petrol,Manual,₹3.20 Lakh,new-delhi
Hyundai,Hyundai i10Magna,2011,"30,000kms",Petrol,Manual,₹1.30 Lakh,new-delhi
Maruti,Maruti Wagon RCNG LXI Opt,2022,"70,000kms",CNG,Manual,₹5 Lakh,new-delhi
Maruti,Maruti Ciaz1.3 Zeta,2017,"79,000kms",Diesel,Manual,₹4.50 Lakh,new-delhi
Maruti,Maruti Wagon R StingrayVXI,2014,"80,000kms",Petrol,Manual,₹2 Lakh,new-delhi
Tata,Tata NexonPure S,2023,"30,000kms",Petrol,Manual,₹7.50 Lakh,new-delhi
Maruti,Maruti Wagon RLXI BSII,2012,"48,000kms",Petrol,Manual,₹1.85 Lakh,new-delhi
Hyundai,Hyundai i10Magna 1.1L,2016,"78,000kms",Petrol,Manual,₹2.50 Lakh,new-delhi
Hyundai,Hyundai i20Sportz 1.2,2014,"74,000kms",Petrol,Manual,₹3.30 Lakh,new-delhi
Maruti,Maruti Wagon RAMT VXI,2017,"35,000kms",Petrol,Automatic,₹3.25 Lakh,new-delhi
Toyota,Toyota Innova Crysta2.7 GX MT BSIV,2017,"90,000kms",Petrol,Manual,₹11.25 Lakh,new-delhi
Kia,Kia CarnivalLimousine Plus,2023,"67,000kms",Diesel,Automatic,₹35 Lakh,new-delhi
Hyundai,Hyundai Creta1.6 SX,2018,"80,000kms",Petrol,Manual,₹8 Lakh,new-delhi
Nissan,Nissan TerranoXL,2016,"56,000kms",Petrol,Manual,₹3.95 Lakh,new-delhi
Tata,Tata HexaXM,2017,"60,000kms",Diesel,Manual,₹7.25 Lakh,new-delhi
Maruti,Maruti Wagon R StingrayLXI,2016,"71,000kms",Petrol,Manual,₹2.99 Lakh,new-delhi
Jaguar,Jaguar XEPrestige,2017,"30,000kms",Petrol,Automatic,₹21 Lakh,new-delhi
Hyundai,Hyundai XcentVTVT Plus ABS,2016,"90,000kms",Petrol,Manual,₹4 Lakh,new-delhi
Hyundai,Hyundai Grand i101.2 CRDi Asta,2019,"40,900kms",Diesel,Manual,₹4 Lakh,new-delhi
Hyundai,Hyundai i10Magna 1.1L,2016,"78,000kms",Petrol,Manual,₹2.50 Lakh,new-delhi
Maruti,Maruti Grand VitaraDelta CNG 2 Airbag,2024,"40,000kms",CNG,Manual,₹12.30 Lakh,new-delhi
Hyundai,Hyundai Grand i10Sportz,2015,"93,000kms",Petrol,Manual,₹3.20 Lakh,new-delhi
Hyundai,Hyundai i10Magna,2011,"30,000kms",Petrol,Manual,₹1.30 Lakh,new-delhi
Maruti,Maruti Wagon RCNG LXI Opt,2022,"70,000kms",CNG,Manual,₹5 Lakh,new-delhi
Maruti,Maruti Wagon RLXI BSII,2012,"48,000kms",Petrol,Manual,₹1.85 Lakh,new-delhi
Maruti,Maruti Vitara BrezzaVDi,2020,"40,000kms",Diesel,Manual,₹5.50 Lakh,new-delhi
Hyundai,Hyundai i201.2 Spotz,2018,"70,000kms",Petrol,Manual,₹4.50 Lakh,new-delhi
Hyundai,Hyundai Creta1.4 CRDi S,2017,"1,00,000kms",Diesel,Manual,₹6.50 Lakh,new-delhi
Audi,Audi A335 TFSI Premium,2018,"24,000kms",Petrol,Automatic,₹16.99 Lakh,new-delhi
Tata,Tata NexonPure S,2024,"20,000kms",Petrol,Manual,₹7.50 Lakh,new-delhi
Maruti,Maruti Grand VitaraZeta BSVI,2022,"41,090kms",Petrol,Manual,₹10 Lakh,new-delhi
Honda,Honda CityE,2013,"90,000kms",Petrol,Manual,₹2.30 Lakh,new-delhi
Hyundai,Hyundai Grand i10 NiosAMT Sportz,2021,"44,148kms",Petrol,Automatic,₹5.65 Lakh,new-delhi
Maruti,Maruti Grand VitaraDelta,2025,"20,000kms",Petrol,Manual,₹10.50 Lakh,new-delhi
Kia,Kia SeltosGTX Plus DCT,2022,"43,000kms",Petrol,Automatic,₹14.50 Lakh,new-delhi
Ford,Ford Ecosport1.5 Petrol Ambiente BSIV,2019,"68,000kms",Petrol,Manual,₹4.85 Lakh,new-delhi
Maruti,Maruti SwiftVXI,2013,"1,00,000kms",Petrol,Manual,₹2 Lakh,new-delhi
Hyundai,Hyundai i10Era,2011,"10,000kms",Petrol,Manual,₹1.50 Lakh,new-delhi
MG,MG HectorSharp Pro  -2025,2023,"36,000kms",Petrol,Manual,₹11.83 Lakh,new-delhi
Maruti,Maruti SwiftLXI Optional-O,2017,"55,000kms",Petrol,Manual,₹3.50 Lakh,new-delhi
Tata,Tata NexonXZA Plus AMT,2023,"43,000kms",Petrol,Automatic,₹8.50 Lakh,new-delhi
Mercedes-Benz,Mercedes-Benz C-ClassC 200 CGI,2017,"38,000kms",Petrol,Automatic,₹21.50 Lakh,new-delhi
Ford,Ford Ecosport1.5 Diesel Titanium BSIV,2017,"60,000kms",Diesel,Manual,₹4.50 Lakh,new-delhi
Toyota,Toyota GlanzaV,2023,"23,000kms",Petrol,Manual,₹7 Lakh,new-delhi
Hyundai,Hyundai Creta1.6 VTVT S,2015,"40,000kms",Petrol,Manual,₹4.25 Lakh,new-delhi
Maruti,Maruti CelerioZXI,2016,"1,02,000kms",Petrol,Manual,₹2.90 Lakh,new-delhi
Hyundai,Hyundai Grand i10Magna,2017,"40,000kms",Petrol,Manual,₹3.50 Lakh,new-delhi
Hyundai,Hyundai Creta1.4 CRDi S Plus,2015,"1,00,000kms",Diesel,Manual,₹4 Lakh,new-delhi
Maruti,Maruti Vitara BrezzaZDi Plus,2018,"80,000kms",Diesel,Manual,₹6.25 Lakh,new-delhi
Kia,Kia SeltosX-Line Diesel AT,2022,"1,00,000kms",Diesel,Automatic,₹13 Lakh,new-delhi
Toyota,Toyota Innova Crysta2.7 GX MT BSIV,2017,"90,000kms",Petrol,Manual,₹11.25 Lakh,new-delhi
Kia,Kia CarnivalLimousine Plus,2023,"67,000kms",Diesel,Automatic,₹35 Lakh,new-delhi
Hyundai,Hyundai Creta1.6 SX,2018,"80,000kms",Petrol,Manual,₹8 Lakh,new-delhi
Nissan,Nissan TerranoXL,2016,"56,000kms",Petrol,Manual,₹3.95 Lakh,new-delhi
Tata,Tata HexaXM,2017,"60,000kms",Diesel,Manual,₹7.25 Lakh,new-delhi
Maruti,Maruti Wagon R StingrayLXI,2016,"71,000kms",Petrol,Manual,₹2.99 Lakh,new-delhi
Jaguar,Jaguar XEPrestige,2017,"30,000kms",Petrol,Automatic,₹21 Lakh,new-delhi
Hyundai,Hyundai XcentVTVT Plus ABS,2016,"90,000kms",Petrol,Manual,₹4 Lakh,new-delhi
Hyundai,Hyundai Grand i101.2 CRDi Asta,2019,"40,900kms",Diesel,Manual,₹4 Lakh,new-delhi
Hyundai,Hyundai i10Magna 1.1L,2016,"78,000kms",Petrol,Manual,₹2.50 Lakh,new-delhi
Maruti,Maruti Grand VitaraDelta CNG 2 Airbag,2024,"40,000kms",CNG,Manual,₹12.30 Lakh,new-delhi
Hyundai,Hyundai Grand i10Sportz,2015,"93,000kms",Petrol,Manual,₹3.20 Lakh,new-delhi
Hyundai,Hyundai i10Magna,2011,"30,000kms",Petrol,Manual,₹1.30 Lakh,new-delhi
Maruti,Maruti Wagon RCNG LXI Opt,2022,"70,000kms",CNG,Manual,₹5 Lakh,new-delhi
Maruti,Maruti Wagon RLXI BSII,2012,"48,000kms",Petrol,Manual,₹1.85 Lakh,new-delhi
Maruti,Maruti Vitara BrezzaVDi,2020,"40,000kms",Diesel,Manual,₹5.50 Lakh,new-delhi
Hyundai,Hyundai i201.2 Spotz,2018,"70,000kms",Petrol,Manual,₹4.50 Lakh,new-delhi
Hyundai,Hyundai Creta1.4 CRDi S,2017,"1,00,000kms",Diesel,Manual,₹6.50 Lakh,new-delhi
Audi,Audi A335 TFSI Premium,2018,"24,000kms",Petrol,Automatic,₹16.99 Lakh,new-delhi
Tata,Tata NexonPure S,2024,"20,000kms",Petrol,Manual,₹7.50 Lakh,new-delhi
Hyundai,Hyundai VenueS BSIV,2020,"48,000kms",Petrol,Manual,₹7.50 Lakh,new-delhi
Kia,Kia SonetGravity,2024,"14,000kms",Petrol,Manual,₹8.50 Lakh,new-delhi
Hyundai,Hyundai Creta1.4 CRDi S Plus,2015,"1,00,000kms",Diesel,Manual,₹4 Lakh,new-delhi
Maruti,Maruti Vitara BrezzaZDi Plus,2018,"80,000kms",Diesel,Manual,₹6.25 Lakh,new-delhi
Kia,Kia SeltosX-Line Diesel AT,2022,"1,00,000kms",Diesel,Automatic,₹13 Lakh,new-delhi
Maruti,Maruti SwiftZXI BSIV,2016,"90,000kms",Petrol,Manual,₹3.50 Lakh,new-delhi
Tata,Tata NexonXZ Plus DualTone Roof (O),2021,"47,000kms",Petrol,Manual,₹7 Lakh,new-delhi
Mercedes-Benz,Mercedes-Benz CLA200 CDI Sport,2017,"62,000kms",Diesel,Automatic,₹13 Lakh,new-delhi
Toyota,Toyota Innova Crysta2.7 GX MT BSIV,2017,"90,000kms",Petrol,Manual,₹11.25 Lakh,new-delhi
Tata,Tata HexaXM,2017,"60,000kms",Diesel,Manual,₹7.25 Lakh,new-delhi
Hyundai,Hyundai Grand i10Sportz,2015,"93,000kms",Petrol,Manual,₹3.20 Lakh,new-delhi
Hyundai,Hyundai i10Magna,2011,"30,000kms",Petrol,Manual,₹1.30 Lakh,new-delhi
Maruti,Maruti Wagon RCNG LXI Opt,2022,"70,000kms",CNG,Manual,₹5 Lakh,new-delhi
Maruti,Maruti Ciaz1.3 Zeta,2017,"79,000kms",Diesel,Manual,₹4.50 Lakh,new-delhi
Maruti,Maruti Wagon R StingrayVXI,2014,"80,000kms",Petrol,Manual,₹2 Lakh,new-delhi
Tata,Tata NexonPure S,2023,"30,000kms",Petrol,Manual,₹7.50 Lakh,new-delhi
Maruti,Maruti Wagon RLXI BSII,2012,"48,000kms",Petrol,Manual,₹1.85 Lakh,new-delhi
Hyundai,Hyundai i10Magna 1.1L,2016,"78,000kms",Petrol,Manual,₹2.50 Lakh,new-delhi
Hyundai,Hyundai i20Sportz 1.2,2014,"74,000kms",Petrol,Manual,₹3.30 Lakh,new-delhi
Maruti,Maruti Wagon RAMT VXI,2017,"35,000kms",Petrol,Automatic,₹3.25 Lakh,new-delhi
Hyundai,Hyundai VenueS BSIV,2020,"48,000kms",Petrol,Manual,₹7.50 Lakh,new-delhi
Kia,Kia SonetGravity,2024,"14,000kms",Petrol,Manual,₹8.50 Lakh,new-delhi
Hyundai,Hyundai Creta1.4 CRDi S Plus,2015,"1,00,000kms",Diesel,Manual,₹4 Lakh,new-delhi
Maruti,Maruti Vitara BrezzaZDi Plus,2018,"80,000kms",Diesel,Manual,₹6.25 Lakh,new-delhi
Kia,Kia SeltosX-Line Diesel AT,2022,"1,00,000kms",Diesel,Automatic,₹13 Lakh,new-delhi
Maruti,Maruti SwiftZXI BSIV,2016,"90,000kms",Petrol,Manual,₹3.50 Lakh,new-delhi
Tata,Tata NexonXZ Plus DualTone Roof (O),2021,"47,000kms",Petrol,Manual,₹7 Lakh,new-delhi
Mercedes-Benz,Mercedes-Benz CLA200 CDI Sport,2017,"62,000kms",Diesel,Automatic,₹13 Lakh,new-delhi
Toyota,Toyota Innova Crysta2.7 GX MT BSIV,2017,"90,000kms",Petrol,Manual,₹11.25 Lakh,new-delhi
Tata,Tata HexaXM,2017,"60,000kms",Diesel,Manual,₹7.25 Lakh,new-delhi
Hyundai,Hyundai Grand i10Sportz,2015,"93,000kms",Petrol,Manual,₹3.20 Lakh,new-delhi
Hyundai,Hyundai i10Magna,2011,"30,000kms",Petrol,Manual,₹1.30 Lakh,new-delhi
Maruti,Maruti Wagon RCNG LXI Opt,2022,"70,000kms",CNG,Manual,₹5 Lakh,new-delhi
Maruti,Maruti Ciaz1.3 Zeta,2017,"79,000kms",Diesel,Manual,₹4.50 Lakh,new-delhi
Maruti,Maruti Wagon R StingrayVXI,2014,"80,000kms",Petrol,Manual,₹2 Lakh,new-delhi
Tata,Tata NexonPure S,2023,"30,000kms",Petrol,Manual,₹7.50 Lakh,new-delhi
Maruti,Maruti Wagon RLXI BSII,2012,"48,000kms",Petrol,Manual,₹1.85 Lakh,new-delhi
Hyundai,Hyundai i10Magna 1.1L,2016,"78,000kms",Petrol,Manual,₹2.50 Lakh,new-delhi
Hyundai,Hyundai i20Sportz 1.2,2014,"74,000kms",Petrol,Manual,₹3.30 Lakh,new-delhi
Maruti,Maruti Wagon RAMT VXI,2017,"35,000kms",Petrol,Automatic,₹3.25 Lakh,new-delhi
Maruti,Maruti Grand VitaraZeta BSVI,2022,"41,090kms",Petrol,Manual,₹10 Lakh,new-delhi
Honda,Honda CityE,2013,"90,000kms",Petrol,Manual,₹2.30 Lakh,new-delhi
Hyundai,Hyundai Grand i10 NiosAMT Sportz,2021,"44,148kms",Petrol,Automatic,₹5.65 Lakh,new-delhi
Maruti,Maruti Grand VitaraDelta,2025,"20,000kms",Petrol,Manual,₹10.50 Lakh,new-delhi
Kia,Kia SeltosGTX Plus DCT,2022,"43,000kms",Petrol,Automatic,₹14.50 Lakh,new-delhi
Ford,Ford Ecosport1.5 Petrol Ambiente BSIV,2019,"68,000kms",Petrol,Manual,₹4.85 Lakh,new-delhi
Maruti,Maruti SwiftVXI,2013,"1,00,000kms",Petrol,Manual,₹2 Lakh,new-delhi
Hyundai,Hyundai i10Era,2011,"10,000kms",Petrol,Manual,₹1.50 Lakh,new-delhi
MG,MG HectorSharp Pro  -2025,2023,"36,000kms",Petrol,Manual,₹11.83 Lakh,new-delhi
Maruti,Maruti SwiftLXI Optional-O,2017,"55,000kms",Petrol,Manual,₹3.50 Lakh,new-delhi
Tata,Tata NexonXZA Plus AMT,2023,"43,000kms",Petrol,Automatic,₹8.50 Lakh,new-delhi
Mercedes-Benz,Mercedes-Benz C-ClassC 200 CGI,2017,"38,000kms",Petrol,Automatic,₹21.50 Lakh,new-delhi
Ford,Ford Ecosport1.5 Diesel Titanium BSIV,2017,"60,000kms",Diesel,Manual,₹4.50 Lakh,new-delhi
Toyota,Toyota GlanzaV,2023,"23,000kms",Petrol,Manual,₹7 Lakh,new-delhi
Hyundai,Hyundai Creta1.6 VTVT S,2015,"40,000kms",Petrol,Manual,₹4.25 Lakh,new-delhi
Maruti,Maruti CelerioZXI,2016,"1,02,000kms",Petrol,Manual,₹2.90 Lakh,new-delhi
Hyundai,Hyundai Grand i10Magna,2017,"40,000kms",Petrol,Manual,₹3.50 Lakh,new-delhi
Hyundai,Hyundai Creta1.4 CRDi S Plus,2015,"1,00,000kms",Diesel,Manual,₹4 Lakh,new-delhi
Maruti,Maruti Vitara BrezzaZDi Plus,2018,"80,000kms",Diesel,Manual,₹6.25 Lakh,new-delhi
Kia,Kia SeltosX-Line Diesel AT,2022,"1,00,000kms",Diesel,Automatic,₹13 Lakh,new-delhi
Hyundai,Hyundai VenueS BSIV,2020,"48,000kms",Petrol,Manual,₹7.50 Lakh,new-delhi
Kia,Kia SonetGravity,2024,"14,000kms",Petrol,Manual,₹8.50 Lakh,new-delhi
Hyundai,Hyundai Creta1.4 CRDi S Plus,2015,"1,00,000kms",Diesel,Manual,₹4 Lakh,new-delhi
Maruti,Maruti Vitara BrezzaZDi Plus,2018,"80,000kms",Diesel,Manual,₹6.25 Lakh,new-delhi
Kia,Kia SeltosX-Line Diesel AT,2022,"1,00,000kms",Diesel,Automatic,₹13 Lakh,new-delhi
Maruti,Maruti SwiftZXI BSIV,2016,"90,000kms",Petrol,Manual,₹3.50 Lakh,new-delhi
Tata,Tata NexonXZ Plus DualTone Roof (O),2021,"47,000kms",Petrol,Manual,₹7 Lakh,new-delhi
Mercedes-Benz,Mercedes-Benz CLA200 CDI Sport,2017,"62,000kms",Diesel,Automatic,₹13 Lakh,new-delhi
Toyota,Toyota Innova Crysta2.7 GX MT BSIV,2017,"90,000kms",Petrol,Manual,₹11.25 Lakh,new-delhi
Tata,Tata HexaXM,2017,"60,000kms",Diesel,Manual,₹7.25 Lakh,new-delhi
Hyundai,Hyundai Grand i10Sportz,2015,"93,000kms",Petrol,Manual,₹3.20 Lakh,new-delhi
Hyundai,Hyundai i10Magna,2011,"30,000kms",Petrol,Manual,₹1.30 Lakh,new-delhi
Maruti,Maruti Wagon RCNG LXI Opt,2022,"70,000kms",CNG,Manual,₹5 Lakh,new-delhi
Maruti,Maruti Ciaz1.3 Zeta,2017,"79,000kms",Diesel,Manual,₹4.50 Lakh,new-delhi
Maruti,Maruti Wagon R StingrayVXI,2014,"80,000kms",Petrol,Manual,₹2 Lakh,new-delhi
Tata,Tata NexonPure S,2023,"30,000kms",Petrol,Manual,₹7.50 Lakh,new-delhi
Maruti,Maruti Wagon RLXI BSII,2012,"48,000kms",Petrol,Manual,₹1.85 Lakh,new-delhi
Hyundai,Hyundai i10Magna 1.1L,2016,"78,000kms",Petrol,Manual,₹2.50 Lakh,new-delhi
Hyundai,Hyundai i20Sportz 1.2,2014,"74,000kms",Petrol,Manual,₹3.30 Lakh,new-delhi
Maruti,Maruti Wagon RAMT VXI,2017,"35,000kms",Petrol,Automatic,₹3.25 Lakh,new-delhi
Hyundai,Hyundai VenueS BSIV,2020,"48,000kms",Petrol,Manual,₹7.50 Lakh,new-delhi
Kia,Kia SonetGravity,2024,"14,000kms",Petrol,Manual,₹8.50 Lakh,new-delhi
Hyundai,Hyundai Creta1.4 CRDi S Plus,2015,"1,00,000kms",Diesel,Manual,₹4 Lakh,new-delhi
Maruti,Maruti Vitara BrezzaZDi Plus,2018,"80,000kms",Diesel,Manual,₹6.25 Lakh,new-delhi
Kia,Kia SeltosX-Line Diesel AT,2022,"1,00,000kms",Diesel,Automatic,₹13 Lakh,new-delhi
Maruti,Maruti SwiftZXI BSIV,2016,"90,000kms",Petrol,Manual,₹3.50 Lakh,new-delhi
Tata,Tata NexonXZ Plus DualTone Roof (O),2021,"47,000kms",Petrol,Manual,₹7 Lakh,new-delhi
Mercedes-Benz,Mercedes-Benz CLA200 CDI Sport,2017,"62,000kms",Diesel,Automatic,₹13 Lakh,new-delhi
Toyota,Toyota Innova Crysta2.7 GX MT BSIV,2017,"90,000kms",Petrol,Manual,₹11.25 Lakh,new-delhi
Tata,Tata HexaXM,2017,"60,000kms",Diesel,Manual,₹7.25 Lakh,new-delhi
Hyundai,Hyundai Grand i10Sportz,2015,"93,000kms",Petrol,Manual,₹3.20 Lakh,new-delhi
Hyundai,Hyundai i10Magna,2011,"30,000kms",Petrol,Manual,₹1.30 Lakh,new-delhi
Maruti,Maruti Wagon RCNG LXI Opt,2022,"70,000kms",CNG,Manual,₹5 Lakh,new-delhi
Maruti,Maruti Ciaz1.3 Zeta,2017,"79,000kms",Diesel,Manual,₹4.50 Lakh,new-delhi
Maruti,Maruti Wagon R StingrayVXI,2014,"80,000kms",Petrol,Manual,₹2 Lakh,new-delhi
Tata,Tata NexonPure S,2023,"30,000kms",Petrol,Manual,₹7.50 Lakh,new-delhi
Maruti,Maruti Wagon RLXI BSII,2012,"48,000kms",Petrol,Manual,₹1.85 Lakh,new-delhi
Hyundai,Hyundai i10Magna 1.1L,2016,"78,000kms",Petrol,Manual,₹2.50 Lakh,new-delhi
Hyundai,Hyundai i20Sportz 1.2,2014,"74,000kms",Petrol,Manual,₹3.30 Lakh,new-delhi
Maruti,Maruti Wagon RAMT VXI,2017,"35,000kms",Petrol,Automatic,₹3.25 Lakh,new-delhi
Toyota,Toyota Innova Crysta2.7 GX MT BSIV,2017,"90,000kms",Petrol,Manual,₹11.25 Lakh,new-delhi
Kia,Kia CarnivalLimousine Plus,2023,"67,000kms",Diesel,Automatic,₹35 Lakh,new-delhi
Hyundai,Hyundai Creta1.6 SX,2018,"80,000kms",Petrol,Manual,₹8 Lakh,new-delhi
Nissan,Nissan TerranoXL,2016,"56,000kms",Petrol,Manual,₹3.95 Lakh,new-delhi
Tata,Tata HexaXM,2017,"60,000kms",Diesel,Manual,₹7.25 Lakh,new-delhi
Maruti,Maruti Wagon R StingrayLXI,2016,"71,000kms",Petrol,Manual,₹2.99 Lakh,new-delhi
Jaguar,Jaguar XEPrestige,2017,"30,000kms",Petrol,Automatic,₹21 Lakh,new-delhi
Hyundai,Hyundai XcentVTVT Plus ABS,2016,"90,000kms",Petrol,Manual,₹4 Lakh,new-delhi
Hyundai,Hyundai Grand i101.2 CRDi Asta,2019,"40,900kms",Diesel,Manual,₹4 Lakh,new-delhi
Hyundai,Hyundai i10Magna 1.1L,2016,"78,000kms",Petrol,Manual,₹2.50 Lakh,new-delhi
Maruti,Maruti Grand VitaraDelta CNG 2 Airbag,2024,"40,000kms",CNG,Manual,₹12.30 Lakh,new-delhi
Hyundai,Hyundai Grand i10Sportz,2015,"93,000kms",Petrol,Manual,₹3.20 Lakh,new-delhi
Hyundai,Hyundai i10Magna,2011,"30,000kms",Petrol,Manual,₹1.30 Lakh,new-delhi
Maruti,Maruti Wagon RCNG LXI Opt,2022,"70,000kms",CNG,Manual,₹5 Lakh,new-delhi
Maruti,Maruti Wagon RLXI BSII,2012,"48,000kms",Petrol,Manual,₹1.85 Lakh,new-delhi
Maruti,Maruti Vitara BrezzaVDi,2020,"40,000kms",Diesel,Manual,₹5.50 Lakh,new-delhi
Hyundai,Hyundai i201.2 Spotz,2018,"70,000kms",Petrol,Manual,₹4.50 Lakh,new-delhi
Hyundai,Hyundai Creta1.4 CRDi S,2017,"1,00,000kms",Diesel,Manual,₹6.50 Lakh,new-delhi
Audi,Audi A335 TFSI Premium,2018,"24,000kms",Petrol,Automatic,₹16.99 Lakh,new-delhi
Tata,Tata NexonPure S,2024,"20,000kms",Petrol,Manual,₹7.50 Lakh,new-delhi
Hyundai,Hyundai VenueS BSIV,2020,"48,000kms",Petrol,Manual,₹7.50 Lakh,new-delhi
Kia,Kia SonetGravity,2024,"14,000kms",Petrol,Manual,₹8.50 Lakh,new-delhi
Hyundai,Hyundai Creta1.4 CRDi S Plus,2015,"1,00,000kms",Diesel,Manual,₹4 Lakh,new-delhi
Maruti,Maruti Vitara BrezzaZDi Plus,2018,"80,000kms",Diesel,Manual,₹6.25 Lakh,new-delhi
Kia,Kia SeltosX-Line Diesel AT,2022,"1,00,000kms",Diesel,Automatic,₹13 Lakh,new-delhi
Maruti,Maruti SwiftZXI BSIV,2016,"90,000kms",Petrol,Manual,₹3.50 Lakh,new-delhi
Tata,Tata NexonXZ Plus DualTone Roof (O),2021,"47,000kms",Petrol,Manual,₹7 Lakh,new-delhi
Mercedes-Benz,Mercedes-Benz CLA200 CDI Sport,2017,"62,000kms",Diesel,Automatic,₹13 Lakh,new-delhi
Toyota,Toyota Innova Crysta2.7 GX MT BSIV,2017,"90,000kms",Petrol,Manual,₹11.25 Lakh,new-delhi
Tata,Tata HexaXM,2017,"60,000kms",Diesel,Manual,₹7.25 Lakh,new-delhi
Hyundai,Hyundai Grand i10Sportz,2015,"93,000kms",Petrol,Manual,₹3.20 Lakh,new-delhi
Hyundai,Hyundai i10Magna,2011,"30,000kms",Petrol,Manual,₹1.30 Lakh,new-delhi
Maruti,Maruti Wagon RCNG LXI Opt,2022,"70,000kms",CNG,Manual,₹5 Lakh,new-delhi
Maruti,Maruti Ciaz1.3 Zeta,2017,"79,000kms",Diesel,Manual,₹4.50 Lakh,new-delhi
Maruti,Maruti Wagon R StingrayVXI,2014,"80,000kms",Petrol,Manual,₹2 Lakh,new-delhi
Tata,Tata NexonPure S,2023,"30,000kms",Petrol,Manual,₹7.50 Lakh,new-delhi
Maruti,Maruti Wagon RLXI BSII,2012,"48,000kms",Petrol,Manual,₹1.85 Lakh,new-delhi
Hyundai,Hyundai i10Magna 1.1L,2016,"78,000kms",Petrol,Manual,₹2.50 Lakh,new-delhi
Hyundai,Hyundai i20Sportz 1.2,2014,"74,000kms",Petrol,Manual,₹3.30 Lakh,new-delhi
Maruti,Maruti Wagon RAMT VXI,2017,"35,000kms",Petrol,Automatic,₹3.25 Lakh,new-delhi
Maruti,Maruti Grand VitaraZeta BSVI,2022,"41,090kms",Petrol,Manual,₹10 Lakh,new-delhi
Honda,Honda CityE,2013,"90,000kms",Petrol,Manual,₹2.30 Lakh,new-delhi
Hyundai,Hyundai Grand i10 NiosAMT Sportz,2021,"44,148kms",Petrol,Automatic,₹5.65 Lakh,new-delhi
Maruti,Maruti Grand VitaraDelta,2025,"20,000kms",Petrol,Manual,₹10.50 Lakh,new-delhi
Kia,Kia SeltosGTX Plus DCT,2022,"43,000kms",Petrol,Automatic,₹14.50 Lakh,new-delhi
Ford,Ford Ecosport1.5 Petrol Ambiente BSIV,2019,"68,000kms",Petrol,Manual,₹4.85 Lakh,new-delhi
Maruti,Maruti SwiftVXI,2013,"1,00,000kms",Petrol,Manual,₹2 Lakh,new-delhi
Hyundai,Hyundai i10Era,2011,"10,000kms",Petrol,Manual,₹1.50 Lakh,new-delhi
MG,MG HectorSharp Pro  -2025,2023,"36,000kms",Petrol,Manual,₹11.83 Lakh,new-delhi
Maruti,Maruti SwiftLXI Optional-O,2017,"55,000kms",Petrol,Manual,₹3.50 Lakh,new-delhi
Tata,Tata NexonXZA Plus AMT,2023,"43,000kms",Petrol,Automatic,₹8.50 Lakh,new-delhi
Mercedes-Benz,Mercedes-Benz C-ClassC 200 CGI,2017,"38,000kms",Petrol,Automatic,₹21.50 Lakh,new-delhi
Ford,Ford Ecosport1.5 Diesel Titanium BSIV,2017,"60,000kms",Diesel,Manual,₹4.50 Lakh,new-delhi
Toyota,Toyota GlanzaV,2023,"23,000kms",Petrol,Manual,₹7 Lakh,new-delhi
Hyundai,Hyundai Creta1.6 VTVT S,2015,"40,000kms",Petrol,Manual,₹4.25 Lakh,new-delhi
Maruti,Maruti CelerioZXI,2016,"1,02,000kms",Petrol,Manual,₹2.90 Lakh,new-delhi
Hyundai,Hyundai Grand i10Magna,2017,"40,000kms",Petrol,Manual,₹3.50 Lakh,new-delhi
Hyundai,Hyundai Creta1.4 CRDi S Plus,2015,"1,00,000kms",Diesel,Manual,₹4 Lakh,new-delhi
Maruti,Maruti Vitara BrezzaZDi Plus,2018,"80,000kms",Diesel,Manual,₹6.25 Lakh,new-delhi
Kia,Kia SeltosX-Line Diesel AT,2022,"1,00,000kms",Diesel,Automatic,₹13 Lakh,new-delhi
Maruti,Maruti Grand VitaraZeta BSVI,2022,"41,090kms",Petrol,Manual,₹10 Lakh,new-delhi
Honda,Honda CityE,2013,"90,000kms",Petrol,Manual,₹2.30 Lakh,new-delhi
Hyundai,Hyundai Grand i10 NiosAMT Sportz,2021,"44,148kms",Petrol,Automatic,₹5.65 Lakh,new-delhi
Maruti,Maruti Grand VitaraDelta,2025,"20,000kms",Petrol,Manual,₹10.50 Lakh,new-delhi
Kia,Kia SeltosGTX Plus DCT,2022,"43,000kms",Petrol,Automatic,₹14.50 Lakh,new-delhi
Ford,Ford Ecosport1.5 Petrol Ambiente BSIV,2019,"68,000kms",Petrol,Manual,₹4.85 Lakh,new-delhi
Maruti,Maruti SwiftVXI,2013,"1,00,000kms",Petrol,Manual,₹2 Lakh,new-delhi
Hyundai,Hyundai i10Era,2011,"10,000kms",Petrol,Manual,₹1.50 Lakh,new-delhi
MG,MG HectorSharp Pro  -2025,2023,"36,000kms",Petrol,Manual,₹11.83 Lakh,new-delhi
Maruti,Maruti SwiftLXI Optional-O,2017,"55,000kms",Petrol,Manual,₹3.50 Lakh,new-delhi
Tata,Tata NexonXZA Plus AMT,2023,"43,000kms",Petrol,Automatic,₹8.50 Lakh,new-delhi
Mercedes-Benz,Mercedes-Benz C-ClassC 200 CGI,2017,"38,000kms",Petrol,Automatic,₹21.50 Lakh,new-delhi
Ford,Ford Ecosport1.5 Diesel Titanium BSIV,2017,"60,000kms",Diesel,Manual,₹4.50 Lakh,new-delhi
Toyota,Toyota GlanzaV,2023,"23,000kms",Petrol,Manual,₹7 Lakh,new-delhi
Hyundai,Hyundai Creta1.6 VTVT S,2015,"40,000kms",Petrol,Manual,₹4.25 Lakh,new-delhi
Maruti,Maruti CelerioZXI,2016,"1,02,000kms",Petrol,Manual,₹2.90 Lakh,new-delhi
Hyundai,Hyundai Grand i10Magna,2017,"40,000kms",Petrol,Manual,₹3.50 Lakh,new-delhi
Hyundai,Hyundai Creta1.4 CRDi S Plus,2015,"1,00,000kms",Diesel,Manual,₹4 Lakh,new-delhi
Maruti,Maruti Vitara BrezzaZDi Plus,2018,"80,000kms",Diesel,Manual,₹6.25 Lakh,new-delhi
Kia,Kia SeltosX-Line Diesel AT,2022,"1,00,000kms",Diesel,Automatic,₹13 Lakh,new-delhi
Maruti,Maruti Grand VitaraZeta BSVI,2022,"41,090kms",Petrol,Manual,₹10 Lakh,new-delhi
Honda,Honda CityE,2013,"90,000kms",Petrol,Manual,₹2.30 Lakh,new-delhi
Hyundai,Hyundai Grand i10 NiosAMT Sportz,2021,"44,148kms",Petrol,Automatic,₹5.65 Lakh,new-delhi
Maruti,Maruti Grand VitaraDelta,2025,"20,000kms",Petrol,Manual,₹10.50 Lakh,new-delhi
Kia,Kia SeltosGTX Plus DCT,2022,"43,000kms",Petrol,Automatic,₹14.50 Lakh,new-delhi
Ford,Ford Ecosport1.5 Petrol Ambiente BSIV,2019,"68,000kms",Petrol,Manual,₹4.85 Lakh,new-delhi
Maruti,Maruti SwiftVXI,2013,"1,00,000kms",Petrol,Manual,₹2 Lakh,new-delhi
Hyundai,Hyundai i10Era,2011,"10,000kms",Petrol,Manual,₹1.50 Lakh,new-delhi
MG,MG HectorSharp Pro  -2025,2023,"36,000kms",Petrol,Manual,₹11.83 Lakh,new-delhi
Maruti,Maruti SwiftLXI Optional-O,2017,"55,000kms",Petrol,Manual,₹3.50 Lakh,new-delhi
Tata,Tata NexonXZA Plus AMT,2023,"43,000kms",Petrol,Automatic,₹8.50 Lakh,new-delhi
Mercedes-Benz,Mercedes-Benz C-ClassC 200 CGI,2017,"38,000kms",Petrol,Automatic,₹21.50 Lakh,new-delhi
Ford,Ford Ecosport1.5 Diesel Titanium BSIV,2017,"60,000kms",Diesel,Manual,₹4.50 Lakh,new-delhi
Toyota,Toyota GlanzaV,2023,"23,000kms",Petrol,Manual,₹7 Lakh,new-delhi
Hyundai,Hyundai Creta1.6 VTVT S,2015,"40,000kms",Petrol,Manual,₹4.25 Lakh,new-delhi
Maruti,Maruti CelerioZXI,2016,"1,02,000kms",Petrol,Manual,₹2.90 Lakh,new-delhi
Hyundai,Hyundai Grand i10Magna,2017,"40,000kms",Petrol,Manual,₹3.50 Lakh,new-delhi
Hyundai,Hyundai Creta1.4 CRDi S Plus,2015,"1,00,000kms",Diesel,Manual,₹4 Lakh,new-delhi
Maruti,Maruti Vitara BrezzaZDi Plus,2018,"80,000kms",Diesel,Manual,₹6.25 Lakh,new-delhi
Kia,Kia SeltosX-Line Diesel AT,2022,"1,00,000kms",Diesel,Automatic,₹13 Lakh,new-delhi
Maruti,Maruti Grand VitaraZeta BSVI,2022,"41,090kms",Petrol,Manual,₹10 Lakh,new-delhi
Honda,Honda CityE,2013,"90,000kms",Petrol,Manual,₹2.30 Lakh,new-delhi
Hyundai,Hyundai Grand i10 NiosAMT Sportz,2021,"44,148kms",Petrol,Automatic,₹5.65 Lakh,new-delhi
Maruti,Maruti Grand VitaraDelta,2025,"20,000kms",Petrol,Manual,₹10.50 Lakh,new-delhi
Kia,Kia SeltosGTX Plus DCT,2022,"43,000kms",Petrol,Automatic,₹14.50 Lakh,new-delhi
Ford,Ford Ecosport1.5 Petrol Ambiente BSIV,2019,"68,000kms",Petrol,Manual,₹4.85 Lakh,new-delhi
Maruti,Maruti SwiftVXI,2013,"1,00,000kms",Petrol,Manual,₹2 Lakh,new-delhi
Hyundai,Hyundai i10Era,2011,"10,000kms",Petrol,Manual,₹1.50 Lakh,new-delhi
MG,MG HectorSharp Pro  -2025,2023,"36,000kms",Petrol,Manual,₹11.83 Lakh,new-delhi
Maruti,Maruti SwiftLXI Optional-O,2017,"55,000kms",Petrol,Manual,₹3.50 Lakh,new-delhi
Tata,Tata NexonXZA Plus AMT,2023,"43,000kms",Petrol,Automatic,₹8.50 Lakh,new-delhi
Mercedes-Benz,Mercedes-Benz C-ClassC 200 CGI,2017,"38,000kms",Petrol,Automatic,₹21.50 Lakh,new-delhi
Ford,Ford Ecosport1.5 Diesel Titanium BSIV,2017,"60,000kms",Diesel,Manual,₹4.50 Lakh,new-delhi
Toyota,Toyota GlanzaV,2023,"23,000kms",Petrol,Manual,₹7 Lakh,new-delhi
Hyundai,Hyundai Creta1.6 VTVT S,2015,"40,000kms",Petrol,Manual,₹4.25 Lakh,new-delhi
Maruti,Maruti CelerioZXI,2016,"1,02,000kms",Petrol,Manual,₹2.90 Lakh,new-delhi
Hyundai,Hyundai Grand i10Magna,2017,"40,000kms",Petrol,Manual,₹3.50 Lakh,new-delhi
Hyundai,Hyundai Creta1.4 CRDi S Plus,2015,"1,00,000kms",Diesel,Manual,₹4 Lakh,new-delhi
Maruti,Maruti Vitara BrezzaZDi Plus,2018,"80,000kms",Diesel,Manual,₹6.25 Lakh,new-delhi
Kia,Kia SeltosX-Line Diesel AT,2022,"1,00,000kms",Diesel,Automatic,₹13 Lakh,new-delhi
Maruti,Maruti Grand VitaraZeta BSVI,2022,"41,090kms",Petrol,Manual,₹10 Lakh,new-delhi
Honda,Honda CityE,2013,"90,000kms",Petrol,Manual,₹2.30 Lakh,new-delhi
Hyundai,Hyundai Grand i10 NiosAMT Sportz,2021,"44,148kms",Petrol,Automatic,₹5.65 Lakh,new-delhi
Maruti,Maruti Grand VitaraDelta,2025,"20,000kms",Petrol,Manual,₹10.50 Lakh,new-delhi
Kia,Kia SeltosGTX Plus DCT,2022,"43,000kms",Petrol,Automatic,₹14.50 Lakh,new-delhi
Ford,Ford Ecosport1.5 Petrol Ambiente BSIV,2019,"68,000kms",Petrol,Manual,₹4.85 Lakh,new-delhi
Maruti,Maruti SwiftVXI,2013,"1,00,000kms",Petrol,Manual,₹2 Lakh,new-delhi
Hyundai,Hyundai i10Era,2011,"10,000kms",Petrol,Manual,₹1.50 Lakh,new-delhi
MG,MG HectorSharp Pro  -2025,2023,"36,000kms",Petrol,Manual,₹11.83 Lakh,new-delhi
Maruti,Maruti SwiftLXI Optional-O,2017,"55,000kms",Petrol,Manual,₹3.50 Lakh,new-delhi
Tata,Tata NexonXZA Plus AMT,2023,"43,000kms",Petrol,Automatic,₹8.50 Lakh,new-delhi
Mercedes-Benz,Mercedes-Benz C-ClassC 200 CGI,2017,"38,000kms",Petrol,Automatic,₹21.50 Lakh,new-delhi
Ford,Ford Ecosport1.5 Diesel Titanium BSIV,2017,"60,000kms",Diesel,Manual,₹4.50 Lakh,new-delhi
Toyota,Toyota GlanzaV,2023,"23,000kms",Petrol,Manual,₹7 Lakh,new-delhi
Hyundai,Hyundai Creta1.6 VTVT S,2015,"40,000kms",Petrol,Manual,₹4.25 Lakh,new-delhi
Maruti,Maruti CelerioZXI,2016,"1,02,000kms",Petrol,Manual,₹2.90 Lakh,new-delhi
Hyundai,Hyundai Grand i10Magna,2017,"40,000kms",Petrol,Manual,₹3.50 Lakh,new-delhi
Hyundai,Hyundai Creta1.4 CRDi S Plus,2015,"1,00,000kms",Diesel,Manual,₹4 Lakh,new-delhi
Maruti,Maruti Vitara BrezzaZDi Plus,2018,"80,000kms",Diesel,Manual,₹6.25 Lakh,new-delhi
Kia,Kia SeltosX-Line Diesel AT,2022,"1,00,000kms",Diesel,Automatic,₹13 Lakh,new-delhi
Maruti,Maruti Grand VitaraZeta BSVI,2022,"41,090kms",Petrol,Manual,₹10 Lakh,new-delhi
Honda,Honda CityE,2013,"90,000kms",Petrol,Manual,₹2.30 Lakh,new-delhi
Hyundai,Hyundai Grand i10 NiosAMT Sportz,2021,"44,148kms",Petrol,Automatic,₹5.65 Lakh,new-delhi
Maruti,Maruti Grand VitaraDelta,2025,"20,000kms",Petrol,Manual,₹10.50 Lakh,new-delhi
Kia,Kia SeltosGTX Plus DCT,2022,"43,000kms",Petrol,Automatic,₹14.50 Lakh,new-delhi
Ford,Ford Ecosport1.5 Petrol Ambiente BSIV,2019,"68,000kms",Petrol,Manual,₹4.85 Lakh,new-delhi
Maruti,Maruti SwiftVXI,2013,"1,00,000kms",Petrol,Manual,₹2 Lakh,new-delhi
Hyundai,Hyundai i10Era,2011,"10,000kms",Petrol,Manual,₹1.50 Lakh,new-delhi
MG,MG HectorSharp Pro  -2025,2023,"36,000kms",Petrol,Manual,₹11.83 Lakh,new-delhi
Maruti,Maruti SwiftLXI Optional-O,2017,"55,000kms",Petrol,Manual,₹3.50 Lakh,new-delhi
Tata,Tata NexonXZA Plus AMT,2023,"43,000kms",Petrol,Automatic,₹8.50 Lakh,new-delhi
Mercedes-Benz,Mercedes-Benz C-ClassC 200 CGI,2017,"38,000kms",Petrol,Automatic,₹21.50 Lakh,new-delhi
Ford,Ford Ecosport1.5 Diesel Titanium BSIV,2017,"60,000kms",Diesel,Manual,₹4.50 Lakh,new-delhi
Toyota,Toyota GlanzaV,2023,"23,000kms",Petrol,Manual,₹7 Lakh,new-delhi
Hyundai,Hyundai Creta1.6 VTVT S,2015,"40,000kms",Petrol,Manual,₹4.25 Lakh,new-delhi
Maruti,Maruti CelerioZXI,2016,"1,02,000kms",Petrol,Manual,₹2.90 Lakh,new-delhi
Hyundai,Hyundai Grand i10Magna,2017,"40,000kms",Petrol,Manual,₹3.50 Lakh,new-delhi
Hyundai,Hyundai Creta1.4 CRDi S Plus,2015,"1,00,000kms",Diesel,Manual,₹4 Lakh,new-delhi
Maruti,Maruti Vitara BrezzaZDi Plus,2018,"80,000kms",Diesel,Manual,₹6.25 Lakh,new-delhi
Kia,Kia SeltosX-Line Diesel AT,2022,"1,00,000kms",Diesel,Automatic,₹13 Lakh,new-delhi
Maruti,Maruti Grand VitaraZeta BSVI,2022,"41,090kms",Petrol,Manual,₹10 Lakh,new-delhi
Honda,Honda CityE,2013,"90,000kms",Petrol,Manual,₹2.30 Lakh,new-delhi
Hyundai,Hyundai Grand i10 NiosAMT Sportz,2021,"44,148kms",Petrol,Automatic,₹5.65 Lakh,new-delhi
Maruti,Maruti Grand VitaraDelta,2025,"20,000kms",Petrol,Manual,₹10.50 Lakh,new-delhi
Kia,Kia SeltosGTX Plus DCT,2022,"43,000kms",Petrol,Automatic,₹14.50 Lakh,new-delhi
Ford,Ford Ecosport1.5 Petrol Ambiente BSIV,2019,"68,000kms",Petrol,Manual,₹4.85 Lakh,new-delhi
Maruti,Maruti SwiftVXI,2013,"1,00,000kms",Petrol,Manual,₹2 Lakh,new-delhi
Hyundai,Hyundai i10Era,2011,"10,000kms",Petrol,Manual,₹1.50 Lakh,new-delhi
MG,MG HectorSharp Pro  -2025,2023,"36,000kms",Petrol,Manual,₹11.83 Lakh,new-delhi
Maruti,Maruti SwiftLXI Optional-O,2017,"55,000kms",Petrol,Manual,₹3.50 Lakh,new-delhi
Tata,Tata NexonXZA Plus AMT,2023,"43,000kms",Petrol,Automatic,₹8.50 Lakh,new-delhi
Mercedes-Benz,Mercedes-Benz C-ClassC 200 CGI,2017,"38,000kms",Petrol,Automatic,₹21.50 Lakh,new-delhi
Ford,Ford Ecosport1.5 Diesel Titanium BSIV,2017,"60,000kms",Diesel,Manual,₹4.50 Lakh,new-delhi
Toyota,Toyota GlanzaV,2023,"23,000kms",Petrol,Manual,₹7 Lakh,new-delhi
Hyundai,Hyundai Creta1.6 VTVT S,2015,"40,000kms",Petrol,Manual,₹4.25 Lakh,new-delhi
Maruti,Maruti CelerioZXI,2016,"1,02,000kms",Petrol,Manual,₹2.90 Lakh,new-delhi
Hyundai,Hyundai Grand i10Magna,2017,"40,000kms",Petrol,Manual,₹3.50 Lakh,new-delhi
Hyundai,Hyundai Creta1.4 CRDi S Plus,2015,"1,00,000kms",Diesel,Manual,₹4 Lakh,new-delhi
Maruti,Maruti Vitara BrezzaZDi Plus,2018,"80,000kms",Diesel,Manual,₹6.25 Lakh,new-delhi
Kia,Kia SeltosX-Line Diesel AT,2022,"1,00,000kms",Diesel,Automatic,₹13 Lakh,new-delhi
Toyota,Toyota Innova Crysta2.7 GX MT BSIV,2017,"90,000kms",Petrol,Manual,₹11.25 Lakh,new-delhi
Kia,Kia CarnivalLimousine Plus,2023,"67,000kms",Diesel,Automatic,₹35 Lakh,new-delhi
Hyundai,Hyundai Creta1.6 SX,2018,"80,000kms",Petrol,Manual,₹8 Lakh,new-delhi
Nissan,Nissan TerranoXL,2016,"56,000kms",Petrol,Manual,₹3.95 Lakh,new-delhi
Tata,Tata HexaXM,2017,"60,000kms",Diesel,Manual,₹7.25 Lakh,new-delhi
Maruti,Maruti Wagon R StingrayLXI,2016,"71,000kms",Petrol,Manual,₹2.99 Lakh,new-delhi
Jaguar,Jaguar XEPrestige,2017,"30,000kms",Petrol,Automatic,₹21 Lakh,new-delhi
Hyundai,Hyundai XcentVTVT Plus ABS,2016,"90,000kms",Petrol,Manual,₹4 Lakh,new-delhi
Hyundai,Hyundai Grand i101.2 CRDi Asta,2019,"40,900kms",Diesel,Manual,₹4 Lakh,new-delhi
Hyundai,Hyundai i10Magna 1.1L,2016,"78,000kms",Petrol,Manual,₹2.50 Lakh,new-delhi
Maruti,Maruti Grand VitaraDelta CNG 2 Airbag,2024,"40,000kms",CNG,Manual,₹12.30 Lakh,new-delhi
Hyundai,Hyundai Grand i10Sportz,2015,"93,000kms",Petrol,Manual,₹3.20 Lakh,new-delhi
Hyundai,Hyundai i10Magna,2011,"30,000kms",Petrol,Manual,₹1.30 Lakh,new-delhi
Maruti,Maruti Wagon RCNG LXI Opt,2022,"70,000kms",CNG,Manual,₹5 Lakh,new-delhi
Maruti,Maruti Wagon RLXI BSII,2012,"48,000kms",Petrol,Manual,₹1.85 Lakh,new-delhi
Maruti,Maruti Vitara BrezzaVDi,2020,"40,000kms",Diesel,Manual,₹5.50 Lakh,new-delhi
Hyundai,Hyundai i201.2 Spotz,2018,"70,000kms",Petrol,Manual,₹4.50 Lakh,new-delhi
Hyundai,Hyundai Creta1.4 CRDi S,2017,"1,00,000kms",Diesel,Manual,₹6.50 Lakh,new-delhi
Audi,Audi A335 TFSI Premium,2018,"24,000kms",Petrol,Automatic,₹16.99 Lakh,new-delhi
Tata,Tata NexonPure S,2024,"20,000kms",Petrol,Manual,₹7.50 Lakh,new-delhi
Toyota,Toyota Innova Crysta2.7 GX MT BSIV,2017,"90,000kms",Petrol,Manual,₹11.25 Lakh,new-delhi
Kia,Kia CarnivalLimousine Plus,2023,"67,000kms",Diesel,Automatic,₹35 Lakh,new-delhi
Hyundai,Hyundai Creta1.6 SX,2018,"80,000kms",Petrol,Manual,₹8 Lakh,new-delhi
Nissan,Nissan TerranoXL,2016,"56,000kms",Petrol,Manual,₹3.95 Lakh,new-delhi
Tata,Tata HexaXM,2017,"60,000kms",Diesel,Manual,₹7.25 Lakh,new-delhi
Maruti,Maruti Wagon R StingrayLXI,2016,"71,000kms",Petrol,Manual,₹2.99 Lakh,new-delhi
Jaguar,Jaguar XEPrestige,2017,"30,000kms",Petrol,Automatic,₹21 Lakh,new-delhi
Hyundai,Hyundai XcentVTVT Plus ABS,2016,"90,000kms",Petrol,Manual,₹4 Lakh,new-delhi
Hyundai,Hyundai Grand i101.2 CRDi Asta,2019,"40,900kms",Diesel,Manual,₹4 Lakh,new-delhi
Hyundai,Hyundai i10Magna 1.1L,2016,"78,000kms",Petrol,Manual,₹2.50 Lakh,new-delhi
Maruti,Maruti Grand VitaraDelta CNG 2 Airbag,2024,"40,000kms",CNG,Manual,₹12.30 Lakh,new-delhi
Hyundai,Hyundai Grand i10Sportz,2015,"93,000kms",Petrol,Manual,₹3.20 Lakh,new-delhi
Hyundai,Hyundai i10Magna,2011,"30,000kms",Petrol,Manual,₹1.30 Lakh,new-delhi
Maruti,Maruti Wagon RCNG LXI Opt,2022,"70,000kms",CNG,Manual,₹5 Lakh,new-delhi
Maruti,Maruti Wagon RLXI BSII,2012,"48,000kms",Petrol,Manual,₹1.85 Lakh,new-delhi
Maruti,Maruti Vitara BrezzaVDi,2020,"40,000kms",Diesel,Manual,₹5.50 Lakh,new-delhi
Hyundai,Hyundai i201.2 Spotz,2018,"70,000kms",Petrol,Manual,₹4.50 Lakh,new-delhi
Hyundai,Hyundai Creta1.4 CRDi S,2017,"1,00,000kms",Diesel,Manual,₹6.50 Lakh,new-delhi
Audi,Audi A335 TFSI Premium,2018,"24,000kms",Petrol,Automatic,₹16.99 Lakh,new-delhi
Tata,Tata NexonPure S,2024,"20,000kms",Petrol,Manual,₹7.50 Lakh,new-delhi
Maruti,Maruti Grand VitaraZeta BSVI,2022,"41,090kms",Petrol,Manual,₹10 Lakh,new-delhi
Honda,Honda CityE,2013,"90,000kms",Petrol,Manual,₹2.30 Lakh,new-delhi
Hyundai,Hyundai Grand i10 NiosAMT Sportz,2021,"44,148kms",Petrol,Automatic,₹5.65 Lakh,new-delhi
Maruti,Maruti Grand VitaraDelta,2025,"20,000kms",Petrol,Manual,₹10.50 Lakh,new-delhi
Kia,Kia SeltosGTX Plus DCT,2022,"43,000kms",Petrol,Automatic,₹14.50 Lakh,new-delhi
Ford,Ford Ecosport1.5 Petrol Ambiente BSIV,2019,"68,000kms",Petrol,Manual,₹4.85 Lakh,new-delhi
Maruti,Maruti SwiftVXI,2013,"1,00,000kms",Petrol,Manual,₹2 Lakh,new-delhi
Hyundai,Hyundai i10Era,2011,"10,000kms",Petrol,Manual,₹1.50 Lakh,new-delhi
MG,MG HectorSharp Pro  -2025,2023,"36,000kms",Petrol,Manual,₹11.83 Lakh,new-delhi
Maruti,Maruti SwiftLXI Optional-O,2017,"55,000kms",Petrol,Manual,₹3.50 Lakh,new-delhi
Tata,Tata NexonXZA Plus AMT,2023,"43,000kms",Petrol,Automatic,₹8.50 Lakh,new-delhi
Mercedes-Benz,Mercedes-Benz C-ClassC 200 CGI,2017,"38,000kms",Petrol,Automatic,₹21.50 Lakh,new-delhi
Ford,Ford Ecosport1.5 Diesel Titanium BSIV,2017,"60,000kms",Diesel,Manual,₹4.50 Lakh,new-delhi
Toyota,Toyota GlanzaV,2023,"23,000kms",Petrol,Manual,₹7 Lakh,new-delhi
Hyundai,Hyundai Creta1.6 VTVT S,2015,"40,000kms",Petrol,Manual,₹4.25 Lakh,new-delhi
Maruti,Maruti CelerioZXI,2016,"1,02,000kms",Petrol,Manual,₹2.90 Lakh,new-delhi
Hyundai,Hyundai Grand i10Magna,2017,"40,000kms",Petrol,Manual,₹3.50 Lakh,new-delhi
Hyundai,Hyundai Creta1.4 CRDi S Plus,2015,"1,00,000kms",Diesel,Manual,₹4 Lakh,new-delhi
Maruti,Maruti Vitara BrezzaZDi Plus,2018,"80,000kms",Diesel,Manual,₹6.25 Lakh,new-delhi
Kia,Kia SeltosX-Line Diesel AT,2022,"1,00,000kms",Diesel,Automatic,₹13 Lakh,new-delhi
Maruti,Maruti Grand VitaraZeta BSVI,2022,"41,090kms",Petrol,Manual,₹10 Lakh,new-delhi
Honda,Honda CityE,2013,"90,000kms",Petrol,Manual,₹2.30 Lakh,new-delhi
Hyundai,Hyundai Grand i10 NiosAMT Sportz,2021,"44,148kms",Petrol,Automatic,₹5.65 Lakh,new-delhi
Maruti,Maruti Grand VitaraDelta,2025,"20,000kms",Petrol,Manual,₹10.50 Lakh,new-delhi
Kia,Kia SeltosGTX Plus DCT,2022,"43,000kms",Petrol,Automatic,₹14.50 Lakh,new-delhi
Ford,Ford Ecosport1.5 Petrol Ambiente BSIV,2019,"68,000kms",Petrol,Manual,₹4.85 Lakh,new-delhi
Maruti,Maruti SwiftVXI,2013,"1,00,000kms",Petrol,Manual,₹2 Lakh,new-delhi
Hyundai,Hyundai i10Era,2011,"10,000kms",Petrol,Manual,₹1.50 Lakh,new-delhi
MG,MG HectorSharp Pro  -2025,2023,"36,000kms",Petrol,Manual,₹11.83 Lakh,new-delhi
Maruti,Maruti SwiftLXI Optional-O,2017,"55,000kms",Petrol,Manual,₹3.50 Lakh,new-delhi
Tata,Tata NexonXZA Plus AMT,2023,"43,000kms",Petrol,Automatic,₹8.50 Lakh,new-delhi
Mercedes-Benz,Mercedes-Benz C-ClassC 200 CGI,2017,"38,000kms",Petrol,Automatic,₹21.50 Lakh,new-delhi
Ford,Ford Ecosport1.5 Diesel Titanium BSIV,2017,"60,000kms",Diesel,Manual,₹4.50 Lakh,new-delhi
Toyota,Toyota GlanzaV,2023,"23,000kms",Petrol,Manual,₹7 Lakh,new-delhi
Hyundai,Hyundai Creta1.6 VTVT S,2015,"40,000kms",Petrol,Manual,₹4.25 Lakh,new-delhi
Maruti,Maruti CelerioZXI,2016,"1,02,000kms",Petrol,Manual,₹2.90 Lakh,new-delhi
Hyundai,Hyundai Grand i10Magna,2017,"40,000kms",Petrol,Manual,₹3.50 Lakh,new-delhi
Hyundai,Hyundai Creta1.4 CRDi S Plus,2015,"1,00,000kms",Diesel,Manual,₹4 Lakh,new-delhi
Maruti,Maruti Vitara BrezzaZDi Plus,2018,"80,000kms",Diesel,Manual,₹6.25 Lakh,new-delhi
Kia,Kia SeltosX-Line Diesel AT,2022,"1,00,000kms",Diesel,Automatic,₹13 Lakh,new-delhi
Hyundai,Hyundai VenueS BSIV,2020,"48,000kms",Petrol,Manual,₹7.50 Lakh,new-delhi
Kia,Kia SonetGravity,2024,"14,000kms",Petrol,Manual,₹8.50 Lakh,new-delhi
Hyundai,Hyundai Creta1.4 CRDi S Plus,2015,"1,00,000kms",Diesel,Manual,₹4 Lakh,new-delhi
Maruti,Maruti Vitara BrezzaZDi Plus,2018,"80,000kms",Diesel,Manual,₹6.25 Lakh,new-delhi
Kia,Kia SeltosX-Line Diesel AT,2022,"1,00,000kms",Diesel,Automatic,₹13 Lakh,new-delhi
Maruti,Maruti SwiftZXI BSIV,2016,"90,000kms",Petrol,Manual,₹3.50 Lakh,new-delhi
Tata,Tata NexonXZ Plus DualTone Roof (O),2021,"47,000kms",Petrol,Manual,₹7 Lakh,new-delhi
Mercedes-Benz,Mercedes-Benz CLA200 CDI Sport,2017,"62,000kms",Diesel,Automatic,₹13 Lakh,new-delhi
Toyota,Toyota Innova Crysta2.7 GX MT BSIV,2017,"90,000kms",Petrol,Manual,₹11.25 Lakh,new-delhi
Tata,Tata HexaXM,2017,"60,000kms",Diesel,Manual,₹7.25 Lakh,new-delhi
Hyundai,Hyundai Grand i10Sportz,2015,"93,000kms",Petrol,Manual,₹3.20 Lakh,new-delhi
Hyundai,Hyundai i10Magna,2011,"30,000kms",Petrol,Manual,₹1.30 Lakh,new-delhi
Maruti,Maruti Wagon RCNG LXI Opt,2022,"70,000kms",CNG,Manual,₹5 Lakh,new-delhi
Maruti,Maruti Ciaz1.3 Zeta,2017,"79,000kms",Diesel,Manual,₹4.50 Lakh,new-delhi
Maruti,Maruti Wagon R StingrayVXI,2014,"80,000kms",Petrol,Manual,₹2 Lakh,new-delhi
Tata,Tata NexonPure S,2023,"30,000kms",Petrol,Manual,₹7.50 Lakh,new-delhi
Maruti,Maruti Wagon RLXI BSII,2012,"48,000kms",Petrol,Manual,₹1.85 Lakh,new-delhi
Hyundai,Hyundai i10Magna 1.1L,2016,"78,000kms",Petrol,Manual,₹2.50 Lakh,new-delhi
Hyundai,Hyundai i20Sportz 1.2,2014,"74,000kms",Petrol,Manual,₹3.30 Lakh,new-delhi
Maruti,Maruti Wagon RAMT VXI,2017,"35,000kms",Petrol,Automatic,₹3.25 Lakh,new-delhi
Toyota,Toyota Innova Crysta2.7 GX MT BSIV,2017,"90,000kms",Petrol,Manual,₹11.25 Lakh,new-delhi
Kia,Kia CarnivalLimousine Plus,2023,"67,000kms",Diesel,Automatic,₹35 Lakh,new-delhi
Hyundai,Hyundai Creta1.6 SX,2018,"80,000kms",Petrol,Manual,₹8 Lakh,new-delhi
Nissan,Nissan TerranoXL,2016,"56,000kms",Petrol,Manual,₹3.95 Lakh,new-delhi
Tata,Tata HexaXM,2017,"60,000kms",Diesel,Manual,₹7.25 Lakh,new-delhi
Maruti,Maruti Wagon R StingrayLXI,2016,"71,000kms",Petrol,Manual,₹2.99 Lakh,new-delhi
Jaguar,Jaguar XEPrestige,2017,"30,000kms",Petrol,Automatic,₹21 Lakh,new-delhi
Hyundai,Hyundai XcentVTVT Plus ABS,2016,"90,000kms",Petrol,Manual,₹4 Lakh,new-delhi
Hyundai,Hyundai Grand i101.2 CRDi Asta,2019,"40,900kms",Diesel,Manual,₹4 Lakh,new-delhi
Hyundai,Hyundai i10Magna 1.1L,2016,"78,000kms",Petrol,Manual,₹2.50 Lakh,new-delhi
Maruti,Maruti Grand VitaraDelta CNG 2 Airbag,2024,"40,000kms",CNG,Manual,₹12.30 Lakh,new-delhi
Hyundai,Hyundai Grand i10Sportz,2015,"93,000kms",Petrol,Manual,₹3.20 Lakh,new-delhi
Hyundai,Hyundai i10Magna,2011,"30,000kms",Petrol,Manual,₹1.30 Lakh,new-delhi
Maruti,Maruti Wagon RCNG LXI Opt,2022,"70,000kms",CNG,Manual,₹5 Lakh,new-delhi
Maruti,Maruti Wagon RLXI BSII,2012,"48,000kms",Petrol,Manual,₹1.85 Lakh,new-delhi
Maruti,Maruti Vitara BrezzaVDi,2020,"40,000kms",Diesel,Manual,₹5.50 Lakh,new-delhi
Hyundai,Hyundai i201.2 Spotz,2018,"70,000kms",Petrol,Manual,₹4.50 Lakh,new-delhi
Hyundai,Hyundai Creta1.4 CRDi S,2017,"1,00,000kms",Diesel,Manual,₹6.50 Lakh,new-delhi
Audi,Audi A335 TFSI Premium,2018,"24,000kms",Petrol,Automatic,₹16.99 Lakh,new-delhi
Tata,Tata NexonPure S,2024,"20,000kms",Petrol,Manual,₹7.50 Lakh,new-delhi
Maruti,Maruti Grand VitaraZeta BSVI,2022,"41,090kms",Petrol,Manual,₹10 Lakh,new-delhi
Honda,Honda CityE,2013,"90,000kms",Petrol,Manual,₹2.30 Lakh,new-delhi
Hyundai,Hyundai Grand i10 NiosAMT Sportz,2021,"44,148kms",Petrol,Automatic,₹5.65 Lakh,new-delhi
Maruti,Maruti Grand VitaraDelta,2025,"20,000kms",Petrol,Manual,₹10.50 Lakh,new-delhi
Kia,Kia SeltosGTX Plus DCT,2022,"43,000kms",Petrol,Automatic,₹14.50 Lakh,new-delhi
Ford,Ford Ecosport1.5 Petrol Ambiente BSIV,2019,"68,000kms",Petrol,Manual,₹4.85 Lakh,new-delhi
Maruti,Maruti SwiftVXI,2013,"1,00,000kms",Petrol,Manual,₹2 Lakh,new-delhi
Hyundai,Hyundai i10Era,2011,"10,000kms",Petrol,Manual,₹1.50 Lakh,new-delhi
MG,MG HectorSharp Pro  -2025,2023,"36,000kms",Petrol,Manual,₹11.83 Lakh,new-delhi
Maruti,Maruti SwiftLXI Optional-O,2017,"55,000kms",Petrol,Manual,₹3.50 Lakh,new-delhi
Tata,Tata NexonXZA Plus AMT,2023,"43,000kms",Petrol,Automatic,₹8.50 Lakh,new-delhi
Mercedes-Benz,Mercedes-Benz C-ClassC 200 CGI,2017,"38,000kms",Petrol,Automatic,₹21.50 Lakh,new-delhi
Ford,Ford Ecosport1.5 Diesel Titanium BSIV,2017,"60,000kms",Diesel,Manual,₹4.50 Lakh,new-delhi
Toyota,Toyota GlanzaV,2023,"23,000kms",Petrol,Manual,₹7 Lakh,new-delhi
Hyundai,Hyundai Creta1.6 VTVT S,2015,"40,000kms",Petrol,Manual,₹4.25 Lakh,new-delhi
Maruti,Maruti CelerioZXI,2016,"1,02,000kms",Petrol,Manual,₹2.90 Lakh,new-delhi
Hyundai,Hyundai Grand i10Magna,2017,"40,000kms",Petrol,Manual,₹3.50 Lakh,new-delhi
Hyundai,Hyundai Creta1.4 CRDi S Plus,2015,"1,00,000kms",Diesel,Manual,₹4 Lakh,new-delhi
Maruti,Maruti Vitara BrezzaZDi Plus,2018,"80,000kms",Diesel,Manual,₹6.25 Lakh,new-delhi
Kia,Kia SeltosX-Line Diesel AT,2022,"1,00,000kms",Diesel,Automatic,₹13 Lakh,new-delhi
Toyota,Toyota Innova Crysta2.7 GX MT BSIV,2017,"90,000kms",Petrol,Manual,₹11.25 Lakh,new-delhi
Kia,Kia CarnivalLimousine Plus,2023,"67,000kms",Diesel,Automatic,₹35 Lakh,new-delhi
Hyundai,Hyundai Creta1.6 SX,2018,"80,000kms",Petrol,Manual,₹8 Lakh,new-delhi
Nissan,Nissan TerranoXL,2016,"56,000kms",Petrol,Manual,₹3.95 Lakh,new-delhi
Tata,Tata HexaXM,2017,"60,000kms",Diesel,Manual,₹7.25 Lakh,new-delhi
Maruti,Maruti Wagon R StingrayLXI,2016,"71,000kms",Petrol,Manual,₹2.99 Lakh,new-delhi
Jaguar,Jaguar XEPrestige,2017,"30,000kms",Petrol,Automatic,₹21 Lakh,new-delhi
Hyundai,Hyundai XcentVTVT Plus ABS,2016,"90,000kms",Petrol,Manual,₹4 Lakh,new-delhi
Hyundai,Hyundai Grand i101.2 CRDi Asta,2019,"40,900kms",Diesel,Manual,₹4 Lakh,new-delhi
Hyundai,Hyundai i10Magna 1.1L,2016,"78,000kms",Petrol,Manual,₹2.50 Lakh,new-delhi
Maruti,Maruti Grand VitaraDelta CNG 2 Airbag,2024,"40,000kms",CNG,Manual,₹12.30 Lakh,new-delhi
Hyundai,Hyundai Grand i10Sportz,2015,"93,000kms",Petrol,Manual,₹3.20 Lakh,new-delhi
Hyundai,Hyundai i10Magna,2011,"30,000kms",Petrol,Manual,₹1.30 Lakh,new-delhi
Maruti,Maruti Wagon RCNG LXI Opt,2022,"70,000kms",CNG,Manual,₹5 Lakh,new-delhi
Maruti,Maruti Wagon RLXI BSII,2012,"48,000kms",Petrol,Manual,₹1.85 Lakh,new-delhi
Maruti,Maruti Vitara BrezzaVDi,2020,"40,000kms",Diesel,Manual,₹5.50 Lakh,new-delhi
Hyundai,Hyundai i201.2 Spotz,2018,"70,000kms",Petrol,Manual,₹4.50 Lakh,new-delhi
Hyundai,Hyundai Creta1.4 CRDi S,2017,"1,00,000kms",Diesel,Manual,₹6.50 Lakh,new-delhi
Audi,Audi A335 TFSI Premium,2018,"24,000kms",Petrol,Automatic,₹16.99 Lakh,new-delhi
Tata,Tata NexonPure S,2024,"20,000kms",Petrol,Manual,₹7.50 Lakh,new-delhi
Toyota,Toyota Innova Crysta2.7 GX MT BSIV,2017,"90,000kms",Petrol,Manual,₹11.25 Lakh,new-delhi
Kia,Kia CarnivalLimousine Plus,2023,"67,000kms",Diesel,Automatic,₹35 Lakh,new-delhi
Hyundai,Hyundai Creta1.6 SX,2018,"80,000kms",Petrol,Manual,₹8 Lakh,new-delhi
Nissan,Nissan TerranoXL,2016,"56,000kms",Petrol,Manual,₹3.95 Lakh,new-delhi
Tata,Tata HexaXM,2017,"60,000kms",Diesel,Manual,₹7.25 Lakh,new-delhi
Maruti,Maruti Wagon R StingrayLXI,2016,"71,000kms",Petrol,Manual,₹2.99 Lakh,new-delhi
Jaguar,Jaguar XEPrestige,2017,"30,000kms",Petrol,Automatic,₹21 Lakh,new-delhi
Hyundai,Hyundai XcentVTVT Plus ABS,2016,"90,000kms",Petrol,Manual,₹4 Lakh,new-delhi
Hyundai,Hyundai Grand i101.2 CRDi Asta,2019,"40,900kms",Diesel,Manual,₹4 Lakh,new-delhi
Hyundai,Hyundai i10Magna 1.1L,2016,"78,000kms",Petrol,Manual,₹2.50 Lakh,new-delhi
Maruti,Maruti Grand VitaraDelta CNG 2 Airbag,2024,"40,000kms",CNG,Manual,₹12.30 Lakh,new-delhi
Hyundai,Hyundai Grand i10Sportz,2015,"93,000kms",Petrol,Manual,₹3.20 Lakh,new-delhi
Hyundai,Hyundai i10Magna,2011,"30,000kms",Petrol,Manual,₹1.30 Lakh,new-delhi
Maruti,Maruti Wagon RCNG LXI Opt,2022,"70,000kms",CNG,Manual,₹5 Lakh,new-delhi
Maruti,Maruti Wagon RLXI BSII,2012,"48,000kms",Petrol,Manual,₹1.85 Lakh,new-delhi
Maruti,Maruti Vitara BrezzaVDi,2020,"40,000kms",Diesel,Manual,₹5.50 Lakh,new-delhi
Hyundai,Hyundai i201.2 Spotz,2018,"70,000kms",Petrol,Manual,₹4.50 Lakh,new-delhi
Hyundai,Hyundai Creta1.4 CRDi S,2017,"1,00,000kms",Diesel,Manual,₹6.50 Lakh,new-delhi
Audi,Audi A335 TFSI Premium,2018,"24,000kms",Petrol,Automatic,₹16.99 Lakh,new-delhi
Tata,Tata NexonPure S,2024,"20,000kms",Petrol,Manual,₹7.50 Lakh,new-delhi
Hyundai,Hyundai VenueS BSIV,2020,"48,000kms",Petrol,Manual,₹7.50 Lakh,new-delhi
Kia,Kia SonetGravity,2024,"14,000kms",Petrol,Manual,₹8.50 Lakh,new-delhi
Hyundai,Hyundai Creta1.4 CRDi S Plus,2015,"1,00,000kms",Diesel,Manual,₹4 Lakh,new-delhi
Maruti,Maruti Vitara BrezzaZDi Plus,2018,"80,000kms",Diesel,Manual,₹6.25 Lakh,new-delhi
Kia,Kia SeltosX-Line Diesel AT,2022,"1,00,000kms",Diesel,Automatic,₹13 Lakh,new-delhi
Maruti,Maruti SwiftZXI BSIV,2016,"90,000kms",Petrol,Manual,₹3.50 Lakh,new-delhi
Tata,Tata NexonXZ Plus DualTone Roof (O),2021,"47,000kms",Petrol,Manual,₹7 Lakh,new-delhi
Mercedes-Benz,Mercedes-Benz CLA200 CDI Sport,2017,"62,000kms",Diesel,Automatic,₹13 Lakh,new-delhi
Toyota,Toyota Innova Crysta2.7 GX MT BSIV,2017,"90,000kms",Petrol,Manual,₹11.25 Lakh,new-delhi
Tata,Tata HexaXM,2017,"60,000kms",Diesel,Manual,₹7.25 Lakh,new-delhi
Hyundai,Hyundai Grand i10Sportz,2015,"93,000kms",Petrol,Manual,₹3.20 Lakh,new-delhi
Hyundai,Hyundai i10Magna,2011,"30,000kms",Petrol,Manual,₹1.30 Lakh,new-delhi
Maruti,Maruti Wagon RCNG LXI Opt,2022,"70,000kms",CNG,Manual,₹5 Lakh,new-delhi
Maruti,Maruti Ciaz1.3 Zeta,2017,"79,000kms",Diesel,Manual,₹4.50 Lakh,new-delhi
Maruti,Maruti Wagon R StingrayVXI,2014,"80,000kms",Petrol,Manual,₹2 Lakh,new-delhi
Tata,Tata NexonPure S,2023,"30,000kms",Petrol,Manual,₹7.50 Lakh,new-delhi
Maruti,Maruti Wagon RLXI BSII,2012,"48,000kms",Petrol,Manual,₹1.85 Lakh,new-delhi
Hyundai,Hyundai i10Magna 1.1L,2016,"78,000kms",Petrol,Manual,₹2.50 Lakh,new-delhi
Hyundai,Hyundai i20Sportz 1.2,2014,"74,000kms",Petrol,Manual,₹3.30 Lakh,new-delhi
Maruti,Maruti Wagon RAMT VXI,2017,"35,000kms",Petrol,Automatic,₹3.25 Lakh,new-delhi
Hyundai,Hyundai VenueS BSIV,2020,"48,000kms",Petrol,Manual,₹7.50 Lakh,new-delhi
Kia,Kia SonetGravity,2024,"14,000kms",Petrol,Manual,₹8.50 Lakh,new-delhi
Hyundai,Hyundai Creta1.4 CRDi S Plus,2015,"1,00,000kms",Diesel,Manual,₹4 Lakh,new-delhi
Maruti,Maruti Vitara BrezzaZDi Plus,2018,"80,000kms",Diesel,Manual,₹6.25 Lakh,new-delhi
Kia,Kia SeltosX-Line Diesel AT,2022,"1,00,000kms",Diesel,Automatic,₹13 Lakh,new-delhi
Maruti,Maruti SwiftZXI BSIV,2016,"90,000kms",Petrol,Manual,₹3.50 Lakh,new-delhi
Tata,Tata NexonXZ Plus DualTone Roof (O),2021,"47,000kms",Petrol,Manual,₹7 Lakh,new-delhi
Mercedes-Benz,Mercedes-Benz CLA200 CDI Sport,2017,"62,000kms",Diesel,Automatic,₹13 Lakh,new-delhi
Toyota,Toyota Innova Crysta2.7 GX MT BSIV,2017,"90,000kms",Petrol,Manual,₹11.25 Lakh,new-delhi
Tata,Tata HexaXM,2017,"60,000kms",Diesel,Manual,₹7.25 Lakh,new-delhi
Hyundai,Hyundai Grand i10Sportz,2015,"93,000kms",Petrol,Manual,₹3.20 Lakh,new-delhi
Hyundai,Hyundai i10Magna,2011,"30,000kms",Petrol,Manual,₹1.30 Lakh,new-delhi
Maruti,Maruti Wagon RCNG LXI Opt,2022,"70,000kms",CNG,Manual,₹5 Lakh,new-delhi
Maruti,Maruti Ciaz1.3 Zeta,2017,"79,000kms",Diesel,Manual,₹4.50 Lakh,new-delhi
Maruti,Maruti Wagon R StingrayVXI,2014,"80,000kms",Petrol,Manual,₹2 Lakh,new-delhi
Tata,Tata NexonPure S,2023,"30,000kms",Petrol,Manual,₹7.50 Lakh,new-delhi
Maruti,Maruti Wagon RLXI BSII,2012,"48,000kms",Petrol,Manual,₹1.85 Lakh,new-delhi
Hyundai,Hyundai i10Magna 1.1L,2016,"78,000kms",Petrol,Manual,₹2.50 Lakh,new-delhi
Hyundai,Hyundai i20Sportz 1.2,2014,"74,000kms",Petrol,Manual,₹3.30 Lakh,new-delhi
Maruti,Maruti Wagon RAMT VXI,2017,"35,000kms",Petrol,Automatic,₹3.25 Lakh,new-delhi
Toyota,Toyota Innova Crysta2.7 GX MT BSIV,2017,"90,000kms",Petrol,Manual,₹11.25 Lakh,new-delhi
Kia,Kia CarnivalLimousine Plus,2023,"67,000kms",Diesel,Automatic,₹35 Lakh,new-delhi
Hyundai,Hyundai Creta1.6 SX,2018,"80,000kms",Petrol,Manual,₹8 Lakh,new-delhi
Nissan,Nissan TerranoXL,2016,"56,000kms",Petrol,Manual,₹3.95 Lakh,new-delhi
Tata,Tata HexaXM,2017,"60,000kms",Diesel,Manual,₹7.25 Lakh,new-delhi
Maruti,Maruti Wagon R StingrayLXI,2016,"71,000kms",Petrol,Manual,₹2.99 Lakh,new-delhi
Jaguar,Jaguar XEPrestige,2017,"30,000kms",Petrol,Automatic,₹21 Lakh,new-delhi
Hyundai,Hyundai XcentVTVT Plus ABS,2016,"90,000kms",Petrol,Manual,₹4 Lakh,new-delhi
Hyundai,Hyundai Grand i101.2 CRDi Asta,2019,"40,900kms",Diesel,Manual,₹4 Lakh,new-delhi
Hyundai,Hyundai i10Magna 1.1L,2016,"78,000kms",Petrol,Manual,₹2.50 Lakh,new-delhi
Maruti,Maruti Grand VitaraDelta CNG 2 Airbag,2024,"40,000kms",CNG,Manual,₹12.30 Lakh,new-delhi
Hyundai,Hyundai Grand i10Sportz,2015,"93,000kms",Petrol,Manual,₹3.20 Lakh,new-delhi
Hyundai,Hyundai i10Magna,2011,"30,000kms",Petrol,Manual,₹1.30 Lakh,new-delhi
Maruti,Maruti Wagon RCNG LXI Opt,2022,"70,000kms",CNG,Manual,₹5 Lakh,new-delhi
Maruti,Maruti Wagon RLXI BSII,2012,"48,000kms",Petrol,Manual,₹1.85 Lakh,new-delhi
Maruti,Maruti Vitara BrezzaVDi,2020,"40,000kms",Diesel,Manual,₹5.50 Lakh,new-delhi
Hyundai,Hyundai i201.2 Spotz,2018,"70,000kms",Petrol,Manual,₹4.50 Lakh,new-delhi
Hyundai,Hyundai Creta1.4 CRDi S,2017,"1,00,000kms",Diesel,Manual,₹6.50 Lakh,new-delhi
Audi,Audi A335 TFSI Premium,2018,"24,000kms",Petrol,Automatic,₹16.99 Lakh,new-delhi
Tata,Tata NexonPure S,2024,"20,000kms",Petrol,Manual,₹7.50 Lakh,new-delhi
Maruti,Maruti Grand VitaraZeta BSVI,2022,"41,090kms",Petrol,Manual,₹10 Lakh,new-delhi
Honda,Honda CityE,2013,"90,000kms",Petrol,Manual,₹2.30 Lakh,new-delhi
Hyundai,Hyundai Grand i10 NiosAMT Sportz,2021,"44,148kms",Petrol,Automatic,₹5.65 Lakh,new-delhi
Maruti,Maruti Grand VitaraDelta,2025,"20,000kms",Petrol,Manual,₹10.50 Lakh,new-delhi
Kia,Kia SeltosGTX Plus DCT,2022,"43,000kms",Petrol,Automatic,₹14.50 Lakh,new-delhi
Ford,Ford Ecosport1.5 Petrol Ambiente BSIV,2019,"68,000kms",Petrol,Manual,₹4.85 Lakh,new-delhi
Maruti,Maruti SwiftVXI,2013,"1,00,000kms",Petrol,Manual,₹2 Lakh,new-delhi
Hyundai,Hyundai i10Era,2011,"10,000kms",Petrol,Manual,₹1.50 Lakh,new-delhi
MG,MG HectorSharp Pro  -2025,2023,"36,000kms",Petrol,Manual,₹11.83 Lakh,new-delhi
Maruti,Maruti SwiftLXI Optional-O,2017,"55,000kms",Petrol,Manual,₹3.50 Lakh,new-delhi
Tata,Tata NexonXZA Plus AMT,2023,"43,000kms",Petrol,Automatic,₹8.50 Lakh,new-delhi
Mercedes-Benz,Mercedes-Benz C-ClassC 200 CGI,2017,"38,000kms",Petrol,Automatic,₹21.50 Lakh,new-delhi
Ford,Ford Ecosport1.5 Diesel Titanium BSIV,2017,"60,000kms",Diesel,Manual,₹4.50 Lakh,new-delhi
Toyota,Toyota GlanzaV,2023,"23,000kms",Petrol,Manual,₹7 Lakh,new-delhi
Hyundai,Hyundai Creta1.6 VTVT S,2015,"40,000kms",Petrol,Manual,₹4.25 Lakh,new-delhi
Maruti,Maruti CelerioZXI,2016,"1,02,000kms",Petrol,Manual,₹2.90 Lakh,new-delhi
Hyundai,Hyundai Grand i10Magna,2017,"40,000kms",Petrol,Manual,₹3.50 Lakh,new-delhi
Hyundai,Hyundai Creta1.4 CRDi S Plus,2015,"1,00,000kms",Diesel,Manual,₹4 Lakh,new-delhi
Maruti,Maruti Vitara BrezzaZDi Plus,2018,"80,000kms",Diesel,Manual,₹6.25 Lakh,new-delhi
Kia,Kia SeltosX-Line Diesel AT,2022,"1,00,000kms",Diesel,Automatic,₹13 Lakh,new-delhi
Toyota,Toyota Innova Crysta2.7 GX MT BSIV,2017,"90,000kms",Petrol,Manual,₹11.25 Lakh,new-delhi
Kia,Kia CarnivalLimousine Plus,2023,"67,000kms",Diesel,Automatic,₹35 Lakh,new-delhi
Hyundai,Hyundai Creta1.6 SX,2018,"80,000kms",Petrol,Manual,₹8 Lakh,new-delhi
Nissan,Nissan TerranoXL,2016,"56,000kms",Petrol,Manual,₹3.95 Lakh,new-delhi
Tata,Tata HexaXM,2017,"60,000kms",Diesel,Manual,₹7.25 Lakh,new-delhi
Maruti,Maruti Wagon R StingrayLXI,2016,"71,000kms",Petrol,Manual,₹2.99 Lakh,new-delhi
Jaguar,Jaguar XEPrestige,2017,"30,000kms",Petrol,Automatic,₹21 Lakh,new-delhi
Hyundai,Hyundai XcentVTVT Plus ABS,2016,"90,000kms",Petrol,Manual,₹4 Lakh,new-delhi
Hyundai,Hyundai Grand i101.2 CRDi Asta,2019,"40,900kms",Diesel,Manual,₹4 Lakh,new-delhi
Hyundai,Hyundai i10Magna 1.1L,2016,"78,000kms",Petrol,Manual,₹2.50 Lakh,new-delhi
Maruti,Maruti Grand VitaraDelta CNG 2 Airbag,2024,"40,000kms",CNG,Manual,₹12.30 Lakh,new-delhi
Hyundai,Hyundai Grand i10Sportz,2015,"93,000kms",Petrol,Manual,₹3.20 Lakh,new-delhi
Hyundai,Hyundai i10Magna,2011,"30,000kms",Petrol,Manual,₹1.30 Lakh,new-delhi
Maruti,Maruti Wagon RCNG LXI Opt,2022,"70,000kms",CNG,Manual,₹5 Lakh,new-delhi
Maruti,Maruti Wagon RLXI BSII,2012,"48,000kms",Petrol,Manual,₹1.85 Lakh,new-delhi
Maruti,Maruti Vitara BrezzaVDi,2020,"40,000kms",Diesel,Manual,₹5.50 Lakh,new-delhi
Hyundai,Hyundai i201.2 Spotz,2018,"70,000kms",Petrol,Manual,₹4.50 Lakh,new-delhi
Hyundai,Hyundai Creta1.4 CRDi S,2017,"1,00,000kms",Diesel,Manual,₹6.50 Lakh,new-delhi
Audi,Audi A335 TFSI Premium,2018,"24,000kms",Petrol,Automatic,₹16.99 Lakh,new-delhi
Tata,Tata NexonPure S,2024,"20,000kms",Petrol,Manual,₹7.50 Lakh,new-delhi
Hyundai,Hyundai VenueS BSIV,2020,"48,000kms",Petrol,Manual,₹7.50 Lakh,new-delhi
Kia,Kia SonetGravity,2024,"14,000kms",Petrol,Manual,₹8.50 Lakh,new-delhi
Hyundai,Hyundai Creta1.4 CRDi S Plus,2015,"1,00,000kms",Diesel,Manual,₹4 Lakh,new-delhi
Maruti,Maruti Vitara BrezzaZDi Plus,2018,"80,000kms",Diesel,Manual,₹6.25 Lakh,new-delhi
Kia,Kia SeltosX-Line Diesel AT,2022,"1,00,000kms",Diesel,Automatic,₹13 Lakh,new-delhi
Maruti,Maruti SwiftZXI BSIV,2016,"90,000kms",Petrol,Manual,₹3.50 Lakh,new-delhi
Tata,Tata NexonXZ Plus DualTone Roof (O),2021,"47,000kms",Petrol,Manual,₹7 Lakh,new-delhi
Mercedes-Benz,Mercedes-Benz CLA200 CDI Sport,2017,"62,000kms",Diesel,Automatic,₹13 Lakh,new-delhi
Toyota,Toyota Innova Crysta2.7 GX MT BSIV,2017,"90,000kms",Petrol,Manual,₹11.25 Lakh,new-delhi
Tata,Tata HexaXM,2017,"60,000kms",Diesel,Manual,₹7.25 Lakh,new-delhi
Hyundai,Hyundai Grand i10Sportz,2015,"93,000kms",Petrol,Manual,₹3.20 Lakh,new-delhi
Hyundai,Hyundai i10Magna,2011,"30,000kms",Petrol,Manual,₹1.30 Lakh,new-delhi
Maruti,Maruti Wagon RCNG LXI Opt,2022,"70,000kms",CNG,Manual,₹5 Lakh,new-delhi
Maruti,Maruti Ciaz1.3 Zeta,2017,"79,000kms",Diesel,Manual,₹4.50 Lakh,new-delhi
Maruti,Maruti Wagon R StingrayVXI,2014,"80,000kms",Petrol,Manual,₹2 Lakh,new-delhi
Tata,Tata NexonPure S,2023,"30,000kms",Petrol,Manual,₹7.50 Lakh,new-delhi
Maruti,Maruti Wagon RLXI BSII,2012,"48,000kms",Petrol,Manual,₹1.85 Lakh,new-delhi
Hyundai,Hyundai i10Magna 1.1L,2016,"78,000kms",Petrol,Manual,₹2.50 Lakh,new-delhi
Hyundai,Hyundai i20Sportz 1.2,2014,"74,000kms",Petrol,Manual,₹3.30 Lakh,new-delhi
Maruti,Maruti Wagon RAMT VXI,2017,"35,000kms",Petrol,Automatic,₹3.25 Lakh,new-delhi
Hyundai,Hyundai VenueS BSIV,2020,"48,000kms",Petrol,Manual,₹7.50 Lakh,new-delhi
Kia,Kia SonetGravity,2024,"14,000kms",Petrol,Manual,₹8.50 Lakh,new-delhi
Hyundai,Hyundai Creta1.4 CRDi S Plus,2015,"1,00,000kms",Diesel,Manual,₹4 Lakh,new-delhi
Maruti,Maruti Vitara BrezzaZDi Plus,2018,"80,000kms",Diesel,Manual,₹6.25 Lakh,new-delhi
Kia,Kia SeltosX-Line Diesel AT,2022,"1,00,000kms",Diesel,Automatic,₹13 Lakh,new-delhi
Maruti,Maruti SwiftZXI BSIV,2016,"90,000kms",Petrol,Manual,₹3.50 Lakh,new-delhi
Tata,Tata NexonXZ Plus DualTone Roof (O),2021,"47,000kms",Petrol,Manual,₹7 Lakh,new-delhi
Mercedes-Benz,Mercedes-Benz CLA200 CDI Sport,2017,"62,000kms",Diesel,Automatic,₹13 Lakh,new-delhi
Toyota,Toyota Innova Crysta2.7 GX MT BSIV,2017,"90,000kms",Petrol,Manual,₹11.25 Lakh,new-delhi
Tata,Tata HexaXM,2017,"60,000kms",Diesel,Manual,₹7.25 Lakh,new-delhi
Hyundai,Hyundai Grand i10Sportz,2015,"93,000kms",Petrol,Manual,₹3.20 Lakh,new-delhi
Hyundai,Hyundai i10Magna,2011,"30,000kms",Petrol,Manual,₹1.30 Lakh,new-delhi
Maruti,Maruti Wagon RCNG LXI Opt,2022,"70,000kms",CNG,Manual,₹5 Lakh,new-delhi
Maruti,Maruti Ciaz1.3 Zeta,2017,"79,000kms",Diesel,Manual,₹4.50 Lakh,new-delhi
Maruti,Maruti Wagon R StingrayVXI,2014,"80,000kms",Petrol,Manual,₹2 Lakh,new-delhi
Tata,Tata NexonPure S,2023,"30,000kms",Petrol,Manual,₹7.50 Lakh,new-delhi
Maruti,Maruti Wagon RLXI BSII,2012,"48,000kms",Petrol,Manual,₹1.85 Lakh,new-delhi
Hyundai,Hyundai i10Magna 1.1L,2016,"78,000kms",Petrol,Manual,₹2.50 Lakh,new-delhi
Hyundai,Hyundai i20Sportz 1.2,2014,"74,000kms",Petrol,Manual,₹3.30 Lakh,new-delhi
Maruti,Maruti Wagon RAMT VXI,2017,"35,000kms",Petrol,Automatic,₹3.25 Lakh,new-delhi
Maruti,Maruti Grand VitaraZeta BSVI,2022,"41,090kms",Petrol,Manual,₹10 Lakh,new-delhi
Honda,Honda CityE,2013,"90,000kms",Petrol,Manual,₹2.30 Lakh,new-delhi
Hyundai,Hyundai Grand i10 NiosAMT Sportz,2021,"44,148kms",Petrol,Automatic,₹5.65 Lakh,new-delhi
Maruti,Maruti Grand VitaraDelta,2025,"20,000kms",Petrol,Manual,₹10.50 Lakh,new-delhi
Kia,Kia SeltosGTX Plus DCT,2022,"43,000kms",Petrol,Automatic,₹14.50 Lakh,new-delhi
Ford,Ford Ecosport1.5 Petrol Ambiente BSIV,2019,"68,000kms",Petrol,Manual,₹4.85 Lakh,new-delhi
Maruti,Maruti SwiftVXI,2013,"1,00,000kms",Petrol,Manual,₹2 Lakh,new-delhi
Hyundai,Hyundai i10Era,2011,"10,000kms",Petrol,Manual,₹1.50 Lakh,new-delhi
MG,MG HectorSharp Pro  -2025,2023,"36,000kms",Petrol,Manual,₹11.83 Lakh,new-delhi
Maruti,Maruti SwiftLXI Optional-O,2017,"55,000kms",Petrol,Manual,₹3.50 Lakh,new-delhi
Tata,Tata NexonXZA Plus AMT,2023,"43,000kms",Petrol,Automatic,₹8.50 Lakh,new-delhi
Mercedes-Benz,Mercedes-Benz C-ClassC 200 CGI,2017,"38,000kms",Petrol,Automatic,₹21.50 Lakh,new-delhi
Ford,Ford Ecosport1.5 Diesel Titanium BSIV,2017,"60,000kms",Diesel,Manual,₹4.50 Lakh,new-delhi
Toyota,Toyota GlanzaV,2023,"23,000kms",Petrol,Manual,₹7 Lakh,new-delhi
Hyundai,Hyundai Creta1.6 VTVT S,2015,"40,000kms",Petrol,Manual,₹4.25 Lakh,new-delhi
Maruti,Maruti CelerioZXI,2016,"1,02,000kms",Petrol,Manual,₹2.90 Lakh,new-delhi
Hyundai,Hyundai Grand i10Magna,2017,"40,000kms",Petrol,Manual,₹3.50 Lakh,new-delhi
Hyundai,Hyundai Creta1.4 CRDi S Plus,2015,"1,00,000kms",Diesel,Manual,₹4 Lakh,new-delhi
Maruti,Maruti Vitara BrezzaZDi Plus,2018,"80,000kms",Diesel,Manual,₹6.25 Lakh,new-delhi
Kia,Kia SeltosX-Line Diesel AT,2022,"1,00,000kms",Diesel,Automatic,₹13 Lakh,new-delhi
Maruti,Maruti Grand VitaraZeta BSVI,2022,"41,090kms",Petrol,Manual,₹10 Lakh,new-delhi
Honda,Honda CityE,2013,"90,000kms",Petrol,Manual,₹2.30 Lakh,new-delhi
Hyundai,Hyundai Grand i10 NiosAMT Sportz,2021,"44,148kms",Petrol,Automatic,₹5.65 Lakh,new-delhi
Maruti,Maruti Grand VitaraDelta,2025,"20,000kms",Petrol,Manual,₹10.50 Lakh,new-delhi
Kia,Kia SeltosGTX Plus DCT,2022,"43,000kms",Petrol,Automatic,₹14.50 Lakh,new-delhi
Ford,Ford Ecosport1.5 Petrol Ambiente BSIV,2019,"68,000kms",Petrol,Manual,₹4.85 Lakh,new-delhi
Maruti,Maruti SwiftVXI,2013,"1,00,000kms",Petrol,Manual,₹2 Lakh,new-delhi
Hyundai,Hyundai i10Era,2011,"10,000kms",Petrol,Manual,₹1.50 Lakh,new-delhi
MG,MG HectorSharp Pro  -2025,2023,"36,000kms",Petrol,Manual,₹11.83 Lakh,new-delhi
Maruti,Maruti SwiftLXI Optional-O,2017,"55,000kms",Petrol,Manual,₹3.50 Lakh,new-delhi
Tata,Tata NexonXZA Plus AMT,2023,"43,000kms",Petrol,Automatic,₹8.50 Lakh,new-delhi
Mercedes-Benz,Mercedes-Benz C-ClassC 200 CGI,2017,"38,000kms",Petrol,Automatic,₹21.50 Lakh,new-delhi
Ford,Ford Ecosport1.5 Diesel Titanium BSIV,2017,"60,000kms",Diesel,Manual,₹4.50 Lakh,new-delhi
Toyota,Toyota GlanzaV,2023,"23,000kms",Petrol,Manual,₹7 Lakh,new-delhi
Hyundai,Hyundai Creta1.6 VTVT S,2015,"40,000kms",Petrol,Manual,₹4.25 Lakh,new-delhi
Maruti,Maruti CelerioZXI,2016,"1,02,000kms",Petrol,Manual,₹2.90 Lakh,new-delhi
Hyundai,Hyundai Grand i10Magna,2017,"40,000kms",Petrol,Manual,₹3.50 Lakh,new-delhi
Hyundai,Hyundai Creta1.4 CRDi S Plus,2015,"1,00,000kms",Diesel,Manual,₹4 Lakh,new-delhi
Maruti,Maruti Vitara BrezzaZDi Plus,2018,"80,000kms",Diesel,Manual,₹6.25 Lakh,new-delhi
Kia,Kia SeltosX-Line Diesel AT,2022,"1,00,000kms",Diesel,Automatic,₹13 Lakh,new-delhi
Toyota,Toyota Innova Crysta2.7 GX MT BSIV,2017,"90,000kms",Petrol,Manual,₹11.25 Lakh,new-delhi
Kia,Kia CarnivalLimousine Plus,2023,"67,000kms",Diesel,Automatic,₹35 Lakh,new-delhi
Hyundai,Hyundai Creta1.6 SX,2018,"80,000kms",Petrol,Manual,₹8 Lakh,new-delhi
Nissan,Nissan TerranoXL,2016,"56,000kms",Petrol,Manual,₹3.95 Lakh,new-delhi
Tata,Tata HexaXM,2017,"60,000kms",Diesel,Manual,₹7.25 Lakh,new-delhi
Maruti,Maruti Wagon R StingrayLXI,2016,"71,000kms",Petrol,Manual,₹2.99 Lakh,new-delhi
Jaguar,Jaguar XEPrestige,2017,"30,000kms",Petrol,Automatic,₹21 Lakh,new-delhi
Hyundai,Hyundai XcentVTVT Plus ABS,2016,"90,000kms",Petrol,Manual,₹4 Lakh,new-delhi
Hyundai,Hyundai Grand i101.2 CRDi Asta,2019,"40,900kms",Diesel,Manual,₹4 Lakh,new-delhi
Hyundai,Hyundai i10Magna 1.1L,2016,"78,000kms",Petrol,Manual,₹2.50 Lakh,new-delhi
Maruti,Maruti Grand VitaraDelta CNG 2 Airbag,2024,"40,000kms",CNG,Manual,₹12.30 Lakh,new-delhi
Hyundai,Hyundai Grand i10Sportz,2015,"93,000kms",Petrol,Manual,₹3.20 Lakh,new-delhi
Hyundai,Hyundai i10Magna,2011,"30,000kms",Petrol,Manual,₹1.30 Lakh,new-delhi
Maruti,Maruti Wagon RCNG LXI Opt,2022,"70,000kms",CNG,Manual,₹5 Lakh,new-delhi
Maruti,Maruti Wagon RLXI BSII,2012,"48,000kms",Petrol,Manual,₹1.85 Lakh,new-delhi
Maruti,Maruti Vitara BrezzaVDi,2020,"40,000kms",Diesel,Manual,₹5.50 Lakh,new-delhi
Hyundai,Hyundai i201.2 Spotz,2018,"70,000kms",Petrol,Manual,₹4.50 Lakh,new-delhi
Hyundai,Hyundai Creta1.4 CRDi S,2017,"1,00,000kms",Diesel,Manual,₹6.50 Lakh,new-delhi
Audi,Audi A335 TFSI Premium,2018,"24,000kms",Petrol,Automatic,₹16.99 Lakh,new-delhi
Tata,Tata NexonPure S,2024,"20,000kms",Petrol,Manual,₹7.50 Lakh,new-delhi
Hyundai,Hyundai VenueS BSIV,2020,"48,000kms",Petrol,Manual,₹7.50 Lakh,new-delhi
Kia,Kia SonetGravity,2024,"14,000kms",Petrol,Manual,₹8.50 Lakh,new-delhi
Hyundai,Hyundai Creta1.4 CRDi S Plus,2015,"1,00,000kms",Diesel,Manual,₹4 Lakh,new-delhi
Maruti,Maruti Vitara BrezzaZDi Plus,2018,"80,000kms",Diesel,Manual,₹6.25 Lakh,new-delhi
Kia,Kia SeltosX-Line Diesel AT,2022,"1,00,000kms",Diesel,Automatic,₹13 Lakh,new-delhi
Maruti,Maruti SwiftZXI BSIV,2016,"90,000kms",Petrol,Manual,₹3.50 Lakh,new-delhi
Tata,Tata NexonXZ Plus DualTone Roof (O),2021,"47,000kms",Petrol,Manual,₹7 Lakh,new-delhi
Mercedes-Benz,Mercedes-Benz CLA200 CDI Sport,2017,"62,000kms",Diesel,Automatic,₹13 Lakh,new-delhi
Toyota,Toyota Innova Crysta2.7 GX MT BSIV,2017,"90,000kms",Petrol,Manual,₹11.25 Lakh,new-delhi
Tata,Tata HexaXM,2017,"60,000kms",Diesel,Manual,₹7.25 Lakh,new-delhi
Hyundai,Hyundai Grand i10Sportz,2015,"93,000kms",Petrol,Manual,₹3.20 Lakh,new-delhi
Hyundai,Hyundai i10Magna,2011,"30,000kms",Petrol,Manual,₹1.30 Lakh,new-delhi
Maruti,Maruti Wagon RCNG LXI Opt,2022,"70,000kms",CNG,Manual,₹5 Lakh,new-delhi
Maruti,Maruti Ciaz1.3 Zeta,2017,"79,000kms",Diesel,Manual,₹4.50 Lakh,new-delhi
Maruti,Maruti Wagon R StingrayVXI,2014,"80,000kms",Petrol,Manual,₹2 Lakh,new-delhi
Tata,Tata NexonPure S,2023,"30,000kms",Petrol,Manual,₹7.50 Lakh,new-delhi
Maruti,Maruti Wagon RLXI BSII,2012,"48,000kms",Petrol,Manual,₹1.85 Lakh,new-delhi
Hyundai,Hyundai i10Magna 1.1L,2016,"78,000kms",Petrol,Manual,₹2.50 Lakh,new-delhi
Hyundai,Hyundai i20Sportz 1.2,2014,"74,000kms",Petrol,Manual,₹3.30 Lakh,new-delhi
Maruti,Maruti Wagon RAMT VXI,2017,"35,000kms",Petrol,Automatic,₹3.25 Lakh,new-delhi
Hyundai,Hyundai VenueS BSIV,2020,"48,000kms",Petrol,Manual,₹7.50 Lakh,new-delhi
Kia,Kia SonetGravity,2024,"14,000kms",Petrol,Manual,₹8.50 Lakh,new-delhi
Hyundai,Hyundai Creta1.4 CRDi S Plus,2015,"1,00,000kms",Diesel,Manual,₹4 Lakh,new-delhi
Maruti,Maruti Vitara BrezzaZDi Plus,2018,"80,000kms",Diesel,Manual,₹6.25 Lakh,new-delhi
Kia,Kia SeltosX-Line Diesel AT,2022,"1,00,000kms",Diesel,Automatic,₹13 Lakh,new-delhi
Maruti,Maruti SwiftZXI BSIV,2016,"90,000kms",Petrol,Manual,₹3.50 Lakh,new-delhi
Tata,Tata NexonXZ Plus DualTone Roof (O),2021,"47,000kms",Petrol,Manual,₹7 Lakh,new-delhi
Mercedes-Benz,Mercedes-Benz CLA200 CDI Sport,2017,"62,000kms",Diesel,Automatic,₹13 Lakh,new-delhi
Toyota,Toyota Innova Crysta2.7 GX MT BSIV,2017,"90,000kms",Petrol,Manual,₹11.25 Lakh,new-delhi
Tata,Tata HexaXM,2017,"60,000kms",Diesel,Manual,₹7.25 Lakh,new-delhi
Hyundai,Hyundai Grand i10Sportz,2015,"93,000kms",Petrol,Manual,₹3.20 Lakh,new-delhi
Hyundai,Hyundai i10Magna,2011,"30,000kms",Petrol,Manual,₹1.30 Lakh,new-delhi
Maruti,Maruti Wagon RCNG LXI Opt,2022,"70,000kms",CNG,Manual,₹5 Lakh,new-delhi
Maruti,Maruti Ciaz1.3 Zeta,2017,"79,000kms",Diesel,Manual,₹4.50 Lakh,new-delhi
Maruti,Maruti Wagon R StingrayVXI,2014,"80,000kms",Petrol,Manual,₹2 Lakh,new-delhi
Tata,Tata NexonPure S,2023,"30,000kms",Petrol,Manual,₹7.50 Lakh,new-delhi
Maruti,Maruti Wagon RLXI BSII,2012,"48,000kms",Petrol,Manual,₹1.85 Lakh,new-delhi
Hyundai,Hyundai i10Magna 1.1L,2016,"78,000kms",Petrol,Manual,₹2.50 Lakh,new-delhi
Hyundai,Hyundai i20Sportz 1.2,2014,"74,000kms",Petrol,Manual,₹3.30 Lakh,new-delhi
Maruti,Maruti Wagon RAMT VXI,2017,"35,000kms",Petrol,Automatic,₹3.25 Lakh,new-delhi
Hyundai,Hyundai VenueS BSIV,2020,"48,000kms",Petrol,Manual,₹7.50 Lakh,new-delhi
Kia,Kia SonetGravity,2024,"14,000kms",Petrol,Manual,₹8.50 Lakh,new-delhi
Hyundai,Hyundai Creta1.4 CRDi S Plus,2015,"1,00,000kms",Diesel,Manual,₹4 Lakh,new-delhi
Maruti,Maruti Vitara BrezzaZDi Plus,2018,"80,000kms",Diesel,Manual,₹6.25 Lakh,new-delhi
Kia,Kia SeltosX-Line Diesel AT,2022,"1,00,000kms",Diesel,Automatic,₹13 Lakh,new-delhi
Maruti,Maruti SwiftZXI BSIV,2016,"90,000kms",Petrol,Manual,₹3.50 Lakh,new-delhi
Tata,Tata NexonXZ Plus DualTone Roof (O),2021,"47,000kms",Petrol,Manual,₹7 Lakh,new-delhi
Mercedes-Benz,Mercedes-Benz CLA200 CDI Sport,2017,"62,000kms",Diesel,Automatic,₹13 Lakh,new-delhi
Toyota,Toyota Innova Crysta2.7 GX MT BSIV,2017,"90,000kms",Petrol,Manual,₹11.25 Lakh,new-delhi
Tata,Tata HexaXM,2017,"60,000kms",Diesel,Manual,₹7.25 Lakh,new-delhi
Hyundai,Hyundai Grand i10Sportz,2015,"93,000kms",Petrol,Manual,₹3.20 Lakh,new-delhi
Hyundai,Hyundai i10Magna,2011,"30,000kms",Petrol,Manual,₹1.30 Lakh,new-delhi
Maruti,Maruti Wagon RCNG LXI Opt,2022,"70,000kms",CNG,Manual,₹5 Lakh,new-delhi
Maruti,Maruti Ciaz1.3 Zeta,2017,"79,000kms",Diesel,Manual,₹4.50 Lakh,new-delhi
Maruti,Maruti Wagon R StingrayVXI,2014,"80,000kms",Petrol,Manual,₹2 Lakh,new-delhi
Tata,Tata NexonPure S,2023,"30,000kms",Petrol,Manual,₹7.50 Lakh,new-delhi
Maruti,Maruti Wagon RLXI BSII,2012,"48,000kms",Petrol,Manual,₹1.85 Lakh,new-delhi
Hyundai,Hyundai i10Magna 1.1L,2016,"78,000kms",Petrol,Manual,₹2.50 Lakh,new-delhi
Hyundai,Hyundai i20Sportz 1.2,2014,"74,000kms",Petrol,Manual,₹3.30 Lakh,new-delhi
Maruti,Maruti Wagon RAMT VXI,2017,"35,000kms",Petrol,Automatic,₹3.25 Lakh,new-delhi
Toyota,Toyota Innova Crysta2.7 GX MT BSIV,2017,"90,000kms",Petrol,Manual,₹11.25 Lakh,new-delhi
Kia,Kia CarnivalLimousine Plus,2023,"67,000kms",Diesel,Automatic,₹35 Lakh,new-delhi
Hyundai,Hyundai Creta1.6 SX,2018,"80,000kms",Petrol,Manual,₹8 Lakh,new-delhi
Nissan,Nissan TerranoXL,2016,"56,000kms",Petrol,Manual,₹3.95 Lakh,new-delhi
Tata,Tata HexaXM,2017,"60,000kms",Diesel,Manual,₹7.25 Lakh,new-delhi
Maruti,Maruti Wagon R StingrayLXI,2016,"71,000kms",Petrol,Manual,₹2.99 Lakh,new-delhi
Jaguar,Jaguar XEPrestige,2017,"30,000kms",Petrol,Automatic,₹21 Lakh,new-delhi
Hyundai,Hyundai XcentVTVT Plus ABS,2016,"90,000kms",Petrol,Manual,₹4 Lakh,new-delhi
Hyundai,Hyundai Grand i101.2 CRDi Asta,2019,"40,900kms",Diesel,Manual,₹4 Lakh,new-delhi
Hyundai,Hyundai i10Magna 1.1L,2016,"78,000kms",Petrol,Manual,₹2.50 Lakh,new-delhi
Maruti,Maruti Grand VitaraDelta CNG 2 Airbag,2024,"40,000kms",CNG,Manual,₹12.30 Lakh,new-delhi
Hyundai,Hyundai Grand i10Sportz,2015,"93,000kms",Petrol,Manual,₹3.20 Lakh,new-delhi
Hyundai,Hyundai i10Magna,2011,"30,000kms",Petrol,Manual,₹1.30 Lakh,new-delhi
Maruti,Maruti Wagon RCNG LXI Opt,2022,"70,000kms",CNG,Manual,₹5 Lakh,new-delhi
Maruti,Maruti Wagon RLXI BSII,2012,"48,000kms",Petrol,Manual,₹1.85 Lakh,new-delhi
Maruti,Maruti Vitara BrezzaVDi,2020,"40,000kms",Diesel,Manual,₹5.50 Lakh,new-delhi
Hyundai,Hyundai i201.2 Spotz,2018,"70,000kms",Petrol,Manual,₹4.50 Lakh,new-delhi
Hyundai,Hyundai Creta1.4 CRDi S,2017,"1,00,000kms",Diesel,Manual,₹6.50 Lakh,new-delhi
Audi,Audi A335 TFSI Premium,2018,"24,000kms",Petrol,Automatic,₹16.99 Lakh,new-delhi
Tata,Tata NexonPure S,2024,"20,000kms",Petrol,Manual,₹7.50 Lakh,new-delhi
Hyundai,Hyundai VenueS BSIV,2020,"48,000kms",Petrol,Manual,₹7.50 Lakh,new-delhi
Kia,Kia SonetGravity,2024,"14,000kms",Petrol,Manual,₹8.50 Lakh,new-delhi
Hyundai,Hyundai Creta1.4 CRDi S Plus,2015,"1,00,000kms",Diesel,Manual,₹4 Lakh,new-delhi
Maruti,Maruti Vitara BrezzaZDi Plus,2018,"80,000kms",Diesel,Manual,₹6.25 Lakh,new-delhi
Kia,Kia SeltosX-Line Diesel AT,2022,"1,00,000kms",Diesel,Automatic,₹13 Lakh,new-delhi
Maruti,Maruti SwiftZXI BSIV,2016,"90,000kms",Petrol,Manual,₹3.50 Lakh,new-delhi
Tata,Tata NexonXZ Plus DualTone Roof (O),2021,"47,000kms",Petrol,Manual,₹7 Lakh,new-delhi
Mercedes-Benz,Mercedes-Benz CLA200 CDI Sport,2017,"62,000kms",Diesel,Automatic,₹13 Lakh,new-delhi
Toyota,Toyota Innova Crysta2.7 GX MT BSIV,2017,"90,000kms",Petrol,Manual,₹11.25 Lakh,new-delhi
Tata,Tata HexaXM,2017,"60,000kms",Diesel,Manual,₹7.25 Lakh,new-delhi
Hyundai,Hyundai Grand i10Sportz,2015,"93,000kms",Petrol,Manual,₹3.20 Lakh,new-delhi
Hyundai,Hyundai i10Magna,2011,"30,000kms",Petrol,Manual,₹1.30 Lakh,new-delhi
Maruti,Maruti Wagon RCNG LXI Opt,2022,"70,000kms",CNG,Manual,₹5 Lakh,new-delhi
Maruti,Maruti Ciaz1.3 Zeta,2017,"79,000kms",Diesel,Manual,₹4.50 Lakh,new-delhi
Maruti,Maruti Wagon R StingrayVXI,2014,"80,000kms",Petrol,Manual,₹2 Lakh,new-delhi
Tata,Tata NexonPure S,2023,"30,000kms",Petrol,Manual,₹7.50 Lakh,new-delhi
Maruti,Maruti Wagon RLXI BSII,2012,"48,000kms",Petrol,Manual,₹1.85 Lakh,new-delhi
Hyundai,Hyundai i10Magna 1.1L,2016,"78,000kms",Petrol,Manual,₹2.50 Lakh,new-delhi
Hyundai,Hyundai i20Sportz 1.2,2014,"74,000kms",Petrol,Manual,₹3.30 Lakh,new-delhi
Maruti,Maruti Wagon RAMT VXI,2017,"35,000kms",Petrol,Automatic,₹3.25 Lakh,new-delhi
Maruti,Maruti Grand VitaraZeta BSVI,2022,"41,090kms",Petrol,Manual,₹10 Lakh,new-delhi
Honda,Honda CityE,2013,"90,000kms",Petrol,Manual,₹2.30 Lakh,new-delhi
Hyundai,Hyundai Grand i10 NiosAMT Sportz,2021,"44,148kms",Petrol,Automatic,₹5.65 Lakh,new-delhi
Maruti,Maruti Grand VitaraDelta,2025,"20,000kms",Petrol,Manual,₹10.50 Lakh,new-delhi
Kia,Kia SeltosGTX Plus DCT,2022,"43,000kms",Petrol,Automatic,₹14.50 Lakh,new-delhi
Ford,Ford Ecosport1.5 Petrol Ambiente BSIV,2019,"68,000kms",Petrol,Manual,₹4.85 Lakh,new-delhi
Maruti,Maruti SwiftVXI,2013,"1,00,000kms",Petrol,Manual,₹2 Lakh,new-delhi
Hyundai,Hyundai i10Era,2011,"10,000kms",Petrol,Manual,₹1.50 Lakh,new-delhi
MG,MG HectorSharp Pro  -2025,2023,"36,000kms",Petrol,Manual,₹11.83 Lakh,new-delhi
Maruti,Maruti SwiftLXI Optional-O,2017,"55,000kms",Petrol,Manual,₹3.50 Lakh,new-delhi
Tata,Tata NexonXZA Plus AMT,2023,"43,000kms",Petrol,Automatic,₹8.50 Lakh,new-delhi
Mercedes-Benz,Mercedes-Benz C-ClassC 200 CGI,2017,"38,000kms",Petrol,Automatic,₹21.50 Lakh,new-delhi
Ford,Ford Ecosport1.5 Diesel Titanium BSIV,2017,"60,000kms",Diesel,Manual,₹4.50 Lakh,new-delhi
Toyota,Toyota GlanzaV,2023,"23,000kms",Petrol,Manual,₹7 Lakh,new-delhi
Hyundai,Hyundai Creta1.6 VTVT S,2015,"40,000kms",Petrol,Manual,₹4.25 Lakh,new-delhi
Maruti,Maruti CelerioZXI,2016,"1,02,000kms",Petrol,Manual,₹2.90 Lakh,new-delhi
Hyundai,Hyundai Grand i10Magna,2017,"40,000kms",Petrol,Manual,₹3.50 Lakh,new-delhi
Hyundai,Hyundai Creta1.4 CRDi S Plus,2015,"1,00,000kms",Diesel,Manual,₹4 Lakh,new-delhi
Maruti,Maruti Vitara BrezzaZDi Plus,2018,"80,000kms",Diesel,Manual,₹6.25 Lakh,new-delhi
Kia,Kia SeltosX-Line Diesel AT,2022,"1,00,000kms",Diesel,Automatic,₹13 Lakh,new-delhi
Maruti,Maruti Grand VitaraZeta BSVI,2022,"41,090kms",Petrol,Manual,₹10 Lakh,new-delhi
Honda,Honda CityE,2013,"90,000kms",Petrol,Manual,₹2.30 Lakh,new-delhi
Hyundai,Hyundai Grand i10 NiosAMT Sportz,2021,"44,148kms",Petrol,Automatic,₹5.65 Lakh,new-delhi
Maruti,Maruti Grand VitaraDelta,2025,"20,000kms",Petrol,Manual,₹10.50 Lakh,new-delhi
Kia,Kia SeltosGTX Plus DCT,2022,"43,000kms",Petrol,Automatic,₹14.50 Lakh,new-delhi
Ford,Ford Ecosport1.5 Petrol Ambiente BSIV,2019,"68,000kms",Petrol,Manual,₹4.85 Lakh,new-delhi
Maruti,Maruti SwiftVXI,2013,"1,00,000kms",Petrol,Manual,₹2 Lakh,new-delhi
Hyundai,Hyundai i10Era,2011,"10,000kms",Petrol,Manual,₹1.50 Lakh,new-delhi
MG,MG HectorSharp Pro  -2025,2023,"36,000kms",Petrol,Manual,₹11.83 Lakh,new-delhi
Maruti,Maruti SwiftLXI Optional-O,2017,"55,000kms",Petrol,Manual,₹3.50 Lakh,new-delhi
Tata,Tata NexonXZA Plus AMT,2023,"43,000kms",Petrol,Automatic,₹8.50 Lakh,new-delhi
Mercedes-Benz,Mercedes-Benz C-ClassC 200 CGI,2017,"38,000kms",Petrol,Automatic,₹21.50 Lakh,new-delhi
Ford,Ford Ecosport1.5 Diesel Titanium BSIV,2017,"60,000kms",Diesel,Manual,₹4.50 Lakh,new-delhi
Toyota,Toyota GlanzaV,2023,"23,000kms",Petrol,Manual,₹7 Lakh,new-delhi
Hyundai,Hyundai Creta1.6 VTVT S,2015,"40,000kms",Petrol,Manual,₹4.25 Lakh,new-delhi
Maruti,Maruti CelerioZXI,2016,"1,02,000kms",Petrol,Manual,₹2.90 Lakh,new-delhi
Hyundai,Hyundai Grand i10Magna,2017,"40,000kms",Petrol,Manual,₹3.50 Lakh,new-delhi
Hyundai,Hyundai Creta1.4 CRDi S Plus,2015,"1,00,000kms",Diesel,Manual,₹4 Lakh,new-delhi
Maruti,Maruti Vitara BrezzaZDi Plus,2018,"80,000kms",Diesel,Manual,₹6.25 Lakh,new-delhi
Kia,Kia SeltosX-Line Diesel AT,2022,"1,00,000kms",Diesel,Automatic,₹13 Lakh,new-delhi
Maruti,Maruti Grand VitaraZeta BSVI,2022,"41,090kms",Petrol,Manual,₹10 Lakh,new-delhi
Honda,Honda CityE,2013,"90,000kms",Petrol,Manual,₹2.30 Lakh,new-delhi
Hyundai,Hyundai Grand i10 NiosAMT Sportz,2021,"44,148kms",Petrol,Automatic,₹5.65 Lakh,new-delhi
Maruti,Maruti Grand VitaraDelta,2025,"20,000kms",Petrol,Manual,₹10.50 Lakh,new-delhi
Kia,Kia SeltosGTX Plus DCT,2022,"43,000kms",Petrol,Automatic,₹14.50 Lakh,new-delhi
Ford,Ford Ecosport1.5 Petrol Ambiente BSIV,2019,"68,000kms",Petrol,Manual,₹4.85 Lakh,new-delhi
Maruti,Maruti SwiftVXI,2013,"1,00,000kms",Petrol,Manual,₹2 Lakh,new-delhi
Hyundai,Hyundai i10Era,2011,"10,000kms",Petrol,Manual,₹1.50 Lakh,new-delhi
MG,MG HectorSharp Pro  -2025,2023,"36,000kms",Petrol,Manual,₹11.83 Lakh,new-delhi
Maruti,Maruti SwiftLXI Optional-O,2017,"55,000kms",Petrol,Manual,₹3.50 Lakh,new-delhi
Tata,Tata NexonXZA Plus AMT,2023,"43,000kms",Petrol,Automatic,₹8.50 Lakh,new-delhi
Mercedes-Benz,Mercedes-Benz C-ClassC 200 CGI,2017,"38,000kms",Petrol,Automatic,₹21.50 Lakh,new-delhi
Ford,Ford Ecosport1.5 Diesel Titanium BSIV,2017,"60,000kms",Diesel,Manual,₹4.50 Lakh,new-delhi
Toyota,Toyota GlanzaV,2023,"23,000kms",Petrol,Manual,₹7 Lakh,new-delhi
Hyundai,Hyundai Creta1.6 VTVT S,2015,"40,000kms",Petrol,Manual,₹4.25 Lakh,new-delhi
Maruti,Maruti CelerioZXI,2016,"1,02,000kms",Petrol,Manual,₹2.90 Lakh,new-delhi
Hyundai,Hyundai Grand i10Magna,2017,"40,000kms",Petrol,Manual,₹3.50 Lakh,new-delhi
Hyundai,Hyundai Creta1.4 CRDi S Plus,2015,"1,00,000kms",Diesel,Manual,₹4 Lakh,new-delhi
Maruti,Maruti Vitara BrezzaZDi Plus,2018,"80,000kms",Diesel,Manual,₹6.25 Lakh,new-delhi
Kia,Kia SeltosX-Line Diesel AT,2022,"1,00,000kms",Diesel,Automatic,₹13 Lakh,new-delhi
Mercedes-Benz,Mercedes-Benz EQE SUV500 4MATIC,2023,"19,000kms",Electric,Automatic,₹85 Lakh,new-delhi
BMW,BMW 5 Series530Li,2024,"27,000kms",Petrol,Automatic,₹64 Lakh,new-delhi
Jeep,Jeep MeridianLimited Opt 4x4 AT,2024,"27,000kms",Diesel,Automatic,₹31.50 Lakh,new-delhi
BMW,BMW 6 SeriesGT 630i Luxury Line  -2021,2018,"37,000kms",Petrol,Automatic,₹33.50 Lakh,new-delhi
Jaguar,Jaguar F-PacePrestige 2.0 AWD,2019,"56,000kms",Diesel,Automatic,₹31.90 Lakh,new-delhi
Audi,Audi A335 TFSI Premium,2019,"21,000kms",Petrol,Automatic,₹18.60 Lakh,new-delhi
Mercedes-Benz,Mercedes-Benz GLS400 4MATIC,2016,"1,35,520kms",Petrol,Automatic,₹35 Lakh,new-delhi
Jaguar,Jaguar XJ2.0L Portfolio,2017,"20,000kms",Petrol,Automatic,₹48.99 Lakh,new-delhi
Jaguar,Jaguar XJ2.0L Portfolio,2017,"43,000kms",Petrol,Automatic,₹32.90 Lakh,new-delhi
Porsche,Porsche 911Turbo S  -2025,2023,"4,500kms",Petrol,Automatic,₹2.31 Crore,new-delhi
BMW,BMW 6 SeriesGT 630i Luxury Line  -2021,2018,"37,000kms",Petrol,Automatic,₹32.90 Lakh,new-delhi
Toyota,Toyota Innova HycrossG 7STR,2024,"5,000kms",Petrol,Automatic,₹22.90 Lakh,new-delhi
Mercedes-Benz,Mercedes-Benz E-ClassExclusive E 200 BSIV,2019,"1,04,000kms",Petrol,Automatic,₹27.90 Lakh,new-delhi
Mercedes-Benz,Mercedes-Benz GLC220d,2025,"20,000kms",Diesel,Automatic,₹64 Lakh,new-delhi
Toyota,Toyota Innova HycrossVX(O) 7STR Hybrid,2024,"31,000kms",Petrol,Automatic,₹30 Lakh,new-delhi
Mercedes-Benz,Mercedes-Benz E-ClassE 350 d BSIV,2018,"35,000kms",Diesel,Automatic,₹28.25 Lakh,new-delhi
Mercedes-Benz,Mercedes-Benz GLC300 4MATIC Sport,2017,"40,992kms",Petrol,Automatic,₹29 Lakh,new-delhi
Jaguar,Jaguar XE2.0L Diesel Prestige,2018,"25,000kms",Diesel,Automatic,₹27 Lakh,new-delhi
Mercedes-Benz,Mercedes-Benz C-ClassPrime C 220d,2019,"60,900kms",Diesel,Automatic,₹20.50 Lakh,new-delhi
Mercedes-Benz,Mercedes-Benz C-ClassProgressive C 220d,2019,"54,000kms",Diesel,Automatic,₹26 Lakh,new-delhi
Mercedes-Benz,Mercedes-Benz EQE SUV500 4MATIC,2023,"19,000kms",Electric,Automatic,₹85 Lakh,new-delhi
BMW,BMW 5 Series530Li,2024,"27,000kms",Petrol,Automatic,₹64 Lakh,new-delhi
BMW,BMW 6 SeriesGT 630i Luxury Line  -2021,2018,"37,000kms",Petrol,Automatic,₹32.90 Lakh,new-delhi
Jaguar,Jaguar XJ2.0L Portfolio,2017,"20,000kms",Petrol,Automatic,₹48.99 Lakh,new-delhi
Jaguar,Jaguar XJ2.0L Portfolio,2017,"43,000kms",Petrol,Automatic,₹32.90 Lakh,new-delhi
Audi,Audi A335 TFSI Premium,2019,"21,000kms",Petrol,Automatic,₹18.60 Lakh,new-delhi
Jaguar,Jaguar F-PacePrestige 2.0 AWD,2019,"56,000kms",Diesel,Automatic,₹31.90 Lakh,new-delhi
BMW,BMW 6 SeriesGT 630i Luxury Line  -2021,2018,"37,000kms",Petrol,Automatic,₹33.50 Lakh,new-delhi
Mercedes-Benz,Mercedes-Benz GLS400 4MATIC,2016,"1,35,520kms",Petrol,Automatic,₹35 Lakh,new-delhi
Porsche,Porsche 911Turbo S  -2025,2023,"4,500kms",Petrol,Automatic,₹2.31 Crore,new-delhi
Jeep,Jeep MeridianLimited Opt 4x4 AT,2024,"27,000kms",Diesel,Automatic,₹31.50 Lakh,new-delhi
Toyota,Toyota Innova HycrossG 7STR,2024,"5,000kms",Petrol,Automatic,₹22.90 Lakh,new-delhi
Mercedes-Benz,Mercedes-Benz E-ClassExclusive E 200 BSIV,2019,"1,04,000kms",Petrol,Automatic,₹27.90 Lakh,new-delhi
Mercedes-Benz,Mercedes-Benz GLC220d,2025,"20,000kms",Diesel,Automatic,₹64 Lakh,new-delhi
Mercedes-Benz,Mercedes-Benz C-ClassProgressive C 220d,2019,"54,000kms",Diesel,Automatic,₹26 Lakh,new-delhi
Mercedes-Benz,Mercedes-Benz C-ClassProgressive C 220d,2019,"1,00,000kms",Diesel,Automatic,₹21 Lakh,new-delhi
Mercedes-Benz,Mercedes-Benz E-ClassE 350 d BSIV,2018,"36,500kms",Diesel,Automatic,₹28.50 Lakh,new-delhi
Jaguar,Jaguar XE2.0L Diesel Prestige,2018,"25,000kms",Diesel,Automatic,₹27 Lakh,new-delhi
Mercedes-Benz,Mercedes-Benz C-ClassPrime C 220d,2019,"60,900kms",Diesel,Automatic,₹20.50 Lakh,new-delhi
Mercedes-Benz,Mercedes-Benz GLC300 4MATIC Sport,2017,"40,992kms",Petrol,Automatic,₹29 Lakh,new-delhi
Mercedes-Benz,Mercedes-Benz EQE SUV500 4MATIC,2023,"19,000kms",Electric,Automatic,₹85 Lakh,new-delhi
BMW,BMW 5 Series530Li,2024,"27,000kms",Petrol,Automatic,₹64 Lakh,new-delhi
Jeep,Jeep MeridianLimited Opt 4x4 AT,2024,"27,000kms",Diesel,Automatic,₹31.50 Lakh,new-delhi
BMW,BMW 6 SeriesGT 630i Luxury Line  -2021,2018,"37,000kms",Petrol,Automatic,₹33.50 Lakh,new-delhi
Jaguar,Jaguar F-PacePrestige 2.0 AWD,2019,"56,000kms",Diesel,Automatic,₹31.90 Lakh,new-delhi
Audi,Audi A335 TFSI Premium,2019,"21,000kms",Petrol,Automatic,₹18.60 Lakh,new-delhi
Mercedes-Benz,Mercedes-Benz GLS400 4MATIC,2016,"1,35,520kms",Petrol,Automatic,₹35 Lakh,new-delhi
Jaguar,Jaguar XJ2.0L Portfolio,2017,"20,000kms",Petrol,Automatic,₹48.99 Lakh,new-delhi
Jaguar,Jaguar XJ2.0L Portfolio,2017,"43,000kms",Petrol,Automatic,₹32.90 Lakh,new-delhi
Porsche,Porsche 911Turbo S  -2025,2023,"4,500kms",Petrol,Automatic,₹2.31 Crore,new-delhi
BMW,BMW 6 SeriesGT 630i Luxury Line  -2021,2018,"37,000kms",Petrol,Automatic,₹32.90 Lakh,new-delhi
Toyota,Toyota Innova HycrossG 7STR,2024,"5,000kms",Petrol,Automatic,₹22.90 Lakh,new-delhi
Mercedes-Benz,Mercedes-Benz E-ClassExclusive E 200 BSIV,2019,"1,04,000kms",Petrol,Automatic,₹27.90 Lakh,new-delhi
Mercedes-Benz,Mercedes-Benz GLC220d,2025,"20,000kms",Diesel,Automatic,₹64 Lakh,new-delhi
Toyota,Toyota Innova HycrossVX(O) 7STR Hybrid,2024,"31,000kms",Petrol,Automatic,₹30 Lakh,new-delhi
Mercedes-Benz,Mercedes-Benz E-ClassE 350 d BSIV,2018,"35,000kms",Diesel,Automatic,₹28.25 Lakh,new-delhi
Mercedes-Benz,Mercedes-Benz GLC300 4MATIC Sport,2017,"40,992kms",Petrol,Automatic,₹29 Lakh,new-delhi
Jaguar,Jaguar XE2.0L Diesel Prestige,2018,"25,000kms",Diesel,Automatic,₹27 Lakh,new-delhi
Mercedes-Benz,Mercedes-Benz C-ClassPrime C 220d,2019,"60,900kms",Diesel,Automatic,₹20.50 Lakh,new-delhi
Mercedes-Benz,Mercedes-Benz C-ClassProgressive C 220d,2019,"54,000kms",Diesel,Automatic,₹26 Lakh,new-delhi
